municipality_code,municipality_name,period,active_companies,avg_monthly_salary_brl,employed_salaried,employed_total,local_units,wages_brl_thousand
1100015,Alta Floresta D'Oeste - RO,2024,891.0,2725.24,2872.0,3855.0,908.0,106616.529
1100023,Ariquemes - RO,2024,4946.0,2978.75,19904.0,25852.0,5154.0,775073.647
1100031,Cabixi - RO,2024,212.0,3128.57,666.0,856.0,212.0,27046.11
1100049,Cacoal - RO,2024,4680.0,2823.25,20507.0,26225.0,4898.0,751151.881
1100056,Cerejeiras - RO,2024,874.0,3014.99,2775.0,3707.0,898.0,108780.587
1100064,Colorado do Oeste - RO,2024,755.0,2707.57,2290.0,3061.0,770.0,82477.039
1100072,Corumbiara - RO,2024,245.0,3526.84,1194.0,1416.0,250.0,55137.476
1100080,Costa Marques - RO,2024,384.0,2793.71,1032.0,1416.0,401.0,36931.255
1100098,Espigão D'Oeste - RO,2024,1160.0,2435.52,5008.0,6282.0,1195.0,163330.74
1100106,Guajará-Mirim - RO,2024,1451.0,2808.57,4898.0,6188.0,1531.0,171913.087
1100114,Jaru - RO,2024,2103.0,2934.65,11330.0,13676.0,2207.0,434470.568
1100122,Ji-Paraná - RO,2024,7053.0,2742.92,31698.0,40272.0,7428.0,1121982.981
1100130,Machadinho D'Oeste - RO,2024,1011.0,2419.11,3341.0,4403.0,1045.0,106782.646
1100148,Nova Brasilândia D'Oeste - RO,2024,605.0,2905.64,2070.0,2710.0,620.0,76933.202
1100155,Ouro Preto do Oeste - RO,2024,1528.0,2825.03,6134.0,7862.0,1578.0,225064.776
1100189,Pimenta Bueno - RO,2024,1964.0,2885.87,9895.0,12228.0,2033.0,379041.342
1100205,Porto Velho - RO,2024,22054.0,4700.32,181169.0,206670.0,23649.0,11050262.672
1100254,Presidente Médici - RO,2024,695.0,2567.72,3214.0,3943.0,717.0,107904.722
1100262,Rio Crespo - RO,2024,121.0,3049.07,471.0,555.0,121.0,18037.598
1100288,Rolim de Moura - RO,2024,2473.0,2639.99,13390.0,16238.0,2551.0,468103.501
1100296,Santa Luzia D'Oeste - RO,2024,204.0,2792.04,788.0,959.0,206.0,28804.182
1100304,Vilhena - RO,2024,6186.0,3073.84,27951.0,35339.0,6467.0,1140241.818
1100320,São Miguel do Guaporé - RO,2024,786.0,2726.45,3682.0,4460.0,808.0,131583.389
1100338,Nova Mamoré - RO,2024,655.0,2620.83,2333.0,2962.0,687.0,76752.526
1100346,Alvorada D'Oeste - RO,2024,452.0,2672.74,1300.0,1754.0,458.0,42772.548
1100379,Alto Alegre dos Parecis - RO,2024,296.0,3228.7,1066.0,1366.0,299.0,44998.083
1100403,Alto Paraíso - RO,2024,464.0,3139.51,1429.0,1888.0,470.0,59472.425
1100452,Buritis - RO,2024,1052.0,2685.87,3716.0,4833.0,1082.0,138337.483
1100502,Novo Horizonte do Oeste - RO,2024,246.0,2681.21,876.0,1111.0,253.0,31083.642
1100601,Cacaulândia - RO,2024,134.0,3244.74,444.0,550.0,138.0,18258.337
1100700,Campo Novo de Rondônia - RO,2024,228.0,3224.17,953.0,1161.0,235.0,38304.145
1100809,Candeias do Jamari - RO,2024,762.0,2829.94,2967.0,3725.0,777.0,106536.018
1100908,Castanheiras - RO,2024,102.0,1990.1,454.0,525.0,103.0,11651.646
1100924,Chupinguaia - RO,2024,403.0,3533.8,2461.0,2867.0,412.0,75176.51
1100940,Cujubim - RO,2024,485.0,2859.27,1659.0,2147.0,490.0,63355.172
1101005,Governador Jorge Teixeira - RO,2024,186.0,2451.79,1028.0,1182.0,194.0,33304.688
1101104,Itapuã do Oeste - RO,2024,311.0,2739.62,1467.0,1752.0,319.0,54497.145
1101203,Ministro Andreazza - RO,2024,207.0,2488.45,1203.0,1396.0,210.0,40762.124
1101302,Mirante da Serra - RO,2024,333.0,2618.84,1276.0,1618.0,347.0,44148.822
1101401,Monte Negro - RO,2024,351.0,2864.27,1386.0,1750.0,356.0,53891.392
1101435,Nova União - RO,2024,184.0,2131.45,640.0,814.0,184.0,18008.283
1101450,Parecis - RO,2024,160.0,3504.3,525.0,660.0,163.0,26396.876
1101468,Pimenteiras do Oeste - RO,2024,125.0,3608.68,426.0,529.0,126.0,20317.506
1101476,Primavera de Rondônia - RO,2024,133.0,2772.53,415.0,541.0,133.0,15747.518
1101484,São Felipe D'Oeste - RO,2024,151.0,2740.04,533.0,670.0,154.0,20711.196
1101492,São Francisco do Guaporé - RO,2024,594.0,3191.07,1737.0,2311.0,602.0,78990.257
1101500,Seringueiras - RO,2024,349.0,2578.8,1332.0,1637.0,360.0,45202.657
1101559,Teixeirópolis - RO,2024,116.0,2564.32,439.0,544.0,117.0,15720.321
1101609,Theobroma - RO,2024,188.0,2833.18,630.0,794.0,190.0,25670.666
1101708,Urupá - RO,2024,338.0,2545.44,1438.0,1785.0,342.0,50007.605
1101757,Vale do Anari - RO,2024,225.0,2589.15,750.0,944.0,226.0,25057.759
1101807,Vale do Paraíso - RO,2024,170.0,2426.52,716.0,870.0,172.0,23347.206
1200013,Acrelândia - AC,2024,355.0,3258.92,934.0,1259.0,361.0,41388.132
1200054,Assis Brasil - AC,2024,139.0,3005.01,648.0,749.0,146.0,23792.202
1200104,Brasiléia - AC,2024,868.0,2795.02,3024.0,3832.0,901.0,105146.577
1200138,Bujari - AC,2024,234.0,2282.62,1611.0,1833.0,238.0,51340.314
1200179,Capixaba - AC,2024,182.0,3613.99,612.0,773.0,184.0,28599.783
1200203,Cruzeiro do Sul - AC,2024,2811.0,2218.71,12368.0,15697.0,3074.0,372484.94
1200252,Epitaciolândia - AC,2024,677.0,2382.94,2510.0,3083.0,690.0,75996.033
1200302,Feijó - AC,2024,612.0,2599.49,2418.0,3049.0,650.0,79784.014
1200328,Jordão - AC,2024,112.0,2690.04,676.0,764.0,116.0,21611.395
1200336,Mâncio Lima - AC,2024,284.0,3482.02,1068.0,1356.0,305.0,47300.972
1200344,Manoel Urbano - AC,2024,179.0,3784.65,608.0,744.0,188.0,29520.246
1200351,Marechal Thaumaturgo - AC,2024,149.0,2634.59,795.0,931.0,156.0,41704.082
1200385,Plácido de Castro - AC,2024,315.0,2246.57,2572.0,2885.0,329.0,78542.74
1200393,Porto Walter - AC,2024,146.0,2692.42,779.0,930.0,151.0,39322.681
1200401,Rio Branco - AC,2024,14451.0,3882.24,121195.0,137439.0,15600.0,6142168.094
1200427,Rodrigues Alves - AC,2024,162.0,2306.95,1442.0,1589.0,165.0,44758.757
1200435,Santa Rosa do Purus - AC,2024,98.0,2493.73,573.0,626.0,100.0,19074.094
1200450,Senador Guiomard - AC,2024,501.0,2379.72,3162.0,3656.0,518.0,98535.78
1200500,Sena Madureira - AC,2024,958.0,2427.92,3268.0,4260.0,991.0,109987.465
1200609,Tarauacá - AC,2024,777.0,3291.0,2390.0,3227.0,814.0,109567.265
1200708,Xapuri - AC,2024,357.0,2899.46,1245.0,1563.0,370.0,47674.51
1200807,Porto Acre - AC,2024,241.0,1718.05,1128.0,1349.0,253.0,27763.263
1300029,Alvarães - AM,2024,212.0,2170.23,1869.0,2030.0,217.0,47290.979
1300060,Amaturá - AM,2024,146.0,2690.64,556.0,647.0,158.0,30102.673
1300086,Anamã - AM,2024,139.0,1889.66,629.0,720.0,144.0,15724.467
1300102,Anori - AM,2024,267.0,2784.56,1100.0,1324.0,276.0,39235.727
1300144,Apuí - AM,2024,550.0,2740.22,1229.0,1737.0,562.0,40898.978
1300201,Atalaia do Norte - AM,2024,159.0,2346.84,1997.0,2104.0,165.0,59358.107
1300300,Autazes - AM,2024,614.0,2322.7,3703.0,4274.0,660.0,101625.676
1300409,Barcelos - AM,2024,309.0,2055.62,1010.0,1308.0,329.0,27033.814
1300508,Barreirinha - AM,2024,452.0,2564.53,3607.0,3991.0,478.0,102060.471
1300607,Benjamin Constant - AM,2024,439.0,2960.79,3044.0,3423.0,466.0,112527.068
1300631,Beruri - AM,2024,270.0,2239.2,1366.0,1574.0,284.0,41188.017
1300680,Boa Vista do Ramos - AM,2024,247.0,2090.8,2295.0,2481.0,249.0,58339.205
1300706,Boca do Acre - AM,2024,707.0,1572.9,3099.0,3738.0,737.0,75344.775
1300805,Borba - AM,2024,405.0,1861.92,3810.0,4179.0,425.0,90984.55
1300839,Caapiranga - AM,2024,164.0,1829.88,1633.0,1739.0,169.0,37826.667
1300904,Canutama - AM,2024,277.0,1810.2,1675.0,1896.0,283.0,36886.665
1301001,Carauari - AM,2024,477.0,2317.65,1642.0,2080.0,504.0,52517.409
1301100,Careiro - AM,2024,528.0,1680.89,3836.0,4332.0,555.0,81846.653
1301159,Careiro da Várzea - AM,2024,180.0,2042.67,1481.0,1634.0,184.0,39184.441
1301209,Coari - AM,2024,1282.0,3346.51,9515.0,10737.0,1358.0,403282.066
1301308,Codajás - AM,2024,282.0,2500.49,1722.0,1949.0,294.0,53305.29
1301407,Eirunepé - AM,2024,486.0,2495.47,1898.0,2329.0,509.0,64780.361
1301506,Envira - AM,2024,208.0,2203.79,1372.0,1550.0,217.0,34677.998
1301605,Fonte Boa - AM,2024,333.0,2052.51,2998.0,3278.0,342.0,77960.47
1301654,Guajará - AM,2024,162.0,1580.11,613.0,737.0,166.0,12753.112
1301704,Humaitá - AM,2024,1664.0,2871.27,3693.0,5290.0,1726.0,167181.513
1301803,Ipixuna - AM,2024,157.0,1745.71,530.0,688.0,160.0,12050.16
1301852,Iranduba - AM,2024,1449.0,2682.4,6984.0,8640.0,1493.0,228830.44
1301902,Itacoatiara - AM,2024,2533.0,1700.29,10001.0,12542.0,2636.0,223110.757
1301951,Itamarati - AM,2024,169.0,1595.0,1037.0,1172.0,172.0,21012.7
1302009,Itapiranga - AM,2024,261.0,2487.77,784.0,973.0,273.0,28354.015
1302108,Japurá - AM,2024,194.0,2165.13,1537.0,1675.0,200.0,39438.591
1302207,Juruá - AM,2024,180.0,1331.94,1354.0,1483.0,196.0,23214.23
1302306,Jutaí - AM,2024,345.0,1771.21,1259.0,1542.0,355.0,28956.031
1302405,Lábrea - AM,2024,661.0,2785.98,2468.0,3065.0,686.0,85451.794
1302504,Manacapuru - AM,2024,2554.0,2117.28,9511.0,12074.0,2666.0,292485.499
1302553,Manaquiri - AM,2024,242.0,2707.19,1008.0,1190.0,254.0,47169.058
1302603,Manaus - AM,2024,77108.0,3937.71,599717.0,692491.0,84572.0,30430052.422
1302702,Manicoré - AM,2024,1017.0,2063.21,5157.0,6152.0,1068.0,134726.502
1302801,Maraã - AM,2024,183.0,810.66,1653.0,1795.0,187.0,17147.587
1302900,Maués - AM,2024,869.0,1883.46,3357.0,4199.0,911.0,84068.309
1303007,Nhamundá - AM,2024,260.0,1998.1,1732.0,1922.0,276.0,47464.935
1303106,Nova Olinda do Norte - AM,2024,345.0,1986.25,2443.0,2742.0,358.0,71031.505
1303205,Novo Airão - AM,2024,389.0,2415.42,2029.0,2400.0,398.0,63540.293
1303304,Novo Aripuanã - AM,2024,357.0,2213.67,1645.0,1949.0,365.0,45375.009
1303403,Parintins - AM,2024,2104.0,2163.64,8872.0,11097.0,2239.0,264362.583
1303502,Pauini - AM,2024,206.0,2081.41,1458.0,1623.0,212.0,45343.994
1303536,Presidente Figueiredo - AM,2024,883.0,4032.29,4813.0,5691.0,923.0,324978.605
1303569,Rio Preto da Eva - AM,2024,653.0,2388.95,2209.0,2854.0,668.0,70730.44
1303601,Santa Isabel do Rio Negro - AM,2024,160.0,1545.11,1280.0,1391.0,169.0,25669.987
1303700,Santo Antônio do Içá - AM,2024,254.0,1376.17,2674.0,2863.0,281.0,47268.869
1303809,São Gabriel da Cachoeira - AM,2024,589.0,1493.39,2615.0,3171.0,632.0,51303.764
1303908,São Paulo de Olivença - AM,2024,257.0,2791.38,2755.0,2974.0,275.0,93937.884
1303957,São Sebastião do Uatumã - AM,2024,186.0,2172.48,743.0,880.0,192.0,20187.829
1304005,Silves - AM,2024,240.0,4568.36,1155.0,1326.0,247.0,68454.89
1304062,Tabatinga - AM,2024,1032.0,1906.61,6413.0,7412.0,1106.0,156828.379
1304104,Tapauá - AM,2024,230.0,1745.34,2032.0,2227.0,240.0,46143.319
1304203,Tefé - AM,2024,1620.0,1643.54,10808.0,12390.0,1699.0,220378.439
1304237,Tonantins - AM,2024,220.0,906.73,2731.0,2901.0,229.0,30835.249
1304260,Uarini - AM,2024,219.0,1622.25,675.0,823.0,224.0,14293.243
1304302,Urucará - AM,2024,373.0,2091.3,1152.0,1468.0,381.0,38089.883
1304401,Urucurituba - AM,2024,272.0,1831.68,1771.0,1987.0,280.0,37751.953
1400027,Amajari - RR,2024,130.0,2263.39,793.0,896.0,135.0,22103.683
1400050,Alto Alegre - RR,2024,223.0,1982.52,1131.0,1301.0,230.0,28835.917
1400100,Boa Vista - RR,2024,15108.0,3916.31,126285.0,144015.0,16476.0,6426132.428
1400159,Bonfim - RR,2024,261.0,3002.98,1275.0,1514.0,267.0,47268.085
1400175,Cantá - RR,2024,359.0,2547.0,1584.0,1917.0,368.0,53993.394
1400209,Caracaraí - RR,2024,416.0,2145.85,1565.0,1975.0,435.0,47054.567
1400233,Caroebe - RR,2024,208.0,2365.9,659.0,841.0,212.0,24805.235
1400282,Iracema - RR,2024,165.0,2164.67,982.0,1122.0,169.0,34477.925
1400308,Mucajaí - RR,2024,345.0,2662.92,1424.0,1745.0,358.0,50029.163
1400407,Normandia - RR,2024,106.0,1340.48,1655.0,1726.0,108.0,30922.626
1400456,Pacaraima - RR,2024,346.0,1936.7,1933.0,2235.0,369.0,46980.19
1400472,Rorainópolis - RR,2024,867.0,2005.17,4174.0,5014.0,898.0,113847.022
1400506,São João da Baliza - RR,2024,223.0,2094.22,1285.0,1449.0,229.0,39798.633
1400605,São Luiz do Anauá - RR,2024,201.0,2210.51,606.0,770.0,201.0,22436.448
1400704,Uiramutã - RR,2024,95.0,2304.84,697.0,754.0,96.0,20118.64
1500107,Abaetetuba - PA,2024,2635.0,2548.93,15767.0,18658.0,2775.0,513244.837
1500131,Abel Figueiredo - PA,2024,149.0,2657.52,758.0,880.0,151.0,27447.509
1500206,Acará - PA,2024,585.0,3084.4,6143.0,6716.0,595.0,239944.124
1500305,Afuá - PA,2024,276.0,3250.97,2817.0,3056.0,285.0,117459.478
1500347,Água Azul do Norte - PA,2024,409.0,3556.56,3669.0,4061.0,418.0,179264.735
1500404,Alenquer - PA,2024,793.0,3164.08,3697.0,4454.0,817.0,147928.25
1500503,Almeirim - PA,2024,792.0,3104.36,5368.0,6138.0,846.0,212935.461
1500602,Altamira - PA,2024,4480.0,3034.95,20783.0,25765.0,4676.0,827359.61
1500701,Anajás - PA,2024,348.0,3096.28,3011.0,3334.0,362.0,110847.351
1500800,Ananindeua - PA,2024,12501.0,2608.94,81183.0,95104.0,13160.0,2756830.091
1500859,Anapu - PA,2024,829.0,2738.48,2894.0,3708.0,838.0,108048.984
1500909,Augusto Corrêa - PA,2024,373.0,2339.54,4037.0,4389.0,378.0,120657.744
1500958,Aurora do Pará - PA,2024,282.0,2808.99,1708.0,1965.0,285.0,63609.006
1501006,Aveiro - PA,2024,177.0,2692.62,1083.0,1231.0,182.0,43247.232
1501105,Bagre - PA,2024,208.0,1772.69,747.0,928.0,212.0,17380.052
1501204,Baião - PA,2024,439.0,2985.75,2824.0,3230.0,448.0,106100.339
1501253,Bannach - PA,2024,121.0,2613.01,530.0,626.0,123.0,17733.893
1501303,Barcarena - PA,2024,3231.0,3531.59,35311.0,38633.0,3379.0,1636781.208
1501402,Belém - PA,2024,44211.0,4479.91,439013.0,495443.0,47969.0,25281015.317
1501451,Belterra - PA,2024,330.0,2440.36,2022.0,2366.0,338.0,63491.586
1501501,Benevides - PA,2024,1736.0,2642.13,16224.0,18017.0,1813.0,551020.69
1501576,Bom Jesus do Tocantins - PA,2024,346.0,2748.52,1753.0,2084.0,349.0,62716.718
1501600,Bonito - PA,2024,144.0,1816.4,1288.0,1404.0,148.0,30162.875
1501709,Bragança - PA,2024,1835.0,2665.16,11934.0,13862.0,1935.0,407534.311
1501725,Brasil Novo - PA,2024,449.0,1785.23,2006.0,2443.0,453.0,45709.664
1501758,Brejo Grande do Araguaia - PA,2024,171.0,2264.54,713.0,847.0,172.0,21180.19
1501782,Breu Branco - PA,2024,741.0,3550.19,3645.0,4382.0,758.0,181051.998
1501808,Breves - PA,2024,1494.0,2372.76,10603.0,12166.0,1531.0,319957.995
1501907,Bujaru - PA,2024,258.0,2857.08,1429.0,1648.0,267.0,66888.297
1501956,Cachoeira do Piriá - PA,2024,229.0,2399.14,1741.0,1968.0,232.0,53877.346
1502004,Cachoeira do Arari - PA,2024,224.0,2331.97,1803.0,1983.0,229.0,55654.21
1502103,Cametá - PA,2024,1433.0,3593.41,8589.0,10117.0,1489.0,397364.67
1502152,Canaã dos Carajás - PA,2024,3671.0,4571.74,34724.0,38806.0,3761.0,2001757.218
1502202,Capanema - PA,2024,2114.0,2366.31,9934.0,12206.0,2190.0,311700.989
1502301,Capitão Poço - PA,2024,2007.0,1623.74,6472.0,8514.0,2031.0,132580.287
1502400,Castanhal - PA,2024,6723.0,2323.41,43276.0,51061.0,6998.0,1261531.91
1502509,Chaves - PA,2024,128.0,2002.43,2840.0,2960.0,135.0,69101.342
1502608,Colares - PA,2024,180.0,2467.25,1018.0,1151.0,181.0,31905.827
1502707,Conceição do Araguaia - PA,2024,1408.0,2628.55,5941.0,7696.0,1462.0,204976.659
1502756,Concórdia do Pará - PA,2024,524.0,2659.1,4618.0,5101.0,528.0,157244.466
1502764,Cumaru do Norte - PA,2024,312.0,3139.49,1409.0,1699.0,320.0,57977.344
1502772,Curionópolis - PA,2024,576.0,3514.09,3653.0,4218.0,585.0,168058.723
1502806,Curralinho - PA,2024,266.0,3563.85,2704.0,2920.0,270.0,121916.137
1502855,Curuá - PA,2024,170.0,2716.54,1153.0,1280.0,172.0,41655.418
1502905,Curuçá - PA,2024,513.0,2607.6,4035.0,4571.0,529.0,132765.285
1502939,Dom Eliseu - PA,2024,1409.0,2622.16,6517.0,7938.0,1436.0,223821.01
1502954,Eldorado do Carajás - PA,2024,681.0,2369.84,2965.0,3646.0,691.0,89512.802
1503002,Faro - PA,2024,119.0,2075.96,1078.0,1165.0,127.0,41150.15
1503044,Floresta do Araguaia - PA,2024,486.0,2456.32,2031.0,2524.0,493.0,64119.224
1503077,Garrafão do Norte - PA,2024,341.0,2172.84,2913.0,3218.0,344.0,83898.85
1503093,Goianésia do Pará - PA,2024,673.0,2828.43,3282.0,3917.0,690.0,120016.454
1503101,Gurupá - PA,2024,455.0,2217.72,4823.0,5262.0,460.0,133509.524
1503200,Igarapé-Açu - PA,2024,640.0,2286.89,2674.0,3336.0,665.0,90820.863
1503309,Igarapé-Miri - PA,2024,955.0,3291.56,4384.0,5368.0,973.0,180611.407
1503408,Inhangapi - PA,2024,158.0,2125.05,837.0,971.0,159.0,21319.565
1503457,Ipixuna do Pará - PA,2024,512.0,2717.19,4651.0,5175.0,519.0,161083.069
1503507,Irituia - PA,2024,293.0,2432.47,2406.0,2683.0,299.0,75955.776
1503606,Itaituba - PA,2024,4874.0,3286.28,19521.0,24819.0,5086.0,851886.379
1503705,Itupiranga - PA,2024,749.0,2769.55,3917.0,4666.0,757.0,167691.235
1503754,Jacareacanga - PA,2024,436.0,3648.09,2013.0,2440.0,444.0,94458.569
1503804,Jacundá - PA,2024,921.0,2783.62,4462.0,5469.0,933.0,159365.823
1503903,Juruti - PA,2024,829.0,4230.59,9928.0,10735.0,864.0,513693.733
1504000,Limoeiro do Ajuru - PA,2024,248.0,2983.71,2128.0,2355.0,253.0,79309.787
1504059,Mãe do Rio - PA,2024,857.0,2815.87,3383.0,4250.0,871.0,122300.014
1504109,Magalhães Barata - PA,2024,98.0,1660.53,1082.0,1131.0,99.0,22892.314
1504208,Marabá - PA,2024,10554.0,3535.02,63413.0,75379.0,11177.0,2877155.695
1504307,Maracanã - PA,2024,243.0,2164.7,2911.0,3152.0,248.0,106924.85
1504406,Marapanim - PA,2024,377.0,1838.75,2238.0,2583.0,382.0,53128.392
1504422,Marituba - PA,2024,2346.0,2881.81,21193.0,23650.0,2411.0,775296.917
1504455,Medicilândia - PA,2024,479.0,2593.92,2275.0,2773.0,488.0,76947.118
1504505,Melgaço - PA,2024,219.0,2574.91,3116.0,3276.0,220.0,102113.9
1504604,Mocajuba - PA,2024,470.0,3359.29,2276.0,2709.0,479.0,101368.595
1504703,Moju - PA,2024,1152.0,2492.48,10811.0,12009.0,1181.0,359052.255
1504752,Mojuí dos Campos - PA,2024,346.0,2719.05,1748.0,2070.0,349.0,62233.185
1504802,Monte Alegre - PA,2024,992.0,3313.81,3988.0,5009.0,1043.0,165113.54
1504901,Muaná - PA,2024,352.0,2658.65,2588.0,2925.0,368.0,83028.047
1504950,Nova Esperança do Piriá - PA,2024,240.0,2675.86,1589.0,1811.0,244.0,53208.263
1504976,Nova Ipixuna - PA,2024,248.0,2871.95,1405.0,1639.0,250.0,49802.799
1505007,Nova Timboteua - PA,2024,187.0,2029.59,1352.0,1503.0,192.0,35633.832
1505031,Novo Progresso - PA,2024,1751.0,2667.37,6013.0,7885.0,1792.0,203061.473
1505064,Novo Repartimento - PA,2024,1136.0,3161.88,4410.0,5647.0,1181.0,209818.594
1505106,Óbidos - PA,2024,735.0,2417.72,6511.0,7258.0,772.0,200935.816
1505205,Oeiras do Pará - PA,2024,307.0,3302.7,2551.0,2818.0,313.0,102578.083
1505304,Oriximiná - PA,2024,1136.0,4479.31,8456.0,9635.0,1207.0,513711.041
1505403,Ourém - PA,2024,262.0,2363.37,1135.0,1379.0,266.0,34582.998
1505437,Ourilândia do Norte - PA,2024,956.0,3663.46,5983.0,6949.0,965.0,287228.806
1505486,Pacajá - PA,2024,786.0,2621.31,3303.0,4086.0,796.0,108799.86
1505494,Palestina do Pará - PA,2024,144.0,2957.84,600.0,719.0,145.0,21946.794
1505502,Paragominas - PA,2024,4103.0,3428.78,22924.0,27619.0,4295.0,1018344.245
1505536,Parauapebas - PA,2024,10627.0,4191.19,76429.0,88113.0,11056.0,4241582.612
1505551,Pau D'Arco - PA,2024,258.0,2767.29,557.0,807.0,262.0,26728.574
1505601,Peixe-Boi - PA,2024,129.0,2208.3,990.0,1096.0,129.0,29369.312
1505635,Piçarra - PA,2024,275.0,1711.73,1678.0,1932.0,281.0,44946.812
1505650,Placas - PA,2024,358.0,3047.03,1663.0,2021.0,364.0,66094.437
1505700,Ponta de Pedras - PA,2024,276.0,3173.5,951.0,1193.0,285.0,39262.474
1505809,Portel - PA,2024,899.0,1924.99,8385.0,9269.0,925.0,199164.906
1505908,Porto de Moz - PA,2024,459.0,2764.48,3452.0,3887.0,470.0,117504.963
1506005,Prainha - PA,2024,397.0,2658.53,2741.0,3116.0,431.0,95733.176
1506104,Primavera - PA,2024,188.0,2707.42,1246.0,1408.0,191.0,42881.892
1506112,Quatipuru - PA,2024,156.0,2481.04,796.0,910.0,157.0,25447.02
1506138,Redenção - PA,2024,4217.0,2617.88,18445.0,23472.0,4360.0,663303.832
1506161,Rio Maria - PA,2024,581.0,2418.58,3896.0,4533.0,592.0,121943.072
1506187,Rondon do Pará - PA,2024,1033.0,3127.85,3765.0,4944.0,1048.0,159441.34
1506195,Rurópolis - PA,2024,643.0,3018.18,2728.0,3351.0,668.0,110987.381
1506203,Salinópolis - PA,2024,1317.0,2004.9,6089.0,7328.0,1377.0,150623.368
1506302,Salvaterra - PA,2024,376.0,1918.5,1886.0,2242.0,385.0,50467.137
1506351,Santa Bárbara do Pará - PA,2024,342.0,1852.94,2713.0,3089.0,348.0,64089.948
1506401,Santa Cruz do Arari - PA,2024,77.0,2162.82,968.0,1023.0,77.0,27199.197
1506500,Santa Izabel do Pará - PA,2024,1468.0,2419.56,12677.0,14197.0,1517.0,388522.579
1506559,Santa Luzia do Pará - PA,2024,266.0,2350.51,1829.0,2086.0,269.0,55358.454
1506583,Santa Maria das Barreiras - PA,2024,575.0,2770.36,2671.0,3306.0,599.0,87660.772
1506609,Santa Maria do Pará - PA,2024,651.0,2252.39,2656.0,3304.0,668.0,74293.359
1506708,Santana do Araguaia - PA,2024,1356.0,2700.22,5472.0,6865.0,1389.0,192368.409
1506807,Santarém - PA,2024,11116.0,2887.72,50968.0,64200.0,11904.0,1895257.097
1506906,Santarém Novo - PA,2024,97.0,2495.48,754.0,816.0,97.0,23654.242
1507003,Santo Antônio do Tauá - PA,2024,435.0,2154.87,3940.0,4362.0,448.0,108215.005
1507102,São Caetano de Odivelas - PA,2024,240.0,2833.25,1286.0,1479.0,243.0,51051.335
1507151,São Domingos do Araguaia - PA,2024,512.0,2245.7,2755.0,3271.0,520.0,79027.937
1507201,São Domingos do Capim - PA,2024,339.0,2438.1,2291.0,2609.0,345.0,76220.881
1507300,São Félix do Xingu - PA,2024,1587.0,3520.41,6973.0,8745.0,1648.0,325248.023
1507409,São Francisco do Pará - PA,2024,247.0,2684.7,952.0,1192.0,251.0,46200.301
1507458,São Geraldo do Araguaia - PA,2024,700.0,2805.85,3626.0,4327.0,718.0,132401.886
1507466,São João da Ponta - PA,2024,87.0,2399.54,450.0,503.0,89.0,13957.787
1507474,São João de Pirabas - PA,2024,238.0,2024.9,1857.0,2052.0,247.0,48193.061
1507508,São João do Araguaia - PA,2024,171.0,2999.04,694.0,830.0,172.0,42122.074
1507607,São Miguel do Guamá - PA,2024,1075.0,1961.83,8241.0,9385.0,1099.0,204853.587
1507706,São Sebastião da Boa Vista - PA,2024,300.0,3138.33,1956.0,2244.0,310.0,76544.54
1507755,Sapucaia - PA,2024,143.0,1718.01,422.0,529.0,147.0,10086.558
1507805,Senador José Porfírio - PA,2024,304.0,2458.3,979.0,1251.0,308.0,39017.01
1507904,Soure - PA,2024,455.0,2335.45,2118.0,2579.0,466.0,63135.7
1507953,Tailândia - PA,2024,1939.0,2176.53,13896.0,15983.0,1980.0,397708.279
1507961,Terra Alta - PA,2024,157.0,2584.13,822.0,949.0,157.0,32743.391
1507979,Terra Santa - PA,2024,492.0,2823.49,1822.0,2285.0,510.0,70077.453
1508001,Tomé-Açu - PA,2024,1820.0,2475.0,11905.0,13846.0,1887.0,386288.564
1508035,Tracuateua - PA,2024,241.0,2920.7,1878.0,2107.0,244.0,68783.338
1508050,Trairão - PA,2024,475.0,2990.07,1774.0,2247.0,487.0,69737.498
1508084,Tucumã - PA,2024,1445.0,2799.46,7228.0,8824.0,1467.0,292918.689
1508100,Tucuruí - PA,2024,2264.0,2877.08,14353.0,16898.0,2361.0,527949.838
1508126,Ulianópolis - PA,2024,681.0,2671.88,5303.0,6026.0,694.0,187119.307
1508159,Uruará - PA,2024,989.0,3070.38,3788.0,4773.0,1019.0,145484.376
1508209,Vigia - PA,2024,806.0,2627.9,3229.0,4034.0,832.0,106694.631
1508308,Viseu - PA,2024,419.0,2005.47,5581.0,5951.0,438.0,142217.885
1508357,Vitória do Xingu - PA,2024,391.0,3520.78,5316.0,5664.0,403.0,214998.668
1508407,Xinguara - PA,2024,2314.0,2700.21,9008.0,11524.0,2365.0,363173.976
1600055,Serra do Navio - AP,2024,115.0,2578.6,640.0,709.0,116.0,25124.298
1600105,Amapá - AP,2024,154.0,1849.13,972.0,1070.0,160.0,22477.143
1600154,Pedra Branca do Amapari - AP,2024,264.0,3910.3,1160.0,1383.0,273.0,59793.303
1600204,Calçoene - AP,2024,342.0,1899.38,1583.0,1877.0,356.0,35110.451
1600212,Cutias - AP,2024,88.0,1955.85,426.0,471.0,92.0,11178.557
1600238,Ferreira Gomes - AP,2024,153.0,3580.2,1087.0,1199.0,158.0,47336.178
1600253,Itaubal - AP,2024,107.0,2548.61,642.0,718.0,110.0,20543.142
1600279,Laranjal do Jari - AP,2024,932.0,3040.74,3787.0,4687.0,957.0,147103.749
1600303,Macapá - AP,2024,16551.0,3920.25,134740.0,153910.0,17972.0,6560355.723
1600402,Mazagão - AP,2024,448.0,3210.28,1443.0,1866.0,459.0,73249.226
1600501,Oiapoque - AP,2024,1037.0,1806.83,3009.0,4020.0,1100.0,68888.358
1600535,Porto Grande - AP,2024,476.0,3051.16,2059.0,2502.0,487.0,95354.708
1600550,Pracuúba - AP,2024,64.0,2383.31,314.0,339.0,65.0,9851.356
1600600,Santana - AP,2024,3255.0,2608.87,13823.0,17244.0,3447.0,462889.224
1600709,Tartarugalzinho - AP,2024,223.0,3815.5,868.0,1069.0,227.0,41333.39
1600808,Vitória do Jari - AP,2024,366.0,2780.58,1166.0,1501.0,376.0,54464.316
1700251,Abreulândia - TO,2024,89.0,2455.39,281.0,353.0,90.0,10418.702
1700301,Aguiarnópolis - TO,2024,131.0,2246.25,1642.0,1738.0,131.0,50031.778
1700350,Aliança do Tocantins - TO,2024,219.0,2353.58,733.0,947.0,224.0,21575.476
1700400,Almas - TO,2024,262.0,3366.55,1449.0,1714.0,267.0,68541.484
1700707,Alvorada - TO,2024,637.0,2556.92,2000.0,2740.0,648.0,65729.425
1701002,Ananás - TO,2024,310.0,2174.26,808.0,1095.0,323.0,25290.154
1701051,Angico - TO,2024,96.0,2382.32,321.0,386.0,97.0,9836.438
1701101,Aparecida do Rio Negro - TO,2024,192.0,2200.66,562.0,762.0,194.0,17519.014
1701309,Aragominas - TO,2024,120.0,1856.69,351.0,445.0,121.0,10088.554
1701903,Araguacema - TO,2024,178.0,2144.68,584.0,731.0,185.0,18710.009
1702000,Araguaçu - TO,2024,416.0,2594.3,1094.0,1472.0,434.0,37536.924
1702109,Araguaína - TO,2024,9572.0,3044.66,44444.0,56227.0,10157.0,1748765.82
1702158,Araguanã - TO,2024,127.0,2823.73,276.0,380.0,128.0,15093.782
1702208,Araguatins - TO,2024,938.0,2348.04,2298.0,3293.0,960.0,84298.682
1702307,Arapoema - TO,2024,232.0,2698.54,466.0,678.0,238.0,17507.52
1702406,Arraias - TO,2024,276.0,2760.86,940.0,1191.0,286.0,34715.386
1702554,Augustinópolis - TO,2024,732.0,2235.11,2201.0,2967.0,748.0,63388.171
1702703,Aurora do Tocantins - TO,2024,101.0,2373.56,272.0,345.0,104.0,8076.004
1702901,Axixá do Tocantins - TO,2024,227.0,2410.31,955.0,1148.0,229.0,30152.153
1703008,Babaçulândia - TO,2024,175.0,2300.37,957.0,1109.0,177.0,27599.184
1703057,Bandeirantes do Tocantins - TO,2024,113.0,2997.81,837.0,912.0,114.0,32642.947
1703073,Barra do Ouro - TO,2024,116.0,1898.43,304.0,386.0,119.0,11801.547
1703107,Barrolândia - TO,2024,201.0,2164.79,653.0,858.0,202.0,18343.093
1703206,Bernardo Sayão - TO,2024,113.0,2628.34,388.0,487.0,114.0,18332.361
1703305,Bom Jesus do Tocantins - TO,2024,97.0,2462.11,255.0,352.0,97.0,12029.037
1703602,Brasilândia do Tocantins - TO,2024,61.0,2137.54,282.0,318.0,63.0,8974.988
1703701,Brejinho de Nazaré - TO,2024,203.0,2531.21,401.0,561.0,205.0,19117.553
1703800,Buriti do Tocantins - TO,2024,186.0,2200.4,781.0,938.0,190.0,21934.137
1703826,Cachoeirinha - TO,2024,80.0,2107.3,347.0,401.0,80.0,9191.275
1703842,Campos Lindos - TO,2024,262.0,2675.87,992.0,1280.0,270.0,41171.761
1703867,Cariri do Tocantins - TO,2024,189.0,3357.19,1524.0,1707.0,201.0,66561.952
1703883,Carmolândia - TO,2024,92.0,2543.84,354.0,405.0,92.0,12950.19
1703891,Carrasco Bonito - TO,2024,76.0,2239.19,201.0,240.0,76.0,6730.104
1703909,Caseara - TO,2024,182.0,3273.22,968.0,1114.0,185.0,44119.901
1704105,Centenário - TO,2024,69.0,2092.62,271.0,316.0,70.0,7171.246
1704600,Chapada de Areia - TO,2024,47.0,1562.57,221.0,245.0,47.0,6256.922
1705102,Chapada da Natividade - TO,2024,104.0,2230.64,430.0,521.0,104.0,13226.707
1705508,Colinas do Tocantins - TO,2024,1565.0,2677.03,4662.0,6355.0,1614.0,172920.861
1705557,Combinado - TO,2024,148.0,2248.77,463.0,598.0,152.0,14088.478
1705607,Conceição do Tocantins - TO,2024,133.0,2195.64,334.0,457.0,135.0,13750.445
1706001,Couto Magalhães - TO,2024,173.0,2720.44,680.0,833.0,178.0,24844.037
1706100,Cristalândia - TO,2024,276.0,2059.2,841.0,1098.0,283.0,22727.609
1706258,Crixás do Tocantins - TO,2024,70.0,2460.35,179.0,227.0,71.0,9478.942
1706506,Darcinópolis - TO,2024,218.0,2099.46,982.0,1159.0,223.0,28226.162
1707009,Dianópolis - TO,2024,828.0,3101.8,2298.0,3238.0,859.0,95404.315
1707108,Divinópolis do Tocantins - TO,2024,348.0,2350.72,1214.0,1562.0,354.0,40327.605
1707207,Dois Irmãos do Tocantins - TO,2024,199.0,2096.77,621.0,789.0,203.0,16711.372
1707306,Dueré - TO,2024,151.0,2474.56,487.0,618.0,155.0,22586.974
1707405,Esperantina - TO,2024,159.0,2505.56,407.0,533.0,160.0,19567.178
1707553,Fátima - TO,2024,158.0,2203.43,425.0,552.0,163.0,17114.543
1707652,Figueirópolis - TO,2024,196.0,2462.75,542.0,708.0,200.0,19368.551
1707702,Filadélfia - TO,2024,166.0,2319.2,654.0,783.0,171.0,19994.94
1708205,Formoso do Araguaia - TO,2024,873.0,2672.81,2773.0,3791.0,897.0,97550.53
1708254,Tabocão - TO,2024,139.0,2612.52,635.0,750.0,149.0,23435.688
1708304,Goianorte - TO,2024,164.0,2247.56,660.0,806.0,166.0,18729.225
1709005,Goiatins - TO,2024,254.0,2955.76,814.0,1083.0,265.0,36897.443
1709302,Guaraí - TO,2024,1140.0,2652.97,3446.0,4688.0,1173.0,124878.737
1709500,Gurupi - TO,2024,5134.0,2800.02,20659.0,26938.0,5375.0,783168.142
1709807,Ipueiras - TO,2024,78.0,2453.2,195.0,235.0,78.0,6700.739
1710508,Itacajá - TO,2024,153.0,2851.81,458.0,590.0,156.0,19126.594
1710706,Itaguatins - TO,2024,122.0,2963.44,366.0,438.0,124.0,16694.275
1710904,Itapiratins - TO,2024,100.0,2465.16,300.0,392.0,102.0,10084.9
1711100,Itaporã do Tocantins - TO,2024,63.0,2471.68,205.0,245.0,64.0,7868.439
1711506,Jaú do Tocantins - TO,2024,125.0,2764.91,417.0,530.0,132.0,14865.268
1711803,Juarina - TO,2024,76.0,2358.38,282.0,323.0,78.0,10117.762
1711902,Lagoa da Confusão - TO,2024,745.0,2992.25,2788.0,3615.0,768.0,115003.583
1711951,Lagoa do Tocantins - TO,2024,128.0,2106.64,430.0,541.0,129.0,11371.348
1712009,Lajeado - TO,2024,224.0,2224.15,573.0,787.0,225.0,19725.422
1712157,Lavandeira - TO,2024,58.0,2086.92,221.0,257.0,59.0,5927.357
1712405,Lizarda - TO,2024,104.0,2276.48,140.0,214.0,105.0,8765.824
1712454,Luzinópolis - TO,2024,95.0,1875.63,457.0,522.0,97.0,11384.756
1712504,Marianópolis do Tocantins - TO,2024,205.0,2552.35,674.0,859.0,207.0,30048.307
1712702,Mateiros - TO,2024,145.0,2305.88,412.0,545.0,146.0,12856.913
1712801,Maurilândia do Tocantins - TO,2024,84.0,2311.93,268.0,322.0,86.0,12031.359
1713205,Miracema do Tocantins - TO,2024,764.0,2785.74,2121.0,2926.0,786.0,85953.566
1713304,Miranorte - TO,2024,540.0,2516.18,1785.0,2368.0,555.0,61692.113
1713601,Monte do Carmo - TO,2024,197.0,2632.93,466.0,675.0,201.0,22559.416
1713700,Monte Santo do Tocantins - TO,2024,98.0,2348.57,300.0,368.0,100.0,9188.106
1713809,Palmeiras do Tocantins - TO,2024,126.0,2455.3,350.0,472.0,128.0,17363.896
1713957,Muricilândia - TO,2024,90.0,2064.1,358.0,422.0,90.0,11971.939
1714203,Natividade - TO,2024,431.0,2831.56,1308.0,1730.0,442.0,47475.611
1714302,Nazaré - TO,2024,93.0,2140.46,333.0,406.0,94.0,10718.275
1714880,Nova Olinda - TO,2024,315.0,2755.11,1583.0,1896.0,323.0,60237.539
1715002,Nova Rosalândia - TO,2024,113.0,2525.88,306.0,435.0,117.0,10797.593
1715101,Novo Acordo - TO,2024,181.0,2303.67,708.0,851.0,185.0,20765.453
1715150,Novo Alegre - TO,2024,65.0,1762.73,254.0,291.0,65.0,5845.749
1715259,Novo Jardim - TO,2024,72.0,2259.94,292.0,346.0,72.0,8834.615
1715507,Oliveira de Fátima - TO,2024,57.0,2190.49,283.0,311.0,57.0,8206.335
1715705,Palmeirante - TO,2024,170.0,2765.99,762.0,888.0,183.0,29823.776
1715754,Palmeirópolis - TO,2024,398.0,2327.58,993.0,1402.0,405.0,34279.939
1716109,Paraíso do Tocantins - TO,2024,3116.0,2578.38,10875.0,14601.0,3235.0,370655.863
1716208,Paranã - TO,2024,282.0,2399.15,1244.0,1503.0,286.0,37719.914
1716307,Pau D'Arco - TO,2024,120.0,2559.45,381.0,473.0,120.0,13170.045
1716505,Pedro Afonso - TO,2024,626.0,3119.51,2773.0,3463.0,647.0,117035.266
1716604,Peixe - TO,2024,343.0,2671.95,889.0,1258.0,358.0,32325.37
1716653,Pequizeiro - TO,2024,135.0,2340.33,398.0,505.0,137.0,15408.054
1716703,Colméia - TO,2024,342.0,2263.99,912.0,1219.0,345.0,27031.986
1717008,Pindorama do Tocantins - TO,2024,141.0,2512.91,416.0,519.0,145.0,14439.508
1717206,Piraquê - TO,2024,94.0,2410.41,327.0,391.0,96.0,14521.097
1717503,Pium - TO,2024,231.0,2286.81,991.0,1218.0,237.0,30204.455
1717800,Ponte Alta do Bom Jesus - TO,2024,119.0,2201.05,452.0,565.0,122.0,11909.596
1717909,Ponte Alta do Tocantins - TO,2024,250.0,2421.49,773.0,1016.0,254.0,23301.377
1718006,Porto Alegre do Tocantins - TO,2024,112.0,2055.24,181.0,284.0,113.0,8031.467
1718204,Porto Nacional - TO,2024,3453.0,2996.8,16031.0,20000.0,3673.0,624296.064
1718303,Praia Norte - TO,2024,142.0,2493.76,340.0,449.0,143.0,11181.266
1718402,Presidente Kennedy - TO,2024,139.0,2216.66,420.0,564.0,142.0,12257.696
1718451,Pugmil - TO,2024,89.0,2350.83,489.0,570.0,89.0,15178.651
1718501,Recursolândia - TO,2024,87.0,2196.63,256.0,320.0,89.0,10815.096
1718550,Riachinho - TO,2024,93.0,2134.3,318.0,386.0,94.0,10543.186
1718659,Rio da Conceição - TO,2024,54.0,2133.83,386.0,418.0,54.0,13358.394
1718709,Rio dos Bois - TO,2024,85.0,1992.12,393.0,446.0,85.0,9052.235
1718758,Rio Sono - TO,2024,161.0,2509.45,439.0,585.0,164.0,17162.259
1718808,Sampaio - TO,2024,96.0,2366.61,436.0,496.0,96.0,12648.507
1718840,Sandolândia - TO,2024,139.0,2144.03,462.0,580.0,140.0,12420.799
1718865,Santa Fé do Araguaia - TO,2024,334.0,2703.18,572.0,882.0,341.0,20925.608
1718881,Santa Maria do Tocantins - TO,2024,84.0,2277.4,225.0,282.0,85.0,10150.194
1718899,Santa Rita do Tocantins - TO,2024,126.0,2223.97,363.0,471.0,127.0,11298.075
1718907,Santa Rosa do Tocantins - TO,2024,159.0,2520.04,647.0,806.0,160.0,21574.808
1719004,Santa Tereza do Tocantins - TO,2024,97.0,1974.64,404.0,499.0,99.0,10437.805
1720002,Santa Terezinha do Tocantins - TO,2024,68.0,2055.65,147.0,186.0,70.0,6891.978
1720101,São Bento do Tocantins - TO,2024,120.0,1519.3,784.0,882.0,121.0,15144.193
1720150,São Félix do Tocantins - TO,2024,108.0,2061.69,326.0,421.0,108.0,8887.535
1720200,São Miguel do Tocantins - TO,2024,204.0,2205.73,1024.0,1185.0,208.0,28523.388
1720259,São Salvador do Tocantins - TO,2024,95.0,2292.0,384.0,446.0,98.0,11518.857
1720309,São Sebastião do Tocantins - TO,2024,89.0,2144.42,300.0,360.0,89.0,12366.718
1720499,São Valério - TO,2024,155.0,2142.22,608.0,748.0,157.0,16575.652
1720655,Silvanópolis - TO,2024,215.0,2406.73,648.0,865.0,216.0,21606.488
1720804,Sítio Novo do Tocantins - TO,2024,179.0,1931.14,995.0,1138.0,182.0,25012.418
1720853,Sucupira - TO,2024,61.0,2073.76,282.0,315.0,61.0,7765.498
1720903,Taguatinga - TO,2024,422.0,2371.99,1306.0,1752.0,434.0,43693.225
1720937,Taipas do Tocantins - TO,2024,56.0,1894.79,248.0,291.0,56.0,6825.613
1720978,Talismã - TO,2024,104.0,2648.04,335.0,408.0,105.0,13145.331
1721000,Palmas - TO,2024,23664.0,4261.07,181604.0,211191.0,24708.0,9847146.268
1721109,Tocantínia - TO,2024,165.0,2350.27,760.0,913.0,166.0,21797.758
1721208,Tocantinópolis - TO,2024,647.0,2635.94,3163.0,3867.0,665.0,109632.567
1721257,Tupirama - TO,2024,60.0,2233.03,116.0,148.0,63.0,9236.858
1721307,Tupiratins - TO,2024,64.0,2082.56,298.0,341.0,64.0,7984.459
1722081,Wanderlândia - TO,2024,227.0,2604.15,722.0,913.0,230.0,24523.478
1722107,Xambioá - TO,2024,415.0,2538.3,1812.0,2222.0,425.0,60900.263
2100055,Açailândia - MA,2024,3428.0,3095.72,20030.0,23855.0,3585.0,785760.034
2100105,Afonso Cunha - MA,2024,110.0,2473.32,582.0,651.0,111.0,16102.004
2100154,Água Doce do Maranhão - MA,2024,177.0,2037.42,167.0,305.0,177.0,4852.314
2100204,Alcântara - MA,2024,289.0,3008.74,1508.0,1756.0,293.0,56998.313
2100303,Aldeias Altas - MA,2024,244.0,2692.03,2046.0,2244.0,249.0,73167.681
2100402,Altamira do Maranhão - MA,2024,105.0,2290.69,155.0,230.0,106.0,4825.386
2100436,Alto Alegre do Maranhão - MA,2024,439.0,1671.26,1135.0,1519.0,446.0,24754.59
2100477,Alto Alegre do Pindaré - MA,2024,353.0,2818.45,2275.0,2590.0,359.0,82557.571
2100501,Alto Parnaíba - MA,2024,410.0,2796.35,1211.0,1602.0,417.0,51674.13
2100550,Amapá do Maranhão - MA,2024,143.0,3456.14,392.0,487.0,145.0,17912.602
2100600,Amarante do Maranhão - MA,2024,462.0,2704.88,1815.0,2259.0,471.0,62278.296
2100709,Anajatuba - MA,2024,346.0,3529.89,814.0,1120.0,350.0,38252.209
2100808,Anapurus - MA,2024,334.0,2542.34,923.0,1217.0,340.0,33643.319
2100832,Apicum-Açu - MA,2024,259.0,2551.02,871.0,1083.0,262.0,28479.935
2100873,Araguanã - MA,2024,135.0,3308.26,279.0,397.0,135.0,11813.257
2100907,Araioses - MA,2024,425.0,2789.78,1865.0,2269.0,432.0,68411.443
2100956,Arame - MA,2024,392.0,2175.12,1005.0,1386.0,398.0,29023.891
2101004,Arari - MA,2024,532.0,2792.92,2079.0,2582.0,543.0,74612.893
2101103,Axixá - MA,2024,211.0,2506.43,883.0,1049.0,214.0,23464.436
2101202,Bacabal - MA,2024,2990.0,2568.48,10478.0,13651.0,3080.0,347623.994
2101251,Bacabeira - MA,2024,409.0,2955.68,1416.0,1812.0,416.0,53621.21
2101301,Bacuri - MA,2024,226.0,1358.3,867.0,1048.0,230.0,15208.435
2101350,Bacurituba - MA,2024,80.0,2696.19,293.0,341.0,81.0,14348.242
2101400,Balsas - MA,2024,5565.0,2838.47,26074.0,32606.0,5754.0,946209.218
2101509,Barão de Grajaú - MA,2024,394.0,1555.97,1796.0,2178.0,402.0,35461.37
2101608,Barra do Corda - MA,2024,2578.0,2664.88,8717.0,11470.0,2638.0,296490.321
2101707,Barreirinhas - MA,2024,1754.0,1972.59,6781.0,8673.0,1885.0,165531.661
2101731,Belágua - MA,2024,151.0,3648.13,429.0,541.0,151.0,20467.981
2101772,Bela Vista do Maranhão - MA,2024,227.0,1862.45,278.0,467.0,230.0,6828.718
2101806,Benedito Leite - MA,2024,103.0,2228.9,362.0,425.0,105.0,14443.792
2101905,Bequimão - MA,2024,252.0,1808.81,841.0,1061.0,257.0,19614.653
2101939,Bernardo do Mearim - MA,2024,125.0,3242.29,250.0,358.0,126.0,8282.431
2101970,Boa Vista do Gurupi - MA,2024,149.0,1833.72,222.0,329.0,150.0,5086.152
2102002,Bom Jardim - MA,2024,434.0,2747.27,1638.0,2028.0,443.0,58853.872
2102036,Bom Jesus das Selvas - MA,2024,496.0,1534.48,2383.0,2854.0,499.0,46662.969
2102077,Bom Lugar - MA,2024,167.0,2702.01,968.0,1081.0,171.0,37421.985
2102101,Brejo - MA,2024,648.0,2609.59,1496.0,2154.0,668.0,51933.823
2102150,Brejo de Areia - MA,2024,93.0,2176.94,251.0,309.0,95.0,7106.759
2102200,Buriti - MA,2024,281.0,2370.97,2152.0,2410.0,285.0,64310.367
2102309,Buriti Bravo - MA,2024,418.0,2391.62,732.0,1127.0,422.0,24713.076
2102325,Buriticupu - MA,2024,1205.0,1514.78,5483.0,6698.0,1231.0,105746.89
2102358,Buritirana - MA,2024,152.0,1703.44,436.0,559.0,152.0,9726.856
2102374,Cachoeira Grande - MA,2024,111.0,1571.12,159.0,223.0,112.0,3211.752
2102408,Cajapió - MA,2024,106.0,2484.5,478.0,536.0,107.0,15453.211
2102507,Cajari - MA,2024,185.0,1998.54,594.0,728.0,185.0,15131.102
2102556,Campestre do Maranhão - MA,2024,263.0,1906.85,1873.0,2097.0,267.0,52234.165
2102606,Cândido Mendes - MA,2024,285.0,2470.54,1017.0,1252.0,292.0,33141.273
2102705,Cantanhede - MA,2024,329.0,3404.68,1290.0,1588.0,334.0,60735.964
2102754,Capinzal do Norte - MA,2024,181.0,1593.74,244.0,387.0,184.0,5394.077
2102804,Carolina - MA,2024,704.0,2136.62,2465.0,3170.0,729.0,69600.71
2102903,Carutapera - MA,2024,358.0,2698.63,1359.0,1676.0,362.0,47034.649
2103000,Caxias - MA,2024,3740.0,2217.88,17757.0,22056.0,3900.0,492334.594
2103109,Cedral - MA,2024,135.0,2119.49,340.0,440.0,136.0,13419.582
2103125,Central do Maranhão - MA,2024,98.0,1825.73,869.0,934.0,98.0,19976.344
2103158,Centro do Guilherme - MA,2024,170.0,2141.46,911.0,1030.0,173.0,23932.89
2103174,Centro Novo do Maranhão - MA,2024,251.0,1750.6,979.0,1210.0,255.0,21943.119
2103208,Chapadinha - MA,2024,1833.0,2821.57,5567.0,7561.0,1915.0,200294.496
2103257,Cidelândia - MA,2024,296.0,2679.86,1023.0,1291.0,300.0,35905.95
2103307,Codó - MA,2024,2078.0,1902.8,11524.0,13682.0,2242.0,309988.758
2103406,Coelho Neto - MA,2024,746.0,2505.15,3959.0,4681.0,771.0,128427.087
2103505,Colinas - MA,2024,994.0,2372.89,3886.0,4932.0,1013.0,119644.138
2103554,Conceição do Lago-Açu - MA,2024,164.0,2548.17,1211.0,1307.0,165.0,41607.219
2103604,Coroatá - MA,2024,1101.0,2383.78,5779.0,6888.0,1137.0,172801.074
2103703,Cururupu - MA,2024,527.0,2969.5,2305.0,2781.0,567.0,76115.386
2103752,Davinópolis - MA,2024,306.0,2278.81,3418.0,3684.0,312.0,97245.776
2103802,Dom Pedro - MA,2024,726.0,1563.94,1297.0,1997.0,744.0,27345.124
2103901,Duque Bacelar - MA,2024,142.0,1100.92,1274.0,1378.0,145.0,18218.536
2104008,Esperantinópolis - MA,2024,365.0,1845.54,1338.0,1683.0,371.0,36094.974
2104057,Estreito - MA,2024,1239.0,2181.32,4357.0,5647.0,1279.0,137053.255
2104073,Feira Nova do Maranhão - MA,2024,122.0,550.32,343.0,438.0,123.0,2444.777
2104081,Fernando Falcão - MA,2024,107.0,2662.84,336.0,418.0,108.0,11511.145
2104099,Formosa da Serra Negra - MA,2024,352.0,2374.92,1187.0,1505.0,357.0,47038.31
2104107,Fortaleza dos Nogueiras - MA,2024,438.0,2303.36,1325.0,1767.0,445.0,40888.352
2104206,Fortuna - MA,2024,301.0,3734.82,538.0,807.0,311.0,25529.496
2104305,Godofredo Viana - MA,2024,227.0,4269.56,1892.0,2036.0,231.0,109752.017
2104404,Gonçalves Dias - MA,2024,295.0,1597.68,549.0,814.0,295.0,11901.741
2104503,Governador Archer - MA,2024,165.0,2928.23,105.0,247.0,165.0,4083.068
2104552,Governador Edison Lobão - MA,2024,447.0,1677.46,2835.0,3302.0,449.0,63685.42
2104602,Governador Eugênio Barros - MA,2024,184.0,3490.14,531.0,671.0,187.0,25165.493
2104628,Governador Luiz Rocha - MA,2024,138.0,2018.08,205.0,326.0,140.0,5537.417
2104651,Governador Newton Bello - MA,2024,141.0,3808.29,303.0,400.0,142.0,15042.926
2104677,Governador Nunes Freire - MA,2024,513.0,1725.64,1237.0,1672.0,521.0,28853.933
2104701,Graça Aranha - MA,2024,124.0,2835.02,165.0,260.0,126.0,6077.437
2104800,Grajaú - MA,2024,1818.0,1850.05,6305.0,8242.0,1886.0,149395.028
2104909,Guimarães - MA,2024,174.0,2345.09,612.0,741.0,177.0,19946.455
2105005,Humberto de Campos - MA,2024,314.0,3149.12,1138.0,1392.0,316.0,46381.393
2105104,Icatu - MA,2024,215.0,2792.78,1757.0,1920.0,219.0,63798.343
2105153,Igarapé do Meio - MA,2024,192.0,2732.01,1263.0,1447.0,194.0,40006.462
2105203,Igarapé Grande - MA,2024,247.0,2884.59,509.0,740.0,248.0,18999.223
2105302,Imperatriz - MA,2024,15082.0,2874.79,67185.0,85624.0,15976.0,2488232.934
2105351,Itaipava do Grajaú - MA,2024,171.0,1860.53,111.0,243.0,173.0,2909.195
2105401,Itapecuru Mirim - MA,2024,1315.0,2982.69,4965.0,6378.0,1340.0,207184.663
2105427,Itinga do Maranhão - MA,2024,738.0,1354.03,2709.0,3481.0,747.0,48995.855
2105450,Jatobá - MA,2024,86.0,2874.0,356.0,424.0,86.0,13223.894
2105476,Jenipapo dos Vieiras - MA,2024,150.0,2352.71,119.0,242.0,152.0,3536.566
2105500,João Lisboa - MA,2024,516.0,2248.91,1412.0,1964.0,534.0,40471.221
2105609,Joselândia - MA,2024,233.0,3040.96,531.0,748.0,236.0,21056.983
2105658,Junco do Maranhão - MA,2024,106.0,2351.69,262.0,339.0,106.0,17735.434
2105708,Lago da Pedra - MA,2024,1093.0,1347.33,2521.0,3607.0,1102.0,42843.187
2105807,Lago do Junco - MA,2024,155.0,2130.94,520.0,641.0,157.0,14772.492
2105906,Lago Verde - MA,2024,181.0,2248.04,441.0,561.0,183.0,13533.282
2105922,Lagoa do Mato - MA,2024,156.0,2196.9,383.0,511.0,156.0,10637.057
2105948,Lago dos Rodrigues - MA,2024,220.0,1936.02,559.0,744.0,221.0,14151.593
2105963,Lagoa Grande do Maranhão - MA,2024,210.0,3929.46,386.0,556.0,211.0,19818.681
2105989,Lajeado Novo - MA,2024,167.0,1040.33,899.0,1039.0,172.0,12195.652
2106003,Lima Campos - MA,2024,281.0,2435.81,597.0,855.0,286.0,19191.858
2106102,Loreto - MA,2024,245.0,3187.27,1477.0,1700.0,247.0,64332.945
2106201,Luís Domingues - MA,2024,139.0,2469.12,253.0,362.0,139.0,8155.912
2106300,Magalhães de Almeida - MA,2024,286.0,1999.34,1622.0,1883.0,288.0,39750.288
2106326,Maracaçumé - MA,2024,487.0,823.21,837.0,1283.0,495.0,9008.16
2106359,Marajá do Sena - MA,2024,94.0,2383.03,324.0,381.0,95.0,10048.485
2106375,Maranhãozinho - MA,2024,163.0,2124.73,854.0,982.0,164.0,22982.144
2106409,Mata Roma - MA,2024,281.0,3530.66,768.0,1008.0,286.0,35702.662
2106508,Matinha - MA,2024,383.0,2547.59,1032.0,1374.0,385.0,34411.687
2106607,Matões - MA,2024,394.0,3293.51,1371.0,1795.0,397.0,58303.287
2106631,Matões do Norte - MA,2024,166.0,4260.29,361.0,470.0,166.0,20909.047
2106672,Milagres do Maranhão - MA,2024,70.0,2125.7,15.0,52.0,72.0,353.993
2106706,Mirador - MA,2024,343.0,907.38,1085.0,1402.0,380.0,12612.891
2106755,Miranda do Norte - MA,2024,461.0,2271.08,1042.0,1456.0,466.0,31766.075
2106805,Mirinzal - MA,2024,332.0,2712.98,532.0,807.0,336.0,19092.005
2106904,Monção - MA,2024,312.0,3031.31,1191.0,1435.0,316.0,46838.823
2107001,Montes Altos - MA,2024,150.0,1612.84,388.0,511.0,151.0,8029.493
2107100,Morros - MA,2024,329.0,2120.12,411.0,708.0,337.0,10230.83
2107209,Nina Rodrigues - MA,2024,166.0,1661.66,710.0,842.0,167.0,14524.686
2107258,Nova Colinas - MA,2024,100.0,2878.92,480.0,570.0,100.0,17693.87
2107308,Nova Iorque - MA,2024,81.0,2220.5,238.0,285.0,82.0,6857.521
2107357,Nova Olinda do Maranhão - MA,2024,237.0,881.43,552.0,762.0,238.0,6391.496
2107407,Olho d'Água das Cunhãs - MA,2024,307.0,3291.71,329.0,601.0,310.0,13209.108
2107456,Olinda Nova do Maranhão - MA,2024,197.0,1938.87,621.0,777.0,198.0,16193.906
2107506,Paço do Lumiar - MA,2024,2828.0,2563.97,11383.0,14446.0,2920.0,353973.564
2107605,Palmeirândia - MA,2024,188.0,1797.97,803.0,947.0,194.0,18564.236
2107704,Paraibano - MA,2024,416.0,3069.99,973.0,1355.0,422.0,38580.492
2107803,Parnarama - MA,2024,442.0,2231.15,2873.0,3295.0,450.0,78925.446
2107902,Passagem Franca - MA,2024,361.0,1560.73,916.0,1273.0,365.0,18504.447
2108009,Pastos Bons - MA,2024,466.0,1885.06,1292.0,1750.0,471.0,31122.172
2108058,Paulino Neves - MA,2024,266.0,1912.7,772.0,993.0,268.0,19049.93
2108108,Paulo Ramos - MA,2024,376.0,3122.64,358.0,701.0,382.0,14131.682
2108207,Pedreiras - MA,2024,1587.0,2297.33,4901.0,6577.0,1612.0,146007.369
2108256,Pedro do Rosário - MA,2024,265.0,2455.6,482.0,689.0,265.0,15289.399
2108306,Penalva - MA,2024,344.0,3817.78,855.0,1176.0,349.0,42137.842
2108405,Peri Mirim - MA,2024,164.0,1929.35,701.0,819.0,165.0,17292.974
2108454,Peritoró - MA,2024,419.0,2144.2,1512.0,1887.0,426.0,42712.827
2108504,Pindaré-Mirim - MA,2024,495.0,3232.83,2029.0,2496.0,503.0,86856.676
2108603,Pinheiro - MA,2024,2019.0,2439.53,8347.0,10331.0,2088.0,260407.309
2108702,Pio XII - MA,2024,409.0,3093.98,1495.0,1865.0,412.0,59035.006
2108801,Pirapemas - MA,2024,188.0,2469.47,1087.0,1227.0,190.0,35699.598
2108900,Poção de Pedras - MA,2024,236.0,3340.33,1037.0,1239.0,236.0,47137.531
2109007,Porto Franco - MA,2024,942.0,3620.94,2804.0,3735.0,963.0,132273.43
2109056,Porto Rico do Maranhão - MA,2024,93.0,1232.05,260.0,311.0,93.0,4102.513
2109106,Presidente Dutra - MA,2024,1833.0,2153.78,5646.0,7587.0,1892.0,167084.855
2109205,Presidente Juscelino - MA,2024,162.0,793.85,467.0,591.0,163.0,4769.796
2109239,Presidente Médici - MA,2024,142.0,1130.7,551.0,648.0,142.0,9532.779
2109270,Presidente Sarney - MA,2024,212.0,1747.06,697.0,870.0,214.0,15725.424
2109304,Presidente Vargas - MA,2024,158.0,3699.29,468.0,578.0,160.0,22846.957
2109403,Primeira Cruz - MA,2024,129.0,2228.9,373.0,475.0,133.0,10712.309
2109452,Raposa - MA,2024,632.0,2129.29,2214.0,2891.0,655.0,58384.839
2109502,Riachão - MA,2024,584.0,2649.05,1522.0,2108.0,601.0,54097.134
2109551,Ribamar Fiquene - MA,2024,149.0,2570.3,552.0,676.0,150.0,18790.965
2109601,Rosário - MA,2024,810.0,2319.39,4396.0,5206.0,823.0,143477.413
2109700,Sambaíba - MA,2024,127.0,3091.01,757.0,852.0,130.0,30947.425
2109759,Santa Filomena do Maranhão - MA,2024,107.0,2203.33,309.0,379.0,108.0,8888.281
2109809,Santa Helena - MA,2024,597.0,1586.54,1592.0,2148.0,600.0,33220.634
2109908,Santa Inês - MA,2024,2802.0,2596.22,12598.0,15583.0,2899.0,428123.832
2110005,Santa Luzia - MA,2024,1457.0,2953.56,4081.0,5515.0,1486.0,155889.441
2110039,Santa Luzia do Paruá - MA,2024,553.0,2004.76,2306.0,2803.0,559.0,60429.046
2110104,Santa Quitéria do Maranhão - MA,2024,329.0,2184.02,1797.0,2083.0,337.0,51029.064
2110203,Santa Rita - MA,2024,595.0,2446.61,1528.0,2089.0,614.0,49156.79
2110237,Santana do Maranhão - MA,2024,125.0,2207.89,430.0,526.0,126.0,12408.43
2110278,Santo Amaro do Maranhão - MA,2024,337.0,2468.84,692.0,1076.0,340.0,21485.636
2110302,Santo Antônio dos Lopes - MA,2024,403.0,5220.2,1707.0,2052.0,408.0,123015.109
2110401,São Benedito do Rio Preto - MA,2024,286.0,1646.67,979.0,1204.0,290.0,21285.578
2110500,São Bento - MA,2024,575.0,2046.02,1573.0,2105.0,585.0,42210.879
2110609,São Bernardo - MA,2024,615.0,1677.56,1437.0,2034.0,629.0,31065.715
2110658,São Domingos do Azeitão - MA,2024,245.0,2707.89,599.0,799.0,248.0,30939.897
2110708,São Domingos do Maranhão - MA,2024,660.0,2223.88,2725.0,3398.0,670.0,75367.161
2110807,São Félix de Balsas - MA,2024,105.0,1699.35,378.0,453.0,106.0,8382.877
2110856,São Francisco do Brejão - MA,2024,163.0,1031.21,827.0,953.0,164.0,11201.745
2110906,São Francisco do Maranhão - MA,2024,126.0,1898.8,49.0,147.0,127.0,1235.207
2111003,São João Batista - MA,2024,210.0,1615.44,650.0,808.0,214.0,13486.482
2111029,São João do Carú - MA,2024,181.0,3045.14,530.0,667.0,184.0,21140.532
2111052,São João do Paraíso - MA,2024,275.0,1018.36,1055.0,1298.0,277.0,13426.262
2111078,São João do Soter - MA,2024,195.0,3852.96,481.0,654.0,196.0,23807.548
2111102,São João dos Patos - MA,2024,825.0,2822.97,2195.0,3044.0,835.0,80475.874
2111201,São José de Ribamar - MA,2024,4778.0,2601.44,19298.0,24571.0,4978.0,656701.418
2111250,São José dos Basílios - MA,2024,132.0,2368.97,276.0,366.0,134.0,8939.963
2111300,São Luís - MA,2024,52271.0,3960.43,420168.0,484663.0,55569.0,21451071.85
2111409,São Luís Gonzaga do Maranhão - MA,2024,251.0,2651.89,1365.0,1575.0,254.0,47333.967
2111508,São Mateus do Maranhão - MA,2024,822.0,2874.23,2042.0,2820.0,837.0,77276.135
2111532,São Pedro da Água Branca - MA,2024,249.0,1398.99,764.0,974.0,251.0,13787.873
2111573,São Pedro dos Crentes - MA,2024,152.0,1780.22,509.0,643.0,152.0,13226.154
2111607,São Raimundo das Mangabeiras - MA,2024,523.0,2066.62,3151.0,3669.0,529.0,101018.169
2111631,São Raimundo do Doca Bezerra - MA,2024,95.0,2829.92,295.0,351.0,95.0,11592.206
2111672,São Roberto - MA,2024,72.0,1608.36,611.0,653.0,72.0,12924.301
2111706,São Vicente Ferrer - MA,2024,284.0,2928.94,754.0,982.0,288.0,28712.484
2111722,Satubinha - MA,2024,119.0,2914.84,584.0,670.0,120.0,22581.518
2111748,Senador Alexandre Costa - MA,2024,173.0,3125.68,433.0,552.0,176.0,16907.343
2111763,Senador La Rocque - MA,2024,271.0,2431.83,852.0,1088.0,277.0,27215.636
2111789,Serrano do Maranhão - MA,2024,119.0,4223.55,197.0,282.0,119.0,10638.059
2111805,Sítio Novo - MA,2024,317.0,1407.0,1314.0,1609.0,323.0,33893.346
2111904,Sucupira do Norte - MA,2024,188.0,547.46,495.0,648.0,204.0,3519.988
2111953,Sucupira do Riachão - MA,2024,80.0,2151.83,215.0,256.0,81.0,5961.203
2112001,Tasso Fragoso - MA,2024,282.0,2511.69,1953.0,2186.0,291.0,61837.309
2112100,Timbiras - MA,2024,342.0,1795.21,2366.0,2669.0,345.0,55270.164
2112209,Timon - MA,2024,3665.0,2365.69,18518.0,22394.0,3793.0,577355.325
2112233,Trizidela do Vale - MA,2024,617.0,2189.44,2237.0,2839.0,617.0,68698.74
2112274,Tufilândia - MA,2024,84.0,2078.97,911.0,958.0,85.0,24831.218
2112308,Tuntum - MA,2024,558.0,2518.56,1482.0,2007.0,563.0,49414.036
2112407,Turiaçu - MA,2024,411.0,837.82,1310.0,1644.0,422.0,14170.757
2112456,Turilândia - MA,2024,264.0,320.05,662.0,863.0,266.0,2752.36
2112506,Tutóia - MA,2024,992.0,2966.72,3427.0,4417.0,1022.0,129116.051
2112605,Urbano Santos - MA,2024,463.0,1695.98,2591.0,3026.0,474.0,54069.8
2112704,Vargem Grande - MA,2024,731.0,2018.54,4056.0,4749.0,741.0,105630.424
2112803,Viana - MA,2024,932.0,3120.55,2144.0,3041.0,941.0,87367.957
2112852,Vila Nova dos Martírios - MA,2024,173.0,3705.13,839.0,969.0,174.0,40986.002
2112902,Vitória do Mearim - MA,2024,584.0,2992.33,1490.0,2028.0,596.0,61827.63
2113009,Vitorino Freire - MA,2024,593.0,1791.79,2184.0,2743.0,598.0,50976.968
2114007,Zé Doca - MA,2024,945.0,3022.76,2407.0,3392.0,960.0,92857.791
2200053,Acauã - PI,2024,110.0,2959.45,367.0,456.0,113.0,14040.274
2200103,Agricolândia - PI,2024,92.0,2928.99,216.0,300.0,93.0,8035.364
2200202,Água Branca - PI,2024,719.0,2373.99,2251.0,2949.0,763.0,69320.259
2200251,Alagoinha do Piauí - PI,2024,132.0,2604.39,209.0,312.0,134.0,8139.91
2200277,Alegrete do Piauí - PI,2024,129.0,2882.22,202.0,288.0,132.0,8758.359
2200301,Alto Longá - PI,2024,288.0,2726.4,776.0,1036.0,300.0,28321.255
2200400,Altos - PI,2024,1065.0,2011.3,5493.0,6604.0,1132.0,149045.912
2200459,Alvorada do Gurguéia - PI,2024,134.0,2061.02,391.0,523.0,136.0,10910.2
2200509,Amarante - PI,2024,379.0,3008.02,978.0,1341.0,394.0,41494.712
2200608,Angical do Piauí - PI,2024,201.0,2360.96,481.0,651.0,204.0,13544.281
2200707,Anísio de Abreu - PI,2024,330.0,2748.36,609.0,902.0,343.0,21888.442
2200806,Antônio Almeida - PI,2024,122.0,2541.25,594.0,693.0,122.0,18649.971
2200905,Aroazes - PI,2024,125.0,1556.02,387.0,475.0,130.0,9366.69
2200954,Aroeiras do Itaim - PI,2024,62.0,2520.71,200.0,234.0,62.0,7724.368
2201002,Arraial - PI,2024,101.0,2641.51,369.0,452.0,102.0,13963.883
2201051,Assunção do Piauí - PI,2024,101.0,2314.96,335.0,409.0,104.0,9676.561
2201101,Avelino Lopes - PI,2024,254.0,3077.42,495.0,738.0,256.0,19946.041
2201150,Baixa Grande do Ribeiro - PI,2024,702.0,2853.32,2292.0,3025.0,720.0,129892.4
2201176,Barra D'Alcântara - PI,2024,89.0,2749.0,229.0,293.0,93.0,9652.21
2201200,Barras - PI,2024,898.0,2860.29,3495.0,4409.0,941.0,129275.214
2201309,Barreiras do Piauí - PI,2024,88.0,3049.85,148.0,208.0,94.0,6149.81
2201408,Barro Duro - PI,2024,164.0,2624.44,504.0,653.0,169.0,17418.433
2201507,Batalha - PI,2024,473.0,2541.24,1586.0,2039.0,484.0,51957.509
2201556,Bela Vista do Piauí - PI,2024,110.0,2596.72,256.0,340.0,115.0,8683.079
2201572,Belém do Piauí - PI,2024,114.0,2526.71,342.0,441.0,116.0,11264.959
2201606,Beneditinos - PI,2024,194.0,2624.5,501.0,659.0,201.0,24178.386
2201705,Bertolínia - PI,2024,160.0,3463.47,361.0,487.0,164.0,16097.391
2201739,Betânia do Piauí - PI,2024,138.0,3156.78,359.0,492.0,138.0,14815.163
2201770,Boa Hora - PI,2024,118.0,2573.89,368.0,451.0,121.0,13716.488
2201804,Bocaina - PI,2024,81.0,2116.19,342.0,405.0,83.0,9746.687
2201903,Bom Jesus - PI,2024,1874.0,2751.91,4471.0,6474.0,1956.0,156992.217
2201919,Bom Princípio do Piauí - PI,2024,87.0,2000.34,663.0,721.0,87.0,17467.923
2201929,Bonfim do Piauí - PI,2024,88.0,3482.19,277.0,338.0,93.0,11504.972
2201945,Boqueirão do Piauí - PI,2024,108.0,1920.74,316.0,393.0,112.0,8360.822
2201960,Brasileira - PI,2024,160.0,2845.69,571.0,736.0,162.0,21234.939
2201988,Brejo do Piauí - PI,2024,81.0,2886.49,268.0,328.0,86.0,10188.6
2202000,Buriti dos Lopes - PI,2024,318.0,2510.96,1528.0,1815.0,343.0,56421.49
2202026,Buriti dos Montes - PI,2024,111.0,3173.38,514.0,604.0,112.0,20232.581
2202059,Cabeceiras do Piauí - PI,2024,140.0,1871.58,875.0,986.0,142.0,20946.606
2202075,Cajazeiras do Piauí - PI,2024,83.0,2394.26,313.0,369.0,84.0,9773.995
2202083,Cajueiro da Praia - PI,2024,379.0,2185.66,1255.0,1658.0,396.0,37382.625
2202091,Caldeirão Grande do Piauí - PI,2024,116.0,3274.4,371.0,508.0,116.0,15736.674
2202109,Campinas do Piauí - PI,2024,99.0,2482.35,498.0,566.0,103.0,14393.31
2202117,Campo Alegre do Fidalgo - PI,2024,121.0,3125.67,455.0,545.0,126.0,19172.208
2202133,Campo Grande do Piauí - PI,2024,145.0,2021.59,353.0,480.0,147.0,9305.445
2202174,Campo Largo do Piauí - PI,2024,119.0,4801.68,286.0,373.0,121.0,18435.674
2202208,Campo Maior - PI,2024,1439.0,2692.75,6050.0,7533.0,1542.0,204564.69
2202251,Canavieira - PI,2024,69.0,2583.19,348.0,393.0,71.0,11571.486
2202307,Canto do Buriti - PI,2024,775.0,2482.19,2018.0,2791.0,803.0,75699.545
2202406,Capitão de Campos - PI,2024,208.0,2736.16,668.0,839.0,214.0,23383.737
2202455,Capitão Gervásio Oliveira - PI,2024,116.0,3158.06,534.0,603.0,123.0,22140.404
2202505,Caracol - PI,2024,224.0,2825.36,729.0,920.0,240.0,25266.347
2202539,Caraúbas do Piauí - PI,2024,80.0,3076.13,289.0,342.0,81.0,12647.159
2202554,Caridade do Piauí - PI,2024,110.0,2125.05,551.0,636.0,110.0,14334.704
2202604,Castelo do Piauí - PI,2024,491.0,2537.27,1097.0,1575.0,511.0,41987.324
2202653,Caxingó - PI,2024,75.0,2521.81,360.0,416.0,78.0,13390.766
2202703,Cocal - PI,2024,505.0,2605.78,1818.0,2305.0,530.0,63437.617
2202711,Cocal de Telha - PI,2024,96.0,3038.66,298.0,368.0,98.0,11803.359
2202729,Cocal dos Alves - PI,2024,107.0,2388.82,284.0,378.0,114.0,11866.605
2202737,Coivaras - PI,2024,85.0,2740.81,234.0,300.0,86.0,11195.826
2202752,Colônia do Gurguéia - PI,2024,203.0,3175.08,350.0,538.0,208.0,15756.734
2202778,Colônia do Piauí - PI,2024,103.0,2892.18,375.0,452.0,108.0,14072.301
2202802,Conceição do Canindé - PI,2024,120.0,3306.91,206.0,315.0,121.0,11023.453
2202851,Coronel José Dias - PI,2024,103.0,1791.08,454.0,532.0,107.0,11455.75
2202901,Corrente - PI,2024,956.0,2328.19,3013.0,3987.0,1033.0,94774.799
2203008,Cristalândia do Piauí - PI,2024,118.0,2985.14,445.0,538.0,120.0,17157.68
2203107,Cristino Castro - PI,2024,379.0,2484.24,1010.0,1355.0,391.0,32264.149
2203206,Curimatá - PI,2024,389.0,2663.95,1059.0,1430.0,399.0,34492.121
2203230,Currais - PI,2024,127.0,2543.18,664.0,745.0,128.0,22245.958
2203255,Curralinhos - PI,2024,95.0,2567.76,266.0,322.0,96.0,8902.691
2203271,Curral Novo do Piauí - PI,2024,106.0,2414.34,252.0,377.0,108.0,17926.668
2203305,Demerval Lobão - PI,2024,407.0,2318.36,1292.0,1662.0,417.0,54794.799
2203354,Dirceu Arcoverde - PI,2024,138.0,2158.36,375.0,483.0,142.0,10621.906
2203404,Dom Expedito Lopes - PI,2024,194.0,2594.9,339.0,536.0,201.0,11823.302
2203420,Domingos Mourão - PI,2024,68.0,2802.8,217.0,255.0,77.0,7827.271
2203453,Dom Inocêncio - PI,2024,229.0,3075.9,463.0,619.0,233.0,18546.23
2203503,Elesbão Veloso - PI,2024,303.0,2147.5,1614.0,1904.0,312.0,45065.058
2203602,Eliseu Martins - PI,2024,177.0,2432.15,302.0,457.0,179.0,9468.927
2203701,Esperantina - PI,2024,1082.0,2743.99,3560.0,4643.0,1152.0,125381.712
2203750,Fartura do Piauí - PI,2024,90.0,2635.29,409.0,467.0,92.0,13339.664
2203800,Flores do Piauí - PI,2024,101.0,2648.24,254.0,332.0,106.0,10423.497
2203859,Floresta do Piauí - PI,2024,59.0,2240.94,205.0,237.0,61.0,5960.459
2203909,Floriano - PI,2024,3059.0,2504.6,12475.0,16105.0,3270.0,399939.476
2204006,Francinópolis - PI,2024,79.0,2819.21,347.0,405.0,82.0,12473.718
2204105,Francisco Ayres - PI,2024,87.0,2490.05,320.0,380.0,88.0,12098.183
2204154,Francisco Macedo - PI,2024,69.0,3030.77,224.0,275.0,70.0,8506.849
2204204,Francisco Santos - PI,2024,171.0,2675.59,379.0,538.0,181.0,13153.76
2204303,Fronteiras - PI,2024,310.0,2376.85,592.0,861.0,322.0,18675.086
2204352,Geminiano - PI,2024,121.0,2396.01,304.0,408.0,121.0,10093.235
2204402,Gilbués - PI,2024,426.0,3536.21,747.0,1131.0,440.0,34098.753
2204501,Guadalupe - PI,2024,361.0,3196.98,1083.0,1428.0,371.0,44024.03
2204550,Guaribas - PI,2024,115.0,3042.04,356.0,442.0,117.0,14646.833
2204600,Hugo Napoleão - PI,2024,66.0,2803.15,220.0,262.0,68.0,7898.573
2204659,Ilha Grande - PI,2024,177.0,2281.16,590.0,738.0,177.0,17569.455
2204709,Inhuma - PI,2024,312.0,2621.04,775.0,1083.0,339.0,30577.219
2204808,Ipiranga do Piauí - PI,2024,178.0,2805.3,443.0,608.0,187.0,17784.785
2204907,Isaías Coelho - PI,2024,125.0,2693.49,366.0,455.0,132.0,15373.846
2205003,Itainópolis - PI,2024,226.0,2155.54,770.0,973.0,231.0,21592.655
2205102,Itaueira - PI,2024,369.0,2557.74,558.0,917.0,390.0,20485.357
2205151,Jacobina do Piauí - PI,2024,173.0,3461.73,371.0,542.0,175.0,17145.067
2205201,Jaicós - PI,2024,443.0,2014.92,1336.0,1764.0,472.0,35657.106
2205250,Jardim do Mulato - PI,2024,86.0,2562.27,263.0,317.0,86.0,8895.621
2205276,Jatobá do Piauí - PI,2024,90.0,3254.5,248.0,321.0,91.0,10830.545
2205300,Jerumenha - PI,2024,163.0,2286.64,417.0,518.0,167.0,12423.536
2205359,João Costa - PI,2024,71.0,2799.6,263.0,309.0,71.0,10839.094
2205409,Joaquim Pires - PI,2024,245.0,2556.65,932.0,1145.0,256.0,28614.946
2205458,Joca Marques - PI,2024,63.0,3399.62,181.0,228.0,63.0,7940.971
2205508,José de Freitas - PI,2024,878.0,2502.77,2745.0,3659.0,912.0,99210.885
2205516,Juazeiro do Piauí - PI,2024,117.0,1902.93,513.0,606.0,118.0,12686.705
2205524,Júlio Borges - PI,2024,119.0,2686.42,437.0,537.0,121.0,14640.631
2205532,Jurema - PI,2024,92.0,2840.36,418.0,490.0,97.0,15093.34
2205540,Lagoinha do Piauí - PI,2024,52.0,2328.32,140.0,174.0,52.0,5085.351
2205557,Lagoa Alegre - PI,2024,188.0,2793.3,461.0,631.0,193.0,18193.865
2205565,Lagoa do Barro do Piauí - PI,2024,154.0,4811.53,539.0,628.0,156.0,38812.198
2205573,Lagoa de São Francisco - PI,2024,81.0,2621.23,405.0,464.0,82.0,14117.319
2205581,Lagoa do Piauí - PI,2024,122.0,2403.47,457.0,551.0,123.0,14773.622
2205599,Lagoa do Sítio - PI,2024,75.0,2644.73,197.0,249.0,75.0,8885.536
2205607,Landri Sales - PI,2024,168.0,2684.9,488.0,627.0,171.0,16593.242
2205706,Luís Correia - PI,2024,695.0,2425.43,2188.0,2850.0,733.0,77573.594
2205805,Luzilândia - PI,2024,593.0,2788.7,1394.0,1937.0,617.0,50342.488
2205854,Madeiro - PI,2024,103.0,2748.39,344.0,421.0,105.0,17512.96
2205904,Manoel Emídio - PI,2024,170.0,2823.07,258.0,395.0,182.0,10602.238
2205953,Marcolândia - PI,2024,260.0,2325.29,852.0,1088.0,265.0,26059.267
2206001,Marcos Parente - PI,2024,130.0,2550.16,415.0,511.0,138.0,13592.67
2206050,Massapê do Piauí - PI,2024,61.0,2865.66,331.0,374.0,61.0,12864.404
2206100,Matias Olímpio - PI,2024,219.0,2735.13,545.0,706.0,231.0,20457.565
2206209,Miguel Alves - PI,2024,416.0,3648.76,1352.0,1777.0,445.0,72652.091
2206308,Miguel Leão - PI,2024,49.0,2268.91,363.0,404.0,49.0,9905.279
2206357,Milton Brandão - PI,2024,86.0,2563.22,300.0,364.0,88.0,11205.826
2206407,Monsenhor Gil - PI,2024,226.0,2706.21,619.0,818.0,238.0,22660.585
2206506,Monsenhor Hipólito - PI,2024,164.0,2840.08,358.0,498.0,169.0,13150.161
2206605,Monte Alegre do Piauí - PI,2024,272.0,2912.89,1018.0,1265.0,276.0,44526.58
2206654,Morro Cabeça no Tempo - PI,2024,107.0,2373.12,455.0,544.0,107.0,13654.161
2206670,Morro do Chapéu do Piauí - PI,2024,85.0,2653.63,369.0,441.0,86.0,14708.561
2206696,Murici dos Portelas - PI,2024,98.0,3176.18,393.0,460.0,98.0,21521.783
2206704,Nazaré do Piauí - PI,2024,171.0,2729.76,505.0,645.0,180.0,16874.015
2206720,Nazária - PI,2024,204.0,2230.34,1135.0,1324.0,211.0,31011.274
2206753,Nossa Senhora de Nazaré - PI,2024,79.0,2962.94,298.0,344.0,79.0,11468.783
2206803,Nossa Senhora dos Remédios - PI,2024,100.0,3171.22,406.0,468.0,102.0,16871.297
2206902,Novo Oriente do Piauí - PI,2024,104.0,2462.48,352.0,433.0,109.0,11526.029
2206951,Novo Santo Antônio - PI,2024,65.0,3197.06,198.0,244.0,65.0,7925.005
2207009,Oeiras - PI,2024,1257.0,2467.49,3921.0,5266.0,1347.0,136106.114
2207108,Olho D'Água do Piauí - PI,2024,46.0,1871.54,229.0,252.0,46.0,5475.477
2207207,Padre Marcos - PI,2024,172.0,2648.41,582.0,730.0,184.0,19603.05
2207306,Paes Landim - PI,2024,142.0,3556.74,164.0,275.0,148.0,7694.871
2207355,Pajeú do Piauí - PI,2024,85.0,2049.23,290.0,355.0,86.0,12927.601
2207405,Palmeira do Piauí - PI,2024,146.0,2721.47,263.0,383.0,146.0,8795.234
2207504,Palmeirais - PI,2024,239.0,3404.72,836.0,1043.0,242.0,31763.699
2207553,Paquetá - PI,2024,74.0,2933.17,348.0,407.0,74.0,15148.017
2207603,Parnaguá - PI,2024,218.0,2741.27,556.0,773.0,226.0,20248.668
2207702,Parnaíba - PI,2024,5477.0,2489.24,25905.0,32502.0,5921.0,840424.362
2207751,Passagem Franca do Piauí - PI,2024,88.0,2230.44,488.0,553.0,89.0,13877.955
2207777,Patos do Piauí - PI,2024,98.0,3265.94,276.0,361.0,101.0,11690.159
2207793,Pau D'Arco do Piauí - PI,2024,80.0,2282.73,251.0,299.0,81.0,9515.445
2207801,Paulistana - PI,2024,687.0,2590.19,1755.0,2452.0,715.0,59075.764
2207850,Pavussu - PI,2024,100.0,2377.36,265.0,347.0,101.0,7896.719
2207900,Pedro II - PI,2024,954.0,2478.98,2784.0,3738.0,1012.0,99434.869
2207934,Pedro Laurentino - PI,2024,100.0,2031.88,272.0,341.0,102.0,7915.604
2207959,Nova Santa Rita - PI,2024,88.0,2582.23,228.0,297.0,91.0,8179.083
2208007,Picos - PI,2024,4417.0,2287.42,16705.0,21906.0,4731.0,488229.814
2208106,Pimenteiras - PI,2024,200.0,2383.02,479.0,658.0,212.0,14771.549
2208205,Pio IX - PI,2024,390.0,3415.11,683.0,1053.0,415.0,29679.869
2208304,Piracuruca - PI,2024,856.0,2740.73,2405.0,3293.0,910.0,90098.176
2208403,Piripiri - PI,2024,1826.0,2160.97,7943.0,9889.0,1917.0,239686.766
2208502,Porto - PI,2024,193.0,3389.54,579.0,726.0,197.0,25833.451
2208551,Porto Alegre do Piauí - PI,2024,56.0,2800.56,261.0,318.0,57.0,9479.368
2208601,Prata do Piauí - PI,2024,86.0,3052.8,156.0,207.0,92.0,7716.216
2208650,Queimada Nova - PI,2024,176.0,2483.01,673.0,805.0,185.0,23045.326
2208700,Redenção do Gurguéia - PI,2024,198.0,2397.41,504.0,671.0,198.0,21057.877
2208809,Regeneração - PI,2024,393.0,2597.98,1586.0,1963.0,409.0,50921.052
2208858,Riacho Frio - PI,2024,67.0,3598.52,390.0,430.0,67.0,17330.874
2208874,Ribeira do Piauí - PI,2024,96.0,3750.72,400.0,464.0,98.0,18425.681
2208908,Ribeiro Gonçalves - PI,2024,276.0,3267.64,900.0,1157.0,281.0,43981.844
2209005,Rio Grande do Piauí - PI,2024,169.0,2612.13,320.0,460.0,186.0,13114.796
2209104,Santa Cruz do Piauí - PI,2024,146.0,2023.99,412.0,538.0,150.0,11133.062
2209153,Santa Cruz dos Milagres - PI,2024,92.0,2474.11,308.0,375.0,92.0,9862.579
2209203,Santa Filomena - PI,2024,236.0,3321.56,930.0,1148.0,241.0,40110.581
2209302,Santa Luz - PI,2024,120.0,2415.45,412.0,511.0,122.0,13445.551
2209351,Santana do Piauí - PI,2024,67.0,2771.35,234.0,285.0,68.0,9776.786
2209377,Santa Rosa do Piauí - PI,2024,127.0,2448.02,246.0,354.0,130.0,8396.827
2209401,Santo Antônio de Lisboa - PI,2024,139.0,1332.03,265.0,386.0,143.0,7312.376
2209450,Santo Antônio dos Milagres - PI,2024,51.0,1811.02,255.0,276.0,51.0,5686.41
2209500,Santo Inácio do Piauí - PI,2024,96.0,2551.42,202.0,267.0,97.0,9397.29
2209559,São Braz do Piauí - PI,2024,104.0,2545.8,284.0,363.0,107.0,8957.282
2209609,São Félix do Piauí - PI,2024,79.0,2190.58,215.0,271.0,80.0,6121.811
2209658,São Francisco de Assis do Piauí - PI,2024,110.0,2841.3,333.0,422.0,115.0,12008.927
2209708,São Francisco do Piauí - PI,2024,124.0,2884.92,369.0,458.0,128.0,14626.569
2209757,São Gonçalo do Gurguéia - PI,2024,118.0,3713.86,263.0,337.0,120.0,12434.557
2209807,São Gonçalo do Piauí - PI,2024,116.0,2082.08,310.0,403.0,117.0,12067.86
2209856,São João da Canabrava - PI,2024,78.0,2797.53,253.0,313.0,80.0,9237.799
2209872,São João da Fronteira - PI,2024,96.0,2387.48,396.0,472.0,96.0,13081.596
2209906,São João da Serra - PI,2024,114.0,2813.81,348.0,438.0,118.0,12772.86
2209955,São João da Varjota - PI,2024,106.0,1479.67,355.0,440.0,107.0,6770.178
2209971,São João do Arraial - PI,2024,118.0,3348.09,444.0,532.0,126.0,18401.591
2210003,São João do Piauí - PI,2024,893.0,2419.92,2516.0,3433.0,935.0,79565.196
2210052,São José do Divino - PI,2024,145.0,2385.27,354.0,460.0,147.0,11518.43
2210102,São José do Peixe - PI,2024,126.0,2629.16,370.0,457.0,128.0,12297.61
2210201,São José do Piauí - PI,2024,115.0,2310.49,347.0,449.0,117.0,10428.625
2210300,São Julião - PI,2024,154.0,1935.7,270.0,387.0,158.0,9136.851
2210359,São Lourenço do Piauí - PI,2024,97.0,2584.96,319.0,386.0,101.0,10731.234
2210375,São Luis do Piauí - PI,2024,41.0,2806.92,135.0,161.0,41.0,5260.401
2210383,São Miguel da Baixa Grande - PI,2024,60.0,1259.16,277.0,316.0,60.0,4642.109
2210391,São Miguel do Fidalgo - PI,2024,69.0,2733.3,228.0,264.0,70.0,7983.169
2210409,São Miguel do Tapuio - PI,2024,348.0,2236.44,1253.0,1569.0,361.0,35751.721
2210508,São Pedro do Piauí - PI,2024,246.0,3000.85,840.0,1045.0,257.0,31033.715
2210607,São Raimundo Nonato - PI,2024,1873.0,2309.4,4216.0,6198.0,1976.0,142889.415
2210623,Sebastião Barros - PI,2024,77.0,3339.31,264.0,309.0,77.0,11515.201
2210631,Sebastião Leal - PI,2024,148.0,2853.78,1071.0,1210.0,151.0,31002.689
2210656,Sigefredo Pacheco - PI,2024,174.0,2990.36,358.0,491.0,182.0,14307.446
2210706,Simões - PI,2024,331.0,3229.24,1242.0,1534.0,356.0,48678.961
2210805,Simplício Mendes - PI,2024,478.0,2415.95,1123.0,1569.0,510.0,39231.55
2210904,Socorro do Piauí - PI,2024,117.0,2652.12,304.0,386.0,119.0,10420.861
2210938,Sussuapara - PI,2024,113.0,1563.37,487.0,601.0,114.0,9994.012
2210953,Tamboril do Piauí - PI,2024,70.0,2812.16,248.0,291.0,71.0,9602.338
2210979,Tanque do Piauí - PI,2024,58.0,2816.15,215.0,256.0,58.0,7750.68
2211001,Teresina - PI,2024,42407.0,3423.54,323467.0,377262.0,45868.0,14143388.375
2211100,União - PI,2024,928.0,2727.84,5517.0,6441.0,963.0,219696.904
2211209,Uruçuí - PI,2024,1516.0,2976.71,4854.0,6410.0,1584.0,183875.478
2211308,Valença do Piauí - PI,2024,870.0,2241.45,2280.0,3171.0,917.0,71280.848
2211357,Várzea Branca - PI,2024,107.0,3271.84,258.0,332.0,110.0,10741.505
2211407,Várzea Grande - PI,2024,94.0,2740.0,330.0,396.0,96.0,10948.152
2211506,Vera Mendes - PI,2024,65.0,2368.98,238.0,280.0,67.0,7482.065
2211605,Vila Nova do Piauí - PI,2024,93.0,2676.24,272.0,359.0,96.0,9955.829
2211704,Wall Ferraz - PI,2024,69.0,3884.67,157.0,208.0,69.0,15856.735
2300101,Abaiara - CE,2024,140.0,3798.94,912.0,1030.0,144.0,54306.553
2300150,Acarape - CE,2024,248.0,1964.47,2115.0,2360.0,255.0,51528.045
2300200,Acaraú - CE,2024,1275.0,2388.83,5990.0,7372.0,1333.0,182613.859
2300309,Acopiara - CE,2024,964.0,1471.37,3075.0,4032.0,1002.0,71915.1
2300408,Aiuaba - CE,2024,218.0,1482.16,1205.0,1400.0,223.0,23880.925
2300507,Alcântaras - CE,2024,189.0,1741.01,843.0,1010.0,191.0,19016.984
2300606,Altaneira - CE,2024,150.0,1907.86,897.0,1003.0,150.0,23267.881
2300705,Alto Santo - CE,2024,374.0,1962.1,1866.0,2302.0,385.0,51864.376
2300754,Amontada - CE,2024,824.0,2466.78,4298.0,5200.0,847.0,151150.028
2300804,Antonina do Norte - CE,2024,163.0,2329.12,652.0,774.0,166.0,19611.102
2300903,Apuiarés - CE,2024,287.0,2750.64,858.0,1115.0,291.0,29043.262
2301000,Aquiraz - CE,2024,2694.0,2864.95,21531.0,24595.0,2923.0,815420.807
2301109,Aracati - CE,2024,2371.0,1936.83,11641.0,14272.0,2523.0,295428.607
2301208,Aracoiaba - CE,2024,477.0,1815.68,3578.0,4039.0,493.0,84508.806
2301257,Ararendá - CE,2024,214.0,2112.14,937.0,1109.0,221.0,33011.099
2301307,Araripe - CE,2024,348.0,2911.81,1247.0,1551.0,356.0,48048.24
2301406,Aratuba - CE,2024,212.0,2253.65,1232.0,1411.0,216.0,37730.494
2301505,Arneiroz - CE,2024,146.0,2070.15,583.0,689.0,147.0,15664.391
2301604,Assaré - CE,2024,412.0,2298.43,1908.0,2280.0,429.0,54552.047
2301703,Aurora - CE,2024,394.0,2145.99,1835.0,2262.0,419.0,50097.106
2301802,Baixio - CE,2024,133.0,2218.95,406.0,511.0,135.0,12263.451
2301851,Banabuiú - CE,2024,342.0,2350.58,1390.0,1700.0,348.0,58013.811
2301901,Barbalha - CE,2024,1793.0,2419.76,13196.0,15234.0,1863.0,410607.412
2301950,Barreira - CE,2024,502.0,2854.25,1310.0,1793.0,509.0,52448.264
2302008,Barro - CE,2024,390.0,1859.69,1614.0,1984.0,411.0,38418.273
2302057,Barroquinha - CE,2024,278.0,2072.16,1621.0,1890.0,289.0,41425.201
2302107,Baturité - CE,2024,957.0,2101.67,4287.0,5256.0,989.0,123518.742
2302206,Beberibe - CE,2024,1207.0,1898.44,6337.0,7688.0,1266.0,155055.399
2302305,Bela Cruz - CE,2024,515.0,2443.32,1794.0,2301.0,536.0,68207.545
2302404,Boa Viagem - CE,2024,917.0,2455.77,4094.0,5037.0,951.0,129630.692
2302503,Brejo Santo - CE,2024,1184.0,2197.22,9640.0,11120.0,1246.0,278634.136
2302602,Camocim - CE,2024,1476.0,2088.2,7544.0,9092.0,1542.0,205394.22
2302701,Campos Sales - CE,2024,589.0,2096.16,2349.0,2921.0,611.0,64535.001
2302800,Canindé - CE,2024,1972.0,2469.15,9061.0,11079.0,2058.0,294496.632
2302909,Capistrano - CE,2024,269.0,2147.26,1281.0,1515.0,270.0,41413.982
2303006,Caridade - CE,2024,343.0,2126.11,1396.0,1725.0,353.0,36044.279
2303105,Cariré - CE,2024,311.0,1967.68,1039.0,1361.0,315.0,28451.949
2303204,Caririaçu - CE,2024,353.0,2407.86,1811.0,2116.0,356.0,57200.971
2303303,Cariús - CE,2024,324.0,2165.76,1025.0,1320.0,331.0,28829.251
2303402,Carnaubal - CE,2024,280.0,1830.57,1271.0,1594.0,287.0,39773.136
2303501,Cascavel - CE,2024,1788.0,2003.8,11411.0,13304.0,1873.0,284049.615
2303600,Catarina - CE,2024,221.0,2017.05,1036.0,1223.0,225.0,27407.126
2303659,Catunda - CE,2024,230.0,2668.42,1140.0,1332.0,239.0,38797.331
2303709,Caucaia - CE,2024,8734.0,2685.07,47623.0,56648.0,9243.0,1637287.574
2303808,Cedro - CE,2024,463.0,2435.39,1646.0,2112.0,480.0,50414.879
2303907,Chaval - CE,2024,210.0,1377.38,1615.0,1778.0,214.0,29089.897
2303931,Choró - CE,2024,215.0,2503.57,576.0,765.0,216.0,29064.275
2303956,Chorozinho - CE,2024,415.0,2008.51,2256.0,2682.0,418.0,58321.103
2304004,Coreaú - CE,2024,348.0,1477.59,1766.0,2084.0,364.0,40025.227
2304103,Crateús - CE,2024,2067.0,1972.83,8464.0,10697.0,2178.0,232870.702
2304202,Crato - CE,2024,3731.0,2614.72,19863.0,24105.0,3935.0,660929.534
2304236,Croatá - CE,2024,270.0,2555.6,1137.0,1380.0,281.0,42049.489
2304251,Cruz - CE,2024,1137.0,2156.81,3465.0,4699.0,1173.0,122129.503
2304269,Deputado Irapuan Pinheiro - CE,2024,182.0,2175.02,795.0,947.0,187.0,26340.694
2304277,Ereré - CE,2024,118.0,2410.74,656.0,743.0,119.0,20574.738
2304285,Eusébio - CE,2024,7398.0,2990.88,49385.0,59485.0,7581.0,1918252.876
2304301,Farias Brito - CE,2024,353.0,2503.63,1450.0,1781.0,364.0,47640.305
2304350,Forquilha - CE,2024,506.0,2135.27,2521.0,3015.0,512.0,79804.956
2304400,Fortaleza - CE,2024,132367.0,3526.35,853909.0,1025173.0,142434.0,38683833.19
2304459,Fortim - CE,2024,603.0,2140.62,2482.0,3218.0,617.0,73227.379
2304509,Frecheirinha - CE,2024,305.0,1368.28,6018.0,6293.0,324.0,105538.901
2304608,General Sampaio - CE,2024,180.0,1872.44,774.0,947.0,182.0,22470.782
2304657,Graça - CE,2024,208.0,2987.13,911.0,1106.0,218.0,34173.106
2304707,Granja - CE,2024,709.0,1968.63,4660.0,5306.0,749.0,116346.914
2304806,Granjeiro - CE,2024,95.0,1260.96,639.0,703.0,96.0,10864.65
2304905,Groaíras - CE,2024,364.0,2023.07,984.0,1339.0,366.0,30880.51
2304954,Guaiúba - CE,2024,378.0,2310.68,2510.0,2908.0,388.0,72183.72
2305001,Guaraciaba do Norte - CE,2024,1006.0,2558.15,3207.0,4256.0,1047.0,103960.948
2305100,Guaramiranga - CE,2024,286.0,1885.66,1043.0,1367.0,295.0,24737.138
2305209,Hidrolândia - CE,2024,396.0,2412.84,1321.0,1699.0,399.0,40673.205
2305233,Horizonte - CE,2024,1786.0,2086.43,23760.0,25636.0,2003.0,618257.775
2305266,Ibaretama - CE,2024,229.0,2529.53,943.0,1132.0,230.0,31317.262
2305308,Ibiapina - CE,2024,489.0,2926.19,1698.0,2174.0,509.0,56726.34
2305332,Ibicuitinga - CE,2024,211.0,2158.96,1100.0,1276.0,212.0,30269.452
2305357,Icapuí - CE,2024,714.0,2587.15,4064.0,4772.0,731.0,130515.1
2305407,Icó - CE,2024,1286.0,2166.16,5058.0,6418.0,1330.0,141872.472
2305506,Iguatu - CE,2024,3525.0,2366.73,15834.0,19761.0,3705.0,491465.086
2305605,Independência - CE,2024,594.0,2684.42,1478.0,2067.0,612.0,51958.867
2305654,Ipaporanga - CE,2024,169.0,1501.6,952.0,1100.0,171.0,29995.451
2305704,Ipaumirim - CE,2024,269.0,2637.37,1411.0,1650.0,287.0,42157.489
2305803,Ipu - CE,2024,985.0,2121.89,4192.0,5244.0,1015.0,117091.335
2305902,Ipueiras - CE,2024,557.0,2377.15,2103.0,2636.0,568.0,82981.362
2306009,Iracema - CE,2024,395.0,3008.82,1144.0,1516.0,417.0,44650.959
2306108,Irauçuba - CE,2024,438.0,2106.89,1634.0,2036.0,448.0,46049.456
2306207,Itaiçaba - CE,2024,188.0,2052.9,790.0,941.0,192.0,21268.217
2306256,Itaitinga - CE,2024,1693.0,2841.16,11319.0,13090.0,1831.0,438400.149
2306306,Itapajé - CE,2024,941.0,1851.0,4709.0,5685.0,961.0,134905.123
2306405,Itapipoca - CE,2024,2481.0,2302.92,16203.0,18929.0,2597.0,539097.986
2306504,Itapiúna - CE,2024,278.0,2502.46,1210.0,1456.0,283.0,34703.518
2306553,Itarema - CE,2024,1005.0,2478.87,3693.0,4757.0,1046.0,114556.897
2306603,Itatira - CE,2024,441.0,1853.39,2291.0,2699.0,459.0,53851.888
2306702,Jaguaretama - CE,2024,385.0,2142.71,1308.0,1653.0,393.0,36903.941
2306801,Jaguaribara - CE,2024,291.0,1871.28,1318.0,1576.0,298.0,31454.529
2306900,Jaguaribe - CE,2024,1075.0,2685.64,4339.0,5487.0,1122.0,160309.909
2307007,Jaguaruana - CE,2024,981.0,2082.13,4172.0,5235.0,1033.0,109104.953
2307106,Jardim - CE,2024,540.0,2838.2,1815.0,2378.0,552.0,70827.91
2307205,Jati - CE,2024,143.0,2281.79,788.0,907.0,145.0,26414.558
2307254,Jijoca de Jericoacoara - CE,2024,1339.0,1714.37,6109.0,7617.0,1422.0,135153.355
2307304,Juazeiro do Norte - CE,2024,10745.0,2463.28,56794.0,69573.0,11391.0,1796712.634
2307403,Jucás - CE,2024,443.0,2682.82,1853.0,2286.0,465.0,72682.874
2307502,Lavras da Mangabeira - CE,2024,588.0,2632.56,2368.0,2951.0,609.0,84583.605
2307601,Limoeiro do Norte - CE,2024,2094.0,2668.97,11273.0,13556.0,2189.0,373617.316
2307635,Madalena - CE,2024,459.0,2405.09,1472.0,1904.0,468.0,46370.149
2307650,Maracanaú - CE,2024,7357.0,2869.49,69510.0,77819.0,7823.0,2567379.931
2307700,Maranguape - CE,2024,2183.0,2223.75,15946.0,18429.0,2353.0,449909.907
2307809,Marco - CE,2024,699.0,2253.13,3895.0,4639.0,742.0,111046.738
2307908,Martinópole - CE,2024,205.0,1907.21,1009.0,1173.0,213.0,24587.41
2308005,Massapê - CE,2024,682.0,2274.49,3787.0,4453.0,705.0,112595.234
2308104,Mauriti - CE,2024,841.0,2383.49,4290.0,5181.0,875.0,129913.454
2308203,Meruoca - CE,2024,372.0,1913.01,1373.0,1753.0,374.0,33732.027
2308302,Milagres - CE,2024,534.0,2333.68,2661.0,3211.0,544.0,78242.549
2308351,Milhã - CE,2024,304.0,2608.59,989.0,1272.0,311.0,39265.578
2308377,Miraíma - CE,2024,170.0,1310.88,1114.0,1255.0,172.0,26117.765
2308401,Missão Velha - CE,2024,590.0,1696.31,4951.0,5568.0,612.0,108328.784
2308500,Mombaça - CE,2024,780.0,2221.61,3066.0,3849.0,813.0,90857.125
2308609,Monsenhor Tabosa - CE,2024,335.0,1507.59,1582.0,1911.0,354.0,37890.781
2308708,Morada Nova - CE,2024,1389.0,2052.49,10607.0,11979.0,1454.0,291700.529
2308807,Moraújo - CE,2024,120.0,1666.85,702.0,794.0,123.0,15002.79
2308906,Morrinhos - CE,2024,444.0,1923.73,2288.0,2716.0,452.0,54048.425
2309003,Mucambo - CE,2024,257.0,1733.85,1659.0,1908.0,272.0,36781.934
2309102,Mulungu - CE,2024,219.0,2416.18,1219.0,1409.0,221.0,36161.397
2309201,Nova Olinda - CE,2024,360.0,2192.82,1680.0,1991.0,372.0,47805.299
2309300,Nova Russas - CE,2024,827.0,1832.46,2655.0,3514.0,864.0,67071.103
2309409,Novo Oriente - CE,2024,588.0,1364.21,1943.0,2499.0,599.0,35067.945
2309458,Ocara - CE,2024,474.0,2628.09,1337.0,1801.0,483.0,60366.455
2309508,Orós - CE,2024,393.0,1846.37,1623.0,1990.0,405.0,39396.524
2309607,Pacajus - CE,2024,1764.0,2141.97,9808.0,11676.0,1842.0,284597.669
2309706,Pacatuba - CE,2024,1534.0,2216.71,9447.0,11039.0,1625.0,305821.953
2309805,Pacoti - CE,2024,284.0,2017.19,1250.0,1515.0,289.0,32337.191
2309904,Pacujá - CE,2024,158.0,1573.81,768.0,892.0,160.0,20937.659
2310001,Palhano - CE,2024,202.0,1608.86,1402.0,1624.0,205.0,29184.151
2310100,Palmácia - CE,2024,174.0,2506.55,876.0,999.0,180.0,28558.636
2310209,Paracuru - CE,2024,1098.0,2888.4,4314.0,5506.0,1130.0,158974.882
2310258,Paraipaba - CE,2024,802.0,2349.2,4793.0,5644.0,826.0,140376.754
2310308,Parambu - CE,2024,557.0,1465.55,2834.0,3396.0,568.0,54209.034
2310407,Paramoti - CE,2024,211.0,2256.18,742.0,918.0,211.0,26201.072
2310506,Pedra Branca - CE,2024,776.0,2011.21,4025.0,4772.0,807.0,102111.469
2310605,Penaforte - CE,2024,216.0,1862.05,982.0,1173.0,220.0,25147.839
2310704,Pentecoste - CE,2024,727.0,1991.93,4090.0,4835.0,746.0,104535.571
2310803,Pereiro - CE,2024,286.0,2123.39,5200.0,5482.0,298.0,139204.555
2310852,Pindoretama - CE,2024,632.0,2057.53,2816.0,3485.0,645.0,73822.591
2310902,Piquet Carneiro - CE,2024,270.0,2120.57,1231.0,1469.0,273.0,33741.663
2310951,Pires Ferreira - CE,2024,167.0,1360.58,1068.0,1203.0,169.0,17593.984
2311009,Poranga - CE,2024,182.0,1283.64,1304.0,1463.0,187.0,24031.864
2311108,Porteiras - CE,2024,253.0,2100.56,1847.0,2100.0,258.0,48888.512
2311207,Potengi - CE,2024,189.0,2509.12,681.0,832.0,191.0,25862.324
2311231,Potiretama - CE,2024,154.0,2127.43,714.0,831.0,157.0,22402.638
2311264,Quiterianópolis - CE,2024,379.0,2294.72,1921.0,2248.0,385.0,56703.627
2311306,Quixadá - CE,2024,1914.0,2180.16,10237.0,12302.0,2030.0,293740.607
2311355,Quixelô - CE,2024,309.0,2474.71,1332.0,1605.0,321.0,42308.628
2311405,Quixeramobim - CE,2024,1588.0,1945.81,16126.0,17831.0,1664.0,413586.736
2311504,Quixeré - CE,2024,560.0,2876.42,3887.0,4447.0,580.0,142432.77
2311603,Redenção - CE,2024,482.0,4665.03,3508.0,3964.0,506.0,205210.532
2311702,Reriutaba - CE,2024,482.0,1821.88,1616.0,2109.0,489.0,37976.039
2311801,Russas - CE,2024,2239.0,2205.95,13003.0,15350.0,2329.0,361911.118
2311900,Saboeiro - CE,2024,226.0,1825.67,1539.0,1738.0,227.0,37191.401
2311959,Salitre - CE,2024,290.0,1376.26,2251.0,2511.0,293.0,40589.066
2312007,Santana do Acaraú - CE,2024,580.0,2514.56,1877.0,2475.0,587.0,67925.4
2312106,Santana do Cariri - CE,2024,234.0,2340.83,1322.0,1523.0,241.0,39174.53
2312205,Santa Quitéria - CE,2024,1195.0,1837.59,6129.0,7320.0,1244.0,147012.459
2312304,São Benedito - CE,2024,1190.0,2225.09,5486.0,6764.0,1237.0,153504.903
2312403,São Gonçalo do Amarante - CE,2024,1598.0,4694.35,16792.0,18492.0,1663.0,1013112.851
2312502,São João do Jaguaribe - CE,2024,126.0,2135.7,583.0,687.0,130.0,16045.981
2312601,São Luís do Curu - CE,2024,215.0,1876.94,976.0,1148.0,228.0,23079.93
2312700,Senador Pompeu - CE,2024,523.0,2087.05,3216.0,3738.0,546.0,90078.154
2312809,Senador Sá - CE,2024,174.0,1492.12,768.0,920.0,177.0,14507.094
2312908,Sobral - CE,2024,6511.0,2646.04,54939.0,62609.0,6883.0,1824945.906
2313005,Solonópole - CE,2024,444.0,1885.84,2307.0,2734.0,463.0,67054.659
2313104,Tabuleiro do Norte - CE,2024,947.0,2264.88,3214.0,4200.0,970.0,94743.553
2313203,Tamboril - CE,2024,404.0,2275.31,1653.0,2027.0,418.0,53314.797
2313252,Tarrafas - CE,2024,138.0,2487.35,625.0,735.0,143.0,20783.642
2313302,Tauá - CE,2024,1525.0,1996.23,6820.0,8454.0,1590.0,168247.136
2313351,Tejuçuoca - CE,2024,246.0,1878.99,1777.0,1971.0,247.0,42179.12
2313401,Tianguá - CE,2024,2922.0,2296.57,11384.0,14680.0,3055.0,331050.477
2313500,Trairi - CE,2024,1365.0,2704.51,4268.0,5870.0,1422.0,164668.457
2313559,Tururu - CE,2024,180.0,1646.3,1772.0,1919.0,181.0,37232.52
2313609,Ubajara - CE,2024,861.0,2685.19,3352.0,4273.0,898.0,115164.044
2313708,Umari - CE,2024,118.0,1403.05,567.0,652.0,119.0,13897.87
2313757,Umirim - CE,2024,233.0,2153.83,1558.0,1780.0,238.0,42612.676
2313807,Uruburetama - CE,2024,332.0,1568.24,3176.0,3483.0,344.0,64811.305
2313906,Uruoca - CE,2024,258.0,2296.6,1566.0,1802.0,259.0,43541.192
2313955,Varjota - CE,2024,594.0,2068.15,2343.0,2947.0,610.0,73036.999
2314003,Várzea Alegre - CE,2024,874.0,2359.18,3419.0,4339.0,908.0,109744.883
2314102,Viçosa do Ceará - CE,2024,1114.0,1514.03,3949.0,5146.0,1154.0,76943.889
2400109,Acari - RN,2024,301.0,2105.22,1316.0,1596.0,313.0,35752.879
2400208,Assú - RN,2024,1969.0,2480.82,7528.0,9666.0,2065.0,248246.946
2400307,Afonso Bezerra - RN,2024,208.0,2152.93,858.0,1042.0,211.0,27351.072
2400406,Água Nova - RN,2024,61.0,2478.43,261.0,302.0,61.0,8398.023
2400505,Alexandria - RN,2024,353.0,2122.37,998.0,1348.0,360.0,28895.9
2400604,Almino Afonso - RN,2024,120.0,2817.41,306.0,402.0,121.0,11136.598
2400703,Alto do Rodrigues - RN,2024,450.0,3219.69,2872.0,3317.0,461.0,144479.634
2400802,Angicos - RN,2024,457.0,2293.05,926.0,1394.0,470.0,37674.648
2400901,Antônio Martins - RN,2024,110.0,2591.19,352.0,450.0,112.0,11858.65
2401008,Apodi - RN,2024,1058.0,2538.33,3569.0,4758.0,1118.0,118525.464
2401107,Areia Branca - RN,2024,721.0,2682.17,3999.0,4772.0,747.0,155362.425
2401206,Arez - RN,2024,193.0,2437.68,2894.0,3066.0,198.0,102357.593
2401305,Campo Grande - RN,2024,231.0,2664.95,404.0,619.0,242.0,16210.46
2401404,Baía Formosa - RN,2024,237.0,2459.58,2942.0,3162.0,244.0,86904.989
2401453,Baraúna - RN,2024,668.0,2789.27,4081.0,4703.0,682.0,164395.377
2401503,Barcelona - RN,2024,72.0,2146.21,522.0,563.0,73.0,16173.508
2401602,Bento Fernandes - RN,2024,97.0,2511.83,472.0,544.0,99.0,15071.67
2401651,Bodó - RN,2024,120.0,2951.64,257.0,353.0,123.0,12677.865
2401701,Bom Jesus - RN,2024,194.0,2648.05,418.0,591.0,197.0,23318.593
2401800,Brejinho - RN,2024,235.0,1880.59,1093.0,1298.0,245.0,32190.272
2401859,Caiçara do Norte - RN,2024,110.0,2194.85,721.0,811.0,112.0,20443.066
2401909,Caiçara do Rio do Vento - RN,2024,98.0,2769.91,228.0,286.0,99.0,17407.027
2402006,Caicó - RN,2024,2404.0,2363.84,11540.0,14370.0,2584.0,356681.955
2402105,Campo Redondo - RN,2024,187.0,3233.05,500.0,643.0,189.0,33542.609
2402204,Canguaretama - RN,2024,703.0,2384.44,2736.0,3429.0,732.0,101713.868
2402303,Caraúbas - RN,2024,549.0,3010.45,1516.0,2096.0,571.0,56480.842
2402402,Carnaúba dos Dantas - RN,2024,280.0,1787.39,1306.0,1598.0,291.0,31513.44
2402501,Carnaubais - RN,2024,241.0,2647.39,827.0,1028.0,252.0,31296.609
2402600,Ceará-Mirim - RN,2024,1475.0,2412.91,7325.0,8956.0,1639.0,259010.77
2402709,Cerro Corá - RN,2024,244.0,2921.41,738.0,985.0,254.0,30141.552
2402808,Coronel Ezequiel - RN,2024,69.0,2674.87,285.0,329.0,73.0,12540.973
2402907,Coronel João Pessoa - RN,2024,73.0,2867.21,234.0,278.0,74.0,8820.83
2403004,Cruzeta - RN,2024,218.0,1827.64,1100.0,1301.0,231.0,26269.932
2403103,Currais Novos - RN,2024,1654.0,2511.25,7960.0,9785.0,1741.0,234293.956
2403202,Doutor Severiano - RN,2024,102.0,3175.67,477.0,557.0,104.0,18658.593
2403251,Parnamirim - RN,2024,10058.0,2452.42,52323.0,63485.0,10479.0,1644178.895
2403301,Encanto - RN,2024,83.0,2081.63,511.0,577.0,84.0,13731.39
2403400,Equador - RN,2024,177.0,2307.27,705.0,857.0,187.0,21432.847
2403509,Espírito Santo - RN,2024,275.0,1813.7,1794.0,2038.0,281.0,37302.511
2403608,Extremoz - RN,2024,1190.0,2777.24,4369.0,5690.0,1701.0,149545.745
2403707,Felipe Guerra - RN,2024,168.0,2755.09,560.0,706.0,170.0,19987.58
2403756,Fernando Pedroza - RN,2024,105.0,2889.98,183.0,286.0,105.0,11415.956
2403806,Florânia - RN,2024,238.0,2467.13,878.0,1120.0,249.0,28123.624
2403905,Francisco Dantas - RN,2024,66.0,2179.72,339.0,374.0,68.0,9370.534
2404002,Frutuoso Gomes - RN,2024,105.0,2108.87,354.0,452.0,108.0,9726.939
2404101,Galinhos - RN,2024,79.0,2396.63,1104.0,1181.0,80.0,32596.846
2404200,Goianinha - RN,2024,720.0,2632.25,3855.0,4549.0,740.0,141316.485
2404309,Governador Dix-Sept Rosado - RN,2024,246.0,2726.85,1394.0,1624.0,252.0,48103.219
2404408,Grossos - RN,2024,288.0,1564.8,1107.0,1390.0,296.0,38132.409
2404507,Guamaré - RN,2024,475.0,5086.38,2423.0,2826.0,492.0,253520.479
2404606,Ielmo Marinho - RN,2024,119.0,2603.04,617.0,705.0,123.0,39226.459
2404705,Ipanguaçu - RN,2024,369.0,2238.36,1563.0,1904.0,376.0,46761.365
2404804,Ipueira - RN,2024,55.0,2811.93,289.0,328.0,55.0,10472.313
2404853,Itajá - RN,2024,233.0,1993.47,1244.0,1487.0,237.0,35260.691
2404903,Itaú - RN,2024,145.0,2471.09,441.0,568.0,149.0,15869.999
2405009,Jaçanã - RN,2024,158.0,2437.39,524.0,655.0,160.0,16275.544
2405108,Jandaíra - RN,2024,154.0,2427.25,993.0,1110.0,155.0,35503.645
2405207,Janduís - RN,2024,145.0,2975.66,352.0,456.0,147.0,14701.285
2405306,Januário Cicco - RN,2024,120.0,2533.22,497.0,582.0,124.0,20089.106
2405405,Japi - RN,2024,65.0,2724.44,385.0,419.0,65.0,14256.672
2405504,Jardim de Angicos - RN,2024,62.0,2318.88,222.0,258.0,64.0,11631.941
2405603,Jardim de Piranhas - RN,2024,333.0,2494.93,1529.0,1853.0,351.0,51843.272
2405702,Jardim do Seridó - RN,2024,433.0,2188.63,1586.0,2048.0,462.0,48617.463
2405801,João Câmara - RN,2024,1049.0,2926.31,3696.0,4713.0,1089.0,169101.229
2405900,João Dias - RN,2024,45.0,1316.64,344.0,366.0,45.0,5955.809
2406007,José da Penha - RN,2024,104.0,2301.95,385.0,463.0,108.0,13130.64
2406106,Jucurutu - RN,2024,420.0,2265.39,2408.0,2826.0,450.0,76217.833
2406155,Jundiá - RN,2024,71.0,2982.89,200.0,238.0,73.0,8650.486
2406205,Lagoa d'Anta - RN,2024,105.0,2480.34,310.0,398.0,108.0,16538.177
2406304,Lagoa de Pedras - RN,2024,92.0,2231.3,242.0,305.0,93.0,18768.93
2406403,Lagoa de Velhos - RN,2024,72.0,2881.58,288.0,333.0,73.0,10486.319
2406502,Lagoa Nova - RN,2024,440.0,2603.44,1493.0,2003.0,459.0,56276.91
2406601,Lagoa Salgada - RN,2024,162.0,2035.14,768.0,896.0,166.0,29299.366
2406700,Lajes - RN,2024,337.0,3067.42,1191.0,1507.0,344.0,62244.053
2406809,Lajes Pintadas - RN,2024,113.0,2406.56,409.0,482.0,117.0,14567.059
2406908,Lucrécia - RN,2024,165.0,2539.3,324.0,472.0,168.0,11928.802
2407005,Luís Gomes - RN,2024,145.0,2385.9,476.0,608.0,148.0,14733.582
2407104,Macaíba - RN,2024,1886.0,2670.04,12208.0,14258.0,2286.0,445145.476
2407203,Macau - RN,2024,836.0,3408.4,4327.0,5173.0,870.0,194875.792
2407252,Major Sales - RN,2024,99.0,3653.31,251.0,327.0,101.0,11910.287
2407302,Marcelino Vieira - RN,2024,134.0,2600.95,440.0,559.0,137.0,14520.377
2407401,Martins - RN,2024,257.0,2084.05,893.0,1161.0,265.0,29857.41
2407500,Maxaranguape - RN,2024,229.0,2343.6,710.0,934.0,230.0,30291.901
2407609,Messias Targino - RN,2024,125.0,1874.89,504.0,606.0,127.0,13580.226
2407708,Montanhas - RN,2024,155.0,2607.35,853.0,968.0,158.0,29700.937
2407807,Monte Alegre - RN,2024,374.0,2703.17,1754.0,2136.0,389.0,63311.376
2407906,Monte das Gameleiras - RN,2024,76.0,2652.17,339.0,394.0,76.0,13715.761
2408003,Mossoró - RN,2024,12753.0,2831.7,81997.0,97192.0,13622.0,2881310.505
2408102,Natal - RN,2024,43817.0,3963.97,310411.0,367921.0,46732.0,15722451.044
2408201,Nísia Floresta - RN,2024,712.0,2451.76,2533.0,3296.0,743.0,105420.12
2408300,Nova Cruz - RN,2024,707.0,2750.57,2743.0,3421.0,796.0,94364.314
2408409,Olho d'Água do Borges - RN,2024,127.0,2001.19,444.0,543.0,129.0,13557.963
2408508,Ouro Branco - RN,2024,125.0,2386.7,515.0,619.0,128.0,15869.115
2408607,Paraná - RN,2024,66.0,3673.61,176.0,228.0,68.0,8666.923
2408706,Paraú - RN,2024,81.0,3138.99,236.0,288.0,82.0,10045.034
2408805,Parazinho - RN,2024,133.0,3730.54,399.0,495.0,137.0,18189.29
2408904,Parelhas - RN,2024,872.0,2235.85,3326.0,4251.0,933.0,104873.524
2408953,Rio do Fogo - RN,2024,209.0,1790.63,619.0,817.0,210.0,29703.396
2409100,Passa e Fica - RN,2024,253.0,1919.1,1416.0,1653.0,261.0,31452.364
2409209,Passagem - RN,2024,88.0,2306.38,243.0,314.0,90.0,9785.548
2409308,Patu - RN,2024,300.0,2052.05,1098.0,1368.0,310.0,28485.12
2409332,Santa Maria - RN,2024,112.0,2798.24,388.0,463.0,113.0,15394.803
2409407,Pau dos Ferros - RN,2024,1402.0,2347.29,4945.0,6498.0,1458.0,156621.817
2409506,Pedra Grande - RN,2024,101.0,3322.15,349.0,438.0,101.0,24749.687
2409605,Pedra Preta - RN,2024,66.0,2736.7,231.0,263.0,66.0,8933.757
2409704,Pedro Avelino - RN,2024,190.0,2526.0,505.0,670.0,193.0,24033.76
2409803,Pedro Velho - RN,2024,232.0,3057.31,833.0,1029.0,237.0,38641.329
2409902,Pendências - RN,2024,274.0,2338.18,1912.0,2177.0,281.0,70779.009
2410009,Pilões - RN,2024,75.0,3588.48,194.0,252.0,75.0,9137.376
2410108,Poço Branco - RN,2024,148.0,2852.35,549.0,673.0,152.0,37089.822
2410207,Portalegre - RN,2024,175.0,2815.02,661.0,833.0,177.0,22532.084
2410256,Porto do Mangue - RN,2024,124.0,2472.28,913.0,1015.0,127.0,33816.026
2410306,Serra Caiada - RN,2024,161.0,2392.62,968.0,1099.0,166.0,34338.591
2410405,Pureza - RN,2024,134.0,1979.24,926.0,1055.0,135.0,25834.538
2410504,Rafael Fernandes - RN,2024,136.0,2649.77,230.0,365.0,138.0,7922.124
2410603,Rafael Godeiro - RN,2024,75.0,3038.25,304.0,364.0,77.0,11646.142
2410702,Riacho da Cruz - RN,2024,86.0,2563.16,271.0,348.0,87.0,9276.241
2410801,Riacho de Santana - RN,2024,59.0,2376.35,333.0,389.0,61.0,10137.074
2410900,Riachuelo - RN,2024,131.0,2792.48,713.0,817.0,133.0,25880.219
2411007,Rodolfo Fernandes - RN,2024,97.0,2114.7,425.0,503.0,99.0,11790.651
2411056,Tibau - RN,2024,764.0,2365.43,739.0,1431.0,772.0,31405.525
2411106,Ruy Barbosa - RN,2024,60.0,2976.61,336.0,362.0,60.0,12995.662
2411205,Santa Cruz - RN,2024,1087.0,2305.47,3519.0,4643.0,1143.0,129485.555
2411403,Santana do Matos - RN,2024,375.0,2542.18,1014.0,1407.0,387.0,33546.67
2411429,Santana do Seridó - RN,2024,93.0,2079.47,462.0,553.0,95.0,12970.766
2411502,Santo Antônio - RN,2024,511.0,2682.29,1608.0,2104.0,540.0,56628.108
2411601,São Bento do Norte - RN,2024,118.0,2383.81,961.0,1069.0,119.0,29692.273
2411700,São Bento do Trairí - RN,2024,70.0,2539.81,354.0,397.0,70.0,16382.998
2411809,São Fernando - RN,2024,97.0,2375.57,521.0,599.0,98.0,15943.675
2411908,São Francisco do Oeste - RN,2024,95.0,2379.42,517.0,589.0,97.0,16209.512
2412005,São Gonçalo do Amarante - RN,2024,2232.0,2408.53,15602.0,17939.0,2404.0,487748.819
2412104,São João do Sabugi - RN,2024,148.0,2758.92,386.0,517.0,163.0,12955.884
2412203,São José de Mipibu - RN,2024,1204.0,2403.04,8676.0,9918.0,1298.0,276303.147
2412302,São José do Campestre - RN,2024,224.0,2306.53,474.0,678.0,227.0,39382.4
2412401,São José do Seridó - RN,2024,153.0,1907.59,1070.0,1237.0,170.0,26838.654
2412500,São Miguel - RN,2024,613.0,3129.85,1428.0,2050.0,632.0,61334.002
2412559,São Miguel do Gostoso - RN,2024,491.0,2305.69,2016.0,2610.0,502.0,58673.264
2412609,São Paulo do Potengi - RN,2024,393.0,2222.71,1620.0,2007.0,413.0,52578.063
2412708,São Pedro - RN,2024,72.0,2490.17,338.0,393.0,76.0,13914.865
2412807,São Rafael - RN,2024,144.0,2836.53,333.0,451.0,144.0,17903.154
2412906,São Tomé - RN,2024,254.0,3051.13,726.0,945.0,257.0,29203.168
2413003,São Vicente - RN,2024,165.0,2131.8,558.0,689.0,166.0,17546.491
2413102,Senador Elói de Souza - RN,2024,122.0,3294.13,363.0,456.0,122.0,19510.905
2413201,Senador Georgino Avelino - RN,2024,71.0,2868.39,340.0,395.0,73.0,12913.227
2413300,Serra de São Bento - RN,2024,148.0,2306.28,384.0,501.0,148.0,13844.906
2413359,Serra do Mel - RN,2024,365.0,3102.48,1324.0,1760.0,372.0,52468.666
2413409,Serra Negra do Norte - RN,2024,243.0,1943.22,1222.0,1438.0,249.0,32618.88
2413508,Serrinha - RN,2024,120.0,2534.55,226.0,310.0,123.0,18024.804
2413557,Serrinha dos Pintos - RN,2024,119.0,2407.09,407.0,513.0,120.0,12107.893
2413607,Severiano Melo - RN,2024,141.0,2333.36,510.0,631.0,145.0,16033.198
2413706,Sítio Novo - RN,2024,81.0,3401.45,258.0,310.0,82.0,13767.971
2413805,Taboleiro Grande - RN,2024,68.0,2552.03,330.0,393.0,68.0,10589.564
2413904,Taipu - RN,2024,115.0,2259.22,918.0,1019.0,118.0,29268.264
2414001,Tangará - RN,2024,320.0,2962.25,1148.0,1449.0,324.0,41734.831
2414100,Tenente Ananias - RN,2024,233.0,2251.34,547.0,774.0,239.0,16370.406
2414159,Tenente Laurentino Cruz - RN,2024,177.0,2738.79,466.0,617.0,183.0,19751.832
2414209,Tibau do Sul - RN,2024,1143.0,2155.02,3967.0,5455.0,1189.0,126641.067
2414308,Timbaúba dos Batistas - RN,2024,71.0,2294.07,167.0,219.0,71.0,7477.193
2414407,Touros - RN,2024,751.0,2600.48,2633.0,3436.0,769.0,103780.32
2414456,Triunfo Potiguar - RN,2024,89.0,2162.4,374.0,451.0,93.0,11141.316
2414506,Umarizal - RN,2024,352.0,3278.9,682.0,1024.0,366.0,28213.52
2414605,Upanema - RN,2024,284.0,2758.66,1356.0,1647.0,290.0,44422.986
2414704,Várzea - RN,2024,90.0,2307.14,497.0,565.0,91.0,14690.16
2414753,Venha-Ver - RN,2024,60.0,2781.18,256.0,293.0,61.0,9303.122
2414803,Vera Cruz - RN,2024,242.0,2869.65,739.0,969.0,253.0,33044.379
2414902,Viçosa - RN,2024,55.0,2474.02,129.0,161.0,56.0,6413.471
2415008,Vila Flor - RN,2024,74.0,2037.62,381.0,428.0,75.0,10461.589
2500106,Água Branca - PB,2024,159.0,2409.09,791.0,925.0,164.0,24303.531
2500205,Aguiar - PB,2024,110.0,3158.28,489.0,566.0,112.0,18761.702
2500304,Alagoa Grande - PB,2024,421.0,2447.12,2369.0,2786.0,441.0,75301.344
2500403,Alagoa Nova - PB,2024,269.0,2529.65,1708.0,1955.0,274.0,55832.639
2500502,Alagoinha - PB,2024,197.0,2414.22,1146.0,1324.0,204.0,35443.934
2500536,Alcantil - PB,2024,88.0,2211.34,543.0,606.0,89.0,15317.786
2500577,Algodão de Jandaíra - PB,2024,47.0,2252.63,340.0,368.0,47.0,11137.351
2500601,Alhandra - PB,2024,502.0,2672.96,5709.0,6159.0,657.0,196959.936
2500700,São João do Rio do Peixe - PB,2024,411.0,2208.36,2169.0,2615.0,416.0,65562.82
2500734,Amparo - PB,2024,66.0,2218.73,360.0,393.0,66.0,10178.598
2500775,Aparecida - PB,2024,155.0,2335.79,605.0,753.0,156.0,21750.65
2500809,Araçagi - PB,2024,214.0,2530.53,1291.0,1475.0,215.0,41676.094
2500908,Arara - PB,2024,198.0,2468.46,823.0,1007.0,207.0,26971.038
2501005,Araruna - PB,2024,287.0,2749.69,1452.0,1718.0,309.0,50532.566
2501104,Areia - PB,2024,473.0,2778.79,2052.0,2492.0,490.0,71046.011
2501153,Areia de Baraúnas - PB,2024,45.0,2333.77,298.0,322.0,45.0,8736.411
2501203,Areial - PB,2024,131.0,2365.19,695.0,803.0,132.0,20125.79
2501302,Aroeiras - PB,2024,211.0,2299.86,1514.0,1710.0,219.0,47396.785
2501351,Assunção - PB,2024,88.0,2678.96,426.0,497.0,94.0,14931.148
2501401,Baía da Traição - PB,2024,158.0,1983.07,948.0,1071.0,170.0,22986.086
2501500,Bananeiras - PB,2024,450.0,2457.22,1975.0,2442.0,461.0,68610.216
2501534,Baraúna - PB,2024,112.0,2650.53,421.0,512.0,113.0,13645.624
2501575,Barra de Santana - PB,2024,75.0,3077.68,614.0,672.0,76.0,24041.539
2501609,Barra de Santa Rosa - PB,2024,244.0,3142.79,1011.0,1217.0,260.0,39050.047
2501708,Barra de São Miguel - PB,2024,88.0,2483.57,571.0,651.0,88.0,17720.056
2501807,Bayeux - PB,2024,1717.0,2320.24,12899.0,14634.0,1806.0,378701.993
2501906,Belém - PB,2024,330.0,2137.94,1774.0,2062.0,343.0,52049.168
2502003,Belém do Brejo do Cruz - PB,2024,129.0,2891.98,626.0,723.0,137.0,22669.099
2502052,Bernardino Batista - PB,2024,70.0,2356.49,446.0,491.0,70.0,13722.694
2502102,Boa Ventura - PB,2024,114.0,2260.45,525.0,610.0,115.0,14981.477
2502151,Boa Vista - PB,2024,143.0,2695.98,1343.0,1492.0,145.0,45274.994
2502201,Bom Jesus - PB,2024,73.0,2473.76,207.0,311.0,73.0,10231.999
2502300,Bom Sucesso - PB,2024,103.0,2337.53,471.0,550.0,104.0,14584.033
2502409,Bonito de Santa Fé - PB,2024,195.0,2732.56,446.0,605.0,198.0,21641.866
2502508,Boqueirão - PB,2024,375.0,2468.72,1626.0,2017.0,385.0,50387.249
2502607,Igaracy - PB,2024,119.0,2599.36,442.0,526.0,119.0,14976.499
2502706,Borborema - PB,2024,92.0,2650.01,329.0,405.0,92.0,13914.083
2502805,Brejo do Cruz - PB,2024,280.0,3108.97,1116.0,1382.0,333.0,43190.751
2502904,Brejo dos Santos - PB,2024,114.0,2506.09,556.0,666.0,125.0,19657.622
2503001,Caaporã - PB,2024,413.0,2250.07,5286.0,5615.0,444.0,153714.68
2503100,Cabaceiras - PB,2024,132.0,2433.35,527.0,634.0,141.0,15069.573
2503209,Cabedelo - PB,2024,3418.0,3175.98,21751.0,24723.0,3576.0,864299.926
2503308,Cachoeira dos Índios - PB,2024,165.0,2512.62,670.0,816.0,169.0,23797.092
2503407,Cacimba de Areia - PB,2024,73.0,2720.94,222.0,272.0,74.0,10127.079
2503506,Cacimba de Dentro - PB,2024,193.0,2797.4,974.0,1151.0,210.0,36273.405
2503555,Cacimbas - PB,2024,123.0,2802.2,543.0,634.0,124.0,20857.211
2503605,Caiçara - PB,2024,109.0,2678.06,475.0,564.0,116.0,17085.346
2503704,Cajazeiras - PB,2024,2409.0,3064.69,11892.0,14693.0,2564.0,456206.603
2503753,Cajazeirinhas - PB,2024,61.0,2777.44,237.0,306.0,61.0,13759.531
2503803,Caldas Brandão - PB,2024,89.0,2398.91,662.0,754.0,94.0,20583.251
2503902,Camalaú - PB,2024,117.0,2136.17,555.0,646.0,118.0,15613.491
2504009,Campina Grande - PB,2024,16877.0,2800.96,116359.0,137241.0,18578.0,4120167.249
2504033,Capim - PB,2024,117.0,2627.64,455.0,555.0,119.0,20756.602
2504074,Caraúbas - PB,2024,84.0,2548.54,413.0,473.0,84.0,13162.968
2504108,Carrapateira - PB,2024,47.0,3435.77,289.0,315.0,47.0,12934.535
2504157,Casserengue - PB,2024,111.0,2547.38,527.0,625.0,115.0,20203.034
2504207,Catingueira - PB,2024,100.0,2518.68,497.0,572.0,101.0,16176.601
2504306,Catolé do Rocha - PB,2024,1035.0,2230.89,4370.0,5542.0,1118.0,121936.684
2504355,Caturité - PB,2024,89.0,2212.42,461.0,525.0,92.0,16724.466
2504405,Conceição - PB,2024,543.0,2600.09,1375.0,1920.0,556.0,47457.454
2504504,Condado - PB,2024,104.0,2833.58,428.0,509.0,110.0,17314.635
2504603,Conde - PB,2024,966.0,2543.4,8366.0,9265.0,1034.0,258444.973
2504702,Congo - PB,2024,121.0,2374.3,547.0,660.0,122.0,16454.327
2504801,Coremas - PB,2024,484.0,2619.29,713.0,1203.0,502.0,23603.662
2504850,Coxixola - PB,2024,54.0,2466.61,264.0,303.0,54.0,8316.608
2504900,Cruz do Espírito Santo - PB,2024,212.0,1976.93,2015.0,2205.0,222.0,50861.438
2505006,Cubati - PB,2024,140.0,2490.17,805.0,925.0,143.0,24523.845
2505105,Cuité - PB,2024,467.0,2428.6,1602.0,2081.0,494.0,51166.535
2505204,Cuitegi - PB,2024,94.0,1991.6,718.0,792.0,95.0,18111.357
2505238,Cuité de Mamanguape - PB,2024,83.0,2131.37,688.0,747.0,84.0,19858.22
2505279,Curral de Cima - PB,2024,76.0,2682.87,686.0,746.0,77.0,19343.979
2505303,Curral Velho - PB,2024,53.0,2281.98,271.0,303.0,53.0,8043.278
2505352,Damião - PB,2024,91.0,2837.83,499.0,564.0,93.0,17863.742
2505402,Desterro - PB,2024,161.0,2421.05,452.0,592.0,162.0,18369.318
2505501,Vista Serrana - PB,2024,71.0,2708.79,341.0,382.0,71.0,11812.286
2505600,Diamante - PB,2024,145.0,2049.45,308.0,426.0,149.0,11571.53
2505709,Dona Inês - PB,2024,156.0,2823.61,556.0,684.0,156.0,22875.731
2505808,Duas Estradas - PB,2024,68.0,2644.98,371.0,412.0,69.0,12778.405
2505907,Emas - PB,2024,77.0,2065.7,425.0,489.0,77.0,12048.61
2506004,Esperança - PB,2024,1266.0,2257.54,4567.0,5936.0,1301.0,131309.302
2506103,Fagundes - PB,2024,135.0,2990.65,707.0,806.0,135.0,26664.406
2506202,Frei Martinho - PB,2024,65.0,2946.87,222.0,262.0,65.0,11202.423
2506251,Gado Bravo - PB,2024,80.0,2986.75,520.0,573.0,80.0,21010.838
2506301,Guarabira - PB,2024,1969.0,2186.81,11606.0,13831.0,2089.0,324618.428
2506400,Gurinhém - PB,2024,191.0,2612.11,1424.0,1615.0,195.0,45417.006
2506509,Gurjão - PB,2024,81.0,2222.28,446.0,500.0,82.0,12795.229
2506608,Ibiara - PB,2024,123.0,2396.11,404.0,513.0,124.0,12014.979
2506707,Imaculada - PB,2024,156.0,3088.91,521.0,648.0,162.0,20530.051
2506806,Ingá - PB,2024,341.0,1911.13,2642.0,2953.0,347.0,68401.681
2506905,Itabaiana - PB,2024,552.0,2487.57,2372.0,2992.0,584.0,80053.881
2507002,Itaporanga - PB,2024,792.0,2336.3,3180.0,4023.0,804.0,96114.239
2507101,Itapororoca - PB,2024,269.0,2444.9,1620.0,1865.0,272.0,49469.204
2507200,Itatuba - PB,2024,119.0,2210.5,1209.0,1305.0,121.0,33183.255
2507309,Jacaraú - PB,2024,291.0,2889.44,1121.0,1382.0,299.0,48269.973
2507408,Jericó - PB,2024,148.0,2414.4,434.0,558.0,160.0,20887.558
2507507,João Pessoa - PB,2024,48049.0,3623.58,324808.0,381401.0,52120.0,14889954.345
2507606,Juarez Távora - PB,2024,131.0,2228.93,558.0,655.0,133.0,19187.418
2507705,Juazeirinho - PB,2024,308.0,2271.59,1929.0,2202.0,332.0,56374.822
2507804,Junco do Seridó - PB,2024,188.0,2436.28,642.0,828.0,198.0,20789.597
2507903,Juripiranga - PB,2024,175.0,2290.77,641.0,819.0,182.0,30090.573
2508000,Juru - PB,2024,175.0,2724.28,489.0,639.0,184.0,21523.484
2508109,Lagoa - PB,2024,80.0,1947.45,517.0,589.0,87.0,13016.896
2508208,Lagoa de Dentro - PB,2024,111.0,2340.39,751.0,814.0,114.0,23118.777
2508307,Lagoa Seca - PB,2024,431.0,2450.5,2152.0,2605.0,440.0,75343.095
2508406,Lastro - PB,2024,59.0,2155.94,326.0,357.0,65.0,8755.971
2508505,Livramento - PB,2024,129.0,2653.65,548.0,636.0,130.0,18810.43
2508554,Logradouro - PB,2024,63.0,2711.08,344.0,392.0,69.0,11972.03
2508604,Lucena - PB,2024,282.0,2076.0,2363.0,2615.0,292.0,63808.247
2508703,Mãe d'Água - PB,2024,55.0,2420.64,425.0,462.0,60.0,12926.267
2508802,Malta - PB,2024,113.0,2722.3,512.0,600.0,113.0,17119.531
2508901,Mamanguape - PB,2024,1050.0,2470.04,8568.0,9623.0,1089.0,269318.476
2509008,Manaíra - PB,2024,174.0,2925.67,413.0,541.0,175.0,20628.343
2509057,Marcação - PB,2024,106.0,2374.26,743.0,815.0,108.0,22588.204
2509107,Mari - PB,2024,324.0,2355.48,1984.0,2296.0,335.0,56163.322
2509156,Marizópolis - PB,2024,149.0,2376.14,501.0,632.0,152.0,21072.685
2509206,Massaranduba - PB,2024,170.0,2404.52,1269.0,1411.0,173.0,36124.424
2509305,Mataraca - PB,2024,166.0,2465.2,1495.0,1630.0,176.0,42146.091
2509339,Matinhas - PB,2024,60.0,2268.83,461.0,504.0,60.0,13224.303
2509370,Mato Grosso - PB,2024,51.0,2593.17,313.0,356.0,51.0,10584.98
2509396,Maturéia - PB,2024,124.0,2628.1,440.0,544.0,125.0,16628.25
2509404,Mogeiro - PB,2024,197.0,2408.35,1106.0,1279.0,200.0,45569.361
2509503,Montadas - PB,2024,79.0,2364.24,548.0,612.0,81.0,20684.392
2509602,Monte Horebe - PB,2024,105.0,2913.38,244.0,328.0,106.0,14190.611
2509701,Monteiro - PB,2024,833.0,2089.95,4124.0,5008.0,862.0,104080.743
2509800,Mulungu - PB,2024,107.0,2008.12,681.0,785.0,112.0,19417.363
2509909,Natuba - PB,2024,108.0,2612.08,700.0,778.0,115.0,23189.986
2510006,Nazarezinho - PB,2024,113.0,2558.22,456.0,545.0,120.0,15117.906
2510105,Nova Floresta - PB,2024,176.0,2478.24,708.0,865.0,186.0,21846.092
2510204,Nova Olinda - PB,2024,99.0,2684.05,379.0,458.0,100.0,17376.867
2510303,Nova Palmeira - PB,2024,125.0,2750.22,420.0,528.0,130.0,14916.782
2510402,Olho d'Água - PB,2024,84.0,2506.62,460.0,522.0,84.0,14809.396
2510501,Olivedos - PB,2024,65.0,2885.78,307.0,352.0,67.0,11220.77
2510600,Ouro Velho - PB,2024,68.0,2500.29,337.0,381.0,68.0,10969.677
2510659,Parari - PB,2024,55.0,2026.72,260.0,292.0,55.0,8093.906
2510709,Passagem - PB,2024,74.0,2188.25,324.0,375.0,74.0,9882.594
2510808,Patos - PB,2024,3842.0,2338.46,17612.0,21990.0,4073.0,529769.014
2510907,Paulista - PB,2024,227.0,3034.09,722.0,946.0,237.0,27140.813
2511004,Pedra Branca - PB,2024,90.0,2558.76,378.0,442.0,91.0,11983.318
2511103,Pedra Lavrada - PB,2024,155.0,2563.6,1585.0,1737.0,161.0,50004.507
2511202,Pedras de Fogo - PB,2024,730.0,2242.49,5907.0,6645.0,745.0,165344.486
2511301,Piancó - PB,2024,460.0,2626.62,1240.0,1695.0,478.0,48258.993
2511400,Picuí - PB,2024,463.0,3017.61,1760.0,2233.0,485.0,66373.878
2511509,Pilar - PB,2024,198.0,1851.09,1803.0,1975.0,206.0,40955.59
2511608,Pilões - PB,2024,166.0,2391.73,608.0,739.0,168.0,18133.441
2511707,Pilõezinhos - PB,2024,59.0,2495.78,417.0,456.0,59.0,13204.183
2511806,Pirpirituba - PB,2024,198.0,2762.08,737.0,946.0,199.0,25840.097
2511905,Pitimbu - PB,2024,354.0,2715.76,2578.0,2938.0,362.0,89653.88
2512002,Pocinhos - PB,2024,294.0,2846.11,1474.0,1758.0,305.0,54819.554
2512036,Poço Dantas - PB,2024,79.0,3038.66,416.0,467.0,81.0,16860.481
2512077,Poço de José de Moura - PB,2024,100.0,2637.99,313.0,397.0,101.0,18195.303
2512101,Pombal - PB,2024,976.0,2748.38,3192.0,4296.0,1052.0,114158.615
2512200,Prata - PB,2024,115.0,2404.81,429.0,513.0,116.0,13350.98
2512309,Princesa Isabel - PB,2024,526.0,2283.33,1868.0,2374.0,550.0,56969.251
2512408,Puxinanã - PB,2024,214.0,2305.01,1356.0,1574.0,222.0,41489.781
2512507,Queimadas - PB,2024,894.0,2273.26,4519.0,5451.0,922.0,132587.709
2512606,Quixaba - PB,2024,58.0,2575.28,202.0,253.0,58.0,9396.794
2512705,Remígio - PB,2024,338.0,2037.77,1696.0,2014.0,355.0,45871.244
2512721,Pedro Régis - PB,2024,70.0,2507.19,491.0,541.0,73.0,15662.763
2512747,Riachão - PB,2024,60.0,2033.82,480.0,515.0,63.0,12803.66
2512754,Riachão do Bacamarte - PB,2024,74.0,2484.48,505.0,557.0,76.0,16012.149
2512762,Riachão do Poço - PB,2024,63.0,2823.32,495.0,548.0,63.0,17182.939
2512788,Riacho de Santo Antônio - PB,2024,60.0,2406.48,353.0,382.0,60.0,10874.091
2512804,Riacho dos Cavalos - PB,2024,177.0,2633.76,551.0,718.0,182.0,21939.26
2512903,Rio Tinto - PB,2024,467.0,2366.78,3684.0,4156.0,479.0,101902.184
2513000,Salgadinho - PB,2024,63.0,2962.05,291.0,352.0,64.0,11244.73
2513109,Salgado de São Félix - PB,2024,113.0,2031.8,1155.0,1240.0,115.0,40230.246
2513158,Santa Cecília - PB,2024,127.0,2462.78,530.0,657.0,129.0,18422.764
2513208,Santa Cruz - PB,2024,130.0,2554.08,480.0,598.0,138.0,16819.689
2513307,Santa Helena - PB,2024,98.0,2366.81,569.0,646.0,100.0,17601.764
2513356,Santa Inês - PB,2024,54.0,2210.48,365.0,415.0,54.0,10357.669
2513406,Santa Luzia - PB,2024,441.0,2393.17,1859.0,2299.0,459.0,57696.36
2513505,Santana de Mangueira - PB,2024,92.0,2625.5,464.0,534.0,92.0,15712.768
2513604,Santana dos Garrotes - PB,2024,126.0,2337.18,518.0,626.0,128.0,16187.356
2513653,Joca Claudino - PB,2024,49.0,3307.94,247.0,268.0,49.0,13464.736
2513703,Santa Rita - PB,2024,2174.0,2485.26,23351.0,25677.0,2532.0,731572.884
2513802,Santa Teresinha - PB,2024,90.0,2474.34,498.0,578.0,91.0,16542.548
2513851,Santo André - PB,2024,65.0,2186.99,206.0,239.0,65.0,9205.049
2513901,São Bento - PB,2024,1090.0,2066.34,4028.0,5151.0,1233.0,106933.171
2513927,São Bentinho - PB,2024,88.0,2914.15,322.0,406.0,104.0,12385.408
2513943,São Domingos do Cariri - PB,2024,42.0,3061.58,236.0,265.0,42.0,9047.45
2513968,São Domingos - PB,2024,55.0,2020.22,452.0,499.0,57.0,11891.063
2513984,São Francisco - PB,2024,75.0,2618.22,327.0,374.0,75.0,11390.102
2514008,São João do Cariri - PB,2024,115.0,1965.35,668.0,785.0,118.0,18522.88
2514107,São João do Tigre - PB,2024,69.0,2565.33,340.0,379.0,70.0,11413.454
2514206,São José da Lagoa Tapada - PB,2024,147.0,2572.29,544.0,683.0,155.0,18008.959
2514305,São José de Caiana - PB,2024,91.0,3254.61,348.0,407.0,91.0,14898.583
2514404,São José de Espinharas - PB,2024,72.0,2872.4,382.0,442.0,72.0,13911.067
2514453,São José dos Ramos - PB,2024,69.0,2352.93,636.0,701.0,69.0,19682.555
2514503,São José de Piranhas - PB,2024,351.0,2709.29,968.0,1342.0,357.0,57648.011
2514552,São José de Princesa - PB,2024,52.0,2516.7,233.0,265.0,52.0,7637.465
2514602,São José do Bonfim - PB,2024,65.0,3735.95,163.0,211.0,65.0,7726.104
2514651,São José do Brejo do Cruz - PB,2024,34.0,2635.2,291.0,307.0,34.0,10353.666
2514701,São José do Sabugi - PB,2024,120.0,2901.5,394.0,490.0,129.0,15744.114
2514800,São José dos Cordeiros - PB,2024,77.0,1465.49,414.0,461.0,77.0,7626.266
2514909,São Mamede - PB,2024,240.0,2835.74,555.0,783.0,252.0,20599.196
2515005,São Miguel de Taipu - PB,2024,117.0,2298.74,734.0,834.0,119.0,21397.558
2515104,São Sebastião de Lagoa de Roça - PB,2024,145.0,2427.9,871.0,995.0,149.0,27261.913
2515203,São Sebastião do Umbuzeiro - PB,2024,86.0,2543.64,206.0,266.0,86.0,10118.928
2515302,Sapé - PB,2024,829.0,2535.27,4777.0,5575.0,877.0,165774.885
2515401,São Vicente do Seridó - PB,2024,154.0,2826.56,407.0,538.0,159.0,27976.711
2515500,Serra Branca - PB,2024,291.0,2176.24,1135.0,1433.0,304.0,33263.299
2515609,Serra da Raiz - PB,2024,58.0,2399.24,468.0,509.0,58.0,14358.393
2515708,Serra Grande - PB,2024,75.0,2768.09,270.0,317.0,75.0,9671.37
2515807,Serra Redonda - PB,2024,109.0,2353.3,350.0,432.0,109.0,15049.55
2515906,Serraria - PB,2024,90.0,2688.36,444.0,500.0,99.0,15415.182
2515930,Sertãozinho - PB,2024,79.0,2513.26,384.0,436.0,83.0,16140.801
2515971,Sobrado - PB,2024,122.0,2462.49,654.0,774.0,122.0,23772.096
2516003,Solânea - PB,2024,766.0,2543.76,2271.0,3059.0,795.0,76076.695
2516102,Soledade - PB,2024,366.0,2259.45,1704.0,2058.0,381.0,48464.109
2516151,Sossêgo - PB,2024,71.0,2481.98,407.0,455.0,71.0,13077.308
2516201,Sousa - PB,2024,2747.0,2402.69,10580.0,13898.0,2930.0,328501.636
2516300,Sumé - PB,2024,514.0,2492.34,1509.0,2018.0,538.0,51195.352
2516409,Tacima - PB,2024,112.0,2177.57,819.0,899.0,116.0,22913.357
2516508,Taperoá - PB,2024,259.0,2118.37,1175.0,1418.0,268.0,32329.989
2516607,Tavares - PB,2024,212.0,2346.62,975.0,1161.0,217.0,33210.781
2516706,Teixeira - PB,2024,305.0,2184.01,1746.0,2023.0,315.0,48008.294
2516755,Tenório - PB,2024,73.0,2577.47,313.0,363.0,73.0,10649.574
2516805,Triunfo - PB,2024,155.0,2299.73,665.0,794.0,158.0,26864.953
2516904,Uiraúna - PB,2024,440.0,2272.82,1854.0,2274.0,446.0,54402.281
2517001,Umbuzeiro - PB,2024,145.0,2049.49,1215.0,1332.0,145.0,31190.851
2517100,Várzea - PB,2024,105.0,2409.38,351.0,436.0,105.0,11198.242
2517209,Vieirópolis - PB,2024,87.0,2461.78,358.0,421.0,88.0,14148.885
2517407,Zabelê - PB,2024,51.0,2519.43,139.0,170.0,51.0,8542.208
2600054,Abreu e Lima - PE,2024,1731.0,2746.51,11840.0,13686.0,1800.0,420894.464
2600104,Afogados da Ingazeira - PE,2024,1115.0,2739.91,4206.0,5383.0,1160.0,147902.578
2600203,Afrânio - PE,2024,340.0,1930.1,1723.0,2059.0,355.0,43358.939
2600302,Agrestina - PE,2024,448.0,2076.08,2829.0,3277.0,461.0,79078.059
2600401,Água Preta - PE,2024,320.0,1791.06,2503.0,2796.0,337.0,53470.282
2600500,Águas Belas - PE,2024,568.0,2446.99,2108.0,2656.0,594.0,93798.939
2600609,Alagoinha - PE,2024,205.0,2072.24,1124.0,1307.0,209.0,29141.972
2600708,Aliança - PE,2024,751.0,1984.37,4188.0,5003.0,805.0,95578.329
2600807,Altinho - PE,2024,1129.0,2267.15,1273.0,2401.0,1134.0,41888.112
2600906,Amaraji - PE,2024,326.0,1822.05,1572.0,1856.0,335.0,42771.071
2601003,Angelim - PE,2024,141.0,2639.48,995.0,1110.0,144.0,33279.703
2601052,Araçoiaba - PE,2024,259.0,2051.86,1568.0,1807.0,262.0,43000.046
2601102,Araripina - PE,2024,2341.0,2423.69,8912.0,11748.0,2442.0,306110.505
2601201,Arcoverde - PE,2024,2296.0,2530.24,10390.0,12964.0,2453.0,339127.895
2601300,Barra de Guabiraba - PE,2024,199.0,2070.81,1185.0,1350.0,203.0,31624.93
2601409,Barreiros - PE,2024,937.0,2412.43,5101.0,6016.0,969.0,161712.682
2601508,Belém de Maria - PE,2024,141.0,2345.73,948.0,1056.0,145.0,22023.138
2601607,Belém do São Francisco - PE,2024,349.0,2185.67,2587.0,2999.0,368.0,76762.501
2601706,Belo Jardim - PE,2024,1735.0,2779.67,16030.0,17908.0,1860.0,572562.482
2601805,Betânia - PE,2024,147.0,2223.92,905.0,1024.0,152.0,26284.982
2601904,Bezerros - PE,2024,1563.0,1995.25,10125.0,11851.0,1626.0,263002.464
2602001,Bodocó - PE,2024,506.0,2873.31,1523.0,2126.0,527.0,58136.194
2602100,Bom Conselho - PE,2024,724.0,2352.65,3124.0,3833.0,768.0,93701.154
2602209,Bom Jardim - PE,2024,543.0,1733.34,2919.0,3472.0,561.0,68083.673
2602308,Bonito - PE,2024,775.0,2363.66,4260.0,5090.0,813.0,141485.524
2602407,Brejão - PE,2024,169.0,2311.6,930.0,1088.0,172.0,27398.513
2602506,Brejinho - PE,2024,140.0,2284.3,689.0,795.0,141.0,19999.909
2602605,Brejo da Madre de Deus - PE,2024,663.0,2013.28,4403.0,5100.0,731.0,112467.438
2602704,Buenos Aires - PE,2024,174.0,2206.15,805.0,992.0,177.0,24055.036
2602803,Buíque - PE,2024,582.0,2397.88,3507.0,4093.0,618.0,106299.824
2602902,Cabo de Santo Agostinho - PE,2024,5187.0,3109.15,47770.0,53136.0,5522.0,1903319.578
2603009,Cabrobó - PE,2024,630.0,2331.16,3397.0,4038.0,694.0,101570.414
2603108,Cachoeirinha - PE,2024,358.0,2161.28,1387.0,1730.0,364.0,37372.78
2603207,Caetés - PE,2024,311.0,2455.61,1983.0,2272.0,316.0,60412.267
2603306,Calçado - PE,2024,127.0,2253.0,789.0,890.0,127.0,21828.166
2603405,Calumbi - PE,2024,102.0,2482.35,330.0,396.0,105.0,12417.384
2603454,Camaragibe - PE,2024,3270.0,2539.25,16245.0,19930.0,3416.0,525460.638
2603504,Camocim de São Félix - PE,2024,333.0,1986.3,1246.0,1572.0,338.0,32033.401
2603603,Camutanga - PE,2024,150.0,1749.17,4611.0,4739.0,152.0,99095.869
2603702,Canhotinho - PE,2024,306.0,2435.75,2352.0,2621.0,319.0,73816.77
2603801,Capoeiras - PE,2024,255.0,2351.35,1578.0,1800.0,264.0,46734.725
2603900,Carnaíba - PE,2024,320.0,2763.08,1391.0,1699.0,327.0,48752.052
2603926,Carnaubeira da Penha - PE,2024,168.0,1826.15,715.0,847.0,202.0,17556.599
2604007,Carpina - PE,2024,2795.0,1964.23,13650.0,16887.0,2941.0,350185.227
2604106,Caruaru - PE,2024,17202.0,2335.6,83224.0,103815.0,18355.0,2504734.066
2604155,Casinhas - PE,2024,145.0,2682.45,779.0,884.0,145.0,26862.857
2604205,Catende - PE,2024,515.0,2313.36,2223.0,2714.0,531.0,76924.457
2604304,Cedro - PE,2024,221.0,1964.0,724.0,913.0,227.0,22459.69
2604403,Chã de Alegria - PE,2024,233.0,2220.08,1206.0,1380.0,241.0,34707.779
2604502,Chã Grande - PE,2024,459.0,2545.48,1766.0,2314.0,463.0,60713.2
2604601,Condado - PE,2024,434.0,2081.35,2118.0,2529.0,447.0,57563.891
2604700,Correntes - PE,2024,171.0,2621.16,1008.0,1155.0,177.0,34445.186
2604809,Cortês - PE,2024,151.0,2114.44,1158.0,1278.0,153.0,32146.295
2604908,Cumaru - PE,2024,213.0,1964.54,1378.0,1559.0,213.0,34516.752
2605004,Cupira - PE,2024,704.0,2005.95,3060.0,3781.0,737.0,79131.564
2605103,Custódia - PE,2024,744.0,2035.31,4337.0,5120.0,763.0,114622.637
2605152,Dormentes - PE,2024,429.0,2189.86,2459.0,2904.0,443.0,72628.205
2605202,Escada - PE,2024,1142.0,2210.69,9494.0,10665.0,1188.0,254614.803
2605301,Exu - PE,2024,565.0,2475.87,2245.0,2889.0,584.0,71437.283
2605400,Feira Nova - PE,2024,457.0,2103.08,1682.0,2145.0,464.0,48664.213
2605459,Fernando de Noronha - PE,2024,692.0,2689.4,2473.0,3634.0,706.0,86507.809
2605509,Ferreiros - PE,2024,208.0,2194.59,1226.0,1424.0,211.0,34698.645
2605608,Flores - PE,2024,345.0,1749.54,1642.0,1998.0,369.0,39507.982
2605707,Floresta - PE,2024,610.0,2385.56,3531.0,4151.0,656.0,138212.483
2605806,Frei Miguelinho - PE,2024,213.0,2265.17,1155.0,1356.0,221.0,32946.715
2605905,Gameleira - PE,2024,250.0,2087.59,1783.0,1986.0,256.0,46761.305
2606002,Garanhuns - PE,2024,4533.0,2320.91,23727.0,28990.0,4854.0,731540.244
2606101,Glória do Goitá - PE,2024,499.0,2396.19,3133.0,3648.0,506.0,109885.552
2606200,Goiana - PE,2024,2407.0,3094.8,30148.0,32833.0,2521.0,1220621.979
2606309,Granito - PE,2024,162.0,2238.35,522.0,695.0,163.0,14661.863
2606408,Gravatá - PE,2024,2761.0,2165.89,11884.0,14828.0,2892.0,341412.806
2606507,Iati - PE,2024,281.0,2557.39,1488.0,1718.0,288.0,47570.212
2606606,Ibimirim - PE,2024,449.0,1940.75,1765.0,2212.0,464.0,49577.255
2606705,Ibirajuba - PE,2024,107.0,1580.31,833.0,902.0,108.0,18769.49
2606804,Igarassu - PE,2024,2751.0,2720.31,22965.0,25985.0,2905.0,810260.155
2606903,Iguaracy - PE,2024,205.0,2403.83,739.0,913.0,212.0,23130.444
2607000,Inajá - PE,2024,274.0,2608.21,1388.0,1618.0,289.0,53383.094
2607109,Ingazeira - PE,2024,98.0,2448.16,450.0,519.0,98.0,14072.552
2607208,Ipojuca - PE,2024,3278.0,4212.62,38176.0,41582.0,3498.0,1995705.804
2607307,Ipubi - PE,2024,541.0,2045.36,2096.0,2672.0,553.0,56554.64
2607406,Itacuruba - PE,2024,101.0,2521.21,369.0,461.0,102.0,25401.172
2607505,Itaíba - PE,2024,372.0,2373.3,1118.0,1485.0,390.0,39824.308
2607604,Ilha de Itamaracá - PE,2024,477.0,2073.74,1849.0,2313.0,495.0,51398.966
2607653,Itambé - PE,2024,868.0,1558.26,4365.0,5222.0,941.0,85733.13
2607703,Itapetim - PE,2024,315.0,2666.06,974.0,1257.0,321.0,31758.824
2607752,Itapissuma - PE,2024,374.0,3143.05,7121.0,7462.0,384.0,276615.493
2607802,Itaquitinga - PE,2024,208.0,2101.22,1162.0,1325.0,215.0,31058.142
2607901,Jaboatão dos Guararapes - PE,2024,16077.0,2678.32,108248.0,125037.0,16874.0,3811877.052
2607950,Jaqueira - PE,2024,148.0,1984.24,837.0,953.0,151.0,35316.901
2608008,Jataúba - PE,2024,263.0,1603.39,2209.0,2443.0,272.0,44468.824
2608057,Jatobá - PE,2024,253.0,2403.27,1398.0,1621.0,267.0,44936.122
2608107,João Alfredo - PE,2024,456.0,1897.85,2417.0,2843.0,474.0,71909.792
2608206,Joaquim Nabuco - PE,2024,183.0,1905.84,1306.0,1444.0,189.0,33324.159
2608255,Jucati - PE,2024,146.0,1860.01,1124.0,1254.0,149.0,25166.161
2608305,Jupi - PE,2024,258.0,3151.58,1510.0,1758.0,261.0,52558.298
2608404,Jurema - PE,2024,169.0,2632.34,1027.0,1158.0,173.0,34889.148
2608453,Lagoa do Carro - PE,2024,303.0,1617.34,2103.0,2384.0,326.0,46448.235
2608503,Lagoa de Itaenga - PE,2024,360.0,2317.14,6470.0,6825.0,365.0,202958.557
2608602,Lagoa do Ouro - PE,2024,175.0,2094.14,964.0,1112.0,177.0,25344.321
2608701,Lagoa dos Gatos - PE,2024,191.0,2659.16,852.0,1017.0,200.0,27077.607
2608750,Lagoa Grande - PE,2024,526.0,2168.81,4073.0,4624.0,544.0,114390.201
2608800,Lajedo - PE,2024,971.0,2068.06,4912.0,5935.0,1036.0,129405.841
2608909,Limoeiro - PE,2024,2304.0,2084.43,8172.0,10720.0,2396.0,219681.841
2609006,Macaparana - PE,2024,373.0,1849.72,2691.0,3076.0,394.0,64512.846
2609105,Machados - PE,2024,236.0,1380.22,1706.0,1912.0,241.0,32816.672
2609154,Manari - PE,2024,174.0,2461.09,978.0,1122.0,176.0,31333.181
2609204,Maraial - PE,2024,138.0,1696.51,926.0,1020.0,139.0,25864.389
2609303,Mirandiba - PE,2024,290.0,1715.65,1021.0,1300.0,304.0,21958.033
2609402,Moreno - PE,2024,1548.0,2700.17,8268.0,10036.0,1588.0,284450.215
2609501,Nazaré da Mata - PE,2024,645.0,2047.83,5286.0,5978.0,676.0,156397.947
2609600,Olinda - PE,2024,11647.0,2362.04,74055.0,88733.0,12088.0,2426512.695
2609709,Orobó - PE,2024,410.0,2418.15,1614.0,2020.0,421.0,50447.774
2609808,Orocó - PE,2024,224.0,1305.95,1317.0,1512.0,241.0,23957.976
2609907,Ouricuri - PE,2024,1277.0,2542.49,4985.0,6457.0,1327.0,175432.62
2610004,Palmares - PE,2024,1676.0,2056.58,10436.0,12236.0,1778.0,277161.39
2610103,Palmeirina - PE,2024,96.0,2623.26,463.0,529.0,96.0,17672.198
2610202,Panelas - PE,2024,385.0,2075.37,2134.0,2528.0,393.0,54731.116
2610301,Paranatama - PE,2024,215.0,2023.5,1415.0,1594.0,218.0,36485.487
2610400,Parnamirim - PE,2024,314.0,2057.42,1483.0,1802.0,325.0,46734.09
2610509,Passira - PE,2024,423.0,1612.01,2000.0,2451.0,426.0,49193.867
2610608,Paudalho - PE,2024,975.0,1669.48,5603.0,6678.0,999.0,139269.954
2610707,Paulista - PE,2024,6899.0,2373.72,52509.0,60256.0,7387.0,1630571.835
2610806,Pedra - PE,2024,280.0,2428.42,1277.0,1513.0,289.0,39831.775
2610905,Pesqueira - PE,2024,1280.0,2093.5,6444.0,7819.0,1394.0,191276.937
2611002,Petrolândia - PE,2024,746.0,2321.62,3646.0,4375.0,807.0,107820.722
2611101,Petrolina - PE,2024,14822.0,2780.9,83303.0,101540.0,15881.0,3008676.48
2611200,Poção - PE,2024,171.0,2325.26,790.0,920.0,175.0,25479.201
2611309,Pombos - PE,2024,575.0,2153.75,3399.0,3984.0,587.0,95328.316
2611408,Primavera - PE,2024,192.0,1914.59,4020.0,4179.0,195.0,106209.38
2611507,Quipapá - PE,2024,228.0,2489.71,1286.0,1493.0,235.0,44250.081
2611533,Quixaba - PE,2024,119.0,2805.29,426.0,517.0,122.0,15936.474
2611606,Recife - PE,2024,88849.0,4182.41,711680.0,829869.0,94938.0,38107125.997
2611705,Riacho das Almas - PE,2024,427.0,2168.79,1712.0,2129.0,436.0,59478.737
2611804,Ribeirão - PE,2024,733.0,2248.21,4330.0,5055.0,762.0,125583.822
2611903,Rio Formoso - PE,2024,334.0,2571.65,6810.0,7094.0,358.0,217930.385
2612000,Sairé - PE,2024,233.0,1846.44,1525.0,1768.0,239.0,39346.573
2612109,Salgadinho - PE,2024,80.0,2453.8,492.0,545.0,83.0,20375.1
2612208,Salgueiro - PE,2024,1677.0,2369.62,8025.0,9827.0,1782.0,256553.62
2612307,Saloá - PE,2024,188.0,2037.38,1329.0,1485.0,200.0,40924.026
2612406,Sanharó - PE,2024,334.0,2766.63,1408.0,1710.0,342.0,50099.77
2612455,Santa Cruz - PE,2024,215.0,2377.02,1156.0,1385.0,216.0,34033.075
2612471,Santa Cruz da Baixa Verde - PE,2024,215.0,2399.74,781.0,970.0,223.0,30229.481
2612505,Santa Cruz do Capibaribe - PE,2024,3865.0,2119.88,17380.0,21694.0,4240.0,481946.261
2612554,Santa Filomena - PE,2024,184.0,2410.83,869.0,1060.0,189.0,28186.624
2612604,Santa Maria da Boa Vista - PE,2024,608.0,2704.67,3078.0,3657.0,669.0,112871.66
2612703,Santa Maria do Cambucá - PE,2024,223.0,2188.41,930.0,1127.0,227.0,27496.865
2612802,Santa Terezinha - PE,2024,196.0,2108.96,864.0,1033.0,201.0,23439.216
2612901,São Benedito do Sul - PE,2024,127.0,2186.73,952.0,1056.0,127.0,26764.505
2613008,São Bento do Una - PE,2024,722.0,2272.68,6298.0,7049.0,791.0,180447.851
2613107,São Caitano - PE,2024,564.0,2019.25,3868.0,4407.0,585.0,99856.172
2613206,São João - PE,2024,273.0,2330.05,2109.0,2362.0,278.0,63876.726
2613305,São Joaquim do Monte - PE,2024,264.0,2595.49,1369.0,1599.0,267.0,45802.894
2613404,São José da Coroa Grande - PE,2024,516.0,1306.1,2841.0,3363.0,528.0,48589.415
2613503,São José do Belmonte - PE,2024,621.0,2358.69,4118.0,4789.0,643.0,122551.944
2613602,São José do Egito - PE,2024,802.0,2240.05,3030.0,3869.0,831.0,88938.337
2613701,São Lourenço da Mata - PE,2024,2027.0,2353.26,12604.0,14804.0,2108.0,377874.013
2613800,São Vicente Férrer - PE,2024,265.0,1522.95,1494.0,1761.0,273.0,29235.444
2613909,Serra Talhada - PE,2024,2688.0,2481.91,13835.0,17057.0,2853.0,440335.729
2614006,Serrita - PE,2024,265.0,1858.03,1296.0,1514.0,267.0,37083.281
2614105,Sertânia - PE,2024,671.0,2710.29,1998.0,2652.0,700.0,71851.532
2614204,Sirinhaém - PE,2024,500.0,2070.45,7894.0,8376.0,526.0,213726.032
2614303,Moreilândia - PE,2024,189.0,1930.44,662.0,829.0,193.0,17027.96
2614402,Solidão - PE,2024,93.0,2849.4,471.0,542.0,95.0,17245.367
2614501,Surubim - PE,2024,1851.0,2261.29,7880.0,9940.0,1959.0,233074.446
2614600,Tabira - PE,2024,571.0,2455.39,2125.0,2676.0,598.0,70754.324
2614709,Tacaimbó - PE,2024,207.0,2113.17,1297.0,1463.0,212.0,34696.473
2614808,Tacaratu - PE,2024,297.0,2062.33,1627.0,1894.0,327.0,53069.485
2614857,Tamandaré - PE,2024,903.0,2289.88,5607.0,6499.0,947.0,155198.948
2615003,Taquaritinga do Norte - PE,2024,601.0,1820.65,2930.0,3530.0,633.0,76300.094
2615102,Terezinha - PE,2024,104.0,2420.57,431.0,518.0,106.0,17680.572
2615201,Terra Nova - PE,2024,145.0,2450.99,685.0,828.0,148.0,31710.274
2615300,Timbaúba - PE,2024,1446.0,2197.67,7309.0,9027.0,1513.0,213692.926
2615409,Toritama - PE,2024,1651.0,1981.68,7351.0,9087.0,1793.0,185076.753
2615508,Tracunhaém - PE,2024,215.0,1615.32,1106.0,1290.0,216.0,24030.328
2615607,Trindade - PE,2024,893.0,2172.38,3121.0,4033.0,928.0,90365.211
2615706,Triunfo - PE,2024,374.0,2653.62,1220.0,1609.0,399.0,42257.194
2615805,Tupanatinga - PE,2024,240.0,2321.77,1550.0,1762.0,246.0,45075.588
2615904,Tuparetama - PE,2024,215.0,2208.87,676.0,854.0,222.0,19405.527
2616001,Venturosa - PE,2024,335.0,2538.31,1191.0,1518.0,341.0,38695.168
2616100,Verdejante - PE,2024,150.0,2007.08,868.0,985.0,153.0,24069.405
2616183,Vertente do Lério - PE,2024,111.0,2211.38,1055.0,1128.0,112.0,28606.493
2616209,Vertentes - PE,2024,364.0,2318.54,1355.0,1709.0,380.0,39943.234
2616308,Vicência - PE,2024,460.0,2118.16,4164.0,4627.0,471.0,109155.064
2616407,Vitória de Santo Antão - PE,2024,3483.0,2557.84,29959.0,34094.0,3668.0,980702.55
2616506,Xexéu - PE,2024,180.0,2185.9,1053.0,1194.0,185.0,31862.508
2700102,Água Branca - AL,2024,225.0,2856.36,2068.0,2270.0,230.0,69151.707
2700201,Anadia - AL,2024,257.0,2513.8,1842.0,2072.0,260.0,57924.577
2700300,Arapiraca - AL,2024,8149.0,2246.7,53068.0,62571.0,8706.0,1551231.258
2700409,Atalaia - AL,2024,627.0,1610.43,7360.0,7976.0,645.0,136291.022
2700508,Barra de Santo Antônio - AL,2024,331.0,2344.56,1615.0,1925.0,337.0,46792.175
2700607,Barra de São Miguel - AL,2024,488.0,2417.2,2500.0,3040.0,490.0,78836.759
2700706,Batalha - AL,2024,354.0,2854.74,1506.0,1841.0,368.0,66805.729
2700805,Belém - AL,2024,100.0,1933.11,865.0,940.0,101.0,23054.86
2700904,Belo Monte - AL,2024,86.0,2650.98,732.0,798.0,86.0,23774.851
2701001,Boca da Mata - AL,2024,429.0,2765.25,2067.0,2538.0,432.0,74381.235
2701100,Branquinha - AL,2024,130.0,2351.96,1146.0,1248.0,132.0,33897.541
2701209,Cacimbinhas - AL,2024,172.0,2209.9,1198.0,1363.0,175.0,41925.781
2701308,Cajueiro - AL,2024,291.0,2386.32,1875.0,2154.0,303.0,57441.658
2701357,Campestre - AL,2024,113.0,2095.84,683.0,762.0,115.0,18301.908
2701407,Campo Alegre - AL,2024,524.0,2385.27,6595.0,7122.0,545.0,236169.946
2701506,Campo Grande - AL,2024,173.0,3015.25,509.0,670.0,174.0,26729.674
2701605,Canapi - AL,2024,178.0,940.47,2269.0,2432.0,183.0,26556.431
2701704,Capela - AL,2024,262.0,2708.98,1688.0,1929.0,269.0,58303.852
2701803,Carneiros - AL,2024,115.0,2109.95,797.0,876.0,116.0,25364.734
2701902,Chã Preta - AL,2024,110.0,2104.7,879.0,966.0,113.0,21813.956
2702009,Coité do Nóia - AL,2024,195.0,2831.18,523.0,688.0,196.0,19422.555
2702108,Colônia Leopoldina - AL,2024,281.0,2453.62,1650.0,1909.0,286.0,60241.392
2702207,Coqueiro Seco - AL,2024,101.0,2663.78,390.0,449.0,104.0,19026.609
2702306,Coruripe - AL,2024,1108.0,2597.71,14680.0,15831.0,1159.0,459424.272
2702355,Craíbas - AL,2024,403.0,3220.82,3246.0,3631.0,411.0,139421.193
2702405,Delmiro Gouveia - AL,2024,1272.0,2523.82,5867.0,7234.0,1344.0,185249.101
2702504,Dois Riachos - AL,2024,136.0,2078.82,797.0,906.0,143.0,36799.445
2702553,Estrela de Alagoas - AL,2024,184.0,2592.33,1148.0,1326.0,187.0,34664.818
2702603,Feira Grande - AL,2024,261.0,2531.56,1008.0,1251.0,268.0,32907.685
2702702,Feliz Deserto - AL,2024,115.0,2205.75,556.0,650.0,118.0,16455.597
2702801,Flexeiras - AL,2024,156.0,2713.94,1070.0,1200.0,156.0,36561.624
2702900,Girau do Ponciano - AL,2024,493.0,2345.03,589.0,1109.0,507.0,16358.173
2703007,Ibateguara - AL,2024,258.0,2407.29,927.0,1173.0,260.0,27934.691
2703106,Igaci - AL,2024,285.0,2154.75,1669.0,1960.0,304.0,45111.552
2703205,Igreja Nova - AL,2024,284.0,1888.6,4969.0,5267.0,295.0,112001.297
2703304,Inhapi - AL,2024,160.0,2457.84,754.0,908.0,170.0,23929.113
2703403,Jacaré dos Homens - AL,2024,88.0,2540.63,229.0,299.0,91.0,7663.54
2703502,Jacuípe - AL,2024,81.0,2053.24,681.0,739.0,82.0,18088.972
2703601,Japaratinga - AL,2024,285.0,1613.13,2990.0,3307.0,289.0,60507.471
2703700,Jaramataia - AL,2024,78.0,2608.94,391.0,445.0,79.0,12885.437
2703759,Jequiá da Praia - AL,2024,173.0,2284.44,1173.0,1303.0,175.0,38113.23
2703809,Joaquim Gomes - AL,2024,264.0,2658.71,1127.0,1364.0,271.0,41634.827
2703908,Jundiá - AL,2024,93.0,2408.41,717.0,766.0,94.0,20625.651
2704005,Junqueiro - AL,2024,486.0,1043.58,4698.0,5179.0,499.0,59930.789
2704104,Lagoa da Canoa - AL,2024,259.0,1410.05,2610.0,2849.0,268.0,47613.487
2704203,Limoeiro de Anadia - AL,2024,387.0,2420.11,2335.0,2757.0,394.0,73585.591
2704302,Maceió - AL,2024,39681.0,3284.81,305141.0,355025.0,42512.0,13173472.099
2704401,Major Isidoro - AL,2024,334.0,2246.62,946.0,1303.0,346.0,52535.621
2704500,Maragogi - AL,2024,1031.0,2301.36,6333.0,7582.0,1058.0,209063.655
2704609,Maravilha - AL,2024,141.0,2536.36,577.0,687.0,146.0,31122.219
2704708,Marechal Deodoro - AL,2024,1984.0,3217.76,15074.0,17365.0,2040.0,607056.524
2704807,Maribondo - AL,2024,269.0,2297.04,1584.0,1838.0,274.0,45479.34
2704906,Mar Vermelho - AL,2024,84.0,1755.97,414.0,471.0,85.0,10509.126
2705002,Mata Grande - AL,2024,207.0,1340.37,2092.0,2298.0,219.0,39748.904
2705101,Matriz de Camaragibe - AL,2024,489.0,1607.08,5089.0,5567.0,499.0,102381.975
2705200,Messias - AL,2024,350.0,1646.9,2252.0,2589.0,353.0,48096.27
2705309,Minador do Negrão - AL,2024,96.0,2326.03,329.0,407.0,96.0,21218.926
2705408,Monteirópolis - AL,2024,114.0,1614.62,1167.0,1256.0,114.0,23532.545
2705507,Murici - AL,2024,485.0,1750.67,4178.0,4683.0,496.0,101631.169
2705606,Novo Lino - AL,2024,196.0,2240.95,991.0,1168.0,199.0,41506.95
2705705,Olho d'Água das Flores - AL,2024,547.0,2261.91,2862.0,3408.0,554.0,80004.768
2705804,Olho d'Água do Casado - AL,2024,151.0,2917.09,672.0,792.0,154.0,25159.856
2705903,Olho d'Água Grande - AL,2024,75.0,2340.67,244.0,296.0,75.0,11677.038
2706000,Olivença - AL,2024,127.0,1744.96,1362.0,1458.0,128.0,32044.56
2706109,Ouro Branco - AL,2024,200.0,1802.94,1286.0,1461.0,202.0,30167.171
2706208,Palestina - AL,2024,82.0,1835.85,754.0,812.0,82.0,17121.058
2706307,Palmeira dos Índios - AL,2024,1782.0,1869.7,9745.0,11763.0,1846.0,236005.561
2706406,Pão de Açúcar - AL,2024,398.0,1995.32,2544.0,2948.0,403.0,61787.469
2706422,Pariconha - AL,2024,107.0,3404.28,556.0,635.0,109.0,23959.56
2706448,Paripueira - AL,2024,448.0,1878.56,1351.0,1842.0,452.0,31946.954
2706505,Passo de Camaragibe - AL,2024,282.0,2162.33,1840.0,2122.0,286.0,63226.822
2706604,Paulo Jacinto - AL,2024,116.0,2240.1,647.0,727.0,116.0,18764.025
2706703,Penedo - AL,2024,1375.0,2308.51,8441.0,9981.0,1435.0,243267.957
2706802,Piaçabuçu - AL,2024,314.0,1462.82,1371.0,1686.0,333.0,27399.094
2706901,Pilar - AL,2024,827.0,3420.99,7345.0,8189.0,860.0,307550.081
2707008,Pindoba - AL,2024,49.0,1991.21,502.0,523.0,49.0,10785.829
2707107,Piranhas - AL,2024,525.0,2907.36,2011.0,2547.0,547.0,74542.092
2707206,Poço das Trincheiras - AL,2024,132.0,3472.32,795.0,906.0,137.0,36767.136
2707305,Porto Calvo - AL,2024,581.0,2567.72,1811.0,2390.0,596.0,68245.206
2707404,Porto de Pedras - AL,2024,349.0,1857.97,1957.0,2347.0,356.0,47099.878
2707503,Porto Real do Colégio - AL,2024,249.0,3222.98,964.0,1175.0,257.0,39641.61
2707602,Quebrangulo - AL,2024,174.0,2454.91,993.0,1143.0,176.0,35783.328
2707701,Rio Largo - AL,2024,1604.0,2412.94,18471.0,20092.0,1655.0,577816.559
2707800,Roteiro - AL,2024,113.0,1986.4,840.0,919.0,114.0,21156.983
2707909,Santa Luzia do Norte - AL,2024,150.0,2568.83,779.0,888.0,150.0,26550.832
2708006,Santana do Ipanema - AL,2024,1033.0,2462.69,6992.0,8092.0,1073.0,216589.661
2708105,Santana do Mundaú - AL,2024,226.0,2300.43,563.0,765.0,228.0,31837.825
2708204,São Brás - AL,2024,87.0,1837.72,598.0,658.0,89.0,13870.046
2708303,São José da Laje - AL,2024,340.0,2103.17,7402.0,7736.0,345.0,148733.488
2708402,São José da Tapera - AL,2024,449.0,2779.19,2082.0,2513.0,463.0,103371.444
2708501,São Luís do Quitunde - AL,2024,454.0,1747.86,8053.0,8543.0,460.0,170125.136
2708600,São Miguel dos Campos - AL,2024,1328.0,2180.35,12612.0,13958.0,1367.0,342330.057
2708709,São Miguel dos Milagres - AL,2024,384.0,1704.43,2114.0,2532.0,392.0,46402.503
2708808,São Sebastião - AL,2024,611.0,2665.6,2160.0,2769.0,637.0,77568.662
2708907,Satuba - AL,2024,489.0,3291.21,1566.0,2076.0,490.0,69308.541
2708956,Senador Rui Palmeira - AL,2024,124.0,2839.93,704.0,800.0,125.0,33759.934
2709004,Tanque d'Arca - AL,2024,85.0,2105.18,719.0,785.0,86.0,16748.774
2709103,Taquarana - AL,2024,372.0,2469.19,2110.0,2484.0,380.0,64433.214
2709152,Teotônio Vilela - AL,2024,799.0,2488.93,5219.0,6004.0,817.0,189656.03
2709202,Traipu - AL,2024,215.0,1017.58,2090.0,2263.0,221.0,27641.224
2709301,União dos Palmares - AL,2024,1234.0,2083.62,7779.0,9055.0,1271.0,209951.874
2709400,Viçosa - AL,2024,505.0,2179.19,3071.0,3591.0,524.0,85034.967
2800100,Amparo do São Francisco - SE,2024,61.0,2908.84,371.0,398.0,62.0,16331.867
2800209,Aquidabã - SE,2024,324.0,1961.62,2111.0,2437.0,339.0,73078.067
2800308,Aracaju - SE,2024,32670.0,3726.72,234349.0,277686.0,34749.0,11081711.412
2800407,Arauá - SE,2024,188.0,2555.24,933.0,1104.0,191.0,32400.251
2800506,Areia Branca - SE,2024,227.0,3295.09,1437.0,1655.0,234.0,61929.134
2800605,Barra dos Coqueiros - SE,2024,933.0,3322.11,5062.0,6056.0,961.0,222765.259
2800670,Boquim - SE,2024,452.0,2911.71,2087.0,2576.0,466.0,87728.905
2800704,Brejo Grande - SE,2024,124.0,1458.71,1072.0,1167.0,133.0,19842.754
2801009,Campo do Brito - SE,2024,534.0,2611.59,2039.0,2634.0,557.0,69426.755
2801108,Canhoba - SE,2024,65.0,2595.03,490.0,522.0,68.0,18517.038
2801207,Canindé de São Francisco - SE,2024,649.0,3322.35,3635.0,4317.0,671.0,166892.106
2801306,Capela - SE,2024,466.0,2530.92,5183.0,5663.0,485.0,160561.147
2801405,Carira - SE,2024,493.0,2954.6,1928.0,2451.0,506.0,73759.844
2801504,Carmópolis - SE,2024,400.0,2913.59,3734.0,4077.0,424.0,150963.849
2801603,Cedro de São João - SE,2024,109.0,2147.06,723.0,815.0,112.0,19711.829
2801702,Cristinápolis - SE,2024,277.0,2218.25,2216.0,2475.0,291.0,61718.181
2801900,Cumbe - SE,2024,97.0,2208.47,318.0,392.0,97.0,12467.966
2802007,Divina Pastora - SE,2024,81.0,3388.88,572.0,617.0,90.0,25611.152
2802106,Estância - SE,2024,1789.0,2890.39,11662.0,13738.0,1881.0,439569.978
2802205,Feira Nova - SE,2024,101.0,2900.76,499.0,571.0,107.0,18727.463
2802304,Frei Paulo - SE,2024,353.0,2506.82,1971.0,2365.0,364.0,69307.31
2802403,Gararu - SE,2024,151.0,2734.53,732.0,858.0,155.0,28299.745
2802502,General Maynard - SE,2024,68.0,2730.07,281.0,331.0,69.0,19680.77
2802601,Graccho Cardoso - SE,2024,120.0,2377.94,445.0,552.0,130.0,18479.288
2802700,Ilha das Flores - SE,2024,134.0,2512.21,790.0,905.0,144.0,25056.143
2802809,Indiaroba - SE,2024,255.0,3424.42,1055.0,1304.0,258.0,61826.341
2802908,Itabaiana - SE,2024,3568.0,2272.68,18977.0,23500.0,3754.0,601160.104
2803005,Itabaianinha - SE,2024,767.0,2623.64,3891.0,4759.0,796.0,131311.237
2803104,Itabi - SE,2024,102.0,2234.63,562.0,638.0,106.0,16790.71
2803203,Itaporanga d'Ajuda - SE,2024,552.0,2882.8,4170.0,4748.0,574.0,154410.033
2803302,Japaratuba - SE,2024,295.0,3548.9,3020.0,3310.0,309.0,117343.797
2803401,Japoatã - SE,2024,244.0,2644.23,1685.0,1909.0,252.0,57449.281
2803500,Lagarto - SE,2024,2597.0,2736.06,15906.0,18955.0,2751.0,579139.914
2803609,Laranjeiras - SE,2024,523.0,2788.39,6765.0,7216.0,537.0,230783.729
2803708,Macambira - SE,2024,152.0,2297.18,626.0,757.0,156.0,22204.622
2803807,Malhada dos Bois - SE,2024,104.0,2126.57,695.0,779.0,104.0,22879.915
2803906,Malhador - SE,2024,181.0,2384.52,970.0,1148.0,189.0,28484.149
2804003,Maruim - SE,2024,257.0,3052.79,1988.0,2224.0,271.0,79196.667
2804102,Moita Bonita - SE,2024,226.0,2737.99,686.0,931.0,236.0,33822.344
2804201,Monte Alegre de Sergipe - SE,2024,234.0,3261.48,1246.0,1474.0,243.0,51463.795
2804300,Muribeca - SE,2024,127.0,2586.32,1091.0,1187.0,131.0,36156.293
2804409,Neópolis - SE,2024,454.0,2415.9,2738.0,3224.0,475.0,90767.557
2804458,Nossa Senhora Aparecida - SE,2024,153.0,3007.95,537.0,666.0,161.0,23240.276
2804508,Nossa Senhora da Glória - SE,2024,1129.0,2609.22,6882.0,8143.0,1187.0,230107.452
2804607,Nossa Senhora das Dores - SE,2024,556.0,2314.2,3631.0,4233.0,585.0,115609.888
2804706,Nossa Senhora de Lourdes - SE,2024,134.0,2799.34,457.0,561.0,135.0,16088.653
2804805,Nossa Senhora do Socorro - SE,2024,2906.0,2726.81,28508.0,31608.0,3078.0,994614.737
2804904,Pacatuba - SE,2024,172.0,3003.26,1616.0,1770.0,176.0,62360.369
2805000,Pedra Mole - SE,2024,51.0,3223.47,266.0,293.0,53.0,14226.373
2805109,Pedrinhas - SE,2024,145.0,2508.96,606.0,736.0,149.0,27874.322
2805208,Pinhão - SE,2024,116.0,2940.51,476.0,580.0,118.0,19926.409
2805307,Pirambu - SE,2024,192.0,2883.64,1240.0,1414.0,203.0,48471.896
2805406,Poço Redondo - SE,2024,410.0,3237.9,1498.0,1955.0,424.0,62982.086
2805505,Poço Verde - SE,2024,425.0,2522.68,2439.0,2891.0,455.0,85258.019
2805604,Porto da Folha - SE,2024,416.0,2586.65,2232.0,2656.0,430.0,73508.967
2805703,Propriá - SE,2024,872.0,2583.66,4046.0,4947.0,948.0,156530.066
2805802,Riachão do Dantas - SE,2024,218.0,3544.1,898.0,1108.0,223.0,47193.745
2805901,Riachuelo - SE,2024,145.0,2213.02,1379.0,1490.0,151.0,41393.805
2806008,Ribeirópolis - SE,2024,418.0,2414.11,2134.0,2588.0,437.0,68477.348
2806107,Rosário do Catete - SE,2024,222.0,4660.14,1991.0,2179.0,229.0,134156.646
2806206,Salgado - SE,2024,399.0,2716.75,1415.0,1838.0,422.0,56989.754
2806305,Santa Luzia do Itanhy - SE,2024,160.0,2750.18,1540.0,1683.0,163.0,50844.197
2806404,Santana do São Francisco - SE,2024,136.0,2135.08,1058.0,1163.0,140.0,29111.915
2806503,Santa Rosa de Lima - SE,2024,71.0,2312.99,456.0,499.0,78.0,16255.198
2806602,Santo Amaro das Brotas - SE,2024,187.0,3154.1,992.0,1157.0,194.0,45920.063
2806701,São Cristóvão - SE,2024,1771.0,4363.7,15331.0,17460.0,1832.0,858082.574
2806800,São Domingos - SE,2024,206.0,2847.22,827.0,1039.0,217.0,33478.65
2806909,São Francisco - SE,2024,73.0,2433.05,552.0,612.0,79.0,17236.243
2807006,São Miguel do Aleixo - SE,2024,67.0,2669.9,403.0,441.0,72.0,14991.049
2807105,Simão Dias - SE,2024,856.0,2366.0,5902.0,6840.0,914.0,188971.762
2807204,Siriri - SE,2024,119.0,3294.13,616.0,703.0,122.0,33961.276
2807303,Telha - SE,2024,73.0,1987.85,449.0,498.0,75.0,11552.965
2807402,Tobias Barreto - SE,2024,1510.0,2487.38,4945.0,6660.0,1596.0,158707.263
2807501,Tomar do Geru - SE,2024,205.0,2865.99,734.0,945.0,213.0,32657.977
2807600,Umbaúba - SE,2024,537.0,2582.46,2390.0,2969.0,551.0,98476.09
2900108,Abaíra - BA,2024,197.0,1882.05,475.0,679.0,203.0,12385.734
2900207,Abaré - BA,2024,339.0,2446.63,1567.0,1880.0,346.0,58399.058
2900306,Acajutiba - BA,2024,269.0,2509.07,1561.0,1823.0,273.0,47914.108
2900355,Adustina - BA,2024,345.0,2492.16,1164.0,1485.0,349.0,52786.486
2900405,Água Fria - BA,2024,299.0,3515.04,994.0,1273.0,307.0,47519.207
2900504,Érico Cardoso - BA,2024,150.0,1260.65,727.0,848.0,155.0,15871.191
2900603,Aiquara - BA,2024,131.0,2761.29,497.0,600.0,133.0,19990.546
2900702,Alagoinhas - BA,2024,4937.0,2874.5,28075.0,33982.0,5226.0,1049751.414
2900801,Alcobaça - BA,2024,578.0,2478.78,2447.0,2993.0,590.0,84014.615
2900900,Almadina - BA,2024,101.0,2835.78,426.0,520.0,103.0,19318.793
2901007,Amargosa - BA,2024,916.0,2207.32,5157.0,6235.0,950.0,149130.391
2901106,Amélia Rodrigues - BA,2024,561.0,2470.0,3057.0,3653.0,572.0,99909.013
2901155,América Dourada - BA,2024,322.0,2699.11,644.0,967.0,325.0,31141.283
2901205,Anagé - BA,2024,479.0,2008.39,2332.0,2830.0,489.0,61275.644
2901304,Andaraí - BA,2024,348.0,2496.71,1255.0,1583.0,355.0,45413.27
2901353,Andorinha - BA,2024,355.0,3333.29,2129.0,2443.0,359.0,112389.244
2901403,Angical - BA,2024,318.0,2771.26,1015.0,1338.0,324.0,36974.294
2901502,Anguera - BA,2024,178.0,1982.06,1547.0,1702.0,186.0,39434.583
2901601,Antas - BA,2024,273.0,3096.99,1068.0,1337.0,280.0,45090.166
2901700,Antônio Cardoso - BA,2024,153.0,2855.63,531.0,672.0,154.0,30392.022
2901809,Antônio Gonçalves - BA,2024,239.0,1621.06,731.0,967.0,240.0,18492.693
2901908,Aporá - BA,2024,310.0,2653.85,1509.0,1799.0,320.0,50312.771
2901957,Apuarema - BA,2024,137.0,3738.01,526.0,639.0,140.0,29034.013
2902005,Aracatu - BA,2024,301.0,1682.51,1226.0,1529.0,312.0,27584.058
2902054,Araçás - BA,2024,309.0,1750.06,1485.0,1774.0,320.0,34719.075
2902104,Araci - BA,2024,1118.0,2929.8,4666.0,5868.0,1140.0,181893.789
2902203,Aramari - BA,2024,213.0,2113.93,974.0,1191.0,215.0,26013.341
2902252,Arataca - BA,2024,145.0,1773.51,1095.0,1199.0,147.0,24494.97
2902302,Aratuípe - BA,2024,151.0,2482.1,591.0,714.0,151.0,22847.827
2902401,Aurelino Leal - BA,2024,184.0,2483.66,1365.0,1511.0,185.0,42315.07
2902500,Baianópolis - BA,2024,306.0,2914.11,873.0,1177.0,311.0,42791.603
2902609,Baixa Grande - BA,2024,471.0,3157.05,882.0,1352.0,476.0,36812.714
2902658,Banzaê - BA,2024,268.0,2920.67,1096.0,1332.0,271.0,40039.851
2902708,Barra - BA,2024,850.0,3295.71,3110.0,4054.0,869.0,132085.504
2902807,Barra da Estiva - BA,2024,1210.0,2317.42,2399.0,3646.0,1226.0,85104.836
2902906,Barra do Choça - BA,2024,1076.0,2721.56,2381.0,3615.0,1099.0,84379.808
2903003,Barra do Mendes - BA,2024,305.0,2209.78,832.0,1122.0,305.0,25133.96
2903102,Barra do Rocha - BA,2024,119.0,1860.76,907.0,1013.0,119.0,26097.442
2903201,Barreiras - BA,2024,8756.0,2951.2,35110.0,46172.0,9222.0,1401668.792
2903235,Barro Alto - BA,2024,241.0,2650.25,716.0,963.0,246.0,24662.662
2903276,Barrocas - BA,2024,406.0,4469.98,1876.0,2343.0,412.0,130541.769
2903300,Barro Preto - BA,2024,134.0,2540.26,815.0,894.0,136.0,26383.341
2903409,Belmonte - BA,2024,514.0,2355.17,2183.0,2731.0,529.0,69305.021
2903508,Belo Campo - BA,2024,321.0,1290.7,1220.0,1553.0,325.0,23686.951
2903607,Biritinga - BA,2024,277.0,2256.16,1943.0,2252.0,281.0,58377.385
2903706,Boa Nova - BA,2024,239.0,2608.4,1083.0,1296.0,246.0,38372.39
2903805,Boa Vista do Tupim - BA,2024,283.0,2897.51,863.0,1133.0,289.0,38709.853
2903904,Bom Jesus da Lapa - BA,2024,2398.0,2434.26,8433.0,11148.0,2491.0,305750.591
2903953,Bom Jesus da Serra - BA,2024,132.0,3009.52,430.0,536.0,133.0,19045.82
2904001,Boninal - BA,2024,286.0,2433.96,1358.0,1648.0,288.0,41084.56
2904050,Bonito - BA,2024,394.0,3083.97,796.0,1212.0,401.0,31716.506
2904100,Boquira - BA,2024,424.0,789.31,1306.0,1725.0,433.0,13423.106
2904209,Botuporã - BA,2024,282.0,2777.03,702.0,971.0,283.0,24341.367
2904308,Brejões - BA,2024,308.0,2183.53,871.0,1193.0,313.0,34093.209
2904407,Brejolândia - BA,2024,162.0,1929.74,629.0,769.0,166.0,15799.027
2904506,Brotas de Macaúbas - BA,2024,286.0,3521.06,815.0,1076.0,292.0,37294.669
2904605,Brumado - BA,2024,3273.0,2952.16,14307.0,18428.0,3454.0,581004.097
2904704,Buerarema - BA,2024,352.0,2413.87,1494.0,1860.0,362.0,47614.597
2904753,Buritirama - BA,2024,328.0,2708.61,1019.0,1342.0,331.0,40478.899
2904803,Caatiba - BA,2024,139.0,1975.96,735.0,854.0,140.0,18776.791
2904852,Cabaceiras do Paraguaçu - BA,2024,252.0,2898.28,1093.0,1348.0,255.0,53309.258
2904902,Cachoeira - BA,2024,836.0,2181.95,3884.0,4761.0,874.0,114424.271
2905008,Caculé - BA,2024,1057.0,2264.46,3929.0,5198.0,1085.0,119848.837
2905107,Caém - BA,2024,218.0,2884.17,478.0,683.0,218.0,18646.276
2905156,Caetanos - BA,2024,187.0,2236.41,578.0,772.0,191.0,19452.077
2905206,Caetité - BA,2024,2174.0,2736.73,7612.0,10191.0,2247.0,273350.368
2905305,Cafarnaum - BA,2024,504.0,2859.04,1257.0,1739.0,516.0,59752.638
2905404,Cairu - BA,2024,1172.0,2336.74,4143.0,5572.0,1234.0,121791.335
2905503,Caldeirão Grande - BA,2024,242.0,2536.64,754.0,979.0,244.0,35932.369
2905602,Camacan - BA,2024,782.0,2746.1,3260.0,4077.0,837.0,120367.672
2905701,Camaçari - BA,2024,10655.0,4317.21,77658.0,89650.0,11284.0,4481627.392
2905800,Camamu - BA,2024,947.0,1121.27,3724.0,4726.0,972.0,54583.799
2905909,Campo Alegre de Lourdes - BA,2024,637.0,2205.01,2031.0,2667.0,654.0,57983.443
2906006,Campo Formoso - BA,2024,1952.0,3337.44,4991.0,7053.0,1996.0,241917.915
2906105,Canápolis - BA,2024,183.0,1713.21,843.0,1005.0,184.0,18720.519
2906204,Canarana - BA,2024,544.0,2608.57,1398.0,1970.0,562.0,59924.849
2906303,Canavieiras - BA,2024,878.0,2171.42,3044.0,3993.0,907.0,88701.828
2906402,Candeal - BA,2024,149.0,2719.36,530.0,650.0,149.0,21662.08
2906501,Candeias - BA,2024,2680.0,4079.8,17310.0,20166.0,2791.0,908695.878
2906600,Candiba - BA,2024,316.0,2366.74,842.0,1167.0,317.0,25714.37
2906709,Cândido Sales - BA,2024,463.0,2129.25,1343.0,1802.0,471.0,37864.323
2906808,Cansanção - BA,2024,801.0,2420.65,4772.0,5556.0,833.0,142879.828
2906824,Canudos - BA,2024,384.0,2385.63,935.0,1302.0,389.0,28069.981
2906857,Capela do Alto Alegre - BA,2024,281.0,2521.53,799.0,1062.0,284.0,26188.177
2906873,Capim Grosso - BA,2024,1483.0,2211.0,6530.0,8136.0,1537.0,171064.178
2906899,Caraíbas - BA,2024,157.0,1725.4,530.0,678.0,158.0,20060.711
2906907,Caravelas - BA,2024,440.0,1813.74,2328.0,2791.0,455.0,59448.877
2907004,Cardeal da Silva - BA,2024,222.0,2685.2,742.0,930.0,229.0,28355.416
2907103,Carinhanha - BA,2024,469.0,2759.55,1363.0,1844.0,487.0,51792.511
2907202,Casa Nova - BA,2024,1361.0,2118.7,11840.0,13240.0,1394.0,318133.652
2907301,Castro Alves - BA,2024,574.0,1773.67,3473.0,4055.0,593.0,89066.374
2907400,Catolândia - BA,2024,128.0,2450.06,346.0,474.0,129.0,11590.816
2907509,Catu - BA,2024,1591.0,4076.32,10304.0,12766.0,1660.0,530380.381
2907558,Caturama - BA,2024,127.0,791.2,1280.0,1395.0,131.0,13016.668
2907608,Central - BA,2024,332.0,2916.94,1056.0,1405.0,334.0,41245.771
2907707,Chorrochó - BA,2024,191.0,2952.36,887.0,1043.0,200.0,33053.036
2907806,Cícero Dantas - BA,2024,872.0,2489.28,3262.0,4154.0,895.0,139676.039
2907905,Cipó - BA,2024,441.0,2990.6,1504.0,1923.0,450.0,79345.774
2908002,Coaraci - BA,2024,464.0,2214.7,1573.0,2084.0,472.0,47796.952
2908101,Cocos - BA,2024,513.0,2876.61,3167.0,3673.0,526.0,115235.456
2908200,Conceição da Feira - BA,2024,653.0,2678.11,2706.0,3405.0,664.0,93173.54
2908309,Conceição do Almeida - BA,2024,332.0,1988.58,1990.0,2327.0,337.0,62974.571
2908408,Conceição do Coité - BA,2024,1949.0,2241.91,7712.0,10150.0,2012.0,221019.876
2908507,Conceição do Jacuípe - BA,2024,2802.0,2425.7,12574.0,16154.0,2851.0,388270.593
2908606,Conde - BA,2024,545.0,2809.57,1823.0,2398.0,565.0,68164.318
2908705,Condeúba - BA,2024,392.0,2513.23,1490.0,1902.0,402.0,49092.23
2908804,Contendas do Sincorá - BA,2024,122.0,2529.43,342.0,429.0,124.0,11442.465
2908903,Coração de Maria - BA,2024,685.0,2206.57,2773.0,3498.0,698.0,80655.27
2909000,Cordeiros - BA,2024,190.0,2003.2,668.0,859.0,191.0,16905.444
2909109,Coribe - BA,2024,369.0,2149.04,847.0,1192.0,379.0,23656.102
2909208,Coronel João Sá - BA,2024,268.0,1589.18,2787.0,3073.0,269.0,56489.622
2909307,Correntina - BA,2024,1258.0,3688.96,5112.0,6508.0,1305.0,279881.189
2909406,Cotegipe - BA,2024,286.0,2840.95,980.0,1255.0,289.0,38333.565
2909505,Cravolândia - BA,2024,104.0,2745.09,418.0,494.0,104.0,14696.274
2909604,Crisópolis - BA,2024,326.0,2500.6,1820.0,2137.0,336.0,54587.092
2909703,Cristópolis - BA,2024,262.0,3270.0,885.0,1185.0,267.0,36727.408
2909802,Cruz das Almas - BA,2024,2567.0,3765.53,12385.0,15684.0,2643.0,614550.29
2909901,Curaçá - BA,2024,768.0,3185.18,1993.0,2742.0,788.0,108765.751
2910008,Dário Meira - BA,2024,202.0,1969.25,1318.0,1494.0,204.0,36380.756
2910057,Dias d'Ávila - BA,2024,2357.0,2844.37,14045.0,16696.0,2435.0,522903.712
2910107,Dom Basílio - BA,2024,313.0,2641.96,890.0,1186.0,321.0,31651.473
2910206,Dom Macedo Costa - BA,2024,89.0,2179.28,459.0,545.0,89.0,12917.636
2910305,Elísio Medrado - BA,2024,185.0,2292.43,572.0,745.0,187.0,23526.58
2910404,Encruzilhada - BA,2024,385.0,1375.32,542.0,903.0,392.0,9593.275
2910503,Entre Rios - BA,2024,1270.0,2768.23,4232.0,5654.0,1320.0,160342.686
2910602,Esplanada - BA,2024,839.0,2278.12,5146.0,6062.0,856.0,160623.472
2910701,Euclides da Cunha - BA,2024,1562.0,3311.17,4266.0,6016.0,1611.0,201315.061
2910727,Eunápolis - BA,2024,5161.0,2883.67,24559.0,31040.0,5385.0,932845.105
2910750,Fátima - BA,2024,343.0,2954.2,1361.0,1661.0,347.0,51685.759
2910776,Feira da Mata - BA,2024,138.0,2077.97,500.0,602.0,141.0,14579.504
2910800,Feira de Santana - BA,2024,30423.0,2541.52,141854.0,180327.0,32407.0,4634944.151
2910859,Filadélfia - BA,2024,561.0,2535.03,1513.0,2049.0,564.0,61384.713
2910909,Firmino Alves - BA,2024,116.0,1513.1,1091.0,1191.0,117.0,23065.835
2911006,Floresta Azul - BA,2024,175.0,1094.68,1143.0,1299.0,182.0,15656.096
2911105,Formosa do Rio Preto - BA,2024,885.0,3582.65,3210.0,4286.0,908.0,148167.884
2911204,Gandu - BA,2024,1160.0,2412.59,3679.0,4999.0,1194.0,115604.682
2911253,Gavião - BA,2024,111.0,2583.39,400.0,483.0,111.0,13304.65
2911303,Gentio do Ouro - BA,2024,288.0,4347.37,2039.0,2213.0,292.0,91785.545
2911402,Glória - BA,2024,268.0,2924.83,865.0,1133.0,270.0,32665.739
2911501,Gongogi - BA,2024,136.0,2030.12,971.0,1055.0,136.0,24857.928
2911600,Governador Mangabeira - BA,2024,563.0,2207.48,3054.0,3646.0,579.0,91746.537
2911659,Guajeru - BA,2024,147.0,1424.25,1080.0,1212.0,150.0,20418.234
2911709,Guanambi - BA,2024,4908.0,2096.68,18555.0,24899.0,5085.0,496180.716
2911808,Guaratinga - BA,2024,374.0,2201.68,1435.0,1789.0,387.0,43007.708
2911857,Heliópolis - BA,2024,264.0,3152.63,948.0,1188.0,270.0,38475.492
2911907,Iaçu - BA,2024,551.0,2460.53,2842.0,3382.0,565.0,90065.967
2912004,Ibiassucê - BA,2024,336.0,1895.94,921.0,1277.0,340.0,23109.916
2912103,Ibicaraí - BA,2024,701.0,2454.91,2007.0,2770.0,713.0,66647.964
2912202,Ibicoara - BA,2024,793.0,2502.7,3307.0,4140.0,806.0,118888.709
2912301,Ibicuí - BA,2024,323.0,1621.25,1680.0,2040.0,329.0,39493.3
2912400,Ibipeba - BA,2024,299.0,2554.78,977.0,1274.0,306.0,35709.974
2912509,Ibipitanga - BA,2024,377.0,1566.24,1570.0,1964.0,381.0,30356.642
2912608,Ibiquera - BA,2024,89.0,1923.57,230.0,300.0,90.0,9709.988
2912707,Ibirapitanga - BA,2024,336.0,2173.28,1529.0,1854.0,342.0,46577.24
2912806,Ibirapuã - BA,2024,219.0,2626.92,2158.0,2382.0,226.0,85022.694
2912905,Ibirataia - BA,2024,395.0,2336.3,1639.0,2037.0,404.0,53870.529
2913002,Ibitiara - BA,2024,319.0,2547.4,1021.0,1326.0,327.0,25546.529
2913101,Ibititá - BA,2024,339.0,2161.67,619.0,975.0,343.0,21181.114
2913200,Ibotirama - BA,2024,1149.0,3145.8,4681.0,6033.0,1182.0,169528.91
2913309,Ichu - BA,2024,164.0,2432.21,544.0,708.0,166.0,16909.361
2913408,Igaporã - BA,2024,390.0,2228.57,829.0,1253.0,390.0,28961.816
2913457,Igrapiúna - BA,2024,209.0,2712.53,1308.0,1498.0,209.0,52609.144
2913507,Iguaí - BA,2024,451.0,2100.26,1904.0,2357.0,460.0,51256.904
2913606,Ilhéus - BA,2024,6421.0,2970.72,33034.0,40996.0,6932.0,1307516.817
2913705,Inhambupe - BA,2024,903.0,2669.42,2749.0,3748.0,920.0,107018.442
2913804,Ipecaetá - BA,2024,150.0,2105.1,1516.0,1630.0,151.0,41264.804
2913903,Ipiaú - BA,2024,1825.0,2465.94,5446.0,7461.0,1882.0,178274.422
2914000,Ipirá - BA,2024,1376.0,2413.53,5516.0,7042.0,1428.0,176273.469
2914109,Ipupiara - BA,2024,349.0,2461.31,958.0,1334.0,358.0,29599.157
2914208,Irajuba - BA,2024,148.0,2764.5,437.0,565.0,148.0,17226.767
2914307,Iramaia - BA,2024,201.0,2572.46,622.0,802.0,204.0,26563.248
2914406,Iraquara - BA,2024,518.0,3669.2,1630.0,2214.0,526.0,76427.099
2914505,Irará - BA,2024,718.0,1732.18,2922.0,3687.0,730.0,71576.518
2914604,Irecê - BA,2024,4320.0,2487.04,16471.0,21747.0,4513.0,538121.935
2914653,Itabela - BA,2024,874.0,1528.58,3939.0,4884.0,894.0,77155.973
2914703,Itaberaba - BA,2024,2280.0,2138.48,10942.0,13671.0,2365.0,345826.783
2914802,Itabuna - BA,2024,9548.0,2621.63,40365.0,51965.0,10125.0,1407724.008
2914901,Itacaré - BA,2024,1244.0,1988.0,5286.0,6699.0,1279.0,131427.072
2915007,Itaeté - BA,2024,263.0,2901.24,591.0,836.0,268.0,37239.744
2915106,Itagi - BA,2024,240.0,2339.77,1119.0,1336.0,246.0,34081.348
2915205,Itagibá - BA,2024,360.0,3467.54,2577.0,2922.0,367.0,131010.399
2915304,Itagimirim - BA,2024,238.0,2546.33,730.0,957.0,245.0,27516.935
2915353,Itaguaçu da Bahia - BA,2024,684.0,1653.12,1663.0,4916.0,687.0,35292.346
2915403,Itaju do Colônia - BA,2024,153.0,2380.37,529.0,673.0,158.0,18270.772
2915502,Itajuípe - BA,2024,413.0,2337.18,2027.0,2419.0,419.0,61899.418
2915601,Itamaraju - BA,2024,2053.0,2212.36,8457.0,10861.0,2115.0,234361.562
2915700,Itamari - BA,2024,132.0,2374.56,570.0,671.0,132.0,17803.221
2915809,Itambé - BA,2024,430.0,2664.95,2256.0,2667.0,440.0,80298.21
2915908,Itanagra - BA,2024,224.0,2048.97,1257.0,1444.0,231.0,34801.879
2916005,Itanhém - BA,2024,456.0,2681.32,1196.0,1706.0,468.0,40608.897
2916104,Itaparica - BA,2024,430.0,2337.92,1592.0,1988.0,432.0,77276.785
2916203,Itapé - BA,2024,264.0,2506.02,859.0,1122.0,266.0,28376.972
2916302,Itapebi - BA,2024,226.0,2005.04,1237.0,1441.0,232.0,31961.806
2916401,Itapetinga - BA,2024,2318.0,2208.4,16083.0,18769.0,2420.0,477606.245
2916500,Itapicuru - BA,2024,490.0,2367.35,4032.0,4502.0,499.0,121200.977
2916609,Itapitanga - BA,2024,126.0,1085.23,1190.0,1280.0,127.0,16209.398
2916708,Itaquara - BA,2024,108.0,1867.66,379.0,479.0,109.0,12472.426
2916807,Itarantim - BA,2024,468.0,1843.8,2401.0,2879.0,480.0,58219.926
2916856,Itatim - BA,2024,562.0,2153.38,2781.0,3368.0,578.0,76974.016
2916906,Itiruçu - BA,2024,277.0,2145.5,1024.0,1302.0,280.0,29234.816
2917003,Itiúba - BA,2024,544.0,3274.52,1823.0,2362.0,557.0,110980.927
2917102,Itororó - BA,2024,556.0,2116.01,2455.0,3039.0,570.0,68969.227
2917201,Ituaçu - BA,2024,480.0,2774.73,1213.0,1745.0,488.0,43128.92
2917300,Ituberá - BA,2024,738.0,2341.08,2526.0,3347.0,756.0,77607.839
2917334,Iuiu - BA,2024,231.0,2337.47,731.0,946.0,234.0,22539.015
2917359,Jaborandi - BA,2024,346.0,3489.71,2064.0,2441.0,376.0,90836.866
2917409,Jacaraci - BA,2024,251.0,1639.08,974.0,1217.0,260.0,20706.151
2917508,Jacobina - BA,2024,3298.0,3630.98,11772.0,15686.0,3431.0,567561.046
2917607,Jaguaquara - BA,2024,1510.0,2350.07,5266.0,6980.0,1562.0,159660.103
2917706,Jaguarari - BA,2024,859.0,3875.24,5186.0,6045.0,889.0,311580.492
2917805,Jaguaripe - BA,2024,263.0,3258.41,1249.0,1522.0,266.0,54007.38
2917904,Jandaíra - BA,2024,273.0,1407.45,1601.0,1900.0,276.0,27501.497
2918001,Jequié - BA,2024,5533.0,2474.7,26696.0,33495.0,5825.0,878583.902
2918100,Jeremoabo - BA,2024,746.0,3014.34,2424.0,3263.0,759.0,121499.164
2918209,Jiquiriçá - BA,2024,284.0,2120.14,1163.0,1434.0,287.0,30761.482
2918308,Jitaúna - BA,2024,306.0,1414.64,1376.0,1699.0,312.0,33109.735
2918357,João Dourado - BA,2024,687.0,2784.89,1331.0,2026.0,697.0,51057.255
2918407,Juazeiro - BA,2024,7780.0,2479.03,43338.0,52310.0,8182.0,1444323.046
2918456,Jucuruçu - BA,2024,144.0,2031.29,618.0,733.0,148.0,22460.814
2918506,Jussara - BA,2024,356.0,2436.63,783.0,1136.0,363.0,25063.418
2918555,Jussari - BA,2024,160.0,2021.45,853.0,987.0,163.0,21572.829
2918605,Jussiape - BA,2024,153.0,2644.77,950.0,1090.0,156.0,24169.165
2918704,Lafaiete Coutinho - BA,2024,126.0,1853.43,772.0,886.0,126.0,17871.189
2918753,Lagoa Real - BA,2024,244.0,2061.72,845.0,1087.0,248.0,26688.203
2918803,Laje - BA,2024,371.0,2388.82,2059.0,2428.0,378.0,63639.992
2918902,Lajedão - BA,2024,112.0,1598.33,559.0,643.0,113.0,16355.816
2919009,Lajedinho - BA,2024,92.0,2490.89,329.0,392.0,92.0,10640.589
2919058,Lajedo do Tabocal - BA,2024,181.0,3265.25,482.0,636.0,181.0,21031.398
2919108,Lamarão - BA,2024,136.0,2513.29,382.0,491.0,137.0,23615.922
2919157,Lapão - BA,2024,667.0,2622.13,1708.0,2392.0,677.0,81212.92
2919207,Lauro de Freitas - BA,2024,18109.0,2425.43,117282.0,139842.0,18647.0,3980613.586
2919306,Lençóis - BA,2024,497.0,2846.51,1235.0,1801.0,507.0,46505.97
2919405,Licínio de Almeida - BA,2024,388.0,2197.19,1024.0,1432.0,411.0,28221.531
2919504,Livramento de Nossa Senhora - BA,2024,1651.0,2526.21,4152.0,6144.0,1725.0,135378.804
2919553,Luís Eduardo Magalhães - BA,2024,9564.0,2929.45,34461.0,46231.0,9879.0,1336908.412
2919603,Macajuba - BA,2024,180.0,3358.31,440.0,609.0,188.0,21220.005
2919702,Macarani - BA,2024,319.0,2167.96,1959.0,2257.0,327.0,57134.473
2919801,Macaúbas - BA,2024,1061.0,2560.12,3160.0,4333.0,1082.0,107444.034
2919900,Macururé - BA,2024,177.0,1777.47,1068.0,1215.0,177.0,23458.375
2919926,Madre de Deus - BA,2024,623.0,4932.96,3654.0,4268.0,634.0,234687.572
2919959,Maetinga - BA,2024,164.0,2270.09,422.0,576.0,168.0,17689.611
2920007,Maiquinique - BA,2024,258.0,2541.84,1248.0,1487.0,264.0,43173.205
2920106,Mairi - BA,2024,390.0,2479.52,1061.0,1461.0,391.0,39071.586
2920205,Malhada - BA,2024,213.0,1135.82,820.0,1034.0,213.0,14511.645
2920304,Malhada de Pedras - BA,2024,216.0,2323.43,780.0,982.0,219.0,27714.543
2920403,Manoel Vitorino - BA,2024,296.0,2906.79,854.0,1161.0,300.0,32532.255
2920452,Mansidão - BA,2024,244.0,3230.27,530.0,736.0,246.0,23218.662
2920502,Maracás - BA,2024,1057.0,3522.09,3464.0,4611.0,1084.0,164737.743
2920601,Maragogipe - BA,2024,600.0,2570.41,2565.0,3179.0,615.0,121216.048
2920700,Maraú - BA,2024,1018.0,2528.38,2247.0,3457.0,1042.0,78042.484
2920809,Marcionílio Souza - BA,2024,209.0,2959.68,596.0,781.0,212.0,25104.324
2920908,Mascote - BA,2024,262.0,2870.42,1074.0,1286.0,271.0,43881.179
2921005,Mata de São João - BA,2024,1897.0,2965.01,16766.0,18904.0,2018.0,638161.821
2921054,Matina - BA,2024,161.0,2036.96,802.0,956.0,162.0,22846.031
2921104,Medeiros Neto - BA,2024,550.0,2546.63,3513.0,4117.0,567.0,140167.825
2921203,Miguel Calmon - BA,2024,574.0,2896.58,2002.0,2659.0,584.0,74590.29
2921302,Milagres - BA,2024,279.0,2154.57,1258.0,1536.0,286.0,36370.442
2921401,Mirangaba - BA,2024,285.0,3342.87,947.0,1206.0,288.0,46567.071
2921450,Mirante - BA,2024,154.0,2534.37,626.0,770.0,154.0,20673.781
2921500,Monte Santo - BA,2024,862.0,1233.02,2641.0,3502.0,897.0,69157.692
2921609,Morpará - BA,2024,173.0,3091.68,596.0,751.0,174.0,23055.278
2921708,Morro do Chapéu - BA,2024,961.0,2740.97,2494.0,3484.0,980.0,100483.448
2921807,Mortugaba - BA,2024,356.0,2175.82,980.0,1332.0,361.0,26685.551
2921906,Mucugê - BA,2024,494.0,2613.94,3732.0,4286.0,500.0,127071.805
2922003,Mucuri - BA,2024,1376.0,3732.66,9557.0,11032.0,1447.0,469362.835
2922052,Mulungu do Morro - BA,2024,222.0,2617.79,947.0,1137.0,238.0,34493.713
2922102,Mundo Novo - BA,2024,351.0,2056.03,1270.0,1624.0,357.0,34663.795
2922201,Muniz Ferreira - BA,2024,154.0,1780.1,697.0,830.0,155.0,18042.833
2922250,Muquém do São Francisco - BA,2024,251.0,2823.3,989.0,1200.0,260.0,37785.947
2922300,Muritiba - BA,2024,799.0,2252.84,2745.0,3630.0,817.0,94851.654
2922409,Mutuípe - BA,2024,473.0,2454.28,2965.0,3483.0,479.0,100446.747
2922508,Nazaré - BA,2024,687.0,3124.77,2382.0,3139.0,713.0,128994.218
2922607,Nilo Peçanha - BA,2024,241.0,2404.77,643.0,848.0,243.0,20107.431
2922656,Nordestina - BA,2024,244.0,3162.31,805.0,1023.0,246.0,32491.277
2922706,Nova Canaã - BA,2024,288.0,2206.46,1192.0,1501.0,290.0,41070.958
2922730,Nova Fátima - BA,2024,286.0,2365.33,676.0,953.0,291.0,21113.094
2922755,Nova Ibiá - BA,2024,131.0,2151.55,502.0,597.0,133.0,15826.621
2922805,Nova Itarana - BA,2024,149.0,1948.05,544.0,666.0,149.0,21977.21
2922854,Nova Redenção - BA,2024,168.0,2405.75,448.0,583.0,173.0,13876.317
2922904,Nova Soure - BA,2024,450.0,2739.64,1734.0,2181.0,459.0,75652.936
2923001,Nova Viçosa - BA,2024,1136.0,2394.74,5669.0,6965.0,1187.0,172779.982
2923035,Novo Horizonte - BA,2024,246.0,2353.4,1117.0,1346.0,250.0,32720.125
2923050,Novo Triunfo - BA,2024,195.0,3314.82,962.0,1145.0,197.0,40288.145
2923100,Olindina - BA,2024,408.0,2882.01,1425.0,1815.0,414.0,61184.779
2923209,Oliveira dos Brejinhos - BA,2024,667.0,1712.96,1398.0,2113.0,673.0,33664.367
2923308,Ouriçangas - BA,2024,129.0,2348.71,750.0,867.0,130.0,24251.949
2923357,Ourolândia - BA,2024,556.0,2671.08,1645.0,2241.0,570.0,56407.162
2923407,Palmas de Monte Alto - BA,2024,426.0,2456.99,1186.0,1630.0,432.0,39286.706
2923506,Palmeiras - BA,2024,362.0,2594.57,825.0,1231.0,362.0,28108.408
2923605,Paramirim - BA,2024,1105.0,1922.97,2741.0,4160.0,1128.0,68464.796
2923704,Paratinga - BA,2024,606.0,2293.01,1956.0,2571.0,617.0,58935.253
2923803,Paripiranga - BA,2024,577.0,3360.68,1984.0,2559.0,605.0,92202.152
2923902,Pau Brasil - BA,2024,214.0,3145.22,765.0,927.0,222.0,31436.259
2924009,Paulo Afonso - BA,2024,3309.0,2767.98,17500.0,21270.0,3545.0,638146.17
2924058,Pé de Serra - BA,2024,346.0,3097.21,1008.0,1372.0,346.0,45007.617
2924108,Pedrão - BA,2024,143.0,2116.64,448.0,569.0,144.0,13588.674
2924207,Pedro Alexandre - BA,2024,166.0,2666.67,790.0,930.0,169.0,34144.241
2924306,Piatã - BA,2024,415.0,2393.41,1404.0,1851.0,424.0,49212.563
2924405,Pilão Arcado - BA,2024,576.0,2524.02,1756.0,2304.0,585.0,61181.725
2924504,Pindaí - BA,2024,361.0,1925.04,1138.0,1533.0,384.0,29322.388
2924603,Pindobaçu - BA,2024,436.0,1530.85,1537.0,1980.0,442.0,35906.312
2924652,Pintadas - BA,2024,259.0,3123.16,673.0,943.0,262.0,27378.103
2924678,Piraí do Norte - BA,2024,138.0,1690.89,581.0,693.0,141.0,17611.181
2924702,Piripá - BA,2024,225.0,2577.72,615.0,816.0,227.0,20429.901
2924801,Piritiba - BA,2024,385.0,2493.6,1006.0,1397.0,391.0,32829.097
2924900,Planaltino - BA,2024,180.0,2670.69,399.0,552.0,186.0,19213.154
2925006,Planalto - BA,2024,469.0,2054.51,2244.0,2744.0,489.0,57557.082
2925105,Poções - BA,2024,1189.0,2605.01,3744.0,5070.0,1227.0,128468.525
2925204,Pojuca - BA,2024,1054.0,3494.81,9376.0,10513.0,1095.0,417607.677
2925253,Ponto Novo - BA,2024,341.0,3076.9,880.0,1190.0,353.0,36494.498
2925303,Porto Seguro - BA,2024,9850.0,2384.3,41476.0,53732.0,10304.0,1229606.682
2925402,Potiraguá - BA,2024,232.0,1180.16,993.0,1213.0,233.0,15094.018
2925501,Prado - BA,2024,1072.0,2535.54,3115.0,4353.0,1102.0,130505.507
2925600,Presidente Dutra - BA,2024,268.0,3026.73,509.0,781.0,272.0,19737.108
2925709,Presidente Jânio Quadros - BA,2024,232.0,1712.14,830.0,1044.0,237.0,18965.935
2925758,Presidente Tancredo Neves - BA,2024,670.0,3231.71,1734.0,2440.0,687.0,76701.221
2925808,Queimadas - BA,2024,613.0,3010.18,1537.0,2132.0,628.0,69784.662
2925907,Quijingue - BA,2024,329.0,3146.72,992.0,1318.0,337.0,39590.148
2925931,Quixabeira - BA,2024,203.0,2500.6,1268.0,1452.0,205.0,39860.129
2925956,Rafael Jambeiro - BA,2024,324.0,1913.61,1384.0,1681.0,332.0,39444.811
2926004,Remanso - BA,2024,980.0,1891.98,3850.0,4899.0,1004.0,111339.279
2926103,Retirolândia - BA,2024,382.0,2038.17,1104.0,1478.0,386.0,42713.722
2926202,Riachão das Neves - BA,2024,461.0,2810.56,2112.0,2601.0,473.0,73108.775
2926301,Riachão do Jacuípe - BA,2024,1088.0,2504.54,3711.0,4942.0,1128.0,107914.475
2926400,Riacho de Santana - BA,2024,672.0,2199.5,2258.0,2998.0,693.0,76415.465
2926509,Ribeira do Amparo - BA,2024,176.0,2646.49,2206.0,2356.0,177.0,60926.811
2926608,Ribeira do Pombal - BA,2024,1658.0,2651.16,5678.0,7467.0,1709.0,246934.571
2926657,Ribeirão do Largo - BA,2024,164.0,2615.68,630.0,777.0,166.0,21707.381
2926707,Rio de Contas - BA,2024,349.0,2047.59,811.0,1219.0,354.0,21412.305
2926806,Rio do Antônio - BA,2024,312.0,2937.3,686.0,996.0,323.0,26163.155
2926905,Rio do Pires - BA,2024,303.0,1836.65,756.0,1083.0,305.0,18584.673
2927002,Rio Real - BA,2024,858.0,2335.23,3566.0,4435.0,890.0,122974.067
2927101,Rodelas - BA,2024,226.0,1444.31,1469.0,1705.0,231.0,27447.706
2927200,Ruy Barbosa - BA,2024,683.0,2042.65,3712.0,4454.0,700.0,99466.443
2927309,Salinas da Margarida - BA,2024,286.0,2627.51,1252.0,1550.0,294.0,41052.409
2927408,Salvador - BA,2024,110081.0,4178.17,830574.0,979773.0,117750.0,44601222.845
2927507,Santa Bárbara - BA,2024,467.0,1468.98,1700.0,2204.0,477.0,35293.437
2927606,Santa Brígida - BA,2024,208.0,2242.24,1026.0,1209.0,214.0,29248.499
2927705,Santa Cruz Cabrália - BA,2024,1218.0,2421.31,5023.0,6423.0,1246.0,169656.446
2927804,Santa Cruz da Vitória - BA,2024,128.0,821.86,545.0,659.0,128.0,5806.006
2927903,Santa Inês - BA,2024,171.0,2418.13,1044.0,1200.0,174.0,30468.78
2928000,Santaluz - BA,2024,1119.0,2880.35,3858.0,5109.0,1155.0,147968.011
2928059,Santa Luzia - BA,2024,188.0,2983.18,704.0,877.0,190.0,37136.639
2928109,Santa Maria da Vitória - BA,2024,1337.0,2459.24,4347.0,5832.0,1388.0,153919.463
2928208,Santana - BA,2024,598.0,2135.56,2648.0,3283.0,615.0,73925.281
2928307,Santanópolis - BA,2024,192.0,3018.07,555.0,741.0,193.0,21913.063
2928406,Santa Rita de Cássia - BA,2024,603.0,3022.26,1452.0,2052.0,613.0,59594.566
2928505,Santa Terezinha - BA,2024,200.0,2090.17,1008.0,1212.0,202.0,29680.157
2928604,Santo Amaro - BA,2024,1262.0,2569.29,7353.0,8736.0,1308.0,276523.628
2928703,Santo Antônio de Jesus - BA,2024,4714.0,2293.68,26811.0,32841.0,4882.0,800512.095
2928802,Santo Estêvão - BA,2024,1437.0,2151.06,10899.0,12430.0,1485.0,310917.973
2928901,São Desidério - BA,2024,1177.0,3397.38,4842.0,6243.0,1213.0,229716.041
2928950,São Domingos - BA,2024,320.0,1947.41,728.0,1060.0,336.0,23965.72
2929008,São Félix - BA,2024,221.0,2505.77,983.0,1186.0,224.0,42583.114
2929057,São Félix do Coribe - BA,2024,543.0,2284.46,1379.0,1995.0,553.0,43090.606
2929107,São Felipe - BA,2024,655.0,3017.46,1344.0,2144.0,666.0,53063.434
2929206,São Francisco do Conde - BA,2024,731.0,6003.24,7127.0,7796.0,752.0,681660.86
2929255,São Gabriel - BA,2024,489.0,2482.29,1048.0,1544.0,501.0,47150.918
2929305,São Gonçalo dos Campos - BA,2024,1279.0,2529.77,9041.0,10469.0,1317.0,299239.995
2929354,São José da Vitória - BA,2024,102.0,2112.4,488.0,579.0,103.0,17042.175
2929370,São José do Jacuípe - BA,2024,222.0,2305.79,1280.0,1470.0,227.0,34725.693
2929404,São Miguel das Matas - BA,2024,165.0,2258.34,755.0,922.0,168.0,23716.308
2929503,São Sebastião do Passé - BA,2024,918.0,2332.51,10594.0,11632.0,940.0,324523.058
2929602,Sapeaçu - BA,2024,491.0,2079.92,2325.0,2829.0,502.0,67492.06
2929701,Sátiro Dias - BA,2024,365.0,2657.2,2079.0,2448.0,369.0,67471.233
2929750,Saubara - BA,2024,358.0,1684.87,1594.0,1985.0,363.0,34781.872
2929800,Saúde - BA,2024,229.0,2377.31,644.0,856.0,235.0,22880.212
2929909,Seabra - BA,2024,1664.0,2317.76,5945.0,7908.0,1694.0,182260.75
2930006,Sebastião Laranjeiras - BA,2024,185.0,2203.88,788.0,960.0,190.0,26815.908
2930105,Senhor do Bonfim - BA,2024,2962.0,2455.62,9203.0,12670.0,3051.0,291340.291
2930154,Serra do Ramalho - BA,2024,635.0,2372.11,2166.0,2836.0,648.0,73554.641
2930204,Sento Sé - BA,2024,645.0,3190.15,2802.0,3483.0,657.0,136237.05
2930303,Serra Dourada - BA,2024,342.0,2185.73,1411.0,1729.0,350.0,41085.091
2930402,Serra Preta - BA,2024,289.0,2393.43,1151.0,1422.0,291.0,39252.957
2930501,Serrinha - BA,2024,2797.0,2449.35,11390.0,14730.0,2895.0,374437.8
2930600,Serrolândia - BA,2024,358.0,2537.11,996.0,1350.0,368.0,36159.955
2930709,Simões Filho - BA,2024,5541.0,2834.01,48180.0,54360.0,5740.0,1770517.235
2930758,Sítio do Mato - BA,2024,212.0,2016.17,999.0,1168.0,216.0,27536.673
2930766,Sítio do Quinto - BA,2024,239.0,2826.44,572.0,781.0,241.0,31514.757
2930774,Sobradinho - BA,2024,556.0,2882.73,3472.0,4018.0,568.0,123665.185
2930808,Souto Soares - BA,2024,243.0,3734.26,774.0,999.0,245.0,37062.945
2930907,Tabocas do Brejo Velho - BA,2024,271.0,2345.6,1022.0,1274.0,273.0,31097.11
2931004,Tanhaçu - BA,2024,684.0,2065.64,1506.0,2266.0,700.0,50057.822
2931053,Tanque Novo - BA,2024,673.0,1678.64,1345.0,2020.0,696.0,29069.483
2931103,Tanquinho - BA,2024,225.0,1791.73,653.0,886.0,230.0,15076.541
2931202,Taperoá - BA,2024,350.0,2955.61,1594.0,1933.0,352.0,64022.646
2931301,Tapiramutá - BA,2024,311.0,2890.55,1316.0,1613.0,312.0,40598.388
2931350,Teixeira de Freitas - BA,2024,6145.0,2605.6,27344.0,35049.0,6408.0,956575.657
2931400,Teodoro Sampaio - BA,2024,144.0,2261.08,618.0,749.0,148.0,25956.71
2931509,Teofilândia - BA,2024,385.0,3116.77,1115.0,1527.0,388.0,49030.477
2931608,Teolândia - BA,2024,261.0,2798.97,1086.0,1317.0,263.0,39742.183
2931707,Terra Nova - BA,2024,225.0,2253.07,1212.0,1402.0,229.0,54472.118
2931806,Tremedal - BA,2024,245.0,2791.46,1036.0,1271.0,253.0,37007.485
2931905,Tucano - BA,2024,1126.0,3002.1,3742.0,5004.0,1153.0,156000.183
2932002,Uauá - BA,2024,603.0,1701.93,1932.0,2529.0,627.0,41791.535
2932101,Ubaíra - BA,2024,390.0,2525.13,3001.0,3426.0,396.0,97742.101
2932200,Ubaitaba - BA,2024,650.0,2316.96,2661.0,3316.0,664.0,88004.714
2932309,Ubatã - BA,2024,476.0,2550.65,1928.0,2357.0,491.0,60722.746
2932408,Uibaí - BA,2024,266.0,2917.33,980.0,1237.0,272.0,35210.588
2932457,Umburanas - BA,2024,339.0,2645.22,1373.0,1664.0,346.0,58646.821
2932507,Una - BA,2024,592.0,2788.14,3409.0,4007.0,613.0,128063.687
2932606,Urandi - BA,2024,445.0,2960.74,1734.0,2173.0,463.0,102459.494
2932705,Uruçuca - BA,2024,672.0,2378.86,1418.0,2158.0,688.0,44411.415
2932804,Utinga - BA,2024,480.0,2364.76,2503.0,2955.0,488.0,62920.077
2932903,Valença - BA,2024,2806.0,1975.22,15298.0,18774.0,2989.0,389506.738
2933000,Valente - BA,2024,1050.0,1766.84,3948.0,5142.0,1082.0,86968.556
2933059,Várzea da Roça - BA,2024,271.0,2904.29,974.0,1243.0,276.0,35451.115
2933109,Várzea do Poço - BA,2024,180.0,2320.5,1113.0,1274.0,189.0,26939.85
2933158,Várzea Nova - BA,2024,296.0,2741.88,1017.0,1289.0,301.0,42015.15
2933174,Varzedo - BA,2024,203.0,2535.51,914.0,1123.0,204.0,31608.578
2933208,Vera Cruz - BA,2024,1256.0,2317.32,4222.0,5556.0,1286.0,159427.931
2933257,Vereda - BA,2024,108.0,2525.56,489.0,569.0,109.0,19091.317
2933307,Vitória da Conquista - BA,2024,17590.0,2571.43,86260.0,109607.0,18604.0,2860132.651
2933406,Wagner - BA,2024,257.0,2819.38,475.0,713.0,259.0,18229.177
2933455,Wanderley - BA,2024,299.0,1673.6,981.0,1296.0,302.0,26605.486
2933505,Wenceslau Guimarães - BA,2024,353.0,2809.43,1432.0,1775.0,362.0,51367.837
2933604,Xique-Xique - BA,2024,936.0,2134.55,3272.0,4303.0,964.0,101589.545
3100104,Abadia dos Dourados - MG,2024,312.0,2038.86,1133.0,1495.0,316.0,30295.368
3100203,Abaeté - MG,2024,1312.0,2505.55,3894.0,5509.0,1379.0,130080.684
3100302,Abre Campo - MG,2024,560.0,2255.15,1864.0,2549.0,579.0,56719.002
3100401,Acaiaca - MG,2024,120.0,2566.44,492.0,618.0,120.0,17661.4
3100500,Açucena - MG,2024,169.0,2232.92,555.0,713.0,173.0,16448.971
3100609,Água Boa - MG,2024,266.0,2389.25,1004.0,1267.0,269.0,31020.536
3100708,Água Comprida - MG,2024,85.0,3975.05,228.0,300.0,87.0,11818.736
3100807,Aguanil - MG,2024,184.0,2295.82,802.0,997.0,185.0,23514.539
3100906,Águas Formosas - MG,2024,531.0,2515.36,2000.0,2581.0,543.0,66737.562
3101003,Águas Vermelhas - MG,2024,248.0,2140.06,1629.0,1869.0,278.0,45512.632
3101102,Aimorés - MG,2024,785.0,2578.89,3425.0,4332.0,819.0,124811.393
3101201,Aiuruoca - MG,2024,224.0,2452.79,1002.0,1244.0,234.0,31597.435
3101300,Alagoa - MG,2024,108.0,2634.42,393.0,510.0,110.0,13513.696
3101409,Albertina - MG,2024,119.0,2769.74,478.0,565.0,120.0,17879.087
3101508,Além Paraíba - MG,2024,3125.0,2334.12,5055.0,9487.0,3170.0,161398.744
3101607,Alfenas - MG,2024,4748.0,3261.58,22640.0,29037.0,4962.0,992871.906
3101631,Alfredo Vasconcelos - MG,2024,208.0,2667.66,856.0,1124.0,209.0,29290.747
3101706,Almenara - MG,2024,1502.0,2575.37,6549.0,8248.0,1556.0,212158.197
3101805,Alpercata - MG,2024,266.0,2065.07,748.0,1015.0,268.0,24230.355
3101904,Alpinópolis - MG,2024,910.0,2640.08,2517.0,3643.0,937.0,90145.952
3102001,Alterosa - MG,2024,480.0,2501.55,1668.0,2228.0,487.0,55958.007
3102050,Alto Caparaó - MG,2024,225.0,2754.8,620.0,852.0,232.0,22353.027
3102100,Alto Rio Doce - MG,2024,307.0,2389.94,815.0,1151.0,313.0,25737.753
3102209,Alvarenga - MG,2024,106.0,2226.27,476.0,563.0,109.0,13945.489
3102308,Alvinópolis - MG,2024,536.0,2502.83,2604.0,3217.0,551.0,86091.341
3102407,Alvorada de Minas - MG,2024,108.0,3720.77,602.0,689.0,111.0,28680.023
3102506,Amparo do Serra - MG,2024,116.0,1792.11,399.0,502.0,118.0,10389.957
3102605,Andradas - MG,2024,2065.0,2726.53,9193.0,12030.0,2181.0,325549.997
3102704,Cachoeira de Pajeú - MG,2024,206.0,2121.63,806.0,988.0,211.0,22334.172
3102803,Andrelândia - MG,2024,488.0,2421.62,1705.0,2261.0,524.0,51779.631
3102852,Angelândia - MG,2024,197.0,2691.61,796.0,1001.0,198.0,31541.118
3102902,Antônio Carlos - MG,2024,290.0,2654.01,1608.0,1982.0,297.0,54922.494
3103009,Antônio Dias - MG,2024,299.0,3341.73,2774.0,3075.0,321.0,120785.869
3103108,Antônio Prado de Minas - MG,2024,58.0,2656.05,258.0,305.0,59.0,9913.856
3103207,Araçaí - MG,2024,78.0,2922.54,438.0,514.0,79.0,17940.321
3103306,Aracitaba - MG,2024,57.0,2517.11,222.0,271.0,60.0,7160.649
3103405,Araçuaí - MG,2024,1335.0,2546.61,5463.0,7021.0,1377.0,186403.32
3103504,Araguari - MG,2024,6132.0,3091.83,28033.0,35997.0,6400.0,1119913.972
3103603,Arantina - MG,2024,119.0,2144.92,470.0,576.0,125.0,12979.16
3103702,Araponga - MG,2024,170.0,2516.76,532.0,696.0,174.0,16756.137
3103751,Araporã - MG,2024,404.0,3605.53,3267.0,3674.0,414.0,155090.924
3103801,Arapuá - MG,2024,125.0,3392.59,697.0,825.0,127.0,30880.092
3103900,Araújos - MG,2024,550.0,2302.42,1617.0,2274.0,567.0,50600.401
3104007,Araxá - MG,2024,5876.0,3633.77,31415.0,39248.0,6178.0,1511752.71
3104106,Arceburgo - MG,2024,407.0,3074.9,2089.0,2537.0,414.0,86479.61
3104205,Arcos - MG,2024,3365.0,3141.06,13853.0,18369.0,3454.0,579394.618
3104304,Areado - MG,2024,710.0,2893.12,1719.0,2577.0,738.0,66901.231
3104403,Argirita - MG,2024,121.0,2208.17,376.0,497.0,121.0,11941.8
3104452,Aricanduva - MG,2024,113.0,2371.65,435.0,539.0,113.0,15634.941
3104502,Arinos - MG,2024,822.0,2780.92,2345.0,3413.0,853.0,104662.338
3104601,Astolfo Dutra - MG,2024,745.0,2301.89,3329.0,4234.0,766.0,103627.976
3104700,Ataléia - MG,2024,326.0,2453.86,886.0,1199.0,338.0,35539.98
3104809,Augusto de Lima - MG,2024,176.0,2321.1,702.0,863.0,185.0,22392.325
3104908,Baependi - MG,2024,947.0,2390.77,3417.0,4568.0,980.0,108958.629
3105004,Baldim - MG,2024,301.0,2184.55,928.0,1274.0,312.0,26136.605
3105103,Bambuí - MG,2024,1071.0,2878.31,3858.0,5209.0,1115.0,161828.29
3105202,Bandeira - MG,2024,101.0,2149.37,365.0,441.0,102.0,10774.945
3105301,Bandeira do Sul - MG,2024,243.0,2252.92,898.0,1159.0,250.0,27690.555
3105400,Barão de Cocais - MG,2024,1283.0,3239.5,8403.0,9960.0,1328.0,365326.187
3105509,Barão do Monte Alto - MG,2024,135.0,2220.7,451.0,590.0,137.0,14670.707
3105608,Barbacena - MG,2024,4996.0,2565.06,28659.0,35149.0,5274.0,942022.051
3105707,Barra Longa - MG,2024,182.0,2815.74,464.0,638.0,184.0,19938.159
3105905,Barroso - MG,2024,757.0,2534.18,3744.0,4635.0,792.0,123644.959
3106002,Bela Vista de Minas - MG,2024,276.0,3272.51,1543.0,1827.0,282.0,65871.398
3106101,Belmiro Braga - MG,2024,108.0,2339.94,522.0,640.0,111.0,15651.906
3106200,Belo Horizonte - MG,2024,234853.0,4567.11,1417679.0,1730476.0,246522.0,82833369.725
3106309,Belo Oriente - MG,2024,674.0,3431.51,8568.0,9297.0,703.0,406272.488
3106408,Belo Vale - MG,2024,395.0,2905.44,1409.0,1889.0,399.0,57005.438
3106507,Berilo - MG,2024,236.0,2670.18,547.0,781.0,245.0,23334.368
3106606,Bertópolis - MG,2024,72.0,2115.41,358.0,404.0,72.0,11990.126
3106655,Berizal - MG,2024,130.0,1939.25,592.0,693.0,137.0,14975.141
3106705,Betim - MG,2024,16943.0,4251.65,126126.0,146977.0,17853.0,6861653.984
3106804,Bias Fortes - MG,2024,91.0,2155.05,303.0,393.0,92.0,8392.919
3106903,Bicas - MG,2024,743.0,2101.54,2813.0,3797.0,770.0,77121.91
3107000,Biquinhas - MG,2024,109.0,3091.58,326.0,430.0,113.0,13226.713
3107109,Boa Esperança - MG,2024,2151.0,2561.91,7273.0,10060.0,2249.0,247098.818
3107208,Bocaina de Minas - MG,2024,233.0,2289.7,616.0,871.0,237.0,18774.7
3107307,Bocaiúva - MG,2024,1957.0,2382.75,9356.0,11698.0,2038.0,300211.206
3107406,Bom Despacho - MG,2024,2707.0,2594.68,12480.0,16026.0,2847.0,426113.075
3107505,Bom Jardim de Minas - MG,2024,356.0,2227.25,1248.0,1622.0,373.0,37253.455
3107604,Bom Jesus da Penha - MG,2024,179.0,2821.11,527.0,723.0,187.0,18502.649
3107703,Bom Jesus do Amparo - MG,2024,254.0,2951.53,1423.0,1746.0,260.0,54043.29
3107802,Bom Jesus do Galho - MG,2024,362.0,2279.56,955.0,1339.0,371.0,34219.545
3107901,Bom Repouso - MG,2024,337.0,2729.88,969.0,1346.0,347.0,36685.169
3108008,Bom Sucesso - MG,2024,657.0,2570.55,1974.0,2752.0,694.0,69766.268
3108107,Bonfim - MG,2024,331.0,2356.08,680.0,1057.0,341.0,21887.21
3108206,Bonfinópolis de Minas - MG,2024,291.0,2644.81,706.0,1049.0,304.0,25342.719
3108255,Bonito de Minas - MG,2024,154.0,2731.49,559.0,695.0,157.0,28792.404
3108305,Borda da Mata - MG,2024,851.0,2449.15,2887.0,3930.0,892.0,93535.605
3108404,Botelhos - MG,2024,626.0,2581.08,1949.0,2746.0,646.0,66874.791
3108503,Botumirim - MG,2024,171.0,2374.65,587.0,756.0,174.0,20385.596
3108552,Brasilândia de Minas - MG,2024,690.0,2742.44,2014.0,2837.0,723.0,80736.895
3108602,Brasília de Minas - MG,2024,1012.0,2523.83,3583.0,4766.0,1046.0,113296.969
3108701,Brás Pires - MG,2024,167.0,2065.14,433.0,616.0,169.0,11141.409
3108800,Braúnas - MG,2024,108.0,2969.05,405.0,493.0,109.0,16106.824
3108909,Brazópolis - MG,2024,466.0,2269.82,1584.0,2139.0,477.0,50396.332
3109006,Brumadinho - MG,2024,2080.0,3784.3,12087.0,14769.0,2145.0,610894.434
3109105,Bueno Brandão - MG,2024,442.0,2667.96,1174.0,1662.0,450.0,39832.276
3109204,Buenópolis - MG,2024,309.0,2345.19,893.0,1215.0,317.0,29939.635
3109253,Bugre - MG,2024,116.0,2128.24,420.0,502.0,117.0,11339.358
3109303,Buritis - MG,2024,1022.0,2904.06,3766.0,4955.0,1047.0,146502.41
3109402,Buritizeiro - MG,2024,963.0,2464.16,3979.0,4990.0,1044.0,128265.826
3109451,Cabeceira Grande - MG,2024,222.0,2844.15,607.0,848.0,226.0,27562.208
3109501,Cabo Verde - MG,2024,440.0,2661.32,1161.0,1650.0,445.0,42071.243
3109600,Cachoeira da Prata - MG,2024,173.0,2130.12,557.0,741.0,179.0,16017.06
3109709,Cachoeira de Minas - MG,2024,360.0,2568.91,1863.0,2290.0,364.0,68422.974
3109808,Cachoeira Dourada - MG,2024,100.0,3626.54,548.0,631.0,104.0,33485.176
3109907,Caetanópolis - MG,2024,456.0,2347.11,2293.0,2814.0,466.0,69098.861
3110004,Caeté - MG,2024,1484.0,2521.79,5766.0,7689.0,1542.0,186465.353
3110103,Caiana - MG,2024,143.0,1970.74,475.0,631.0,144.0,13402.102
3110202,Cajuri - MG,2024,150.0,2029.28,591.0,737.0,153.0,18440.332
3110301,Caldas - MG,2024,607.0,3488.74,2120.0,2878.0,649.0,99515.711
3110400,Camacho - MG,2024,101.0,3011.28,289.0,375.0,103.0,11251.13
3110509,Camanducaia - MG,2024,1568.0,2995.24,6912.0,8922.0,1650.0,265698.726
3110608,Cambuí - MG,2024,1693.0,2836.71,7799.0,9928.0,1758.0,295230.588
3110707,Cambuquira - MG,2024,407.0,2351.93,1510.0,1963.0,419.0,45849.784
3110806,Campanário - MG,2024,104.0,2216.55,510.0,582.0,105.0,14495.748
3110905,Campanha - MG,2024,762.0,2374.05,2823.0,3789.0,778.0,92014.596
3111002,Campestre - MG,2024,768.0,2515.29,2426.0,3363.0,792.0,83022.55
3111101,Campina Verde - MG,2024,904.0,2575.02,2761.0,3795.0,957.0,93732.418
3111150,Campo Azul - MG,2024,80.0,2114.98,444.0,498.0,81.0,12058.391
3111200,Campo Belo - MG,2024,2919.0,2419.3,12905.0,16721.0,3009.0,402275.518
3111309,Campo do Meio - MG,2024,645.0,2278.98,1468.0,2178.0,702.0,48346.086
3111408,Campo Florido - MG,2024,378.0,3362.05,2048.0,2424.0,397.0,93730.226
3111507,Campos Altos - MG,2024,569.0,2881.77,1731.0,2475.0,588.0,69828.816
3111606,Campos Gerais - MG,2024,1019.0,2508.61,3225.0,4426.0,1051.0,112220.491
3111705,Canaã - MG,2024,129.0,2375.58,441.0,577.0,132.0,13458.588
3111804,Canápolis - MG,2024,438.0,3465.25,2783.0,3196.0,447.0,125397.807
3111903,Cana Verde - MG,2024,192.0,2300.13,648.0,833.0,198.0,19996.163
3112000,Candeias - MG,2024,631.0,2372.9,2686.0,3413.0,666.0,81808.993
3112059,Cantagalo - MG,2024,133.0,1938.87,639.0,769.0,133.0,15835.982
3112109,Caparaó - MG,2024,163.0,2094.52,667.0,810.0,166.0,17091.219
3112208,Capela Nova - MG,2024,102.0,2451.36,449.0,556.0,114.0,14306.037
3112307,Capelinha - MG,2024,1729.0,2622.27,9776.0,11878.0,1776.0,265838.804
3112406,Capetinga - MG,2024,207.0,2699.49,774.0,976.0,218.0,29239.129
3112505,Capim Branco - MG,2024,359.0,2372.16,1104.0,1499.0,365.0,32305.385
3112604,Capinópolis - MG,2024,612.0,2962.71,2724.0,3438.0,625.0,117996.44
3112653,Capitão Andrade - MG,2024,132.0,2362.26,532.0,664.0,134.0,16064.987
3112703,Capitão Enéas - MG,2024,408.0,2418.28,2858.0,3290.0,418.0,92918.479
3112802,Capitólio - MG,2024,819.0,2337.41,2718.0,3945.0,841.0,83990.999
3112901,Caputira - MG,2024,204.0,2449.1,775.0,1002.0,207.0,26643.572
3113008,Caraí - MG,2024,289.0,2413.02,1232.0,1508.0,296.0,37894.35
3113107,Caranaíba - MG,2024,68.0,2692.91,299.0,353.0,68.0,10723.606
3113206,Carandaí - MG,2024,858.0,2841.05,3617.0,4688.0,899.0,146261.438
3113305,Carangola - MG,2024,1446.0,2418.5,5269.0,7175.0,1511.0,169756.122
3113404,Caratinga - MG,2024,4870.0,2570.07,21040.0,27477.0,5053.0,718744.022
3113503,Carbonita - MG,2024,320.0,2280.11,1830.0,2162.0,353.0,56801.178
3113602,Careaçu - MG,2024,265.0,2656.07,953.0,1250.0,271.0,34810.371
3113701,Carlos Chagas - MG,2024,546.0,2520.35,2666.0,3263.0,581.0,87112.599
3113800,Carmésia - MG,2024,120.0,2356.79,397.0,488.0,120.0,12083.72
3113909,Carmo da Cachoeira - MG,2024,377.0,2987.81,2180.0,2622.0,391.0,86385.803
3114006,Carmo da Mata - MG,2024,423.0,2938.89,2356.0,2815.0,438.0,94745.072
3114105,Carmo de Minas - MG,2024,420.0,2682.02,1589.0,2160.0,427.0,57589.61
3114204,Carmo do Cajuru - MG,2024,1069.0,2809.92,5137.0,6460.0,1108.0,201136.98
3114303,Carmo do Paranaíba - MG,2024,1393.0,3080.98,4405.0,6163.0,1433.0,175565.042
3114402,Carmo do Rio Claro - MG,2024,999.0,2612.95,2983.0,4234.0,1038.0,100494.862
3114501,Carmópolis de Minas - MG,2024,877.0,2707.25,3770.0,4883.0,920.0,133732.987
3114550,Carneirinho - MG,2024,427.0,3174.59,1926.0,2375.0,441.0,92251.294
3114600,Carrancas - MG,2024,204.0,2633.04,688.0,909.0,216.0,24462.139
3114709,Carvalhópolis - MG,2024,135.0,2845.5,324.0,470.0,143.0,13632.1
3114808,Carvalhos - MG,2024,174.0,2590.78,489.0,673.0,180.0,17002.048
3114907,Casa Grande - MG,2024,80.0,2322.15,319.0,405.0,80.0,9843.094
3115003,Cascalho Rico - MG,2024,103.0,2230.03,511.0,605.0,107.0,15996.63
3115102,Cássia - MG,2024,888.0,2868.96,2499.0,3631.0,900.0,99691.24
3115201,Conceição da Barra de Minas - MG,2024,93.0,2617.86,408.0,482.0,94.0,13747.306
3115300,Cataguases - MG,2024,2719.0,3088.07,16172.0,19731.0,2859.0,675147.221
3115359,Catas Altas - MG,2024,253.0,3889.89,1721.0,1982.0,258.0,90937.351
3115409,Catas Altas da Noruega - MG,2024,101.0,2372.27,361.0,446.0,102.0,11236.05
3115458,Catuji - MG,2024,223.0,2376.93,844.0,1034.0,230.0,26717.733
3115474,Catuti - MG,2024,142.0,2308.38,346.0,463.0,145.0,14341.857
3115508,Caxambu - MG,2024,1107.0,2295.08,3491.0,4839.0,1155.0,102918.385
3115607,Cedro do Abaeté - MG,2024,61.0,2448.59,216.0,252.0,62.0,6651.24
3115706,Central de Minas - MG,2024,319.0,2032.65,781.0,1124.0,326.0,20158.152
3115805,Centralina - MG,2024,359.0,2468.88,1234.0,1638.0,365.0,38907.633
3115904,Chácara - MG,2024,136.0,2308.9,367.0,499.0,141.0,11721.715
3116001,Chalé - MG,2024,174.0,2359.59,434.0,610.0,175.0,17432.751
3116100,Chapada do Norte - MG,2024,210.0,2253.02,513.0,698.0,218.0,22921.815
3116159,Chapada Gaúcha - MG,2024,407.0,2628.45,1108.0,1587.0,420.0,48139.802
3116209,Chiador - MG,2024,92.0,2227.03,236.0,317.0,93.0,8367.528
3116308,Cipotânea - MG,2024,126.0,2157.78,474.0,595.0,128.0,15789.118
3116407,Claraval - MG,2024,185.0,2729.54,887.0,1073.0,189.0,34670.762
3116506,Claro dos Poções - MG,2024,209.0,2305.35,478.0,728.0,219.0,17094.921
3116605,Cláudio - MG,2024,1705.0,2683.95,10906.0,13027.0,1836.0,399627.882
3116704,Coimbra - MG,2024,279.0,2401.57,901.0,1240.0,282.0,28398.727
3116803,Coluna - MG,2024,248.0,2473.27,601.0,870.0,256.0,20999.417
3116902,Comendador Gomes - MG,2024,147.0,2874.74,2537.0,2667.0,152.0,93274.865
3117009,Comercinho - MG,2024,124.0,2759.56,408.0,498.0,125.0,15982.342
3117108,Conceição da Aparecida - MG,2024,352.0,2783.25,1052.0,1440.0,358.0,38222.219
3117207,Conceição das Pedras - MG,2024,100.0,2978.03,242.0,356.0,102.0,9313.9
3117306,Conceição das Alagoas - MG,2024,1030.0,3396.66,5657.0,6878.0,1063.0,276362.908
3117405,Conceição de Ipanema - MG,2024,125.0,2258.88,371.0,480.0,126.0,11629.906
3117504,Conceição do Mato Dentro - MG,2024,918.0,5454.83,9836.0,10856.0,960.0,667987.593
3117603,Conceição do Pará - MG,2024,249.0,3667.64,1734.0,1986.0,262.0,85469.445
3117702,Conceição do Rio Verde - MG,2024,433.0,2534.86,1669.0,2163.0,453.0,58248.448
3117801,Conceição dos Ouros - MG,2024,473.0,2263.18,2368.0,2920.0,482.0,72522.546
3117836,Cônego Marinho - MG,2024,126.0,2632.18,371.0,477.0,129.0,16303.677
3117876,Confins - MG,2024,563.0,4298.47,6223.0,6806.0,625.0,343604.359
3117900,Congonhal - MG,2024,493.0,2527.83,1863.0,2451.0,504.0,60670.7
3118007,Congonhas - MG,2024,2401.0,3848.37,20791.0,23781.0,2474.0,1067598.574
3118106,Congonhas do Norte - MG,2024,115.0,2419.84,356.0,469.0,118.0,12100.585
3118205,Conquista - MG,2024,314.0,3242.93,784.0,1149.0,321.0,44557.731
3118304,Conselheiro Lafaiete - MG,2024,6211.0,2630.23,25286.0,33621.0,6436.0,912741.932
3118403,Conselheiro Pena - MG,2024,669.0,2613.7,2508.0,3246.0,696.0,89532.534
3118502,Consolação - MG,2024,65.0,3016.73,186.0,243.0,66.0,8132.53
3118601,Contagem - MG,2024,35019.0,3322.44,225913.0,267316.0,37042.0,9925667.531
3118700,Coqueiral - MG,2024,345.0,2574.89,756.0,1128.0,353.0,31194.343
3118809,Coração de Jesus - MG,2024,605.0,2269.62,2242.0,2853.0,626.0,64975.585
3118908,Cordisburgo - MG,2024,261.0,2106.96,788.0,1065.0,265.0,21465.118
3119005,Cordislândia - MG,2024,105.0,2782.4,310.0,409.0,109.0,11283.596
3119104,Corinto - MG,2024,840.0,2405.12,3388.0,4345.0,891.0,103270.615
3119203,Coroaci - MG,2024,393.0,1849.36,873.0,1276.0,397.0,22186.329
3119302,Coromandel - MG,2024,1588.0,2791.26,5257.0,7234.0,1632.0,190485.203
3119401,Coronel Fabriciano - MG,2024,4905.0,2253.36,20401.0,26512.0,5104.0,601196.392
3119500,Coronel Murta - MG,2024,211.0,2025.33,819.0,1011.0,218.0,25438.289
3119609,Coronel Pacheco - MG,2024,136.0,2402.04,496.0,616.0,137.0,15497.407
3119708,Coronel Xavier Chaves - MG,2024,154.0,4673.68,532.0,706.0,155.0,34656.884
3119807,Córrego Danta - MG,2024,165.0,2666.97,616.0,796.0,165.0,23034.799
3119906,Córrego do Bom Jesus - MG,2024,122.0,3098.68,342.0,492.0,124.0,14191.653
3119955,Córrego Fundo - MG,2024,394.0,2998.61,1854.0,2404.0,416.0,71572.701
3120003,Córrego Novo - MG,2024,102.0,2138.68,467.0,558.0,102.0,12632.217
3120102,Couto de Magalhães de Minas - MG,2024,182.0,2395.81,517.0,693.0,186.0,19746.227
3120151,Crisólita - MG,2024,84.0,2769.8,414.0,469.0,87.0,16681.159
3120201,Cristais - MG,2024,567.0,1895.66,2820.0,3361.0,578.0,68388.002
3120300,Cristália - MG,2024,142.0,2310.36,683.0,796.0,145.0,20629.033
3120409,Cristiano Otoni - MG,2024,177.0,2593.71,869.0,1046.0,180.0,28765.016
3120508,Cristina - MG,2024,338.0,2296.08,1422.0,1781.0,350.0,47746.516
3120607,Crucilândia - MG,2024,216.0,2046.97,851.0,1137.0,222.0,22348.111
3120706,Cruzeiro da Fortaleza - MG,2024,173.0,3095.8,554.0,723.0,185.0,22549.065
3120805,Cruzília - MG,2024,584.0,2468.2,2669.0,3370.0,604.0,88493.677
3120839,Cuparaque - MG,2024,148.0,2039.97,529.0,680.0,154.0,15475.78
3120870,Curral de Dentro - MG,2024,173.0,2331.85,595.0,739.0,177.0,22952.86
3120904,Curvelo - MG,2024,3812.0,2673.63,21360.0,26132.0,4041.0,743184.679
3121001,Datas - MG,2024,153.0,2378.13,645.0,785.0,156.0,20250.08
3121100,Delfim Moreira - MG,2024,261.0,2903.01,715.0,1016.0,269.0,28744.046
3121209,Delfinópolis - MG,2024,312.0,2650.94,1327.0,1681.0,319.0,46955.186
3121258,Delta - MG,2024,429.0,3663.66,4851.0,5264.0,437.0,244432.772
3121308,Descoberto - MG,2024,192.0,2117.13,918.0,1101.0,204.0,26082.175
3121407,Desterro de Entre Rios - MG,2024,245.0,3697.42,1267.0,1548.0,250.0,62204.218
3121506,Desterro do Melo - MG,2024,114.0,2331.77,349.0,454.0,117.0,11077.279
3121605,Diamantina - MG,2024,2024.0,3821.11,11198.0,13750.0,2179.0,544947.621
3121704,Diogo de Vasconcelos - MG,2024,77.0,1911.08,309.0,373.0,82.0,8881.743
3121803,Dionísio - MG,2024,223.0,2060.41,852.0,1073.0,235.0,26195.246
3121902,Divinésia - MG,2024,241.0,2018.55,635.0,903.0,243.0,16198.963
3122009,Divino - MG,2024,625.0,2114.17,2144.0,2885.0,667.0,59483.407
3122108,Divino das Laranjeiras - MG,2024,137.0,2284.44,295.0,413.0,141.0,16779.222
3122207,Divinolândia de Minas - MG,2024,208.0,2089.92,549.0,733.0,213.0,19700.18
3122306,Divinópolis - MG,2024,14834.0,2912.11,61000.0,80544.0,15594.0,2369399.824
3122355,Divisa Alegre - MG,2024,210.0,2625.46,997.0,1202.0,214.0,34652.098
3122405,Divisa Nova - MG,2024,186.0,2493.7,605.0,800.0,187.0,20842.57
3122454,Divisópolis - MG,2024,213.0,2753.72,648.0,848.0,221.0,23466.518
3122470,Dom Bosco - MG,2024,119.0,2436.93,320.0,462.0,121.0,10981.282
3122504,Dom Cavati - MG,2024,214.0,2128.53,520.0,775.0,216.0,18794.032
3122603,Dom Joaquim - MG,2024,150.0,2586.58,579.0,731.0,151.0,17533.679
3122702,Dom Silvério - MG,2024,232.0,2651.06,962.0,1217.0,241.0,33860.262
3122801,Dom Viçoso - MG,2024,69.0,3012.36,177.0,233.0,71.0,9565.785
3122900,Dona Euzébia - MG,2024,258.0,2160.73,1021.0,1309.0,261.0,29979.846
3123007,Dores de Campos - MG,2024,495.0,2280.01,3281.0,3877.0,512.0,99338.234
3123106,Dores de Guanhães - MG,2024,149.0,2648.93,716.0,872.0,152.0,26076.016
3123205,Dores do Indaiá - MG,2024,793.0,2316.55,2704.0,3697.0,816.0,87160.893
3123304,Dores do Turvo - MG,2024,164.0,1887.42,547.0,687.0,170.0,13470.01
3123403,Doresópolis - MG,2024,60.0,4341.27,227.0,277.0,61.0,17087.839
3123502,Douradoquara - MG,2024,93.0,2488.46,364.0,440.0,94.0,12146.128
3123528,Durandé - MG,2024,205.0,2602.89,452.0,661.0,211.0,17898.703
3123601,Elói Mendes - MG,2024,1144.0,2656.14,5016.0,6486.0,1178.0,182613.778
3123700,Engenheiro Caldas - MG,2024,375.0,1906.83,1575.0,2067.0,386.0,37627.084
3123809,Engenheiro Navarro - MG,2024,224.0,2282.97,685.0,914.0,232.0,24557.567
3123858,Entre Folhas - MG,2024,155.0,2566.82,537.0,677.0,157.0,17377.4
3123908,Entre Rios de Minas - MG,2024,650.0,2610.82,2205.0,3052.0,666.0,76571.226
3124005,Ervália - MG,2024,688.0,2175.16,2610.0,3490.0,693.0,78040.919
3124104,Esmeraldas - MG,2024,2190.0,2668.39,7706.0,10397.0,2291.0,260209.168
3124203,Espera Feliz - MG,2024,1029.0,2168.59,3739.0,4995.0,1066.0,104523.082
3124302,Espinosa - MG,2024,1042.0,2194.96,3369.0,4530.0,1076.0,104767.654
3124401,Espírito Santo do Dourado - MG,2024,157.0,2841.33,676.0,841.0,158.0,25120.289
3124500,Estiva - MG,2024,447.0,2941.08,1905.0,2417.0,458.0,72960.512
3124609,Estrela Dalva - MG,2024,94.0,2272.02,294.0,381.0,95.0,9295.353
3124708,Estrela do Indaiá - MG,2024,114.0,2428.06,360.0,494.0,119.0,11491.162
3124807,Estrela do Sul - MG,2024,238.0,2410.97,807.0,1067.0,246.0,26948.397
3124906,Eugenópolis - MG,2024,405.0,2170.66,1513.0,1963.0,419.0,42938.031
3125002,Ewbank da Câmara - MG,2024,163.0,2577.02,490.0,685.0,163.0,16413.927
3125101,Extrema - MG,2024,3530.0,3307.69,41637.0,45185.0,3802.0,1751827.367
3125200,Fama - MG,2024,126.0,3090.39,247.0,381.0,129.0,10010.433
3125309,Faria Lemos - MG,2024,89.0,2500.62,282.0,374.0,101.0,13497.044
3125408,Felício dos Santos - MG,2024,121.0,2357.54,501.0,607.0,122.0,16533.058
3125507,São Gonçalo do Rio Preto - MG,2024,89.0,2292.27,492.0,564.0,91.0,14672.698
3125606,Felisburgo - MG,2024,150.0,2477.0,566.0,707.0,152.0,19184.063
3125705,Felixlândia - MG,2024,545.0,2447.88,2678.0,3269.0,565.0,78503.426
3125804,Fernandes Tourinho - MG,2024,72.0,2267.95,378.0,448.0,74.0,12216.442
3125903,Ferros - MG,2024,272.0,2556.04,793.0,1090.0,285.0,27831.196
3125952,Fervedouro - MG,2024,295.0,2239.47,678.0,980.0,304.0,31438.121
3126000,Florestal - MG,2024,374.0,2435.61,1172.0,1633.0,378.0,38209.565
3126109,Formiga - MG,2024,4380.0,2886.76,23952.0,30231.0,4679.0,786721.485
3126208,Formoso - MG,2024,223.0,2933.28,561.0,785.0,229.0,31922.747
3126307,Fortaleza de Minas - MG,2024,105.0,2766.74,399.0,491.0,106.0,14316.198
3126406,Fortuna de Minas - MG,2024,173.0,2740.77,437.0,639.0,175.0,15539.688
3126505,Francisco Badaró - MG,2024,161.0,2409.92,600.0,751.0,163.0,18888.58
3126604,Francisco Dumont - MG,2024,204.0,2354.3,974.0,1154.0,218.0,34354.438
3126703,Francisco Sá - MG,2024,982.0,2465.82,2274.0,3403.0,1017.0,77396.938
3126752,Franciscópolis - MG,2024,130.0,2796.52,631.0,759.0,138.0,23291.808
3126802,Frei Gaspar - MG,2024,122.0,2377.22,471.0,573.0,124.0,16653.194
3126901,Frei Inocêncio - MG,2024,297.0,2111.77,1182.0,1482.0,299.0,31830.059
3126950,Frei Lagonegro - MG,2024,75.0,2411.38,276.0,331.0,76.0,9523.518
3127008,Fronteira - MG,2024,707.0,2728.6,2072.0,2822.0,722.0,81882.615
3127057,Fronteira dos Vales - MG,2024,82.0,2294.5,416.0,466.0,83.0,12235.676
3127073,Fruta de Leite - MG,2024,98.0,2020.31,401.0,477.0,100.0,13943.566
3127107,Frutal - MG,2024,3513.0,3029.92,15986.0,20386.0,3670.0,633119.94
3127206,Funilândia - MG,2024,309.0,1840.42,875.0,1658.0,311.0,27188.469
3127305,Galiléia - MG,2024,267.0,2279.86,735.0,1000.0,271.0,24790.295
3127339,Gameleiras - MG,2024,109.0,2314.18,485.0,581.0,111.0,16345.126
3127354,Glaucilândia - MG,2024,102.0,2379.69,373.0,468.0,103.0,12133.682
3127370,Goiabeira - MG,2024,113.0,2352.09,335.0,454.0,115.0,14456.251
3127388,Goianá - MG,2024,229.0,2487.3,683.0,943.0,231.0,22253.827
3127404,Gonçalves - MG,2024,301.0,2778.28,606.0,951.0,310.0,22475.26
3127503,Gonzaga - MG,2024,144.0,2065.42,595.0,720.0,146.0,19256.57
3127602,Gouveia - MG,2024,367.0,2060.23,2113.0,2538.0,382.0,56820.027
3127701,Governador Valadares - MG,2024,14064.0,2833.7,58222.0,75982.0,14772.0,2279590.85
3127800,Grão Mogol - MG,2024,520.0,2402.64,1838.0,2393.0,554.0,58294.279
3127909,Grupiara - MG,2024,88.0,2097.68,504.0,568.0,88.0,12834.255
3128006,Guanhães - MG,2024,1793.0,2602.66,7875.0,10247.0,1865.0,263925.024
3128105,Guapé - MG,2024,643.0,2668.87,1931.0,2734.0,666.0,65188.94
3128204,Guaraciaba - MG,2024,206.0,2193.62,2604.0,2853.0,212.0,68516.243
3128253,Guaraciama - MG,2024,175.0,2350.37,454.0,610.0,180.0,13980.63
3128303,Guaranésia - MG,2024,856.0,2737.38,5404.0,6450.0,888.0,193899.825
3128402,Guarani - MG,2024,397.0,2883.84,1297.0,1758.0,414.0,53306.456
3128501,Guarará - MG,2024,152.0,2117.9,697.0,871.0,152.0,20535.026
3128600,Guarda-Mor - MG,2024,416.0,3123.77,959.0,1473.0,423.0,46875.749
3128709,Guaxupé - MG,2024,3085.0,3103.38,13837.0,17917.0,3207.0,561206.281
3128808,Guidoval - MG,2024,290.0,2113.19,1155.0,1485.0,292.0,33402.762
3128907,Guimarânia - MG,2024,295.0,2660.7,773.0,1101.0,303.0,29726.562
3129004,Guiricema - MG,2024,304.0,2066.27,1119.0,1449.0,312.0,30110.966
3129103,Gurinhatã - MG,2024,173.0,2765.65,525.0,685.0,191.0,18990.627
3129202,Heliodora - MG,2024,203.0,2394.47,749.0,955.0,212.0,25171.486
3129301,Iapu - MG,2024,387.0,2565.02,1095.0,1540.0,390.0,34867.114
3129400,Ibertioga - MG,2024,153.0,2229.93,507.0,651.0,167.0,18653.574
3129509,Ibiá - MG,2024,892.0,3036.79,3677.0,4745.0,918.0,148991.414
3129608,Ibiaí - MG,2024,193.0,2194.03,628.0,790.0,200.0,17841.626
3129657,Ibiracatu - MG,2024,90.0,2236.5,378.0,455.0,92.0,13974.931
3129707,Ibiraci - MG,2024,427.0,3310.62,1506.0,2023.0,433.0,64946.612
3129806,Ibirité - MG,2024,3620.0,3113.1,19738.0,24113.0,3737.0,818980.11
3129905,Ibitiúra de Minas - MG,2024,144.0,2737.85,427.0,579.0,147.0,14668.176
3130002,Ibituruna - MG,2024,110.0,2594.43,336.0,438.0,113.0,11735.833
3130051,Icaraí de Minas - MG,2024,190.0,2408.29,907.0,1089.0,190.0,26217.172
3130101,Igarapé - MG,2024,2166.0,2783.62,8887.0,11783.0,2238.0,331135.419
3130200,Igaratinga - MG,2024,487.0,2551.4,3223.0,3860.0,517.0,106519.702
3130309,Iguatama - MG,2024,364.0,2892.93,1360.0,1796.0,374.0,51730.684
3130408,Ijaci - MG,2024,415.0,3282.73,1498.0,2010.0,425.0,69989.454
3130507,Ilicínea - MG,2024,499.0,2127.19,1616.0,2236.0,513.0,49821.78
3130556,Imbé de Minas - MG,2024,116.0,2087.69,460.0,560.0,117.0,16513.334
3130606,Inconfidentes - MG,2024,339.0,2145.42,970.0,1329.0,349.0,28663.248
3130655,Indaiabira - MG,2024,194.0,1893.38,617.0,775.0,218.0,16324.182
3130705,Indianópolis - MG,2024,253.0,5795.69,2662.0,2909.0,261.0,203315.004
3130804,Ingaí - MG,2024,105.0,2494.34,520.0,625.0,120.0,17484.358
3130903,Inhapim - MG,2024,873.0,2246.16,2512.0,3550.0,891.0,81069.525
3131000,Inhaúma - MG,2024,253.0,2368.6,1263.0,1574.0,259.0,38798.627
3131109,Inimutaba - MG,2024,226.0,2044.19,983.0,1231.0,233.0,27253.199
3131158,Ipaba - MG,2024,430.0,1920.08,1714.0,2163.0,442.0,42912.517
3131208,Ipanema - MG,2024,964.0,2259.2,2775.0,3940.0,990.0,80965.117
3131307,Ipatinga - MG,2024,13584.0,3191.98,69715.0,86795.0,14360.0,2980795.327
3131406,Ipiaçu - MG,2024,144.0,2132.48,755.0,905.0,150.0,20786.442
3131505,Ipuiúna - MG,2024,443.0,2592.72,1322.0,1837.0,456.0,42937.974
3131604,Iraí de Minas - MG,2024,400.0,2797.51,1329.0,1805.0,410.0,49290.465
3131703,Itabira - MG,2024,4913.0,3444.12,35645.0,42374.0,5203.0,1617151.167
3131802,Itabirinha - MG,2024,414.0,2081.5,1260.0,1719.0,425.0,34459.265
3131901,Itabirito - MG,2024,2926.0,3964.16,21509.0,25366.0,3015.0,1173136.42
3132008,Itacambira - MG,2024,143.0,2621.58,588.0,741.0,145.0,23560.889
3132107,Itacarambi - MG,2024,481.0,2540.12,1863.0,2344.0,502.0,69159.653
3132206,Itaguara - MG,2024,793.0,2524.19,3300.0,4360.0,835.0,112703.521
3132305,Itaipé - MG,2024,261.0,2558.72,755.0,1006.0,265.0,29131.012
3132404,Itajubá - MG,2024,5576.0,3728.0,25415.0,32935.0,5822.0,1250742.09
3132503,Itamarandiba - MG,2024,1260.0,2390.15,5388.0,6885.0,1314.0,172833.394
3132602,Itamarati de Minas - MG,2024,158.0,2141.58,575.0,724.0,171.0,16295.612
3132701,Itambacuri - MG,2024,505.0,2428.45,2750.0,3350.0,518.0,82756.591
3132800,Itambé do Mato Dentro - MG,2024,76.0,2543.77,195.0,269.0,77.0,6085.02
3132909,Itamogi - MG,2024,378.0,2614.07,1454.0,1903.0,384.0,48734.586
3133006,Itamonte - MG,2024,705.0,2880.03,3570.0,4449.0,730.0,136298.863
3133105,Itanhandu - MG,2024,692.0,2630.43,4202.0,5087.0,716.0,142653.933
3133204,Itanhomi - MG,2024,325.0,2311.84,1071.0,1434.0,331.0,33086.353
3133303,Itaobim - MG,2024,745.0,2385.7,2662.0,3519.0,772.0,83520.051
3133402,Itapagipe - MG,2024,529.0,3354.42,2830.0,3450.0,550.0,128277.726
3133501,Itapecerica - MG,2024,828.0,2807.93,3799.0,4794.0,863.0,142079.305
3133600,Itapeva - MG,2024,704.0,3123.27,3296.0,4005.0,721.0,130733.737
3133709,Itatiaiuçu - MG,2024,559.0,4688.58,5419.0,6043.0,569.0,326455.914
3133758,Itaú de Minas - MG,2024,725.0,2830.79,3585.0,4417.0,741.0,137549.848
3133808,Itaúna - MG,2024,6002.0,3319.54,31791.0,40038.0,6222.0,1389222.949
3133907,Itaverava - MG,2024,177.0,2556.1,573.0,752.0,179.0,19275.336
3134004,Itinga - MG,2024,306.0,3670.16,2041.0,2320.0,323.0,104000.29
3134103,Itueta - MG,2024,184.0,2645.29,470.0,655.0,186.0,23148.805
3134202,Ituiutaba - MG,2024,4254.0,2713.47,22281.0,27691.0,4432.0,805859.617
3134301,Itumirim - MG,2024,198.0,2744.83,448.0,651.0,201.0,16116.124
3134400,Iturama - MG,2024,2338.0,3079.59,11136.0,14016.0,2388.0,456336.934
3134509,Itutinga - MG,2024,181.0,2592.11,656.0,821.0,185.0,22855.96
3134608,Jaboticatubas - MG,2024,843.0,2677.85,2367.0,3420.0,871.0,85202.597
3134707,Jacinto - MG,2024,293.0,1966.03,1192.0,1475.0,300.0,29379.583
3134806,Jacuí - MG,2024,302.0,2528.19,745.0,1099.0,307.0,25308.79
3134905,Jacutinga - MG,2024,1652.0,2871.28,7720.0,9686.0,1811.0,295150.575
3135001,Jaguaraçu - MG,2024,132.0,2145.57,782.0,919.0,132.0,22448.675
3135050,Jaíba - MG,2024,1330.0,2774.56,5805.0,7334.0,1410.0,267472.084
3135076,Jampruca - MG,2024,85.0,2485.65,424.0,484.0,89.0,13742.894
3135100,Janaúba - MG,2024,3547.0,2486.35,14015.0,18411.0,3667.0,452345.249
3135209,Januária - MG,2024,1871.0,2277.52,7252.0,9464.0,1962.0,210854.838
3135308,Japaraíba - MG,2024,217.0,2351.91,721.0,935.0,229.0,23563.989
3135357,Japonvar - MG,2024,197.0,2107.06,599.0,772.0,200.0,17763.881
3135407,Jeceaba - MG,2024,237.0,6032.76,4258.0,4472.0,239.0,344225.564
3135456,Jenipapo de Minas - MG,2024,441.0,2403.14,546.0,3156.0,443.0,17329.585
3135506,Jequeri - MG,2024,275.0,2458.84,1003.0,1285.0,281.0,32481.138
3135605,Jequitaí - MG,2024,235.0,2450.89,766.0,981.0,243.0,24384.982
3135704,Jequitibá - MG,2024,341.0,2280.53,929.0,1352.0,345.0,27965.581
3135803,Jequitinhonha - MG,2024,559.0,2310.5,2073.0,2639.0,598.0,61361.265
3135902,Jesuânia - MG,2024,119.0,2259.18,515.0,640.0,120.0,17898.841
3136009,Joaíma - MG,2024,251.0,2580.47,1004.0,1241.0,261.0,35096.328
3136108,Joanésia - MG,2024,114.0,2276.71,369.0,451.0,114.0,11376.57
3136207,João Monlevade - MG,2024,4170.0,3273.27,23457.0,29377.0,4340.0,1001312.076
3136306,João Pinheiro - MG,2024,3047.0,2500.58,16107.0,20015.0,3303.0,514531.472
3136405,Joaquim Felício - MG,2024,134.0,2518.6,500.0,623.0,143.0,16231.071
3136504,Jordânia - MG,2024,203.0,2248.87,773.0,988.0,206.0,24170.039
3136520,José Gonçalves de Minas - MG,2024,121.0,2694.3,310.0,401.0,131.0,12481.494
3136553,José Raydan - MG,2024,100.0,2100.03,655.0,747.0,102.0,17767.382
3136579,Josenópolis - MG,2024,103.0,2218.41,734.0,825.0,103.0,22331.443
3136603,Nova União - MG,2024,234.0,2428.44,761.0,1030.0,239.0,23830.083
3136652,Juatuba - MG,2024,1078.0,3404.94,10698.0,11910.0,1101.0,463875.942
3136702,Juiz de Fora - MG,2024,32370.0,3253.02,158684.0,201011.0,34537.0,6665881.466
3136801,Juramento - MG,2024,116.0,2263.46,413.0,541.0,123.0,12093.057
3136900,Juruaia - MG,2024,601.0,2135.42,2318.0,3040.0,610.0,65868.705
3136959,Juvenília - MG,2024,127.0,2292.76,479.0,601.0,129.0,15722.915
3137007,Ladainha - MG,2024,204.0,2447.12,875.0,1057.0,209.0,30666.045
3137106,Lagamar - MG,2024,257.0,2329.7,810.0,1069.0,263.0,27972.907
3137205,Lagoa da Prata - MG,2024,2961.0,2869.5,14049.0,18045.0,3098.0,531975.776
3137304,Lagoa dos Patos - MG,2024,112.0,2201.69,430.0,509.0,115.0,11923.035
3137403,Lagoa Dourada - MG,2024,425.0,2806.74,1751.0,2261.0,436.0,67255.446
3137502,Lagoa Formosa - MG,2024,651.0,2849.78,2519.0,3313.0,660.0,101330.137
3137536,Lagoa Grande - MG,2024,398.0,2460.66,1110.0,1550.0,409.0,37232.208
3137601,Lagoa Santa - MG,2024,4611.0,3464.14,18927.0,25375.0,4790.0,857661.172
3137700,Lajinha - MG,2024,650.0,2933.2,2929.0,3726.0,675.0,107379.977
3137809,Lambari - MG,2024,880.0,2417.95,3205.0,4256.0,897.0,101126.372
3137908,Lamim - MG,2024,156.0,2270.57,389.0,563.0,158.0,10859.178
3138005,Laranjal - MG,2024,343.0,2159.09,859.0,1284.0,344.0,29002.892
3138104,Lassance - MG,2024,256.0,2770.4,1469.0,1717.0,265.0,57997.385
3138203,Lavras - MG,2024,5870.0,3194.86,29971.0,37941.0,6110.0,1240500.778
3138302,Leandro Ferreira - MG,2024,134.0,2942.3,332.0,471.0,138.0,13118.546
3138351,Leme do Prado - MG,2024,145.0,2339.44,483.0,618.0,147.0,15828.619
3138401,Leopoldina - MG,2024,2308.0,2451.72,9458.0,12467.0,2385.0,302711.211
3138500,Liberdade - MG,2024,201.0,2516.15,511.0,686.0,208.0,18314.919
3138609,Lima Duarte - MG,2024,829.0,2186.98,2764.0,3735.0,863.0,80925.654
3138625,Limeira do Oeste - MG,2024,334.0,4146.85,3195.0,3544.0,340.0,176224.204
3138658,Lontra - MG,2024,234.0,1712.93,1013.0,1249.0,237.0,26011.983
3138674,Luisburgo - MG,2024,161.0,2439.12,332.0,498.0,162.0,15642.812
3138682,Luislândia - MG,2024,139.0,2248.38,471.0,586.0,142.0,15076.266
3138708,Luminárias - MG,2024,210.0,2331.47,851.0,1097.0,220.0,25723.288
3138807,Luz - MG,2024,967.0,2850.62,3815.0,5089.0,992.0,140730.411
3138906,Machacalis - MG,2024,169.0,2565.79,513.0,669.0,171.0,20328.377
3139003,Machado - MG,2024,2175.0,2786.82,7952.0,10904.0,2250.0,285268.182
3139102,Madre de Deus de Minas - MG,2024,243.0,2657.18,827.0,1091.0,250.0,29921.431
3139201,Malacacheta - MG,2024,460.0,2498.43,1762.0,2281.0,473.0,56167.168
3139250,Mamonas - MG,2024,132.0,2230.22,522.0,637.0,132.0,15070.519
3139300,Manga - MG,2024,563.0,2366.57,1837.0,2400.0,581.0,58444.814
3139409,Manhuaçu - MG,2024,4571.0,2405.86,23326.0,29094.0,4764.0,711479.258
3139508,Manhumirim - MG,2024,977.0,2315.46,3444.0,4639.0,1014.0,107566.581
3139607,Mantena - MG,2024,1119.0,2353.76,4236.0,5570.0,1165.0,131330.912
3139706,Maravilhas - MG,2024,347.0,2418.11,1612.0,1978.0,354.0,51836.097
3139805,Mar de Espanha - MG,2024,773.0,1663.74,3206.0,4239.0,795.0,72066.262
3139904,Maria da Fé - MG,2024,441.0,2547.18,1366.0,1900.0,457.0,51093.594
3140001,Mariana - MG,2024,2891.0,3404.39,20259.0,24118.0,3003.0,889174.58
3140100,Marilac - MG,2024,117.0,2231.24,510.0,613.0,118.0,15547.311
3140159,Mário Campos - MG,2024,481.0,2340.88,1782.0,2331.0,488.0,56921.926
3140209,Maripá de Minas - MG,2024,144.0,1858.93,862.0,1018.0,149.0,21749.767
3140308,Marliéria - MG,2024,146.0,2595.18,442.0,587.0,153.0,15713.839
3140407,Marmelópolis - MG,2024,103.0,3070.42,285.0,368.0,105.0,12259.248
3140506,Martinho Campos - MG,2024,897.0,2649.8,4224.0,5255.0,978.0,146530.849
3140530,Martins Soares - MG,2024,295.0,2588.91,732.0,1048.0,297.0,32166.891
3140555,Mata Verde - MG,2024,203.0,2370.67,616.0,812.0,203.0,18691.86
3140605,Materlândia - MG,2024,96.0,2637.85,350.0,432.0,96.0,12967.208
3140704,Mateus Leme - MG,2024,1404.0,2666.97,7146.0,8933.0,1455.0,247997.765
3140803,Matias Barbosa - MG,2024,872.0,3634.09,9568.0,10671.0,898.0,412822.174
3140852,Matias Cardoso - MG,2024,252.0,2358.44,1006.0,1221.0,272.0,32357.32
3140902,Matipó - MG,2024,624.0,2366.13,2606.0,3286.0,645.0,81224.65
3141009,Mato Verde - MG,2024,593.0,2076.92,1201.0,1830.0,602.0,34829.969
3141108,Matozinhos - MG,2024,1476.0,2263.55,14925.0,16688.0,1526.0,501230.27
3141207,Matutina - MG,2024,145.0,2568.1,592.0,778.0,150.0,19655.956
3141306,Medeiros - MG,2024,174.0,2508.3,643.0,811.0,185.0,22485.78
3141405,Medina - MG,2024,504.0,2687.84,1772.0,2283.0,517.0,68020.726
3141504,Mendes Pimentel - MG,2024,200.0,2101.97,599.0,826.0,204.0,16428.402
3141603,Mercês - MG,2024,316.0,2062.88,1112.0,1464.0,329.0,33068.037
3141702,Mesquita - MG,2024,130.0,1707.87,653.0,788.0,132.0,14416.196
3141801,Minas Novas - MG,2024,646.0,2344.25,2595.0,3271.0,687.0,89188.681
3141900,Minduri - MG,2024,161.0,2470.92,709.0,858.0,164.0,24766.712
3142007,Mirabela - MG,2024,417.0,2156.31,1248.0,1816.0,440.0,38407.574
3142106,Miradouro - MG,2024,407.0,2162.65,1144.0,1611.0,411.0,33202.001
3142205,Miraí - MG,2024,564.0,2477.44,2510.0,3172.0,583.0,91269.416
3142254,Miravânia - MG,2024,86.0,2249.85,405.0,470.0,89.0,13028.251
3142304,Moeda - MG,2024,226.0,2631.12,710.0,988.0,231.0,26862.251
3142403,Moema - MG,2024,346.0,2463.37,1038.0,1414.0,352.0,32308.779
3142502,Monjolos - MG,2024,77.0,2853.3,244.0,289.0,82.0,9386.372
3142601,Monsenhor Paulo - MG,2024,339.0,2320.32,1519.0,1916.0,349.0,44895.091
3142700,Montalvânia - MG,2024,437.0,2130.34,1307.0,1748.0,449.0,39694.906
3142809,Monte Alegre de Minas - MG,2024,902.0,2526.24,3314.0,4338.0,961.0,113270.362
3142908,Monte Azul - MG,2024,695.0,2245.13,1808.0,2558.0,709.0,59078.139
3143005,Monte Belo - MG,2024,532.0,2879.34,6088.0,6710.0,554.0,175353.196
3143104,Monte Carmelo - MG,2024,2450.0,2519.73,9302.0,12537.0,2532.0,306058.172
3143153,Monte Formoso - MG,2024,84.0,2290.01,430.0,484.0,86.0,12381.699
3143203,Monte Santo de Minas - MG,2024,967.0,2419.02,3318.0,4638.0,1001.0,108700.026
3143302,Montes Claros - MG,2024,20903.0,2872.05,103410.0,131201.0,22004.0,3913033.043
3143401,Monte Sião - MG,2024,1963.0,2452.48,5112.0,7436.0,2106.0,173622.262
3143450,Montezuma - MG,2024,195.0,1986.02,686.0,853.0,206.0,21830.682
3143500,Morada Nova de Minas - MG,2024,513.0,2585.02,2348.0,2956.0,541.0,83270.838
3143609,Morro da Garça - MG,2024,78.0,2477.17,346.0,421.0,80.0,11391.903
3143708,Morro do Pilar - MG,2024,109.0,2639.39,306.0,406.0,112.0,11471.219
3143807,Munhoz - MG,2024,228.0,2549.42,555.0,790.0,235.0,25349.661
3143906,Muriaé - MG,2024,6436.0,2585.68,25785.0,34082.0,6750.0,869856.374
3144003,Mutum - MG,2024,707.0,2568.63,3130.0,3944.0,734.0,102976.43
3144102,Muzambinho - MG,2024,1133.0,2877.86,3790.0,5274.0,1158.0,150663.901
3144201,Nacip Raydan - MG,2024,78.0,2412.06,268.0,321.0,79.0,8301.72
3144300,Nanuque - MG,2024,1513.0,2386.44,6295.0,8050.0,1617.0,192049.255
3144359,Naque - MG,2024,177.0,2035.75,681.0,860.0,178.0,19965.831
3144375,Natalândia - MG,2024,137.0,2848.86,460.0,590.0,138.0,16748.429
3144409,Natércia - MG,2024,153.0,2524.75,548.0,732.0,160.0,17429.678
3144508,Nazareno - MG,2024,326.0,3403.77,1837.0,2170.0,336.0,82028.743
3144607,Nepomuceno - MG,2024,890.0,2720.56,3216.0,4335.0,921.0,118046.895
3144656,Ninheira - MG,2024,231.0,2295.23,881.0,1071.0,246.0,25540.713
3144672,Nova Belém - MG,2024,91.0,2077.42,351.0,406.0,92.0,10009.42
3144706,Nova Era - MG,2024,646.0,3110.79,4204.0,5060.0,665.0,174430.025
3144805,Nova Lima - MG,2024,11038.0,5081.17,63510.0,80055.0,11362.0,4214643.328
3144904,Nova Módica - MG,2024,96.0,2815.53,478.0,557.0,97.0,17145.073
3145000,Nova Ponte - MG,2024,888.0,2361.87,2652.0,3706.0,909.0,104535.683
3145059,Nova Porteirinha - MG,2024,240.0,2330.4,994.0,1197.0,260.0,31781.842
3145109,Nova Resende - MG,2024,588.0,2644.44,1594.0,2327.0,598.0,56868.4
3145208,Nova Serrana - MG,2024,5558.0,2515.59,27670.0,34472.0,5709.0,977452.38
3145307,Novo Cruzeiro - MG,2024,564.0,2289.91,1945.0,2549.0,574.0,67790.779
3145356,Novo Oriente de Minas - MG,2024,220.0,2318.06,707.0,889.0,227.0,25069.993
3145372,Novorizonte - MG,2024,126.0,2084.74,675.0,779.0,130.0,22608.977
3145406,Olaria - MG,2024,72.0,2407.62,381.0,441.0,73.0,11630.439
3145455,Olhos-d'Água - MG,2024,278.0,2242.39,1377.0,1634.0,288.0,41035.115
3145505,Olímpio Noronha - MG,2024,84.0,2923.72,284.0,351.0,86.0,11607.743
3145604,Oliveira - MG,2024,1854.0,2570.14,9990.0,12379.0,1957.0,327912.219
3145703,Oliveira Fortes - MG,2024,93.0,2203.16,224.0,309.0,94.0,6643.857
3145802,Onça de Pitangui - MG,2024,94.0,2893.96,194.0,272.0,95.0,10771.778
3145851,Oratórios - MG,2024,126.0,2676.54,461.0,579.0,128.0,16768.431
3145877,Orizânia - MG,2024,176.0,2309.0,585.0,746.0,182.0,20527.695
3145901,Ouro Branco - MG,2024,2349.0,4545.41,18331.0,21237.0,2428.0,1046986.711
3146008,Ouro Fino - MG,2024,1744.0,2709.65,6841.0,8944.0,1840.0,240832.468
3146107,Ouro Preto - MG,2024,3376.0,4590.41,23627.0,28068.0,3522.0,1401431.004
3146206,Ouro Verde de Minas - MG,2024,179.0,1662.05,711.0,860.0,183.0,14877.868
3146255,Padre Carvalho - MG,2024,130.0,1958.56,522.0,639.0,137.0,14444.166
3146305,Padre Paraíso - MG,2024,477.0,2440.93,1956.0,2450.0,489.0,59754.104
3146404,Paineiras - MG,2024,189.0,2634.99,503.0,690.0,196.0,18162.301
3146503,Pains - MG,2024,502.0,3506.94,2998.0,3690.0,535.0,134849.542
3146552,Pai Pedro - MG,2024,143.0,2205.21,496.0,625.0,146.0,15368.489
3146602,Paiva - MG,2024,85.0,2010.22,268.0,336.0,87.0,7011.17
3146701,Palma - MG,2024,265.0,2353.86,564.0,835.0,269.0,18617.776
3146750,Palmópolis - MG,2024,125.0,2304.36,399.0,501.0,131.0,13611.416
3146909,Papagaios - MG,2024,850.0,2211.08,3320.0,4413.0,926.0,97443.813
3147006,Paracatu - MG,2024,5256.0,3830.46,27060.0,33943.0,5438.0,1407127.218
3147105,Pará de Minas - MG,2024,5157.0,2838.23,30153.0,37265.0,5389.0,1116757.882
3147204,Paraguaçu - MG,2024,1139.0,2164.22,4976.0,6458.0,1200.0,150201.475
3147303,Paraisópolis - MG,2024,763.0,2737.19,5059.0,5943.0,790.0,184278.784
3147402,Paraopeba - MG,2024,1169.0,2926.42,8040.0,9443.0,1202.0,306500.802
3147501,Passabém - MG,2024,52.0,2428.42,107.0,150.0,52.0,8099.145
3147600,Passa Quatro - MG,2024,629.0,2815.59,3247.0,4096.0,647.0,118993.721
3147709,Passa Tempo - MG,2024,311.0,2944.13,1836.0,2173.0,328.0,70253.936
3147808,Passa Vinte - MG,2024,98.0,2151.88,383.0,460.0,105.0,10472.801
3147907,Passos - MG,2024,6345.0,2883.29,25666.0,33969.0,6604.0,986716.497
3147956,Patis - MG,2024,80.0,2151.49,407.0,482.0,81.0,13623.905
3148004,Patos de Minas - MG,2024,11974.0,3192.41,47374.0,63151.0,12396.0,2009257.246
3148103,Patrocínio - MG,2024,4973.0,2876.72,21758.0,28377.0,5167.0,827362.871
3148202,Patrocínio do Muriaé - MG,2024,231.0,2287.55,865.0,1123.0,233.0,27899.46
3148301,Paula Cândido - MG,2024,259.0,2401.09,529.0,813.0,262.0,18524.669
3148400,Paulistas - MG,2024,119.0,2517.47,463.0,581.0,121.0,16919.602
3148509,Pavão - MG,2024,165.0,2357.99,643.0,809.0,168.0,19795.07
3148608,Peçanha - MG,2024,374.0,2132.38,1617.0,2040.0,388.0,43789.448
3148707,Pedra Azul - MG,2024,576.0,2655.0,2804.0,3444.0,616.0,96135.54
3148756,Pedra Bonita - MG,2024,132.0,2210.1,546.0,668.0,132.0,15586.471
3148806,Pedra do Anta - MG,2024,106.0,2481.53,413.0,523.0,109.0,13470.14
3148905,Pedra do Indaiá - MG,2024,181.0,2297.46,1391.0,1583.0,193.0,42099.323
3149002,Pedra Dourada - MG,2024,86.0,2263.73,361.0,431.0,86.0,11900.023
3149101,Pedralva - MG,2024,400.0,2494.61,1155.0,1651.0,403.0,37906.99
3149150,Pedras de Maria da Cruz - MG,2024,217.0,2512.61,529.0,719.0,220.0,24795.881
3149200,Pedrinópolis - MG,2024,169.0,2555.8,489.0,676.0,170.0,18897.611
3149309,Pedro Leopoldo - MG,2024,3126.0,3180.12,19071.0,23012.0,3245.0,780736.357
3149408,Pedro Teixeira - MG,2024,54.0,2014.63,290.0,346.0,55.0,7544.345
3149507,Pequeri - MG,2024,193.0,2060.28,702.0,930.0,204.0,19179.772
3149606,Pequi - MG,2024,184.0,2433.49,564.0,778.0,187.0,17349.16
3149705,Perdigão - MG,2024,625.0,2483.71,2806.0,3499.0,632.0,96922.098
3149804,Perdizes - MG,2024,767.0,3029.44,4526.0,5452.0,804.0,172461.1
3149903,Perdões - MG,2024,1157.0,2639.28,4689.0,6124.0,1190.0,167208.557
3149952,Periquito - MG,2024,191.0,1793.07,698.0,857.0,196.0,22340.182
3150000,Pescador - MG,2024,100.0,2147.38,472.0,543.0,103.0,13001.016
3150109,Piau - MG,2024,89.0,2402.63,369.0,452.0,89.0,11371.749
3150158,Piedade de Caratinga - MG,2024,329.0,2432.41,803.0,1177.0,334.0,26833.209
3150208,Piedade de Ponte Nova - MG,2024,102.0,2710.4,551.0,657.0,104.0,18489.66
3150307,Piedade do Rio Grande - MG,2024,154.0,2318.62,588.0,764.0,158.0,19108.561
3150406,Piedade dos Gerais - MG,2024,194.0,2421.75,483.0,718.0,198.0,15255.276
3150505,Pimenta - MG,2024,383.0,2347.01,1599.0,2102.0,389.0,49105.493
3150539,Pingo-d'Água - MG,2024,184.0,2059.7,600.0,770.0,184.0,18338.921
3150570,Pintópolis - MG,2024,214.0,2124.94,592.0,763.0,217.0,17908.243
3150604,Piracema - MG,2024,232.0,2536.6,805.0,1078.0,242.0,27997.807
3150703,Pirajuba - MG,2024,335.0,4611.92,2497.0,2866.0,343.0,158869.97
3150802,Piranga - MG,2024,387.0,2656.53,1363.0,1785.0,394.0,48329.455
3150901,Piranguçu - MG,2024,180.0,2892.15,514.0,714.0,183.0,20919.093
3151008,Piranguinho - MG,2024,399.0,2420.77,1022.0,1476.0,411.0,32627.186
3151107,Pirapetinga - MG,2024,493.0,2818.73,2158.0,2708.0,500.0,86725.676
3151206,Pirapora - MG,2024,2520.0,2838.18,15024.0,17979.0,2635.0,560505.242
3151305,Piraúba - MG,2024,526.0,1978.68,2322.0,2966.0,529.0,62158.708
3151404,Pitangui - MG,2024,1449.0,2598.77,4322.0,6101.0,1511.0,149365.269
3151503,Piumhi - MG,2024,1945.0,2512.84,7626.0,10226.0,2023.0,260749.035
3151602,Planura - MG,2024,419.0,3155.75,1371.0,1783.0,427.0,56011.142
3151701,Poço Fundo - MG,2024,619.0,2529.55,2042.0,2784.0,650.0,70334.317
3151800,Poços de Caldas - MG,2024,10867.0,3287.41,51240.0,65798.0,11629.0,2168394.955
3151909,Pocrane - MG,2024,221.0,2166.63,737.0,966.0,225.0,20808.571
3152006,Pompéu - MG,2024,1395.0,2665.13,6079.0,7745.0,1491.0,211573.801
3152105,Ponte Nova - MG,2024,3182.0,2685.3,17323.0,21403.0,3339.0,616209.96
3152131,Ponto Chique - MG,2024,112.0,2260.55,402.0,506.0,117.0,15166.388
3152170,Ponto dos Volantes - MG,2024,238.0,2272.19,868.0,1069.0,247.0,25755.719
3152204,Porteirinha - MG,2024,1258.0,2364.38,3743.0,5101.0,1307.0,116969.974
3152303,Porto Firme - MG,2024,325.0,2501.71,721.0,1103.0,330.0,23603.009
3152402,Poté - MG,2024,345.0,2678.94,1144.0,1542.0,356.0,40422.11
3152501,Pouso Alegre - MG,2024,10211.0,3389.81,59870.0,73253.0,10765.0,2608022.118
3152600,Pouso Alto - MG,2024,318.0,2614.31,1667.0,2018.0,328.0,50214.012
3152709,Prados - MG,2024,374.0,1932.37,1847.0,2275.0,389.0,48886.484
3152808,Prata - MG,2024,1504.0,2854.1,6760.0,8530.0,1628.0,250316.497
3152907,Pratápolis - MG,2024,385.0,2567.85,1395.0,1829.0,389.0,45666.72
3153004,Pratinha - MG,2024,123.0,3199.07,507.0,628.0,129.0,19948.867
3153103,Presidente Bernardes - MG,2024,158.0,1978.62,483.0,648.0,161.0,13565.802
3153202,Presidente Juscelino - MG,2024,145.0,2521.0,425.0,595.0,147.0,14148.421
3153301,Presidente Kubitschek - MG,2024,61.0,2380.02,346.0,396.0,63.0,10797.229
3153400,Presidente Olegário - MG,2024,637.0,2671.64,2199.0,2939.0,652.0,80791.212
3153509,Alto Jequitibá - MG,2024,281.0,2550.9,773.0,1090.0,289.0,26602.97
3153608,Prudente de Morais - MG,2024,444.0,2558.52,1773.0,2303.0,458.0,58591.416
3153707,Quartel Geral - MG,2024,113.0,2279.34,451.0,556.0,119.0,13016.173
3153806,Queluzito - MG,2024,93.0,2829.07,337.0,452.0,94.0,12718.536
3153905,Raposos - MG,2024,335.0,2331.38,1282.0,1678.0,339.0,43410.309
3154002,Raul Soares - MG,2024,759.0,2584.44,2259.0,3216.0,782.0,85396.897
3154101,Recreio - MG,2024,291.0,2030.55,1098.0,1399.0,301.0,30624.637
3154150,Reduto - MG,2024,260.0,2360.35,673.0,937.0,265.0,24681.135
3154200,Resende Costa - MG,2024,484.0,2379.92,1396.0,1948.0,515.0,42932.213
3154309,Resplendor - MG,2024,652.0,2403.51,2318.0,3106.0,676.0,72291.093
3154408,Ressaquinha - MG,2024,160.0,2769.78,763.0,927.0,169.0,27821.234
3154457,Riachinho - MG,2024,213.0,2316.76,538.0,730.0,216.0,18111.984
3154507,Riacho dos Machados - MG,2024,212.0,3142.28,1345.0,1522.0,220.0,71691.471
3154606,Ribeirão das Neves - MG,2024,6261.0,2731.42,32570.0,40063.0,6572.0,1194128.668
3154705,Ribeirão Vermelho - MG,2024,176.0,2430.29,787.0,1014.0,182.0,26154.889
3154804,Rio Acima - MG,2024,734.0,2980.8,1466.0,2556.0,742.0,59099.028
3154903,Rio Casca - MG,2024,652.0,2345.83,1856.0,2662.0,670.0,55302.7
3155009,Rio Doce - MG,2024,110.0,2925.62,384.0,465.0,111.0,16084.952
3155108,Rio do Prado - MG,2024,92.0,2713.87,358.0,445.0,95.0,13624.177
3155207,Rio Espera - MG,2024,158.0,2098.3,411.0,568.0,159.0,11313.529
3155306,Rio Manso - MG,2024,257.0,2453.44,643.0,933.0,263.0,21921.591
3155405,Rio Novo - MG,2024,400.0,2232.82,1017.0,1477.0,410.0,29196.455
3155504,Rio Paranaíba - MG,2024,709.0,2969.32,2579.0,3591.0,735.0,103348.456
3155603,Rio Pardo de Minas - MG,2024,829.0,2484.78,1949.0,2857.0,883.0,67453.54
3155702,Rio Piracicaba - MG,2024,494.0,3267.56,2369.0,2937.0,502.0,100762.014
3155801,Rio Pomba - MG,2024,966.0,3105.85,3573.0,4710.0,997.0,146485.753
3155900,Rio Preto - MG,2024,173.0,2038.8,552.0,724.0,178.0,15801.643
3156007,Rio Vermelho - MG,2024,359.0,2240.14,960.0,1353.0,365.0,27745.542
3156106,Ritápolis - MG,2024,190.0,2703.32,804.0,1021.0,193.0,22746.092
3156205,Rochedo de Minas - MG,2024,93.0,1959.84,599.0,671.0,95.0,15761.879
3156304,Rodeiro - MG,2024,427.0,2467.2,4455.0,5010.0,438.0,146824.307
3156403,Romaria - MG,2024,121.0,2562.11,657.0,781.0,125.0,21069.955
3156452,Rosário da Limeira - MG,2024,209.0,1984.34,571.0,788.0,215.0,17901.193
3156502,Rubelita - MG,2024,145.0,2503.5,477.0,584.0,148.0,17873.685
3156601,Rubim - MG,2024,162.0,2526.35,695.0,850.0,164.0,26154.214
3156700,Sabará - MG,2024,3197.0,3627.75,23143.0,27099.0,3330.0,1118369.69
3156809,Sabinópolis - MG,2024,403.0,2383.77,1653.0,2144.0,411.0,52951.279
3156908,Sacramento - MG,2024,1436.0,2947.29,7540.0,9313.0,1510.0,293346.434
3157005,Salinas - MG,2024,1918.0,2387.18,8895.0,11282.0,2012.0,256252.788
3157104,Salto da Divisa - MG,2024,173.0,2909.51,788.0,945.0,179.0,28842.02
3157203,Santa Bárbara - MG,2024,1158.0,3131.2,5606.0,7053.0,1187.0,238224.075
3157252,Santa Bárbara do Leste - MG,2024,279.0,2454.07,707.0,998.0,284.0,22853.958
3157278,Santa Bárbara do Monte Verde - MG,2024,95.0,2153.22,415.0,530.0,100.0,12685.605
3157302,Santa Bárbara do Tugúrio - MG,2024,123.0,2207.46,519.0,664.0,124.0,15927.091
3157336,Santa Cruz de Minas - MG,2024,361.0,2185.8,1352.0,1769.0,369.0,38291.496
3157377,Santa Cruz de Salinas - MG,2024,98.0,2300.42,336.0,417.0,101.0,12000.489
3157401,Santa Cruz do Escalvado - MG,2024,134.0,2559.67,387.0,527.0,135.0,13000.834
3157500,Santa Efigênia de Minas - MG,2024,126.0,2036.2,513.0,630.0,127.0,13564.065
3157609,Santa Fé de Minas - MG,2024,146.0,2311.61,604.0,725.0,148.0,16129.864
3157658,Santa Helena de Minas - MG,2024,97.0,2626.47,359.0,445.0,99.0,12163.861
3157708,Santa Juliana - MG,2024,760.0,3557.4,3413.0,4237.0,778.0,164194.057
3157807,Santa Luzia - MG,2024,5840.0,3127.52,31021.0,38370.0,6150.0,1264981.639
3157906,Santa Margarida - MG,2024,523.0,2427.83,1235.0,1840.0,538.0,37982.365
3158003,Santa Maria de Itabira - MG,2024,504.0,2345.17,1797.0,2638.0,513.0,55660.142
3158102,Santa Maria do Salto - MG,2024,107.0,2215.87,474.0,552.0,110.0,13672.332
3158201,Santa Maria do Suaçuí - MG,2024,368.0,2152.46,1538.0,1926.0,372.0,41886.757
3158300,Santana da Vargem - MG,2024,320.0,2713.22,1264.0,1617.0,328.0,44417.126
3158409,Santana de Cataguases - MG,2024,118.0,2502.6,407.0,531.0,118.0,14254.697
3158508,Santana de Pirapama - MG,2024,188.0,2064.28,601.0,797.0,195.0,16524.343
3158607,Santana do Deserto - MG,2024,114.0,2747.76,394.0,486.0,118.0,14714.159
3158706,Santana do Garambéu - MG,2024,73.0,2211.1,286.0,338.0,80.0,8120.842
3158805,Santana do Jacaré - MG,2024,150.0,2399.38,760.0,887.0,155.0,24100.459
3158904,Santana do Manhuaçu - MG,2024,266.0,2213.85,968.0,1246.0,274.0,27439.145
3158953,Santana do Paraíso - MG,2024,1776.0,2841.86,6251.0,7855.0,1802.0,239102.344
3159001,Santana do Riacho - MG,2024,377.0,2295.79,946.0,1385.0,394.0,27708.91
3159100,Santana dos Montes - MG,2024,128.0,2455.55,434.0,563.0,128.0,13422.613
3159209,Santa Rita de Caldas - MG,2024,330.0,2686.72,1234.0,1604.0,350.0,42717.13
3159308,Santa Rita de Jacutinga - MG,2024,238.0,1977.6,629.0,873.0,241.0,16805.847
3159357,Santa Rita de Minas - MG,2024,272.0,2257.43,1037.0,1314.0,276.0,32435.307
3159407,Santa Rita de Ibitipoca - MG,2024,113.0,2372.2,439.0,551.0,124.0,13948.591
3159506,Santa Rita do Itueto - MG,2024,165.0,2450.28,696.0,857.0,167.0,23378.31
3159605,Santa Rita do Sapucaí - MG,2024,2611.0,3433.42,12817.0,16194.0,2711.0,584627.484
3159704,Santa Rosa da Serra - MG,2024,112.0,2659.06,491.0,597.0,114.0,16625.734
3159803,Santa Vitória - MG,2024,930.0,3420.13,4953.0,6074.0,966.0,218696.086
3159902,Santo Antônio do Amparo - MG,2024,639.0,2682.86,2630.0,3390.0,666.0,93373.54
3160009,Santo Antônio do Aventureiro - MG,2024,131.0,2290.89,508.0,631.0,134.0,15315.17
3160108,Santo Antônio do Grama - MG,2024,125.0,2465.17,517.0,622.0,131.0,16998.149
3160207,Santo Antônio do Itambé - MG,2024,67.0,2607.32,312.0,371.0,71.0,11142.006
3160306,Santo Antônio do Jacinto - MG,2024,203.0,2561.86,629.0,827.0,206.0,22182.562
3160405,Santo Antônio do Monte - MG,2024,1399.0,2410.84,5234.0,7010.0,1459.0,172315.258
3160454,Santo Antônio do Retiro - MG,2024,135.0,2301.86,502.0,615.0,142.0,19545.001
3160504,Santo Antônio do Rio Abaixo - MG,2024,81.0,2665.02,241.0,308.0,82.0,8222.364
3160603,Santo Hipólito - MG,2024,113.0,2310.13,360.0,453.0,122.0,11390.735
3160702,Santos Dumont - MG,2024,1425.0,2950.26,6174.0,8074.0,1504.0,252499.872
3160801,São Bento Abade - MG,2024,120.0,3190.77,361.0,455.0,127.0,15989.702
3160900,São Brás do Suaçuí - MG,2024,225.0,2543.27,734.0,992.0,225.0,25564.973
3160959,São Domingos das Dores - MG,2024,161.0,2170.51,456.0,630.0,163.0,18659.065
3161007,São Domingos do Prata - MG,2024,624.0,2359.33,2497.0,3256.0,637.0,77547.378
3161056,São Félix de Minas - MG,2024,113.0,2365.04,442.0,552.0,114.0,13715.871
3161106,São Francisco - MG,2024,1323.0,2519.14,4537.0,6021.0,1379.0,154267.433
3161205,São Francisco de Paula - MG,2024,209.0,2467.55,889.0,1081.0,215.0,28945.083
3161304,São Francisco de Sales - MG,2024,191.0,2900.34,862.0,1046.0,195.0,44064.731
3161403,São Francisco do Glória - MG,2024,168.0,2342.05,364.0,536.0,174.0,15063.762
3161502,São Geraldo - MG,2024,381.0,2285.21,3093.0,3545.0,387.0,87740.177
3161601,São Geraldo da Piedade - MG,2024,76.0,2131.9,335.0,394.0,78.0,10538.789
3161650,São Geraldo do Baixio - MG,2024,107.0,1821.75,424.0,515.0,108.0,11175.881
3161700,São Gonçalo do Abaeté - MG,2024,317.0,2471.12,1377.0,1707.0,321.0,47195.791
3161809,São Gonçalo do Pará - MG,2024,450.0,2492.07,2260.0,2816.0,464.0,77986.968
3161908,São Gonçalo do Rio Abaixo - MG,2024,540.0,4667.65,6944.0,7486.0,556.0,385032.615
3162005,São Gonçalo do Sapucaí - MG,2024,1043.0,2487.91,5024.0,6386.0,1086.0,169574.233
3162104,São Gotardo - MG,2024,2186.0,2712.49,7525.0,10642.0,2296.0,270773.457
3162203,São João Batista do Glória - MG,2024,409.0,2636.7,1138.0,1610.0,415.0,40059.717
3162252,São João da Lagoa - MG,2024,137.0,2165.51,534.0,644.0,137.0,14658.009
3162302,São João da Mata - MG,2024,101.0,2383.18,347.0,448.0,102.0,11025.625
3162401,São João da Ponte - MG,2024,515.0,2364.2,2354.0,2860.0,538.0,73021.215
3162450,São João das Missões - MG,2024,176.0,2303.71,440.0,598.0,179.0,22247.604
3162500,São João del Rei - MG,2024,4175.0,3382.15,21877.0,27543.0,4394.0,974128.13
3162559,São João do Manhuaçu - MG,2024,379.0,2512.84,1251.0,1673.0,383.0,40176.693
3162575,São João do Manteninha - MG,2024,265.0,2051.5,953.0,1245.0,279.0,26936.484
3162609,São João do Oriente - MG,2024,232.0,2303.11,740.0,996.0,237.0,23856.586
3162658,São João do Pacuí - MG,2024,104.0,2155.8,425.0,496.0,105.0,11421.485
3162708,São João do Paraíso - MG,2024,704.0,2201.32,2166.0,2886.0,751.0,65037.835
3162807,São João Evangelista - MG,2024,578.0,2319.21,1714.0,2344.0,589.0,51391.764
3162906,São João Nepomuceno - MG,2024,1270.0,2118.25,5888.0,7475.0,1318.0,164635.584
3162922,São Joaquim de Bicas - MG,2024,1119.0,3166.55,11627.0,12991.0,1143.0,501429.879
3162948,São José da Barra - MG,2024,337.0,3893.77,1102.0,1482.0,342.0,51354.056
3162955,São José da Lapa - MG,2024,1122.0,3328.62,5806.0,7090.0,1145.0,270250.621
3163003,São José da Safira - MG,2024,107.0,1844.9,564.0,654.0,110.0,13343.348
3163102,São José da Varginha - MG,2024,137.0,2420.35,524.0,660.0,144.0,17728.386
3163201,São José do Alegre - MG,2024,149.0,2447.47,478.0,641.0,153.0,14812.43
3163300,São José do Divino - MG,2024,105.0,2332.19,386.0,471.0,106.0,12913.844
3163409,São José do Goiabal - MG,2024,167.0,2469.9,575.0,729.0,174.0,19025.071
3163508,São José do Jacuri - MG,2024,169.0,2131.13,572.0,714.0,175.0,17998.373
3163607,São José do Mantimento - MG,2024,83.0,2246.1,297.0,373.0,84.0,11783.691
3163706,São Lourenço - MG,2024,2844.0,2680.29,10731.0,14339.0,2997.0,372267.336
3163805,São Miguel do Anta - MG,2024,186.0,2357.05,572.0,753.0,187.0,17076.293
3163904,São Pedro da União - MG,2024,149.0,2705.37,516.0,678.0,153.0,18031.594
3164001,São Pedro dos Ferros - MG,2024,248.0,2146.27,933.0,1224.0,258.0,30002.158
3164100,São Pedro do Suaçuí - MG,2024,150.0,2412.89,453.0,585.0,151.0,16781.947
3164209,São Romão - MG,2024,273.0,2002.08,706.0,980.0,274.0,24341.534
3164308,São Roque de Minas - MG,2024,369.0,2798.23,1385.0,1819.0,384.0,51275.467
3164407,São Sebastião da Bela Vista - MG,2024,249.0,2701.01,1850.0,2128.0,253.0,75964.659
3164431,São Sebastião da Vargem Alegre - MG,2024,125.0,2501.58,274.0,384.0,135.0,12669.694
3164472,São Sebastião do Anta - MG,2024,152.0,2181.51,527.0,675.0,155.0,18333.328
3164506,São Sebastião do Maranhão - MG,2024,167.0,2201.37,577.0,741.0,168.0,17487.233
3164605,São Sebastião do Oeste - MG,2024,324.0,2893.22,4052.0,4436.0,336.0,153149.327
3164704,São Sebastião do Paraíso - MG,2024,3721.0,2718.34,18128.0,23342.0,3856.0,658937.983
3164803,São Sebastião do Rio Preto - MG,2024,61.0,2238.23,148.0,196.0,62.0,8100.028
3164902,São Sebastião do Rio Verde - MG,2024,112.0,2549.31,403.0,512.0,114.0,14757.689
3165008,São Tiago - MG,2024,428.0,2327.3,1853.0,2352.0,449.0,57035.545
3165107,São Tomás de Aquino - MG,2024,233.0,2627.78,970.0,1231.0,242.0,33769.994
3165206,São Tomé das Letras - MG,2024,405.0,2120.98,1503.0,2016.0,425.0,41163.81
3165305,São Vicente de Minas - MG,2024,335.0,2474.71,1503.0,1884.0,357.0,48381.937
3165404,Sapucaí-Mirim - MG,2024,297.0,2344.58,1385.0,1702.0,304.0,44061.774
3165503,Sardoá - MG,2024,201.0,1995.57,714.0,924.0,204.0,18322.846
3165537,Sarzedo - MG,2024,1581.0,3518.48,10497.0,12253.0,1614.0,496971.298
3165552,Setubinha - MG,2024,183.0,2165.41,593.0,736.0,185.0,17521.647
3165560,Sem-Peixe - MG,2024,73.0,1967.38,322.0,384.0,74.0,8010.117
3165578,Senador Amaral - MG,2024,197.0,2301.59,841.0,1034.0,199.0,24328.149
3165602,Senador Cortes - MG,2024,65.0,1848.28,349.0,414.0,67.0,10519.047
3165701,Senador Firmino - MG,2024,325.0,2067.49,990.0,1387.0,338.0,30404.147
3165800,Senador José Bento - MG,2024,71.0,2575.4,195.0,254.0,72.0,9743.729
3165909,Senador Modestino Gonçalves - MG,2024,121.0,2423.72,491.0,584.0,132.0,15455.825
3166006,Senhora de Oliveira - MG,2024,185.0,2149.68,544.0,734.0,190.0,15617.515
3166105,Senhora do Porto - MG,2024,69.0,2350.58,298.0,338.0,69.0,9303.229
3166204,Senhora dos Remédios - MG,2024,232.0,2005.2,794.0,1124.0,236.0,21801.342
3166303,Sericita - MG,2024,207.0,1823.74,719.0,941.0,214.0,16895.46
3166402,Seritinga - MG,2024,108.0,2345.46,366.0,450.0,109.0,12363.198
3166501,Serra Azul de Minas - MG,2024,75.0,2302.2,378.0,434.0,76.0,11167.577
3166600,Serra da Saudade - MG,2024,53.0,890.16,159.0,201.0,53.0,1883.584
3166709,Serra dos Aimorés - MG,2024,217.0,2729.36,1334.0,1541.0,219.0,53658.912
3166808,Serra do Salitre - MG,2024,621.0,4779.49,3165.0,3805.0,630.0,238906.027
3166907,Serrania - MG,2024,234.0,2405.58,875.0,1117.0,244.0,31258.716
3166956,Serranópolis de Minas - MG,2024,104.0,2214.78,234.0,335.0,105.0,13456.859
3167004,Serranos - MG,2024,84.0,2668.2,125.0,184.0,87.0,9160.371
3167103,Serro - MG,2024,629.0,2509.42,2179.0,2981.0,666.0,68727.487
3167202,Sete Lagoas - MG,2024,11874.0,3182.45,70255.0,85481.0,12494.0,2937780.681
3167301,Silveirânia - MG,2024,119.0,2431.08,350.0,468.0,121.0,10994.743
3167400,Silvianópolis - MG,2024,226.0,2623.84,728.0,966.0,232.0,26228.521
3167509,Simão Pereira - MG,2024,163.0,2626.86,480.0,650.0,164.0,15800.82
3167608,Simonésia - MG,2024,539.0,2351.97,1337.0,1938.0,556.0,45873.23
3167707,Sobrália - MG,2024,133.0,2378.65,584.0,696.0,135.0,18983.02
3167806,Soledade de Minas - MG,2024,186.0,2482.16,599.0,804.0,188.0,19930.994
3167905,Tabuleiro - MG,2024,155.0,2489.12,562.0,715.0,156.0,18541.444
3168002,Taiobeiras - MG,2024,1558.0,2323.07,5425.0,7271.0,1656.0,168427.389
3168051,Taparuba - MG,2024,104.0,2044.63,502.0,595.0,105.0,13351.995
3168101,Tapira - MG,2024,201.0,4501.53,2192.0,2374.0,203.0,129126.338
3168200,Tapiraí - MG,2024,58.0,2733.6,170.0,207.0,58.0,9648.952
3168309,Taquaraçu de Minas - MG,2024,165.0,2538.4,460.0,662.0,167.0,17399.182
3168408,Tarumirim - MG,2024,399.0,2034.35,1390.0,1859.0,410.0,36699.571
3168507,Teixeiras - MG,2024,490.0,2221.46,1264.0,1815.0,500.0,37591.457
3168606,Teófilo Otoni - MG,2024,6392.0,2394.09,29415.0,37408.0,6720.0,936933.956
3168705,Timóteo - MG,2024,3774.0,3764.85,18392.0,23306.0,3893.0,924229.498
3168804,Tiradentes - MG,2024,743.0,2195.61,2843.0,3850.0,782.0,78379.066
3168903,Tiros - MG,2024,301.0,3069.41,874.0,1238.0,307.0,39592.626
3169000,Tocantins - MG,2024,832.0,2536.68,3062.0,4092.0,860.0,99893.566
3169059,Tocos do Moji - MG,2024,94.0,2548.01,328.0,431.0,98.0,11411.61
3169109,Toledo - MG,2024,299.0,1989.55,866.0,1202.0,305.0,22789.164
3169208,Tombos - MG,2024,315.0,2458.19,933.0,1306.0,321.0,32602.632
3169307,Três Corações - MG,2024,2973.0,2802.56,15836.0,19708.0,3142.0,606782.835
3169356,Três Marias - MG,2024,1491.0,2958.47,7068.0,8822.0,1551.0,293164.842
3169406,Três Pontas - MG,2024,2696.0,2921.7,13728.0,17187.0,2847.0,515796.876
3169505,Tumiritinga - MG,2024,160.0,1520.29,775.0,924.0,165.0,15266.562
3169604,Tupaciguara - MG,2024,1394.0,3444.88,5917.0,7701.0,1440.0,263163.213
3169703,Turmalina - MG,2024,776.0,2536.34,4190.0,5058.0,837.0,138825.312
3169802,Turvolândia - MG,2024,166.0,2495.64,712.0,885.0,167.0,22005.311
3169901,Ubá - MG,2024,5666.0,2532.51,28561.0,35855.0,5895.0,951241.464
3170008,Ubaí - MG,2024,236.0,2207.29,821.0,1026.0,237.0,23775.898
3170057,Ubaporanga - MG,2024,428.0,2143.94,1192.0,1716.0,435.0,36706.38
3170107,Uberaba - MG,2024,20376.0,3574.9,104121.0,130139.0,21595.0,4824540.927
3170206,Uberlândia - MG,2024,54656.0,3661.71,239723.0,309364.0,58551.0,11502837.479
3170305,Umburatiba - MG,2024,62.0,2957.05,256.0,293.0,71.0,9847.991
3170404,Unaí - MG,2024,5387.0,2953.93,17949.0,24996.0,5547.0,696004.794
3170438,União de Minas - MG,2024,155.0,2681.7,481.0,624.0,159.0,16189.292
3170479,Uruana de Minas - MG,2024,108.0,2488.07,439.0,537.0,112.0,15307.232
3170503,Urucânia - MG,2024,285.0,2445.51,2896.0,3250.0,295.0,101638.661
3170529,Urucuia - MG,2024,314.0,2485.18,857.0,1178.0,323.0,32884.37
3170578,Vargem Alegre - MG,2024,228.0,2455.61,661.0,904.0,235.0,21240.26
3170602,Vargem Bonita - MG,2024,107.0,2701.46,337.0,433.0,110.0,13486.031
3170651,Vargem Grande do Rio Pardo - MG,2024,140.0,1895.77,544.0,666.0,163.0,17412.909
3170701,Varginha - MG,2024,9470.0,2977.96,47857.0,60452.0,9971.0,1852475.066
3170750,Varjão de Minas - MG,2024,289.0,2581.85,1038.0,1400.0,293.0,36535.174
3170800,Várzea da Palma - MG,2024,1146.0,2651.98,6469.0,7728.0,1196.0,237266.383
3170909,Varzelândia - MG,2024,453.0,2130.41,1219.0,1673.0,475.0,39125.187
3171006,Vazante - MG,2024,1035.0,3244.59,5942.0,7098.0,1053.0,263553.02
3171030,Verdelândia - MG,2024,174.0,2095.07,926.0,1076.0,184.0,24758.853
3171071,Veredinha - MG,2024,152.0,2474.8,943.0,1079.0,171.0,33094.478
3171105,Veríssimo - MG,2024,134.0,3189.7,407.0,557.0,143.0,16615.868
3171154,Vermelho Novo - MG,2024,143.0,2934.06,284.0,419.0,144.0,13856.51
3171204,Vespasiano - MG,2024,3590.0,3381.11,21340.0,25712.0,3706.0,1054533.123
3171303,Viçosa - MG,2024,4956.0,3931.86,21132.0,27386.0,5109.0,1088437.938
3171402,Vieiras - MG,2024,123.0,2167.95,401.0,526.0,125.0,13953.885
3171501,Mathias Lobato - MG,2024,100.0,5249.11,1002.0,1095.0,101.0,70956.426
3171600,Virgem da Lapa - MG,2024,317.0,2327.02,998.0,1300.0,322.0,36324.145
3171709,Virgínia - MG,2024,281.0,2073.82,1562.0,1855.0,291.0,43527.982
3171808,Virginópolis - MG,2024,321.0,2090.1,1313.0,1651.0,328.0,36444.578
3171907,Virgolândia - MG,2024,129.0,2180.76,500.0,625.0,130.0,13923.79
3172004,Visconde do Rio Branco - MG,2024,1769.0,2817.55,12953.0,15202.0,1831.0,476709.521
3172103,Volta Grande - MG,2024,180.0,2445.72,847.0,1044.0,184.0,29482.594
3172202,Wenceslau Braz - MG,2024,87.0,2378.62,299.0,394.0,88.0,9465.544
3200102,Afonso Cláudio - ES,2024,950.0,2654.82,3668.0,4794.0,974.0,131207.103
3200136,Águia Branca - ES,2024,395.0,2563.08,1287.0,1696.0,405.0,47366.184
3200169,Água Doce do Norte - ES,2024,457.0,2491.42,1114.0,1566.0,470.0,39062.757
3200201,Alegre - ES,2024,1104.0,2734.78,3776.0,5057.0,1156.0,142967.488
3200300,Alfredo Chaves - ES,2024,1383.0,2686.16,3466.0,5298.0,1400.0,126998.599
3200359,Alto Rio Novo - ES,2024,272.0,2322.72,617.0,906.0,276.0,22145.613
3200409,Anchieta - ES,2024,1528.0,4078.03,7435.0,9196.0,1576.0,424820.59
3200508,Apiacá - ES,2024,274.0,2390.04,654.0,908.0,279.0,23284.291
3200607,Aracruz - ES,2024,4246.0,3946.79,32844.0,38321.0,4451.0,1633929.916
3200706,Atílio Vivácqua - ES,2024,594.0,2284.27,3343.0,4095.0,607.0,104049.005
3200805,Baixo Guandu - ES,2024,1395.0,2638.57,5981.0,7649.0,1437.0,202510.069
3200904,Barra de São Francisco - ES,2024,1999.0,2722.01,7998.0,10360.0,2080.0,299042.586
3201001,Boa Esperança - ES,2024,469.0,2584.35,1820.0,2309.0,476.0,69108.779
3201100,Bom Jesus do Norte - ES,2024,541.0,2414.57,1759.0,2253.0,551.0,55675.382
3201159,Brejetuba - ES,2024,421.0,3117.92,1224.0,1709.0,432.0,47644.513
3201209,Cachoeiro de Itapemirim - ES,2024,10742.0,2771.07,53871.0,67735.0,11289.0,1861468.671
3201308,Cariacica - ES,2024,13666.0,2798.14,67388.0,83670.0,14471.0,2392796.653
3201407,Castelo - ES,2024,2152.0,2580.1,8989.0,11793.0,2226.0,297757.418
3201506,Colatina - ES,2024,7095.0,2982.59,35740.0,45153.0,7411.0,1406387.416
3201605,Conceição da Barra - ES,2024,806.0,2649.47,4893.0,5820.0,843.0,172040.897
3201704,Conceição do Castelo - ES,2024,589.0,2512.35,1616.0,2294.0,601.0,56380.373
3201803,Divino de São Lourenço - ES,2024,214.0,2594.82,532.0,736.0,218.0,19859.108
3201902,Domingos Martins - ES,2024,1671.0,2745.48,7103.0,9216.0,1715.0,255755.119
3202009,Dores do Rio Preto - ES,2024,361.0,2351.47,826.0,1231.0,366.0,30014.553
3202108,Ecoporanga - ES,2024,832.0,2662.19,2220.0,3092.0,885.0,80532.388
3202207,Fundão - ES,2024,1034.0,1907.84,3831.0,5125.0,1054.0,96331.893
3202256,Governador Lindenberg - ES,2024,342.0,2526.29,1290.0,1685.0,357.0,47613.699
3202306,Guaçuí - ES,2024,1526.0,2377.59,4704.0,6634.0,1563.0,143089.435
3202405,Guarapari - ES,2024,7659.0,2578.07,24314.0,32681.0,7930.0,829365.878
3202454,Ibatiba - ES,2024,1014.0,2612.93,3077.0,4292.0,1033.0,106254.313
3202504,Ibiraçu - ES,2024,643.0,2519.29,2964.0,3799.0,654.0,104961.136
3202553,Ibitirama - ES,2024,305.0,2759.03,952.0,1266.0,313.0,34207.43
3202603,Iconha - ES,2024,812.0,3410.41,4455.0,5565.0,837.0,191562.153
3202652,Irupi - ES,2024,445.0,2591.28,1264.0,1748.0,456.0,45828.604
3202702,Itaguaçu - ES,2024,489.0,2450.59,1760.0,2284.0,506.0,57449.606
3202801,Itapemirim - ES,2024,1262.0,3372.08,9075.0,10500.0,1308.0,382183.247
3202900,Itarana - ES,2024,406.0,3034.55,2421.0,2914.0,420.0,93447.924
3203007,Iúna - ES,2024,1162.0,2476.48,3196.0,4528.0,1188.0,108108.132
3203056,Jaguaré - ES,2024,981.0,3244.97,4139.0,5365.0,1004.0,191948.236
3203106,Jerônimo Monteiro - ES,2024,391.0,3148.45,1480.0,1865.0,397.0,60549.171
3203130,João Neiva - ES,2024,706.0,3155.61,3694.0,4550.0,725.0,155740.044
3203163,Laranja da Terra - ES,2024,311.0,2633.43,1053.0,1365.0,319.0,38919.658
3203205,Linhares - ES,2024,8574.0,3000.41,51949.0,62704.0,8995.0,2016153.731
3203304,Mantenópolis - ES,2024,464.0,2522.54,1166.0,1683.0,470.0,37878.889
3203320,Marataízes - ES,2024,1666.0,3013.79,8425.0,10294.0,1737.0,327416.729
3203346,Marechal Floriano - ES,2024,850.0,2360.18,3684.0,4798.0,863.0,121687.621
3203353,Marilândia - ES,2024,576.0,2364.16,2058.0,2772.0,587.0,68725.675
3203403,Mimoso do Sul - ES,2024,930.0,2485.76,3351.0,4487.0,958.0,107198.128
3203502,Montanha - ES,2024,804.0,2482.36,3298.0,4191.0,860.0,107908.675
3203601,Mucurici - ES,2024,178.0,2246.13,696.0,855.0,193.0,22356.135
3203700,Muniz Freire - ES,2024,664.0,3071.22,1913.0,2598.0,712.0,83202.209
3203809,Muqui - ES,2024,524.0,2508.26,1336.0,1931.0,538.0,44716.399
3203908,Nova Venécia - ES,2024,2025.0,2682.27,9781.0,12216.0,2103.0,362959.783
3204005,Pancas - ES,2024,638.0,2386.02,1626.0,2413.0,653.0,53118.075
3204054,Pedro Canário - ES,2024,892.0,2393.88,3969.0,4842.0,904.0,126988.038
3204104,Pinheiros - ES,2024,843.0,2967.58,3433.0,4428.0,896.0,141009.752
3204203,Piúma - ES,2024,1037.0,2822.5,3816.0,4971.0,1079.0,138089.056
3204252,Ponto Belo - ES,2024,273.0,1904.47,848.0,1064.0,301.0,24887.838
3204302,Presidente Kennedy - ES,2024,522.0,3249.84,2725.0,3275.0,547.0,113787.962
3204351,Rio Bananal - ES,2024,635.0,2591.38,2485.0,3282.0,654.0,94786.974
3204401,Rio Novo do Sul - ES,2024,488.0,2730.32,1701.0,2257.0,498.0,63261.853
3204500,Santa Leopoldina - ES,2024,309.0,2503.92,1085.0,1448.0,313.0,38923.173
3204559,Santa Maria de Jetibá - ES,2024,1697.0,2582.73,7684.0,9897.0,1795.0,262086.524
3204609,Santa Teresa - ES,2024,1206.0,2913.4,4612.0,6176.0,1252.0,179965.129
3204658,São Domingos do Norte - ES,2024,320.0,3175.92,1544.0,1893.0,331.0,72324.922
3204708,São Gabriel da Palha - ES,2024,1655.0,2514.39,6778.0,8751.0,1702.0,230266.736
3204807,São José do Calçado - ES,2024,412.0,3254.56,1671.0,2071.0,417.0,73566.99
3204906,São Mateus - ES,2024,4850.0,2940.49,24300.0,30374.0,5034.0,983080.452
3204955,São Roque do Canaã - ES,2024,423.0,2219.36,2046.0,2577.0,432.0,62214.939
3205002,Serra - ES,2024,24137.0,3393.2,161670.0,190430.0,25857.0,7239505.636
3205010,Sooretama - ES,2024,693.0,2547.94,4600.0,5356.0,713.0,172798.957
3205036,Vargem Alta - ES,2024,900.0,2774.97,3844.0,4996.0,924.0,135535.089
3205069,Venda Nova do Imigrante - ES,2024,1340.0,2859.51,5800.0,7696.0,1369.0,213870.327
3205101,Viana - ES,2024,2625.0,2804.09,21906.0,24715.0,2754.0,801188.418
3205150,Vila Pavão - ES,2024,336.0,2633.85,915.0,1288.0,348.0,33085.165
3205176,Vila Valério - ES,2024,540.0,2499.38,2073.0,2705.0,558.0,71596.111
3205200,Vila Velha - ES,2024,30582.0,2856.81,120642.0,160045.0,32079.0,4462068.841
3205309,Vitória - ES,2024,40063.0,5375.96,222607.0,276540.0,41791.0,16343962.142
3300100,Angra dos Reis - RJ,2024,6033.0,4472.37,43954.0,51455.0,6423.0,2572326.6
3300159,Aperibé - RJ,2024,429.0,2451.4,2229.0,2711.0,434.0,71639.859
3300209,Araruama - RJ,2024,5100.0,2348.15,29174.0,35588.0,5259.0,890632.672
3300225,Areal - RJ,2024,644.0,3385.82,3401.0,4229.0,672.0,141938.907
3300233,Armação dos Búzios - RJ,2024,3344.0,2431.67,17692.0,21674.0,3499.0,549591.262
3300258,Arraial do Cabo - RJ,2024,1484.0,2348.83,8877.0,10491.0,1538.0,270528.702
3300308,Barra do Piraí - RJ,2024,3244.0,2327.44,17773.0,21893.0,3407.0,549574.899
3300407,Barra Mansa - RJ,2024,7021.0,2637.56,33771.0,42665.0,7388.0,1168148.672
3300456,Belford Roxo - RJ,2024,6709.0,1742.2,45379.0,53788.0,7023.0,1139730.784
3300506,Bom Jardim - RJ,2024,1124.0,2613.93,5369.0,6720.0,1155.0,182133.93
3300605,Bom Jesus do Itabapoana - RJ,2024,1505.0,2570.23,6546.0,8369.0,1568.0,215174.653
3300704,Cabo Frio - RJ,2024,11831.0,2474.14,52743.0,66260.0,12387.0,1724063.601
3300803,Cachoeiras de Macacu - RJ,2024,1642.0,2957.51,8024.0,10115.0,1752.0,294441.432
3300902,Cambuci - RJ,2024,407.0,2718.98,1982.0,2423.0,421.0,69615.159
3300936,Carapebus - RJ,2024,348.0,2517.8,3297.0,3652.0,353.0,111260.257
3300951,Comendador Levy Gasparian - RJ,2024,571.0,2623.16,2989.0,3741.0,583.0,101128.965
3301009,Campos dos Goytacazes - RJ,2024,16788.0,3051.44,93379.0,114477.0,18177.0,3741793.706
3301108,Cantagalo - RJ,2024,774.0,3156.44,3804.0,4734.0,796.0,154835.831
3301157,Cardoso Moreira - RJ,2024,440.0,2511.12,2007.0,2495.0,445.0,66432.096
3301207,Carmo - RJ,2024,672.0,2387.58,5269.0,6094.0,696.0,121827.892
3301306,Casimiro de Abreu - RJ,2024,1637.0,2904.42,7855.0,9779.0,1697.0,295853.954
3301405,Conceição de Macabu - RJ,2024,616.0,2343.37,2763.0,3443.0,641.0,85293.133
3301504,Cordeiro - RJ,2024,1059.0,2342.24,4329.0,5604.0,1092.0,136720.893
3301603,Duas Barras - RJ,2024,394.0,2231.72,1193.0,1647.0,420.0,34182.915
3301702,Duque de Caxias - RJ,2024,25485.0,3183.0,168978.0,201190.0,27157.0,7035964.717
3301801,Engenheiro Paulo de Frontin - RJ,2024,393.0,2637.63,2187.0,2634.0,403.0,75657.079
3301850,Guapimirim - RJ,2024,1933.0,2801.61,10890.0,13422.0,1977.0,395977.756
3301876,Iguaba Grande - RJ,2024,775.0,2613.34,5104.0,5947.0,782.0,185137.076
3301900,Itaboraí - RJ,2024,5893.0,2655.5,35978.0,43022.0,6175.0,1230481.262
3302007,Itaguaí - RJ,2024,3380.0,3819.45,33299.0,37385.0,3600.0,1616986.494
3302056,Italva - RJ,2024,481.0,2491.43,2446.0,2954.0,494.0,80047.246
3302106,Itaocara - RJ,2024,976.0,2347.08,4133.0,5354.0,1018.0,126717.327
3302205,Itaperuna - RJ,2024,4748.0,2543.23,27609.0,33754.0,4981.0,940877.505
3302254,Itatiaia - RJ,2024,1494.0,3572.23,10841.0,12662.0,1550.0,512571.463
3302270,Japeri - RJ,2024,1454.0,2721.93,11194.0,12889.0,1495.0,339868.085
3302304,Laje do Muriaé - RJ,2024,193.0,2472.9,1447.0,1623.0,199.0,44968.279
3302403,Macaé - RJ,2024,11337.0,7939.45,146861.0,160446.0,12083.0,15062832.38
3302452,Macuco - RJ,2024,316.0,2288.93,2139.0,2461.0,322.0,75627.339
3302502,Magé - RJ,2024,5647.0,2209.61,33999.0,41177.0,5916.0,964298.845
3302601,Mangaratiba - RJ,2024,1525.0,3035.64,10097.0,11786.0,1597.0,455965.933
3302700,Maricá - RJ,2024,6108.0,3590.37,36122.0,43759.0,6324.0,1661022.026
3302809,Mendes - RJ,2024,589.0,2351.39,2970.0,3650.0,614.0,94579.166
3302858,Mesquita - RJ,2024,3095.0,2362.23,17888.0,21758.0,3167.0,586040.724
3302908,Miguel Pereira - RJ,2024,1632.0,2565.49,5302.0,7527.0,1675.0,170943.179
3303005,Miracema - RJ,2024,934.0,2735.08,3812.0,5047.0,970.0,145461.447
3303104,Natividade - RJ,2024,569.0,2706.46,2315.0,2925.0,577.0,83314.544
3303203,Nilópolis - RJ,2024,4377.0,2052.35,16691.0,22202.0,4512.0,454509.134
3303302,Niterói - RJ,2024,42687.0,3755.71,188491.0,246183.0,44706.0,9145732.564
3303401,Nova Friburgo - RJ,2024,10938.0,2405.58,53078.0,67527.0,11531.0,1681333.38
3303500,Nova Iguaçu - RJ,2024,19298.0,2495.9,96368.0,120959.0,20401.0,3164620.25
3303609,Paracambi - RJ,2024,1367.0,2407.74,8820.0,10447.0,1416.0,262965.032
3303708,Paraíba do Sul - RJ,2024,1591.0,2515.39,8052.0,10061.0,1668.0,270997.462
3303807,Paraty - RJ,2024,2221.0,3130.39,10258.0,12936.0,2324.0,407543.481
3303856,Paty do Alferes - RJ,2024,869.0,2672.37,4403.0,5470.0,901.0,154832.761
3303906,Petrópolis - RJ,2024,16065.0,3113.46,72892.0,95929.0,17095.0,2956024.814
3303955,Pinheiral - RJ,2024,767.0,2447.16,4366.0,5266.0,805.0,140907.273
3304003,Piraí - RJ,2024,844.0,3123.22,9360.0,10330.0,890.0,394823.919
3304102,Porciúncula - RJ,2024,586.0,2868.7,2346.0,2981.0,604.0,85507.577
3304110,Porto Real - RJ,2024,804.0,4118.84,7734.0,8600.0,836.0,410959.201
3304128,Quatis - RJ,2024,426.0,2261.86,2611.0,3113.0,432.0,75044.643
3304144,Queimados - RJ,2024,2648.0,2639.28,19087.0,22228.0,2765.0,657261.371
3304151,Quissamã - RJ,2024,579.0,4266.94,3717.0,4328.0,589.0,205125.872
3304201,Resende - RJ,2024,5977.0,3784.39,42138.0,49593.0,6290.0,2094533.949
3304300,Rio Bonito - RJ,2024,4040.0,2346.27,15373.0,21158.0,4113.0,492425.368
3304409,Rio Claro - RJ,2024,457.0,3427.42,2488.0,3013.0,477.0,109663.842
3304508,Rio das Flores - RJ,2024,418.0,2843.5,2922.0,3502.0,425.0,108092.769
3304524,Rio das Ostras - RJ,2024,6753.0,5010.98,35619.0,43587.0,6995.0,2323700.476
3304557,Rio de Janeiro - RJ,2024,402837.0,5310.53,2451749.0,2997653.0,429403.0,168030726.666
3304607,Santa Maria Madalena - RJ,2024,355.0,3023.57,1397.0,1792.0,364.0,55472.799
3304706,Santo Antônio de Pádua - RJ,2024,1923.0,2389.93,9077.0,11619.0,2031.0,287296.04
3304755,São Francisco de Itabapoana - RJ,2024,1215.0,2497.53,3943.0,5266.0,1257.0,136095.955
3304805,São Fidélis - RJ,2024,1112.0,2238.43,5690.0,7017.0,1158.0,173345.833
3304904,São Gonçalo - RJ,2024,22213.0,2483.8,105371.0,133603.0,23410.0,3454807.931
3305000,São João da Barra - RJ,2024,1407.0,6908.8,18382.0,19877.0,1539.0,1567104.336
3305109,São João de Meriti - RJ,2024,9209.0,2179.91,60793.0,72323.0,9679.0,1761477.618
3305133,São José de Ubá - RJ,2024,229.0,2482.15,1103.0,1327.0,235.0,37902.216
3305158,São José do Vale do Rio Preto - RJ,2024,845.0,2492.25,4171.0,5257.0,857.0,132623.611
3305208,São Pedro da Aldeia - RJ,2024,3480.0,2896.04,17980.0,22083.0,3622.0,661605.967
3305307,São Sebastião do Alto - RJ,2024,199.0,3278.37,1313.0,1541.0,204.0,54999.208
3305406,Sapucaia - RJ,2024,812.0,2829.38,4165.0,5189.0,855.0,154638.889
3305505,Saquarema - RJ,2024,5469.0,2799.78,20726.0,28327.0,5578.0,743710.653
3305554,Seropédica - RJ,2024,1801.0,4060.59,18259.0,20441.0,1905.0,1084599.389
3305604,Silva Jardim - RJ,2024,663.0,2959.14,4494.0,5262.0,696.0,175594.913
3305703,Sumidouro - RJ,2024,350.0,3172.08,2167.0,2559.0,366.0,90368.084
3305752,Tanguá - RJ,2024,861.0,2588.37,5014.0,5995.0,883.0,162472.573
3305802,Teresópolis - RJ,2024,8836.0,2804.01,38012.0,49830.0,9248.0,1385196.262
3305901,Trajano de Moraes - RJ,2024,310.0,2716.73,1419.0,1736.0,330.0,52285.743
3306008,Três Rios - RJ,2024,4169.0,2696.07,22203.0,27586.0,4363.0,790231.046
3306107,Valença - RJ,2024,2279.0,2788.31,12221.0,15066.0,2421.0,441532.859
3306156,Varre-Sai - RJ,2024,305.0,3102.88,1194.0,1509.0,312.0,46640.544
3306206,Vassouras - RJ,2024,1510.0,3086.55,9276.0,11179.0,1565.0,378733.362
3306305,Volta Redonda - RJ,2024,12043.0,2741.28,81401.0,97297.0,12859.0,2944823.821
3500105,Adamantina - SP,2024,3714.0,3314.25,13642.0,17997.0,4112.0,592471.605
3500204,Adolfo - SP,2024,491.0,2360.77,868.0,1353.0,540.0,26578.788
3500303,Aguaí - SP,2024,2508.0,3095.82,7343.0,9941.0,2995.0,300105.953
3500402,Águas da Prata - SP,2024,879.0,3185.03,956.0,1814.0,979.0,40614.506
3500501,Águas de Lindóia - SP,2024,1764.0,2667.72,5617.0,7680.0,1814.0,206706.31
3500550,Águas de Santa Bárbara - SP,2024,991.0,3116.11,1283.0,2230.0,1215.0,51453.794
3500600,Águas de São Pedro - SP,2024,356.0,3181.08,1353.0,1741.0,365.0,55492.932
3500709,Agudos - SP,2024,2439.0,3353.78,13076.0,15753.0,2583.0,461342.354
3500758,Alambari - SP,2024,573.0,2585.31,913.0,1507.0,597.0,33195.586
3500808,Alfredo Marcondes - SP,2024,856.0,2928.69,1595.0,2420.0,971.0,53103.744
3500907,Altair - SP,2024,454.0,3435.21,787.0,1118.0,575.0,35681.988
3501004,Altinópolis - SP,2024,1953.0,2795.26,2657.0,4794.0,2336.0,96429.318
3501103,Alto Alegre - SP,2024,1361.0,3469.37,465.0,1694.0,1962.0,23510.212
3501152,Alumínio - SP,2024,517.0,4686.5,7901.0,8445.0,531.0,472692.177
3501202,Álvares Florence - SP,2024,1723.0,3003.42,443.0,2043.0,2018.0,17174.109
3501301,Álvares Machado - SP,2024,3154.0,3439.68,3475.0,6831.0,3428.0,164446.758
3501400,Álvaro de Carvalho - SP,2024,270.0,4103.33,884.0,1108.0,301.0,48117.284
3501509,Alvinlândia - SP,2024,292.0,3317.85,280.0,530.0,318.0,11968.71
3501608,Americana - SP,2024,20320.0,3740.1,83929.0,111968.0,21072.0,4097855.599
3501707,Américo Brasiliense - SP,2024,1310.0,3205.57,10919.0,12418.0,1354.0,475238.419
3501806,Américo de Campos - SP,2024,1128.0,3135.4,534.0,1582.0,1290.0,22975.684
3501905,Amparo - SP,2024,4880.0,3605.26,24556.0,31171.0,5153.0,1176732.559
3502002,Analândia - SP,2024,606.0,3477.8,1123.0,1723.0,699.0,49942.307
3502101,Andradina - SP,2024,5455.0,3233.6,20639.0,26735.0,6048.0,866177.213
3502200,Angatuba - SP,2024,3231.0,3606.52,4397.0,7692.0,3421.0,203900.885
3502309,Anhembi - SP,2024,961.0,2805.14,793.0,1671.0,1180.0,31203.904
3502408,Anhumas - SP,2024,969.0,2765.28,430.0,1322.0,1140.0,15356.56
3502507,Aparecida - SP,2024,2348.0,2704.07,11740.0,14394.0,2470.0,412806.433
3502606,Aparecida d'Oeste - SP,2024,1194.0,2840.43,808.0,1889.0,1421.0,30578.474
3502705,Apiaí - SP,2024,3108.0,3146.67,5872.0,8962.0,3252.0,252411.454
3502754,Araçariguama - SP,2024,1409.0,4088.56,11192.0,12777.0,1464.0,605593.135
3502804,Araçatuba - SP,2024,17425.0,3321.19,61286.0,82720.0,18743.0,2639421.385
3502903,Araçoiaba da Serra - SP,2024,2590.0,3191.3,7495.0,10527.0,2657.0,317049.491
3503000,Aramina - SP,2024,678.0,2771.44,772.0,1382.0,976.0,29467.846
3503109,Arandu - SP,2024,804.0,3063.07,764.0,1524.0,885.0,29671.441
3503158,Arapeí - SP,2024,185.0,2873.92,324.0,478.0,194.0,13002.739
3503208,Araraquara - SP,2024,17325.0,3739.44,83174.0,105806.0,18296.0,4038244.862
3503307,Araras - SP,2024,8486.0,3668.88,38623.0,49243.0,9581.0,1888772.651
3503356,Arco-Íris - SP,2024,826.0,2877.47,271.0,950.0,1076.0,9888.952
3503406,Arealva - SP,2024,2121.0,2579.76,1213.0,3273.0,2461.0,42218.195
3503505,Areias - SP,2024,271.0,2265.88,880.0,1111.0,285.0,24801.492
3503604,Areiópolis - SP,2024,497.0,2879.03,1388.0,1849.0,553.0,52257.244
3503703,Ariranha - SP,2024,689.0,4109.84,2558.0,3244.0,817.0,143107.728
3503802,Artur Nogueira - SP,2024,3979.0,3457.68,10723.0,15217.0,4666.0,488242.346
3503901,Arujá - SP,2024,5142.0,3732.18,32575.0,39069.0,5277.0,1570229.323
3503950,Aspásia - SP,2024,566.0,3252.95,235.0,741.0,672.0,9888.274
3504008,Assis - SP,2024,8907.0,3520.0,28370.0,39042.0,9489.0,1306901.058
3504107,Atibaia - SP,2024,14840.0,3714.81,49082.0,67901.0,15383.0,2330891.685
3504206,Auriflama - SP,2024,2592.0,2498.59,2708.0,5336.0,2919.0,90291.387
3504305,Avaí - SP,2024,852.0,3257.99,566.0,1312.0,964.0,26621.487
3504404,Avanhandava - SP,2024,1008.0,3972.41,2339.0,3254.0,1301.0,134726.65
3504503,Avaré - SP,2024,6618.0,3202.95,24978.0,32902.0,7070.0,1057953.359
3504602,Bady Bassitt - SP,2024,2515.0,3028.0,5697.0,8730.0,2628.0,218257.989
3504701,Balbinos - SP,2024,211.0,4685.94,583.0,741.0,240.0,36225.625
3504800,Bálsamo - SP,2024,1590.0,3383.07,1848.0,3458.0,1717.0,82011.192
3504909,Bananal - SP,2024,844.0,2614.15,1616.0,2444.0,901.0,55970.498
3505005,Barão de Antonina - SP,2024,570.0,2598.82,547.0,1061.0,602.0,18717.724
3505104,Barbosa - SP,2024,747.0,2817.0,700.0,1354.0,922.0,26599.676
3505203,Bariri - SP,2024,3113.0,3023.38,8782.0,12367.0,3729.0,353579.022
3505302,Barra Bonita - SP,2024,2362.0,3440.34,13275.0,16270.0,2623.0,604808.567
3505351,Barra do Chapéu - SP,2024,1424.0,2936.56,416.0,1792.0,1471.0,16552.79
3505401,Barra do Turvo - SP,2024,1179.0,3137.5,805.0,1967.0,1186.0,32321.651
3505500,Barretos - SP,2024,10392.0,3692.33,37365.0,49808.0,11768.0,1830778.522
3505609,Barrinha - SP,2024,1579.0,3268.08,5678.0,7405.0,1640.0,245832.639
3505708,Barueri - SP,2024,41015.0,5485.76,382619.0,439018.0,42514.0,26607178.701
3505807,Bastos - SP,2024,1524.0,2967.04,4501.0,6189.0,1670.0,176619.196
3505906,Batatais - SP,2024,5022.0,3755.9,16620.0,22588.0,5825.0,831102.1
3506003,Bauru - SP,2024,25549.0,3522.78,154392.0,187541.0,26969.0,6838909.959
3506102,Bebedouro - SP,2024,6477.0,3365.92,28551.0,36342.0,7405.0,1314043.407
3506201,Bento de Abreu - SP,2024,330.0,3979.89,1001.0,1242.0,427.0,55987.385
3506300,Bernardino de Campos - SP,2024,1202.0,3482.9,2762.0,3994.0,1443.0,136164.429
3506359,Bertioga - SP,2024,4466.0,4016.16,15977.0,21422.0,4571.0,807155.163
3506409,Bilac - SP,2024,1265.0,2811.27,1736.0,3041.0,1697.0,65605.828
3506508,Birigui - SP,2024,9296.0,2884.88,33899.0,45157.0,10072.0,1322198.795
3506607,Biritiba Mirim - SP,2024,1409.0,2871.81,3297.0,4800.0,1449.0,124203.651
3506706,Boa Esperança do Sul - SP,2024,1105.0,2612.76,3049.0,4122.0,1363.0,106726.443
3506805,Bocaina - SP,2024,1129.0,3301.63,3391.0,4565.0,1280.0,150188.078
3506904,Bofete - SP,2024,2009.0,3167.8,1480.0,3452.0,2235.0,61020.486
3507001,Boituva - SP,2024,5224.0,3816.03,24848.0,31387.0,5514.0,1216814.121
3507100,Bom Jesus dos Perdões - SP,2024,1389.0,3361.02,6897.0,8551.0,1408.0,293855.122
3507159,Bom Sucesso de Itararé - SP,2024,370.0,2840.96,640.0,966.0,395.0,25840.544
3507209,Borá - SP,2024,211.0,3302.36,1149.0,1306.0,230.0,55053.366
3507308,Boracéia - SP,2024,493.0,3337.88,1678.0,2190.0,587.0,72336.946
3507407,Borborema - SP,2024,2455.0,2686.37,2705.0,5140.0,3310.0,102705.655
3507456,Borebi - SP,2024,284.0,2870.55,708.0,953.0,319.0,26404.89
3507506,Botucatu - SP,2024,10059.0,3924.67,50724.0,63068.0,10690.0,2543080.611
3507605,Bragança Paulista - SP,2024,13796.0,3716.97,54606.0,72148.0,14281.0,2627601.511
3507704,Braúna - SP,2024,785.0,3022.66,482.0,1173.0,1028.0,19038.601
3507753,Brejo Alegre - SP,2024,396.0,2932.95,441.0,799.0,452.0,16971.286
3507803,Brodowski - SP,2024,2179.0,2855.45,5797.0,8308.0,2390.0,214120.854
3507902,Brotas - SP,2024,2363.0,3509.06,6703.0,9420.0,2880.0,309232.46
3508009,Buri - SP,2024,2474.0,2778.87,4283.0,6741.0,2694.0,157577.439
3508108,Buritama - SP,2024,2411.0,3035.07,3005.0,5393.0,2807.0,128625.981
3508207,Buritizal - SP,2024,1035.0,4477.67,1732.0,2730.0,1328.0,112542.662
3508306,Cabrália Paulista - SP,2024,512.0,3038.6,931.0,1376.0,554.0,37697.311
3508405,Cabreúva - SP,2024,2565.0,4092.08,20121.0,23212.0,2668.0,1041294.36
3508504,Caçapava - SP,2024,4218.0,4066.41,21278.0,26417.0,4369.0,1134531.974
3508603,Cachoeira Paulista - SP,2024,1490.0,3204.89,5096.0,6642.0,1576.0,214812.924
3508702,Caconde - SP,2024,4027.0,2740.01,1876.0,5980.0,4438.0,68247.447
3508801,Cafelândia - SP,2024,1846.0,3066.35,4269.0,6135.0,2251.0,172731.086
3508900,Caiabu - SP,2024,704.0,2410.0,379.0,1022.0,800.0,12225.255
3509007,Caieiras - SP,2024,4287.0,3701.64,28381.0,33735.0,4429.0,1377543.756
3509106,Caiuá - SP,2024,1387.0,4836.99,890.0,2161.0,1518.0,54605.795
3509205,Cajamar - SP,2024,6023.0,4177.67,61087.0,67166.0,6332.0,3268615.963
3509254,Cajati - SP,2024,1431.0,3431.92,6655.0,8132.0,1473.0,298646.428
3509304,Cajobi - SP,2024,895.0,2700.3,1491.0,2365.0,1156.0,57620.99
3509403,Cajuru - SP,2024,2579.0,3084.4,5572.0,8411.0,2878.0,219870.702
3509452,Campina do Monte Alegre - SP,2024,693.0,3542.2,731.0,1442.0,725.0,32514.921
3509502,Campinas - SP,2024,93590.0,5279.66,455730.0,580172.0,98653.0,31113248.033
3509601,Campo Limpo Paulista - SP,2024,2616.0,4208.02,13059.0,16239.0,2674.0,737682.548
3509700,Campos do Jordão - SP,2024,3532.0,2820.11,14352.0,18687.0,3762.0,526385.423
3509809,Campos Novos Paulista - SP,2024,1248.0,3392.06,628.0,1765.0,1646.0,30041.332
3509908,Cananéia - SP,2024,755.0,3206.79,1484.0,2266.0,785.0,61585.628
3509957,Canas - SP,2024,276.0,2554.06,1016.0,1279.0,281.0,35687.712
3510005,Cândido Mota - SP,2024,3998.0,3779.16,7033.0,11344.0,5439.0,348052.198
3510104,Cândido Rodrigues - SP,2024,526.0,2797.71,623.0,1097.0,660.0,23782.821
3510153,Canitar - SP,2024,230.0,3159.13,469.0,689.0,265.0,20327.365
3510203,Capão Bonito - SP,2024,4244.0,2721.88,8584.0,13049.0,4463.0,307799.128
3510302,Capela do Alto - SP,2024,1420.0,2866.65,4785.0,6348.0,1484.0,199655.07
3510401,Capivari - SP,2024,3260.0,3382.74,19455.0,23816.0,3703.0,842787.091
3510500,Caraguatatuba - SP,2024,7397.0,3619.64,32992.0,41350.0,7695.0,1540614.905
3510609,Carapicuíba - SP,2024,11805.0,3162.9,47120.0,60972.0,12190.0,1884295.908
3510708,Cardoso - SP,2024,2219.0,3125.46,1244.0,3388.0,2724.0,49648.955
3510807,Casa Branca - SP,2024,2623.0,3398.28,6605.0,9317.0,3134.0,286997.118
3510906,Cássia dos Coqueiros - SP,2024,724.0,2562.79,396.0,1053.0,813.0,13253.52
3511003,Castilho - SP,2024,2896.0,3643.85,3866.0,6670.0,3280.0,199370.129
3511102,Catanduva - SP,2024,8817.0,3372.63,43378.0,54996.0,9437.0,1950381.094
3511201,Catiguá - SP,2024,535.0,3048.02,707.0,1227.0,689.0,31264.748
3511300,Cedral - SP,2024,1930.0,3146.12,4046.0,6042.0,2159.0,177261.969
3511409,Cerqueira César - SP,2024,1946.0,3452.66,4669.0,6705.0,2326.0,224769.015
3511508,Cerquilho - SP,2024,3167.0,3399.06,13880.0,17971.0,3321.0,633275.378
3511607,Cesário Lange - SP,2024,1510.0,3089.75,6546.0,8180.0,1651.0,280580.46
3511706,Charqueada - SP,2024,1173.0,3263.93,2833.0,4052.0,1549.0,124320.1
3511904,Clementina - SP,2024,779.0,4618.9,1232.0,1966.0,1029.0,81432.693
3512001,Colina - SP,2024,1638.0,3079.07,7840.0,9478.0,1929.0,311568.817
3512100,Colômbia - SP,2024,1052.0,3278.45,3625.0,4571.0,1253.0,191723.523
3512209,Conchal - SP,2024,2089.0,3186.95,5761.0,7915.0,2503.0,239958.302
3512308,Conchas - SP,2024,2470.0,2475.17,3072.0,5591.0,2813.0,107121.691
3512407,Cordeirópolis - SP,2024,1793.0,4104.1,11414.0,13400.0,2016.0,614393.644
3512506,Coroados - SP,2024,1044.0,3624.99,1283.0,2219.0,1322.0,56642.236
3512605,Coronel Macedo - SP,2024,805.0,2736.05,869.0,1579.0,894.0,28730.953
3512704,Corumbataí - SP,2024,917.0,4214.89,1163.0,2041.0,1055.0,62374.861
3512803,Cosmópolis - SP,2024,2861.0,3836.03,11958.0,15370.0,3025.0,571547.08
3512902,Cosmorama - SP,2024,2484.0,3212.41,2880.0,5185.0,2843.0,126333.895
3513009,Cotia - SP,2024,19025.0,4066.96,87094.0,111389.0,19669.0,4743249.219
3513108,Cravinhos - SP,2024,2801.0,4226.02,13222.0,16636.0,3247.0,695583.467
3513207,Cristais Paulista - SP,2024,1266.0,2759.2,1298.0,2522.0,1474.0,46736.989
3513306,Cruzália - SP,2024,609.0,3090.53,375.0,906.0,810.0,14236.267
3513405,Cruzeiro - SP,2024,3459.0,3894.76,19801.0,23886.0,3614.0,988267.284
3513504,Cubatão - SP,2024,3850.0,5923.63,31614.0,35568.0,4042.0,2403059.885
3513603,Cunha - SP,2024,4134.0,2963.99,2211.0,6386.0,4378.0,85743.36
3513702,Descalvado - SP,2024,3649.0,3416.08,10235.0,14681.0,4361.0,494024.272
3513801,Diadema - SP,2024,15588.0,4164.29,100957.0,120514.0,16158.0,5569641.721
3513850,Dirce Reis - SP,2024,411.0,4084.86,501.0,852.0,480.0,22992.605
3513900,Divinolândia - SP,2024,2973.0,2852.0,2753.0,5854.0,3228.0,101949.873
3514007,Dobrada - SP,2024,415.0,3322.38,793.0,1189.0,485.0,35504.679
3514106,Dois Córregos - SP,2024,2413.0,2899.35,5449.0,8150.0,2971.0,214579.33
3514205,Dolcinópolis - SP,2024,453.0,3378.65,278.0,655.0,525.0,12097.543
3514304,Dourado - SP,2024,845.0,3924.52,3017.0,3869.0,950.0,159709.539
3514403,Dracena - SP,2024,4881.0,3117.8,12282.0,18054.0,5298.0,499153.92
3514502,Duartina - SP,2024,1292.0,2964.9,2231.0,3521.0,1374.0,86954.108
3514601,Dumont - SP,2024,988.0,3407.57,2129.0,3135.0,1292.0,97324.114
3514700,Echaporã - SP,2024,1269.0,2732.31,947.0,2143.0,1537.0,36022.702
3514809,Eldorado - SP,2024,1839.0,2779.56,1470.0,3278.0,1945.0,53793.808
3514908,Elias Fausto - SP,2024,1814.0,3681.52,6917.0,8880.0,2037.0,332603.117
3514924,Elisiário - SP,2024,322.0,3467.17,418.0,712.0,375.0,21380.0
3514957,Embaúba - SP,2024,387.0,2969.28,335.0,660.0,569.0,13997.773
3515004,Embu das Artes - SP,2024,8242.0,3616.13,48544.0,58317.0,8578.0,2379385.605
3515103,Embu-Guaçu - SP,2024,2440.0,3519.26,9272.0,12152.0,2486.0,433039.226
3515129,Emilianópolis - SP,2024,581.0,3144.36,319.0,857.0,699.0,12964.876
3515152,Engenheiro Coelho - SP,2024,1383.0,3510.18,4285.0,5785.0,1537.0,206081.359
3515186,Espírito Santo do Pinhal - SP,2024,3707.0,3123.36,26046.0,30417.0,4014.0,600986.34
3515194,Espírito Santo do Turvo - SP,2024,527.0,3049.91,571.0,1015.0,628.0,22032.826
3515202,Estrela d'Oeste - SP,2024,1829.0,3449.27,3971.0,5711.0,2173.0,176338.69
3515301,Estrela do Norte - SP,2024,531.0,2537.14,429.0,885.0,599.0,13287.147
3515350,Euclides da Cunha Paulista - SP,2024,1725.0,2833.19,692.0,2299.0,1822.0,26562.468
3515400,Fartura - SP,2024,2178.0,2460.64,3265.0,5509.0,2461.0,111390.776
3515509,Fernandópolis - SP,2024,6582.0,3066.01,19083.0,27056.0,7049.0,781880.645
3515608,Fernando Prestes - SP,2024,1174.0,2645.37,1509.0,2691.0,1465.0,53816.58
3515657,Fernão - SP,2024,495.0,3257.0,302.0,766.0,584.0,12594.758
3515707,Ferraz de Vasconcelos - SP,2024,4392.0,3366.25,24012.0,29063.0,4549.0,1051458.367
3515806,Flora Rica - SP,2024,420.0,3116.05,249.0,583.0,514.0,9884.118
3515905,Floreal - SP,2024,990.0,2737.51,392.0,1242.0,1169.0,14861.02
3516002,Flórida Paulista - SP,2024,1639.0,3246.47,1619.0,3138.0,2135.0,75922.214
3516101,Florínea - SP,2024,567.0,4160.31,510.0,970.0,806.0,27436.262
3516200,Franca - SP,2024,26373.0,3017.77,98041.0,131176.0,27659.0,3951133.962
3516309,Francisco Morato - SP,2024,2955.0,3368.25,10033.0,13324.0,3063.0,468167.832
3516408,Franco da Rocha - SP,2024,3698.0,3749.15,21469.0,25622.0,3921.0,1040003.643
3516507,Gabriel Monteiro - SP,2024,614.0,2359.22,840.0,1399.0,764.0,26364.695
3516606,Gália - SP,2024,954.0,2452.32,1128.0,2031.0,1070.0,37772.226
3516705,Garça - SP,2024,3704.0,3093.99,11018.0,15191.0,4030.0,445971.475
3516804,Gastão Vidigal - SP,2024,734.0,3407.4,318.0,983.0,921.0,15518.72
3516853,Gavião Peixoto - SP,2024,435.0,7495.35,4538.0,4913.0,514.0,423817.316
3516903,General Salgado - SP,2024,1863.0,3561.01,3392.0,5155.0,2232.0,148165.794
3517000,Getulina - SP,2024,1328.0,3900.59,975.0,2116.0,1772.0,51709.187
3517109,Glicério - SP,2024,904.0,2887.52,730.0,1518.0,1160.0,27291.854
3517208,Guaiçara - SP,2024,1014.0,3283.56,2109.0,3017.0,1225.0,89150.766
3517307,Guaimbê - SP,2024,615.0,2733.69,533.0,1064.0,708.0,19809.906
3517406,Guaíra - SP,2024,3418.0,3171.76,16880.0,20666.0,4403.0,695984.051
3517505,Guapiaçu - SP,2024,2273.0,3604.9,6130.0,8483.0,2600.0,287971.922
3517604,Guapiara - SP,2024,4151.0,2753.87,1960.0,6100.0,4265.0,72573.426
3517703,Guará - SP,2024,1483.0,3097.14,3232.0,4673.0,1701.0,133648.936
3517802,Guaraçaí - SP,2024,1577.0,2840.76,953.0,2492.0,1822.0,37103.064
3517901,Guaraci - SP,2024,1056.0,3902.79,2520.0,3488.0,1273.0,136760.067
3518008,Guarani d'Oeste - SP,2024,473.0,2980.2,324.0,719.0,568.0,12357.707
3518107,Guarantã - SP,2024,925.0,2618.89,915.0,1747.0,1045.0,31615.003
3518206,Guararapes - SP,2024,3054.0,3154.29,6538.0,9777.0,3814.0,265290.142
3518305,Guararema - SP,2024,2440.0,4278.06,8617.0,11365.0,2523.0,485039.382
3518404,Guaratinguetá - SP,2024,6571.0,4099.7,31699.0,39470.0,6970.0,1737392.48
3518503,Guareí - SP,2024,1982.0,3257.59,2796.0,4745.0,2057.0,122019.217
3518602,Guariba - SP,2024,2042.0,3276.56,9139.0,11471.0,2165.0,406124.801
3518701,Guarujá - SP,2024,11984.0,6649.76,52913.0,66072.0,12618.0,4541835.089
3518800,Guarulhos - SP,2024,62160.0,4035.65,411505.0,486966.0,65755.0,21355464.455
3518859,Guatapará - SP,2024,923.0,3127.78,1928.0,2777.0,1391.0,71000.148
3518909,Guzolândia - SP,2024,1081.0,2903.59,492.0,1404.0,1293.0,19217.953
3519006,Herculândia - SP,2024,1419.0,3043.44,1380.0,2675.0,1796.0,55525.142
3519055,Holambra - SP,2024,2095.0,3532.42,11283.0,14075.0,2260.0,445948.316
3519071,Hortolândia - SP,2024,9701.0,5439.73,58099.0,69827.0,10052.0,4123906.779
3519105,Iacanga - SP,2024,1245.0,2321.45,2134.0,3396.0,1413.0,94678.367
3519204,Iacri - SP,2024,1342.0,2932.9,807.0,2051.0,1692.0,30481.606
3519253,Iaras - SP,2024,930.0,3792.52,2009.0,2909.0,988.0,103021.48
3519303,Ibaté - SP,2024,1803.0,3509.65,7481.0,9544.0,1848.0,342417.806
3519402,Ibirá - SP,2024,1504.0,2892.85,2416.0,3960.0,1829.0,91618.306
3519501,Ibirarema - SP,2024,1211.0,3135.61,1004.0,2152.0,1530.0,49985.532
3519600,Ibitinga - SP,2024,5638.0,2571.26,17502.0,23749.0,6569.0,587387.754
3519709,Ibiúna - SP,2024,6939.0,3005.5,15561.0,23331.0,7209.0,593355.994
3519808,Icém - SP,2024,799.0,3592.83,1397.0,2131.0,866.0,65232.551
3519907,Iepê - SP,2024,1174.0,3147.42,1078.0,2203.0,1467.0,45545.273
3520004,Igaraçu do Tietê - SP,2024,949.0,2627.99,2314.0,3473.0,1034.0,84565.595
3520103,Igarapava - SP,2024,2342.0,3125.4,6510.0,8900.0,2995.0,271122.195
3520202,Igaratá - SP,2024,871.0,2822.56,1787.0,2762.0,883.0,67058.826
3520301,Iguape - SP,2024,2308.0,3328.63,3113.0,5459.0,2384.0,133085.288
3520400,Ilhabela - SP,2024,2452.0,3621.79,10054.0,13043.0,2528.0,486692.714
3520426,Ilha Comprida - SP,2024,626.0,3311.03,2119.0,2777.0,634.0,87859.838
3520442,Ilha Solteira - SP,2024,2179.0,4052.5,4858.0,7179.0,2245.0,268745.997
3520509,Indaiatuba - SP,2024,20836.0,4526.97,93390.0,120797.0,21568.0,5553052.711
3520608,Indiana - SP,2024,849.0,2550.8,695.0,1518.0,929.0,23623.796
3520707,Indiaporã - SP,2024,938.0,3365.99,485.0,1336.0,1188.0,21402.407
3520806,Inúbia Paulista - SP,2024,480.0,3135.03,816.0,1255.0,534.0,34517.338
3520905,Ipaussu - SP,2024,877.0,3282.39,3212.0,4162.0,957.0,146417.652
3521002,Iperó - SP,2024,1528.0,3398.51,7399.0,9024.0,1579.0,331861.501
3521101,Ipeúna - SP,2024,955.0,3348.62,1901.0,2820.0,1212.0,86497.283
3521150,Ipiguá - SP,2024,871.0,2890.11,1179.0,2032.0,960.0,43766.548
3521200,Iporanga - SP,2024,450.0,2672.91,420.0,853.0,453.0,15193.157
3521309,Ipuã - SP,2024,1089.0,2924.63,2687.0,3776.0,1349.0,105432.414
3521408,Iracemápolis - SP,2024,1302.0,3531.31,7882.0,9517.0,1350.0,364911.503
3521507,Irapuã - SP,2024,1335.0,2427.23,945.0,2168.0,1612.0,31300.573
3521606,Irapuru - SP,2024,1248.0,4220.21,984.0,2140.0,1489.0,54324.014
3521705,Itaberá - SP,2024,3309.0,2962.59,2769.0,6087.0,3736.0,107287.545
3521804,Itaí - SP,2024,2312.0,3657.2,4626.0,6985.0,2660.0,217574.918
3521903,Itajobi - SP,2024,3221.0,2821.64,4401.0,7672.0,4094.0,154800.462
3522000,Itaju - SP,2024,874.0,2717.06,837.0,1643.0,1055.0,30239.7
3522109,Itanhaém - SP,2024,4202.0,3212.57,15066.0,19725.0,4381.0,641670.394
3522158,Itaoca - SP,2024,571.0,2976.1,366.0,896.0,578.0,14532.884
3522208,Itapecerica da Serra - SP,2024,5037.0,3491.72,31070.0,37146.0,5205.0,1393849.661
3522307,Itapetininga - SP,2024,10136.0,3328.0,44316.0,56270.0,10713.0,1934485.305
3522406,Itapeva - SP,2024,8481.0,3155.13,21749.0,31004.0,9129.0,885664.783
3522505,Itapevi - SP,2024,6227.0,4299.17,43469.0,50517.0,6459.0,2402653.449
3522604,Itapira - SP,2024,5184.0,3849.02,25468.0,31832.0,5487.0,1279502.837
3522653,Itapirapuã Paulista - SP,2024,876.0,2676.44,544.0,1366.0,901.0,18554.468
3522703,Itápolis - SP,2024,5964.0,3211.32,10204.0,16560.0,7832.0,426526.115
3522802,Itaporanga - SP,2024,1915.0,2556.49,2113.0,3989.0,2113.0,70771.686
3522901,Itapuí - SP,2024,885.0,2943.82,5222.0,6165.0,990.0,201830.41
3523008,Itapura - SP,2024,674.0,2790.36,619.0,1220.0,710.0,22943.752
3523107,Itaquaquecetuba - SP,2024,9614.0,3248.03,61158.0,72262.0,10038.0,2578974.675
3523206,Itararé - SP,2024,3833.0,2793.68,9944.0,13876.0,4477.0,370144.913
3523305,Itariri - SP,2024,761.0,2929.45,1429.0,2203.0,779.0,59098.485
3523404,Itatiba - SP,2024,8079.0,3943.01,41801.0,52453.0,8334.0,2178278.689
3523503,Itatinga - SP,2024,1602.0,3148.37,3076.0,4734.0,1768.0,127324.718
3523602,Itirapina - SP,2024,1033.0,4814.15,5810.0,6858.0,1169.0,367101.04
3523701,Itirapuã - SP,2024,644.0,2919.02,459.0,1077.0,708.0,17944.471
3523800,Itobi - SP,2024,749.0,2761.32,948.0,1678.0,837.0,34638.987
3523909,Itu - SP,2024,11357.0,3919.42,64106.0,79031.0,11798.0,3238680.876
3524006,Itupeva - SP,2024,5000.0,4514.41,33967.0,40034.0,5198.0,2012042.229
3524105,Ituverava - SP,2024,3442.0,3045.49,8048.0,12007.0,4175.0,318385.324
3524204,Jaborandi - SP,2024,688.0,2780.98,810.0,1433.0,961.0,32136.192
3524303,Jaboticabal - SP,2024,6482.0,3721.54,26117.0,34550.0,7769.0,1262076.61
3524402,Jacareí - SP,2024,11532.0,4082.24,59227.0,73694.0,12045.0,3174130.022
3524501,Jaci - SP,2024,1129.0,3216.64,3484.0,4581.0,1276.0,143630.372
3524600,Jacupiranga - SP,2024,1385.0,2812.61,2994.0,4336.0,1445.0,106449.578
3524709,Jaguariúna - SP,2024,4581.0,5135.18,39364.0,45120.0,4767.0,2607595.93
3524808,Jales - SP,2024,5840.0,3417.89,14777.0,21482.0,6304.0,656090.558
3524907,Jambeiro - SP,2024,698.0,3540.15,3055.0,3773.0,737.0,158362.121
3525003,Jandira - SP,2024,4421.0,4044.03,22886.0,28224.0,4558.0,1222584.7
3525102,Jardinópolis - SP,2024,3083.0,3543.08,9769.0,13330.0,3469.0,460417.779
3525201,Jarinu - SP,2024,2462.0,4329.9,10857.0,13734.0,2559.0,586422.942
3525300,Jaú - SP,2024,9428.0,3279.89,43568.0,55593.0,10304.0,1865940.941
3525409,Jeriquara - SP,2024,524.0,2977.63,573.0,1068.0,660.0,25810.901
3525508,Joanópolis - SP,2024,1988.0,2589.4,2489.0,4683.0,2081.0,83757.472
3525607,João Ramalho - SP,2024,632.0,2912.46,322.0,883.0,758.0,14194.846
3525706,José Bonifácio - SP,2024,5137.0,3170.19,12307.0,17807.0,5806.0,505155.078
3525805,Júlio Mesquita - SP,2024,293.0,2643.27,451.0,713.0,326.0,16579.585
3525854,Jumirim - SP,2024,470.0,3203.37,1510.0,1992.0,535.0,64334.678
3525904,Jundiaí - SP,2024,36583.0,4699.98,199782.0,249195.0,38257.0,11990686.675
3526001,Junqueirópolis - SP,2024,2583.0,3678.36,6035.0,8797.0,3266.0,293612.0
3526100,Juquiá - SP,2024,1506.0,2643.86,2116.0,3594.0,1556.0,74828.612
3526209,Juquitiba - SP,2024,1334.0,2706.95,3567.0,5153.0,1352.0,129027.251
3526308,Lagoinha - SP,2024,1270.0,2393.16,692.0,1940.0,1345.0,21235.184
3526407,Laranjal Paulista - SP,2024,3016.0,2926.45,10369.0,13858.0,3628.0,404543.075
3526506,Lavínia - SP,2024,992.0,5327.17,1285.0,2151.0,1301.0,88658.692
3526605,Lavrinhas - SP,2024,355.0,2575.24,677.0,988.0,374.0,23882.666
3526704,Leme - SP,2024,5956.0,3354.86,26349.0,33773.0,6526.0,1148333.385
3526803,Lençóis Paulista - SP,2024,5086.0,4400.85,32050.0,38329.0,5727.0,1831701.157
3526902,Limeira - SP,2024,20800.0,4034.87,98121.0,124584.0,22349.0,5295715.773
3527009,Lindóia - SP,2024,618.0,3278.78,2341.0,3034.0,637.0,98047.845
3527108,Lins - SP,2024,5110.0,3590.47,30738.0,36843.0,5589.0,1420903.002
3527207,Lorena - SP,2024,3928.0,3839.32,19479.0,24024.0,4120.0,952551.367
3527256,Lourdes - SP,2024,429.0,3729.22,222.0,585.0,492.0,11377.267
3527306,Louveira - SP,2024,3808.0,5092.19,18950.0,22638.0,3933.0,1228614.825
3527405,Lucélia - SP,2024,2134.0,3037.73,4246.0,6511.0,2367.0,172452.275
3527504,Lucianópolis - SP,2024,369.0,2950.51,418.0,721.0,429.0,15898.844
3527603,Luís Antônio - SP,2024,925.0,3647.19,6685.0,7671.0,1036.0,361132.461
3527702,Luiziânia - SP,2024,613.0,3006.52,504.0,1048.0,788.0,19736.248
3527801,Lupércio - SP,2024,445.0,2864.09,475.0,856.0,489.0,18441.971
3527900,Lutécia - SP,2024,753.0,2748.33,392.0,1006.0,886.0,14121.584
3528007,Macatuba - SP,2024,1135.0,3763.45,3794.0,4938.0,1482.0,172541.584
3528106,Macaubal - SP,2024,1755.0,4266.1,1814.0,3473.0,2084.0,99031.478
3528205,Macedônia - SP,2024,1203.0,2599.89,507.0,1543.0,1488.0,17529.289
3528304,Magda - SP,2024,720.0,2777.81,648.0,1313.0,875.0,22457.077
3528403,Mairinque - SP,2024,2424.0,3065.56,10521.0,13376.0,2512.0,468805.315
3528502,Mairiporã - SP,2024,4559.0,2980.83,17516.0,23289.0,4700.0,695159.22
3528601,Manduri - SP,2024,1193.0,2585.22,1902.0,3085.0,1422.0,67837.466
3528700,Marabá Paulista - SP,2024,1354.0,5338.34,618.0,1814.0,1550.0,43011.718
3528809,Maracaí - SP,2024,1903.0,2921.76,4404.0,6309.0,2359.0,173975.022
3528858,Marapoama - SP,2024,798.0,3944.6,1605.0,2363.0,967.0,116894.449
3528908,Mariápolis - SP,2024,869.0,2757.53,279.0,1095.0,1047.0,10111.25
3529005,Marília - SP,2024,17359.0,3624.01,77375.0,99360.0,18459.0,3636707.112
3529104,Marinópolis - SP,2024,495.0,3246.24,252.0,694.0,580.0,10622.457
3529203,Martinópolis - SP,2024,2656.0,2813.78,3401.0,5977.0,3078.0,125932.336
3529302,Matão - SP,2024,5814.0,3829.75,32022.0,39500.0,6388.0,1688796.314
3529401,Mauá - SP,2024,12492.0,3892.67,88781.0,103843.0,13084.0,4304998.139
3529500,Mendonça - SP,2024,894.0,3629.71,2659.0,3586.0,1038.0,139682.222
3529609,Meridiano - SP,2024,1041.0,4645.12,2164.0,3108.0,1141.0,130148.691
3529658,Mesópolis - SP,2024,537.0,3519.54,240.0,727.0,605.0,10938.425
3529708,Miguelópolis - SP,2024,1961.0,2828.08,3092.0,4969.0,2498.0,107389.238
3529807,Mineiros do Tietê - SP,2024,961.0,2701.81,1743.0,2698.0,1119.0,59659.364
3529906,Miracatu - SP,2024,1787.0,3304.33,4409.0,6194.0,1873.0,186952.382
3530003,Mira Estrela - SP,2024,1006.0,2728.81,427.0,1344.0,1175.0,14337.021
3530102,Mirandópolis - SP,2024,3717.0,3558.47,4463.0,8228.0,4216.0,214427.45
3530201,Mirante do Paranapanema - SP,2024,4073.0,3915.51,4938.0,8891.0,4456.0,253136.063
3530300,Mirassol - SP,2024,5248.0,3245.65,17627.0,23706.0,5511.0,747421.678
3530409,Mirassolândia - SP,2024,956.0,2879.64,873.0,1741.0,1061.0,32418.191
3530508,Mococa - SP,2024,5047.0,3322.77,17084.0,23343.0,5522.0,756923.567
3530607,Mogi das Cruzes - SP,2024,27522.0,3342.47,125894.0,160853.0,28660.0,5455398.703
3530706,Mogi Guaçu - SP,2024,8920.0,3601.63,43535.0,54190.0,9591.0,2100517.186
3530805,Mogi Mirim - SP,2024,8111.0,3944.36,36106.0,46109.0,9028.0,1855127.862
3530904,Mombuca - SP,2024,652.0,2906.94,843.0,1428.0,1146.0,32303.846
3531001,Monções - SP,2024,545.0,3144.64,432.0,933.0,598.0,17950.157
3531100,Mongaguá - SP,2024,2565.0,21569.14,8995.0,11776.0,2648.0,2443686.73
3531209,Monte Alegre do Sul - SP,2024,1200.0,2758.4,1355.0,2786.0,1247.0,50253.371
3531308,Monte Alto - SP,2024,4982.0,3479.5,14547.0,20604.0,5537.0,660989.16
3531407,Monte Aprazível - SP,2024,4208.0,3657.88,5437.0,9570.0,5105.0,241786.436
3531506,Monte Azul Paulista - SP,2024,2122.0,3199.31,4270.0,6622.0,2454.0,177904.657
3531605,Monte Castelo - SP,2024,884.0,2141.54,673.0,1469.0,1187.0,24616.094
3531704,Monteiro Lobato - SP,2024,658.0,2742.38,621.0,1310.0,676.0,22082.219
3531803,Monte Mor - SP,2024,3264.0,4083.87,16898.0,20681.0,3468.0,915227.711
3531902,Morro Agudo - SP,2024,2386.0,3621.7,8184.0,10697.0,3062.0,387485.945
3532009,Morungaba - SP,2024,1146.0,2864.68,3950.0,5308.0,1202.0,148337.354
3532058,Motuca - SP,2024,578.0,3150.55,701.0,1247.0,665.0,30569.626
3532108,Murutinga do Sul - SP,2024,1060.0,3114.65,377.0,1336.0,1197.0,15413.502
3532157,Nantes - SP,2024,392.0,3325.44,344.0,665.0,497.0,15190.39
3532207,Narandiba - SP,2024,604.0,3212.08,3632.0,4154.0,687.0,154245.489
3532306,Natividade da Serra - SP,2024,1327.0,2779.0,690.0,2021.0,1402.0,25967.391
3532405,Nazaré Paulista - SP,2024,1228.0,3185.87,3506.0,4888.0,1242.0,152512.86
3532504,Neves Paulista - SP,2024,1583.0,2864.03,1706.0,3252.0,1763.0,62844.499
3532603,Nhandeara - SP,2024,2800.0,3191.29,1767.0,4404.0,3320.0,72663.28
3532702,Nipoã - SP,2024,722.0,2950.57,479.0,1079.0,854.0,19141.093
3532801,Nova Aliança - SP,2024,1147.0,2701.64,1819.0,2942.0,1315.0,65833.144
3532827,Nova Campina - SP,2024,785.0,4330.1,1981.0,2735.0,810.0,113123.668
3532843,Nova Canaã Paulista - SP,2024,842.0,3242.75,210.0,967.0,1029.0,9852.214
3532868,Nova Castilho - SP,2024,491.0,4137.73,284.0,685.0,618.0,18070.915
3532900,Nova Europa - SP,2024,624.0,3269.98,3611.0,4233.0,739.0,160376.948
3533007,Nova Granada - SP,2024,2358.0,3038.38,3219.0,5538.0,2630.0,128717.179
3533106,Nova Guataporanga - SP,2024,332.0,2501.9,246.0,527.0,392.0,8688.644
3533205,Nova Independência - SP,2024,489.0,4787.23,2258.0,2683.0,623.0,137902.471
3533254,Novais - SP,2024,549.0,3093.53,587.0,1052.0,789.0,33831.563
3533304,Nova Luzitânia - SP,2024,394.0,3216.83,275.0,629.0,432.0,11968.527
3533403,Nova Odessa - SP,2024,3724.0,3656.99,24436.0,29040.0,3852.0,1154398.796
3533502,Novo Horizonte - SP,2024,4812.0,3400.45,10086.0,15591.0,6082.0,478192.945
3533601,Nuporanga - SP,2024,1195.0,2877.93,3719.0,4852.0,1583.0,148101.635
3533700,Ocauçu - SP,2024,749.0,2761.97,525.0,1250.0,902.0,19939.071
3533809,Óleo - SP,2024,743.0,3273.17,220.0,875.0,931.0,9670.601
3533908,Olímpia - SP,2024,5860.0,3690.49,19000.0,25759.0,6996.0,913521.355
3534005,Onda Verde - SP,2024,607.0,3904.82,2674.0,3211.0,690.0,128552.308
3534104,Oriente - SP,2024,696.0,3469.59,1002.0,1643.0,787.0,45755.074
3534203,Orindiúva - SP,2024,655.0,4906.66,2940.0,3594.0,893.0,215535.012
3534302,Orlândia - SP,2024,2887.0,4170.32,14029.0,17714.0,3101.0,752483.115
3534401,Osasco - SP,2024,41851.0,5569.0,223756.0,269480.0,43522.0,15821348.751
3534500,Oscar Bressane - SP,2024,722.0,2850.52,431.0,1103.0,843.0,16366.12
3534609,Osvaldo Cruz - SP,2024,3173.0,2757.55,8516.0,12128.0,3479.0,314437.041
3534708,Ourinhos - SP,2024,6429.0,3341.16,30467.0,38465.0,6849.0,1336503.472
3534757,Ouroeste - SP,2024,1300.0,3999.21,2650.0,3924.0,1450.0,154906.692
3534807,Ouro Verde - SP,2024,740.0,2825.35,824.0,1510.0,888.0,31553.566
3534906,Pacaembu - SP,2024,1763.0,4248.19,2012.0,3848.0,2169.0,111578.891
3535002,Palestina - SP,2024,2324.0,3740.5,2980.0,5168.0,2784.0,156940.066
3535101,Palmares Paulista - SP,2024,463.0,2329.7,902.0,1375.0,499.0,30773.395
3535200,Palmeira d'Oeste - SP,2024,2357.0,2709.59,1037.0,3377.0,2888.0,37211.627
3535309,Palmital - SP,2024,3315.0,3491.71,4309.0,7936.0,4347.0,203069.672
3535408,Panorama - SP,2024,1708.0,2396.3,2862.0,4644.0,1806.0,89843.243
3535507,Paraguaçu Paulista - SP,2024,4338.0,3395.98,10225.0,14830.0,4929.0,456749.942
3535606,Paraibuna - SP,2024,1775.0,2988.65,2659.0,4538.0,1902.0,102733.182
3535705,Paraíso - SP,2024,1023.0,4329.5,2064.0,3019.0,1212.0,127618.328
3535804,Paranapanema - SP,2024,2176.0,3151.03,4359.0,6667.0,2499.0,186106.259
3535903,Paranapuã - SP,2024,769.0,3357.08,323.0,1060.0,931.0,13933.152
3536000,Parapuã - SP,2024,2058.0,3299.56,2896.0,4803.0,2393.0,131054.845
3536109,Pardinho - SP,2024,803.0,2994.66,2260.0,3080.0,864.0,93509.055
3536208,Pariquera-Açu - SP,2024,1259.0,3159.92,4395.0,5704.0,1285.0,180379.092
3536257,Parisi - SP,2024,588.0,2742.09,359.0,892.0,652.0,12800.202
3536307,Patrocínio Paulista - SP,2024,1830.0,4068.52,4925.0,6801.0,2276.0,259717.98
3536406,Paulicéia - SP,2024,1012.0,2780.7,2288.0,3259.0,1101.0,83855.544
3536505,Paulínia - SP,2024,7966.0,6046.95,55276.0,65056.0,8259.0,4418095.832
3536570,Paulistânia - SP,2024,327.0,3036.52,284.0,557.0,356.0,11045.038
3536604,Paulo de Faria - SP,2024,1071.0,3722.74,1027.0,1960.0,1258.0,51010.009
3536703,Pederneiras - SP,2024,3488.0,3429.06,12297.0,16261.0,3996.0,550383.705
3536802,Pedra Bela - SP,2024,1836.0,2243.16,961.0,2823.0,1878.0,28886.412
3536901,Pedranópolis - SP,2024,1183.0,3357.48,396.0,1422.0,1412.0,14963.601
3537008,Pedregulho - SP,2024,2087.0,2961.42,2271.0,4475.0,2429.0,88294.0
3537107,Pedreira - SP,2024,2813.0,2995.93,14323.0,17883.0,2913.0,565723.503
3537156,Pedrinhas Paulista - SP,2024,670.0,3271.99,676.0,1317.0,1000.0,29423.379
3537206,Pedro de Toledo - SP,2024,437.0,2848.43,943.0,1362.0,451.0,37356.941
3537305,Penápolis - SP,2024,6082.0,3035.16,16804.0,23799.0,7468.0,686116.851
3537404,Pereira Barreto - SP,2024,2627.0,3509.75,5382.0,8019.0,2961.0,256858.78
3537503,Pereiras - SP,2024,1492.0,2776.22,2363.0,3892.0,1604.0,90012.152
3537602,Peruíbe - SP,2024,3681.0,3157.51,10702.0,15138.0,3803.0,437182.92
3537701,Piacatu - SP,2024,1019.0,2439.21,813.0,1817.0,1283.0,26136.136
3537800,Piedade - SP,2024,7431.0,2975.68,7530.0,15438.0,7716.0,288877.782
3537909,Pilar do Sul - SP,2024,3306.0,2932.76,5761.0,9223.0,3545.0,218805.343
3538006,Pindamonhangaba - SP,2024,8072.0,4201.11,38392.0,47927.0,8439.0,2125671.578
3538105,Pindorama - SP,2024,1309.0,3745.38,3062.0,4433.0,1567.0,149549.146
3538204,Pinhalzinho - SP,2024,1987.0,2594.31,2234.0,4384.0,2043.0,78266.531
3538303,Piquerobi - SP,2024,891.0,2765.21,440.0,1226.0,1010.0,15727.841
3538501,Piquete - SP,2024,521.0,3396.91,1427.0,1916.0,537.0,64616.475
3538600,Piracaia - SP,2024,2420.0,2973.1,5609.0,8507.0,2479.0,209001.308
3538709,Piracicaba - SP,2024,29194.0,4361.94,153772.0,192232.0,33457.0,8583672.855
3538808,Piraju - SP,2024,2793.0,3089.77,7010.0,10051.0,3087.0,286438.256
3538907,Pirajuí - SP,2024,2112.0,3529.72,4349.0,6378.0,2400.0,191806.91
3539004,Pirangi - SP,2024,1805.0,3275.19,2523.0,4360.0,2351.0,109034.198
3539103,Pirapora do Bom Jesus - SP,2024,804.0,2798.11,3273.0,4218.0,832.0,123139.036
3539202,Pirapozinho - SP,2024,1966.0,3003.25,5944.0,8028.0,2074.0,232026.751
3539301,Pirassununga - SP,2024,5102.0,3699.52,23701.0,29788.0,5951.0,1145318.098
3539400,Piratininga - SP,2024,1738.0,2667.46,2472.0,4374.0,1835.0,93166.145
3539509,Pitangueiras - SP,2024,2290.0,3917.91,8812.0,11219.0,2869.0,486623.025
3539608,Planalto - SP,2024,961.0,3760.1,2781.0,3677.0,1094.0,149337.788
3539707,Platina - SP,2024,807.0,3934.15,571.0,1270.0,1079.0,27346.133
3539806,Poá - SP,2024,5709.0,2879.21,25701.0,32948.0,5818.0,1050886.691
3539905,Poloni - SP,2024,1323.0,2060.93,1060.0,2297.0,1594.0,30120.71
3540002,Pompéia - SP,2024,2063.0,5435.98,8942.0,11173.0,2464.0,635610.961
3540101,Pongaí - SP,2024,720.0,3123.84,454.0,1107.0,849.0,18391.814
3540200,Pontal - SP,2024,1906.0,4008.89,12244.0,14433.0,2231.0,703377.182
3540259,Pontalinda - SP,2024,812.0,3328.49,350.0,1076.0,927.0,17538.35
3540309,Pontes Gestal - SP,2024,467.0,4259.12,1050.0,1438.0,534.0,60689.464
3540408,Populina - SP,2024,866.0,3179.84,413.0,1213.0,986.0,17760.853
3540507,Porangaba - SP,2024,1573.0,2563.69,1339.0,2910.0,1667.0,45627.265
3540606,Porto Feliz - SP,2024,5119.0,4009.49,17557.0,23180.0,5673.0,927373.532
3540705,Porto Ferreira - SP,2024,3701.0,3170.52,17135.0,21739.0,4005.0,714138.498
3540754,Potim - SP,2024,422.0,3505.03,1892.0,2305.0,435.0,93404.113
3540804,Potirendaba - SP,2024,2413.0,3752.87,5597.0,8135.0,2970.0,270859.272
3540853,Pracinha - SP,2024,267.0,3924.74,490.0,695.0,298.0,24628.152
3540903,Pradópolis - SP,2024,1596.0,3103.24,8744.0,10513.0,1656.0,350612.251
3541000,Praia Grande - SP,2024,16345.0,3826.66,64683.0,82785.0,17365.0,3158963.07
3541059,Pratânia - SP,2024,540.0,3714.2,952.0,1453.0,611.0,48348.314
3541109,Presidente Alves - SP,2024,591.0,2585.02,356.0,899.0,652.0,12274.664
3541208,Presidente Bernardes - SP,2024,2867.0,3587.82,2341.0,5148.0,3275.0,113594.983
3541307,Presidente Epitácio - SP,2024,4756.0,3019.62,6301.0,11068.0,5031.0,247316.908
3541406,Presidente Prudente - SP,2024,19670.0,3301.0,73786.0,100320.0,20545.0,3207929.781
3541505,Presidente Venceslau - SP,2024,3155.0,2875.44,7076.0,10468.0,3403.0,284770.306
3541604,Promissão - SP,2024,4282.0,3159.04,10286.0,14793.0,5069.0,402456.569
3541653,Quadra - SP,2024,750.0,3321.4,503.0,1228.0,831.0,21938.826
3541703,Quatá - SP,2024,1391.0,3634.74,4094.0,5441.0,1643.0,196737.053
3541802,Queiroz - SP,2024,317.0,3347.1,2326.0,2557.0,400.0,112375.819
3541901,Queluz - SP,2024,572.0,2861.79,1906.0,2464.0,599.0,73145.364
3542008,Quintana - SP,2024,757.0,3139.95,1224.0,1847.0,873.0,55111.791
3542107,Rafard - SP,2024,728.0,3722.8,2960.0,3768.0,883.0,145079.52
3542206,Rancharia - SP,2024,3699.0,2710.56,6026.0,9794.0,4341.0,216821.804
3542305,Redenção da Serra - SP,2024,778.0,2696.33,570.0,1310.0,824.0,19968.221
3542404,Regente Feijó - SP,2024,2090.0,3145.0,5315.0,7531.0,2225.0,216980.92
3542503,Reginópolis - SP,2024,787.0,3687.66,1624.0,2347.0,896.0,76779.09
3542602,Registro - SP,2024,4019.0,7935.34,16934.0,21564.0,4212.0,1722048.033
3542701,Restinga - SP,2024,828.0,3477.22,1308.0,2098.0,928.0,60711.106
3542800,Ribeira - SP,2024,488.0,2806.02,501.0,947.0,500.0,17280.119
3542909,Ribeirão Bonito - SP,2024,1357.0,3044.31,1884.0,3267.0,1624.0,79607.532
3543006,Ribeirão Branco - SP,2024,3106.0,2469.59,2016.0,5071.0,3323.0,65274.654
3543105,Ribeirão Corrente - SP,2024,748.0,3081.0,494.0,1203.0,929.0,20920.057
3543204,Ribeirão do Sul - SP,2024,978.0,2912.72,606.0,1547.0,1283.0,23778.272
3543238,Ribeirão dos Índios - SP,2024,510.0,2527.18,346.0,809.0,580.0,11767.389
3543253,Ribeirão Grande - SP,2024,882.0,2672.21,632.0,1507.0,897.0,21045.779
3543303,Ribeirão Pires - SP,2024,4895.0,3390.13,24038.0,30438.0,5013.0,1080919.616
3543402,Ribeirão Preto - SP,2024,68393.0,3727.31,266543.0,359975.0,71599.0,12928276.599
3543501,Riversul - SP,2024,976.0,2715.76,535.0,1476.0,1055.0,20530.11
3543600,Rifaina - SP,2024,583.0,2816.69,1116.0,1702.0,638.0,41240.626
3543709,Rincão - SP,2024,631.0,2818.47,1508.0,2126.0,761.0,57005.731
3543808,Rinópolis - SP,2024,1661.0,3648.36,2104.0,3682.0,2052.0,79901.696
3543907,Rio Claro - SP,2024,13317.0,3898.62,72200.0,89260.0,14323.0,3628044.528
3544004,Rio das Pedras - SP,2024,2011.0,4166.76,8341.0,10695.0,2470.0,484579.168
3544103,Rio Grande da Serra - SP,2024,787.0,3411.24,3779.0,4672.0,799.0,165196.619
3544202,Riolândia - SP,2024,1319.0,3814.9,1508.0,2677.0,1641.0,72981.095
3544251,Rosana - SP,2024,2465.0,3806.76,2366.0,4807.0,2554.0,118908.082
3544301,Roseira - SP,2024,636.0,3155.13,2599.0,3257.0,655.0,109513.807
3544400,Rubiácea - SP,2024,504.0,3159.26,380.0,825.0,702.0,15164.018
3544509,Rubinéia - SP,2024,649.0,2836.22,642.0,1253.0,681.0,22901.258
3544608,Sabino - SP,2024,667.0,2984.13,587.0,1203.0,891.0,22632.606
3544707,Sagres - SP,2024,520.0,2942.09,350.0,773.0,608.0,13531.86
3544806,Sales - SP,2024,846.0,2668.08,932.0,1752.0,960.0,33404.082
3544905,Sales Oliveira - SP,2024,1155.0,3092.73,2474.0,3627.0,1338.0,101484.357
3545001,Salesópolis - SP,2024,1320.0,2706.08,1658.0,3042.0,1421.0,62990.614
3545100,Salmourão - SP,2024,497.0,3225.29,425.0,861.0,637.0,17376.966
3545159,Saltinho - SP,2024,1071.0,3885.64,2088.0,3341.0,1305.0,108564.258
3545209,Salto - SP,2024,6865.0,3773.63,34259.0,42939.0,7105.0,1696817.014
3545308,Salto de Pirapora - SP,2024,1987.0,3766.32,7793.0,9953.0,2077.0,365620.682
3545407,Salto Grande - SP,2024,877.0,3108.81,1622.0,2455.0,1064.0,64768.318
3545506,Sandovalina - SP,2024,806.0,1659.68,1801.0,2509.0,905.0,39574.419
3545605,Santa Adélia - SP,2024,1449.0,3755.55,4731.0,6216.0,1685.0,242555.369
3545704,Santa Albertina - SP,2024,1133.0,4024.28,2214.0,3307.0,1398.0,118145.359
3545803,Santa Bárbara d'Oeste - SP,2024,9114.0,3407.29,51289.0,62845.0,9626.0,2373843.341
3546009,Santa Branca - SP,2024,953.0,2639.4,2232.0,3238.0,979.0,78556.078
3546108,Santa Clara d'Oeste - SP,2024,572.0,3083.25,710.0,1235.0,627.0,27780.174
3546207,Santa Cruz da Conceição - SP,2024,725.0,2895.31,991.0,1687.0,972.0,36932.946
3546256,Santa Cruz da Esperança - SP,2024,332.0,2465.46,481.0,766.0,406.0,16263.302
3546306,Santa Cruz das Palmeiras - SP,2024,1614.0,3092.23,4479.0,6398.0,1818.0,183888.736
3546405,Santa Cruz do Rio Pardo - SP,2024,5409.0,3585.13,14946.0,21223.0,6432.0,694555.859
3546504,Santa Ernestina - SP,2024,405.0,2608.53,582.0,938.0,507.0,22322.495
3546603,Santa Fé do Sul - SP,2024,3357.0,3145.27,10129.0,13942.0,3493.0,401989.401
3546702,Santa Gertrudes - SP,2024,1074.0,4595.76,10373.0,11613.0,1126.0,632357.762
3546801,Santa Isabel - SP,2024,2704.0,3352.83,11206.0,14361.0,2778.0,498174.5
3546900,Santa Lúcia - SP,2024,318.0,3005.86,735.0,1031.0,352.0,28229.81
3547007,Santa Maria da Serra - SP,2024,631.0,2734.41,1153.0,1782.0,730.0,40664.013
3547106,Santa Mercedes - SP,2024,442.0,3089.39,584.0,960.0,526.0,29452.053
3547205,Santana da Ponte Pensa - SP,2024,641.0,3238.17,197.0,762.0,784.0,8665.511
3547304,Santana de Parnaíba - SP,2024,16392.0,4200.1,65863.0,89466.0,16636.0,3523073.361
3547403,Santa Rita d'Oeste - SP,2024,795.0,3160.54,310.0,1017.0,1038.0,12608.363
3547502,Santa Rita do Passa Quatro - SP,2024,2627.0,2173.13,12083.0,15222.0,3023.0,333511.526
3547601,Santa Rosa de Viterbo - SP,2024,2099.0,3374.9,4880.0,7143.0,2389.0,212652.951
3547650,Santa Salete - SP,2024,620.0,3124.22,228.0,793.0,705.0,9050.608
3547700,Santo Anastácio - SP,2024,2391.0,3337.35,4471.0,7002.0,2718.0,194356.37
3547809,Santo André - SP,2024,52093.0,3402.91,233290.0,300596.0,53987.0,10231472.129
3547908,Santo Antônio da Alegria - SP,2024,1693.0,2493.68,1053.0,2691.0,1933.0,33239.629
3548005,Santo Antônio de Posse - SP,2024,1839.0,4782.86,8305.0,10465.0,1933.0,495528.746
3548054,Santo Antônio do Aracanguá - SP,2024,1832.0,3020.81,1461.0,3058.0,2335.0,58858.319
3548104,Santo Antônio do Jardim - SP,2024,1323.0,2757.43,941.0,2368.0,1479.0,33234.41
3548203,Santo Antônio do Pinhal - SP,2024,915.0,2659.85,1151.0,2156.0,928.0,40494.355
3548302,Santo Expedito - SP,2024,395.0,2681.67,374.0,714.0,429.0,12264.337
3548401,Santópolis do Aguapeí - SP,2024,505.0,2596.43,530.0,956.0,669.0,19341.173
3548500,Santos - SP,2024,40252.0,4333.17,199332.0,248178.0,42010.0,11103423.367
3548609,São Bento do Sapucaí - SP,2024,1340.0,2664.87,1671.0,3110.0,1369.0,58800.371
3548708,São Bernardo do Campo - SP,2024,53222.0,4603.37,294097.0,363405.0,55196.0,17603464.444
3548807,São Caetano do Sul - SP,2024,21987.0,4034.96,114373.0,143729.0,22537.0,5966868.118
3548906,São Carlos - SP,2024,20719.0,4529.49,89004.0,116873.0,21790.0,5258390.546
3549003,São Francisco - SP,2024,646.0,3640.19,197.0,799.0,772.0,8803.861
3549102,São João da Boa Vista - SP,2024,7888.0,3435.65,28793.0,38566.0,8441.0,1307777.827
3549201,São João das Duas Pontes - SP,2024,480.0,3187.43,285.0,688.0,581.0,12236.226
3549250,São João de Iracema - SP,2024,416.0,3179.96,236.0,594.0,489.0,9799.124
3549300,São João do Pau d'Alho - SP,2024,479.0,3246.54,296.0,735.0,568.0,12525.592
3549409,São Joaquim da Barra - SP,2024,3266.0,3774.97,16571.0,20442.0,3464.0,762195.847
3549508,São José da Bela Vista - SP,2024,810.0,2723.01,745.0,1450.0,977.0,25887.051
3549607,São José do Barreiro - SP,2024,484.0,3287.28,455.0,900.0,527.0,18899.839
3549706,São José do Rio Pardo - SP,2024,4922.0,3033.19,15125.0,21018.0,5301.0,579069.91
3549805,São José do Rio Preto - SP,2024,47268.0,3765.8,161882.0,225862.0,49390.0,7924675.629
3549904,São José dos Campos - SP,2024,45981.0,4537.74,213331.0,275036.0,48163.0,12632082.802
3549953,São Lourenço da Serra - SP,2024,897.0,2126.41,5348.0,6423.0,906.0,140634.271
3550001,São Luiz do Paraitinga - SP,2024,2299.0,2871.84,1521.0,3880.0,2472.0,57619.023
3550100,São Manuel - SP,2024,2488.0,3337.63,8236.0,11029.0,2697.0,371303.713
3550209,São Miguel Arcanjo - SP,2024,5544.0,2560.39,4593.0,10244.0,5891.0,148364.646
3550308,São Paulo - SP,2024,1221001.0,5699.96,5181603.0,6822182.0,1282682.0,382299578.504
3550407,São Pedro - SP,2024,3115.0,2887.47,7544.0,11178.0,3518.0,282887.762
3550506,São Pedro do Turvo - SP,2024,1966.0,3118.93,1180.0,2942.0,2453.0,48548.699
3550605,São Roque - SP,2024,6403.0,3319.75,27372.0,35097.0,6665.0,1207159.638
3550704,São Sebastião - SP,2024,5406.0,6603.02,25785.0,32330.0,5615.0,2200101.806
3550803,São Sebastião da Grama - SP,2024,1510.0,2671.11,2147.0,3734.0,1647.0,75868.231
3550902,São Simão - SP,2024,1581.0,3163.96,3539.0,5209.0,1808.0,143103.242
3551009,São Vicente - SP,2024,9591.0,3842.34,43882.0,54546.0,9969.0,2186750.048
3551108,Sarapuí - SP,2024,1547.0,2491.39,1549.0,3128.0,1605.0,52314.079
3551207,Sarutaiá - SP,2024,384.0,2513.56,588.0,917.0,410.0,19854.766
3551306,Sebastianópolis do Sul - SP,2024,837.0,4540.63,2394.0,3175.0,1000.0,148393.376
3551405,Serra Azul - SP,2024,570.0,3902.47,1353.0,1851.0,727.0,72030.937
3551504,Serrana - SP,2024,2026.0,3937.38,8944.0,11267.0,2117.0,458442.219
3551603,Serra Negra - SP,2024,3014.0,2530.34,6307.0,9747.0,3178.0,208513.132
3551702,Sertãozinho - SP,2024,9173.0,3976.93,54975.0,66927.0,9994.0,2808364.919
3551801,Sete Barras - SP,2024,1853.0,2887.51,1199.0,3056.0,2003.0,45468.191
3551900,Severínia - SP,2024,864.0,2680.47,2209.0,3028.0,1033.0,77078.69
3552007,Silveiras - SP,2024,665.0,2607.34,861.0,1480.0,715.0,28235.867
3552106,Socorro - SP,2024,6585.0,2708.56,8496.0,15767.0,6931.0,296235.141
3552205,Sorocaba - SP,2024,49885.0,4187.46,236866.0,301480.0,52526.0,12781926.189
3552304,Sud Mennucci - SP,2024,1117.0,3071.74,1216.0,2234.0,1337.0,47078.587
3552403,Sumaré - SP,2024,12157.0,4482.44,70323.0,85185.0,12746.0,4134932.213
3552502,Suzano - SP,2024,13553.0,3880.59,67093.0,83220.0,13990.0,3416059.743
3552551,Suzanápolis - SP,2024,775.0,3527.19,2351.0,3061.0,899.0,106278.831
3552601,Tabapuã - SP,2024,1703.0,2846.38,1790.0,3449.0,2506.0,67613.233
3552700,Tabatinga - SP,2024,2078.0,2586.16,2578.0,4593.0,2938.0,87261.228
3552809,Taboão da Serra - SP,2024,12235.0,3412.24,71871.0,86965.0,12599.0,3286512.193
3552908,Taciba - SP,2024,1073.0,3215.82,851.0,1876.0,1292.0,36843.275
3553005,Taguaí - SP,2024,1070.0,1897.32,4409.0,5458.0,1168.0,107198.42
3553104,Taiaçu - SP,2024,795.0,3187.85,569.0,1321.0,1030.0,23893.85
3553203,Taiúva - SP,2024,856.0,3460.59,867.0,1665.0,1172.0,40954.513
3553302,Tambaú - SP,2024,2037.0,3120.84,5716.0,8006.0,2527.0,234504.881
3553401,Tanabi - SP,2024,4473.0,3452.35,5860.0,10207.0,5357.0,262753.976
3553500,Tapiraí - SP,2024,718.0,3009.07,1016.0,1746.0,741.0,40708.025
3553609,Tapiratiba - SP,2024,852.0,2857.7,2026.0,2906.0,911.0,78648.296
3553658,Taquaral - SP,2024,256.0,2869.84,575.0,762.0,351.0,21974.757
3553708,Taquaritinga - SP,2024,4526.0,3068.99,13365.0,18462.0,5741.0,544186.331
3553807,Taquarituba - SP,2024,2376.0,3171.13,5040.0,7610.0,2716.0,213733.228
3553856,Taquarivaí - SP,2024,723.0,3003.64,1315.0,1985.0,777.0,51767.291
3553906,Tarabai - SP,2024,740.0,2590.55,1029.0,1709.0,791.0,36454.496
3553955,Tarumã - SP,2024,1150.0,3532.5,5652.0,6791.0,1381.0,263037.388
3554003,Tatuí - SP,2024,7089.0,3560.86,32892.0,41636.0,7486.0,1510605.512
3554102,Taubaté - SP,2024,16751.0,3872.23,91705.0,112778.0,17480.0,4578054.67
3554201,Tejupá - SP,2024,686.0,2634.33,582.0,1205.0,780.0,21160.416
3554300,Teodoro Sampaio - SP,2024,2752.0,2783.25,3784.0,6734.0,2973.0,142628.596
3554409,Terra Roxa - SP,2024,868.0,2696.87,1060.0,1878.0,1124.0,41109.455
3554508,Tietê - SP,2024,4044.0,3252.66,15912.0,20845.0,4619.0,672442.1
3554607,Timburi - SP,2024,454.0,3337.77,323.0,730.0,509.0,14060.868
3554656,Torre de Pedra - SP,2024,341.0,3213.49,224.0,539.0,346.0,9315.895
3554706,Torrinha - SP,2024,1612.0,3012.93,2138.0,3796.0,1953.0,83782.515
3554755,Trabiju - SP,2024,207.0,4062.43,494.0,664.0,219.0,19547.169
3554805,Tremembé - SP,2024,1954.0,3648.78,8431.0,10774.0,2007.0,394340.411
3554904,Três Fronteiras - SP,2024,958.0,1558.67,1380.0,2269.0,1073.0,27551.409
3554953,Tuiuti - SP,2024,943.0,2885.29,600.0,1550.0,978.0,22772.32
3555000,Tupã - SP,2024,6316.0,3179.29,17621.0,24877.0,7025.0,744040.327
3555109,Tupi Paulista - SP,2024,2228.0,3166.41,3100.0,5348.0,2630.0,126579.061
3555208,Turiúba - SP,2024,768.0,3069.74,269.0,886.0,951.0,10386.905
3555307,Turmalina - SP,2024,784.0,3377.46,241.0,940.0,955.0,11138.322
3555356,Ubarana - SP,2024,450.0,3939.87,1479.0,1872.0,491.0,83004.957
3555406,Ubatuba - SP,2024,6321.0,2892.21,22359.0,29357.0,6566.0,809823.436
3555505,Ubirajara - SP,2024,799.0,2971.58,574.0,1327.0,941.0,22542.451
3555604,Uchoa - SP,2024,1461.0,3060.97,1356.0,2814.0,1852.0,55811.164
3555703,União Paulista - SP,2024,448.0,2704.11,308.0,665.0,520.0,11209.361
3555802,Urânia - SP,2024,1577.0,2879.61,1387.0,2913.0,1810.0,52021.423
3555901,Uru - SP,2024,358.0,2941.96,288.0,584.0,393.0,10986.031
3556008,Urupês - SP,2024,2402.0,3090.97,3006.0,5458.0,3012.0,120426.436
3556107,Valentim Gentil - SP,2024,1677.0,2593.73,4111.0,5807.0,1776.0,134236.858
3556206,Valinhos - SP,2024,11575.0,4601.63,47974.0,63759.0,11901.0,2901786.097
3556305,Valparaíso - SP,2024,1836.0,3204.97,6816.0,8609.0,2052.0,297558.53
3556354,Vargem - SP,2024,899.0,2637.47,1158.0,2078.0,926.0,42068.835
3556404,Vargem Grande do Sul - SP,2024,2709.0,3015.22,8089.0,11202.0,2912.0,325112.989
3556453,Vargem Grande Paulista - SP,2024,3767.0,3602.89,15784.0,20466.0,3835.0,755248.644
3556503,Várzea Paulista - SP,2024,3627.0,3837.8,20772.0,25343.0,3714.0,1056776.378
3556602,Vera Cruz - SP,2024,978.0,3314.24,1182.0,2169.0,1100.0,49750.754
3556701,Vinhedo - SP,2024,7589.0,4583.6,43021.0,53538.0,7824.0,2600795.692
3556800,Viradouro - SP,2024,1796.0,2547.79,3209.0,5056.0,2187.0,106772.601
3556909,Vista Alegre do Alto - SP,2024,774.0,4192.7,3713.0,4539.0,928.0,225943.388
3556958,Vitória Brasil - SP,2024,348.0,3763.58,200.0,502.0,397.0,10091.105
3557006,Votorantim - SP,2024,5430.0,3667.96,26118.0,32730.0,5614.0,1215519.657
3557105,Votuporanga - SP,2024,7917.0,3192.87,30406.0,39749.0,8361.0,1262008.537
3557154,Zacarias - SP,2024,767.0,3054.1,526.0,1191.0,964.0,21150.756
3557204,Chavantes - SP,2024,608.0,3382.25,2351.0,2964.0,713.0,106712.848
3557303,Estiva Gerbi - SP,2024,708.0,3374.98,2391.0,3123.0,763.0,103492.651
4100103,Abatiá - PR,2024,251.0,3116.48,665.0,910.0,256.0,25284.114
4100202,Adrianópolis - PR,2024,231.0,3676.54,1239.0,1447.0,239.0,62225.814
4100301,Agudos do Sul - PR,2024,426.0,2736.81,1174.0,1626.0,436.0,41621.827
4100400,Almirante Tamandaré - PR,2024,4073.0,2788.76,15502.0,20429.0,4197.0,570575.325
4100459,Altamira do Paraná - PR,2024,136.0,3033.26,439.0,560.0,136.0,18126.276
4100509,Altônia - PR,2024,786.0,2472.48,3094.0,3989.0,798.0,101888.876
4100608,Alto Paraná - PR,2024,774.0,2665.63,1999.0,2942.0,785.0,72941.854
4100707,Alto Piquiri - PR,2024,336.0,3271.66,999.0,1369.0,347.0,43738.206
4100806,Alvorada do Sul - PR,2024,509.0,2945.92,1579.0,2151.0,520.0,60571.209
4100905,Amaporã - PR,2024,158.0,3111.06,514.0,661.0,159.0,21469.198
4101002,Ampére - PR,2024,1121.0,2852.93,5997.0,7372.0,1137.0,227882.16
4101051,Anahy - PR,2024,121.0,2599.88,575.0,696.0,121.0,19101.493
4101101,Andirá - PR,2024,1001.0,2958.93,4166.0,5263.0,1040.0,161054.848
4101150,Ângulo - PR,2024,233.0,3157.95,529.0,789.0,239.0,21816.563
4101200,Antonina - PR,2024,691.0,3069.41,3065.0,3757.0,744.0,126224.147
4101309,Antônio Olinto - PR,2024,181.0,3082.26,712.0,890.0,190.0,26629.751
4101408,Apucarana - PR,2024,9378.0,2823.5,37248.0,49435.0,9714.0,1398037.806
4101507,Arapongas - PR,2024,9163.0,3084.24,39499.0,51466.0,9447.0,1589482.516
4101606,Arapoti - PR,2024,1363.0,3368.74,6026.0,7642.0,1404.0,272047.981
4101655,Arapuã - PR,2024,112.0,3084.11,375.0,481.0,114.0,16098.332
4101705,Araruna - PR,2024,640.0,3081.64,2825.0,3585.0,669.0,118765.837
4101804,Araucária - PR,2024,7817.0,4286.46,55646.0,64964.0,8157.0,3032140.417
4101853,Ariranha do Ivaí - PR,2024,113.0,2835.76,275.0,375.0,113.0,10400.337
4101903,Assaí - PR,2024,684.0,2426.01,2532.0,3313.0,706.0,78352.278
4102000,Assis Chateaubriand - PR,2024,2120.0,2618.02,10125.0,12744.0,2200.0,367606.758
4102109,Astorga - PR,2024,1756.0,2975.73,5590.0,7750.0,1844.0,220552.492
4102208,Atalaia - PR,2024,225.0,3119.45,690.0,931.0,227.0,27681.391
4102307,Balsa Nova - PR,2024,780.0,3204.66,3562.0,4451.0,793.0,153859.082
4102406,Bandeirantes - PR,2024,2045.0,2563.49,7426.0,9901.0,2084.0,243484.605
4102505,Barbosa Ferraz - PR,2024,431.0,2693.17,1393.0,1845.0,450.0,49120.67
4102604,Barracão - PR,2024,929.0,2793.53,2264.0,3324.0,945.0,84668.004
4102703,Barra do Jacaré - PR,2024,126.0,3216.66,397.0,504.0,127.0,15629.789
4102752,Bela Vista da Caroba - PR,2024,141.0,3044.01,389.0,527.0,145.0,15393.534
4102802,Bela Vista do Paraíso - PR,2024,832.0,2447.93,2453.0,3387.0,851.0,82299.121
4102901,Bituruna - PR,2024,790.0,2869.14,3863.0,4930.0,826.0,152179.638
4103008,Boa Esperança - PR,2024,227.0,3418.95,584.0,830.0,230.0,26307.335
4103024,Boa Esperança do Iguaçu - PR,2024,152.0,3099.8,361.0,524.0,152.0,15155.069
4103040,Boa Ventura de São Roque - PR,2024,217.0,3473.8,1323.0,1544.0,220.0,57868.177
4103057,Boa Vista da Aparecida - PR,2024,414.0,2666.87,1123.0,1591.0,415.0,38831.747
4103107,Bocaiúva do Sul - PR,2024,565.0,2597.47,2661.0,3319.0,578.0,92853.468
4103156,Bom Jesus do Sul - PR,2024,158.0,2805.59,665.0,831.0,160.0,24774.092
4103206,Bom Sucesso - PR,2024,283.0,2755.86,728.0,1026.0,286.0,27206.447
4103222,Bom Sucesso do Sul - PR,2024,181.0,3353.22,802.0,1019.0,185.0,35979.868
4103305,Borrazópolis - PR,2024,429.0,2763.98,998.0,1487.0,438.0,35189.033
4103354,Braganey - PR,2024,280.0,2909.47,613.0,905.0,283.0,23816.805
4103370,Brasilândia do Sul - PR,2024,121.0,3236.38,520.0,633.0,124.0,21306.173
4103404,Cafeara - PR,2024,88.0,3924.02,250.0,331.0,88.0,12458.215
4103453,Cafelândia - PR,2024,1148.0,3227.64,11220.0,12782.0,1174.0,472448.779
4103479,Cafezal do Sul - PR,2024,144.0,2602.32,610.0,746.0,145.0,19802.859
4103503,Califórnia - PR,2024,463.0,2332.22,1749.0,2257.0,471.0,54067.229
4103602,Cambará - PR,2024,1307.0,2685.29,4236.0,5870.0,1349.0,155449.581
4103701,Cambé - PR,2024,6324.0,3420.92,27549.0,35471.0,6537.0,1233856.122
4103800,Cambira - PR,2024,601.0,3118.93,1788.0,2554.0,606.0,72524.33
4103909,Campina da Lagoa - PR,2024,724.0,2570.91,2097.0,2967.0,732.0,71098.295
4103958,Campina do Simão - PR,2024,134.0,2990.86,611.0,746.0,134.0,23962.834
4104006,Campina Grande do Sul - PR,2024,2980.0,3236.8,12526.0,16035.0,3054.0,521065.35
4104055,Campo Bonito - PR,2024,150.0,3360.4,515.0,648.0,151.0,23059.686
4104105,Campo do Tenente - PR,2024,377.0,2939.65,1027.0,1383.0,384.0,43046.586
4104204,Campo Largo - PR,2024,7673.0,3457.47,34540.0,44322.0,8001.0,1553329.413
4104253,Campo Magro - PR,2024,960.0,3173.44,4250.0,5440.0,977.0,183394.303
4104303,Campo Mourão - PR,2024,7196.0,3598.63,30556.0,39922.0,7480.0,1429897.867
4104402,Cândido de Abreu - PR,2024,411.0,3092.23,1495.0,1921.0,423.0,57890.239
4104428,Candói - PR,2024,737.0,2890.27,2991.0,3829.0,747.0,114237.422
4104451,Cantagalo - PR,2024,581.0,2661.27,1520.0,2147.0,600.0,51337.441
4104501,Capanema - PR,2024,1160.0,3029.67,5232.0,6690.0,1188.0,209275.876
4104600,Capitão Leônidas Marques - PR,2024,974.0,2990.98,3357.0,4404.0,989.0,126437.854
4104659,Carambeí - PR,2024,1517.0,3514.06,9414.0,11442.0,1559.0,433138.852
4104709,Carlópolis - PR,2024,841.0,2491.79,2269.0,3275.0,860.0,74188.881
4104808,Cascavel - PR,2024,32118.0,3467.35,124234.0,167171.0,33807.0,5576660.25
4104907,Castro - PR,2024,3727.0,3481.22,18477.0,23242.0,3956.0,820077.04
4105003,Catanduvas - PR,2024,402.0,2956.07,1421.0,1881.0,406.0,54157.944
4105102,Centenário do Sul - PR,2024,447.0,2945.54,1300.0,1736.0,452.0,49185.285
4105201,Cerro Azul - PR,2024,551.0,2918.91,1502.0,2096.0,566.0,57937.637
4105300,Céu Azul - PR,2024,705.0,3055.2,2700.0,3539.0,717.0,110099.167
4105409,Chopinzinho - PR,2024,1416.0,3127.49,5429.0,7318.0,1458.0,219132.759
4105508,Cianorte - PR,2024,5614.0,2863.04,25245.0,32346.0,5884.0,959438.675
4105607,Cidade Gaúcha - PR,2024,664.0,3112.77,3694.0,4488.0,678.0,148896.65
4105706,Clevelândia - PR,2024,961.0,2998.46,2929.0,4045.0,980.0,116766.613
4105805,Colombo - PR,2024,11979.0,3272.2,46274.0,60791.0,12469.0,1943307.635
4105904,Colorado - PR,2024,1541.0,3340.48,7569.0,9592.0,1561.0,317438.882
4106001,Congonhinhas - PR,2024,372.0,2936.09,924.0,1310.0,384.0,35600.825
4106100,Conselheiro Mairinck - PR,2024,147.0,2903.63,484.0,626.0,149.0,17367.481
4106209,Contenda - PR,2024,815.0,3208.78,2628.0,3571.0,833.0,111675.568
4106308,Corbélia - PR,2024,1120.0,3166.68,3311.0,4634.0,1146.0,139392.684
4106407,Cornélio Procópio - PR,2024,3235.0,2436.93,21244.0,25346.0,3359.0,690496.902
4106456,Coronel Domingos Soares - PR,2024,347.0,3169.9,977.0,1332.0,348.0,41517.323
4106506,Coronel Vivida - PR,2024,1462.0,3308.01,4802.0,6811.0,1507.0,205306.298
4106555,Corumbataí do Sul - PR,2024,131.0,2733.01,464.0,566.0,138.0,16082.268
4106571,Cruzeiro do Iguaçu - PR,2024,256.0,2924.94,763.0,1052.0,258.0,29231.087
4106605,Cruzeiro do Oeste - PR,2024,950.0,2716.16,4626.0,5715.0,977.0,162614.228
4106704,Cruzeiro do Sul - PR,2024,173.0,2970.04,478.0,683.0,173.0,18314.157
4106803,Cruz Machado - PR,2024,533.0,2908.78,1821.0,2399.0,570.0,69479.786
4106852,Cruzmaltina - PR,2024,107.0,3212.2,437.0,526.0,108.0,18319.937
4106902,Curitiba - PR,2024,230758.0,5070.73,950109.0,1262165.0,242153.0,62704900.211
4107009,Curiúva - PR,2024,576.0,2647.01,2011.0,2636.0,598.0,68941.883
4107108,Diamante do Norte - PR,2024,273.0,3001.53,602.0,873.0,275.0,25207.671
4107124,Diamante do Sul - PR,2024,106.0,2475.13,306.0,420.0,106.0,10642.132
4107157,Diamante D'Oeste - PR,2024,206.0,3377.47,447.0,637.0,210.0,19471.022
4107207,Dois Vizinhos - PR,2024,3758.0,3183.21,16536.0,21483.0,3871.0,680079.017
4107256,Douradina - PR,2024,468.0,3942.33,3406.0,3973.0,483.0,173042.094
4107306,Doutor Camargo - PR,2024,292.0,2731.0,794.0,1101.0,298.0,28530.936
4107405,Enéas Marques - PR,2024,322.0,3578.98,1153.0,1529.0,330.0,55576.195
4107504,Engenheiro Beltrão - PR,2024,786.0,2935.55,2187.0,3034.0,804.0,85318.418
4107520,Esperança Nova - PR,2024,77.0,2786.41,311.0,382.0,78.0,11368.321
4107538,Entre Rios do Oeste - PR,2024,325.0,3337.16,1388.0,1799.0,335.0,60077.751
4107546,Espigão Alto do Iguaçu - PR,2024,167.0,3065.39,626.0,780.0,169.0,24889.594
4107553,Farol - PR,2024,98.0,3724.36,407.0,494.0,101.0,19010.333
4107603,Faxinal - PR,2024,940.0,3013.53,2551.0,3661.0,971.0,99624.202
4107652,Fazenda Rio Grande - PR,2024,6087.0,3419.78,24063.0,31184.0,7458.0,1070685.333
4107702,Fênix - PR,2024,204.0,2276.11,607.0,807.0,211.0,31973.697
4107736,Fernandes Pinheiro - PR,2024,188.0,2988.42,935.0,1091.0,191.0,34980.835
4107751,Figueira - PR,2024,398.0,2858.22,1063.0,1464.0,407.0,42147.737
4107801,Floraí - PR,2024,232.0,2767.39,875.0,1159.0,241.0,32967.336
4107850,Flor da Serra do Sul - PR,2024,263.0,2741.95,716.0,987.0,268.0,27420.187
4107900,Floresta - PR,2024,537.0,2835.33,1244.0,1898.0,541.0,45802.883
4108007,Florestópolis - PR,2024,481.0,2981.81,3080.0,3558.0,491.0,120055.824
4108106,Flórida - PR,2024,162.0,2823.76,492.0,658.0,164.0,18180.799
4108205,Formosa do Oeste - PR,2024,464.0,3031.92,1084.0,1567.0,476.0,42449.479
4108304,Foz do Iguaçu - PR,2024,19905.0,3791.04,71199.0,97421.0,20856.0,3519284.345
4108320,Francisco Alves - PR,2024,266.0,2382.44,837.0,1129.0,267.0,26807.586
4108403,Francisco Beltrão - PR,2024,8850.0,3239.62,30329.0,42564.0,9107.0,1306554.24
4108452,Foz do Jordão - PR,2024,217.0,2455.84,768.0,958.0,220.0,26510.996
4108502,General Carneiro - PR,2024,836.0,2753.44,1870.0,2740.0,860.0,66742.825
4108551,Godoy Moreira - PR,2024,87.0,2872.1,302.0,373.0,88.0,11257.213
4108601,Goioerê - PR,2024,1779.0,2951.04,5397.0,7594.0,1819.0,211790.997
4108650,Goioxim - PR,2024,197.0,3192.46,643.0,819.0,197.0,26954.734
4108700,Grandes Rios - PR,2024,225.0,2624.77,698.0,924.0,230.0,24004.829
4108809,Guaíra - PR,2024,1656.0,2976.23,5661.0,7589.0,1696.0,219581.003
4108908,Guairaçá - PR,2024,257.0,3289.68,823.0,1108.0,259.0,35969.931
4108957,Guamiranga - PR,2024,321.0,2709.25,892.0,1251.0,322.0,32030.695
4109005,Guapirama - PR,2024,264.0,2846.33,690.0,961.0,269.0,25079.428
4109104,Guaporema - PR,2024,112.0,3456.97,364.0,469.0,112.0,15893.69
4109203,Guaraci - PR,2024,215.0,3495.96,770.0,971.0,218.0,34875.023
4109302,Guaraniaçu - PR,2024,932.0,2787.14,2217.0,3394.0,946.0,83525.462
4109401,Guarapuava - PR,2024,11848.0,3624.86,48898.0,64488.0,12449.0,2316919.058
4109500,Guaraqueçaba - PR,2024,209.0,2595.05,553.0,748.0,217.0,18744.86
4109609,Guaratuba - PR,2024,2864.0,2918.38,8091.0,11119.0,2985.0,292898.415
4109658,Honório Serpa - PR,2024,228.0,3550.55,715.0,963.0,235.0,33709.006
4109708,Ibaiti - PR,2024,2014.0,2426.38,7336.0,9630.0,2085.0,232507.823
4109757,Ibema - PR,2024,315.0,2854.66,1199.0,1531.0,315.0,44370.467
4109807,Ibiporã - PR,2024,2953.0,3365.35,16060.0,19656.0,3041.0,718428.353
4109906,Icaraíma - PR,2024,406.0,3016.94,1094.0,1552.0,410.0,43475.16
4110003,Iguaraçu - PR,2024,417.0,3021.04,1156.0,1665.0,420.0,46451.138
4110052,Iguatu - PR,2024,102.0,3256.98,321.0,412.0,104.0,14443.289
4110078,Imbaú - PR,2024,501.0,2798.71,1490.0,2051.0,507.0,55385.464
4110102,Imbituva - PR,2024,1360.0,2631.47,8496.0,10109.0,1388.0,297337.586
4110201,Inácio Martins - PR,2024,501.0,2682.84,1588.0,2175.0,511.0,57449.586
4110300,Inajá - PR,2024,101.0,3201.58,312.0,389.0,103.0,12539.433
4110409,Indianópolis - PR,2024,207.0,3395.02,1321.0,1525.0,210.0,58292.549
4110508,Ipiranga - PR,2024,548.0,2885.35,2132.0,2727.0,563.0,77040.022
4110607,Iporã - PR,2024,851.0,3087.47,4277.0,5298.0,868.0,154387.38
4110656,Iracema do Oeste - PR,2024,97.0,3217.72,410.0,480.0,100.0,16792.823
4110706,Irati - PR,2024,3386.0,2974.47,14012.0,18178.0,3547.0,533512.391
4110805,Iretama - PR,2024,353.0,3037.12,1758.0,2134.0,361.0,70134.162
4110904,Itaguajé - PR,2024,253.0,2988.05,508.0,777.0,258.0,19324.848
4110953,Itaipulândia - PR,2024,635.0,2893.82,3703.0,4460.0,650.0,140247.742
4111001,Itambaracá - PR,2024,289.0,2845.7,688.0,1000.0,295.0,29466.539
4111100,Itambé - PR,2024,312.0,2948.2,780.0,1123.0,313.0,29752.525
4111209,Itapejara d'Oeste - PR,2024,849.0,3076.3,4083.0,5139.0,868.0,159013.514
4111258,Itaperuçu - PR,2024,1399.0,2345.22,4777.0,6398.0,1419.0,145628.166
4111308,Itaúna do Sul - PR,2024,131.0,3131.56,473.0,588.0,133.0,18952.262
4111407,Ivaí - PR,2024,505.0,2464.93,1838.0,2418.0,514.0,59551.024
4111506,Ivaiporã - PR,2024,2065.0,2660.1,6933.0,9684.0,2135.0,239055.843
4111555,Ivaté - PR,2024,286.0,3049.2,1768.0,2066.0,288.0,72641.094
4111605,Ivatuba - PR,2024,156.0,2755.27,1070.0,1225.0,158.0,38838.404
4111704,Jaboti - PR,2024,263.0,2698.06,594.0,861.0,266.0,20956.451
4111803,Jacarezinho - PR,2024,1966.0,3272.13,11169.0,13545.0,2030.0,476520.213
4111902,Jaguapitã - PR,2024,710.0,3244.06,6370.0,7159.0,733.0,263524.281
4112009,Jaguariaíva - PR,2024,1759.0,3078.61,10109.0,12103.0,1828.0,423870.695
4112108,Jandaia do Sul - PR,2024,1802.0,2969.94,6432.0,8729.0,1843.0,255506.025
4112207,Janiópolis - PR,2024,240.0,2827.44,660.0,908.0,243.0,23865.772
4112306,Japira - PR,2024,217.0,2779.27,545.0,728.0,220.0,19166.874
4112405,Japurá - PR,2024,466.0,3007.63,2606.0,3160.0,479.0,98899.943
4112504,Jardim Alegre - PR,2024,707.0,2955.58,1707.0,2547.0,723.0,65273.743
4112603,Jardim Olinda - PR,2024,76.0,3099.79,303.0,363.0,77.0,12762.936
4112702,Jataizinho - PR,2024,552.0,2865.53,1426.0,2015.0,591.0,53132.34
4112751,Jesuítas - PR,2024,463.0,3068.31,1417.0,1921.0,479.0,56440.336
4112801,Joaquim Távora - PR,2024,698.0,2348.99,5605.0,6388.0,717.0,172017.811
4112900,Jundiaí do Sul - PR,2024,134.0,3037.0,307.0,424.0,140.0,13273.115
4112959,Juranda - PR,2024,341.0,2811.28,1182.0,1563.0,348.0,43172.55
4113007,Jussara - PR,2024,328.0,3659.22,2666.0,3032.0,335.0,128854.715
4113106,Kaloré - PR,2024,242.0,2458.91,666.0,919.0,245.0,22332.918
4113205,Lapa - PR,2024,1887.0,3021.55,9648.0,12045.0,2000.0,370650.627
4113254,Laranjal - PR,2024,149.0,2960.47,465.0,586.0,151.0,19402.386
4113304,Laranjeiras do Sul - PR,2024,1851.0,2896.68,6327.0,8642.0,1902.0,239487.972
4113403,Leópolis - PR,2024,166.0,3035.91,540.0,680.0,169.0,21048.862
4113429,Lidianópolis - PR,2024,201.0,3025.28,495.0,705.0,204.0,19140.08
4113452,Lindoeste - PR,2024,213.0,3362.34,773.0,999.0,215.0,35293.519
4113502,Loanda - PR,2024,1909.0,2593.38,6680.0,8940.0,1941.0,224378.234
4113601,Lobato - PR,2024,280.0,3505.49,826.0,1106.0,281.0,37321.106
4113700,Londrina - PR,2024,52437.0,3914.66,180120.0,250404.0,55066.0,9083470.791
4113734,Luiziana - PR,2024,291.0,3234.8,992.0,1297.0,312.0,41831.673
4113759,Lunardelli - PR,2024,262.0,2596.99,580.0,846.0,267.0,19095.504
4113809,Lupionópolis - PR,2024,244.0,2584.09,979.0,1219.0,255.0,31366.673
4113908,Mallet - PR,2024,669.0,3405.6,3411.0,4207.0,695.0,152514.984
4114005,Mamborê - PR,2024,650.0,3266.34,1768.0,2530.0,663.0,77094.655
4114104,Mandaguaçu - PR,2024,1861.0,3295.87,4970.0,7324.0,1938.0,217097.284
4114203,Mandaguari - PR,2024,2343.0,3165.29,14390.0,17394.0,2423.0,599791.481
4114302,Mandirituba - PR,2024,1472.0,2871.27,5324.0,7189.0,1516.0,195282.364
4114351,Manfrinópolis - PR,2024,144.0,2901.43,491.0,631.0,149.0,19386.982
4114401,Mangueirinha - PR,2024,851.0,3210.56,3255.0,4331.0,882.0,133518.86
4114500,Manoel Ribas - PR,2024,615.0,3085.21,2007.0,2761.0,625.0,84251.079
4114609,Marechal Cândido Rondon - PR,2024,3983.0,3308.52,18821.0,24056.0,4118.0,822765.218
4114708,Maria Helena - PR,2024,207.0,2713.66,671.0,865.0,210.0,24558.168
4114807,Marialva - PR,2024,2885.0,3395.61,10437.0,14173.0,2954.0,457397.565
4114906,Marilândia do Sul - PR,2024,406.0,2923.67,1236.0,1663.0,416.0,47133.021
4115002,Marilena - PR,2024,309.0,2620.78,961.0,1272.0,321.0,35312.648
4115101,Mariluz - PR,2024,352.0,3019.17,860.0,1240.0,357.0,34982.383
4115200,Maringá - PR,2024,51804.0,3724.22,176848.0,246449.0,54186.0,8588020.625
4115309,Mariópolis - PR,2024,462.0,3644.53,1387.0,1886.0,480.0,65987.439
4115358,Maripá - PR,2024,323.0,3438.57,1365.0,1759.0,333.0,61056.264
4115408,Marmeleiro - PR,2024,1204.0,3066.77,3432.0,4887.0,1226.0,135406.497
4115457,Marquinho - PR,2024,142.0,3476.71,414.0,540.0,143.0,18180.58
4115507,Marumbi - PR,2024,256.0,2265.16,787.0,1064.0,257.0,23046.203
4115606,Matelândia - PR,2024,928.0,2711.07,11921.0,13062.0,949.0,409575.834
4115705,Matinhos - PR,2024,3018.0,2943.45,7434.0,10121.0,3135.0,276345.382
4115739,Mato Rico - PR,2024,117.0,2915.8,484.0,592.0,119.0,16895.567
4115754,Mauá da Serra - PR,2024,545.0,2334.8,2696.0,3298.0,553.0,83366.132
4115804,Medianeira - PR,2024,3771.0,3334.66,21763.0,26686.0,3880.0,946521.034
4115853,Mercedes - PR,2024,319.0,3370.16,1122.0,1525.0,322.0,48063.113
4115903,Mirador - PR,2024,59.0,2897.85,374.0,405.0,61.0,14691.748
4116000,Miraselva - PR,2024,114.0,2885.6,272.0,371.0,130.0,9883.495
4116059,Missal - PR,2024,760.0,3569.13,1782.0,2688.0,774.0,85705.718
4116109,Moreira Sales - PR,2024,396.0,3047.58,1828.0,2276.0,403.0,69204.942
4116208,Morretes - PR,2024,829.0,2917.71,2659.0,3612.0,861.0,106451.731
4116307,Munhoz de Melo - PR,2024,229.0,2789.18,518.0,751.0,234.0,19157.959
4116406,Nossa Senhora das Graças - PR,2024,235.0,2621.93,412.0,668.0,236.0,13941.48
4116505,Nova Aliança do Ivaí - PR,2024,76.0,2877.0,280.0,343.0,76.0,11121.203
4116604,Nova América da Colina - PR,2024,146.0,3675.47,390.0,543.0,148.0,20651.973
4116703,Nova Aurora - PR,2024,743.0,2790.46,3498.0,4441.0,767.0,130335.893
4116802,Nova Cantu - PR,2024,273.0,2996.13,701.0,976.0,276.0,28263.032
4116901,Nova Esperança - PR,2024,1597.0,2797.18,5474.0,7361.0,1623.0,202203.757
4116950,Nova Esperança do Sudoeste - PR,2024,321.0,2951.96,1275.0,1615.0,323.0,46895.576
4117008,Nova Fátima - PR,2024,355.0,3119.34,1017.0,1402.0,365.0,38624.804
4117057,Nova Laranjeiras - PR,2024,320.0,3004.38,851.0,1188.0,326.0,34169.372
4117107,Nova Londrina - PR,2024,888.0,2933.21,4456.0,5508.0,911.0,173357.418
4117206,Nova Olímpia - PR,2024,308.0,2622.01,995.0,1312.0,308.0,34234.792
4117214,Nova Santa Bárbara - PR,2024,203.0,3179.47,436.0,644.0,208.0,17781.893
4117222,Nova Santa Rosa - PR,2024,535.0,3169.04,1957.0,2632.0,542.0,82410.75
4117255,Nova Prata do Iguaçu - PR,2024,675.0,2970.08,1829.0,2590.0,684.0,69817.603
4117271,Nova Tebas - PR,2024,196.0,2911.57,750.0,936.0,200.0,27412.065
4117297,Novo Itacolomi - PR,2024,170.0,2786.34,650.0,828.0,170.0,24370.118
4117305,Ortigueira - PR,2024,914.0,4930.66,6426.0,7402.0,946.0,426625.047
4117404,Ourizona - PR,2024,168.0,3168.69,368.0,548.0,169.0,15651.672
4117453,Ouro Verde do Oeste - PR,2024,269.0,3219.85,1040.0,1353.0,276.0,42332.737
4117503,Paiçandu - PR,2024,1748.0,2566.14,8903.0,11034.0,1811.0,296676.98
4117602,Palmas - PR,2024,2195.0,3019.74,12173.0,14789.0,2274.0,469337.126
4117701,Palmeira - PR,2024,2003.0,3097.15,8242.0,10775.0,2075.0,331235.696
4117800,Palmital - PR,2024,564.0,2885.24,1606.0,2204.0,573.0,57925.284
4117909,Palotina - PR,2024,2511.0,3437.55,19356.0,22823.0,2612.0,842414.563
4118006,Paraíso do Norte - PR,2024,537.0,3168.65,5172.0,5832.0,551.0,215028.418
4118105,Paranacity - PR,2024,425.0,3216.13,2571.0,3013.0,435.0,108540.847
4118204,Paranaguá - PR,2024,7767.0,3791.81,46381.0,54980.0,8343.0,2216465.52
4118303,Paranapoema - PR,2024,132.0,2800.4,430.0,581.0,135.0,15984.443
4118402,Paranavaí - PR,2024,6196.0,3066.68,24314.0,32604.0,6422.0,989986.761
4118451,Pato Bragado - PR,2024,423.0,3199.84,1439.0,1956.0,429.0,60675.584
4118501,Pato Branco - PR,2024,8647.0,3646.16,35704.0,47918.0,9113.0,1665397.291
4118600,Paula Freitas - PR,2024,293.0,2754.42,1087.0,1417.0,296.0,38149.263
4118709,Paulo Frontin - PR,2024,329.0,3205.54,725.0,1099.0,342.0,32318.777
4118808,Peabiru - PR,2024,708.0,3046.55,1687.0,2554.0,725.0,65628.4
4118857,Perobal - PR,2024,309.0,3016.56,1026.0,1353.0,317.0,39777.568
4118907,Pérola - PR,2024,723.0,2791.99,1953.0,2727.0,740.0,71687.592
4119004,Pérola d'Oeste - PR,2024,493.0,2878.9,938.0,1524.0,502.0,36000.196
4119103,Piên - PR,2024,618.0,3555.0,3197.0,3869.0,629.0,143819.852
4119152,Pinhais - PR,2024,10886.0,3441.27,51291.0,65190.0,11251.0,2272801.021
4119202,Pinhalão - PR,2024,326.0,2853.18,715.0,1021.0,338.0,27442.728
4119251,Pinhal de São Bento - PR,2024,120.0,2736.81,406.0,510.0,121.0,14669.756
4119301,Pinhão - PR,2024,956.0,2872.17,3485.0,4524.0,989.0,128012.6
4119400,Piraí do Sul - PR,2024,919.0,3697.27,3578.0,4577.0,946.0,175327.791
4119509,Piraquara - PR,2024,3485.0,3367.25,10779.0,14773.0,3582.0,473052.807
4119608,Pitanga - PR,2024,1817.0,2954.49,6541.0,8855.0,1876.0,239466.058
4119657,Pitangueiras - PR,2024,172.0,2961.44,421.0,577.0,175.0,16335.027
4119707,Planaltina do Paraná - PR,2024,233.0,2972.49,755.0,1011.0,235.0,30195.537
4119806,Planalto - PR,2024,617.0,3019.31,2314.0,3108.0,629.0,90866.834
4119905,Ponta Grossa - PR,2024,25540.0,3395.11,103951.0,137189.0,27409.0,4525663.799
4119954,Pontal do Paraná - PR,2024,2161.0,2724.17,5048.0,7396.0,2281.0,176669.389
4120002,Porecatu - PR,2024,640.0,2239.51,2078.0,2721.0,690.0,66699.82
4120101,Porto Amazonas - PR,2024,252.0,4947.39,1595.0,1855.0,266.0,116035.149
4120150,Porto Barreiro - PR,2024,109.0,4176.24,327.0,423.0,110.0,18377.013
4120200,Porto Rico - PR,2024,358.0,3503.11,847.0,1245.0,363.0,36817.14
4120309,Porto Vitória - PR,2024,174.0,2649.33,626.0,832.0,177.0,21582.277
4120333,Prado Ferreira - PR,2024,181.0,2782.83,854.0,1026.0,183.0,28404.219
4120358,Pranchita - PR,2024,401.0,2917.03,1449.0,1927.0,405.0,56420.6
4120408,Presidente Castelo Branco - PR,2024,227.0,2950.34,614.0,856.0,231.0,24137.547
4120507,Primeiro de Maio - PR,2024,528.0,3354.82,1403.0,2055.0,540.0,61355.196
4120606,Prudentópolis - PR,2024,2189.0,2765.32,8353.0,11045.0,2281.0,301794.913
4120655,Quarto Centenário - PR,2024,165.0,3329.04,703.0,888.0,171.0,30579.013
4120705,Quatiguá - PR,2024,432.0,2754.68,1479.0,2004.0,436.0,54675.356
4120804,Quatro Barras - PR,2024,1676.0,4325.93,10751.0,12726.0,1709.0,614290.826
4120853,Quatro Pontes - PR,2024,376.0,3626.72,1108.0,1560.0,378.0,52837.618
4120903,Quedas do Iguaçu - PR,2024,1728.0,2885.37,5167.0,7343.0,1756.0,196560.194
4121000,Querência do Norte - PR,2024,383.0,3282.87,1153.0,1559.0,390.0,51234.092
4121109,Quinta do Sol - PR,2024,212.0,3049.22,646.0,850.0,215.0,24550.533
4121208,Quitandinha - PR,2024,601.0,3336.28,1874.0,2523.0,609.0,80192.889
4121257,Ramilândia - PR,2024,140.0,3463.04,386.0,506.0,143.0,16821.973
4121307,Rancho Alegre - PR,2024,151.0,2978.09,397.0,534.0,151.0,15535.221
4121356,Rancho Alegre D'Oeste - PR,2024,107.0,3647.5,366.0,462.0,108.0,17607.068
4121406,Realeza - PR,2024,1659.0,2915.57,4403.0,6419.0,1689.0,172762.334
4121505,Rebouças - PR,2024,693.0,2691.64,1993.0,2689.0,704.0,72763.821
4121604,Renascença - PR,2024,477.0,3237.13,1303.0,1879.0,483.0,57021.975
4121703,Reserva - PR,2024,1140.0,2916.66,3535.0,4814.0,1173.0,130867.745
4121752,Reserva do Iguaçu - PR,2024,242.0,3224.18,816.0,1055.0,242.0,34331.599
4121802,Ribeirão Claro - PR,2024,582.0,3039.47,2395.0,3081.0,595.0,96200.463
4121901,Ribeirão do Pinhal - PR,2024,579.0,2955.2,1920.0,2504.0,598.0,59566.131
4122008,Rio Azul - PR,2024,552.0,3440.05,2369.0,2965.0,589.0,102893.296
4122107,Rio Bom - PR,2024,125.0,2060.77,686.0,787.0,127.0,15622.313
4122156,Rio Bonito do Iguaçu - PR,2024,363.0,2906.36,1218.0,1611.0,372.0,48027.858
4122172,Rio Branco do Ivaí - PR,2024,156.0,2767.4,488.0,630.0,159.0,17003.459
4122206,Rio Branco do Sul - PR,2024,1298.0,3253.6,6846.0,8411.0,1339.0,281711.677
4122305,Rio Negro - PR,2024,1845.0,3124.65,8034.0,10226.0,1912.0,324321.919
4122404,Rolândia - PR,2024,4554.0,3116.99,26342.0,32276.0,4696.0,1068835.945
4122503,Roncador - PR,2024,465.0,3205.17,1403.0,1879.0,479.0,59179.855
4122602,Rondon - PR,2024,512.0,2876.43,3510.0,4118.0,524.0,132804.995
4122651,Rosário do Ivaí - PR,2024,190.0,2505.62,628.0,824.0,195.0,20823.628
4122701,Sabáudia - PR,2024,834.0,2845.54,4166.0,5290.0,842.0,161800.265
4122800,Salgado Filho - PR,2024,261.0,2480.99,675.0,971.0,263.0,22589.558
4122909,Salto do Itararé - PR,2024,175.0,2641.38,625.0,764.0,183.0,21072.13
4123006,Salto do Lontra - PR,2024,854.0,2730.04,2453.0,3439.0,864.0,88950.168
4123105,Santa Amélia - PR,2024,139.0,2942.03,392.0,508.0,143.0,14994.864
4123204,Santa Cecília do Pavão - PR,2024,161.0,2739.83,456.0,583.0,162.0,16720.052
4123303,Santa Cruz de Monte Castelo - PR,2024,499.0,2437.96,1143.0,1694.0,509.0,39836.117
4123402,Santa Fé - PR,2024,790.0,2489.84,2646.0,3573.0,804.0,84132.533
4123501,Santa Helena - PR,2024,1446.0,3494.31,5524.0,7277.0,1496.0,249413.519
4123600,Santa Inês - PR,2024,86.0,3038.14,214.0,286.0,86.0,8844.687
4123709,Santa Isabel do Ivaí - PR,2024,434.0,2841.03,1368.0,1884.0,448.0,49264.282
4123808,Santa Izabel do Oeste - PR,2024,645.0,2888.95,2515.0,3283.0,658.0,92605.993
4123824,Santa Lúcia - PR,2024,172.0,3044.02,536.0,716.0,173.0,22307.689
4123857,Santa Maria do Oeste - PR,2024,292.0,3105.5,950.0,1232.0,296.0,37125.61
4123907,Santa Mariana - PR,2024,584.0,3141.27,1397.0,2036.0,606.0,57480.187
4123956,Santa Mônica - PR,2024,119.0,2811.97,567.0,668.0,120.0,20478.059
4124004,Santana do Itararé - PR,2024,241.0,2607.32,752.0,982.0,246.0,24545.484
4124020,Santa Tereza do Oeste - PR,2024,826.0,3283.53,2837.0,3806.0,836.0,126112.625
4124053,Santa Terezinha de Itaipu - PR,2024,1075.0,3115.22,3867.0,5205.0,1091.0,155213.807
4124103,Santo Antônio da Platina - PR,2024,2988.0,2741.74,11323.0,15109.0,3127.0,381917.197
4124202,Santo Antônio do Caiuá - PR,2024,107.0,2972.01,365.0,453.0,110.0,14726.523
4124301,Santo Antônio do Paraíso - PR,2024,117.0,2343.06,390.0,484.0,122.0,11783.973
4124400,Santo Antônio do Sudoeste - PR,2024,1152.0,2555.83,4693.0,6070.0,1197.0,158552.589
4124509,Santo Inácio - PR,2024,314.0,3416.13,4730.0,5056.0,318.0,211331.597
4124608,São Carlos do Ivaí - PR,2024,374.0,3440.26,1836.0,2279.0,378.0,86976.346
4124707,São Jerônimo da Serra - PR,2024,343.0,2826.14,909.0,1251.0,350.0,33655.531
4124806,São João - PR,2024,772.0,2172.73,4311.0,5242.0,794.0,116099.223
4124905,São João do Caiuá - PR,2024,206.0,3108.98,603.0,812.0,209.0,24849.805
4125001,São João do Ivaí - PR,2024,491.0,2598.4,1493.0,2002.0,502.0,48562.38
4125100,São João do Triunfo - PR,2024,420.0,3497.54,1157.0,1614.0,429.0,53270.829
4125209,São Jorge d'Oeste - PR,2024,660.0,3037.33,2339.0,3083.0,677.0,92056.68
4125308,São Jorge do Ivaí - PR,2024,293.0,3094.53,846.0,1174.0,301.0,34744.448
4125357,São Jorge do Patrocínio - PR,2024,273.0,2856.92,1013.0,1319.0,280.0,38606.205
4125407,São José da Boa Vista - PR,2024,244.0,2826.11,689.0,940.0,251.0,26837.007
4125456,São José das Palmeiras - PR,2024,171.0,3119.0,402.0,587.0,173.0,16492.888
4125506,São José dos Pinhais - PR,2024,22934.0,4372.18,127577.0,154571.0,24239.0,7191719.909
4125555,São Manoel do Paraná - PR,2024,116.0,2911.14,588.0,680.0,117.0,22009.794
4125605,São Mateus do Sul - PR,2024,2044.0,2869.83,11754.0,14277.0,2151.0,421653.228
4125704,São Miguel do Iguaçu - PR,2024,1542.0,3055.6,7434.0,9405.0,1583.0,292495.693
4125753,São Pedro do Iguaçu - PR,2024,230.0,3462.52,727.0,973.0,240.0,33143.305
4125803,São Pedro do Ivaí - PR,2024,535.0,2829.92,1671.0,2350.0,537.0,64773.948
4125902,São Pedro do Paraná - PR,2024,181.0,3001.15,706.0,920.0,183.0,27479.763
4126009,São Sebastião da Amoreira - PR,2024,312.0,2052.95,1479.0,1791.0,320.0,34647.287
4126108,São Tomé - PR,2024,222.0,2505.47,929.0,1161.0,224.0,29768.013
4126207,Sapopema - PR,2024,278.0,2723.41,1596.0,1873.0,286.0,48350.304
4126256,Sarandi - PR,2024,4842.0,2971.92,15856.0,21745.0,4992.0,619354.071
4126272,Saudade do Iguaçu - PR,2024,349.0,3949.87,1021.0,1405.0,350.0,52889.316
4126306,Sengés - PR,2024,774.0,2800.5,4307.0,5098.0,800.0,184022.321
4126355,Serranópolis do Iguaçu - PR,2024,248.0,3355.25,663.0,938.0,252.0,29629.042
4126405,Sertaneja - PR,2024,320.0,3563.33,890.0,1230.0,327.0,42541.413
4126504,Sertanópolis - PR,2024,1291.0,2718.87,4462.0,6215.0,1315.0,151567.247
4126603,Siqueira Campos - PR,2024,1745.0,2461.43,7407.0,9543.0,1815.0,236631.751
4126652,Sulina - PR,2024,173.0,3319.57,516.0,690.0,176.0,22196.913
4126678,Tamarana - PR,2024,400.0,2815.55,1929.0,2407.0,417.0,70517.37
4126702,Tamboara - PR,2024,242.0,3407.71,852.0,1092.0,246.0,38607.638
4126801,Tapejara - PR,2024,971.0,3070.6,4166.0,5345.0,999.0,172134.008
4126900,Tapira - PR,2024,321.0,2814.46,755.0,1050.0,326.0,28626.039
4127007,Teixeira Soares - PR,2024,417.0,2980.12,1590.0,2016.0,430.0,61353.749
4127106,Telêmaco Borba - PR,2024,3611.0,4127.85,21613.0,26028.0,3732.0,1196379.958
4127205,Terra Boa - PR,2024,814.0,2571.31,4922.0,5852.0,832.0,154017.284
4127304,Terra Rica - PR,2024,700.0,3149.23,2800.0,3598.0,711.0,119344.469
4127403,Terra Roxa - PR,2024,1105.0,2840.09,3058.0,4356.0,1145.0,114165.696
4127502,Tibagi - PR,2024,1039.0,3354.85,2556.0,3741.0,1071.0,113264.813
4127601,Tijucas do Sul - PR,2024,900.0,3011.93,2327.0,3358.0,935.0,92075.842
4127700,Toledo - PR,2024,12233.0,3157.82,64645.0,81274.0,12747.0,2674176.19
4127809,Tomazina - PR,2024,369.0,2728.31,1295.0,1683.0,383.0,43943.538
4127858,Três Barras do Paraná - PR,2024,570.0,3008.99,1760.0,2437.0,578.0,70726.136
4127882,Tunas do Paraná - PR,2024,401.0,2416.49,1286.0,1726.0,407.0,43868.908
4127908,Tuneiras do Oeste - PR,2024,300.0,2522.91,889.0,1187.0,311.0,28723.008
4127957,Tupãssi - PR,2024,373.0,3690.16,1218.0,1654.0,386.0,58921.305
4127965,Turvo - PR,2024,655.0,3169.18,2269.0,3006.0,674.0,95108.613
4128005,Ubiratã - PR,2024,1328.0,2728.18,8874.0,10562.0,1358.0,324078.752
4128104,Umuarama - PR,2024,8899.0,2893.96,35112.0,46803.0,9240.0,1310091.735
4128203,União da Vitória - PR,2024,3377.0,2773.38,15917.0,20158.0,3525.0,574229.932
4128302,Uniflor - PR,2024,118.0,2889.55,332.0,447.0,119.0,14157.938
4128401,Uraí - PR,2024,515.0,2853.06,1447.0,2017.0,531.0,53542.892
4128500,Wenceslau Braz - PR,2024,1162.0,2769.79,3741.0,5046.0,1195.0,134089.748
4128534,Ventania - PR,2024,464.0,2636.76,2161.0,2641.0,484.0,75583.174
4128559,Vera Cruz do Oeste - PR,2024,399.0,2919.36,1104.0,1574.0,408.0,42369.998
4128609,Verê - PR,2024,540.0,3016.09,1613.0,2265.0,558.0,62688.875
4128625,Alto Paraíso - PR,2024,155.0,3619.86,469.0,654.0,155.0,22022.741
4128633,Doutor Ulysses - PR,2024,165.0,2713.84,440.0,582.0,168.0,16755.83
4128658,Virmond - PR,2024,234.0,2690.68,623.0,877.0,240.0,21793.248
4128708,Vitorino - PR,2024,622.0,2966.69,2209.0,2930.0,629.0,83489.129
4128807,Xambrê - PR,2024,232.0,2561.65,780.0,1026.0,232.0,24673.684
4200051,Abdon Batista - SC,2024,133.0,3888.01,417.0,550.0,134.0,23355.454
4200101,Abelardo Luz - SC,2024,1097.0,2956.97,5102.0,6411.0,1127.0,195928.705
4200200,Agrolândia - SC,2024,750.0,3535.47,3829.0,4707.0,765.0,177333.895
4200309,Agronômica - SC,2024,373.0,3160.17,1243.0,1715.0,378.0,52924.929
4200408,Água Doce - SC,2024,526.0,4127.6,1809.0,2447.0,540.0,96629.836
4200507,Águas de Chapecó - SC,2024,244.0,3098.74,643.0,899.0,249.0,27366.66
4200556,Águas Frias - SC,2024,183.0,3591.05,676.0,923.0,187.0,33438.098
4200606,Águas Mornas - SC,2024,360.0,3159.61,1451.0,1873.0,368.0,61247.704
4200705,Alfredo Wagner - SC,2024,537.0,2547.73,1590.0,2219.0,541.0,52536.349
4200754,Alto Bela Vista - SC,2024,143.0,3809.74,319.0,462.0,143.0,15762.853
4200804,Anchieta - SC,2024,444.0,2865.47,1167.0,1716.0,451.0,45333.821
4200903,Angelina - SC,2024,265.0,2935.69,722.0,1007.0,272.0,28106.965
4201000,Anita Garibaldi - SC,2024,425.0,2903.9,1237.0,1689.0,437.0,50091.402
4201109,Anitápolis - SC,2024,385.0,3247.97,580.0,1031.0,385.0,24939.767
4201208,Antônio Carlos - SC,2024,775.0,3502.45,3219.0,4202.0,789.0,143468.902
4201257,Apiúna - SC,2024,551.0,2969.63,2927.0,3564.0,567.0,118962.513
4201273,Arabutã - SC,2024,308.0,3467.61,1039.0,1398.0,312.0,47414.859
4201307,Araquari - SC,2024,3643.0,3833.54,20522.0,24486.0,3781.0,1023877.968
4201406,Araranguá - SC,2024,5193.0,2896.56,17220.0,23393.0,5401.0,672449.592
4201505,Armazém - SC,2024,671.0,2627.74,2749.0,3523.0,685.0,97909.001
4201604,Arroio Trinta - SC,2024,383.0,3323.6,849.0,1339.0,389.0,38063.844
4201653,Arvoredo - SC,2024,178.0,3168.47,436.0,616.0,179.0,19724.326
4201703,Ascurra - SC,2024,674.0,2853.47,2823.0,3630.0,691.0,106097.396
4201802,Atalanta - SC,2024,201.0,3105.65,572.0,791.0,203.0,24190.19
4201901,Aurora - SC,2024,489.0,3583.9,2654.0,3205.0,497.0,120464.058
4201950,Balneário Arroio do Silva - SC,2024,613.0,2574.85,1574.0,2210.0,626.0,50113.57
4202008,Balneário Camboriú - SC,2024,22816.0,3539.94,56939.0,85531.0,23632.0,2599852.26
4202057,Balneário Barra do Sul - SC,2024,596.0,3471.12,1337.0,2012.0,605.0,61650.065
4202073,Balneário Gaivota - SC,2024,720.0,2955.25,2032.0,2901.0,729.0,70832.866
4202081,Bandeirante - SC,2024,140.0,3154.53,420.0,569.0,143.0,18048.805
4202099,Barra Bonita - SC,2024,98.0,3803.38,205.0,300.0,99.0,10571.113
4202107,Barra Velha - SC,2024,3128.0,3442.8,10316.0,13826.0,3248.0,453838.581
4202131,Bela Vista do Toldo - SC,2024,175.0,3083.97,588.0,756.0,177.0,23650.88
4202156,Belmonte - SC,2024,136.0,4122.38,405.0,536.0,137.0,23172.19
4202206,Benedito Novo - SC,2024,591.0,3186.82,3183.0,3966.0,608.0,135378.18
4202305,Biguaçu - SC,2024,6157.0,3444.44,19672.0,26863.0,6254.0,879952.622
4202404,Blumenau - SC,2024,36264.0,4069.1,147817.0,198372.0,38015.0,7907673.429
4202438,Bocaina do Sul - SC,2024,146.0,2755.98,507.0,658.0,149.0,22207.492
4202453,Bombinhas - SC,2024,2994.0,3193.85,7387.0,10833.0,3117.0,281859.391
4202503,Bom Jardim da Serra - SC,2024,210.0,2224.17,775.0,1005.0,213.0,22942.801
4202537,Bom Jesus - SC,2024,245.0,3470.09,485.0,733.0,248.0,22692.706
4202578,Bom Jesus do Oeste - SC,2024,164.0,3414.48,286.0,447.0,167.0,13272.511
4202602,Bom Retiro - SC,2024,544.0,2788.79,1734.0,2355.0,556.0,65639.529
4202701,Botuverá - SC,2024,339.0,3949.86,2714.0,3148.0,346.0,141286.513
4202800,Braço do Norte - SC,2024,2656.0,3054.26,13844.0,17512.0,2746.0,564080.27
4202859,Braço do Trombudo - SC,2024,246.0,3805.11,1289.0,1594.0,253.0,63059.769
4202875,Brunópolis - SC,2024,106.0,3304.97,380.0,496.0,113.0,21301.443
4202909,Brusque - SC,2024,12203.0,3580.18,57963.0,73186.0,12871.0,2718960.939
4203006,Caçador - SC,2024,4405.0,3678.95,26175.0,31933.0,4657.0,1281303.393
4203105,Caibi - SC,2024,439.0,3846.34,1892.0,2387.0,448.0,94627.625
4203154,Calmon - SC,2024,154.0,2512.8,561.0,708.0,154.0,23096.115
4203204,Camboriú - SC,2024,6286.0,3019.11,16326.0,23425.0,6485.0,645384.054
4203253,Capão Alto - SC,2024,122.0,3369.85,664.0,814.0,122.0,31692.519
4203303,Campo Alegre - SC,2024,745.0,3310.1,6900.0,7823.0,776.0,264468.019
4203402,Campo Belo do Sul - SC,2024,284.0,2948.99,1212.0,1550.0,293.0,48239.22
4203501,Campo Erê - SC,2024,676.0,2865.44,2124.0,2866.0,687.0,81367.088
4203600,Campos Novos - SC,2024,2418.0,3501.22,11340.0,14236.0,2533.0,542376.994
4203709,Canelinha - SC,2024,791.0,2590.65,3122.0,4080.0,797.0,104565.638
4203808,Canoinhas - SC,2024,3271.0,3293.31,12961.0,17132.0,3421.0,567648.768
4203907,Capinzal - SC,2024,1606.0,3138.42,10396.0,12325.0,1656.0,426707.533
4203956,Capivari de Baixo - SC,2024,966.0,3759.51,5108.0,6195.0,986.0,261953.187
4204004,Catanduvas - SC,2024,1045.0,3128.85,3542.0,4901.0,1076.0,157714.66
4204103,Caxambu do Sul - SC,2024,232.0,3552.39,683.0,921.0,236.0,33462.826
4204152,Celso Ramos - SC,2024,183.0,2638.71,582.0,798.0,186.0,20442.332
4204178,Cerro Negro - SC,2024,110.0,3228.48,342.0,446.0,113.0,15181.491
4204194,Chapadão do Lageado - SC,2024,123.0,3664.84,283.0,394.0,123.0,15083.255
4204202,Chapecó - SC,2024,24848.0,3749.74,110548.0,144125.0,25800.0,5363857.022
4204251,Cocal do Sul - SC,2024,1156.0,3843.57,5361.0,6804.0,1176.0,290860.649
4204301,Concórdia - SC,2024,6834.0,3519.09,32542.0,41663.0,7056.0,1502765.726
4204350,Cordilheira Alta - SC,2024,561.0,3761.97,2413.0,3155.0,568.0,120330.184
4204400,Coronel Freitas - SC,2024,718.0,2894.94,2402.0,3288.0,728.0,90339.034
4204459,Coronel Martins - SC,2024,100.0,3261.76,270.0,392.0,106.0,11000.582
4204509,Corupá - SC,2024,812.0,3612.75,4845.0,5867.0,829.0,243775.03
4204558,Correia Pinto - SC,2024,637.0,3278.62,3200.0,3909.0,660.0,149124.164
4204608,Criciúma - SC,2024,18088.0,3478.96,78253.0,101545.0,18877.0,3601120.671
4204707,Cunha Porã - SC,2024,1047.0,3334.62,3485.0,4806.0,1067.0,149753.803
4204756,Cunhataí - SC,2024,146.0,2927.88,407.0,556.0,146.0,16437.271
4204806,Curitibanos - SC,2024,2386.0,3071.27,10392.0,13343.0,2524.0,423589.094
4204905,Descanso - SC,2024,563.0,3176.7,1250.0,1907.0,572.0,54957.707
4205001,Dionísio Cerqueira - SC,2024,1230.0,3038.03,2756.0,4063.0,1264.0,116806.126
4205100,Dona Emma - SC,2024,286.0,2938.51,1350.0,1671.0,291.0,51607.056
4205159,Doutor Pedrinho - SC,2024,231.0,2828.7,946.0,1229.0,232.0,37040.116
4205175,Entre Rios - SC,2024,88.0,3165.45,327.0,408.0,90.0,13479.784
4205191,Ermo - SC,2024,114.0,2898.97,978.0,1077.0,115.0,43107.026
4205209,Erval Velho - SC,2024,382.0,2816.98,934.0,1400.0,386.0,35010.856
4205308,Faxinal dos Guedes - SC,2024,775.0,3540.15,4139.0,5066.0,797.0,192706.765
4205357,Flor do Sertão - SC,2024,99.0,3324.4,434.0,528.0,101.0,19963.738
4205407,Florianópolis - SC,2024,67794.0,6312.5,318611.0,411224.0,70718.0,27816709.245
4205431,Formosa do Sul - SC,2024,209.0,3398.49,379.0,646.0,211.0,16462.034
4205456,Forquilhinha - SC,2024,1496.0,3154.1,9440.0,11349.0,1524.0,395013.838
4205506,Fraiburgo - SC,2024,1945.0,3047.61,9706.0,12129.0,2031.0,395911.454
4205555,Frei Rogério - SC,2024,98.0,1871.01,320.0,433.0,99.0,8253.315
4205605,Galvão - SC,2024,193.0,3211.02,511.0,710.0,197.0,21390.111
4205704,Garopaba - SC,2024,2424.0,3081.35,7264.0,10448.0,2546.0,278326.315
4205803,Garuva - SC,2024,1616.0,3654.37,6124.0,7885.0,1662.0,283828.623
4205902,Gaspar - SC,2024,6000.0,3419.83,27913.0,35701.0,6172.0,1284822.23
4206009,Governador Celso Ramos - SC,2024,1194.0,3545.92,5785.0,6884.0,1265.0,264210.166
4206108,Grão-Pará - SC,2024,426.0,2627.34,1983.0,2514.0,432.0,70282.199
4206207,Gravatal - SC,2024,817.0,2743.47,3098.0,4081.0,865.0,112071.152
4206306,Guabiruba - SC,2024,1565.0,3464.63,8034.0,10059.0,1590.0,374443.56
4206405,Guaraciaba - SC,2024,708.0,3021.79,2405.0,3347.0,728.0,93819.015
4206504,Guaramirim - SC,2024,3034.0,3811.08,16172.0,19728.0,3166.0,812413.779
4206603,Guarujá do Sul - SC,2024,409.0,3273.35,1283.0,1761.0,416.0,55536.196
4206652,Guatambú - SC,2024,467.0,3163.35,5193.0,5723.0,473.0,197913.38
4206702,Herval d'Oeste - SC,2024,1112.0,3206.5,4198.0,5571.0,1132.0,175335.504
4206751,Ibiam - SC,2024,144.0,3718.73,320.0,459.0,145.0,15511.01
4206801,Ibicaré - SC,2024,261.0,4216.19,759.0,1083.0,264.0,39480.02
4206900,Ibirama - SC,2024,1356.0,3325.95,6786.0,8481.0,1393.0,294291.545
4207007,Içara - SC,2024,4183.0,3409.96,22201.0,27292.0,4293.0,993755.97
4207106,Ilhota - SC,2024,1067.0,2944.47,4648.0,5848.0,1124.0,176002.95
4207205,Imaruí - SC,2024,428.0,2645.51,1174.0,1601.0,432.0,53005.767
4207304,Imbituba - SC,2024,3764.0,3321.19,12979.0,17381.0,3900.0,554698.992
4207403,Imbuia - SC,2024,374.0,3094.85,1113.0,1545.0,375.0,41987.194
4207502,Indaial - SC,2024,5088.0,3195.83,28620.0,34778.0,5260.0,1233314.777
4207577,Iomerê - SC,2024,232.0,3675.42,911.0,1193.0,234.0,44769.293
4207601,Ipira - SC,2024,333.0,3050.14,580.0,918.0,334.0,24574.185
4207650,Iporã do Oeste - SC,2024,714.0,3118.85,1988.0,2847.0,721.0,80616.529
4207684,Ipuaçu - SC,2024,290.0,3190.69,1542.0,1838.0,293.0,65336.017
4207700,Ipumirim - SC,2024,483.0,2914.53,3509.0,4132.0,491.0,137967.661
4207759,Iraceminha - SC,2024,292.0,3398.24,444.0,778.0,297.0,21653.869
4207809,Irani - SC,2024,818.0,3250.43,2065.0,3045.0,836.0,85464.893
4207858,Irati - SC,2024,114.0,2982.64,497.0,624.0,117.0,19273.931
4207908,Irineópolis - SC,2024,408.0,3153.92,1179.0,1583.0,431.0,50110.48
4208005,Itá - SC,2024,616.0,3662.9,1806.0,2581.0,633.0,88316.667
4208104,Itaiópolis - SC,2024,1021.0,3098.76,5116.0,6310.0,1051.0,215283.271
4208203,Itajaí - SC,2024,30848.0,4055.56,121281.0,155957.0,32127.0,6320010.647
4208302,Itapema - SC,2024,11820.0,3479.06,26964.0,40790.0,12175.0,1136452.013
4208401,Itapiranga - SC,2024,1136.0,3050.85,8030.0,9461.0,1174.0,316734.703
4208450,Itapoá - SC,2024,2424.0,4182.53,6967.0,9741.0,2547.0,352857.464
4208500,Ituporanga - SC,2024,1929.0,3407.82,8096.0,10542.0,1973.0,341705.164
4208609,Jaborá - SC,2024,377.0,2994.47,903.0,1332.0,383.0,36066.903
4208708,Jacinto Machado - SC,2024,481.0,3277.32,2244.0,2838.0,502.0,106764.004
4208807,Jaguaruna - SC,2024,1477.0,2849.35,5026.0,6673.0,1510.0,200523.278
4208906,Jaraguá do Sul - SC,2024,14640.0,4558.49,77123.0,96631.0,15352.0,4596192.863
4208955,Jardinópolis - SC,2024,114.0,3527.94,288.0,390.0,115.0,15626.507
4209003,Joaçaba - SC,2024,3945.0,3591.13,15565.0,20932.0,4070.0,742138.098
4209102,Joinville - SC,2024,49311.0,3844.51,246868.0,311144.0,52554.0,12192022.466
4209151,José Boiteux - SC,2024,256.0,2664.54,1055.0,1349.0,260.0,40076.666
4209177,Jupiá - SC,2024,145.0,3153.12,388.0,556.0,150.0,18172.344
4209201,Lacerdópolis - SC,2024,203.0,3976.85,608.0,844.0,210.0,32913.655
4209300,Lages - SC,2024,10236.0,3107.7,47479.0,60438.0,10756.0,1908514.969
4209409,Laguna - SC,2024,2646.0,2734.37,7387.0,10210.0,2714.0,276318.579
4209458,Lajeado Grande - SC,2024,94.0,3448.11,284.0,374.0,95.0,14275.109
4209508,Laurentino - SC,2024,622.0,3272.56,2220.0,2973.0,637.0,95841.523
4209607,Lauro Müller - SC,2024,725.0,3841.87,4155.0,5054.0,738.0,212832.106
4209706,Lebon Régis - SC,2024,492.0,2261.12,1436.0,1988.0,503.0,43955.785
4209805,Leoberto Leal - SC,2024,158.0,2910.42,434.0,599.0,163.0,17721.357
4209854,Lindóia do Sul - SC,2024,325.0,3365.74,716.0,1087.0,329.0,30741.953
4209904,Lontras - SC,2024,873.0,3252.65,3853.0,4945.0,885.0,158501.34
4210001,Luiz Alves - SC,2024,959.0,3112.33,4655.0,5873.0,972.0,211161.694
4210035,Luzerna - SC,2024,579.0,3967.03,1830.0,2608.0,591.0,95866.506
4210050,Macieira - SC,2024,115.0,3260.55,280.0,428.0,116.0,12883.981
4210100,Mafra - SC,2024,3535.0,3161.11,14006.0,18215.0,3675.0,592947.008
4210209,Major Gercino - SC,2024,206.0,2581.21,540.0,763.0,207.0,19750.931
4210308,Major Vieira - SC,2024,314.0,2562.62,1165.0,1496.0,318.0,40028.845
4210407,Maracajá - SC,2024,446.0,2671.65,2063.0,2531.0,453.0,77606.597
4210506,Maravilha - SC,2024,2323.0,3194.26,11786.0,14734.0,2407.0,480623.859
4210555,Marema - SC,2024,134.0,3153.8,310.0,456.0,136.0,13488.798
4210605,Massaranduba - SC,2024,1094.0,2968.64,6784.0,8129.0,1107.0,258599.452
4210704,Matos Costa - SC,2024,143.0,2818.96,384.0,489.0,148.0,15228.063
4210803,Meleiro - SC,2024,546.0,3107.49,1677.0,2337.0,553.0,72769.024
4210852,Mirim Doce - SC,2024,127.0,3002.1,421.0,576.0,127.0,19726.754
4210902,Modelo - SC,2024,342.0,3052.85,974.0,1360.0,351.0,42418.302
4211009,Mondaí - SC,2024,653.0,3035.53,2847.0,3695.0,658.0,120912.001
4211058,Monte Carlo - SC,2024,384.0,2256.33,1893.0,2303.0,395.0,63166.504
4211108,Monte Castelo - SC,2024,400.0,2443.89,1054.0,1460.0,410.0,37700.269
4211207,Morro da Fumaça - SC,2024,1359.0,3330.03,6750.0,8449.0,1389.0,306930.836
4211256,Morro Grande - SC,2024,134.0,3097.5,499.0,638.0,135.0,20681.365
4211306,Navegantes - SC,2024,5888.0,3604.8,27376.0,33601.0,6150.0,1312730.747
4211405,Nova Erechim - SC,2024,446.0,3069.93,1472.0,2017.0,454.0,57766.829
4211454,Nova Itaberaba - SC,2024,274.0,3627.88,801.0,1102.0,276.0,38203.463
4211504,Nova Trento - SC,2024,1140.0,2733.33,7176.0,8661.0,1162.0,272096.985
4211603,Nova Veneza - SC,2024,1073.0,3273.84,7843.0,9318.0,1117.0,341939.754
4211652,Novo Horizonte - SC,2024,146.0,3095.42,478.0,623.0,148.0,20486.798
4211702,Orleans - SC,2024,1830.0,3176.35,8719.0,11083.0,1864.0,367593.379
4211751,Otacílio Costa - SC,2024,1156.0,3897.13,6220.0,7474.0,1186.0,333520.925
4211801,Ouro - SC,2024,544.0,2890.45,1183.0,1874.0,555.0,47645.842
4211850,Ouro Verde - SC,2024,116.0,2761.51,337.0,439.0,116.0,11981.5
4211876,Paial - SC,2024,104.0,3674.54,317.0,413.0,106.0,17629.142
4211892,Painel - SC,2024,88.0,3107.31,332.0,411.0,94.0,14574.545
4211900,Palhoça - SC,2024,15611.0,3257.72,59192.0,77849.0,16392.0,2557023.023
4212007,Palma Sola - SC,2024,504.0,3036.73,1687.0,2345.0,512.0,69965.166
4212056,Palmeira - SC,2024,177.0,3356.89,903.0,1076.0,178.0,39229.307
4212106,Palmitos - SC,2024,1074.0,4378.46,5824.0,7275.0,1098.0,335085.439
4212205,Papanduva - SC,2024,940.0,3022.3,4232.0,5339.0,974.0,169666.315
4212239,Paraíso - SC,2024,170.0,3490.46,753.0,934.0,174.0,39637.759
4212254,Passo de Torres - SC,2024,664.0,2905.12,1661.0,2357.0,676.0,65233.394
4212270,Passos Maia - SC,2024,242.0,2861.99,793.0,1099.0,246.0,30944.115
4212304,Paulo Lopes - SC,2024,558.0,2973.61,2610.0,3260.0,568.0,101446.537
4212403,Pedras Grandes - SC,2024,250.0,2976.77,1765.0,2072.0,258.0,70813.218
4212502,Penha - SC,2024,2604.0,2969.71,10528.0,13657.0,2674.0,386844.631
4212601,Peritiba - SC,2024,303.0,3384.76,747.0,1106.0,304.0,32104.236
4212650,Pescaria Brava - SC,2024,308.0,3088.23,955.0,1285.0,310.0,42619.99
4212700,Petrolândia - SC,2024,342.0,3188.27,1171.0,1595.0,349.0,48636.113
4212809,Balneário Piçarras - SC,2024,2575.0,3630.53,7075.0,9867.0,2717.0,334714.405
4212908,Pinhalzinho - SC,2024,2104.0,3471.49,8551.0,11329.0,2187.0,399989.499
4213005,Pinheiro Preto - SC,2024,277.0,3076.31,1721.0,2067.0,292.0,72165.673
4213104,Piratuba - SC,2024,692.0,3024.17,1695.0,2414.0,706.0,69647.054
4213153,Planalto Alegre - SC,2024,207.0,2909.59,548.0,776.0,211.0,23449.751
4213203,Pomerode - SC,2024,2786.0,4092.24,16394.0,20016.0,2901.0,883423.132
4213302,Ponte Alta - SC,2024,228.0,2660.76,925.0,1158.0,232.0,31886.022
4213351,Ponte Alta do Norte - SC,2024,192.0,2521.14,914.0,1101.0,199.0,31120.393
4213401,Ponte Serrada - SC,2024,730.0,3031.96,2375.0,3218.0,741.0,93951.493
4213500,Porto Belo - SC,2024,2877.0,3289.56,9684.0,13027.0,2935.0,410868.074
4213609,Porto União - SC,2024,1902.0,2853.95,7536.0,9831.0,1970.0,294861.173
4213708,Pouso Redondo - SC,2024,1114.0,3032.08,5954.0,7293.0,1137.0,232551.736
4213807,Praia Grande - SC,2024,485.0,2952.98,1735.0,2344.0,497.0,73936.82
4213906,Presidente Castello Branco - SC,2024,161.0,3210.52,348.0,511.0,164.0,14334.511
4214003,Presidente Getúlio - SC,2024,1274.0,2812.56,8403.0,9977.0,1311.0,307556.674
4214102,Presidente Nereu - SC,2024,118.0,3142.94,388.0,490.0,118.0,16195.406
4214151,Princesa - SC,2024,153.0,3314.88,822.0,1011.0,155.0,37006.5
4214201,Quilombo - SC,2024,823.0,3253.26,3602.0,4715.0,843.0,152785.74
4214300,Rancho Queimado - SC,2024,327.0,3900.19,730.0,1170.0,330.0,37057.448
4214409,Rio das Antas - SC,2024,332.0,2944.93,1382.0,1793.0,340.0,55754.306
4214508,Rio do Campo - SC,2024,403.0,3054.43,1257.0,1701.0,408.0,50857.156
4214607,Rio do Oeste - SC,2024,416.0,2840.84,1593.0,2064.0,420.0,60509.867
4214706,Rio dos Cedros - SC,2024,822.0,2958.01,3560.0,4652.0,838.0,147387.196
4214805,Rio do Sul - SC,2024,7122.0,3497.72,33507.0,42821.0,7399.0,1527698.482
4214904,Rio Fortuna - SC,2024,438.0,2805.4,1328.0,1905.0,447.0,48903.58
4215000,Rio Negrinho - SC,2024,2838.0,3290.56,13611.0,17277.0,2985.0,582791.775
4215059,Rio Rufino - SC,2024,130.0,2472.72,421.0,543.0,130.0,14868.194
4215075,Riqueza - SC,2024,314.0,2864.84,891.0,1258.0,317.0,34387.928
4215109,Rodeio - SC,2024,801.0,2614.27,2770.0,3773.0,813.0,102028.351
4215208,Romelândia - SC,2024,257.0,3296.88,391.0,664.0,258.0,17611.391
4215307,Salete - SC,2024,576.0,3321.64,2440.0,3092.0,579.0,109000.493
4215356,Saltinho - SC,2024,171.0,2955.72,519.0,707.0,172.0,21514.202
4215406,Salto Veloso - SC,2024,307.0,3015.47,1890.0,2283.0,313.0,75035.564
4215455,Sangão - SC,2024,736.0,2529.36,5084.0,5904.0,745.0,176423.731
4215505,Santa Cecília - SC,2024,1006.0,3168.08,4944.0,6056.0,1042.0,213145.87
4215554,Santa Helena - SC,2024,135.0,2858.42,469.0,618.0,135.0,19288.699
4215604,Santa Rosa de Lima - SC,2024,172.0,3222.27,433.0,627.0,174.0,18700.314
4215653,Santa Rosa do Sul - SC,2024,524.0,2647.81,1517.0,2122.0,532.0,53656.362
4215679,Santa Terezinha - SC,2024,335.0,3002.03,873.0,1252.0,341.0,35517.146
4215687,Santa Terezinha do Progresso - SC,2024,155.0,2505.08,392.0,566.0,157.0,12567.907
4215695,Santiago do Sul - SC,2024,102.0,3944.21,290.0,404.0,103.0,13511.919
4215703,Santo Amaro da Imperatriz - SC,2024,1878.0,2894.88,7481.0,9689.0,1908.0,303439.043
4215752,São Bernardino - SC,2024,148.0,2510.9,536.0,714.0,148.0,17485.185
4215802,São Bento do Sul - SC,2024,5914.0,3391.55,29863.0,37952.0,6181.0,1370733.607
4215901,São Bonifácio - SC,2024,166.0,2626.12,681.0,856.0,172.0,22183.886
4216008,São Carlos - SC,2024,735.0,3130.23,2995.0,3900.0,750.0,127105.648
4216057,São Cristóvão do Sul - SC,2024,323.0,2906.31,1709.0,2071.0,336.0,66237.121
4216107,São Domingos - SC,2024,739.0,2879.86,1539.0,2359.0,754.0,62521.111
4216206,São Francisco do Sul - SC,2024,3434.0,5345.29,14750.0,18600.0,3554.0,1014838.804
4216255,São João do Oeste - SC,2024,414.0,3430.3,1616.0,2144.0,433.0,74816.442
4216305,São João Batista - SC,2024,2017.0,2711.32,9583.0,12007.0,2076.0,360320.839
4216354,São João do Itaperiú - SC,2024,311.0,3534.65,1693.0,2052.0,311.0,78706.274
4216404,São João do Sul - SC,2024,426.0,2721.95,1292.0,1738.0,433.0,51612.289
4216503,São Joaquim - SC,2024,1448.0,2903.03,5291.0,6974.0,1525.0,215732.339
4216602,São José - SC,2024,21405.0,3000.3,138893.0,164545.0,22446.0,5425889.128
4216701,São José do Cedro - SC,2024,1076.0,2950.04,3015.0,4287.0,1096.0,121546.475
4216800,São José do Cerrito - SC,2024,338.0,2710.87,773.0,1158.0,344.0,28231.503
4216909,São Lourenço do Oeste - SC,2024,2354.0,3358.79,10373.0,13482.0,2419.0,457351.94
4217006,São Ludgero - SC,2024,1051.0,3536.79,6098.0,7528.0,1073.0,284138.57
4217105,São Martinho - SC,2024,285.0,2714.6,872.0,1201.0,292.0,32628.97
4217154,São Miguel da Boa Vista - SC,2024,86.0,4125.37,167.0,243.0,87.0,9105.816
4217204,São Miguel do Oeste - SC,2024,3977.0,3520.72,16726.0,21917.0,4088.0,766728.276
4217253,São Pedro de Alcântara - SC,2024,293.0,2628.41,660.0,1015.0,293.0,23865.953
4217303,Saudades - SC,2024,675.0,3546.04,3207.0,4114.0,706.0,155642.649
4217402,Schroeder - SC,2024,1065.0,3758.32,4962.0,6311.0,1082.0,252406.908
4217501,Seara - SC,2024,1222.0,3161.6,8337.0,9922.0,1285.0,340770.529
4217550,Serra Alta - SC,2024,228.0,2837.85,726.0,992.0,238.0,29389.662
4217600,Siderópolis - SC,2024,779.0,3294.16,4496.0,5509.0,796.0,195913.142
4217709,Sombrio - SC,2024,2191.0,2422.43,8083.0,10738.0,2288.0,270575.068
4217758,Sul Brasil - SC,2024,110.0,3187.33,402.0,500.0,114.0,17793.12
4217808,Taió - SC,2024,1468.0,3231.84,5410.0,7310.0,1507.0,233889.168
4217907,Tangará - SC,2024,475.0,3633.48,2663.0,3250.0,497.0,122104.91
4217956,Tigrinhos - SC,2024,102.0,3837.69,248.0,350.0,105.0,14240.603
4218004,Tijucas - SC,2024,3893.0,3649.52,19678.0,24283.0,4133.0,956684.605
4218103,Timbé do Sul - SC,2024,288.0,2817.99,899.0,1218.0,289.0,34109.759
4218202,Timbó - SC,2024,4067.0,3450.39,19328.0,24657.0,4229.0,892608.986
4218251,Timbó Grande - SC,2024,320.0,2692.12,1651.0,1943.0,323.0,59183.272
4218301,Três Barras - SC,2024,666.0,3718.33,6433.0,7138.0,678.0,335563.891
4218350,Treviso - SC,2024,237.0,4758.49,1612.0,1858.0,239.0,104123.288
4218400,Treze de Maio - SC,2024,511.0,2655.92,2395.0,2986.0,520.0,84336.097
4218509,Treze Tílias - SC,2024,882.0,3716.67,4614.0,5718.0,904.0,220344.01
4218608,Trombudo Central - SC,2024,562.0,3357.04,2177.0,2840.0,572.0,98474.009
4218707,Tubarão - SC,2024,10372.0,3146.71,42098.0,55332.0,10813.0,1761173.053
4218756,Tunápolis - SC,2024,347.0,3246.82,940.0,1437.0,351.0,39462.931
4218806,Turvo - SC,2024,997.0,3504.9,4449.0,5738.0,1030.0,200665.642
4218855,União do Oeste - SC,2024,149.0,3651.85,411.0,556.0,155.0,19584.919
4218905,Urubici - SC,2024,1051.0,2786.89,1818.0,3269.0,1074.0,70988.495
4218954,Urupema - SC,2024,118.0,2831.71,473.0,585.0,119.0,19954.815
4219002,Urussanga - SC,2024,1396.0,4056.86,8428.0,10140.0,1418.0,459492.466
4219101,Vargeão - SC,2024,276.0,3822.29,1229.0,1534.0,279.0,64310.979
4219150,Vargem - SC,2024,135.0,2546.45,399.0,520.0,135.0,14303.49
4219176,Vargem Bonita - SC,2024,253.0,4969.32,1914.0,2194.0,260.0,127193.317
4219200,Vidal Ramos - SC,2024,430.0,3454.91,1054.0,1581.0,437.0,48697.421
4219309,Videira - SC,2024,4448.0,3365.23,22771.0,28807.0,4651.0,1045785.776
4219358,Vitor Meireles - SC,2024,331.0,2742.67,949.0,1332.0,335.0,35219.364
4219408,Witmarsum - SC,2024,308.0,2929.98,1357.0,1717.0,313.0,53196.087
4219507,Xanxerê - SC,2024,5403.0,3458.06,15221.0,22461.0,5570.0,689564.213
4219606,Xavantina - SC,2024,239.0,3689.49,504.0,789.0,243.0,24168.23
4219705,Xaxim - SC,2024,2427.0,3382.57,12707.0,15859.0,2473.0,567875.72
4219853,Zortéa - SC,2024,186.0,3768.2,285.0,467.0,189.0,18850.043
4220000,Balneário Rincão - SC,2024,832.0,2672.01,2792.0,3775.0,841.0,96637.509
4300034,Aceguá - RS,2024,262.0,3827.23,878.0,1156.0,287.0,44529.301
4300059,Água Santa - RS,2024,219.0,4083.02,671.0,897.0,235.0,36358.273
4300109,Agudo - RS,2024,691.0,2955.95,2733.0,3544.0,723.0,107454.068
4300208,Ajuricaba - RS,2024,383.0,3239.14,1379.0,1832.0,397.0,57226.694
4300307,Alecrim - RS,2024,227.0,2682.99,564.0,802.0,229.0,20410.75
4300406,Alegrete - RS,2024,3019.0,3092.04,12239.0,15797.0,3271.0,466487.431
4300455,Alegria - RS,2024,186.0,3142.7,354.0,545.0,191.0,15924.929
4300471,Almirante Tamandaré do Sul - RS,2024,108.0,3626.07,649.0,762.0,111.0,29244.477
4300505,Alpestre - RS,2024,344.0,3365.67,861.0,1216.0,351.0,38233.763
4300554,Alto Alegre - RS,2024,103.0,2945.88,318.0,411.0,104.0,12735.858
4300570,Alto Feliz - RS,2024,147.0,3677.61,846.0,1034.0,149.0,39985.483
4300604,Alvorada - RS,2024,5260.0,3144.82,19359.0,25385.0,5529.0,789348.426
4300638,Amaral Ferrador - RS,2024,154.0,2840.5,454.0,602.0,162.0,16426.75
4300646,Ametista do Sul - RS,2024,582.0,2397.58,1501.0,2158.0,589.0,47651.66
4300661,André da Rocha - RS,2024,111.0,3502.44,230.0,349.0,114.0,11937.968
4300703,Anta Gorda - RS,2024,430.0,3457.15,1426.0,1981.0,436.0,62947.609
4300802,Antônio Prado - RS,2024,1176.0,3245.46,3923.0,5506.0,1210.0,166415.023
4300851,Arambaré - RS,2024,237.0,3109.0,496.0,716.0,244.0,21027.318
4300877,Araricá - RS,2024,461.0,2775.37,2474.0,3012.0,476.0,94472.528
4300901,Aratiba - RS,2024,456.0,3915.69,1107.0,1621.0,469.0,68615.959
4301008,Arroio do Meio - RS,2024,1739.0,3116.0,7926.0,10187.0,1798.0,327909.948
4301057,Arroio do Sal - RS,2024,855.0,2886.08,2229.0,3210.0,887.0,79395.405
4301073,Arroio do Padre - RS,2024,85.0,2888.95,347.0,436.0,87.0,12956.938
4301107,Arroio dos Ratos - RS,2024,599.0,2912.35,1887.0,2538.0,611.0,74636.732
4301206,Arroio do Tigre - RS,2024,602.0,2523.17,1898.0,2620.0,616.0,66395.157
4301305,Arroio Grande - RS,2024,727.0,3277.02,2197.0,2953.0,772.0,95662.886
4301404,Arvorezinha - RS,2024,752.0,2732.73,1783.0,2778.0,766.0,65209.246
4301503,Augusto Pestana - RS,2024,449.0,3932.3,1451.0,1951.0,463.0,59571.607
4301552,Áurea - RS,2024,231.0,3245.41,444.0,699.0,238.0,18859.083
4301602,Bagé - RS,2024,4524.0,3889.19,20903.0,26442.0,4880.0,1034167.855
4301636,Balneário Pinhal - RS,2024,457.0,2816.6,1801.0,2240.0,488.0,65682.782
4301651,Barão - RS,2024,444.0,3618.31,2004.0,2512.0,454.0,94711.57
4301701,Barão de Cotegipe - RS,2024,650.0,3237.03,1519.0,2336.0,675.0,64596.953
4301750,Barão do Triunfo - RS,2024,191.0,3035.13,449.0,626.0,196.0,18105.881
4301800,Barracão - RS,2024,252.0,3144.39,651.0,929.0,259.0,26423.771
4301859,Barra do Guarita - RS,2024,95.0,2648.82,246.0,321.0,97.0,11181.64
4301875,Barra do Quaraí - RS,2024,200.0,2720.63,663.0,859.0,215.0,25938.007
4301909,Barra do Ribeiro - RS,2024,615.0,2518.28,2509.0,3212.0,624.0,87443.407
4301925,Barra do Rio Azul - RS,2024,80.0,4042.07,245.0,309.0,81.0,12932.33
4301958,Barra Funda - RS,2024,199.0,3430.87,969.0,1195.0,206.0,43909.944
4302006,Barros Cassal - RS,2024,345.0,2578.06,906.0,1287.0,360.0,32005.923
4302055,Benjamin Constant do Sul - RS,2024,78.0,2833.35,209.0,275.0,80.0,9006.921
4302105,Bento Gonçalves - RS,2024,11869.0,4283.15,46643.0,62337.0,12383.0,2664342.508
4302154,Boa Vista das Missões - RS,2024,160.0,3249.75,403.0,568.0,165.0,16754.21
4302204,Boa Vista do Buricá - RS,2024,765.0,2703.69,1833.0,2701.0,774.0,64697.961
4302220,Boa Vista do Cadeado - RS,2024,86.0,4373.0,262.0,346.0,90.0,18304.817
4302238,Boa Vista do Incra - RS,2024,109.0,3151.79,454.0,562.0,117.0,19500.021
4302253,Boa Vista do Sul - RS,2024,161.0,3263.55,712.0,922.0,166.0,30265.94
4302303,Bom Jesus - RS,2024,556.0,2586.96,2057.0,2646.0,585.0,87703.85
4302352,Bom Princípio - RS,2024,1283.0,2941.34,5690.0,7281.0,1322.0,221622.844
4302378,Bom Progresso - RS,2024,92.0,2839.13,258.0,337.0,96.0,14158.181
4302402,Bom Retiro do Sul - RS,2024,685.0,2537.51,3642.0,4419.0,721.0,121869.053
4302451,Boqueirão do Leão - RS,2024,335.0,2721.9,593.0,970.0,340.0,21537.956
4302501,Bossoroca - RS,2024,222.0,3252.28,773.0,994.0,236.0,32437.801
4302584,Bozano - RS,2024,92.0,4406.42,234.0,318.0,94.0,13929.633
4302600,Braga - RS,2024,112.0,2820.21,385.0,488.0,117.0,14365.181
4302659,Brochier - RS,2024,321.0,2664.43,762.0,1116.0,325.0,27929.283
4302709,Butiá - RS,2024,798.0,3268.33,3505.0,4321.0,826.0,157232.129
4302808,Caçapava do Sul - RS,2024,1556.0,3189.86,5727.0,7703.0,1655.0,247003.845
4302907,Cacequi - RS,2024,376.0,2990.33,1404.0,1767.0,389.0,54430.695
4303004,Cachoeira do Sul - RS,2024,3782.0,3111.98,13941.0,18775.0,4037.0,571229.553
4303103,Cachoeirinha - RS,2024,8660.0,3509.22,40912.0,51440.0,9777.0,1867407.13
4303202,Cacique Doble - RS,2024,234.0,2779.6,408.0,667.0,235.0,15491.723
4303301,Caibaté - RS,2024,256.0,3702.71,1155.0,1436.0,266.0,49096.517
4303400,Caiçara - RS,2024,219.0,3143.94,492.0,719.0,222.0,20428.273
4303509,Camaquã - RS,2024,3843.0,3201.71,11828.0,16577.0,4012.0,495825.762
4303558,Camargo - RS,2024,192.0,3799.43,700.0,904.0,194.0,34497.722
4303608,Cambará do Sul - RS,2024,485.0,2833.68,1638.0,2144.0,499.0,62107.421
4303673,Campestre da Serra - RS,2024,158.0,3156.92,448.0,632.0,161.0,20136.687
4303707,Campina das Missões - RS,2024,341.0,2991.8,849.0,1206.0,356.0,31626.972
4303806,Campinas do Sul - RS,2024,345.0,3619.9,866.0,1314.0,352.0,43492.621
4303905,Campo Bom - RS,2024,5216.0,3510.32,24394.0,31041.0,5346.0,1137063.405
4304002,Campo Novo - RS,2024,319.0,3169.1,1145.0,1511.0,336.0,46595.663
4304101,Campos Borges - RS,2024,234.0,2857.35,588.0,835.0,238.0,21887.612
4304200,Candelária - RS,2024,1196.0,2673.63,5933.0,7334.0,1245.0,214104.293
4304309,Cândido Godói - RS,2024,343.0,3365.88,1368.0,1734.0,357.0,58708.07
4304358,Candiota - RS,2024,428.0,5631.62,2573.0,2974.0,450.0,197329.993
4304408,Canela - RS,2024,4024.0,3343.77,10398.0,15272.0,4223.0,470714.48
4304507,Canguçu - RS,2024,1810.0,3216.56,5198.0,7407.0,1899.0,222738.624
4304606,Canoas - RS,2024,21258.0,3860.07,88448.0,115170.0,22362.0,4484768.714
4304614,Canudos do Vale - RS,2024,103.0,3145.43,177.0,272.0,104.0,7687.011
4304622,Capão Bonito do Sul - RS,2024,93.0,4327.68,247.0,330.0,95.0,15279.041
4304630,Capão da Canoa - RS,2024,5920.0,2952.82,14325.0,20440.0,6147.0,526944.089
4304655,Capão do Cipó - RS,2024,106.0,4634.68,386.0,485.0,108.0,23868.981
4304663,Capão do Leão - RS,2024,735.0,3217.54,3581.0,4390.0,759.0,154267.846
4304671,Capivari do Sul - RS,2024,331.0,3466.79,1235.0,1615.0,336.0,54310.474
4304689,Capela de Santana - RS,2024,419.0,2772.79,1516.0,1945.0,423.0,56873.094
4304697,Capitão - RS,2024,132.0,3003.91,485.0,620.0,133.0,19041.605
4304705,Carazinho - RS,2024,3977.0,3346.47,14479.0,19427.0,4198.0,646070.991
4304713,Caraá - RS,2024,264.0,2426.6,936.0,1203.0,271.0,35124.664
4304804,Carlos Barbosa - RS,2024,2463.0,4736.57,14740.0,17850.0,2577.0,914701.731
4304853,Carlos Gomes - RS,2024,56.0,3587.22,171.0,216.0,56.0,7795.785
4304903,Casca - RS,2024,910.0,3272.17,3209.0,4435.0,932.0,136737.428
4304952,Caseiros - RS,2024,189.0,3213.98,452.0,641.0,192.0,20781.399
4305009,Catuípe - RS,2024,427.0,3202.08,1109.0,1574.0,442.0,48618.281
4305108,Caxias do Sul - RS,2024,40286.0,4091.74,167849.0,220628.0,42456.0,9047078.305
4305116,Centenário - RS,2024,146.0,3380.12,363.0,505.0,147.0,15772.802
4305124,Cerrito - RS,2024,131.0,2813.89,461.0,586.0,137.0,17183.721
4305132,Cerro Branco - RS,2024,131.0,3246.83,399.0,517.0,132.0,17167.563
4305157,Cerro Grande - RS,2024,104.0,2951.24,261.0,351.0,106.0,11432.319
4305173,Cerro Grande do Sul - RS,2024,350.0,2991.06,1062.0,1457.0,359.0,42515.596
4305207,Cerro Largo - RS,2024,812.0,3261.15,3416.0,4436.0,846.0,142037.854
4305306,Chapada - RS,2024,575.0,2932.6,2215.0,2902.0,601.0,86648.891
4305355,Charqueadas - RS,2024,1619.0,3728.13,7044.0,8863.0,1700.0,340498.621
4305371,Charrua - RS,2024,114.0,3718.02,215.0,348.0,114.0,11515.166
4305405,Chiapetta - RS,2024,254.0,2649.41,716.0,998.0,256.0,28762.141
4305439,Chuí - RS,2024,599.0,2374.59,2259.0,2950.0,671.0,68725.034
4305447,Chuvisca - RS,2024,140.0,3320.71,375.0,513.0,142.0,17774.93
4305454,Cidreira - RS,2024,669.0,2881.65,2081.0,2750.0,692.0,77422.326
4305504,Ciríaco - RS,2024,302.0,2623.39,572.0,906.0,305.0,21967.821
4305587,Colinas - RS,2024,180.0,3017.38,395.0,603.0,181.0,16296.421
4305603,Colorado - RS,2024,180.0,3842.42,505.0,709.0,189.0,26925.333
4305702,Condor - RS,2024,469.0,3495.8,2032.0,2619.0,489.0,94948.176
4305801,Constantina - RS,2024,740.0,2854.41,2053.0,2957.0,762.0,80978.558
4305835,Coqueiro Baixo - RS,2024,69.0,3795.25,139.0,225.0,70.0,6922.646
4305850,Coqueiros do Sul - RS,2024,126.0,3728.5,295.0,431.0,131.0,15698.122
4305871,Coronel Barros - RS,2024,181.0,3900.13,493.0,685.0,184.0,25420.336
4305900,Coronel Bicaco - RS,2024,283.0,3180.76,903.0,1186.0,304.0,36908.872
4305934,Coronel Pilar - RS,2024,80.0,4035.72,182.0,277.0,81.0,9394.257
4305959,Cotiporã - RS,2024,262.0,3084.05,852.0,1169.0,265.0,34453.606
4305975,Coxilha - RS,2024,153.0,4706.11,643.0,819.0,158.0,40757.714
4306007,Crissiumal - RS,2024,617.0,2805.49,2455.0,3154.0,644.0,90041.231
4306056,Cristal - RS,2024,368.0,2748.29,1099.0,1505.0,383.0,39405.612
4306072,Cristal do Sul - RS,2024,122.0,2914.71,273.0,375.0,123.0,10861.143
4306106,Cruz Alta - RS,2024,3452.0,3468.71,12742.0,17023.0,3674.0,594722.157
4306130,Cruzaltense - RS,2024,81.0,3883.54,192.0,270.0,82.0,11442.655
4306205,Cruzeiro do Sul - RS,2024,684.0,3511.31,2874.0,3737.0,702.0,133704.202
4306304,David Canabarro - RS,2024,338.0,2935.55,620.0,1036.0,346.0,24695.848
4306320,Derrubadas - RS,2024,90.0,3361.0,394.0,466.0,96.0,17187.518
4306353,Dezesseis de Novembro - RS,2024,87.0,3444.33,204.0,283.0,88.0,9012.566
4306379,Dilermando de Aguiar - RS,2024,102.0,3282.28,334.0,423.0,103.0,15076.475
4306403,Dois Irmãos - RS,2024,2230.0,3426.25,12917.0,15853.0,2309.0,550520.681
4306429,Dois Irmãos das Missões - RS,2024,83.0,3318.72,248.0,323.0,86.0,11805.334
4306452,Dois Lajeados - RS,2024,295.0,2935.99,638.0,1006.0,299.0,25949.947
4306502,Dom Feliciano - RS,2024,406.0,2793.91,1093.0,1504.0,422.0,43164.697
4306551,Dom Pedro de Alcântara - RS,2024,159.0,3009.74,323.0,467.0,160.0,15485.166
4306601,Dom Pedrito - RS,2024,1530.0,3196.02,5613.0,7437.0,1671.0,234302.459
4306700,Dona Francisca - RS,2024,128.0,3212.12,400.0,522.0,132.0,16304.648
4306734,Doutor Maurício Cardoso - RS,2024,177.0,3377.46,527.0,702.0,185.0,24043.892
4306759,Doutor Ricardo - RS,2024,125.0,3033.12,332.0,487.0,130.0,12810.212
4306767,Eldorado do Sul - RS,2024,1719.0,5273.7,16120.0,18193.0,1787.0,1140746.831
4306809,Encantado - RS,2024,2127.0,3044.46,7926.0,10750.0,2214.0,316181.266
4306908,Encruzilhada do Sul - RS,2024,1025.0,2923.8,3773.0,4953.0,1067.0,145726.838
4306924,Engenho Velho - RS,2024,59.0,4280.62,165.0,225.0,60.0,10835.243
4306932,Entre-Ijuís - RS,2024,431.0,3495.85,1583.0,2070.0,453.0,70471.84
4306957,Entre Rios do Sul - RS,2024,176.0,3183.27,346.0,519.0,184.0,16153.254
4306973,Erebango - RS,2024,126.0,3842.01,295.0,430.0,129.0,15013.799
4307005,Erechim - RS,2024,9755.0,3632.67,42116.0,55546.0,10282.0,1955846.831
4307054,Ernestina - RS,2024,248.0,3146.89,561.0,863.0,258.0,23618.701
4307104,Herval - RS,2024,221.0,2560.94,606.0,819.0,225.0,20300.296
4307203,Erval Grande - RS,2024,263.0,2763.59,761.0,1068.0,270.0,26999.568
4307302,Erval Seco - RS,2024,326.0,2793.79,843.0,1193.0,340.0,30646.509
4307401,Esmeralda - RS,2024,191.0,3483.98,452.0,639.0,199.0,23194.359
4307450,Esperança do Sul - RS,2024,111.0,3314.91,389.0,501.0,113.0,17062.161
4307500,Espumoso - RS,2024,1069.0,3421.71,3320.0,4656.0,1104.0,151734.948
4307559,Estação - RS,2024,430.0,3749.37,1953.0,2479.0,444.0,95564.756
4307609,Estância Velha - RS,2024,3555.0,3150.1,13859.0,18481.0,3642.0,560876.115
4307708,Esteio - RS,2024,4506.0,3643.04,20592.0,26018.0,4725.0,992034.41
4307807,Estrela - RS,2024,2719.0,3233.71,11832.0,15431.0,2795.0,520120.955
4307815,Estrela Velha - RS,2024,121.0,3682.29,449.0,563.0,123.0,22108.66
4307831,Eugênio de Castro - RS,2024,145.0,3744.85,342.0,487.0,149.0,16546.887
4307864,Fagundes Varela - RS,2024,190.0,3213.72,550.0,822.0,195.0,23946.906
4307906,Farroupilha - RS,2024,5552.0,3926.34,26734.0,33934.0,5841.0,1406153.766
4308003,Faxinal do Soturno - RS,2024,530.0,3013.21,1510.0,2296.0,543.0,59754.145
4308052,Faxinalzinho - RS,2024,131.0,2982.61,258.0,396.0,136.0,9970.716
4308078,Fazenda Vilanova - RS,2024,287.0,2648.18,899.0,1222.0,289.0,30174.361
4308102,Feliz - RS,2024,1063.0,3217.32,3898.0,5205.0,1099.0,169894.024
4308201,Flores da Cunha - RS,2024,3324.0,3840.19,12789.0,17419.0,3428.0,650085.686
4308250,Floriano Peixoto - RS,2024,68.0,3595.16,201.0,262.0,68.0,10073.229
4308300,Fontoura Xavier - RS,2024,464.0,3284.09,1171.0,1699.0,476.0,53547.887
4308409,Formigueiro - RS,2024,210.0,3130.62,808.0,1019.0,215.0,31713.144
4308433,Forquetinha - RS,2024,109.0,2685.69,342.0,457.0,110.0,11889.598
4308458,Fortaleza dos Valos - RS,2024,283.0,3304.85,695.0,1028.0,291.0,30067.288
4308508,Frederico Westphalen - RS,2024,2970.0,2903.47,9827.0,13639.0,3077.0,375735.255
4308607,Garibaldi - RS,2024,3769.0,3704.88,16435.0,21338.0,3913.0,804027.426
4308656,Garruchos - RS,2024,100.0,4841.34,293.0,384.0,102.0,20749.842
4308706,Gaurama - RS,2024,374.0,3296.45,918.0,1367.0,383.0,40757.846
4308805,General Câmara - RS,2024,311.0,2932.06,699.0,976.0,321.0,25911.436
4308854,Gentil - RS,2024,105.0,3291.75,279.0,392.0,108.0,13208.839
4308904,Getúlio Vargas - RS,2024,1476.0,3144.52,4171.0,6126.0,1514.0,169450.8
4309001,Giruá - RS,2024,924.0,3221.67,2846.0,3955.0,979.0,118756.15
4309050,Glorinha - RS,2024,446.0,3444.56,1971.0,2532.0,455.0,90741.701
4309100,Gramado - RS,2024,5868.0,3369.94,20504.0,28091.0,6328.0,932846.389
4309126,Gramado dos Loureiros - RS,2024,84.0,3600.01,249.0,311.0,85.0,12621.98
4309159,Gramado Xavier - RS,2024,117.0,3242.52,310.0,433.0,118.0,13775.529
4309209,Gravataí - RS,2024,13157.0,3596.85,60533.0,76529.0,13940.0,2870848.177
4309258,Guabiju - RS,2024,127.0,3272.69,275.0,400.0,128.0,11324.615
4309308,Guaíba - RS,2024,4274.0,4343.32,20108.0,25239.0,4487.0,1138346.784
4309407,Guaporé - RS,2024,2519.0,2901.42,9425.0,12845.0,2636.0,351060.061
4309506,Guarani das Missões - RS,2024,388.0,2925.74,1115.0,1571.0,408.0,44501.325
4309555,Harmonia - RS,2024,355.0,3161.39,1608.0,2038.0,365.0,70198.007
4309571,Herveiras - RS,2024,79.0,3489.54,206.0,276.0,80.0,10674.594
4309605,Horizontina - RS,2024,1225.0,4473.13,5652.0,7314.0,1261.0,343935.073
4309654,Hulha Negra - RS,2024,157.0,2567.09,2263.0,2405.0,165.0,136122.487
4309704,Humaitá - RS,2024,261.0,2925.88,916.0,1205.0,270.0,33624.185
4309753,Ibarama - RS,2024,147.0,2927.18,364.0,507.0,149.0,13822.488
4309803,Ibiaçá - RS,2024,348.0,3123.38,700.0,1147.0,355.0,30011.581
4309902,Ibiraiaras - RS,2024,413.0,3612.62,1154.0,1658.0,430.0,53691.246
4309951,Ibirapuitã - RS,2024,170.0,2893.77,421.0,593.0,174.0,17096.307
4310009,Ibirubá - RS,2024,1888.0,3726.25,7008.0,9327.0,1986.0,351923.403
4310108,Igrejinha - RS,2024,2653.0,2894.08,13280.0,16540.0,2753.0,514278.41
4310207,Ijuí - RS,2024,7084.0,3674.36,25300.0,34502.0,7469.0,1211400.61
4310306,Ilópolis - RS,2024,298.0,2756.66,717.0,1096.0,304.0,26494.363
4310330,Imbé - RS,2024,1345.0,2604.43,5068.0,6593.0,1388.0,163193.74
4310363,Imigrante - RS,2024,236.0,3579.92,1273.0,1553.0,240.0,61058.244
4310405,Independência - RS,2024,268.0,3517.53,1151.0,1470.0,282.0,51192.321
4310413,Inhacorá - RS,2024,101.0,3112.41,189.0,273.0,101.0,10103.614
4310439,Ipê - RS,2024,428.0,2988.28,1072.0,1634.0,441.0,42453.097
4310462,Ipiranga do Sul - RS,2024,127.0,3678.54,201.0,341.0,129.0,11929.441
4310504,Iraí - RS,2024,376.0,2596.56,852.0,1241.0,380.0,30634.255
4310538,Itaara - RS,2024,287.0,3747.35,1233.0,1550.0,304.0,58238.428
4310553,Itacurubi - RS,2024,118.0,3463.95,373.0,479.0,127.0,15969.477
4310579,Itapuca - RS,2024,96.0,3532.37,182.0,273.0,96.0,9369.673
4310603,Itaqui - RS,2024,1587.0,2935.14,6620.0,8419.0,1670.0,250337.502
4310652,Itati - RS,2024,109.0,2746.7,370.0,473.0,110.0,14905.598
4310702,Itatiba do Sul - RS,2024,163.0,2874.9,309.0,473.0,169.0,11806.739
4310751,Ivorá - RS,2024,94.0,4235.56,173.0,263.0,96.0,9641.96
4310801,Ivoti - RS,2024,2097.0,3624.45,8302.0,11102.0,2165.0,398143.681
4310850,Jaboticaba - RS,2024,215.0,2930.56,468.0,693.0,222.0,17100.7
4310876,Jacuizinho - RS,2024,67.0,3417.88,283.0,346.0,69.0,12818.323
4310900,Jacutinga - RS,2024,234.0,3563.82,601.0,878.0,245.0,29200.655
4311007,Jaguarão - RS,2024,1289.0,2791.78,3927.0,5500.0,1377.0,144680.954
4311106,Jaguari - RS,2024,551.0,2931.12,1487.0,2090.0,579.0,55932.475
4311122,Jaquirana - RS,2024,202.0,2527.8,629.0,854.0,212.0,23399.917
4311130,Jari - RS,2024,85.0,3694.05,322.0,401.0,86.0,15689.942
4311155,Jóia - RS,2024,292.0,3888.92,690.0,953.0,301.0,35838.578
4311205,Júlio de Castilhos - RS,2024,1014.0,3364.9,2903.0,4035.0,1082.0,128659.229
4311239,Lagoa Bonita do Sul - RS,2024,81.0,3071.7,217.0,291.0,81.0,9358.486
4311254,Lagoão - RS,2024,150.0,3210.12,369.0,508.0,153.0,17853.59
4311270,Lagoa dos Três Cantos - RS,2024,133.0,3471.08,294.0,421.0,136.0,14191.5
4311304,Lagoa Vermelha - RS,2024,1976.0,2690.29,5912.0,8371.0,2053.0,212343.242
4311403,Lajeado - RS,2024,9654.0,3433.37,40152.0,52927.0,10372.0,1801097.606
4311429,Lajeado do Bugre - RS,2024,80.0,2487.46,268.0,342.0,81.0,9578.204
4311502,Lavras do Sul - RS,2024,308.0,2879.53,1045.0,1365.0,325.0,38421.059
4311601,Liberato Salzano - RS,2024,196.0,3050.08,516.0,725.0,200.0,21633.984
4311627,Lindolfo Collor - RS,2024,254.0,3114.85,2184.0,2474.0,262.0,90994.777
4311643,Linha Nova - RS,2024,90.0,3174.06,233.0,335.0,92.0,10074.305
4311700,Machadinho - RS,2024,405.0,2910.9,787.0,1235.0,415.0,31772.62
4311718,Maçambará - RS,2024,124.0,4204.17,493.0,605.0,127.0,26384.321
4311734,Mampituba - RS,2024,81.0,2938.68,240.0,309.0,83.0,11983.472
4311759,Manoel Viana - RS,2024,291.0,3125.11,713.0,1028.0,295.0,28860.226
4311775,Maquiné - RS,2024,264.0,2931.57,935.0,1221.0,270.0,35052.855
4311791,Maratá - RS,2024,157.0,3378.68,339.0,509.0,157.0,14780.933
4311809,Marau - RS,2024,3421.0,3306.64,16788.0,21197.0,3630.0,730504.251
4311908,Marcelino Ramos - RS,2024,455.0,3265.62,726.0,1260.0,471.0,30456.661
4311981,Mariana Pimentel - RS,2024,166.0,3257.39,346.0,520.0,169.0,15376.704
4312005,Mariano Moro - RS,2024,118.0,3291.02,313.0,432.0,119.0,13448.488
4312054,Marques de Souza - RS,2024,300.0,2884.62,623.0,950.0,305.0,23965.163
4312104,Mata - RS,2024,238.0,2504.96,573.0,820.0,246.0,18793.321
4312138,Mato Castelhano - RS,2024,140.0,3438.58,361.0,494.0,145.0,17851.554
4312153,Mato Leitão - RS,2024,371.0,2778.19,1296.0,1747.0,373.0,50221.469
4312179,Mato Queimado - RS,2024,76.0,3375.03,200.0,272.0,77.0,9011.125
4312203,Maximiliano de Almeida - RS,2024,324.0,3135.19,598.0,963.0,329.0,24241.358
4312252,Minas do Leão - RS,2024,316.0,2874.94,1197.0,1517.0,321.0,48432.156
4312302,Miraguaí - RS,2024,192.0,2447.67,838.0,1014.0,200.0,31140.019
4312351,Montauri - RS,2024,146.0,4120.2,374.0,532.0,148.0,19418.048
4312377,Monte Alegre dos Campos - RS,2024,74.0,2424.74,427.0,499.0,76.0,13480.849
4312385,Monte Belo do Sul - RS,2024,192.0,3663.61,355.0,579.0,196.0,18635.929
4312401,Montenegro - RS,2024,3783.0,4029.66,20295.0,25055.0,4017.0,1065650.755
4312427,Mormaço - RS,2024,135.0,3581.65,380.0,510.0,137.0,18313.549
4312443,Morrinhos do Sul - RS,2024,172.0,3331.37,337.0,540.0,172.0,15902.206
4312450,Morro Redondo - RS,2024,246.0,2743.86,916.0,1196.0,257.0,30759.09
4312476,Morro Reuter - RS,2024,390.0,2739.1,1686.0,2190.0,395.0,66054.075
4312500,Mostardas - RS,2024,582.0,2583.09,2348.0,3002.0,598.0,78509.03
4312609,Muçum - RS,2024,442.0,2423.85,2183.0,2729.0,459.0,72430.569
4312617,Muitos Capões - RS,2024,132.0,3761.15,503.0,666.0,137.0,25221.969
4312625,Muliterno - RS,2024,86.0,2803.65,177.0,261.0,87.0,9814.584
4312658,Não-Me-Toque - RS,2024,1320.0,4360.08,9033.0,10649.0,1381.0,529761.145
4312674,Nicolau Vergueiro - RS,2024,127.0,3635.77,243.0,373.0,131.0,12337.115
4312708,Nonoai - RS,2024,761.0,3148.31,2068.0,2971.0,786.0,86393.331
4312757,Nova Alvorada - RS,2024,276.0,4014.81,1070.0,1397.0,285.0,56472.877
4312807,Nova Araçá - RS,2024,410.0,2784.85,1978.0,2438.0,417.0,71264.671
4312906,Nova Bassano - RS,2024,843.0,3482.07,3743.0,4734.0,863.0,177365.041
4312955,Nova Boa Vista - RS,2024,140.0,2819.03,774.0,938.0,145.0,27061.512
4313003,Nova Bréscia - RS,2024,222.0,3364.27,579.0,885.0,224.0,25851.597
4313011,Nova Candelária - RS,2024,219.0,3438.31,966.0,1206.0,225.0,43337.405
4313037,Nova Esperança do Sul - RS,2024,292.0,2122.26,1588.0,1888.0,299.0,46827.636
4313060,Nova Hartz - RS,2024,945.0,2655.95,7258.0,8364.0,994.0,266133.657
4313086,Nova Pádua - RS,2024,201.0,3430.49,356.0,624.0,203.0,16592.103
4313102,Nova Palma - RS,2024,311.0,3517.22,1000.0,1365.0,327.0,44614.111
4313201,Nova Petrópolis - RS,2024,2094.0,3381.64,6747.0,9412.0,2214.0,307555.265
4313300,Nova Prata - RS,2024,2665.0,3440.67,8628.0,12140.0,2729.0,386029.536
4313334,Nova Ramada - RS,2024,94.0,4569.45,324.0,405.0,99.0,20336.554
4313359,Nova Roma do Sul - RS,2024,278.0,4091.73,576.0,886.0,281.0,31132.535
4313375,Nova Santa Rita - RS,2024,1456.0,4192.34,11016.0,12744.0,1500.0,593785.56
4313391,Novo Cabrais - RS,2024,186.0,3108.2,475.0,658.0,190.0,19919.645
4313409,Novo Hamburgo - RS,2024,21596.0,3370.35,77467.0,105923.0,22436.0,3438585.99
4313425,Novo Machado - RS,2024,98.0,3700.94,353.0,439.0,114.0,16778.195
4313441,Novo Tiradentes - RS,2024,82.0,2412.58,251.0,314.0,83.0,8927.958
4313466,Novo Xingu - RS,2024,93.0,3348.38,242.0,331.0,94.0,10976.266
4313490,Novo Barreiro - RS,2024,240.0,3017.56,453.0,685.0,246.0,19461.119
4313508,Osório - RS,2024,3059.0,3161.45,12057.0,15732.0,3231.0,507050.638
4313607,Paim Filho - RS,2024,258.0,2934.94,528.0,819.0,272.0,21071.44
4313656,Palmares do Sul - RS,2024,642.0,3135.84,1637.0,2347.0,665.0,71710.067
4313706,Palmeira das Missões - RS,2024,2133.0,3332.28,5363.0,7977.0,2234.0,236677.594
4313805,Palmitinho - RS,2024,546.0,2664.53,1322.0,1959.0,555.0,44346.118
4313904,Panambi - RS,2024,2943.0,4229.37,15174.0,19008.0,3049.0,834016.523
4313953,Pantano Grande - RS,2024,503.0,2618.41,2822.0,3377.0,524.0,95248.095
4314001,Paraí - RS,2024,717.0,3154.51,3061.0,3968.0,735.0,127553.665
4314027,Paraíso do Sul - RS,2024,261.0,2906.39,717.0,983.0,266.0,29287.914
4314035,Pareci Novo - RS,2024,304.0,2986.4,765.0,1097.0,309.0,30789.144
4314050,Parobé - RS,2024,2441.0,2618.33,13981.0,16795.0,2519.0,496135.495
4314068,Passa Sete - RS,2024,116.0,3776.47,255.0,383.0,119.0,13846.497
4314076,Passo do Sobrado - RS,2024,369.0,3031.68,1133.0,1561.0,375.0,44054.102
4314100,Passo Fundo - RS,2024,18664.0,3731.68,72503.0,96797.0,19686.0,3478663.868
4314134,Paulo Bento - RS,2024,165.0,3712.3,662.0,843.0,166.0,32191.271
4314159,Paverama - RS,2024,379.0,2850.39,1642.0,2068.0,385.0,62835.056
4314175,Pedras Altas - RS,2024,92.0,3709.73,318.0,418.0,92.0,15703.984
4314209,Pedro Osório - RS,2024,270.0,2769.18,935.0,1196.0,282.0,36323.998
4314308,Pejuçara - RS,2024,170.0,3438.13,570.0,773.0,183.0,27166.067
4314407,Pelotas - RS,2024,17866.0,3734.08,73880.0,95482.0,19052.0,3618850.547
4314423,Picada Café - RS,2024,355.0,2856.74,2128.0,2566.0,365.0,87537.316
4314456,Pinhal - RS,2024,197.0,3356.7,915.0,1128.0,204.0,41315.621
4314464,Pinhal da Serra - RS,2024,124.0,4037.01,395.0,515.0,124.0,20539.536
4314472,Pinhal Grande - RS,2024,148.0,3962.31,419.0,559.0,153.0,24228.228
4314498,Pinheirinho do Vale - RS,2024,213.0,2944.3,508.0,738.0,216.0,19455.285
4314506,Pinheiro Machado - RS,2024,438.0,3024.94,1244.0,1688.0,447.0,46327.137
4314548,Pinto Bandeira - RS,2024,192.0,3486.68,347.0,584.0,196.0,17251.42
4314555,Pirapó - RS,2024,76.0,3223.3,258.0,315.0,78.0,10969.327
4314605,Piratini - RS,2024,565.0,2996.69,2628.0,3267.0,603.0,105038.577
4314704,Planalto - RS,2024,570.0,2787.73,1659.0,2349.0,580.0,61811.128
4314753,Poço das Antas - RS,2024,143.0,3105.68,387.0,543.0,144.0,15363.035
4314779,Pontão - RS,2024,190.0,3323.35,465.0,684.0,197.0,23808.579
4314787,Ponte Preta - RS,2024,126.0,3271.13,254.0,393.0,128.0,10368.787
4314803,Portão - RS,2024,2286.0,3692.11,10080.0,12850.0,2379.0,498750.815
4314902,Porto Alegre - RS,2024,146301.0,5306.67,699207.0,892726.0,155013.0,47902895.483
4315008,Porto Lucena - RS,2024,189.0,2965.88,495.0,690.0,193.0,19307.522
4315057,Porto Mauá - RS,2024,122.0,2955.9,302.0,429.0,129.0,11760.478
4315073,Porto Vera Cruz - RS,2024,67.0,3788.91,183.0,242.0,69.0,9421.658
4315107,Porto Xavier - RS,2024,592.0,2841.88,1541.0,2285.0,607.0,58384.816
4315131,Pouso Novo - RS,2024,134.0,2785.55,276.0,409.0,138.0,10982.801
4315149,Presidente Lucena - RS,2024,241.0,2620.19,2527.0,2797.0,245.0,88450.451
4315156,Progresso - RS,2024,276.0,2462.12,729.0,1025.0,276.0,24379.831
4315172,Protásio Alves - RS,2024,169.0,3039.55,281.0,502.0,171.0,11267.064
4315206,Putinga - RS,2024,247.0,2869.0,596.0,876.0,248.0,22933.198
4315305,Quaraí - RS,2024,1244.0,2533.19,3208.0,4570.0,1345.0,105862.95
4315313,Quatro Irmãos - RS,2024,81.0,4033.71,257.0,339.0,81.0,13809.099
4315321,Quevedos - RS,2024,85.0,4033.4,276.0,351.0,89.0,14417.32
4315354,Quinze de Novembro - RS,2024,327.0,3709.52,808.0,1178.0,338.0,39761.467
4315404,Redentora - RS,2024,227.0,2889.91,671.0,874.0,231.0,25203.023
4315453,Relvado - RS,2024,143.0,2948.89,216.0,394.0,145.0,9289.095
4315503,Restinga Sêca - RS,2024,768.0,2830.44,2630.0,3541.0,806.0,98947.288
4315552,Rio dos Índios - RS,2024,103.0,3650.25,249.0,345.0,105.0,12930.549
4315602,Rio Grande - RS,2024,8397.0,4037.82,44795.0,54393.0,9092.0,2357458.835
4315701,Rio Pardo - RS,2024,1081.0,2879.8,4654.0,5838.0,1131.0,177813.908
4315750,Riozinho - RS,2024,239.0,2510.31,1391.0,1660.0,246.0,48862.635
4315800,Roca Sales - RS,2024,656.0,2894.24,2742.0,3530.0,681.0,112298.633
4315909,Rodeio Bonito - RS,2024,464.0,2849.73,1306.0,1803.0,475.0,47917.818
4315958,Rolador - RS,2024,68.0,4678.31,213.0,265.0,70.0,14095.193
4316006,Rolante - RS,2024,1194.0,2535.0,7116.0,8590.0,1230.0,244507.279
4316105,Ronda Alta - RS,2024,620.0,2952.35,1393.0,2123.0,638.0,55348.498
4316204,Rondinha - RS,2024,306.0,3259.82,572.0,941.0,314.0,24676.118
4316303,Roque Gonzales - RS,2024,317.0,3176.67,797.0,1105.0,322.0,32887.922
4316402,Rosário do Sul - RS,2024,1672.0,2891.69,5084.0,7015.0,1756.0,195059.975
4316428,Sagrada Família - RS,2024,112.0,2616.13,379.0,468.0,113.0,14274.191
4316436,Saldanha Marinho - RS,2024,146.0,3845.48,463.0,607.0,154.0,24714.655
4316451,Salto do Jacuí - RS,2024,563.0,3126.91,1679.0,2263.0,580.0,69032.789
4316477,Salvador das Missões - RS,2024,171.0,3800.29,794.0,990.0,185.0,39071.001
4316501,Salvador do Sul - RS,2024,545.0,3716.42,2388.0,3075.0,567.0,116498.821
4316600,Sananduva - RS,2024,1335.0,2991.07,3985.0,5711.0,1398.0,150583.369
4316709,Santa Bárbara do Sul - RS,2024,506.0,3696.84,1573.0,2158.0,538.0,77630.02
4316733,Santa Cecília do Sul - RS,2024,67.0,3716.41,205.0,290.0,68.0,11104.808
4316758,Santa Clara do Sul - RS,2024,468.0,2535.81,2247.0,2788.0,480.0,79580.34
4316808,Santa Cruz do Sul - RS,2024,10852.0,3883.94,45978.0,60395.0,11396.0,2468395.966
4316907,Santa Maria - RS,2024,16445.0,4125.18,70286.0,90818.0,17744.0,3762951.48
4316956,Santa Maria do Herval - RS,2024,326.0,2689.1,1683.0,2076.0,338.0,60973.898
4316972,Santa Margarida do Sul - RS,2024,110.0,3388.7,292.0,386.0,113.0,15238.413
4317004,Santana da Boa Vista - RS,2024,282.0,2809.03,667.0,948.0,290.0,25468.718
4317103,Sant'Ana do Livramento - RS,2024,4466.0,2781.8,13602.0,19307.0,4919.0,505593.246
4317202,Santa Rosa - RS,2024,5305.0,3343.37,25284.0,32384.0,5589.0,1098996.472
4317251,Santa Tereza - RS,2024,108.0,3698.98,166.0,272.0,110.0,8311.315
4317301,Santa Vitória do Palmar - RS,2024,1342.0,3080.25,4976.0,6549.0,1442.0,213844.166
4317400,Santiago - RS,2024,2485.0,2981.59,8213.0,11329.0,2650.0,314046.768
4317509,Santo Ângelo - RS,2024,5263.0,3127.78,19203.0,25718.0,5577.0,793007.0
4317558,Santo Antônio do Palma - RS,2024,121.0,2914.19,311.0,445.0,122.0,13911.188
4317608,Santo Antônio da Patrulha - RS,2024,2527.0,2966.47,10558.0,13689.0,2650.0,411817.231
4317707,Santo Antônio das Missões - RS,2024,394.0,2994.67,1148.0,1546.0,410.0,45412.609
4317756,Santo Antônio do Planalto - RS,2024,134.0,3606.65,447.0,593.0,139.0,22972.495
4317806,Santo Augusto - RS,2024,827.0,2840.99,2973.0,3974.0,864.0,111284.341
4317905,Santo Cristo - RS,2024,886.0,3248.21,3903.0,5172.0,925.0,148356.034
4317954,Santo Expedito do Sul - RS,2024,131.0,3623.3,255.0,368.0,133.0,12282.085
4318002,São Borja - RS,2024,2796.0,3224.46,11215.0,14312.0,2958.0,467024.323
4318051,São Domingos do Sul - RS,2024,256.0,2491.54,528.0,836.0,261.0,17576.78
4318101,São Francisco de Assis - RS,2024,613.0,2964.81,1848.0,2508.0,636.0,70621.96
4318200,São Francisco de Paula - RS,2024,1328.0,2978.31,4913.0,6455.0,1427.0,188679.037
4318309,São Gabriel - RS,2024,2121.0,3173.53,9152.0,11752.0,2250.0,343980.342
4318408,São Jerônimo - RS,2024,881.0,2784.49,4390.0,5372.0,912.0,156452.363
4318424,São João da Urtiga - RS,2024,339.0,2854.33,655.0,1028.0,355.0,25896.112
4318432,São João do Polêsine - RS,2024,229.0,3058.11,833.0,1109.0,234.0,29132.82
4318440,São Jorge - RS,2024,190.0,2782.11,421.0,616.0,192.0,16127.809
4318457,São José das Missões - RS,2024,80.0,3255.47,287.0,354.0,83.0,13711.195
4318465,São José do Herval - RS,2024,114.0,2806.23,389.0,513.0,122.0,15044.764
4318481,São José do Hortêncio - RS,2024,233.0,2948.35,902.0,1170.0,236.0,36604.148
4318499,São José do Inhacorá - RS,2024,207.0,3801.06,803.0,1024.0,210.0,43562.152
4318507,São José do Norte - RS,2024,910.0,3224.89,3954.0,4868.0,944.0,272164.997
4318606,São José do Ouro - RS,2024,543.0,2714.39,1493.0,2127.0,566.0,54012.075
4318614,São José do Sul - RS,2024,153.0,3141.42,480.0,640.0,154.0,19324.759
4318622,São José dos Ausentes - RS,2024,246.0,2585.3,838.0,1068.0,255.0,28643.514
4318705,São Leopoldo - RS,2024,12148.0,4666.91,58555.0,74043.0,12824.0,3575040.768
4318804,São Lourenço do Sul - RS,2024,1719.0,3139.36,5563.0,7700.0,1811.0,232551.542
4318903,São Luiz Gonzaga - RS,2024,1941.0,3101.53,6693.0,8918.0,2038.0,270786.767
4319000,São Marcos - RS,2024,1704.0,3705.9,7982.0,10436.0,1761.0,390595.703
4319109,São Martinho - RS,2024,427.0,2690.82,1245.0,1765.0,438.0,43210.889
4319125,São Martinho da Serra - RS,2024,96.0,4549.45,279.0,372.0,100.0,16997.643
4319158,São Miguel das Missões - RS,2024,345.0,3184.43,1050.0,1461.0,354.0,43842.505
4319208,São Nicolau - RS,2024,168.0,2757.82,341.0,485.0,171.0,17434.283
4319307,São Paulo das Missões - RS,2024,229.0,3027.12,722.0,938.0,233.0,28656.184
4319356,São Pedro da Serra - RS,2024,198.0,3199.29,830.0,1065.0,201.0,36776.588
4319364,São Pedro das Missões - RS,2024,67.0,3037.83,250.0,305.0,71.0,11133.537
4319372,São Pedro do Butiá - RS,2024,238.0,2687.41,551.0,808.0,242.0,19565.031
4319406,São Pedro do Sul - RS,2024,683.0,2818.7,2020.0,2755.0,726.0,75263.79
4319505,São Sebastião do Caí - RS,2024,1596.0,3119.55,7074.0,9014.0,1651.0,292503.326
4319604,São Sepé - RS,2024,1032.0,3167.29,3491.0,4705.0,1097.0,143876.258
4319703,São Valentim - RS,2024,210.0,2836.62,605.0,859.0,216.0,19399.396
4319711,São Valentim do Sul - RS,2024,170.0,3067.36,438.0,626.0,176.0,19390.343
4319737,São Valério do Sul - RS,2024,56.0,3179.17,246.0,297.0,58.0,11210.975
4319752,São Vendelino - RS,2024,230.0,3335.13,641.0,899.0,237.0,28099.077
4319802,São Vicente do Sul - RS,2024,364.0,3022.06,985.0,1369.0,381.0,38666.395
4319901,Sapiranga - RS,2024,5271.0,2704.47,22830.0,29683.0,5485.0,844521.404
4320008,Sapucaia do Sul - RS,2024,5152.0,3607.3,22312.0,28481.0,5384.0,1071687.777
4320107,Sarandi - RS,2024,1830.0,3129.36,7574.0,9779.0,1929.0,322739.977
4320206,Seberi - RS,2024,738.0,2925.04,4403.0,5318.0,764.0,164519.923
4320230,Sede Nova - RS,2024,136.0,3164.15,392.0,505.0,143.0,16147.112
4320263,Segredo - RS,2024,192.0,3017.4,500.0,714.0,197.0,20551.023
4320305,Selbach - RS,2024,340.0,3435.45,1008.0,1390.0,351.0,46245.453
4320321,Senador Salgado Filho - RS,2024,120.0,3402.98,319.0,420.0,123.0,15318.099
4320354,Sentinela do Sul - RS,2024,238.0,2869.22,674.0,919.0,243.0,25181.521
4320404,Serafina Corrêa - RS,2024,1454.0,3192.26,6533.0,8476.0,1494.0,271168.12
4320453,Sério - RS,2024,131.0,2902.09,248.0,384.0,132.0,10038.46
4320503,Sertão - RS,2024,349.0,3400.1,667.0,1054.0,355.0,31998.659
4320552,Sertão Santana - RS,2024,280.0,3236.51,902.0,1223.0,283.0,37172.893
4320578,Sete de Setembro - RS,2024,79.0,3578.82,237.0,321.0,82.0,11050.533
4320602,Severiano de Almeida - RS,2024,229.0,3501.13,467.0,716.0,234.0,22684.967
4320651,Silveira Martins - RS,2024,134.0,3166.49,339.0,497.0,135.0,13540.205
4320677,Sinimbu - RS,2024,301.0,3085.58,838.0,1178.0,312.0,37088.5
4320701,Sobradinho - RS,2024,972.0,2647.23,2752.0,3966.0,1008.0,98044.153
4320800,Soledade - RS,2024,2133.0,2906.04,7586.0,10176.0,2236.0,280786.146
4320859,Tabaí - RS,2024,279.0,2685.24,758.0,1077.0,285.0,28251.132
4320909,Tapejara - RS,2024,1994.0,3083.92,9747.0,12546.0,2058.0,390201.122
4321006,Tapera - RS,2024,807.0,3466.41,2429.0,3407.0,835.0,109140.279
4321105,Tapes - RS,2024,796.0,3119.91,2220.0,3134.0,828.0,86056.072
4321204,Taquara - RS,2024,3543.0,2832.19,11512.0,16045.0,3656.0,441654.422
4321303,Taquari - RS,2024,1498.0,2982.3,5702.0,7459.0,1551.0,226619.895
4321329,Taquaruçu do Sul - RS,2024,223.0,2907.11,506.0,737.0,226.0,19433.647
4321352,Tavares - RS,2024,235.0,2440.59,581.0,811.0,240.0,19524.928
4321402,Tenente Portela - RS,2024,892.0,2965.79,3050.0,4061.0,942.0,119194.185
4321436,Terra de Areia - RS,2024,630.0,2527.28,2130.0,2853.0,645.0,73529.005
4321451,Teutônia - RS,2024,2556.0,3075.11,11030.0,14366.0,2671.0,453997.097
4321469,Tio Hugo - RS,2024,267.0,3437.87,703.0,989.0,273.0,33705.571
4321477,Tiradentes do Sul - RS,2024,194.0,2915.05,453.0,644.0,205.0,17520.304
4321493,Toropi - RS,2024,93.0,3432.62,265.0,352.0,96.0,12531.313
4321501,Torres - RS,2024,3935.0,2964.86,10563.0,14806.0,4093.0,385144.0
4321600,Tramandaí - RS,2024,3521.0,2782.31,10042.0,13906.0,3655.0,352304.155
4321626,Travesseiro - RS,2024,139.0,2596.58,486.0,631.0,142.0,17817.855
4321634,Três Arroios - RS,2024,203.0,3244.55,773.0,1000.0,206.0,32968.472
4321667,Três Cachoeiras - RS,2024,1026.0,2751.0,3082.0,4299.0,1039.0,108448.714
4321709,Três Coroas - RS,2024,1793.0,2548.21,7245.0,9574.0,1854.0,252722.289
4321808,Três de Maio - RS,2024,1773.0,3134.84,6974.0,9292.0,1835.0,284816.838
4321832,Três Forquilhas - RS,2024,85.0,3030.24,333.0,419.0,87.0,12835.468
4321857,Três Palmeiras - RS,2024,298.0,2800.12,582.0,877.0,302.0,23735.667
4321907,Três Passos - RS,2024,1776.0,2859.51,6843.0,9042.0,1860.0,252465.018
4321956,Trindade do Sul - RS,2024,472.0,2955.27,2791.0,3336.0,483.0,111381.259
4322004,Triunfo - RS,2024,1427.0,5304.11,15449.0,16947.0,1482.0,1035476.513
4322103,Tucunduva - RS,2024,349.0,2877.01,905.0,1305.0,374.0,34037.999
4322152,Tunas - RS,2024,107.0,2906.03,402.0,491.0,110.0,15246.62
4322186,Tupanci do Sul - RS,2024,85.0,3685.94,188.0,267.0,85.0,9530.265
4322202,Tupanciretã - RS,2024,909.0,3366.37,3122.0,4163.0,973.0,140894.27
4322251,Tupandi - RS,2024,370.0,3829.8,3339.0,3805.0,383.0,171388.945
4322301,Tuparendi - RS,2024,439.0,3126.65,1225.0,1775.0,463.0,51223.806
4322327,Turuçu - RS,2024,138.0,2971.04,490.0,648.0,140.0,19191.267
4322343,Ubiretama - RS,2024,79.0,4076.17,232.0,290.0,86.0,11837.487
4322350,União da Serra - RS,2024,96.0,3973.95,176.0,281.0,98.0,8980.81
4322376,Unistalda - RS,2024,88.0,2813.65,241.0,316.0,88.0,9190.071
4322400,Uruguaiana - RS,2024,5533.0,2998.43,20381.0,27127.0,5921.0,791103.636
4322509,Vacaria - RS,2024,3659.0,2756.8,18740.0,23456.0,3909.0,740261.131
4322525,Vale Verde - RS,2024,175.0,3169.35,389.0,561.0,179.0,17923.104
4322533,Vale do Sol - RS,2024,270.0,3371.67,794.0,1070.0,274.0,34842.701
4322541,Vale Real - RS,2024,388.0,2947.18,1803.0,2255.0,394.0,70317.539
4322558,Vanini - RS,2024,175.0,2524.9,396.0,621.0,177.0,13062.194
4322608,Venâncio Aires - RS,2024,4285.0,3285.57,18305.0,23511.0,4500.0,863754.734
4322707,Vera Cruz - RS,2024,1307.0,3073.99,5238.0,6838.0,1350.0,221434.166
4322806,Veranópolis - RS,2024,2207.0,3498.68,7848.0,10703.0,2310.0,367095.623
4322855,Vespasiano Corrêa - RS,2024,161.0,3417.24,342.0,545.0,161.0,14616.87
4322905,Viadutos - RS,2024,286.0,3799.7,487.0,821.0,296.0,23997.121
4323002,Viamão - RS,2024,6487.0,3231.52,23503.0,31369.0,6767.0,996401.018
4323101,Vicente Dutra - RS,2024,110.0,3321.78,335.0,431.0,112.0,14285.863
4323200,Victor Graeff - RS,2024,227.0,3503.6,675.0,925.0,235.0,30926.275
4323309,Vila Flores - RS,2024,327.0,3594.41,1486.0,1884.0,329.0,69054.492
4323358,Vila Lângaro - RS,2024,103.0,3573.73,481.0,580.0,104.0,23674.793
4323408,Vila Maria - RS,2024,375.0,3731.11,2392.0,2883.0,386.0,104974.346
4323457,Vila Nova do Sul - RS,2024,143.0,3133.62,591.0,749.0,151.0,24770.6
4323507,Vista Alegre - RS,2024,168.0,2998.61,482.0,668.0,170.0,18760.812
4323606,Vista Alegre do Prata - RS,2024,140.0,3885.67,213.0,355.0,141.0,10308.848
4323705,Vista Gaúcha - RS,2024,174.0,3208.96,528.0,695.0,177.0,24330.339
4323754,Vitória das Missões - RS,2024,120.0,3175.96,336.0,445.0,123.0,14502.638
4323770,Westfália - RS,2024,242.0,3226.85,1340.0,1635.0,246.0,52898.929
4323804,Xangri-lá - RS,2024,2259.0,3628.99,5388.0,7762.0,2334.0,233175.176
5000203,Água Clara - MS,2024,1114.0,3162.65,6940.0,8052.0,1194.0,297018.749
5000252,Alcinópolis - MS,2024,274.0,3828.6,681.0,945.0,293.0,35997.432
5000609,Amambai - MS,2024,1552.0,2736.99,5938.0,7670.0,1672.0,230438.136
5000708,Anastácio - MS,2024,749.0,2506.06,3188.0,3924.0,782.0,109859.817
5000807,Anaurilândia - MS,2024,401.0,3643.69,2040.0,2423.0,421.0,91657.451
5000856,Angélica - MS,2024,355.0,4684.56,7021.0,7337.0,376.0,426693.822
5000906,Antônio João - MS,2024,303.0,2875.49,1142.0,1428.0,316.0,41345.314
5001003,Aparecida do Taboado - MS,2024,1420.0,2889.48,11014.0,12523.0,1494.0,398331.771
5001102,Aquidauana - MS,2024,1837.0,2916.12,6868.0,8905.0,1973.0,278768.93
5001243,Aral Moreira - MS,2024,311.0,3060.03,1349.0,1638.0,335.0,66424.024
5001508,Bandeirantes - MS,2024,466.0,3270.57,1630.0,2133.0,499.0,67859.441
5001904,Bataguassu - MS,2024,1304.0,2723.37,6910.0,8259.0,1339.0,248490.287
5002001,Batayporã - MS,2024,575.0,3265.8,2743.0,3310.0,587.0,121229.622
5002100,Bela Vista - MS,2024,786.0,3186.72,2706.0,3483.0,828.0,125321.227
5002159,Bodoquena - MS,2024,400.0,3312.56,1649.0,2026.0,431.0,76612.123
5002209,Bonito - MS,2024,1677.0,2889.69,5723.0,7718.0,1763.0,230909.371
5002308,Brasilândia - MS,2024,595.0,3171.73,2997.0,3548.0,647.0,123477.579
5002407,Caarapó - MS,2024,1325.0,3093.76,8478.0,9930.0,1395.0,347603.234
5002605,Camapuã - MS,2024,765.0,3283.5,1934.0,2829.0,811.0,89029.12
5002704,Campo Grande - MS,2024,55970.0,4518.17,310226.0,381239.0,59605.0,18532504.328
5002803,Caracol - MS,2024,199.0,2835.33,586.0,749.0,204.0,22375.069
5002902,Cassilândia - MS,2024,1248.0,3094.85,3900.0,5335.0,1327.0,159867.376
5002951,Chapadão do Sul - MS,2024,2604.0,3593.74,9857.0,12965.0,2742.0,482539.548
5003108,Corguinho - MS,2024,233.0,2467.46,673.0,919.0,241.0,22329.743
5003157,Coronel Sapucaia - MS,2024,472.0,2473.87,1053.0,1516.0,489.0,41402.485
5003207,Corumbá - MS,2024,3217.0,3514.72,19407.0,22767.0,3499.0,942794.227
5003256,Costa Rica - MS,2024,1492.0,3490.0,5885.0,7619.0,1567.0,283968.333
5003306,Coxim - MS,2024,1604.0,3075.2,5503.0,7288.0,1700.0,229902.699
5003454,Deodápolis - MS,2024,559.0,2630.05,2434.0,3038.0,579.0,86951.411
5003488,Dois Irmãos do Buriti - MS,2024,330.0,2847.98,1530.0,1828.0,355.0,61887.09
5003504,Douradina - MS,2024,212.0,2877.04,710.0,921.0,220.0,27739.592
5003702,Dourados - MS,2024,15015.0,3611.45,68694.0,87808.0,15867.0,3510189.415
5003751,Eldorado - MS,2024,478.0,2828.74,2440.0,2911.0,505.0,91729.617
5003801,Fátima do Sul - MS,2024,933.0,2801.69,4011.0,5093.0,962.0,151371.02
5003900,Figueirão - MS,2024,220.0,3326.81,544.0,749.0,237.0,25242.884
5004007,Glória de Dourados - MS,2024,389.0,2860.09,1160.0,1577.0,409.0,43723.619
5004106,Guia Lopes da Laguna - MS,2024,368.0,2659.3,1247.0,1609.0,380.0,48300.055
5004304,Iguatemi - MS,2024,801.0,2945.21,2416.0,3192.0,829.0,103577.723
5004403,Inocência - MS,2024,809.0,3606.48,4075.0,4838.0,858.0,137867.447
5004502,Itaporã - MS,2024,724.0,3357.72,3169.0,4073.0,751.0,147798.081
5004601,Itaquiraí - MS,2024,673.0,2892.81,5582.0,6309.0,736.0,209803.286
5004700,Ivinhema - MS,2024,1470.0,2747.18,4496.0,6178.0,1534.0,161795.813
5004809,Japorã - MS,2024,136.0,2784.75,549.0,653.0,139.0,22622.502
5004908,Jaraguari - MS,2024,298.0,3522.89,859.0,1144.0,311.0,41610.782
5005004,Jardim - MS,2024,1249.0,2642.94,4218.0,5589.0,1305.0,156330.08
5005103,Jateí - MS,2024,142.0,3626.74,630.0,735.0,149.0,30168.344
5005152,Juti - MS,2024,245.0,2756.81,747.0,976.0,257.0,30665.281
5005202,Ladário - MS,2024,351.0,3210.53,1546.0,1825.0,379.0,82284.364
5005251,Laguna Carapã - MS,2024,279.0,3695.44,1373.0,1691.0,309.0,68237.557
5005400,Maracaju - MS,2024,2846.0,3419.84,9840.0,13563.0,3056.0,459251.434
5005608,Miranda - MS,2024,813.0,2939.59,3543.0,4298.0,868.0,169983.488
5005681,Mundo Novo - MS,2024,958.0,2862.76,3365.0,4346.0,995.0,125805.118
5005707,Naviraí - MS,2024,3126.0,3174.63,12710.0,16446.0,3281.0,560099.847
5005806,Nioaque - MS,2024,429.0,2243.27,1669.0,2077.0,457.0,50048.364
5006002,Nova Alvorada do Sul - MS,2024,996.0,3531.47,5148.0,6210.0,1043.0,263260.029
5006200,Nova Andradina - MS,2024,3135.0,2984.03,13258.0,16952.0,3287.0,527965.695
5006259,Novo Horizonte do Sul - MS,2024,171.0,3062.94,559.0,702.0,176.0,26231.059
5006275,Paraíso das Águas - MS,2024,363.0,4432.49,1353.0,1704.0,384.0,87785.871
5006309,Paranaíba - MS,2024,2588.0,2823.56,9916.0,12885.0,2707.0,382747.057
5006358,Paranhos - MS,2024,289.0,3285.64,842.0,1091.0,300.0,47622.43
5006408,Pedro Gomes - MS,2024,338.0,3183.49,734.0,1078.0,354.0,33169.536
5006606,Ponta Porã - MS,2024,4155.0,3002.54,16195.0,21129.0,4436.0,640029.563
5006903,Porto Murtinho - MS,2024,517.0,3442.19,1596.0,2050.0,578.0,77661.913
5007109,Ribas do Rio Pardo - MS,2024,1792.0,4538.64,11494.0,13295.0,1985.0,903854.016
5007208,Rio Brilhante - MS,2024,1767.0,3989.49,11094.0,13093.0,1880.0,610142.726
5007307,Rio Negro - MS,2024,250.0,2326.28,686.0,914.0,256.0,23052.915
5007406,Rio Verde de Mato Grosso - MS,2024,864.0,2865.94,2534.0,3443.0,908.0,106970.563
5007505,Rochedo - MS,2024,229.0,3079.96,1667.0,1897.0,242.0,66142.452
5007554,Santa Rita do Pardo - MS,2024,380.0,3049.86,1841.0,2219.0,403.0,77319.824
5007695,São Gabriel do Oeste - MS,2024,1872.0,3338.35,9682.0,12147.0,1974.0,422184.01
5007703,Sete Quedas - MS,2024,494.0,3135.06,945.0,1437.0,500.0,41797.562
5007802,Selvíria - MS,2024,377.0,3996.38,2085.0,2414.0,396.0,121051.502
5007901,Sidrolândia - MS,2024,2047.0,2881.55,11729.0,14043.0,2138.0,466260.104
5007935,Sonora - MS,2024,784.0,3854.71,3926.0,4766.0,806.0,209662.79
5007950,Tacuru - MS,2024,284.0,3433.53,787.0,1031.0,298.0,45959.754
5007976,Taquarussu - MS,2024,137.0,3203.49,501.0,606.0,144.0,21215.006
5008008,Terenos - MS,2024,716.0,2803.03,3167.0,3953.0,744.0,117914.012
5008305,Três Lagoas - MS,2024,7090.0,4012.14,45852.0,53898.0,7563.0,2393085.307
5008404,Vicentina - MS,2024,203.0,2979.08,1067.0,1247.0,209.0,41234.493
5100102,Acorizal - MT,2024,202.0,3398.25,539.0,736.0,204.0,23190.439
5100201,Água Boa - MT,2024,2233.0,3275.16,7577.0,10216.0,2336.0,340633.321
5100250,Alta Floresta - MT,2024,3732.0,2946.56,13885.0,18512.0,3848.0,542546.266
5100300,Alto Araguaia - MT,2024,817.0,3159.71,2942.0,3763.0,847.0,121070.503
5100359,Alto Boa Vista - MT,2024,283.0,4103.09,605.0,875.0,284.0,30400.195
5100409,Alto Garças - MT,2024,585.0,4528.81,2801.0,3408.0,609.0,171966.527
5100508,Alto Paraguai - MT,2024,205.0,2753.42,505.0,694.0,208.0,21726.524
5100607,Alto Taquari - MT,2024,517.0,3916.95,2598.0,3129.0,536.0,140429.754
5100805,Apiacás - MT,2024,412.0,2976.56,1098.0,1527.0,417.0,46112.019
5101001,Araguaiana - MT,2024,149.0,2735.44,460.0,583.0,153.0,18147.717
5101209,Araguainha - MT,2024,52.0,2546.66,147.0,183.0,52.0,4804.428
5101258,Araputanga - MT,2024,742.0,3114.63,3605.0,4445.0,783.0,141062.318
5101308,Arenápolis - MT,2024,555.0,2819.02,1499.0,2090.0,566.0,55932.24
5101407,Aripuanã - MT,2024,1059.0,4939.99,5239.0,6378.0,1131.0,327454.663
5101605,Barão de Melgaço - MT,2024,183.0,3386.18,364.0,535.0,186.0,17514.819
5101704,Barra do Bugres - MT,2024,1431.0,3424.99,6233.0,7841.0,1488.0,288311.793
5101803,Barra do Garças - MT,2024,4307.0,3058.47,16911.0,21816.0,4528.0,702176.093
5101852,Bom Jesus do Araguaia - MT,2024,323.0,3588.18,1275.0,1589.0,334.0,63450.736
5101902,Brasnorte - MT,2024,873.0,3387.61,2814.0,3716.0,903.0,140762.011
5102504,Cáceres - MT,2024,3280.0,4487.32,15013.0,18994.0,3433.0,846030.794
5102603,Campinápolis - MT,2024,429.0,3648.16,1030.0,1464.0,443.0,63271.092
5102637,Campo Novo do Parecis - MT,2024,3390.0,3877.69,14048.0,18303.0,3506.0,742469.24
5102678,Campo Verde - MT,2024,3036.0,3542.04,12328.0,16105.0,3184.0,583200.945
5102686,Campos de Júlio - MT,2024,652.0,4016.27,3497.0,4178.0,675.0,194137.299
5102694,Canabrava do Norte - MT,2024,209.0,3687.69,438.0,644.0,212.0,21987.18
5102702,Canarana - MT,2024,1813.0,3327.4,6001.0,8216.0,1866.0,265771.976
5102793,Carlinda - MT,2024,367.0,2838.49,1091.0,1465.0,374.0,43310.648
5102850,Castanheira - MT,2024,273.0,2926.21,624.0,902.0,281.0,29278.789
5103007,Chapada dos Guimarães - MT,2024,1305.0,3088.07,2792.0,4293.0,1341.0,115864.102
5103056,Cláudia - MT,2024,610.0,3208.19,1531.0,2277.0,629.0,71351.754
5103106,Cocalinho - MT,2024,333.0,3456.64,1630.0,1926.0,344.0,66975.362
5103205,Colíder - MT,2024,2023.0,3233.35,8012.0,10304.0,2087.0,324525.904
5103254,Colniza - MT,2024,1089.0,2668.7,3235.0,4369.0,1150.0,121513.414
5103304,Comodoro - MT,2024,1196.0,2864.5,3490.0,4848.0,1234.0,139051.928
5103353,Confresa - MT,2024,2223.0,3367.52,6566.0,8868.0,2282.0,295711.581
5103361,Conquista D'Oeste - MT,2024,165.0,3478.26,451.0,625.0,173.0,23110.127
5103379,Cotriguaçu - MT,2024,353.0,3226.05,1127.0,1462.0,377.0,53104.379
5103403,Cuiabá - MT,2024,57390.0,4319.5,322991.0,393583.0,60665.0,18496186.645
5103437,Curvelândia - MT,2024,185.0,3312.73,483.0,657.0,190.0,23296.716
5103452,Denise - MT,2024,223.0,3272.59,573.0,797.0,224.0,25307.948
5103502,Diamantino - MT,2024,1708.0,3693.96,8229.0,10151.0,1782.0,406373.177
5103601,Dom Aquino - MT,2024,315.0,3430.95,787.0,1135.0,316.0,37915.568
5103700,Feliz Natal - MT,2024,563.0,3317.63,1594.0,2244.0,585.0,72119.412
5103809,Figueirópolis D'Oeste - MT,2024,132.0,3284.05,369.0,497.0,138.0,16638.593
5103858,Gaúcha do Norte - MT,2024,470.0,3524.33,1312.0,1810.0,482.0,62014.555
5103908,General Carneiro - MT,2024,199.0,2986.13,453.0,622.0,206.0,21020.456
5103957,Glória D'Oeste - MT,2024,116.0,3171.14,238.0,336.0,120.0,9679.186
5104104,Guarantã do Norte - MT,2024,1927.0,3000.0,5830.0,7927.0,2004.0,240151.216
5104203,Guiratinga - MT,2024,478.0,3174.07,1082.0,1565.0,492.0,48041.974
5104500,Indiavaí - MT,2024,97.0,3447.87,260.0,337.0,101.0,12592.391
5104526,Ipiranga do Norte - MT,2024,548.0,4082.36,1607.0,2224.0,566.0,85371.044
5104542,Itanhangá - MT,2024,424.0,2945.86,830.0,1276.0,438.0,35686.26
5104559,Itaúba - MT,2024,341.0,3394.24,1089.0,1456.0,355.0,50550.196
5104609,Itiquira - MT,2024,587.0,3502.91,2433.0,3072.0,618.0,112291.216
5104807,Jaciara - MT,2024,1672.0,3309.41,7564.0,9520.0,1735.0,329665.136
5104906,Jangada - MT,2024,235.0,2533.44,635.0,862.0,242.0,21288.04
5105002,Jauru - MT,2024,284.0,3504.78,726.0,1040.0,291.0,38758.389
5105101,Juara - MT,2024,1962.0,3073.82,7008.0,9234.0,2045.0,294227.344
5105150,Juína - MT,2024,2121.0,2780.27,8143.0,10716.0,2205.0,321919.395
5105176,Juruena - MT,2024,485.0,3226.76,2310.0,2779.0,493.0,87635.802
5105200,Juscimeira - MT,2024,454.0,3615.35,1408.0,1864.0,476.0,68371.149
5105234,Lambari D'Oeste - MT,2024,225.0,2925.62,1074.0,1263.0,234.0,48244.551
5105259,Lucas do Rio Verde - MT,2024,6584.0,3635.39,29724.0,38063.0,6877.0,1451646.883
5105309,Luciara - MT,2024,117.0,2619.8,301.0,387.0,119.0,10248.904
5105507,Vila Bela da Santíssima Trindade - MT,2024,489.0,3173.11,2084.0,2538.0,517.0,84818.797
5105580,Marcelândia - MT,2024,557.0,2684.44,1927.0,2588.0,567.0,70632.257
5105606,Matupá - MT,2024,1373.0,3368.04,5892.0,7439.0,1413.0,260841.12
5105622,Mirassol d'Oeste - MT,2024,1357.0,3079.17,6121.0,7744.0,1408.0,237151.797
5105903,Nobres - MT,2024,1019.0,3073.54,3574.0,4649.0,1040.0,149560.032
5106000,Nortelândia - MT,2024,231.0,3630.14,897.0,1109.0,234.0,42555.236
5106109,Nossa Senhora do Livramento - MT,2024,443.0,3303.95,1763.0,2214.0,448.0,95645.869
5106158,Nova Bandeirantes - MT,2024,599.0,2741.68,1656.0,2292.0,625.0,64043.322
5106174,Nova Nazaré - MT,2024,144.0,3628.48,322.0,424.0,146.0,16491.193
5106182,Nova Lacerda - MT,2024,298.0,3596.55,1112.0,1446.0,307.0,51511.977
5106190,Nova Santa Helena - MT,2024,248.0,3284.97,631.0,880.0,252.0,27945.008
5106208,Nova Brasilândia - MT,2024,217.0,2394.06,449.0,623.0,220.0,14953.89
5106216,Nova Canaã do Norte - MT,2024,490.0,2879.45,1565.0,2050.0,502.0,64083.554
5106224,Nova Mutum - MT,2024,4491.0,4656.77,21437.0,27005.0,4670.0,1311974.153
5106232,Nova Olímpia - MT,2024,668.0,4166.78,5495.0,6198.0,681.0,303554.39
5106240,Nova Ubiratã - MT,2024,917.0,3736.55,2672.0,3738.0,938.0,135492.232
5106257,Nova Xavantina - MT,2024,1235.0,3838.1,3678.0,5042.0,1270.0,185475.639
5106265,Novo Mundo - MT,2024,317.0,2982.7,814.0,1129.0,325.0,36924.002
5106273,Novo Horizonte do Norte - MT,2024,140.0,3556.25,340.0,454.0,147.0,15974.729
5106281,Novo São Joaquim - MT,2024,296.0,3459.36,882.0,1218.0,313.0,42371.901
5106299,Paranaíta - MT,2024,491.0,3399.63,1408.0,1919.0,500.0,68978.433
5106307,Paranatinga - MT,2024,1578.0,3492.67,4301.0,5969.0,1648.0,214019.683
5106315,Novo Santo Antônio - MT,2024,105.0,4214.8,277.0,354.0,106.0,15622.415
5106372,Pedra Preta - MT,2024,872.0,3370.33,4377.0,5256.0,915.0,193668.476
5106422,Peixoto de Azevedo - MT,2024,1237.0,3473.81,3904.0,5224.0,1291.0,180079.318
5106455,Planalto da Serra - MT,2024,189.0,3320.08,541.0,723.0,191.0,27661.9
5106505,Poconé - MT,2024,1215.0,3517.98,4042.0,5361.0,1241.0,177833.858
5106653,Pontal do Araguaia - MT,2024,318.0,2610.58,705.0,1001.0,328.0,22130.658
5106703,Ponte Branca - MT,2024,90.0,2852.28,197.0,255.0,90.0,7522.356
5106752,Pontes e Lacerda - MT,2024,2600.0,3215.25,10681.0,13711.0,2709.0,454210.115
5106778,Porto Alegre do Norte - MT,2024,456.0,4191.9,1118.0,1552.0,464.0,58118.558
5106802,Porto dos Gaúchos - MT,2024,388.0,4063.19,1595.0,1972.0,409.0,88353.975
5106828,Porto Esperidião - MT,2024,371.0,3226.16,695.0,1043.0,376.0,36245.862
5106851,Porto Estrela - MT,2024,131.0,3869.74,332.0,438.0,134.0,18455.989
5107008,Poxoréu - MT,2024,701.0,2683.67,1620.0,2447.0,721.0,58359.753
5107040,Primavera do Leste - MT,2024,7784.0,4894.48,31418.0,41276.0,8170.0,2068503.224
5107065,Querência - MT,2024,1966.0,3521.05,7917.0,10216.0,2024.0,370113.149
5107107,São José dos Quatro Marcos - MT,2024,984.0,2792.95,2800.0,4006.0,1015.0,103371.908
5107156,Reserva do Cabaçal - MT,2024,106.0,3069.92,262.0,359.0,113.0,12626.395
5107180,Ribeirão Cascalheira - MT,2024,549.0,3204.23,1186.0,1745.0,566.0,58434.071
5107198,Ribeirãozinho - MT,2024,131.0,2953.29,330.0,436.0,136.0,13520.378
5107206,Rio Branco - MT,2024,234.0,2805.65,581.0,796.0,241.0,20949.954
5107248,Santa Carmem - MT,2024,400.0,3061.48,1091.0,1592.0,414.0,45842.695
5107263,Santo Afonso - MT,2024,119.0,4458.14,217.0,297.0,121.0,13179.161
5107297,São José do Povo - MT,2024,88.0,3081.27,284.0,346.0,90.0,11645.635
5107305,São José do Rio Claro - MT,2024,826.0,3534.27,3012.0,3951.0,859.0,147588.09
5107354,São José do Xingu - MT,2024,315.0,3498.45,885.0,1180.0,325.0,41344.314
5107404,São Pedro da Cipa - MT,2024,136.0,3127.13,379.0,487.0,138.0,15088.631
5107578,Rondolândia - MT,2024,155.0,2233.82,827.0,949.0,161.0,25245.635
5107602,Rondonópolis - MT,2024,16304.0,3345.71,76595.0,96441.0,17153.0,3392569.261
5107701,Rosário Oeste - MT,2024,577.0,3369.46,1823.0,2453.0,592.0,87996.648
5107743,Santa Cruz do Xingu - MT,2024,164.0,3406.58,401.0,524.0,164.0,17738.583
5107750,Salto do Céu - MT,2024,145.0,2489.46,466.0,578.0,147.0,15359.805
5107768,Santa Rita do Trivelato - MT,2024,198.0,4227.66,1131.0,1334.0,210.0,64085.563
5107776,Santa Terezinha - MT,2024,286.0,3735.28,411.0,649.0,293.0,24553.197
5107792,Santo Antônio do Leste - MT,2024,188.0,4249.54,1252.0,1443.0,201.0,75250.557
5107800,Santo Antônio de Leverger - MT,2024,667.0,2432.59,2016.0,2738.0,679.0,67560.381
5107859,São Félix do Araguaia - MT,2024,643.0,4004.86,1501.0,2140.0,672.0,89611.072
5107875,Sapezal - MT,2024,2295.0,3936.42,12007.0,14708.0,2415.0,625224.634
5107883,Serra Nova Dourada - MT,2024,80.0,3472.11,305.0,360.0,81.0,13276.262
5107909,Sinop - MT,2024,14231.0,3449.14,54111.0,71921.0,14785.0,2495488.821
5107925,Sorriso - MT,2024,9833.0,3088.3,45817.0,59119.0,10226.0,1874177.444
5107941,Tabaporã - MT,2024,622.0,3539.99,1641.0,2341.0,641.0,77259.904
5107958,Tangará da Serra - MT,2024,6281.0,3246.83,26668.0,34630.0,6637.0,1082332.17
5108006,Tapurah - MT,2024,1248.0,3208.17,3640.0,5266.0,1281.0,161625.137
5108055,Terra Nova do Norte - MT,2024,501.0,3264.74,1502.0,2009.0,520.0,67652.036
5108105,Tesouro - MT,2024,113.0,3209.23,153.0,265.0,113.0,6584.249
5108204,Torixoréu - MT,2024,207.0,2917.2,503.0,707.0,213.0,18819.56
5108303,União do Sul - MT,2024,238.0,3410.8,768.0,1008.0,250.0,35903.349
5108352,Vale de São Domingos - MT,2024,99.0,3500.32,269.0,336.0,100.0,13078.81
5108402,Várzea Grande - MT,2024,13701.0,3003.27,59634.0,75054.0,14480.0,2572392.512
5108501,Vera - MT,2024,624.0,3086.09,2792.0,3598.0,650.0,114124.519
5108600,Vila Rica - MT,2024,1062.0,2834.27,2417.0,3573.0,1101.0,94318.548
5108808,Nova Guarita - MT,2024,242.0,3494.73,539.0,784.0,242.0,25571.995
5108857,Nova Marilândia - MT,2024,168.0,4100.64,2392.0,2570.0,172.0,129726.397
5108907,Nova Maringá - MT,2024,496.0,3624.18,1102.0,1614.0,521.0,53086.069
5108956,Nova Monte Verde - MT,2024,467.0,3212.79,1384.0,1905.0,487.0,60413.323
5200050,Abadia de Goiás - GO,2024,900.0,2594.17,2419.0,3525.0,913.0,80286.606
5200100,Abadiânia - GO,2024,772.0,2512.2,2633.0,3572.0,791.0,85113.942
5200134,Acreúna - GO,2024,934.0,3315.27,3234.0,4280.0,970.0,147685.446
5200159,Adelândia - GO,2024,111.0,2287.04,294.0,385.0,112.0,9445.696
5200175,Água Fria de Goiás - GO,2024,235.0,3224.02,574.0,796.0,239.0,25770.566
5200209,Água Limpa - GO,2024,98.0,3039.0,365.0,447.0,99.0,14261.255
5200258,Águas Lindas de Goiás - GO,2024,5401.0,2834.85,19259.0,24802.0,6157.0,697712.966
5200308,Alexânia - GO,2024,1549.0,2802.47,5701.0,7391.0,1582.0,191506.686
5200506,Aloândia - GO,2024,91.0,2329.47,238.0,304.0,91.0,7107.748
5200555,Alto Horizonte - GO,2024,388.0,5770.74,3202.0,3590.0,391.0,284668.618
5200605,Alto Paraíso de Goiás - GO,2024,1020.0,2359.08,1964.0,3288.0,1037.0,60017.664
5200803,Alvorada do Norte - GO,2024,486.0,2792.84,1113.0,1667.0,500.0,41361.549
5200829,Amaralina - GO,2024,130.0,2315.21,307.0,410.0,131.0,9092.841
5200852,Americano do Brasil - GO,2024,219.0,2219.41,490.0,703.0,230.0,14878.006
5200902,Amorinópolis - GO,2024,110.0,2577.74,298.0,384.0,114.0,10193.611
5201108,Anápolis - GO,2024,22990.0,3466.91,116582.0,147015.0,24025.0,5175181.015
5201207,Anhanguera - GO,2024,75.0,2419.49,114.0,163.0,75.0,4451.904
5201306,Anicuns - GO,2024,867.0,2611.43,3694.0,4686.0,890.0,125433.775
5201405,Aparecida de Goiânia - GO,2024,22853.0,2730.05,132000.0,159795.0,23648.0,4713331.296
5201454,Aparecida do Rio Doce - GO,2024,152.0,2844.97,360.0,508.0,153.0,14485.778
5201504,Aporé - GO,2024,211.0,4186.48,1474.0,1627.0,247.0,83567.911
5201603,Araçu - GO,2024,177.0,2242.13,459.0,625.0,179.0,13573.474
5201702,Aragarças - GO,2024,775.0,2449.99,1483.0,2247.0,794.0,55085.986
5201801,Aragoiânia - GO,2024,495.0,2519.03,1142.0,1727.0,499.0,39039.173
5202155,Araguapaz - GO,2024,362.0,2737.8,670.0,1019.0,380.0,23844.102
5202353,Arenópolis - GO,2024,138.0,2975.44,531.0,657.0,139.0,21414.401
5202502,Aruanã - GO,2024,486.0,2862.07,1484.0,1994.0,505.0,53978.692
5202601,Aurilândia - GO,2024,127.0,2592.8,378.0,497.0,131.0,12351.042
5202809,Avelinópolis - GO,2024,130.0,2555.39,325.0,451.0,132.0,12654.2
5203104,Baliza - GO,2024,122.0,2677.61,293.0,370.0,122.0,9811.238
5203203,Barro Alto - GO,2024,668.0,4299.02,4394.0,5074.0,692.0,252183.085
5203302,Bela Vista de Goiás - GO,2024,1412.0,2995.13,5717.0,7546.0,1464.0,219826.586
5203401,Bom Jardim de Goiás - GO,2024,418.0,2402.46,646.0,1048.0,426.0,22222.134
5203500,Bom Jesus de Goiás - GO,2024,1254.0,2583.99,3416.0,4948.0,1294.0,123718.809
5203559,Bonfinópolis - GO,2024,361.0,2267.63,897.0,1254.0,364.0,26867.302
5203575,Bonópolis - GO,2024,215.0,2578.23,432.0,644.0,222.0,16089.479
5203609,Brazabrantes - GO,2024,195.0,2342.71,552.0,759.0,196.0,16519.816
5203807,Britânia - GO,2024,371.0,2554.19,806.0,1186.0,385.0,28833.73
5203906,Buriti Alegre - GO,2024,522.0,2769.5,2289.0,2866.0,539.0,79234.436
5203939,Buriti de Goiás - GO,2024,159.0,2189.81,439.0,613.0,159.0,12409.854
5203962,Buritinópolis - GO,2024,127.0,2433.93,299.0,421.0,127.0,10874.399
5204003,Cabeceiras - GO,2024,303.0,2820.77,1166.0,1465.0,310.0,44941.711
5204102,Cachoeira Alta - GO,2024,536.0,3213.76,1307.0,1855.0,557.0,60298.673
5204201,Cachoeira de Goiás - GO,2024,68.0,2920.46,132.0,184.0,69.0,5603.02
5204250,Cachoeira Dourada - GO,2024,418.0,4393.2,2428.0,2872.0,463.0,136834.15
5204300,Caçu - GO,2024,853.0,3779.52,3315.0,4239.0,878.0,176439.599
5204409,Caiapônia - GO,2024,728.0,3392.95,1892.0,2714.0,756.0,84524.293
5204508,Caldas Novas - GO,2024,7167.0,2539.61,26508.0,35678.0,7390.0,877059.384
5204557,Caldazinha - GO,2024,153.0,2686.81,375.0,554.0,155.0,13046.488
5204607,Campestre de Goiás - GO,2024,144.0,1950.7,369.0,496.0,144.0,9626.565
5204656,Campinaçu - GO,2024,155.0,2724.68,359.0,505.0,157.0,17465.293
5204706,Campinorte - GO,2024,576.0,2774.51,1286.0,1969.0,586.0,46461.748
5204805,Campo Alegre de Goiás - GO,2024,411.0,2726.29,985.0,1429.0,430.0,41100.368
5204854,Campo Limpo de Goiás - GO,2024,417.0,2846.99,1751.0,2185.0,421.0,60377.21
5204904,Campos Belos - GO,2024,933.0,2484.74,2127.0,3189.0,962.0,70215.036
5204953,Campos Verdes - GO,2024,245.0,1765.84,472.0,679.0,250.0,11006.891
5205000,Carmo do Rio Verde - GO,2024,336.0,4033.76,1315.0,1657.0,341.0,70707.049
5205059,Castelândia - GO,2024,150.0,2433.9,542.0,677.0,158.0,18516.461
5205109,Catalão - GO,2024,6881.0,3595.6,30924.0,39399.0,7147.0,1430842.694
5205208,Caturaí - GO,2024,203.0,2831.78,451.0,661.0,203.0,18653.565
5205307,Cavalcante - GO,2024,366.0,3062.79,883.0,1251.0,370.0,37104.741
5205406,Ceres - GO,2024,1809.0,3447.93,7801.0,10181.0,1868.0,302235.654
5205455,Cezarina - GO,2024,430.0,2431.51,2636.0,3105.0,440.0,79459.45
5205471,Chapadão do Céu - GO,2024,806.0,5107.18,4714.0,5655.0,847.0,321635.083
5205497,Cidade Ocidental - GO,2024,2022.0,2126.79,7922.0,9958.0,2644.0,240254.169
5205513,Cocalzinho de Goiás - GO,2024,620.0,2772.13,1736.0,2416.0,643.0,68182.243
5205521,Colinas do Sul - GO,2024,172.0,3553.08,268.0,404.0,175.0,16022.875
5205703,Córrego do Ouro - GO,2024,112.0,2388.5,290.0,395.0,113.0,10527.661
5205802,Corumbá de Goiás - GO,2024,420.0,2618.35,1034.0,1488.0,422.0,36819.442
5205901,Corumbaíba - GO,2024,513.0,2935.9,2462.0,3009.0,524.0,100943.625
5206206,Cristalina - GO,2024,2920.0,3020.19,13586.0,17119.0,3061.0,616108.851
5206305,Cristianópolis - GO,2024,228.0,2903.35,383.0,645.0,232.0,14832.862
5206404,Crixás - GO,2024,919.0,3968.42,3391.0,4407.0,934.0,195002.149
5206503,Cromínia - GO,2024,205.0,2286.49,486.0,705.0,210.0,14778.095
5206602,Cumari - GO,2024,111.0,2829.97,317.0,425.0,111.0,10957.804
5206701,Damianópolis - GO,2024,176.0,2137.33,344.0,548.0,177.0,10371.125
5206800,Damolândia - GO,2024,229.0,2265.36,365.0,624.0,230.0,11146.409
5206909,Davinópolis - GO,2024,125.0,2522.9,325.0,442.0,127.0,14872.801
5207105,Diorama - GO,2024,98.0,2518.51,289.0,383.0,101.0,9198.491
5207253,Doverlândia - GO,2024,320.0,3230.43,689.0,996.0,335.0,29737.924
5207352,Edealina - GO,2024,164.0,3650.95,697.0,849.0,165.0,34553.511
5207402,Edéia - GO,2024,583.0,3836.85,2852.0,3584.0,600.0,156733.437
5207501,Estrela do Norte - GO,2024,147.0,2197.31,492.0,616.0,149.0,14026.589
5207535,Faina - GO,2024,285.0,2301.57,584.0,857.0,293.0,17898.969
5207600,Fazenda Nova - GO,2024,295.0,1718.57,656.0,971.0,299.0,14126.726
5207808,Firminópolis - GO,2024,538.0,2647.98,1108.0,1670.0,544.0,38385.932
5207907,Flores de Goiás - GO,2024,306.0,2310.04,894.0,1233.0,313.0,26295.283
5208004,Formosa - GO,2024,5794.0,3013.16,20819.0,28096.0,6004.0,809735.467
5208103,Formoso - GO,2024,287.0,2404.36,378.0,684.0,295.0,13948.003
5208152,Gameleira de Goiás - GO,2024,170.0,3166.77,273.0,457.0,170.0,15062.549
5208301,Divinópolis de Goiás - GO,2024,179.0,2714.89,361.0,496.0,180.0,12333.694
5208400,Goianápolis - GO,2024,520.0,2761.59,2497.0,3054.0,524.0,84941.012
5208509,Goiandira - GO,2024,266.0,2387.57,730.0,989.0,272.0,27672.319
5208608,Goianésia - GO,2024,4262.0,3092.77,20042.0,25355.0,4404.0,844841.944
5208707,Goiânia - GO,2024,137098.0,4067.76,674435.0,859452.0,143510.0,35599849.667
5208806,Goianira - GO,2024,2225.0,2467.26,7435.0,10074.0,2289.0,235612.227
5208905,Goiás - GO,2024,988.0,2890.1,3034.0,4115.0,1025.0,112930.759
5209101,Goiatuba - GO,2024,2074.0,3458.02,10335.0,12817.0,2137.0,451632.211
5209150,Gouvelândia - GO,2024,246.0,2868.34,526.0,833.0,248.0,20096.953
5209200,Guapó - GO,2024,761.0,2873.14,1751.0,2651.0,770.0,70433.995
5209291,Guaraíta - GO,2024,111.0,2903.12,178.0,278.0,111.0,8165.157
5209408,Guarani de Goiás - GO,2024,143.0,3053.14,411.0,534.0,143.0,16578.874
5209457,Guarinos - GO,2024,96.0,2270.38,186.0,262.0,96.0,6731.464
5209606,Heitoraí - GO,2024,151.0,2128.14,303.0,432.0,156.0,9339.986
5209705,Hidrolândia - GO,2024,1378.0,3074.69,6187.0,7857.0,1415.0,243184.66
5209804,Hidrolina - GO,2024,204.0,2074.86,426.0,641.0,206.0,11426.104
5209903,Iaciara - GO,2024,492.0,3108.63,1298.0,1801.0,508.0,47178.334
5209937,Inaciolândia - GO,2024,298.0,2285.46,929.0,1232.0,311.0,28018.014
5209952,Indiara - GO,2024,693.0,2992.66,2809.0,3629.0,708.0,116021.448
5210000,Inhumas - GO,2024,2877.0,2313.54,11436.0,14929.0,2979.0,379005.457
5210109,Ipameri - GO,2024,1323.0,2323.56,5706.0,7245.0,1373.0,170437.26
5210158,Ipiranga de Goiás - GO,2024,124.0,2434.05,291.0,407.0,124.0,9831.669
5210208,Iporá - GO,2024,2031.0,3024.66,5626.0,8140.0,2085.0,224080.741
5210307,Israelândia - GO,2024,147.0,2588.84,324.0,464.0,150.0,10867.511
5210406,Itaberaí - GO,2024,2662.0,2661.69,12029.0,15299.0,2719.0,421030.813
5210562,Itaguari - GO,2024,255.0,1996.48,726.0,985.0,260.0,19138.415
5210604,Itaguaru - GO,2024,255.0,2315.47,498.0,751.0,257.0,18176.871
5210802,Itajá - GO,2024,238.0,2917.31,356.0,598.0,245.0,16892.57
5210901,Itapaci - GO,2024,1212.0,2957.56,3350.0,4691.0,1227.0,138740.917
5211008,Itapirapuã - GO,2024,430.0,2277.63,729.0,1182.0,437.0,22418.007
5211206,Itapuranga - GO,2024,1306.0,2622.84,4033.0,5647.0,1335.0,122049.638
5211305,Itarumã - GO,2024,304.0,2580.45,742.0,1044.0,310.0,29914.232
5211404,Itauçu - GO,2024,505.0,2580.12,1292.0,1849.0,508.0,41720.04
5211503,Itumbiara - GO,2024,6599.0,3246.12,33012.0,41368.0,6957.0,1384132.925
5211602,Ivolândia - GO,2024,156.0,2390.54,369.0,500.0,159.0,11367.368
5211701,Jandaia - GO,2024,273.0,4070.07,1838.0,2166.0,279.0,107086.468
5211800,Jaraguá - GO,2024,2532.0,2458.02,5593.0,8474.0,2653.0,188406.421
5211909,Jataí - GO,2024,5949.0,3329.99,26528.0,33810.0,6265.0,1152432.904
5212006,Jaupaci - GO,2024,120.0,2613.93,283.0,382.0,128.0,9907.509
5212055,Jesúpolis - GO,2024,66.0,2594.87,253.0,298.0,66.0,8792.233
5212105,Joviânia - GO,2024,407.0,2532.48,924.0,1374.0,413.0,31976.373
5212204,Jussara - GO,2024,1438.0,2688.03,3174.0,4904.0,1489.0,112480.582
5212253,Lagoa Santa - GO,2024,114.0,3141.54,286.0,379.0,115.0,11418.07
5212303,Leopoldo de Bulhões - GO,2024,317.0,2908.36,1852.0,2153.0,320.0,75314.956
5212501,Luziânia - GO,2024,7455.0,2465.04,30427.0,39069.0,8180.0,984220.786
5212600,Mairipotaba - GO,2024,123.0,2172.23,346.0,483.0,125.0,9953.408
5212709,Mambaí - GO,2024,442.0,2142.34,947.0,1389.0,443.0,28201.057
5212808,Mara Rosa - GO,2024,781.0,4101.98,1574.0,2446.0,800.0,80971.476
5212907,Marzagão - GO,2024,151.0,2386.35,453.0,597.0,154.0,13745.183
5212956,Matrinchã - GO,2024,215.0,2387.84,536.0,761.0,216.0,16841.456
5213004,Maurilândia - GO,2024,399.0,3194.17,1205.0,1638.0,474.0,51892.773
5213053,Mimoso de Goiás - GO,2024,84.0,2585.65,296.0,328.0,86.0,9804.037
5213087,Minaçu - GO,2024,1097.0,3704.85,4222.0,5441.0,1120.0,241255.574
5213103,Mineiros - GO,2024,3811.0,3221.58,17913.0,22579.0,3992.0,762756.713
5213400,Moiporá - GO,2024,110.0,2744.58,187.0,278.0,117.0,7890.531
5213509,Monte Alegre de Goiás - GO,2024,180.0,2352.76,538.0,705.0,183.0,16048.707
5213707,Montes Claros de Goiás - GO,2024,482.0,3446.66,1621.0,2117.0,493.0,77626.57
5213756,Montividiu - GO,2024,638.0,2339.13,3273.0,4031.0,665.0,97927.695
5213772,Montividiu do Norte - GO,2024,154.0,2630.26,294.0,430.0,157.0,11421.292
5213806,Morrinhos - GO,2024,2462.0,3195.73,12880.0,15940.0,2515.0,528700.057
5213855,Morro Agudo de Goiás - GO,2024,96.0,2096.1,302.0,372.0,97.0,8009.67
5213905,Mossâmedes - GO,2024,266.0,2676.74,646.0,929.0,269.0,25211.875
5214002,Mozarlândia - GO,2024,655.0,2982.05,4509.0,5221.0,669.0,172630.441
5214051,Mundo Novo - GO,2024,268.0,2745.11,746.0,984.0,276.0,27440.759
5214101,Mutunópolis - GO,2024,157.0,2816.23,261.0,402.0,158.0,9826.031
5214408,Nazário - GO,2024,396.0,2913.47,1518.0,1946.0,405.0,59206.351
5214507,Nerópolis - GO,2024,2024.0,2663.85,8127.0,10741.0,2062.0,283367.608
5214606,Niquelândia - GO,2024,1828.0,3000.87,5867.0,8351.0,1876.0,256322.926
5214705,Nova América - GO,2024,94.0,1925.8,355.0,440.0,96.0,9139.942
5214804,Nova Aurora - GO,2024,105.0,2704.32,199.0,290.0,106.0,7024.898
5214838,Nova Crixás - GO,2024,742.0,3210.53,1730.0,2478.0,786.0,69448.105
5214861,Nova Glória - GO,2024,346.0,2140.08,486.0,848.0,349.0,17091.835
5214879,Nova Iguaçu de Goiás - GO,2024,112.0,2420.57,267.0,372.0,115.0,8073.918
5214903,Nova Roma - GO,2024,129.0,2550.99,405.0,493.0,133.0,13336.793
5215009,Nova Veneza - GO,2024,595.0,2341.27,3207.0,3920.0,605.0,96054.684
5215207,Novo Brasil - GO,2024,168.0,2411.25,333.0,511.0,170.0,10549.582
5215231,Novo Gama - GO,2024,2093.0,2612.73,6370.0,8548.0,2165.0,213366.231
5215256,Novo Planalto - GO,2024,206.0,2943.28,431.0,593.0,221.0,16786.956
5215306,Orizona - GO,2024,688.0,3002.01,2565.0,3398.0,718.0,102776.142
5215405,Ouro Verde de Goiás - GO,2024,169.0,2882.78,359.0,536.0,171.0,13523.26
5215504,Ouvidor - GO,2024,314.0,5561.52,2414.0,2706.0,320.0,175540.052
5215603,Padre Bernardo - GO,2024,996.0,3144.1,2943.0,4047.0,1038.0,121201.518
5215652,Palestina de Goiás - GO,2024,141.0,3075.05,270.0,401.0,142.0,10850.181
5215702,Palmeiras de Goiás - GO,2024,1480.0,2974.51,7547.0,9380.0,1525.0,291233.547
5215801,Palmelo - GO,2024,111.0,2400.34,374.0,479.0,113.0,11647.07
5215900,Palminópolis - GO,2024,202.0,2608.42,669.0,882.0,214.0,22488.055
5216007,Panamá - GO,2024,166.0,2808.17,474.0,624.0,181.0,17858.85
5216304,Paranaiguara - GO,2024,379.0,2308.71,914.0,1277.0,397.0,29295.87
5216403,Paraúna - GO,2024,617.0,3086.03,2365.0,3093.0,653.0,97830.591
5216452,Perolândia - GO,2024,147.0,4126.3,1460.0,1604.0,153.0,83532.148
5216809,Petrolina de Goiás - GO,2024,379.0,2454.77,1084.0,1511.0,390.0,35973.093
5216908,Pilar de Goiás - GO,2024,158.0,3065.51,338.0,468.0,160.0,22258.745
5217104,Piracanjuba - GO,2024,1010.0,3229.94,3021.0,4232.0,1058.0,127568.711
5217203,Piranhas - GO,2024,573.0,3457.72,1390.0,1993.0,588.0,65320.951
5217302,Pirenópolis - GO,2024,1355.0,2443.92,4675.0,6330.0,1403.0,147701.017
5217401,Pires do Rio - GO,2024,1493.0,2620.11,8729.0,10542.0,1533.0,310322.77
5217609,Planaltina - GO,2024,2664.0,2701.15,9039.0,11925.0,2958.0,323375.413
5217708,Pontalina - GO,2024,880.0,2388.5,2819.0,3867.0,901.0,90408.242
5218003,Porangatu - GO,2024,2249.0,2696.86,7240.0,9928.0,2321.0,260553.137
5218052,Porteirão - GO,2024,286.0,2956.76,673.0,919.0,291.0,29644.105
5218102,Portelândia - GO,2024,225.0,3217.71,665.0,870.0,235.0,27704.131
5218300,Posse - GO,2024,1977.0,2424.31,5155.0,7569.0,2015.0,166953.108
5218391,Professor Jamil - GO,2024,157.0,2735.99,350.0,503.0,159.0,12412.819
5218508,Quirinópolis - GO,2024,2173.0,3340.3,13742.0,16402.0,2266.0,600803.137
5218607,Rialma - GO,2024,1029.0,2780.19,2094.0,3266.0,1036.0,78919.356
5218706,Rianápolis - GO,2024,229.0,2596.79,500.0,731.0,231.0,16955.781
5218789,Rio Quente - GO,2024,375.0,3213.01,4039.0,4475.0,385.0,152917.829
5218805,Rio Verde - GO,2024,14539.0,3156.07,77025.0,95341.0,15278.0,3143041.722
5218904,Rubiataba - GO,2024,993.0,3194.67,4211.0,5420.0,1008.0,196850.532
5219001,Sanclerlândia - GO,2024,592.0,2000.85,1650.0,2323.0,599.0,42491.708
5219100,Santa Bárbara de Goiás - GO,2024,528.0,2039.45,925.0,1553.0,531.0,28790.781
5219209,Santa Cruz de Goiás - GO,2024,146.0,2505.82,303.0,434.0,147.0,10117.041
5219258,Santa Fé de Goiás - GO,2024,241.0,2822.03,1070.0,1287.0,244.0,41548.739
5219308,Santa Helena de Goiás - GO,2024,2120.0,2837.15,8055.0,10573.0,2248.0,290311.897
5219357,Santa Isabel - GO,2024,144.0,2710.35,339.0,458.0,151.0,11154.21
5219407,Santa Rita do Araguaia - GO,2024,321.0,2850.72,585.0,883.0,327.0,23222.537
5219456,Santa Rita do Novo Destino - GO,2024,160.0,2681.71,530.0,678.0,163.0,23126.925
5219506,Santa Rosa de Goiás - GO,2024,135.0,2213.74,397.0,527.0,137.0,11487.872
5219605,Santa Tereza de Goiás - GO,2024,155.0,2666.39,331.0,489.0,157.0,11919.583
5219704,Santa Terezinha de Goiás - GO,2024,450.0,3165.09,1495.0,1956.0,457.0,82096.026
5219712,Santo Antônio da Barra - GO,2024,202.0,3294.46,1455.0,1658.0,211.0,68082.425
5219738,Santo Antônio de Goiás - GO,2024,1681.0,4629.09,1999.0,4098.0,1684.0,124982.942
5219753,Santo Antônio do Descoberto - GO,2024,1394.0,2424.23,5741.0,7242.0,1445.0,183924.362
5219803,São Domingos - GO,2024,351.0,3257.9,539.0,858.0,355.0,22371.51
5219902,São Francisco de Goiás - GO,2024,279.0,2595.12,963.0,1236.0,290.0,33741.222
5220009,São João d'Aliança - GO,2024,533.0,2858.42,1461.0,2044.0,539.0,53101.55
5220058,São João da Paraúna - GO,2024,113.0,2249.03,265.0,370.0,114.0,7721.022
5220108,São Luís de Montes Belos - GO,2024,2069.0,2565.14,7514.0,10156.0,2138.0,250018.571
5220157,São Luiz do Norte - GO,2024,256.0,2370.46,566.0,816.0,272.0,17321.042
5220207,São Miguel do Araguaia - GO,2024,1135.0,3064.94,3137.0,4351.0,1171.0,128625.948
5220264,São Miguel do Passa Quatro - GO,2024,234.0,2313.05,697.0,967.0,241.0,19768.672
5220280,São Patrício - GO,2024,87.0,2350.28,328.0,398.0,87.0,10454.827
5220405,São Simão - GO,2024,852.0,3459.44,3627.0,4514.0,901.0,175404.175
5220454,Senador Canedo - GO,2024,5629.0,2998.77,25506.0,32432.0,6415.0,973776.212
5220504,Serranópolis - GO,2024,370.0,3066.22,1917.0,2271.0,398.0,92423.018
5220603,Silvânia - GO,2024,1230.0,2913.22,3570.0,4996.0,1253.0,133220.256
5220686,Simolândia - GO,2024,294.0,2230.06,767.0,1061.0,296.0,21213.108
5220702,Sítio d'Abadia - GO,2024,121.0,2578.9,292.0,409.0,122.0,9437.162
5221007,Taquaral de Goiás - GO,2024,248.0,2050.87,578.0,852.0,250.0,16825.938
5221080,Teresina de Goiás - GO,2024,117.0,2401.78,324.0,417.0,120.0,10133.768
5221197,Terezópolis de Goiás - GO,2024,400.0,2366.21,1062.0,1489.0,409.0,34463.023
5221304,Três Ranchos - GO,2024,206.0,2564.61,451.0,650.0,208.0,15367.365
5221403,Trindade - GO,2024,4987.0,2977.28,18769.0,24877.0,5343.0,740574.902
5221452,Trombas - GO,2024,167.0,2804.13,335.0,475.0,170.0,12365.825
5221502,Turvânia - GO,2024,193.0,2410.81,551.0,748.0,196.0,15337.446
5221551,Turvelândia - GO,2024,200.0,3781.68,1725.0,1902.0,235.0,80609.786
5221577,Uirapuru - GO,2024,133.0,2205.75,284.0,401.0,133.0,8548.236
5221601,Uruaçu - GO,2024,2530.0,2955.81,9295.0,13005.0,2583.0,394468.861
5221700,Uruana - GO,2024,525.0,2140.85,918.0,1450.0,528.0,29373.492
5221809,Urutaí - GO,2024,165.0,5975.15,720.0,882.0,174.0,57718.606
5221858,Valparaíso de Goiás - GO,2024,6344.0,2848.9,22446.0,29095.0,6801.0,815090.828
5221908,Varjão - GO,2024,152.0,2432.8,360.0,502.0,155.0,11607.849
5222005,Vianópolis - GO,2024,868.0,2737.7,2629.0,3733.0,884.0,94141.488
5222054,Vicentinópolis - GO,2024,404.0,2520.93,2611.0,3034.0,409.0,86828.186
5222203,Vila Boa - GO,2024,196.0,1520.85,1463.0,1671.0,197.0,36403.892
5222302,Vila Propício - GO,2024,241.0,3014.68,1353.0,1598.0,251.0,53406.535
5300108,Brasília - DF,2024,203760.0,5805.2,1568207.0,1833502.0,216620.0,117896210.454
