municipality_code,municipality_name,period,area_km2,census_population,density_per_km2
1100015,Alta Floresta D'Oeste - RO,2022,7067.127,21494.0,3.04
1100023,Ariquemes - RO,2022,4426.571,96833.0,21.88
1100031,Cabixi - RO,2022,1314.352,5351.0,4.07
1100049,Cacoal - RO,2022,3793.0,86887.0,22.91
1100056,Cerejeiras - RO,2022,2783.3,15890.0,5.71
1100064,Colorado do Oeste - RO,2022,1451.06,15663.0,10.79
1100072,Corumbiara - RO,2022,3060.321,7519.0,2.46
1100080,Costa Marques - RO,2022,4987.177,12627.0,2.53
1100098,Espigão D'Oeste - RO,2022,4518.038,29414.0,6.51
1100106,Guajará-Mirim - RO,2022,24856.877,39387.0,1.58
1100114,Jaru - RO,2022,2944.128,50591.0,17.18
1100122,Ji-Paraná - RO,2022,6896.649,124333.0,18.03
1100130,Machadinho D'Oeste - RO,2022,8509.27,30707.0,3.61
1100148,Nova Brasilândia D'Oeste - RO,2022,1703.008,15679.0,9.21
1100155,Ouro Preto do Oeste - RO,2022,1969.85,35044.0,17.79
1100189,Pimenta Bueno - RO,2022,6241.016,35079.0,5.62
1100205,Porto Velho - RO,2022,34090.952,460434.0,13.51
1100254,Presidente Médici - RO,2022,1758.465,19327.0,10.99
1100262,Rio Crespo - RO,2022,1717.64,3471.0,2.02
1100288,Rolim de Moura - RO,2022,1457.811,56406.0,38.69
1100296,Santa Luzia D'Oeste - RO,2022,1197.796,7419.0,6.19
1100304,Vilhena - RO,2022,11699.15,95832.0,8.19
1100320,São Miguel do Guaporé - RO,2022,7460.117,21635.0,2.9
1100338,Nova Mamoré - RO,2022,10070.49,25444.0,2.53
1100346,Alvorada D'Oeste - RO,2022,3029.189,13117.0,4.33
1100379,Alto Alegre dos Parecis - RO,2022,3958.273,11479.0,2.9
1100403,Alto Paraíso - RO,2022,2651.822,16320.0,6.15
1100452,Buritis - RO,2022,3265.809,27992.0,8.57
1100502,Novo Horizonte do Oeste - RO,2022,843.446,7667.0,9.09
1100601,Cacaulândia - RO,2022,1961.778,4150.0,2.12
1100700,Campo Novo de Rondônia - RO,2022,3442.005,8844.0,2.57
1100809,Candeias do Jamari - RO,2022,6843.868,22310.0,3.26
1100908,Castanheiras - RO,2022,892.841,3233.0,3.62
1100924,Chupinguaia - RO,2022,5126.723,9324.0,1.82
1100940,Cujubim - RO,2022,3863.946,14863.0,3.85
1101005,Governador Jorge Teixeira - RO,2022,5067.384,8001.0,1.58
1101104,Itapuã do Oeste - RO,2022,4081.58,8548.0,2.09
1101203,Ministro Andreazza - RO,2022,798.083,6466.0,8.1
1101302,Mirante da Serra - RO,2022,1191.875,9235.0,7.75
1101401,Monte Negro - RO,2022,1931.378,11548.0,5.98
1101435,Nova União - RO,2022,807.125,6200.0,7.68
1101450,Parecis - RO,2022,2548.683,4125.0,1.62
1101468,Pimenteiras do Oeste - RO,2022,6014.733,2156.0,0.36
1101476,Primavera de Rondônia - RO,2022,605.692,3076.0,5.08
1101484,São Felipe D'Oeste - RO,2022,541.647,5258.0,9.71
1101492,São Francisco do Guaporé - RO,2022,10948.593,16286.0,1.49
1101500,Seringueiras - RO,2022,3773.505,11171.0,2.96
1101559,Teixeirópolis - RO,2022,459.978,4256.0,9.25
1101609,Theobroma - RO,2022,2197.413,8113.0,3.69
1101708,Urupá - RO,2022,831.857,10725.0,12.89
1101757,Vale do Anari - RO,2022,3135.106,7788.0,2.48
1101807,Vale do Paraíso - RO,2022,965.676,6479.0,6.71
1200013,Acrelândia - AC,2022,1811.613,14021.0,7.74
1200054,Assis Brasil - AC,2022,4979.073,8100.0,1.63
1200104,Brasiléia - AC,2022,3928.174,26000.0,6.62
1200138,Bujari - AC,2022,3034.869,12917.0,4.26
1200179,Capixaba - AC,2022,1705.824,10392.0,6.09
1200203,Cruzeiro do Sul - AC,2022,8783.47,91888.0,10.46
1200252,Epitaciolândia - AC,2022,1652.674,18757.0,11.35
1200302,Feijó - AC,2022,27976.874,35426.0,1.27
1200328,Jordão - AC,2022,5357.227,9222.0,1.72
1200336,Mâncio Lima - AC,2022,5451.617,19294.0,3.54
1200344,Manoel Urbano - AC,2022,10630.6,11996.0,1.13
1200351,Marechal Thaumaturgo - AC,2022,8190.953,17093.0,2.09
1200385,Plácido de Castro - AC,2022,1952.555,16560.0,8.48
1200393,Porto Walter - AC,2022,6446.385,10735.0,1.67
1200401,Rio Branco - AC,2022,8835.154,364756.0,41.28
1200427,Rodrigues Alves - AC,2022,3076.342,14938.0,4.86
1200435,Santa Rosa do Purus - AC,2022,6155.858,6723.0,1.09
1200450,Senador Guiomard - AC,2022,2320.169,21454.0,9.25
1200500,Sena Madureira - AC,2022,23759.512,41343.0,1.74
1200609,Tarauacá - AC,2022,20169.485,43467.0,2.16
1200708,Xapuri - AC,2022,5350.586,18243.0,3.41
1200807,Porto Acre - AC,2022,2604.417,16693.0,6.41
1300029,Alvarães - AM,2022,5923.461,15866.0,2.68
1300060,Amaturá - AM,2022,4754.109,10819.0,2.28
1300086,Anamã - AM,2022,2446.121,9962.0,4.07
1300102,Anori - AM,2022,6036.38,17194.0,2.85
1300144,Apuí - AM,2022,54240.545,20647.0,0.38
1300201,Atalaia do Norte - AM,2022,76507.617,15314.0,0.2
1300300,Autazes - AM,2022,7652.852,41564.0,5.43
1300409,Barcelos - AM,2022,122461.086,18834.0,0.15
1300508,Barreirinha - AM,2022,5751.765,31051.0,5.4
1300607,Benjamin Constant - AM,2022,8705.441,37648.0,4.32
1300631,Beruri - AM,2022,17472.779,20718.0,1.19
1300680,Boa Vista do Ramos - AM,2022,2589.407,23785.0,9.19
1300706,Boca do Acre - AM,2022,21938.583,35447.0,1.62
1300805,Borba - AM,2022,44236.184,33080.0,0.75
1300839,Caapiranga - AM,2022,9455.539,13469.0,1.42
1300904,Canutama - AM,2022,33642.732,16869.0,0.5
1301001,Carauari - AM,2022,25778.658,28742.0,1.11
1301100,Careiro - AM,2022,6096.212,30792.0,5.05
1301159,Careiro da Várzea - AM,2022,2627.474,19637.0,7.47
1301209,Coari - AM,2022,57970.768,70616.0,1.22
1301308,Codajás - AM,2022,18700.713,23549.0,1.26
1301407,Eirunepé - AM,2022,14966.242,33170.0,2.22
1301506,Envira - AM,2022,7505.794,17186.0,2.29
1301605,Fonte Boa - AM,2022,12155.427,25871.0,2.13
1301654,Guajará - AM,2022,7583.534,13815.0,1.82
1301704,Humaitá - AM,2022,33111.129,57473.0,1.74
1301803,Ipixuna - AM,2022,12109.779,24311.0,2.01
1301852,Iranduba - AM,2022,2216.817,61163.0,27.59
1301902,Itacoatiara - AM,2022,8891.906,103598.0,11.65
1301951,Itamarati - AM,2022,25260.429,10937.0,0.43
1302009,Itapiranga - AM,2022,4335.075,10162.0,2.34
1302108,Japurá - AM,2022,55827.203,8858.0,0.16
1302207,Juruá - AM,2022,19442.548,10742.0,0.55
1302306,Jutaí - AM,2022,69457.415,25172.0,0.36
1302405,Lábrea - AM,2022,68262.68,45448.0,0.67
1302504,Manacapuru - AM,2022,7336.579,101883.0,13.89
1302553,Manaquiri - AM,2022,3973.258,17107.0,4.31
1302603,Manaus - AM,2022,11401.092,2063689.0,181.01
1302702,Manicoré - AM,2022,48315.038,53914.0,1.12
1302801,Maraã - AM,2022,16830.827,15529.0,0.92
1302900,Maués - AM,2022,39991.066,61204.0,1.53
1303007,Nhamundá - AM,2022,14107.04,20136.0,1.43
1303106,Nova Olinda do Norte - AM,2022,5578.132,27062.0,4.85
1303205,Novo Airão - AM,2022,37776.77,15761.0,0.42
1303304,Novo Aripuanã - AM,2022,41179.656,23818.0,0.58
1303403,Parintins - AM,2022,5956.047,96372.0,16.18
1303502,Pauini - AM,2022,41624.664,19373.0,0.47
1303536,Presidente Figueiredo - AM,2022,25459.099,30668.0,1.2
1303569,Rio Preto da Eva - AM,2022,5815.622,24936.0,4.29
1303601,Santa Isabel do Rio Negro - AM,2022,62800.078,14164.0,0.23
1303700,Santo Antônio do Içá - AM,2022,12366.214,28211.0,2.28
1303809,São Gabriel da Cachoeira - AM,2022,109192.562,51795.0,0.47
1303908,São Paulo de Olivença - AM,2022,19658.502,32967.0,1.68
1303957,São Sebastião do Uatumã - AM,2022,10647.463,11670.0,1.1
1304005,Silves - AM,2022,3723.382,11559.0,3.1
1304062,Tabatinga - AM,2022,3260.103,66764.0,20.48
1304104,Tapauá - AM,2022,84946.035,19599.0,0.23
1304203,Tefé - AM,2022,23692.223,73669.0,3.11
1304237,Tonantins - AM,2022,6446.894,19247.0,2.99
1304260,Uarini - AM,2022,10274.677,14431.0,1.4
1304302,Urucará - AM,2022,27901.962,18631.0,0.67
1304401,Urucurituba - AM,2022,2886.494,23945.0,8.3
1400027,Amajari - RR,2022,28473.45,13927.0,0.49
1400050,Alto Alegre - RR,2022,25454.297,21096.0,0.83
1400100,Boa Vista - RR,2022,5687.037,413486.0,72.71
1400159,Bonfim - RR,2022,8079.914,13923.0,1.72
1400175,Cantá - RR,2022,7664.831,18682.0,2.44
1400209,Caracaraí - RR,2022,47379.903,20957.0,0.44
1400233,Caroebe - RR,2022,12065.896,10656.0,0.88
1400282,Iracema - RR,2022,14011.695,10023.0,0.72
1400308,Mucajaí - RR,2022,12337.851,18095.0,1.47
1400407,Normandia - RR,2022,6959.868,13986.0,2.01
1400456,Pacaraima - RR,2022,8025.045,19305.0,2.41
1400472,Rorainópolis - RR,2022,33579.739,32647.0,0.97
1400506,São João da Baliza - RR,2022,4284.505,8858.0,2.07
1400605,São Luiz do Anauá - RR,2022,1526.898,7315.0,4.79
1400704,Uiramutã - RR,2022,8113.598,13751.0,1.69
1500107,Abaetetuba - PA,2022,1610.654,158188.0,98.21
1500131,Abel Figueiredo - PA,2022,614.131,6136.0,9.99
1500206,Acará - PA,2022,4344.384,59023.0,13.59
1500305,Afuá - PA,2022,8338.438,37765.0,4.53
1500347,Água Azul do Norte - PA,2022,7113.955,18080.0,2.54
1500404,Alenquer - PA,2022,23645.452,69377.0,2.93
1500503,Almeirim - PA,2022,72954.798,34280.0,0.47
1500602,Altamira - PA,2022,159533.306,126279.0,0.79
1500701,Anajás - PA,2022,6913.64,28011.0,4.05
1500800,Ananindeua - PA,2022,190.581,478778.0,2512.2
1500859,Anapu - PA,2022,11895.27,31850.0,2.68
1500909,Augusto Corrêa - PA,2022,1099.619,44573.0,40.53
1500958,Aurora do Pará - PA,2022,1811.84,23774.0,13.12
1501006,Aveiro - PA,2022,17074.053,18290.0,1.07
1501105,Bagre - PA,2022,4397.321,31892.0,7.25
1501204,Baião - PA,2022,3759.834,51641.0,13.73
1501253,Bannach - PA,2022,2956.649,4031.0,1.36
1501303,Barcarena - PA,2022,1310.338,126650.0,96.65
1501402,Belém - PA,2022,1059.466,1303403.0,1230.25
1501451,Belterra - PA,2022,4398.418,18099.0,4.11
1501501,Benevides - PA,2022,187.826,63567.0,338.44
1501576,Bom Jesus do Tocantins - PA,2022,2816.604,18005.0,6.39
1501600,Bonito - PA,2022,586.976,12622.0,21.5
1501709,Bragança - PA,2022,2124.734,123082.0,57.93
1501725,Brasil Novo - PA,2022,6362.575,24718.0,3.88
1501758,Brejo Grande do Araguaia - PA,2022,1288.477,6783.0,5.26
1501782,Breu Branco - PA,2022,3941.904,45712.0,11.6
1501808,Breves - PA,2022,9566.572,106968.0,11.18
1501907,Bujaru - PA,2022,994.691,24383.0,24.51
1501956,Cachoeira do Piriá - PA,2022,2419.6,19630.0,8.11
1502004,Cachoeira do Arari - PA,2022,3100.261,23981.0,7.74
1502103,Cametá - PA,2022,3081.367,134184.0,43.55
1502152,Canaã dos Carajás - PA,2022,3146.821,77079.0,24.49
1502202,Capanema - PA,2022,621.483,70394.0,113.27
1502301,Capitão Poço - PA,2022,2901.026,56506.0,19.48
1502400,Castanhal - PA,2022,1029.3,192256.0,186.78
1502509,Chaves - PA,2022,12534.995,20757.0,1.66
1502608,Colares - PA,2022,384.068,12868.0,33.5
1502707,Conceição do Araguaia - PA,2022,5829.482,44617.0,7.65
1502756,Concórdia do Pará - PA,2022,700.59,26881.0,38.37
1502764,Cumaru do Norte - PA,2022,17085.001,14036.0,0.82
1502772,Curionópolis - PA,2022,2369.096,19950.0,8.42
1502806,Curralinho - PA,2022,3617.252,33903.0,9.37
1502855,Curuá - PA,2022,1431.134,14117.0,9.86
1502905,Curuçá - PA,2022,676.322,41262.0,61.01
1502939,Dom Eliseu - PA,2022,5268.809,58484.0,11.1
1502954,Eldorado do Carajás - PA,2022,2956.691,28192.0,9.53
1503002,Faro - PA,2022,11771.669,8728.0,0.74
1503044,Floresta do Araguaia - PA,2022,3444.285,17898.0,5.2
1503077,Garrafão do Norte - PA,2022,1608.014,24703.0,15.36
1503093,Goianésia do Pará - PA,2022,7023.948,26362.0,3.75
1503101,Gurupá - PA,2022,8570.286,31786.0,3.71
1503200,Igarapé-Açu - PA,2022,785.983,35797.0,45.54
1503309,Igarapé-Miri - PA,2022,1996.79,64831.0,32.47
1503408,Inhangapi - PA,2022,472.605,10325.0,21.85
1503457,Ipixuna do Pará - PA,2022,5215.555,30329.0,5.82
1503507,Irituia - PA,2022,1385.209,30955.0,22.35
1503606,Itaituba - PA,2022,62042.472,123314.0,1.99
1503705,Itupiranga - PA,2022,7880.109,49754.0,6.31
1503754,Jacareacanga - PA,2022,53304.563,24042.0,0.45
1503804,Jacundá - PA,2022,2008.315,37707.0,18.78
1503903,Juruti - PA,2022,8305.454,50881.0,6.13
1504000,Limoeiro do Ajuru - PA,2022,1490.186,29569.0,19.84
1504059,Mãe do Rio - PA,2022,469.341,34353.0,73.19
1504109,Magalhães Barata - PA,2022,323.984,8115.0,25.05
1504208,Marabá - PA,2022,15128.058,266533.0,17.62
1504307,Maracanã - PA,2022,807.628,25971.0,32.16
1504406,Marapanim - PA,2022,804.625,26573.0,33.03
1504422,Marituba - PA,2022,103.214,111785.0,1083.04
1504455,Medicilândia - PA,2022,8272.629,27094.0,3.28
1504505,Melgaço - PA,2022,6774.065,27881.0,4.12
1504604,Mocajuba - PA,2022,871.171,27198.0,31.22
1504703,Moju - PA,2022,9094.139,84094.0,9.25
1504752,Mojuí dos Campos - PA,2022,4988.236,23501.0,4.71
1504802,Monte Alegre - PA,2022,18152.559,60012.0,3.31
1504901,Muaná - PA,2022,3763.337,45368.0,12.06
1504950,Nova Esperança do Piriá - PA,2022,2808.195,20478.0,7.29
1504976,Nova Ipixuna - PA,2022,1564.184,13955.0,8.92
1505007,Nova Timboteua - PA,2022,489.853,12806.0,26.14
1505031,Novo Progresso - PA,2022,38162.002,33638.0,0.88
1505064,Novo Repartimento - PA,2022,15398.723,60732.0,3.94
1505106,Óbidos - PA,2022,28011.041,52229.0,1.86
1505205,Oeiras do Pará - PA,2022,3852.291,33844.0,8.79
1505304,Oriximiná - PA,2022,107613.838,68294.0,0.63
1505403,Ourém - PA,2022,561.71,17855.0,31.79
1505437,Ourilândia do Norte - PA,2022,14410.567,32467.0,2.25
1505486,Pacajá - PA,2022,11832.323,41097.0,3.47
1505494,Palestina do Pará - PA,2022,984.362,6885.0,6.99
1505502,Paragominas - PA,2022,19342.565,105550.0,5.46
1505536,Parauapebas - PA,2022,6885.794,267836.0,38.9
1505551,Pau D'Arco - PA,2022,1671.419,6931.0,4.15
1505601,Peixe-Boi - PA,2022,450.224,8285.0,18.4
1505635,Piçarra - PA,2022,3312.708,12832.0,3.87
1505650,Placas - PA,2022,7173.194,18668.0,2.6
1505700,Ponta de Pedras - PA,2022,3363.749,24984.0,7.43
1505809,Portel - PA,2022,25384.96,62503.0,2.46
1505908,Porto de Moz - PA,2022,17423.017,40597.0,2.33
1506005,Prainha - PA,2022,14786.953,35577.0,2.41
1506104,Primavera - PA,2022,258.6,10851.0,41.96
1506112,Quatipuru - PA,2022,302.939,11524.0,38.04
1506138,Redenção - PA,2022,3823.809,85597.0,22.39
1506161,Rio Maria - PA,2022,4114.627,18384.0,4.47
1506187,Rondon do Pará - PA,2022,8246.394,53143.0,6.44
1506195,Rurópolis - PA,2022,7021.321,35769.0,5.09
1506203,Salinópolis - PA,2022,226.12,44772.0,198.0
1506302,Salvaterra - PA,2022,918.563,24129.0,26.27
1506351,Santa Bárbara do Pará - PA,2022,278.154,21087.0,75.81
1506401,Santa Cruz do Arari - PA,2022,1076.652,7445.0,6.91
1506500,Santa Izabel do Pará - PA,2022,717.662,73019.0,101.75
1506559,Santa Luzia do Pará - PA,2022,1346.502,20370.0,15.13
1506583,Santa Maria das Barreiras - PA,2022,10330.214,16548.0,1.6
1506609,Santa Maria do Pará - PA,2022,457.724,24624.0,53.8
1506708,Santana do Araguaia - PA,2022,11591.441,32413.0,2.8
1506807,Santarém - PA,2022,17898.389,331942.0,18.55
1506906,Santarém Novo - PA,2022,229.51,6116.0,26.65
1507003,Santo Antônio do Tauá - PA,2022,537.618,27461.0,51.08
1507102,São Caetano de Odivelas - PA,2022,464.166,16666.0,35.91
1507151,São Domingos do Araguaia - PA,2022,1392.464,21092.0,15.15
1507201,São Domingos do Capim - PA,2022,1686.765,30599.0,18.14
1507300,São Félix do Xingu - PA,2022,84212.903,65418.0,0.78
1507409,São Francisco do Pará - PA,2022,479.441,14894.0,31.07
1507458,São Geraldo do Araguaia - PA,2022,3168.384,24255.0,7.66
1507466,São João da Ponta - PA,2022,195.918,4430.0,22.61
1507474,São João de Pirabas - PA,2022,668.434,20689.0,30.95
1507508,São João do Araguaia - PA,2022,1279.889,13664.0,10.68
1507607,São Miguel do Guamá - PA,2022,1094.564,52894.0,48.32
1507706,São Sebastião da Boa Vista - PA,2022,1632.251,25643.0,15.71
1507755,Sapucaia - PA,2022,1298.19,5847.0,4.5
1507805,Senador José Porfírio - PA,2022,14419.916,22576.0,1.57
1507904,Soure - PA,2022,2857.349,24204.0,8.47
1507953,Tailândia - PA,2022,4430.477,72493.0,16.36
1507961,Terra Alta - PA,2022,204.97,10400.0,50.74
1507979,Terra Santa - PA,2022,1895.883,18782.0,9.91
1508001,Tomé-Açu - PA,2022,5145.361,67585.0,13.14
1508035,Tracuateua - PA,2022,868.025,28595.0,32.94
1508050,Trairão - PA,2022,11991.085,15242.0,1.27
1508084,Tucumã - PA,2022,2512.594,39550.0,15.74
1508100,Tucuruí - PA,2022,2084.289,91306.0,43.81
1508126,Ulianópolis - PA,2022,5088.468,37972.0,7.46
1508159,Uruará - PA,2022,10791.406,43558.0,4.04
1508209,Vigia - PA,2022,401.589,50832.0,126.58
1508308,Viseu - PA,2022,4972.897,58692.0,11.8
1508357,Vitória do Xingu - PA,2022,3089.537,15607.0,5.05
1508407,Xinguara - PA,2022,3779.348,52893.0,14.0
1600055,Serra do Navio - AP,2022,7713.046,4673.0,0.61
1600105,Amapá - AP,2022,8454.847,7943.0,0.94
1600154,Pedra Branca do Amapari - AP,2022,9622.29,12847.0,1.34
1600204,Calçoene - AP,2022,14117.297,10612.0,0.75
1600212,Cutias - AP,2022,2179.114,4461.0,2.05
1600238,Ferreira Gomes - AP,2022,4973.855,6666.0,1.34
1600253,Itaubal - AP,2022,1622.867,5599.0,3.45
1600279,Laranjal do Jari - AP,2022,30782.998,35114.0,1.14
1600303,Macapá - AP,2022,6563.849,442933.0,67.48
1600402,Mazagão - AP,2022,13294.778,21924.0,1.65
1600501,Oiapoque - AP,2022,23034.392,27482.0,1.19
1600535,Porto Grande - AP,2022,4428.013,17848.0,4.03
1600550,Pracuúba - AP,2022,4948.508,3803.0,0.77
1600600,Santana - AP,2022,1541.224,107618.0,69.83
1600709,Tartarugalzinho - AP,2022,6684.705,12945.0,1.94
1600808,Vitória do Jari - AP,2022,2508.979,11291.0,4.5
1700251,Abreulândia - TO,2022,1906.295,2576.0,1.35
1700301,Aguiarnópolis - TO,2022,236.792,4497.0,18.99
1700350,Aliança do Tocantins - TO,2022,1580.999,5147.0,3.26
1700400,Almas - TO,2022,4007.152,6499.0,1.62
1700707,Alvorada - TO,2022,1207.201,8802.0,7.29
1701002,Ananás - TO,2022,1581.058,10325.0,6.53
1701051,Angico - TO,2022,447.549,2876.0,6.43
1701101,Aparecida do Rio Negro - TO,2022,1159.034,4856.0,4.19
1701309,Aragominas - TO,2022,1168.213,5290.0,4.53
1701903,Araguacema - TO,2022,2774.505,5927.0,2.14
1702000,Araguaçu - TO,2022,5155.223,8133.0,1.58
1702109,Araguaína - TO,2022,4004.646,171301.0,42.78
1702158,Araguanã - TO,2022,834.834,4310.0,5.16
1702208,Araguatins - TO,2022,2633.278,31918.0,12.12
1702307,Arapoema - TO,2022,1558.138,5550.0,3.56
1702406,Arraias - TO,2022,5803.085,10287.0,1.77
1702554,Augustinópolis - TO,2022,388.81,17484.0,44.97
1702703,Aurora do Tocantins - TO,2022,696.194,3342.0,4.8
1702901,Axixá do Tocantins - TO,2022,153.539,10262.0,66.84
1703008,Babaçulândia - TO,2022,1790.297,7880.0,4.4
1703057,Bandeirantes do Tocantins - TO,2022,1540.541,3407.0,2.21
1703073,Barra do Ouro - TO,2022,1105.84,4476.0,4.05
1703107,Barrolândia - TO,2022,697.759,4846.0,6.95
1703206,Bernardo Sayão - TO,2022,924.045,4229.0,4.58
1703305,Bom Jesus do Tocantins - TO,2022,1326.947,4038.0,3.04
1703602,Brasilândia do Tocantins - TO,2022,645.908,1974.0,3.06
1703701,Brejinho de Nazaré - TO,2022,1722.59,4725.0,2.74
1703800,Buriti do Tocantins - TO,2022,252.73,10307.0,40.78
1703826,Cachoeirinha - TO,2022,351.535,1961.0,5.58
1703842,Campos Lindos - TO,2022,3234.445,8653.0,2.68
1703867,Cariri do Tocantins - TO,2022,1126.291,4007.0,3.56
1703883,Carmolândia - TO,2022,339.366,2201.0,6.49
1703891,Carrasco Bonito - TO,2022,190.352,3318.0,17.43
1703909,Caseara - TO,2022,1680.014,4847.0,2.89
1704105,Centenário - TO,2022,1953.134,2131.0,1.09
1704600,Chapada de Areia - TO,2022,658.564,1501.0,2.28
1705102,Chapada da Natividade - TO,2022,1640.833,3117.0,1.9
1705508,Colinas do Tocantins - TO,2022,842.488,34233.0,40.63
1705557,Combinado - TO,2022,208.791,4756.0,22.78
1705607,Conceição do Tocantins - TO,2022,2530.647,3887.0,1.54
1706001,Couto Magalhães - TO,2022,1584.196,5331.0,3.37
1706100,Cristalândia - TO,2022,1850.75,6371.0,3.44
1706258,Crixás do Tocantins - TO,2022,983.766,1470.0,1.49
1706506,Darcinópolis - TO,2022,1641.77,5827.0,3.55
1707009,Dianópolis - TO,2022,3318.094,17739.0,5.35
1707108,Divinópolis do Tocantins - TO,2022,2358.282,7024.0,2.98
1707207,Dois Irmãos do Tocantins - TO,2022,3747.645,6327.0,1.69
1707306,Dueré - TO,2022,3420.657,4248.0,1.24
1707405,Esperantina - TO,2022,506.175,7530.0,14.88
1707553,Fátima - TO,2022,380.373,3467.0,9.11
1707652,Figueirópolis - TO,2022,1935.709,5211.0,2.69
1707702,Filadélfia - TO,2022,1991.258,7712.0,3.87
1708205,Formoso do Araguaia - TO,2022,13431.861,18881.0,1.41
1708254,Tabocão - TO,2022,624.463,3455.0,5.53
1708304,Goianorte - TO,2022,1797.229,4738.0,2.64
1709005,Goiatins - TO,2022,6414.846,12433.0,1.94
1709302,Guaraí - TO,2022,2106.753,24775.0,11.76
1709500,Gurupi - TO,2022,1844.164,85125.0,46.16
1709807,Ipueiras - TO,2022,821.152,1590.0,1.94
1710508,Itacajá - TO,2022,3047.204,6819.0,2.24
1710706,Itaguatins - TO,2022,730.163,5172.0,7.08
1710904,Itapiratins - TO,2022,1246.349,3577.0,2.87
1711100,Itaporã do Tocantins - TO,2022,969.794,2404.0,2.48
1711506,Jaú do Tocantins - TO,2022,2167.201,3334.0,1.54
1711803,Juarina - TO,2022,483.452,2243.0,4.64
1711902,Lagoa da Confusão - TO,2022,10563.181,15288.0,1.45
1711951,Lagoa do Tocantins - TO,2022,917.632,3516.0,3.83
1712009,Lajeado - TO,2022,318.292,3357.0,10.55
1712157,Lavandeira - TO,2022,468.006,1626.0,3.47
1712405,Lizarda - TO,2022,5716.641,2999.0,0.52
1712454,Luzinópolis - TO,2022,281.543,2717.0,9.65
1712504,Marianópolis do Tocantins - TO,2022,2089.575,4615.0,2.21
1712702,Mateiros - TO,2022,9589.273,2748.0,0.29
1712801,Maurilândia do Tocantins - TO,2022,736.303,3095.0,4.2
1713205,Miracema do Tocantins - TO,2022,2663.745,18566.0,6.97
1713304,Miranorte - TO,2022,1033.301,12701.0,12.29
1713601,Monte do Carmo - TO,2022,3601.205,5694.0,1.58
1713700,Monte Santo do Tocantins - TO,2022,1072.92,2396.0,2.23
1713809,Palmeiras do Tocantins - TO,2022,743.407,4872.0,6.55
1713957,Muricilândia - TO,2022,1194.368,3367.0,2.82
1714203,Natividade - TO,2022,3241.672,8754.0,2.7
1714302,Nazaré - TO,2022,395.997,4521.0,11.42
1714880,Nova Olinda - TO,2022,1567.834,10367.0,6.61
1715002,Nova Rosalândia - TO,2022,514.791,3362.0,6.53
1715101,Novo Acordo - TO,2022,2678.262,3969.0,1.48
1715150,Novo Alegre - TO,2022,200.412,1846.0,9.21
1715259,Novo Jardim - TO,2022,1213.893,2230.0,1.84
1715507,Oliveira de Fátima - TO,2022,209.292,1164.0,5.56
1715705,Palmeirante - TO,2022,2638.465,4798.0,1.82
1715754,Palmeirópolis - TO,2022,1708.981,6975.0,4.08
1716109,Paraíso do Tocantins - TO,2022,1292.267,52360.0,40.52
1716208,Paranã - TO,2022,11217.373,10542.0,0.94
1716307,Pau D'Arco - TO,2022,1375.551,4043.0,2.94
1716505,Pedro Afonso - TO,2022,2019.556,14055.0,6.96
1716604,Peixe - TO,2022,5303.612,9317.0,1.76
1716653,Pequizeiro - TO,2022,1206.118,4921.0,4.08
1716703,Colméia - TO,2022,1161.03,8941.0,7.7
1717008,Pindorama do Tocantins - TO,2022,1560.551,4478.0,2.87
1717206,Piraquê - TO,2022,1363.412,2282.0,1.67
1717503,Pium - TO,2022,10003.549,7128.0,0.71
1717800,Ponte Alta do Bom Jesus - TO,2022,1718.791,4220.0,2.46
1717909,Ponte Alta do Tocantins - TO,2022,6542.838,7586.0,1.16
1718006,Porto Alegre do Tocantins - TO,2022,506.717,2866.0,5.66
1718204,Porto Nacional - TO,2022,4434.68,64418.0,14.53
1718303,Praia Norte - TO,2022,300.999,9044.0,30.05
1718402,Presidente Kennedy - TO,2022,771.716,3047.0,3.95
1718451,Pugmil - TO,2022,401.174,2193.0,5.47
1718501,Recursolândia - TO,2022,2215.669,3421.0,1.54
1718550,Riachinho - TO,2022,512.156,3960.0,7.73
1718659,Rio da Conceição - TO,2022,845.823,1768.0,2.09
1718709,Rio dos Bois - TO,2022,847.255,2738.0,3.23
1718758,Rio Sono - TO,2022,6346.279,4841.0,0.76
1718808,Sampaio - TO,2022,222.435,4215.0,18.95
1718840,Sandolândia - TO,2022,3535.135,3723.0,1.05
1718865,Santa Fé do Araguaia - TO,2022,1671.239,7216.0,4.32
1718881,Santa Maria do Tocantins - TO,2022,1412.318,2680.0,1.9
1718899,Santa Rita do Tocantins - TO,2022,3281.219,2219.0,0.68
1718907,Santa Rosa do Tocantins - TO,2022,1804.687,4653.0,2.58
1719004,Santa Tereza do Tocantins - TO,2022,539.511,2781.0,5.15
1720002,Santa Terezinha do Tocantins - TO,2022,274.104,2406.0,8.78
1720101,São Bento do Tocantins - TO,2022,1099.58,5654.0,5.14
1720150,São Félix do Tocantins - TO,2022,1913.11,1783.0,0.93
1720200,São Miguel do Tocantins - TO,2022,406.957,13241.0,32.54
1720259,São Salvador do Tocantins - TO,2022,1424.753,2385.0,1.67
1720309,São Sebastião do Tocantins - TO,2022,289.597,4100.0,14.16
1720499,São Valério - TO,2022,2520.465,4422.0,1.75
1720655,Silvanópolis - TO,2022,1258.771,5108.0,4.06
1720804,Sítio Novo do Tocantins - TO,2022,307.095,10830.0,35.27
1720853,Sucupira - TO,2022,1018.222,1577.0,1.55
1720903,Taguatinga - TO,2022,2341.919,14011.0,5.98
1720937,Taipas do Tocantins - TO,2022,1105.303,2021.0,1.83
1720978,Talismã - TO,2022,2155.503,2456.0,1.14
1721000,Palmas - TO,2022,2227.329,302692.0,135.9
1721109,Tocantínia - TO,2022,2609.775,7459.0,2.86
1721208,Tocantinópolis - TO,2022,1083.6,22615.0,20.87
1721257,Tupirama - TO,2022,706.883,1909.0,2.7
1721307,Tupiratins - TO,2022,889.126,1874.0,2.11
1722081,Wanderlândia - TO,2022,1365.431,10522.0,7.71
1722107,Xambioá - TO,2022,1190.489,10517.0,8.83
2100055,Açailândia - MA,2022,5805.159,106550.0,18.35
2100105,Afonso Cunha - MA,2022,371.338,6144.0,16.55
2100154,Água Doce do Maranhão - MA,2022,442.292,12142.0,27.45
2100204,Alcântara - MA,2022,1167.964,18467.0,15.81
2100303,Aldeias Altas - MA,2022,1942.121,23286.0,11.99
2100402,Altamira do Maranhão - MA,2022,524.374,6447.0,12.29
2100436,Alto Alegre do Maranhão - MA,2022,392.75,24048.0,61.23
2100477,Alto Alegre do Pindaré - MA,2022,1875.901,25710.0,13.71
2100501,Alto Parnaíba - MA,2022,11127.384,11109.0,1.0
2100550,Amapá do Maranhão - MA,2022,502.402,7170.0,14.27
2100600,Amarante do Maranhão - MA,2022,7439.615,37085.0,4.98
2100709,Anajatuba - MA,2022,940.489,25322.0,26.92
2100808,Anapurus - MA,2022,608.903,13793.0,22.65
2100832,Apicum-Açu - MA,2022,341.12,17519.0,51.36
2100873,Araguanã - MA,2022,805.194,11181.0,13.89
2100907,Araioses - MA,2022,1789.73,39052.0,21.82
2100956,Arame - MA,2022,2976.039,25517.0,8.57
2101004,Arari - MA,2022,1100.275,29472.0,26.79
2101103,Axixá - MA,2022,160.462,11790.0,73.48
2101202,Bacabal - MA,2022,1656.736,103711.0,62.6
2101251,Bacabeira - MA,2022,542.962,16966.0,31.25
2101301,Bacuri - MA,2022,850.491,16290.0,19.15
2101350,Bacurituba - MA,2022,413.651,5252.0,12.7
2101400,Balsas - MA,2022,13141.162,101767.0,7.74
2101509,Barão de Grajaú - MA,2022,2209.414,18984.0,8.59
2101608,Barra do Corda - MA,2022,5187.673,84532.0,16.29
2101707,Barreirinhas - MA,2022,3046.308,65589.0,21.53
2101731,Belágua - MA,2022,569.606,8460.0,14.85
2101772,Bela Vista do Maranhão - MA,2022,147.954,11750.0,79.42
2101806,Benedito Leite - MA,2022,1784.64,5469.0,3.06
2101905,Bequimão - MA,2022,790.222,19584.0,24.78
2101939,Bernardo do Mearim - MA,2022,247.186,5840.0,23.63
2101970,Boa Vista do Gurupi - MA,2022,400.35,7574.0,18.92
2102002,Bom Jardim - MA,2022,6588.38,33100.0,5.02
2102036,Bom Jesus das Selvas - MA,2022,2676.98,28599.0,10.68
2102077,Bom Lugar - MA,2022,445.171,12212.0,27.43
2102101,Brejo - MA,2022,1073.258,34120.0,31.79
2102150,Brejo de Areia - MA,2022,986.036,9218.0,9.35
2102200,Buriti - MA,2022,1475.779,29685.0,20.11
2102309,Buriti Bravo - MA,2022,1582.552,22455.0,14.19
2102325,Buriticupu - MA,2022,2544.857,55499.0,21.81
2102358,Buritirana - MA,2022,820.968,12918.0,15.74
2102374,Cachoeira Grande - MA,2022,707.236,9732.0,13.76
2102408,Cajapió - MA,2022,545.244,10121.0,18.56
2102507,Cajari - MA,2022,662.066,16412.0,24.79
2102556,Campestre do Maranhão - MA,2022,613.529,12301.0,20.05
2102606,Cândido Mendes - MA,2022,1634.861,19932.0,12.19
2102705,Cantanhede - MA,2022,773.01,24303.0,31.44
2102754,Capinzal do Norte - MA,2022,590.267,11374.0,19.27
2102804,Carolina - MA,2022,6267.675,24062.0,3.84
2102903,Carutapera - MA,2022,1260.977,24238.0,19.22
2103000,Caxias - MA,2022,5201.927,156973.0,30.18
2103109,Cedral - MA,2022,285.211,10208.0,35.79
2103125,Central do Maranhão - MA,2022,319.538,7094.0,22.2
2103158,Centro do Guilherme - MA,2022,1167.848,12342.0,10.57
2103174,Centro Novo do Maranhão - MA,2022,8401.003,16267.0,1.94
2103208,Chapadinha - MA,2022,3247.385,81386.0,25.06
2103257,Cidelândia - MA,2022,1462.809,12878.0,8.8
2103307,Codó - MA,2022,4361.606,114275.0,26.2
2103406,Coelho Neto - MA,2022,977.079,41658.0,42.64
2103505,Colinas - MA,2022,1978.695,40316.0,20.38
2103554,Conceição do Lago-Açu - MA,2022,725.664,14915.0,20.55
2103604,Coroatá - MA,2022,2263.692,59566.0,26.31
2103703,Cururupu - MA,2022,1257.608,31558.0,25.09
2103752,Davinópolis - MA,2022,332.249,14404.0,43.35
2103802,Dom Pedro - MA,2022,358.493,23053.0,64.31
2103901,Duque Bacelar - MA,2022,317.494,10223.0,32.2
2104008,Esperantinópolis - MA,2022,452.411,18311.0,40.47
2104057,Estreito - MA,2022,2720.266,33294.0,12.24
2104073,Feira Nova do Maranhão - MA,2022,1625.822,8048.0,4.95
2104081,Fernando Falcão - MA,2022,5086.589,10873.0,2.14
2104099,Formosa da Serra Negra - MA,2022,3690.61,17719.0,4.8
2104107,Fortaleza dos Nogueiras - MA,2022,1853.406,12640.0,6.82
2104206,Fortuna - MA,2022,834.83,16976.0,20.33
2104305,Godofredo Viana - MA,2022,720.129,10186.0,14.14
2104404,Gonçalves Dias - MA,2022,883.588,17206.0,19.47
2104503,Governador Archer - MA,2022,445.856,10231.0,22.95
2104552,Governador Edison Lobão - MA,2022,615.957,18411.0,29.89
2104602,Governador Eugênio Barros - MA,2022,647.989,13930.0,21.5
2104628,Governador Luiz Rocha - MA,2022,401.587,7063.0,17.59
2104651,Governador Newton Bello - MA,2022,1144.146,10713.0,9.36
2104677,Governador Nunes Freire - MA,2022,1037.13,23128.0,22.3
2104701,Graça Aranha - MA,2022,271.445,6023.0,22.19
2104800,Grajaú - MA,2022,8861.717,73872.0,8.34
2104909,Guimarães - MA,2022,478.857,10290.0,21.49
2105005,Humberto de Campos - MA,2022,1714.625,25680.0,14.98
2105104,Icatu - MA,2022,1124.445,24794.0,22.05
2105153,Igarapé do Meio - MA,2022,368.685,13974.0,37.9
2105203,Igarapé Grande - MA,2022,346.218,10231.0,29.55
2105302,Imperatriz - MA,2022,1369.039,273110.0,199.49
2105351,Itaipava do Grajaú - MA,2022,1244.398,13828.0,11.11
2105401,Itapecuru Mirim - MA,2022,1480.641,60440.0,40.82
2105427,Itinga do Maranhão - MA,2022,3583.423,22513.0,6.28
2105450,Jatobá - MA,2022,591.616,7471.0,12.63
2105476,Jenipapo dos Vieiras - MA,2022,1962.362,17076.0,8.7
2105500,João Lisboa - MA,2022,1137.104,24709.0,21.73
2105609,Joselândia - MA,2022,703.081,14924.0,21.23
2105658,Junco do Maranhão - MA,2022,568.499,5146.0,9.05
2105708,Lago da Pedra - MA,2022,1240.444,44403.0,35.8
2105807,Lago do Junco - MA,2022,328.525,9506.0,28.94
2105906,Lago Verde - MA,2022,631.455,14769.0,23.39
2105922,Lagoa do Mato - MA,2022,1512.985,10572.0,6.99
2105948,Lago dos Rodrigues - MA,2022,220.776,8758.0,39.67
2105963,Lagoa Grande do Maranhão - MA,2022,744.199,11411.0,15.33
2105989,Lajeado Novo - MA,2022,1063.619,7057.0,6.63
2106003,Lima Campos - MA,2022,321.932,11297.0,35.09
2106102,Loreto - MA,2022,3597.231,11597.0,3.22
2106201,Luís Domingues - MA,2022,472.296,7161.0,15.16
2106300,Magalhães de Almeida - MA,2022,434.433,13807.0,31.78
2106326,Maracaçumé - MA,2022,635.758,21149.0,33.27
2106359,Marajá do Sena - MA,2022,1402.593,7027.0,5.01
2106375,Maranhãozinho - MA,2022,760.947,13761.0,18.08
2106409,Mata Roma - MA,2022,548.548,17090.0,31.15
2106508,Matinha - MA,2022,410.632,22034.0,53.66
2106607,Matões - MA,2022,2108.671,32174.0,15.26
2106631,Matões do Norte - MA,2022,794.454,17432.0,21.94
2106672,Milagres do Maranhão - MA,2022,634.818,8818.0,13.89
2106706,Mirador - MA,2022,8522.351,21030.0,2.47
2106755,Miranda do Norte - MA,2022,341.107,23864.0,69.96
2106805,Mirinzal - MA,2022,686.942,13978.0,20.35
2106904,Monção - MA,2022,1245.548,27751.0,22.28
2107001,Montes Altos - MA,2022,1488.513,9106.0,6.12
2107100,Morros - MA,2022,1712.121,18554.0,10.84
2107209,Nina Rodrigues - MA,2022,570.938,14176.0,24.83
2107258,Nova Colinas - MA,2022,743.085,5021.0,6.76
2107308,Nova Iorque - MA,2022,978.34,4320.0,4.42
2107357,Nova Olinda do Maranhão - MA,2022,2452.615,14314.0,5.84
2107407,Olho d'Água das Cunhãs - MA,2022,695.333,17919.0,25.77
2107456,Olinda Nova do Maranhão - MA,2022,199.879,13577.0,67.93
2107506,Paço do Lumiar - MA,2022,127.193,145643.0,1145.06
2107605,Palmeirândia - MA,2022,532.161,21059.0,39.57
2107704,Paraibano - MA,2022,530.517,18274.0,34.45
2107803,Parnarama - MA,2022,3245.525,31250.0,9.63
2107902,Passagem Franca - MA,2022,1358.327,17220.0,12.68
2108009,Pastos Bons - MA,2022,1635.181,18802.0,11.5
2108058,Paulino Neves - MA,2022,979.482,17056.0,17.41
2108108,Paulo Ramos - MA,2022,1168.609,20341.0,17.41
2108207,Pedreiras - MA,2022,262.066,37050.0,141.38
2108256,Pedro do Rosário - MA,2022,1753.867,24320.0,13.87
2108306,Penalva - MA,2022,800.916,32511.0,40.59
2108405,Peri Mirim - MA,2022,397.994,11108.0,27.91
2108454,Peritoró - MA,2022,824.725,20479.0,24.83
2108504,Pindaré-Mirim - MA,2022,268.285,31429.0,117.15
2108603,Pinheiro - MA,2022,1512.969,84621.0,55.93
2108702,Pio XII - MA,2022,545.14,21886.0,40.15
2108801,Pirapemas - MA,2022,688.761,17714.0,25.72
2108900,Poção de Pedras - MA,2022,990.415,17161.0,17.33
2109007,Porto Franco - MA,2022,1420.51,23903.0,16.83
2109056,Porto Rico do Maranhão - MA,2022,244.979,5954.0,24.3
2109106,Presidente Dutra - MA,2022,771.574,45155.0,58.52
2109205,Presidente Juscelino - MA,2022,355.568,11356.0,31.94
2109239,Presidente Médici - MA,2022,437.687,4696.0,10.73
2109270,Presidente Sarney - MA,2022,726.172,17511.0,24.11
2109304,Presidente Vargas - MA,2022,460.004,10549.0,22.93
2109403,Primeira Cruz - MA,2022,1337.161,13614.0,10.18
2109452,Raposa - MA,2022,79.213,30839.0,389.32
2109502,Riachão - MA,2022,6402.83,22145.0,3.46
2109551,Ribamar Fiquene - MA,2022,733.458,7420.0,10.12
2109601,Rosário - MA,2022,647.998,38475.0,59.38
2109700,Sambaíba - MA,2022,2476.132,5568.0,2.25
2109759,Santa Filomena do Maranhão - MA,2022,623.213,6697.0,10.75
2109809,Santa Helena - MA,2022,2191.168,41561.0,18.97
2109908,Santa Inês - MA,2022,786.689,85014.0,108.07
2110005,Santa Luzia - MA,2022,4837.169,57635.0,11.92
2110039,Santa Luzia do Paruá - MA,2022,1010.483,24307.0,24.05
2110104,Santa Quitéria do Maranhão - MA,2022,1430.33,23957.0,16.75
2110203,Santa Rita - MA,2022,756.797,37035.0,48.94
2110237,Santana do Maranhão - MA,2022,932.03,10567.0,11.34
2110278,Santo Amaro do Maranhão - MA,2022,1582.806,13949.0,8.81
2110302,Santo Antônio dos Lopes - MA,2022,770.923,14304.0,18.55
2110401,São Benedito do Rio Preto - MA,2022,931.485,18364.0,19.71
2110500,São Bento - MA,2022,456.997,46395.0,101.52
2110609,São Bernardo - MA,2022,1005.824,26943.0,26.79
2110658,São Domingos do Azeitão - MA,2022,961.249,7992.0,8.31
2110708,São Domingos do Maranhão - MA,2022,1151.978,34034.0,29.54
2110807,São Félix de Balsas - MA,2022,2032.599,4402.0,2.17
2110856,São Francisco do Brejão - MA,2022,745.357,9051.0,12.14
2110906,São Francisco do Maranhão - MA,2022,2284.217,12064.0,5.28
2111003,São João Batista - MA,2022,649.956,18544.0,28.53
2111029,São João do Carú - MA,2022,910.065,12251.0,13.46
2111052,São João do Paraíso - MA,2022,2052.328,9904.0,4.83
2111078,São João do Soter - MA,2022,1438.067,16889.0,11.74
2111102,São João dos Patos - MA,2022,1483.255,25020.0,16.87
2111201,São José de Ribamar - MA,2022,180.363,244579.0,1356.04
2111250,São José dos Basílios - MA,2022,353.72,6957.0,19.67
2111300,São Luís - MA,2022,583.063,1037775.0,1779.87
2111409,São Luís Gonzaga do Maranhão - MA,2022,909.164,17818.0,19.6
2111508,São Mateus do Maranhão - MA,2022,800.045,38829.0,48.53
2111532,São Pedro da Água Branca - MA,2022,720.461,14338.0,19.9
2111573,São Pedro dos Crentes - MA,2022,979.915,5783.0,5.9
2111607,São Raimundo das Mangabeiras - MA,2022,3524.501,18672.0,5.3
2111631,São Raimundo do Doca Bezerra - MA,2022,419.55,5650.0,13.47
2111672,São Roberto - MA,2022,226.811,4544.0,20.03
2111706,São Vicente Ferrer - MA,2022,393.928,19498.0,49.5
2111722,Satubinha - MA,2022,441.811,8784.0,19.88
2111748,Senador Alexandre Costa - MA,2022,426.437,10207.0,23.94
2111763,Senador La Rocque - MA,2022,738.187,14700.0,19.91
2111789,Serrano do Maranhão - MA,2022,1165.318,10202.0,8.75
2111805,Sítio Novo - MA,2022,3114.683,17074.0,5.48
2111904,Sucupira do Norte - MA,2022,1074.435,10238.0,9.53
2111953,Sucupira do Riachão - MA,2022,862.226,4985.0,5.78
2112001,Tasso Fragoso - MA,2022,4369.159,8862.0,2.03
2112100,Timbiras - MA,2022,1486.584,26484.0,17.82
2112209,Timon - MA,2022,1763.22,174465.0,98.95
2112233,Trizidela do Vale - MA,2022,291.61,22484.0,77.1
2112274,Tufilândia - MA,2022,270.934,5507.0,20.33
2112308,Tuntum - MA,2022,3369.121,36251.0,10.76
2112407,Turiaçu - MA,2022,2622.281,37491.0,14.3
2112456,Turilândia - MA,2022,1507.622,31638.0,20.99
2112506,Tutóia - MA,2022,1566.08,53356.0,34.07
2112605,Urbano Santos - MA,2022,1707.621,32812.0,19.22
2112704,Vargem Grande - MA,2022,1958.702,43261.0,22.09
2112803,Viana - MA,2022,1166.745,51442.0,44.09
2112852,Vila Nova dos Martírios - MA,2022,1190.008,10362.0,8.71
2112902,Vitória do Mearim - MA,2022,716.719,30805.0,42.98
2113009,Vitorino Freire - MA,2022,1193.385,30845.0,25.85
2114007,Zé Doca - MA,2022,2140.109,40801.0,19.06
2200053,Acauã - PI,2022,1280.838,6420.0,5.01
2200103,Agricolândia - PI,2022,112.392,4940.0,43.95
2200202,Água Branca - PI,2022,96.843,17573.0,181.46
2200251,Alagoinha do Piauí - PI,2022,535.89,6819.0,12.72
2200277,Alegrete do Piauí - PI,2022,243.732,4634.0,19.01
2200301,Alto Longá - PI,2022,1743.331,13479.0,7.73
2200400,Altos - PI,2022,957.232,47453.0,49.57
2200459,Alvorada do Gurguéia - PI,2022,2131.506,5322.0,2.5
2200509,Amarante - PI,2022,1152.127,17234.0,14.96
2200608,Angical do Piauí - PI,2022,222.008,6827.0,30.75
2200707,Anísio de Abreu - PI,2022,337.877,9407.0,27.84
2200806,Antônio Almeida - PI,2022,644.8,3152.0,4.89
2200905,Aroazes - PI,2022,821.212,5369.0,6.54
2200954,Aroeiras do Itaim - PI,2022,316.235,2690.0,8.51
2201002,Arraial - PI,2022,682.727,4520.0,6.62
2201051,Assunção do Piauí - PI,2022,1690.703,7452.0,4.41
2201101,Avelino Lopes - PI,2022,1220.371,10866.0,8.9
2201150,Baixa Grande do Ribeiro - PI,2022,7808.915,13272.0,1.7
2201176,Barra D'Alcântara - PI,2022,263.943,3995.0,15.14
2201200,Barras - PI,2022,1722.507,47938.0,27.83
2201309,Barreiras do Piauí - PI,2022,2168.713,3264.0,1.51
2201408,Barro Duro - PI,2022,159.436,6640.0,41.65
2201507,Batalha - PI,2022,1589.01,26300.0,16.55
2201556,Bela Vista do Piauí - PI,2022,499.092,4091.0,8.2
2201572,Belém do Piauí - PI,2022,243.234,3423.0,14.07
2201606,Beneditinos - PI,2022,937.098,9929.0,10.6
2201705,Bertolínia - PI,2022,1216.116,5562.0,4.57
2201739,Betânia do Piauí - PI,2022,579.576,6220.0,10.73
2201770,Boa Hora - PI,2022,336.954,6902.0,20.48
2201804,Bocaina - PI,2022,261.651,4078.0,15.59
2201903,Bom Jesus - PI,2022,5471.024,28796.0,5.26
2201919,Bom Princípio do Piauí - PI,2022,523.142,5636.0,10.77
2201929,Bonfim do Piauí - PI,2022,289.149,5913.0,20.45
2201945,Boqueirão do Piauí - PI,2022,269.786,6545.0,24.26
2201960,Brasileira - PI,2022,880.836,8436.0,9.58
2201988,Brejo do Piauí - PI,2022,2267.327,3904.0,1.72
2202000,Buriti dos Lopes - PI,2022,690.54,19654.0,28.46
2202026,Buriti dos Montes - PI,2022,2437.326,7434.0,3.05
2202059,Cabeceiras do Piauí - PI,2022,608.747,10212.0,16.78
2202075,Cajazeiras do Piauí - PI,2022,514.106,3108.0,6.05
2202083,Cajueiro da Praia - PI,2022,271.165,7957.0,29.34
2202091,Caldeirão Grande do Piauí - PI,2022,467.083,5503.0,11.78
2202109,Campinas do Piauí - PI,2022,783.842,4938.0,6.3
2202117,Campo Alegre do Fidalgo - PI,2022,657.796,4616.0,7.02
2202133,Campo Grande do Piauí - PI,2022,311.682,6020.0,19.31
2202174,Campo Largo do Piauí - PI,2022,478.078,7419.0,15.52
2202208,Campo Maior - PI,2022,1680.861,45793.0,27.24
2202251,Canavieira - PI,2022,2165.277,3414.0,1.58
2202307,Canto do Buriti - PI,2022,4325.643,19365.0,4.48
2202406,Capitão de Campos - PI,2022,571.658,11100.0,19.42
2202455,Capitão Gervásio Oliveira - PI,2022,1132.995,3974.0,3.51
2202505,Caracol - PI,2022,1610.959,10318.0,6.4
2202539,Caraúbas do Piauí - PI,2022,471.217,5630.0,11.95
2202554,Caridade do Piauí - PI,2022,498.793,5033.0,10.09
2202604,Castelo do Piauí - PI,2022,2378.847,19288.0,8.11
2202653,Caxingó - PI,2022,491.093,5496.0,11.19
2202703,Cocal - PI,2022,1294.133,28212.0,21.8
2202711,Cocal de Telha - PI,2022,310.291,4911.0,15.83
2202729,Cocal dos Alves - PI,2022,324.856,6386.0,19.66
2202737,Coivaras - PI,2022,484.46,4117.0,8.5
2202752,Colônia do Gurguéia - PI,2022,429.591,6150.0,14.32
2202778,Colônia do Piauí - PI,2022,950.193,6994.0,7.36
2202802,Conceição do Canindé - PI,2022,824.729,4932.0,5.98
2202851,Coronel José Dias - PI,2022,1926.103,4250.0,2.21
2202901,Corrente - PI,2022,3048.747,27278.0,8.95
2203008,Cristalândia do Piauí - PI,2022,1202.896,7356.0,6.12
2203107,Cristino Castro - PI,2022,1845.698,10503.0,5.69
2203206,Curimatá - PI,2022,2344.949,11270.0,4.81
2203230,Currais - PI,2022,3156.657,4854.0,1.54
2203255,Curralinhos - PI,2022,345.811,4413.0,12.76
2203271,Curral Novo do Piauí - PI,2022,755.251,5073.0,6.72
2203305,Demerval Lobão - PI,2022,216.807,16352.0,75.42
2203354,Dirceu Arcoverde - PI,2022,1005.571,7054.0,7.01
2203404,Dom Expedito Lopes - PI,2022,218.808,6320.0,28.88
2203420,Domingos Mourão - PI,2022,848.705,4075.0,4.8
2203453,Dom Inocêncio - PI,2022,3871.824,9159.0,2.37
2203503,Elesbão Veloso - PI,2022,1383.976,13607.0,9.83
2203602,Eliseu Martins - PI,2022,1097.79,4377.0,3.99
2203701,Esperantina - PI,2022,908.748,40970.0,45.08
2203750,Fartura do Piauí - PI,2022,713.046,5284.0,7.41
2203800,Flores do Piauí - PI,2022,946.719,4414.0,4.66
2203859,Floresta do Piauí - PI,2022,223.199,2333.0,10.45
2203909,Floriano - PI,2022,3407.979,62036.0,18.2
2204006,Francinópolis - PI,2022,268.704,4505.0,16.77
2204105,Francisco Ayres - PI,2022,656.475,4412.0,6.72
2204154,Francisco Macedo - PI,2022,179.245,2929.0,16.34
2204204,Francisco Santos - PI,2022,492.191,8237.0,16.74
2204303,Fronteiras - PI,2022,777.179,10259.0,13.2
2204352,Geminiano - PI,2022,440.606,5445.0,12.36
2204402,Gilbués - PI,2022,3495.692,10892.0,3.12
2204501,Guadalupe - PI,2022,1026.538,10270.0,10.0
2204550,Guaribas - PI,2022,3118.231,4276.0,1.37
2204600,Hugo Napoleão - PI,2022,224.573,3518.0,15.67
2204659,Ilha Grande - PI,2022,129.696,9274.0,71.51
2204709,Inhuma - PI,2022,978.222,14958.0,15.29
2204808,Ipiranga do Piauí - PI,2022,529.417,9420.0,17.79
2204907,Isaías Coelho - PI,2022,800.688,7774.0,9.71
2205003,Itainópolis - PI,2022,827.62,10790.0,13.04
2205102,Itaueira - PI,2022,2554.179,10323.0,4.04
2205151,Jacobina do Piauí - PI,2022,1333.796,5613.0,4.21
2205201,Jaicós - PI,2022,866.788,17527.0,20.22
2205250,Jardim do Mulato - PI,2022,510.226,4180.0,8.19
2205276,Jatobá do Piauí - PI,2022,650.393,4494.0,6.91
2205300,Jerumenha - PI,2022,1865.94,4497.0,2.41
2205359,João Costa - PI,2022,1800.23,2970.0,1.65
2205409,Joaquim Pires - PI,2022,740.561,13886.0,18.75
2205458,Joca Marques - PI,2022,169.005,5394.0,31.92
2205508,José de Freitas - PI,2022,1538.172,42559.0,27.67
2205516,Juazeiro do Piauí - PI,2022,935.404,5214.0,5.57
2205524,Júlio Borges - PI,2022,1283.916,5388.0,4.2
2205532,Jurema - PI,2022,1271.881,4425.0,3.48
2205540,Lagoinha do Piauí - PI,2022,67.649,2939.0,43.44
2205557,Lagoa Alegre - PI,2022,394.205,8256.0,20.94
2205565,Lagoa do Barro do Piauí - PI,2022,1331.025,4995.0,3.75
2205573,Lagoa de São Francisco - PI,2022,155.86,6331.0,40.62
2205581,Lagoa do Piauí - PI,2022,427.841,4810.0,11.24
2205599,Lagoa do Sítio - PI,2022,805.018,4520.0,5.61
2205607,Landri Sales - PI,2022,1088.583,5213.0,4.79
2205706,Luís Correia - PI,2022,1074.132,30641.0,28.53
2205805,Luzilândia - PI,2022,705.599,25375.0,35.96
2205854,Madeiro - PI,2022,178.842,8032.0,44.91
2205904,Manoel Emídio - PI,2022,1620.413,5209.0,3.21
2205953,Marcolândia - PI,2022,136.785,8533.0,62.38
2206001,Marcos Parente - PI,2022,677.416,4724.0,6.97
2206050,Massapê do Piauí - PI,2022,530.169,5218.0,9.84
2206100,Matias Olímpio - PI,2022,226.785,10641.0,46.92
2206209,Miguel Alves - PI,2022,1392.123,32150.0,23.09
2206308,Miguel Leão - PI,2022,93.412,1318.0,14.11
2206357,Milton Brandão - PI,2022,1309.128,6542.0,5.0
2206407,Monsenhor Gil - PI,2022,567.86,10255.0,18.06
2206506,Monsenhor Hipólito - PI,2022,401.568,7577.0,18.87
2206605,Monte Alegre do Piauí - PI,2022,2417.382,10660.0,4.41
2206654,Morro Cabeça no Tempo - PI,2022,2207.658,4377.0,1.98
2206670,Morro do Chapéu do Piauí - PI,2022,328.408,6425.0,19.56
2206696,Murici dos Portelas - PI,2022,475.72,9797.0,20.59
2206704,Nazaré do Piauí - PI,2022,1315.841,6665.0,5.07
2206720,Nazária - PI,2022,362.376,10262.0,28.32
2206753,Nossa Senhora de Nazaré - PI,2022,356.872,5228.0,14.65
2206803,Nossa Senhora dos Remédios - PI,2022,357.896,8525.0,23.82
2206902,Novo Oriente do Piauí - PI,2022,525.906,6097.0,11.59
2206951,Novo Santo Antônio - PI,2022,443.872,2827.0,6.37
2207009,Oeiras - PI,2022,2703.138,38161.0,14.12
2207108,Olho D'Água do Piauí - PI,2022,183.603,2637.0,14.36
2207207,Padre Marcos - PI,2022,278.696,6382.0,22.9
2207306,Paes Landim - PI,2022,401.378,4088.0,10.18
2207355,Pajeú do Piauí - PI,2022,986.961,3000.0,3.04
2207405,Palmeira do Piauí - PI,2022,2024.02,4952.0,2.45
2207504,Palmeirais - PI,2022,1493.764,13264.0,8.88
2207553,Paquetá - PI,2022,432.572,3813.0,8.81
2207603,Parnaguá - PI,2022,3428.811,10103.0,2.95
2207702,Parnaíba - PI,2022,436.907,162159.0,371.15
2207751,Passagem Franca do Piauí - PI,2022,643.226,4135.0,6.43
2207777,Patos do Piauí - PI,2022,801.403,5425.0,6.77
2207793,Pau D'Arco do Piauí - PI,2022,430.023,3880.0,9.02
2207801,Paulistana - PI,2022,1941.111,21055.0,10.85
2207850,Pavussu - PI,2022,1090.697,3628.0,3.33
2207900,Pedro II - PI,2022,1544.413,37894.0,24.54
2207934,Pedro Laurentino - PI,2022,870.614,2458.0,2.82
2207959,Nova Santa Rita - PI,2022,909.734,4076.0,4.48
2208007,Picos - PI,2022,577.284,83090.0,143.93
2208106,Pimenteiras - PI,2022,4562.58,11341.0,2.49
2208205,Pio IX - PI,2022,1948.142,17613.0,9.04
2208304,Piracuruca - PI,2022,2368.935,28846.0,12.18
2208403,Piripiri - PI,2022,1407.192,65538.0,46.57
2208502,Porto - PI,2022,253.113,12052.0,47.62
2208551,Porto Alegre do Piauí - PI,2022,1168.044,2364.0,2.02
2208601,Prata do Piauí - PI,2022,196.787,3042.0,15.46
2208650,Queimada Nova - PI,2022,1283.369,8738.0,6.81
2208700,Redenção do Gurguéia - PI,2022,2470.531,8394.0,3.4
2208809,Regeneração - PI,2022,1251.321,17133.0,13.69
2208858,Riacho Frio - PI,2022,2220.598,4165.0,1.88
2208874,Ribeira do Piauí - PI,2022,1012.479,4055.0,4.01
2208908,Ribeiro Gonçalves - PI,2022,3987.147,6164.0,1.55
2209005,Rio Grande do Piauí - PI,2022,635.953,5801.0,9.12
2209104,Santa Cruz do Piauí - PI,2022,582.658,5831.0,10.01
2209153,Santa Cruz dos Milagres - PI,2022,978.547,3435.0,3.51
2209203,Santa Filomena - PI,2022,5293.693,6087.0,1.15
2209302,Santa Luz - PI,2022,1185.398,5336.0,4.5
2209351,Santana do Piauí - PI,2022,112.189,4125.0,36.77
2209377,Santa Rosa do Piauí - PI,2022,338.336,4650.0,13.74
2209401,Santo Antônio de Lisboa - PI,2022,385.286,5839.0,15.15
2209450,Santo Antônio dos Milagres - PI,2022,33.64,2138.0,63.56
2209500,Santo Inácio do Piauí - PI,2022,852.106,3646.0,4.28
2209559,São Braz do Piauí - PI,2022,656.042,4358.0,6.64
2209609,São Félix do Piauí - PI,2022,627.033,2842.0,4.53
2209658,São Francisco de Assis do Piauí - PI,2022,1072.311,5572.0,5.2
2209708,São Francisco do Piauí - PI,2022,1341.451,5392.0,4.02
2209757,São Gonçalo do Gurguéia - PI,2022,1385.255,2947.0,2.13
2209807,São Gonçalo do Piauí - PI,2022,150.495,4837.0,32.14
2209856,São João da Canabrava - PI,2022,480.537,4242.0,8.83
2209872,São João da Fronteira - PI,2022,817.111,5522.0,6.76
2209906,São João da Serra - PI,2022,994.224,6114.0,6.15
2209955,São João da Varjota - PI,2022,394.456,4383.0,11.11
2209971,São João do Arraial - PI,2022,213.377,8186.0,38.36
2210003,São João do Piauí - PI,2022,1527.497,21421.0,14.02
2210052,São José do Divino - PI,2022,319.367,4841.0,15.16
2210102,São José do Peixe - PI,2022,1287.174,3297.0,2.56
2210201,São José do Piauí - PI,2022,373.347,6597.0,17.67
2210300,São Julião - PI,2022,291.089,6025.0,20.7
2210359,São Lourenço do Piauí - PI,2022,673.822,4410.0,6.54
2210375,São Luis do Piauí - PI,2022,217.924,2309.0,10.6
2210383,São Miguel da Baixa Grande - PI,2022,444.528,2269.0,5.1
2210391,São Miguel do Fidalgo - PI,2022,813.444,2829.0,3.48
2210409,São Miguel do Tapuio - PI,2022,4988.973,17554.0,3.52
2210508,São Pedro do Piauí - PI,2022,518.288,13755.0,26.54
2210607,São Raimundo Nonato - PI,2022,2415.287,38934.0,16.12
2210623,Sebastião Barros - PI,2022,893.488,3202.0,3.58
2210631,Sebastião Leal - PI,2022,3148.857,4446.0,1.41
2210656,Sigefredo Pacheco - PI,2022,1031.101,9460.0,9.17
2210706,Simões - PI,2022,1076.055,14350.0,13.34
2210805,Simplício Mendes - PI,2022,1360.028,13870.0,10.2
2210904,Socorro do Piauí - PI,2022,761.854,4141.0,5.44
2210938,Sussuapara - PI,2022,205.194,6220.0,30.31
2210953,Tamboril do Piauí - PI,2022,1587.296,2949.0,1.86
2210979,Tanque do Piauí - PI,2022,398.007,2316.0,5.82
2211001,Teresina - PI,2022,1391.293,866300.0,622.66
2211100,União - PI,2022,1170.742,46119.0,39.39
2211209,Uruçuí - PI,2022,8413.016,25203.0,3.0
2211308,Valença do Piauí - PI,2022,1333.722,22279.0,16.7
2211357,Várzea Branca - PI,2022,450.429,5055.0,11.22
2211407,Várzea Grande - PI,2022,236.453,4417.0,18.68
2211506,Vera Mendes - PI,2022,341.974,3185.0,9.31
2211605,Vila Nova do Piauí - PI,2022,221.627,2935.0,13.24
2211704,Wall Ferraz - PI,2022,270.427,4059.0,15.01
2300101,Abaiara - CE,2022,180.833,10038.0,55.51
2300150,Acarape - CE,2022,130.002,14027.0,107.9
2300200,Acaraú - CE,2022,842.471,65264.0,77.47
2300309,Acopiara - CE,2022,2254.279,44962.0,19.95
2300408,Aiuaba - CE,2022,2438.563,14076.0,5.77
2300507,Alcântaras - CE,2022,135.76,11369.0,83.74
2300606,Altaneira - CE,2022,72.675,6782.0,93.32
2300705,Alto Santo - CE,2022,1147.208,14155.0,12.34
2300754,Amontada - CE,2022,1175.044,42156.0,35.88
2300804,Antonina do Norte - CE,2022,259.706,7245.0,27.9
2300903,Apuiarés - CE,2022,543.98,12928.0,23.77
2301000,Aquiraz - CE,2022,480.236,80645.0,167.93
2301109,Aracati - CE,2022,1227.197,75113.0,61.21
2301208,Aracoiaba - CE,2022,643.988,25553.0,39.68
2301257,Ararendá - CE,2022,342.301,11096.0,32.42
2301307,Araripe - CE,2022,1097.339,19783.0,18.03
2301406,Aratuba - CE,2022,119.758,11224.0,93.72
2301505,Arneiroz - CE,2022,1068.437,7429.0,6.95
2301604,Assaré - CE,2022,1155.124,21697.0,18.78
2301703,Aurora - CE,2022,885.87,23714.0,26.77
2301802,Baixio - CE,2022,145.556,5704.0,39.19
2301851,Banabuiú - CE,2022,1080.986,17195.0,15.91
2301901,Barbalha - CE,2022,608.158,75033.0,123.38
2301950,Barreira - CE,2022,260.003,22392.0,86.12
2302008,Barro - CE,2022,711.346,19381.0,27.25
2302057,Barroquinha - CE,2022,385.583,14567.0,37.78
2302107,Baturité - CE,2022,314.075,35218.0,112.13
2302206,Beberibe - CE,2022,1596.751,53114.0,33.26
2302305,Bela Cruz - CE,2022,842.106,32775.0,38.92
2302404,Boa Viagem - CE,2022,2835.037,50411.0,17.78
2302503,Brejo Santo - CE,2022,654.658,51090.0,78.04
2302602,Camocim - CE,2022,1120.452,62326.0,55.63
2302701,Campos Sales - CE,2022,1082.582,25135.0,23.22
2302800,Canindé - CE,2022,3032.39,74174.0,24.46
2302909,Capistrano - CE,2022,226.549,17254.0,76.16
2303006,Caridade - CE,2022,926.271,16377.0,17.68
2303105,Cariré - CE,2022,755.597,17632.0,23.34
2303204,Caririaçu - CE,2022,634.179,26320.0,41.5
2303303,Cariús - CE,2022,1036.417,17015.0,16.42
2303402,Carnaubal - CE,2022,363.22,17210.0,47.38
2303501,Cascavel - CE,2022,838.115,72720.0,86.77
2303600,Catarina - CE,2022,488.153,10243.0,20.98
2303659,Catunda - CE,2022,784.022,10444.0,13.32
2303709,Caucaia - CE,2022,1223.246,355679.0,290.77
2303808,Cedro - CE,2022,729.97,22344.0,30.61
2303907,Chaval - CE,2022,237.248,12462.0,52.53
2303931,Choró - CE,2022,815.268,12113.0,14.86
2303956,Chorozinho - CE,2022,296.431,20163.0,68.02
2304004,Coreaú - CE,2022,750.332,20953.0,27.92
2304103,Crateús - CE,2022,2981.459,76390.0,25.62
2304202,Crato - CE,2022,1138.15,131050.0,115.14
2304236,Croatá - CE,2022,696.348,17481.0,25.1
2304251,Cruz - CE,2022,335.921,29761.0,88.6
2304269,Deputado Irapuan Pinheiro - CE,2022,471.134,8932.0,18.96
2304277,Ereré - CE,2022,362.906,6474.0,17.84
2304285,Eusébio - CE,2022,78.818,74170.0,941.03
2304301,Farias Brito - CE,2022,530.54,18217.0,34.34
2304350,Forquilha - CE,2022,568.778,24173.0,42.5
2304400,Fortaleza - CE,2022,312.353,2428708.0,7775.52
2304459,Fortim - CE,2022,285.024,17294.0,60.68
2304509,Frecheirinha - CE,2022,210.284,15657.0,74.46
2304608,General Sampaio - CE,2022,230.371,6734.0,29.23
2304657,Graça - CE,2022,258.942,13801.0,53.3
2304707,Granja - CE,2022,2663.174,53344.0,20.03
2304806,Granjeiro - CE,2022,111.528,4841.0,43.41
2304905,Groaíras - CE,2022,155.681,10910.0,70.08
2304954,Guaiúba - CE,2022,256.053,24325.0,95.0
2305001,Guaraciaba do Norte - CE,2022,624.606,42053.0,67.33
2305100,Guaramiranga - CE,2022,90.817,5654.0,62.26
2305209,Hidrolândia - CE,2022,926.592,17855.0,19.27
2305233,Horizonte - CE,2022,160.557,74755.0,465.6
2305266,Ibaretama - CE,2022,879.255,11956.0,13.6
2305308,Ibiapina - CE,2022,414.092,23965.0,57.87
2305332,Ibicuitinga - CE,2022,423.856,11611.0,27.39
2305357,Icapuí - CE,2022,421.44,21433.0,50.86
2305407,Icó - CE,2022,1865.862,62642.0,33.57
2305506,Iguatu - CE,2022,992.208,98064.0,98.83
2305605,Independência - CE,2022,3222.381,24024.0,7.46
2305654,Ipaporanga - CE,2022,704.773,11575.0,16.42
2305704,Ipaumirim - CE,2022,276.508,12083.0,43.7
2305803,Ipu - CE,2022,626.049,41081.0,65.62
2305902,Ipueiras - CE,2022,1483.258,36798.0,24.81
2306009,Iracema - CE,2022,839.174,14001.0,16.68
2306108,Irauçuba - CE,2022,1466.412,23915.0,16.31
2306207,Itaiçaba - CE,2022,213.604,7536.0,35.28
2306256,Itaitinga - CE,2022,153.686,64650.0,420.66
2306306,Itapajé - CE,2022,432.188,46426.0,107.42
2306405,Itapipoca - CE,2022,1600.358,131123.0,81.93
2306504,Itapiúna - CE,2022,593.231,17841.0,30.07
2306553,Itarema - CE,2022,714.833,42957.0,60.09
2306603,Itatira - CE,2022,829.626,20424.0,24.62
2306702,Jaguaretama - CE,2022,1826.826,17232.0,9.43
2306801,Jaguaribara - CE,2022,622.963,10356.0,16.62
2306900,Jaguaribe - CE,2022,1877.062,33726.0,17.97
2307007,Jaguaruana - CE,2022,854.362,31701.0,37.1
2307106,Jardim - CE,2022,544.98,27411.0,50.3
2307205,Jati - CE,2022,368.359,7861.0,21.34
2307254,Jijoca de Jericoacoara - CE,2022,209.029,25555.0,122.26
2307304,Juazeiro do Norte - CE,2022,258.788,286120.0,1105.62
2307403,Jucás - CE,2022,940.336,23922.0,25.44
2307502,Lavras da Mangabeira - CE,2022,945.263,30802.0,32.59
2307601,Limoeiro do Norte - CE,2022,744.525,59560.0,80.0
2307635,Madalena - CE,2022,997.781,16896.0,16.93
2307650,Maracanaú - CE,2022,105.071,234509.0,2231.91
2307700,Maranguape - CE,2022,583.505,105093.0,180.11
2307809,Marco - CE,2022,573.61,25799.0,44.98
2307908,Martinópole - CE,2022,303.445,10846.0,35.74
2308005,Massapê - CE,2022,567.78,37697.0,66.39
2308104,Mauriti - CE,2022,1079.011,45561.0,42.22
2308203,Meruoca - CE,2022,151.651,15157.0,99.95
2308302,Milagres - CE,2022,579.097,25900.0,44.72
2308351,Milhã - CE,2022,502.137,14123.0,28.13
2308377,Miraíma - CE,2022,708.678,14196.0,20.03
2308401,Missão Velha - CE,2022,613.317,36822.0,60.04
2308500,Mombaça - CE,2022,2115.748,37735.0,17.84
2308609,Monsenhor Tabosa - CE,2022,892.538,17149.0,19.21
2308708,Morada Nova - CE,2022,2763.971,61443.0,22.23
2308807,Moraújo - CE,2022,414.446,8254.0,19.92
2308906,Morrinhos - CE,2022,411.586,22753.0,55.28
2309003,Mucambo - CE,2022,192.19,13666.0,71.11
2309102,Mulungu - CE,2022,97.951,10569.0,107.9
2309201,Nova Olinda - CE,2022,282.584,15399.0,54.49
2309300,Nova Russas - CE,2022,736.911,30699.0,41.66
2309409,Novo Oriente - CE,2022,947.44,27545.0,29.07
2309458,Ocara - CE,2022,763.075,24493.0,32.1
2309508,Orós - CE,2022,577.526,19675.0,34.07
2309607,Pacajus - CE,2022,250.304,70983.0,283.59
2309706,Pacatuba - CE,2022,133.236,81524.0,611.88
2309805,Pacoti - CE,2022,112.433,11186.0,99.49
2309904,Pacujá - CE,2022,88.355,6175.0,69.89
2310001,Palhano - CE,2022,436.98,9346.0,21.39
2310100,Palmácia - CE,2022,128.896,10242.0,79.46
2310209,Paracuru - CE,2022,304.734,38980.0,127.91
2310258,Paraipaba - CE,2022,289.231,32216.0,111.39
2310308,Parambu - CE,2022,2313.868,31445.0,13.59
2310407,Paramoti - CE,2022,539.238,10384.0,19.26
2310506,Pedra Branca - CE,2022,1302.081,40187.0,30.86
2310605,Penaforte - CE,2022,150.536,8972.0,59.6
2310704,Pentecoste - CE,2022,1379.836,37813.0,27.4
2310803,Pereiro - CE,2022,435.868,15274.0,35.04
2310852,Pindoretama - CE,2022,74.033,23391.0,315.95
2310902,Piquet Carneiro - CE,2022,589.601,16616.0,28.18
2310951,Pires Ferreira - CE,2022,244.464,10606.0,43.38
2311009,Poranga - CE,2022,1310.771,12065.0,9.2
2311108,Porteiras - CE,2022,224.86,17050.0,75.82
2311207,Potengi - CE,2022,343.264,8833.0,25.73
2311231,Potiretama - CE,2022,409.137,5974.0,14.6
2311264,Quiterianópolis - CE,2022,1041.832,20213.0,19.4
2311306,Quixadá - CE,2022,2020.586,84168.0,41.66
2311355,Quixelô - CE,2022,605.345,15910.0,26.28
2311405,Quixeramobim - CE,2022,3324.987,82177.0,24.71
2311504,Quixeré - CE,2022,613.099,20874.0,34.05
2311603,Redenção - CE,2022,247.989,27214.0,109.74
2311702,Reriutaba - CE,2022,372.949,18606.0,49.89
2311801,Russas - CE,2022,1611.091,72928.0,45.27
2311900,Saboeiro - CE,2022,1381.274,13854.0,10.03
2311959,Salitre - CE,2022,806.253,16633.0,20.63
2312007,Santana do Acaraú - CE,2022,972.573,30628.0,31.49
2312106,Santana do Cariri - CE,2022,855.165,16954.0,19.83
2312205,Santa Quitéria - CE,2022,4262.293,40183.0,9.43
2312304,São Benedito - CE,2022,350.847,47640.0,135.79
2312403,São Gonçalo do Amarante - CE,2022,842.635,54143.0,64.25
2312502,São João do Jaguaribe - CE,2022,279.451,5855.0,20.95
2312601,São Luís do Curu - CE,2022,122.865,10822.0,88.08
2312700,Senador Pompeu - CE,2022,956.882,24266.0,25.36
2312809,Senador Sá - CE,2022,424.642,7262.0,17.1
2312908,Sobral - CE,2022,2068.474,203023.0,98.15
2313005,Solonópole - CE,2022,1535.855,18179.0,11.84
2313104,Tabuleiro do Norte - CE,2022,1047.637,30652.0,29.26
2313203,Tamboril - CE,2022,2014.543,24815.0,12.32
2313252,Tarrafas - CE,2022,412.719,7529.0,18.24
2313302,Tauá - CE,2022,4010.618,61227.0,15.27
2313351,Tejuçuoca - CE,2022,758.707,17154.0,22.61
2313401,Tianguá - CE,2022,909.853,81506.0,89.58
2313500,Trairi - CE,2022,928.725,58415.0,62.9
2313559,Tururu - CE,2022,201.27,15412.0,76.57
2313609,Ubajara - CE,2022,423.673,32767.0,77.34
2313708,Umari - CE,2022,263.183,6871.0,26.11
2313757,Umirim - CE,2022,315.648,17470.0,55.35
2313807,Uruburetama - CE,2022,99.4,20189.0,203.11
2313906,Uruoca - CE,2022,697.683,13746.0,19.7
2313955,Varjota - CE,2022,179.239,18105.0,101.01
2314003,Várzea Alegre - CE,2022,829.976,38984.0,46.97
2314102,Viçosa do Ceará - CE,2022,1310.91,59712.0,45.55
2400109,Acari - RN,2022,608.466,10597.0,17.42
2400208,Assú - RN,2022,1303.442,56496.0,43.34
2400307,Afonso Bezerra - RN,2022,576.179,10839.0,18.81
2400406,Água Nova - RN,2022,50.684,2946.0,58.12
2400505,Alexandria - RN,2022,381.205,13640.0,35.78
2400604,Almino Afonso - RN,2022,128.038,4687.0,36.61
2400703,Alto do Rodrigues - RN,2022,191.334,12484.0,65.25
2400802,Angicos - RN,2022,741.582,11632.0,15.69
2400901,Antônio Martins - RN,2022,244.897,6577.0,26.86
2401008,Apodi - RN,2022,1602.477,36093.0,22.52
2401107,Areia Branca - RN,2022,342.749,24093.0,70.29
2401206,Arez - RN,2022,115.407,13251.0,114.82
2401305,Campo Grande - RN,2022,890.89,9730.0,10.92
2401404,Baía Formosa - RN,2022,247.484,8825.0,35.66
2401453,Baraúna - RN,2022,825.681,26913.0,32.59
2401503,Barcelona - RN,2022,152.626,3986.0,26.12
2401602,Bento Fernandes - RN,2022,301.069,4807.0,15.97
2401651,Bodó - RN,2022,253.519,2306.0,9.1
2401701,Bom Jesus - RN,2022,122.035,9952.0,81.55
2401800,Brejinho - RN,2022,61.559,12202.0,198.22
2401859,Caiçara do Norte - RN,2022,225.633,6293.0,27.89
2401909,Caiçara do Rio do Vento - RN,2022,261.194,3268.0,12.51
2402006,Caicó - RN,2022,1228.584,61146.0,49.77
2402105,Campo Redondo - RN,2022,213.727,10215.0,47.79
2402204,Canguaretama - RN,2022,245.485,29668.0,120.85
2402303,Caraúbas - RN,2022,1095.803,19727.0,18.0
2402402,Carnaúba dos Dantas - RN,2022,246.308,7992.0,32.45
2402501,Carnaubais - RN,2022,517.737,9714.0,18.76
2402600,Ceará-Mirim - RN,2022,724.838,79115.0,109.15
2402709,Cerro Corá - RN,2022,393.573,11000.0,27.95
2402808,Coronel Ezequiel - RN,2022,185.748,5117.0,27.55
2402907,Coronel João Pessoa - RN,2022,117.139,4237.0,36.17
2403004,Cruzeta - RN,2022,295.83,8005.0,27.06
2403103,Currais Novos - RN,2022,864.349,41313.0,47.8
2403202,Doutor Severiano - RN,2022,113.737,7044.0,61.93
2403251,Parnamirim - RN,2022,124.006,252716.0,2037.93
2403301,Encanto - RN,2022,125.749,6016.0,47.84
2403400,Equador - RN,2022,264.985,5360.0,20.23
2403509,Espírito Santo - RN,2022,135.838,10620.0,78.18
2403608,Extremoz - RN,2022,140.639,61635.0,438.25
2403707,Felipe Guerra - RN,2022,268.591,5944.0,22.13
2403756,Fernando Pedroza - RN,2022,322.628,2938.0,9.11
2403806,Florânia - RN,2022,507.892,10196.0,20.08
2403905,Francisco Dantas - RN,2022,181.558,2700.0,14.87
2404002,Frutuoso Gomes - RN,2022,63.279,4122.0,65.14
2404101,Galinhos - RN,2022,340.769,2104.0,6.17
2404200,Goianinha - RN,2022,192.279,26741.0,139.07
2404309,Governador Dix-Sept Rosado - RN,2022,1129.55,11938.0,10.57
2404408,Grossos - RN,2022,124.538,9924.0,79.69
2404507,Guamaré - RN,2022,258.307,15295.0,59.21
2404606,Ielmo Marinho - RN,2022,312.028,11615.0,37.22
2404705,Ipanguaçu - RN,2022,374.245,14131.0,37.76
2404804,Ipueira - RN,2022,127.348,2035.0,15.98
2404853,Itajá - RN,2022,203.624,7292.0,35.81
2404903,Itaú - RN,2022,133.031,5320.0,39.99
2405009,Jaçanã - RN,2022,54.561,7834.0,143.58
2405108,Jandaíra - RN,2022,442.754,6562.0,14.82
2405207,Janduís - RN,2022,303.448,4746.0,15.64
2405306,Januário Cicco - RN,2022,170.737,9051.0,53.01
2405405,Japi - RN,2022,188.99,5117.0,27.08
2405504,Jardim de Angicos - RN,2022,254.022,2437.0,9.59
2405603,Jardim de Piranhas - RN,2022,330.53,13977.0,42.29
2405702,Jardim do Seridó - RN,2022,367.645,11655.0,31.7
2405801,João Câmara - RN,2022,714.961,33290.0,46.56
2405900,João Dias - RN,2022,88.173,2076.0,23.54
2406007,José da Penha - RN,2022,117.635,5803.0,49.33
2406106,Jucurutu - RN,2022,933.73,17793.0,19.06
2406155,Jundiá - RN,2022,44.641,3739.0,83.76
2406205,Lagoa d'Anta - RN,2022,105.652,6654.0,62.98
2406304,Lagoa de Pedras - RN,2022,117.971,7338.0,62.2
2406403,Lagoa de Velhos - RN,2022,111.607,2567.0,23.0
2406502,Lagoa Nova - RN,2022,176.302,15573.0,88.33
2406601,Lagoa Salgada - RN,2022,79.128,8319.0,105.13
2406700,Lajes - RN,2022,676.625,9866.0,14.58
2406809,Lajes Pintadas - RN,2022,130.211,4787.0,36.76
2406908,Lucrécia - RN,2022,30.931,3490.0,112.83
2407005,Luís Gomes - RN,2022,166.638,9070.0,54.43
2407104,Macaíba - RN,2022,510.092,82249.0,161.24
2407203,Macau - RN,2022,775.302,27369.0,35.3
2407252,Major Sales - RN,2022,31.971,3924.0,122.74
2407302,Marcelino Vieira - RN,2022,345.711,7896.0,22.84
2407401,Martins - RN,2022,169.464,8179.0,48.26
2407500,Maxaranguape - RN,2022,132.129,10255.0,77.61
2407609,Messias Targino - RN,2022,142.608,4274.0,29.97
2407708,Montanhas - RN,2022,82.214,11444.0,139.2
2407807,Monte Alegre - RN,2022,211.259,23031.0,109.02
2407906,Monte das Gameleiras - RN,2022,71.946,2276.0,31.63
2408003,Mossoró - RN,2022,2099.334,264577.0,126.03
2408102,Natal - RN,2022,167.401,751300.0,4488.03
2408201,Nísia Floresta - RN,2022,307.719,31942.0,103.8
2408300,Nova Cruz - RN,2022,277.658,34269.0,123.42
2408409,Olho d'Água do Borges - RN,2022,141.17,3905.0,27.66
2408508,Ouro Branco - RN,2022,253.21,4913.0,19.4
2408607,Paraná - RN,2022,81.39,3934.0,48.34
2408706,Paraú - RN,2022,383.214,3579.0,9.34
2408805,Parazinho - RN,2022,231.007,4801.0,20.78
2408904,Parelhas - RN,2022,513.507,21499.0,41.87
2408953,Rio do Fogo - RN,2022,151.097,10351.0,68.51
2409100,Passa e Fica - RN,2022,42.137,10896.0,258.59
2409209,Passagem - RN,2022,41.215,3115.0,75.58
2409308,Patu - RN,2022,319.135,11007.0,34.49
2409332,Santa Maria - RN,2022,219.57,4847.0,22.07
2409407,Pau dos Ferros - RN,2022,259.959,30479.0,117.25
2409506,Pedra Grande - RN,2022,221.167,3618.0,16.36
2409605,Pedra Preta - RN,2022,294.985,2441.0,8.27
2409704,Pedro Avelino - RN,2022,952.755,6242.0,6.55
2409803,Pedro Velho - RN,2022,192.708,13824.0,71.74
2409902,Pendências - RN,2022,419.137,12278.0,29.29
2410009,Pilões - RN,2022,82.69,2965.0,35.86
2410108,Poço Branco - RN,2022,230.401,12390.0,53.78
2410207,Portalegre - RN,2022,110.054,7601.0,69.07
2410256,Porto do Mangue - RN,2022,361.237,5228.0,14.47
2410306,Serra Caiada - RN,2022,217.539,10125.0,46.54
2410405,Pureza - RN,2022,504.294,9362.0,18.56
2410504,Rafael Fernandes - RN,2022,78.231,5432.0,69.44
2410603,Rafael Godeiro - RN,2022,100.073,2934.0,29.32
2410702,Riacho da Cruz - RN,2022,127.223,2701.0,21.23
2410801,Riacho de Santana - RN,2022,128.106,4127.0,32.22
2410900,Riachuelo - RN,2022,262.887,7389.0,28.11
2411007,Rodolfo Fernandes - RN,2022,154.84,4242.0,27.4
2411056,Tibau - RN,2022,169.365,5382.0,31.78
2411106,Ruy Barbosa - RN,2022,125.809,3206.0,25.48
2411205,Santa Cruz - RN,2022,624.356,37313.0,59.76
2411403,Santana do Matos - RN,2022,1422.268,12456.0,8.76
2411429,Santana do Seridó - RN,2022,188.403,2696.0,14.31
2411502,Santo Antônio - RN,2022,301.082,22177.0,73.66
2411601,São Bento do Norte - RN,2022,288.761,3304.0,11.44
2411700,São Bento do Trairí - RN,2022,190.818,3792.0,19.87
2411809,São Fernando - RN,2022,404.427,3492.0,8.63
2411908,São Francisco do Oeste - RN,2022,75.588,4161.0,55.05
2412005,São Gonçalo do Amarante - RN,2022,249.8,115838.0,463.72
2412104,São João do Sabugi - RN,2022,277.011,5956.0,21.5
2412203,São José de Mipibu - RN,2022,289.987,47286.0,163.06
2412302,São José do Campestre - RN,2022,341.115,11121.0,32.6
2412401,São José do Seridó - RN,2022,174.505,4558.0,26.12
2412500,São Miguel - RN,2022,166.233,23537.0,141.59
2412559,São Miguel do Gostoso - RN,2022,431.444,10221.0,23.69
2412609,São Paulo do Potengi - RN,2022,240.425,16786.0,69.82
2412708,São Pedro - RN,2022,195.237,5776.0,29.58
2412807,São Rafael - RN,2022,469.101,7711.0,16.44
2412906,São Tomé - RN,2022,862.585,9972.0,11.56
2413003,São Vicente - RN,2022,197.817,6310.0,31.9
2413102,Senador Elói de Souza - RN,2022,152.376,5965.0,39.15
2413201,Senador Georgino Avelino - RN,2022,26.1,4065.0,155.75
2413300,Serra de São Bento - RN,2022,96.628,5703.0,59.02
2413359,Serra do Mel - RN,2022,620.241,13091.0,21.11
2413409,Serra Negra do Norte - RN,2022,562.396,7597.0,13.51
2413508,Serrinha - RN,2022,193.351,6436.0,33.29
2413557,Serrinha dos Pintos - RN,2022,122.375,4659.0,38.07
2413607,Severiano Melo - RN,2022,157.85,5487.0,34.76
2413706,Sítio Novo - RN,2022,213.456,4654.0,21.8
2413805,Taboleiro Grande - RN,2022,124.093,2338.0,18.84
2413904,Taipu - RN,2022,352.818,11422.0,32.37
2414001,Tangará - RN,2022,339.484,13281.0,39.12
2414100,Tenente Ananias - RN,2022,223.671,10262.0,45.88
2414159,Tenente Laurentino Cruz - RN,2022,68.556,5891.0,85.93
2414209,Tibau do Sul - RN,2022,102.68,16929.0,164.87
2414308,Timbaúba dos Batistas - RN,2022,135.456,2348.0,17.33
2414407,Touros - RN,2022,753.961,33035.0,43.82
2414456,Triunfo Potiguar - RN,2022,268.725,3376.0,12.56
2414506,Umarizal - RN,2022,213.584,10078.0,47.19
2414605,Upanema - RN,2022,873.14,13577.0,15.55
2414704,Várzea - RN,2022,72.684,5233.0,72.0
2414753,Venha-Ver - RN,2022,71.621,3014.0,42.08
2414803,Vera Cruz - RN,2022,84.127,10735.0,127.6
2414902,Viçosa - RN,2022,37.905,1822.0,48.07
2415008,Vila Flor - RN,2022,47.656,3174.0,66.6
2500106,Água Branca - PB,2022,241.662,9335.0,38.63
2500205,Aguiar - PB,2022,351.607,5003.0,14.23
2500304,Alagoa Grande - PB,2022,322.071,26062.0,80.92
2500403,Alagoa Nova - PB,2022,128.23,21013.0,163.87
2500502,Alagoinha - PB,2022,111.361,13725.0,123.25
2500536,Alcantil - PB,2022,309.896,5578.0,18.0
2500577,Algodão de Jandaíra - PB,2022,222.74,2953.0,13.26
2500601,Alhandra - PB,2022,183.974,21730.0,118.11
2500700,São João do Rio do Peixe - PB,2022,476.238,17964.0,37.72
2500734,Amparo - PB,2022,122.094,2234.0,18.3
2500775,Aparecida - PB,2022,291.478,7960.0,27.31
2500809,Araçagi - PB,2022,232.177,16646.0,71.7
2500908,Arara - PB,2022,91.306,12212.0,133.75
2501005,Araruna - PB,2022,246.717,17189.0,69.67
2501104,Areia - PB,2022,269.13,22633.0,84.1
2501153,Areia de Baraúnas - PB,2022,114.078,2005.0,17.58
2501203,Areial - PB,2022,35.81,7128.0,199.05
2501302,Aroeiras - PB,2022,376.118,18705.0,49.73
2501351,Assunção - PB,2022,132.139,4152.0,31.42
2501401,Baía da Traição - PB,2022,102.756,9224.0,89.77
2501500,Bananeiras - PB,2022,255.641,23134.0,90.49
2501534,Baraúna - PB,2022,50.03,4762.0,95.18
2501575,Barra de Santana - PB,2022,375.177,8059.0,21.48
2501609,Barra de Santa Rosa - PB,2022,781.187,12904.0,16.52
2501708,Barra de São Miguel - PB,2022,609.697,5906.0,9.69
2501807,Bayeux - PB,2022,27.705,82742.0,2986.54
2501906,Belém - PB,2022,99.609,16401.0,164.65
2502003,Belém do Brejo do Cruz - PB,2022,601.549,6268.0,10.42
2502052,Bernardino Batista - PB,2022,57.453,3504.0,60.99
2502102,Boa Ventura - PB,2022,168.664,5207.0,30.87
2502151,Boa Vista - PB,2022,468.933,6377.0,13.6
2502201,Bom Jesus - PB,2022,47.367,2286.0,48.26
2502300,Bom Sucesso - PB,2022,186.059,4661.0,25.05
2502409,Bonito de Santa Fé - PB,2022,226.798,10252.0,45.2
2502508,Boqueirão - PB,2022,373.077,17598.0,47.17
2502607,Igaracy - PB,2022,197.058,5648.0,28.66
2502706,Borborema - PB,2022,26.107,4214.0,161.41
2502805,Brejo do Cruz - PB,2022,401.315,13613.0,33.92
2502904,Brejo dos Santos - PB,2022,93.857,5742.0,61.18
2503001,Caaporã - PB,2022,151.018,21193.0,140.33
2503100,Cabaceiras - PB,2022,469.171,5335.0,11.37
2503209,Cabedelo - PB,2022,29.873,66519.0,2226.73
2503308,Cachoeira dos Índios - PB,2022,193.215,9151.0,47.36
2503407,Cacimba de Areia - PB,2022,213.018,3291.0,15.45
2503506,Cacimba de Dentro - PB,2022,165.072,16064.0,97.32
2503555,Cacimbas - PB,2022,124.068,7223.0,58.22
2503605,Caiçara - PB,2022,123.677,6602.0,53.38
2503704,Cajazeiras - PB,2022,562.703,63239.0,112.38
2503753,Cajazeirinhas - PB,2022,282.693,2740.0,9.69
2503803,Caldas Brandão - PB,2022,55.963,5753.0,102.8
2503902,Camalaú - PB,2022,541.841,6085.0,11.23
2504009,Campina Grande - PB,2022,591.658,419379.0,708.82
2504033,Capim - PB,2022,79.876,6970.0,87.26
2504074,Caraúbas - PB,2022,486.622,3944.0,8.1
2504108,Carrapateira - PB,2022,59.07,2312.0,39.14
2504157,Casserengue - PB,2022,202.761,6889.0,33.98
2504207,Catingueira - PB,2022,527.424,4491.0,8.51
2504306,Catolé do Rocha - PB,2022,551.765,30661.0,55.57
2504355,Caturité - PB,2022,117.823,5254.0,44.59
2504405,Conceição - PB,2022,580.65,18260.0,31.45
2504504,Condado - PB,2022,265.473,6451.0,24.3
2504603,Conde - PB,2022,171.267,27605.0,161.18
2504702,Congo - PB,2022,324.686,4933.0,15.19
2504801,Coremas - PB,2022,372.012,14683.0,39.47
2504850,Coxixola - PB,2022,173.942,1824.0,10.49
2504900,Cruz do Espírito Santo - PB,2022,192.512,17095.0,88.8
2505006,Cubati - PB,2022,163.57,7580.0,46.34
2505105,Cuité - PB,2022,733.818,19719.0,26.87
2505204,Cuitegi - PB,2022,42.091,6730.0,159.89
2505238,Cuité de Mamanguape - PB,2022,107.68,6251.0,58.05
2505279,Curral de Cima - PB,2022,86.428,5254.0,60.79
2505303,Curral Velho - PB,2022,217.624,2292.0,10.53
2505352,Damião - PB,2022,186.198,4982.0,26.76
2505402,Desterro - PB,2022,182.018,8067.0,44.32
2505501,Vista Serrana - PB,2022,60.39,3641.0,60.29
2505600,Diamante - PB,2022,271.791,6299.0,23.18
2505709,Dona Inês - PB,2022,173.648,10380.0,59.78
2505808,Duas Estradas - PB,2022,27.012,3327.0,123.17
2505907,Emas - PB,2022,248.226,3011.0,12.13
2506004,Esperança - PB,2022,157.851,31231.0,197.85
2506103,Fagundes - PB,2022,185.061,11049.0,59.7
2506202,Frei Martinho - PB,2022,238.658,2846.0,11.93
2506251,Gado Bravo - PB,2022,192.42,8179.0,42.51
2506301,Guarabira - PB,2022,162.387,57484.0,353.99
2506400,Gurinhém - PB,2022,340.408,13766.0,40.44
2506509,Gurjão - PB,2022,344.502,3242.0,9.41
2506608,Ibiara - PB,2022,240.357,5631.0,23.43
2506707,Imaculada - PB,2022,317.804,10392.0,32.7
2506806,Ingá - PB,2022,262.179,17692.0,67.48
2506905,Itabaiana - PB,2022,210.572,23182.0,110.09
2507002,Itaporanga - PB,2022,460.21,23940.0,52.02
2507101,Itapororoca - PB,2022,145.806,18382.0,126.07
2507200,Itatuba - PB,2022,251.749,10499.0,41.7
2507309,Jacaraú - PB,2022,256.845,14477.0,56.36
2507408,Jericó - PB,2022,177.356,7516.0,42.38
2507507,João Pessoa - PB,2022,210.044,833932.0,3970.27
2507606,Juarez Távora - PB,2022,75.678,7796.0,103.02
2507705,Juazeirinho - PB,2022,474.606,17007.0,35.83
2507804,Junco do Seridó - PB,2022,180.425,6793.0,37.65
2507903,Juripiranga - PB,2022,78.706,10012.0,127.21
2508000,Juru - PB,2022,395.075,9234.0,23.37
2508109,Lagoa - PB,2022,176.649,4415.0,24.99
2508208,Lagoa de Dentro - PB,2022,83.508,7819.0,93.63
2508307,Lagoa Seca - PB,2022,108.219,27730.0,256.24
2508406,Lastro - PB,2022,107.416,3162.0,29.44
2508505,Livramento - PB,2022,266.948,6877.0,25.76
2508554,Logradouro - PB,2022,42.876,4797.0,111.88
2508604,Lucena - PB,2022,93.8,12560.0,133.9
2508703,Mãe d'Água - PB,2022,228.676,3583.0,15.67
2508802,Malta - PB,2022,172.01,6046.0,35.15
2508901,Mamanguape - PB,2022,337.434,44599.0,132.17
2509008,Manaíra - PB,2022,352.025,10434.0,29.64
2509057,Marcação - PB,2022,122.665,8999.0,73.36
2509107,Mari - PB,2022,155.265,21512.0,138.55
2509156,Marizópolis - PB,2022,69.952,6705.0,95.85
2509206,Massaranduba - PB,2022,209.402,14139.0,67.52
2509305,Mataraca - PB,2022,182.439,8244.0,45.19
2509339,Matinhas - PB,2022,36.522,4571.0,125.16
2509370,Mato Grosso - PB,2022,85.275,2543.0,29.82
2509396,Maturéia - PB,2022,83.053,6433.0,77.46
2509404,Mogeiro - PB,2022,214.093,13899.0,64.92
2509503,Montadas - PB,2022,31.793,5812.0,182.81
2509602,Monte Horebe - PB,2022,116.854,4338.0,37.12
2509701,Monteiro - PB,2022,992.62,32277.0,32.52
2509800,Mulungu - PB,2022,187.259,8791.0,46.95
2509909,Natuba - PB,2022,202.173,8945.0,44.24
2510006,Nazarezinho - PB,2022,193.203,7203.0,37.28
2510105,Nova Floresta - PB,2022,47.572,9724.0,204.41
2510204,Nova Olinda - PB,2022,81.516,5787.0,70.99
2510303,Nova Palmeira - PB,2022,314.748,4259.0,13.53
2510402,Olho d'Água - PB,2022,580.47,6060.0,10.44
2510501,Olivedos - PB,2022,314.625,3580.0,11.38
2510600,Ouro Velho - PB,2022,128.11,2918.0,22.78
2510659,Parari - PB,2022,207.814,1720.0,8.28
2510709,Passagem - PB,2022,123.422,2463.0,19.96
2510808,Patos - PB,2022,472.892,103165.0,218.16
2510907,Paulista - PB,2022,577.379,11834.0,20.5
2511004,Pedra Branca - PB,2022,116.873,3739.0,31.99
2511103,Pedra Lavrada - PB,2022,335.615,6859.0,20.44
2511202,Pedras de Fogo - PB,2022,406.729,29662.0,72.93
2511301,Piancó - PB,2022,576.986,16441.0,28.49
2511400,Picuí - PB,2022,667.714,18333.0,27.46
2511509,Pilar - PB,2022,103.306,12311.0,119.17
2511608,Pilões - PB,2022,65.574,6815.0,103.93
2511707,Pilõezinhos - PB,2022,40.908,5329.0,130.27
2511806,Pirpirituba - PB,2022,80.672,9340.0,115.78
2511905,Pitimbu - PB,2022,135.801,16751.0,123.35
2512002,Pocinhos - PB,2022,623.967,17469.0,28.0
2512036,Poço Dantas - PB,2022,97.758,3830.0,39.18
2512077,Poço de José de Moura - PB,2022,94.646,4006.0,42.33
2512101,Pombal - PB,2022,894.099,32473.0,36.32
2512200,Prata - PB,2022,201.788,3915.0,19.4
2512309,Princesa Isabel - PB,2022,368.569,21114.0,57.29
2512408,Puxinanã - PB,2022,71.118,14277.0,200.75
2512507,Queimadas - PB,2022,402.748,47658.0,118.33
2512606,Quixaba - PB,2022,147.158,1743.0,11.84
2512705,Remígio - PB,2022,183.459,17885.0,97.49
2512721,Pedro Régis - PB,2022,74.216,5766.0,77.69
2512747,Riachão - PB,2022,85.291,2927.0,34.32
2512754,Riachão do Bacamarte - PB,2022,40.281,4690.0,116.43
2512762,Riachão do Poço - PB,2022,40.46,4738.0,117.1
2512788,Riacho de Santo Antônio - PB,2022,93.654,1955.0,20.87
2512804,Riacho dos Cavalos - PB,2022,262.532,8493.0,32.35
2512903,Rio Tinto - PB,2022,465.24,24581.0,52.84
2513000,Salgadinho - PB,2022,179.005,3355.0,18.74
2513109,Salgado de São Félix - PB,2022,204.079,11505.0,56.38
2513158,Santa Cecília - PB,2022,217.577,7670.0,35.25
2513208,Santa Cruz - PB,2022,217.677,5947.0,27.32
2513307,Santa Helena - PB,2022,211.143,5865.0,27.78
2513356,Santa Inês - PB,2022,327.635,3227.0,9.85
2513406,Santa Luzia - PB,2022,440.766,14959.0,33.94
2513505,Santana de Mangueira - PB,2022,405.164,5010.0,12.37
2513604,Santana dos Garrotes - PB,2022,361.484,6569.0,18.17
2513653,Joca Claudino - PB,2022,71.799,2539.0,35.36
2513703,Santa Rita - PB,2022,718.576,149910.0,208.62
2513802,Santa Teresinha - PB,2022,359.442,4402.0,12.25
2513851,Santo André - PB,2022,197.791,2622.0,13.26
2513901,São Bento - PB,2022,245.84,32235.0,131.12
2513927,São Bentinho - PB,2022,199.635,4327.0,21.67
2513943,São Domingos do Cariri - PB,2022,233.835,2585.0,11.05
2513968,São Domingos - PB,2022,170.361,2595.0,15.23
2513984,São Francisco - PB,2022,90.724,3137.0,34.58
2514008,São João do Cariri - PB,2022,612.966,4226.0,6.89
2514107,São João do Tigre - PB,2022,812.617,4263.0,5.25
2514206,São José da Lagoa Tapada - PB,2022,333.724,7126.0,21.35
2514305,São José de Caiana - PB,2022,183.273,5034.0,27.47
2514404,São José de Espinharas - PB,2022,726.757,4083.0,5.62
2514453,São José dos Ramos - PB,2022,100.642,5891.0,58.53
2514503,São José de Piranhas - PB,2022,686.918,19067.0,27.76
2514552,São José de Princesa - PB,2022,158.052,3416.0,21.61
2514602,São José do Bonfim - PB,2022,153.629,3242.0,21.1
2514651,São José do Brejo do Cruz - PB,2022,253.787,1699.0,6.69
2514701,São José do Sabugi - PB,2022,213.555,4138.0,19.38
2514800,São José dos Cordeiros - PB,2022,376.661,3411.0,9.06
2514909,São Mamede - PB,2022,533.446,7470.0,14.0
2515005,São Miguel de Taipu - PB,2022,92.413,7066.0,76.46
2515104,São Sebastião de Lagoa de Roça - PB,2022,46.372,11040.0,238.07
2515203,São Sebastião do Umbuzeiro - PB,2022,464.327,3279.0,7.06
2515302,Sapé - PB,2022,313.678,51306.0,163.56
2515401,São Vicente do Seridó - PB,2022,262.751,10291.0,39.17
2515500,Serra Branca - PB,2022,698.102,13614.0,19.5
2515609,Serra da Raiz - PB,2022,31.679,3094.0,97.67
2515708,Serra Grande - PB,2022,64.352,2942.0,45.72
2515807,Serra Redonda - PB,2022,55.197,6828.0,123.7
2515906,Serraria - PB,2022,65.062,4885.0,75.08
2515930,Sertãozinho - PB,2022,32.455,5054.0,155.72
2515971,Sobrado - PB,2022,61.953,8236.0,132.94
2516003,Solânea - PB,2022,233.043,26774.0,114.89
2516102,Soledade - PB,2022,578.178,13968.0,24.16
2516151,Sossêgo - PB,2022,147.264,3345.0,22.71
2516201,Sousa - PB,2022,728.492,67259.0,92.33
2516300,Sumé - PB,2022,833.315,17166.0,20.6
2516409,Tacima - PB,2022,245.236,8010.0,32.66
2516508,Taperoá - PB,2022,628.365,14068.0,22.39
2516607,Tavares - PB,2022,239.507,14101.0,58.88
2516706,Teixeira - PB,2022,155.452,14631.0,94.12
2516755,Tenório - PB,2022,87.452,2966.0,33.92
2516805,Triunfo - PB,2022,224.336,9892.0,44.09
2516904,Uiraúna - PB,2022,293.182,14930.0,50.92
2517001,Umbuzeiro - PB,2022,185.578,9124.0,49.17
2517100,Várzea - PB,2022,191.282,2668.0,13.95
2517209,Vieirópolis - PB,2022,147.098,4864.0,33.07
2517407,Zabelê - PB,2022,106.811,2228.0,20.86
2600054,Abreu e Lima - PE,2022,126.384,98462.0,779.07
2600104,Afogados da Ingazeira - PE,2022,377.696,40241.0,106.54
2600203,Afrânio - PE,2022,1490.594,18674.0,12.53
2600302,Agrestina - PE,2022,200.369,23779.0,118.68
2600401,Água Preta - PE,2022,531.935,26461.0,49.74
2600500,Águas Belas - PE,2022,885.988,41548.0,46.89
2600609,Alagoinha - PE,2022,214.267,13542.0,63.2
2600708,Aliança - PE,2022,272.773,35741.0,131.03
2600807,Altinho - PE,2022,450.178,20674.0,45.92
2600906,Amaraji - PE,2022,233.239,18205.0,78.05
2601003,Angelim - PE,2022,118.088,10241.0,86.72
2601052,Araçoiaba - PE,2022,96.36,19243.0,199.7
2601102,Araripina - PE,2022,2037.394,85088.0,41.76
2601201,Arcoverde - PE,2022,343.923,77742.0,226.04
2601300,Barra de Guabiraba - PE,2022,118.639,12263.0,103.36
2601409,Barreiros - PE,2022,233.433,40121.0,171.87
2601508,Belém de Maria - PE,2022,73.145,10378.0,141.88
2601607,Belém do São Francisco - PE,2022,1830.797,18301.0,10.0
2601706,Belo Jardim - PE,2022,647.445,79507.0,122.8
2601805,Betânia - PE,2022,1244.074,11232.0,9.03
2601904,Bezerros - PE,2022,492.632,61694.0,125.23
2602001,Bodocó - PE,2022,1621.786,34478.0,21.26
2602100,Bom Conselho - PE,2022,792.185,44294.0,55.91
2602209,Bom Jardim - PE,2022,224.108,37629.0,167.91
2602308,Bonito - PE,2022,393.191,37474.0,95.31
2602407,Brejão - PE,2022,159.786,9079.0,56.82
2602506,Brejinho - PE,2022,106.039,7720.0,72.8
2602605,Brejo da Madre de Deus - PE,2022,762.346,48648.0,63.81
2602704,Buenos Aires - PE,2022,93.187,12808.0,137.44
2602803,Buíque - PE,2022,1336.544,52097.0,38.98
2602902,Cabo de Santo Agostinho - PE,2022,445.386,203440.0,456.77
2603009,Cabrobó - PE,2022,1658.616,30294.0,18.26
2603108,Cachoeirinha - PE,2022,179.262,19899.0,111.01
2603207,Caetés - PE,2022,294.946,28827.0,97.74
2603306,Calçado - PE,2022,121.945,11093.0,90.97
2603405,Calumbi - PE,2022,179.314,5228.0,29.16
2603454,Camaragibe - PE,2022,51.321,147771.0,2879.35
2603504,Camocim de São Félix - PE,2022,72.01,17419.0,241.9
2603603,Camutanga - PE,2022,39.116,7750.0,198.13
2603702,Canhotinho - PE,2022,423.168,24329.0,57.49
2603801,Capoeiras - PE,2022,337.13,18338.0,54.39
2603900,Carnaíba - PE,2022,427.802,18644.0,43.58
2603926,Carnaubeira da Penha - PE,2022,1004.667,12239.0,12.18
2604007,Carpina - PE,2022,147.017,79293.0,539.35
2604106,Caruaru - PE,2022,923.15,378048.0,409.52
2604155,Casinhas - PE,2022,115.868,12967.0,111.91
2604205,Catende - PE,2022,208.594,32156.0,154.16
2604304,Cedro - PE,2022,148.746,10518.0,70.71
2604403,Chã de Alegria - PE,2022,49.327,12984.0,263.22
2604502,Chã Grande - PE,2022,84.787,20546.0,242.32
2604601,Condado - PE,2022,89.645,24587.0,274.27
2604700,Correntes - PE,2022,317.793,17131.0,53.91
2604809,Cortês - PE,2022,102.852,10198.0,99.15
2604908,Cumaru - PE,2022,292.231,15920.0,54.48
2605004,Cupira - PE,2022,95.155,23518.0,247.15
2605103,Custódia - PE,2022,1404.126,37699.0,26.85
2605152,Dormentes - PE,2022,1539.052,17188.0,11.17
2605202,Escada - PE,2022,342.584,59891.0,174.82
2605301,Exu - PE,2022,1336.786,31843.0,23.82
2605400,Feira Nova - PE,2022,107.726,21427.0,198.9
2605459,Fernando de Noronha - PE,2022,18.609,3167.0,170.19
2605509,Ferreiros - PE,2022,92.516,15026.0,162.42
2605608,Flores - PE,2022,995.558,20347.0,20.44
2605707,Floresta - PE,2022,3604.948,30137.0,8.36
2605806,Frei Miguelinho - PE,2022,212.707,13636.0,64.11
2605905,Gameleira - PE,2022,257.781,18214.0,70.66
2606002,Garanhuns - PE,2022,458.552,142506.0,310.77
2606101,Glória do Goitá - PE,2022,234.708,29347.0,125.04
2606200,Goiana - PE,2022,445.405,81055.0,181.98
2606309,Granito - PE,2022,521.69,6967.0,13.35
2606408,Gravatá - PE,2022,507.36,86516.0,170.52
2606507,Iati - PE,2022,635.137,17165.0,27.03
2606606,Ibimirim - PE,2022,1882.498,26593.0,14.13
2606705,Ibirajuba - PE,2022,189.596,7140.0,37.66
2606804,Igarassu - PE,2022,306.879,115196.0,375.38
2606903,Iguaracy - PE,2022,838.132,11081.0,13.22
2607000,Inajá - PE,2022,1231.362,25603.0,20.79
2607109,Ingazeira - PE,2022,243.586,4765.0,19.56
2607208,Ipojuca - PE,2022,521.801,98932.0,189.6
2607307,Ipubi - PE,2022,693.914,29009.0,41.8
2607406,Itacuruba - PE,2022,430.038,4284.0,9.96
2607505,Itaíba - PE,2022,1061.694,32650.0,30.75
2607604,Ilha de Itamaracá - PE,2022,66.146,24540.0,371.0
2607653,Itambé - PE,2022,304.006,34935.0,114.92
2607703,Itapetim - PE,2022,411.901,13791.0,33.48
2607752,Itapissuma - PE,2022,73.968,27749.0,375.15
2607802,Itaquitinga - PE,2022,162.739,16554.0,101.72
2607901,Jaboatão dos Guararapes - PE,2022,258.724,644037.0,2489.28
2607950,Jaqueira - PE,2022,87.208,10247.0,117.5
2608008,Jataúba - PE,2022,714.601,15843.0,22.17
2608057,Jatobá - PE,2022,277.862,14020.0,50.46
2608107,João Alfredo - PE,2022,134.147,27725.0,206.68
2608206,Joaquim Nabuco - PE,2022,122.592,13269.0,108.24
2608255,Jucati - PE,2022,120.527,11517.0,95.56
2608305,Jupi - PE,2022,104.835,15329.0,146.22
2608404,Jurema - PE,2022,148.254,13648.0,92.06
2608453,Lagoa do Carro - PE,2022,69.666,17981.0,258.1
2608503,Lagoa de Itaenga - PE,2022,56.131,19003.0,338.55
2608602,Lagoa do Ouro - PE,2022,198.762,11933.0,60.04
2608701,Lagoa dos Gatos - PE,2022,224.947,14076.0,62.57
2608750,Lagoa Grande - PE,2022,1850.07,24088.0,13.02
2608800,Lajedo - PE,2022,189.096,39582.0,209.32
2608909,Limoeiro - PE,2022,273.733,56510.0,206.44
2609006,Macaparana - PE,2022,108.049,23879.0,221.0
2609105,Machados - PE,2022,61.619,11333.0,183.92
2609154,Manari - PE,2022,344.685,23763.0,68.94
2609204,Maraial - PE,2022,199.865,9359.0,46.83
2609303,Mirandiba - PE,2022,821.676,14166.0,17.24
2609402,Moreno - PE,2022,194.197,55292.0,284.72
2609501,Nazaré da Mata - PE,2022,130.572,30648.0,234.72
2609600,Olinda - PE,2022,41.3,349976.0,8474.0
2609709,Orobó - PE,2022,138.521,21808.0,157.43
2609808,Orocó - PE,2022,554.76,13613.0,24.54
2609907,Ouricuri - PE,2022,2381.57,65245.0,27.4
2610004,Palmares - PE,2022,339.401,54584.0,160.82
2610103,Palmeirina - PE,2022,168.796,7031.0,41.65
2610202,Panelas - PE,2022,380.428,22991.0,60.43
2610301,Paranatama - PE,2022,185.371,12199.0,65.81
2610400,Parnamirim - PE,2022,2609.548,18612.0,7.13
2610509,Passira - PE,2022,327.21,28340.0,86.61
2610608,Paudalho - PE,2022,269.651,56665.0,210.14
2610707,Paulista - PE,2022,96.932,342167.0,3529.97
2610806,Pedra - PE,2022,922.602,22795.0,24.71
2610905,Pesqueira - PE,2022,960.042,62722.0,65.33
2611002,Petrolândia - PE,2022,1056.589,34161.0,32.33
2611101,Petrolina - PE,2022,4561.87,386791.0,84.79
2611200,Poção - PE,2022,205.119,10500.0,51.19
2611309,Pombos - PE,2022,239.832,27552.0,114.88
2611408,Primavera - PE,2022,113.135,13838.0,122.31
2611507,Quipapá - PE,2022,230.617,17928.0,77.74
2611533,Quixaba - PE,2022,210.705,6554.0,31.11
2611606,Recife - PE,2022,218.843,1488920.0,6803.6
2611705,Riacho das Almas - PE,2022,314.003,20639.0,65.73
2611804,Ribeirão - PE,2022,289.566,33507.0,115.71
2611903,Rio Formoso - PE,2022,227.458,20009.0,87.97
2612000,Sairé - PE,2022,190.455,10887.0,57.16
2612109,Salgadinho - PE,2022,87.217,5727.0,65.66
2612208,Salgueiro - PE,2022,1678.564,62372.0,37.16
2612307,Saloá - PE,2022,251.549,13836.0,55.0
2612406,Sanharó - PE,2022,268.065,18624.0,69.48
2612455,Santa Cruz - PE,2022,1245.983,13841.0,11.11
2612471,Santa Cruz da Baixa Verde - PE,2022,114.932,11567.0,100.64
2612505,Santa Cruz do Capibaribe - PE,2022,335.309,98254.0,293.03
2612554,Santa Filomena - PE,2022,1005.341,12106.0,12.04
2612604,Santa Maria da Boa Vista - PE,2022,3000.774,40578.0,13.52
2612703,Santa Maria do Cambucá - PE,2022,92.148,14013.0,152.07
2612802,Santa Terezinha - PE,2022,200.327,10244.0,51.14
2612901,São Benedito do Sul - PE,2022,160.477,13113.0,81.71
2613008,São Bento do Una - PE,2022,719.148,49449.0,68.76
2613107,São Caitano - PE,2022,382.483,37126.0,97.07
2613206,São João - PE,2022,258.519,23837.0,92.21
2613305,São Joaquim do Monte - PE,2022,227.385,20037.0,88.12
2613404,São José da Coroa Grande - PE,2022,69.184,18825.0,272.1
2613503,São José do Belmonte - PE,2022,1474.086,34843.0,23.64
2613602,São José do Egito - PE,2022,774.037,31004.0,40.05
2613701,São Lourenço da Mata - PE,2022,263.687,111249.0,421.9
2613800,São Vicente Férrer - PE,2022,112.554,16677.0,148.17
2613909,Serra Talhada - PE,2022,2980.007,92228.0,30.95
2614006,Serrita - PE,2022,1535.19,18207.0,11.86
2614105,Sertânia - PE,2022,2421.527,32811.0,13.55
2614204,Sirinhaém - PE,2022,374.321,37596.0,100.44
2614303,Moreilândia - PE,2022,404.287,10540.0,26.07
2614402,Solidão - PE,2022,138.398,5210.0,37.65
2614501,Surubim - PE,2022,252.896,64120.0,253.54
2614600,Tabira - PE,2022,390.434,27681.0,70.9
2614709,Tacaimbó - PE,2022,227.601,13738.0,60.36
2614808,Tacaratu - PE,2022,1264.532,23902.0,18.9
2614857,Tamandaré - PE,2022,213.75,23561.0,110.23
2615003,Taquaritinga do Norte - PE,2022,475.184,24736.0,52.06
2615102,Terezinha - PE,2022,151.45,6513.0,43.0
2615201,Terra Nova - PE,2022,318.709,8920.0,27.99
2615300,Timbaúba - PE,2022,287.683,46147.0,160.41
2615409,Toritama - PE,2022,25.704,41137.0,1600.41
2615508,Tracunhaém - PE,2022,137.321,13867.0,100.98
2615607,Trindade - PE,2022,295.765,30321.0,102.52
2615706,Triunfo - PE,2022,191.518,14705.0,76.78
2615805,Tupanatinga - PE,2022,934.801,26937.0,28.82
2615904,Tuparetama - PE,2022,189.509,8005.0,42.24
2616001,Venturosa - PE,2022,336.107,17251.0,51.33
2616100,Verdejante - PE,2022,476.039,9169.0,19.26
2616183,Vertente do Lério - PE,2022,73.631,7558.0,102.65
2616209,Vertentes - PE,2022,196.325,21959.0,111.85
2616308,Vicência - PE,2022,228.017,26359.0,115.6
2616407,Vitória de Santo Antão - PE,2022,336.573,134084.0,398.38
2616506,Xexéu - PE,2022,110.815,11611.0,104.78
2700102,Água Branca - AL,2022,468.229,19008.0,40.6
2700201,Anadia - AL,2022,186.134,13966.0,75.03
2700300,Arapiraca - AL,2022,345.655,234696.0,678.99
2700409,Atalaia - AL,2022,533.258,37512.0,70.34
2700508,Barra de Santo Antônio - AL,2022,131.364,16365.0,124.58
2700607,Barra de São Miguel - AL,2022,74.247,7944.0,106.99
2700706,Batalha - AL,2022,315.87,16448.0,52.07
2700805,Belém - AL,2022,66.628,4722.0,70.87
2700904,Belo Monte - AL,2022,334.136,5936.0,17.77
2701001,Boca da Mata - AL,2022,193.002,21187.0,109.78
2701100,Branquinha - AL,2022,168.048,9603.0,57.14
2701209,Cacimbinhas - AL,2022,281.692,10482.0,37.21
2701308,Cajueiro - AL,2022,94.357,16024.0,169.82
2701357,Campestre - AL,2022,65.91,6665.0,101.12
2701407,Campo Alegre - AL,2022,312.726,32106.0,102.66
2701506,Campo Grande - AL,2022,170.144,8143.0,47.86
2701605,Canapi - AL,2022,602.778,15559.0,25.81
2701704,Capela - AL,2022,263.735,15032.0,57.0
2701803,Carneiros - AL,2022,111.696,8999.0,80.57
2701902,Chã Preta - AL,2022,157.831,5910.0,37.45
2702009,Coité do Nóia - AL,2022,88.759,10810.0,121.79
2702108,Colônia Leopoldina - AL,2022,207.935,15816.0,76.06
2702207,Coqueiro Seco - AL,2022,39.608,5581.0,140.91
2702306,Coruripe - AL,2022,897.8,50414.0,56.15
2702355,Craíbas - AL,2022,278.879,25397.0,91.07
2702405,Delmiro Gouveia - AL,2022,628.545,51318.0,81.65
2702504,Dois Riachos - AL,2022,141.621,9805.0,69.23
2702553,Estrela de Alagoas - AL,2022,260.772,15429.0,59.17
2702603,Feira Grande - AL,2022,175.906,22712.0,129.11
2702702,Feliz Deserto - AL,2022,110.062,3963.0,36.01
2702801,Flexeiras - AL,2022,333.756,9618.0,28.82
2702900,Girau do Ponciano - AL,2022,513.454,36102.0,70.31
2703007,Ibateguara - AL,2022,265.312,13731.0,51.75
2703106,Igaci - AL,2022,334.346,23995.0,71.77
2703205,Igreja Nova - AL,2022,426.538,21372.0,50.11
2703304,Inhapi - AL,2022,372.019,15167.0,40.77
2703403,Jacaré dos Homens - AL,2022,148.992,5083.0,34.12
2703502,Jacuípe - AL,2022,208.738,5352.0,25.64
2703601,Japaratinga - AL,2022,85.356,9219.0,108.01
2703700,Jaramataia - AL,2022,105.416,4985.0,47.29
2703759,Jequiá da Praia - AL,2022,334.265,9470.0,28.33
2703809,Joaquim Gomes - AL,2022,298.17,17150.0,57.52
2703908,Jundiá - AL,2022,88.793,4092.0,46.08
2704005,Junqueiro - AL,2022,247.724,23907.0,96.51
2704104,Lagoa da Canoa - AL,2022,83.621,18457.0,220.72
2704203,Limoeiro de Anadia - AL,2022,309.205,24740.0,80.01
2704302,Maceió - AL,2022,509.32,957916.0,1880.77
2704401,Major Isidoro - AL,2022,442.744,17700.0,39.98
2704500,Maragogi - AL,2022,334.165,32174.0,96.28
2704609,Maravilha - AL,2022,332.37,9534.0,28.68
2704708,Marechal Deodoro - AL,2022,340.98,60370.0,177.05
2704807,Maribondo - AL,2022,180.107,13679.0,75.95
2704906,Mar Vermelho - AL,2022,91.741,3155.0,34.39
2705002,Mata Grande - AL,2022,914.722,21844.0,23.88
2705101,Matriz de Camaragibe - AL,2022,238.113,23857.0,100.19
2705200,Messias - AL,2022,114.156,15405.0,134.95
2705309,Minador do Negrão - AL,2022,167.462,4845.0,28.93
2705408,Monteirópolis - AL,2022,86.604,7184.0,82.95
2705507,Murici - AL,2022,418.028,25187.0,60.25
2705606,Novo Lino - AL,2022,215.547,10020.0,46.49
2705705,Olho d'Água das Flores - AL,2022,188.221,20695.0,109.95
2705804,Olho d'Água do Casado - AL,2022,327.678,8349.0,25.48
2705903,Olho d'Água Grande - AL,2022,117.006,4330.0,37.01
2706000,Olivença - AL,2022,175.288,10812.0,61.68
2706109,Ouro Branco - AL,2022,196.56,11446.0,58.23
2706208,Palestina - AL,2022,38.189,4325.0,113.25
2706307,Palmeira dos Índios - AL,2022,450.99,71574.0,158.7
2706406,Pão de Açúcar - AL,2022,688.87,23823.0,34.58
2706422,Pariconha - AL,2022,254.719,10573.0,41.51
2706448,Paripueira - AL,2022,92.788,13835.0,149.1
2706505,Passo de Camaragibe - AL,2022,251.29,13804.0,54.93
2706604,Paulo Jacinto - AL,2022,118.457,6576.0,55.51
2706703,Penedo - AL,2022,688.452,58650.0,85.19
2706802,Piaçabuçu - AL,2022,243.686,15908.0,65.28
2706901,Pilar - AL,2022,259.614,35370.0,136.24
2707008,Pindoba - AL,2022,117.086,2731.0,23.32
2707107,Piranhas - AL,2022,403.995,22609.0,55.96
2707206,Poço das Trincheiras - AL,2022,284.26,12518.0,44.04
2707305,Porto Calvo - AL,2022,313.231,24071.0,76.85
2707404,Porto de Pedras - AL,2022,257.105,9295.0,36.15
2707503,Porto Real do Colégio - AL,2022,235.852,20082.0,85.15
2707602,Quebrangulo - AL,2022,319.829,11080.0,34.64
2707701,Rio Largo - AL,2022,293.816,93927.0,319.68
2707800,Roteiro - AL,2022,128.926,6474.0,50.21
2707909,Santa Luzia do Norte - AL,2022,28.857,6919.0,239.77
2708006,Santana do Ipanema - AL,2022,436.16,46220.0,105.97
2708105,Santana do Mundaú - AL,2022,232.169,11323.0,48.77
2708204,São Brás - AL,2022,139.038,6555.0,47.15
2708303,São José da Laje - AL,2022,256.603,20813.0,81.11
2708402,São José da Tapera - AL,2022,490.879,30604.0,62.35
2708501,São Luís do Quitunde - AL,2022,397.257,30873.0,77.72
2708600,São Miguel dos Campos - AL,2022,335.683,51990.0,154.88
2708709,São Miguel dos Milagres - AL,2022,76.731,8482.0,110.54
2708808,São Sebastião - AL,2022,314.924,31786.0,100.93
2708907,Satuba - AL,2022,41.268,24278.0,588.3
2708956,Senador Rui Palmeira - AL,2022,338.569,12303.0,36.34
2709004,Tanque d'Arca - AL,2022,124.617,5796.0,46.51
2709103,Taquarana - AL,2022,153.841,19032.0,123.71
2709152,Teotônio Vilela - AL,2022,299.221,38053.0,127.17
2709202,Traipu - AL,2022,681.577,23565.0,34.57
2709301,União dos Palmares - AL,2022,420.376,59280.0,141.02
2709400,Viçosa - AL,2022,367.888,24092.0,65.49
2800100,Amparo do São Francisco - SE,2022,35.683,2170.0,60.81
2800209,Aquidabã - SE,2022,359.543,20131.0,55.99
2800308,Aracaju - SE,2022,182.163,602757.0,3308.89
2800407,Arauá - SE,2022,198.967,10318.0,51.86
2800506,Areia Branca - SE,2022,148.134,18081.0,122.06
2800605,Barra dos Coqueiros - SE,2022,92.268,41511.0,449.9
2800670,Boquim - SE,2022,205.443,24636.0,119.92
2800704,Brejo Grande - SE,2022,141.464,7841.0,55.43
2801009,Campo do Brito - SE,2022,201.518,18149.0,90.06
2801108,Canhoba - SE,2022,171.581,3791.0,22.09
2801207,Canindé de São Francisco - SE,2022,934.167,26834.0,28.73
2801306,Capela - SE,2022,442.211,31645.0,71.56
2801405,Carira - SE,2022,638.743,19939.0,31.22
2801504,Carmópolis - SE,2022,46.395,13853.0,298.59
2801603,Cedro de São João - SE,2022,83.711,5391.0,64.4
2801702,Cristinápolis - SE,2022,228.556,17100.0,74.82
2801900,Cumbe - SE,2022,128.393,3824.0,29.78
2802007,Divina Pastora - SE,2022,90.508,4340.0,47.95
2802106,Estância - SE,2022,647.344,65078.0,100.53
2802205,Feira Nova - SE,2022,183.273,5975.0,32.6
2802304,Frei Paulo - SE,2022,399.178,14530.0,36.4
2802403,Gararu - SE,2022,656.956,11096.0,16.89
2802502,General Maynard - SE,2022,19.793,3037.0,153.44
2802601,Graccho Cardoso - SE,2022,242.679,5834.0,24.04
2802700,Ilha das Flores - SE,2022,52.693,8321.0,157.91
2802809,Indiaroba - SE,2022,316.316,16549.0,52.32
2802908,Itabaiana - SE,2022,337.295,103440.0,306.68
2803005,Itabaianinha - SE,2022,501.794,40678.0,81.07
2803104,Itabi - SE,2022,183.422,4745.0,25.87
2803203,Itaporanga d'Ajuda - SE,2022,739.702,34411.0,46.52
2803302,Japaratuba - SE,2022,365.677,16209.0,44.33
2803401,Japoatã - SE,2022,402.353,13407.0,33.32
2803500,Lagarto - SE,2022,968.921,101579.0,104.84
2803609,Laranjeiras - SE,2022,162.273,23975.0,147.74
2803708,Macambira - SE,2022,137.496,6838.0,49.73
2803807,Malhada dos Bois - SE,2022,63.199,3579.0,56.63
2803906,Malhador - SE,2022,101.888,11533.0,113.19
2804003,Maruim - SE,2022,95.554,15719.0,164.5
2804102,Moita Bonita - SE,2022,95.416,11050.0,115.81
2804201,Monte Alegre de Sergipe - SE,2022,386.912,14336.0,37.05
2804300,Muribeca - SE,2022,74.31,7822.0,105.26
2804409,Neópolis - SE,2022,271.323,16426.0,60.54
2804458,Nossa Senhora Aparecida - SE,2022,340.772,9232.0,27.09
2804508,Nossa Senhora da Glória - SE,2022,758.429,41212.0,54.34
2804607,Nossa Senhora das Dores - SE,2022,482.412,24996.0,51.81
2804706,Nossa Senhora de Lourdes - SE,2022,83.767,6268.0,74.83
2804805,Nossa Senhora do Socorro - SE,2022,155.018,192330.0,1240.69
2804904,Pacatuba - SE,2022,381.428,12502.0,32.78
2805000,Pedra Mole - SE,2022,82.211,2778.0,33.79
2805109,Pedrinhas - SE,2022,33.344,7396.0,221.81
2805208,Pinhão - SE,2022,156.373,5677.0,36.3
2805307,Pirambu - SE,2022,208.681,7913.0,37.92
2805406,Poço Redondo - SE,2022,1220.426,33439.0,27.4
2805505,Poço Verde - SE,2022,441.326,21794.0,49.38
2805604,Porto da Folha - SE,2022,878.043,26576.0,30.27
2805703,Propriá - SE,2022,96.32,26618.0,276.35
2805802,Riachão do Dantas - SE,2022,530.607,18313.0,34.51
2805901,Riachuelo - SE,2022,78.308,8748.0,111.71
2806008,Ribeirópolis - SE,2022,259.044,17033.0,65.75
2806107,Rosário do Catete - SE,2022,102.683,9295.0,90.52
2806206,Salgado - SE,2022,247.579,20279.0,81.91
2806305,Santa Luzia do Itanhy - SE,2022,325.258,13616.0,41.86
2806404,Santana do São Francisco - SE,2022,44.017,7346.0,166.89
2806503,Santa Rosa de Lima - SE,2022,67.672,3937.0,58.18
2806602,Santo Amaro das Brotas - SE,2022,236.965,11092.0,46.81
2806701,São Cristóvão - SE,2022,438.037,95612.0,218.27
2806800,São Domingos - SE,2022,101.999,10327.0,101.25
2806909,São Francisco - SE,2022,83.985,3243.0,38.61
2807006,São Miguel do Aleixo - SE,2022,144.868,3434.0,23.7
2807105,Simão Dias - SE,2022,560.199,42578.0,76.01
2807204,Siriri - SE,2022,168.343,7834.0,46.54
2807303,Telha - SE,2022,47.86,3274.0,68.41
2807402,Tobias Barreto - SE,2022,1024.645,50905.0,49.68
2807501,Tomar do Geru - SE,2022,304.837,12012.0,39.4
2807600,Umbaúba - SE,2022,117.514,23917.0,203.52
2900108,Abaíra - BA,2022,538.677,7301.0,13.55
2900207,Abaré - BA,2022,1604.923,17639.0,10.99
2900306,Acajutiba - BA,2022,181.475,13795.0,76.02
2900355,Adustina - BA,2022,629.099,14201.0,22.57
2900405,Água Fria - BA,2022,742.775,14497.0,19.52
2900504,Érico Cardoso - BA,2022,735.249,10604.0,14.42
2900603,Aiquara - BA,2022,167.877,4447.0,26.49
2900702,Alagoinhas - BA,2022,707.835,151055.0,213.4
2900801,Alcobaça - BA,2022,1477.929,24530.0,16.6
2900900,Almadina - BA,2022,245.236,5218.0,21.28
2901007,Amargosa - BA,2022,431.655,36521.0,84.61
2901106,Amélia Rodrigues - BA,2022,166.872,24138.0,144.65
2901155,América Dourada - BA,2022,822.373,15137.0,18.41
2901205,Anagé - BA,2022,1899.683,25438.0,13.39
2901304,Andaraí - BA,2022,1590.316,13080.0,8.22
2901353,Andorinha - BA,2022,1362.386,15012.0,11.02
2901403,Angical - BA,2022,1530.05,13732.0,8.97
2901502,Anguera - BA,2022,187.84,11031.0,58.73
2901601,Antas - BA,2022,319.745,14206.0,44.43
2901700,Antônio Cardoso - BA,2022,293.53,11146.0,37.97
2901809,Antônio Gonçalves - BA,2022,345.284,10862.0,31.46
2901908,Aporá - BA,2022,479.262,15922.0,33.22
2901957,Apuarema - BA,2022,150.83,6913.0,45.83
2902005,Aracatu - BA,2022,1489.803,13936.0,9.35
2902054,Araçás - BA,2022,474.577,11557.0,24.35
2902104,Araci - BA,2022,1496.245,48294.0,32.28
2902203,Aramari - BA,2022,368.947,9833.0,26.65
2902252,Arataca - BA,2022,435.962,10191.0,23.38
2902302,Aratuípe - BA,2022,174.012,8677.0,49.86
2902401,Aurelino Leal - BA,2022,445.394,11179.0,25.1
2902500,Baianópolis - BA,2022,3320.723,13614.0,4.1
2902609,Baixa Grande - BA,2022,967.514,18220.0,18.83
2902658,Banzaê - BA,2022,409.507,11958.0,29.2
2902708,Barra - BA,2022,11428.112,51092.0,4.47
2902807,Barra da Estiva - BA,2022,1657.413,26026.0,15.7
2902906,Barra do Choça - BA,2022,765.936,36539.0,47.71
2903003,Barra do Mendes - BA,2022,1436.298,13836.0,9.63
2903102,Barra do Rocha - BA,2022,214.411,5775.0,26.93
2903201,Barreiras - BA,2022,8051.274,159734.0,19.84
2903235,Barro Alto - BA,2022,414.51,13453.0,32.46
2903276,Barrocas - BA,2022,207.297,15203.0,73.34
2903300,Barro Preto - BA,2022,201.585,5833.0,28.94
2903409,Belmonte - BA,2022,1939.447,20121.0,10.37
2903508,Belo Campo - BA,2022,772.756,18412.0,23.83
2903607,Biritinga - BA,2022,553.762,15146.0,27.35
2903706,Boa Nova - BA,2022,848.857,13690.0,16.13
2903805,Boa Vista do Tupim - BA,2022,2972.109,16873.0,5.68
2903904,Bom Jesus da Lapa - BA,2022,4115.51,65550.0,15.93
2903953,Bom Jesus da Serra - BA,2022,467.909,9730.0,20.79
2904001,Boninal - BA,2022,896.857,13622.0,15.19
2904050,Bonito - BA,2022,791.276,15844.0,20.02
2904100,Boquira - BA,2022,1426.233,19322.0,13.55
2904209,Botuporã - BA,2022,627.612,11024.0,17.56
2904308,Brejões - BA,2022,518.566,12943.0,24.96
2904407,Brejolândia - BA,2022,2247.208,9108.0,4.05
2904506,Brotas de Macaúbas - BA,2022,2520.817,11765.0,4.67
2904605,Brumado - BA,2022,2207.612,70510.0,31.94
2904704,Buerarema - BA,2022,219.487,14804.0,67.45
2904753,Buritirama - BA,2022,4046.736,19589.0,4.84
2904803,Caatiba - BA,2022,512.436,6205.0,12.11
2904852,Cabaceiras do Paraguaçu - BA,2022,222.026,16559.0,74.58
2904902,Cachoeira - BA,2022,394.894,29250.0,74.07
2905008,Caculé - BA,2022,610.983,22462.0,36.76
2905107,Caém - BA,2022,540.908,10384.0,19.2
2905156,Caetanos - BA,2022,767.146,11266.0,14.69
2905206,Caetité - BA,2022,2651.536,52012.0,19.62
2905305,Cafarnaum - BA,2022,643.66,17466.0,27.14
2905404,Cairu - BA,2022,448.846,17761.0,39.57
2905503,Caldeirão Grande - BA,2022,458.311,13080.0,28.54
2905602,Camacan - BA,2022,584.848,22579.0,38.61
2905701,Camaçari - BA,2022,785.421,300372.0,382.43
2905800,Camamu - BA,2022,839.702,30469.0,36.29
2905909,Campo Alegre de Lourdes - BA,2022,2914.587,30671.0,10.52
2906006,Campo Formoso - BA,2022,7161.827,71377.0,9.97
2906105,Canápolis - BA,2022,460.388,10225.0,22.21
2906204,Canarana - BA,2022,579.726,24206.0,41.75
2906303,Canavieiras - BA,2022,1334.284,32683.0,24.49
2906402,Candeal - BA,2022,447.578,7772.0,17.36
2906501,Candeias - BA,2022,251.808,72382.0,287.45
2906600,Candiba - BA,2022,433.642,13016.0,30.02
2906709,Cândido Sales - BA,2022,1169.814,25247.0,21.58
2906808,Cansanção - BA,2022,1351.891,37439.0,27.69
2906824,Canudos - BA,2022,3565.377,16105.0,4.52
2906857,Capela do Alto Alegre - BA,2022,629.586,10744.0,17.07
2906873,Capim Grosso - BA,2022,464.776,33235.0,71.51
2906899,Caraíbas - BA,2022,805.629,9940.0,12.34
2906907,Caravelas - BA,2022,2377.889,20580.0,8.65
2907004,Cardeal da Silva - BA,2022,293.456,8365.0,28.51
2907103,Carinhanha - BA,2022,2525.906,28869.0,11.43
2907202,Casa Nova - BA,2022,9647.072,72086.0,7.47
2907301,Castro Alves - BA,2022,713.789,24712.0,34.62
2907400,Catolândia - BA,2022,702.504,3434.0,4.89
2907509,Catu - BA,2022,426.955,48148.0,112.77
2907558,Caturama - BA,2022,716.261,8841.0,12.34
2907608,Central - BA,2022,566.974,16348.0,28.83
2907707,Chorrochó - BA,2022,3005.319,10579.0,3.52
2907806,Cícero Dantas - BA,2022,819.969,30907.0,37.69
2907905,Cipó - BA,2022,168.33,17230.0,102.36
2908002,Coaraci - BA,2022,274.5,17333.0,63.14
2908101,Cocos - BA,2022,10140.572,19151.0,1.89
2908200,Conceição da Feira - BA,2022,164.798,20800.0,126.22
2908309,Conceição do Almeida - BA,2022,284.836,15794.0,55.45
2908408,Conceição do Coité - BA,2022,1015.252,67825.0,66.81
2908507,Conceição do Jacuípe - BA,2022,114.869,35308.0,307.38
2908606,Conde - BA,2022,931.106,23654.0,25.4
2908705,Condeúba - BA,2022,1348.039,17053.0,12.65
2908804,Contendas do Sincorá - BA,2022,977.455,4333.0,4.43
2908903,Coração de Maria - BA,2022,378.42,26692.0,70.54
2909000,Cordeiros - BA,2022,523.64,7546.0,14.41
2909109,Coribe - BA,2022,2662.819,13990.0,5.25
2909208,Coronel João Sá - BA,2022,797.434,17056.0,21.39
2909307,Correntina - BA,2022,11504.314,32457.0,2.82
2909406,Cotegipe - BA,2022,4282.775,13063.0,3.05
2909505,Cravolândia - BA,2022,182.585,4415.0,24.18
2909604,Crisópolis - BA,2022,636.609,19729.0,30.99
2909703,Cristópolis - BA,2022,1052.837,13993.0,13.29
2909802,Cruz das Almas - BA,2022,139.117,60348.0,433.79
2909901,Curaçá - BA,2022,5950.614,34180.0,5.74
2910008,Dário Meira - BA,2022,413.637,10820.0,26.16
2910057,Dias d'Ávila - BA,2022,183.759,71485.0,389.01
2910107,Dom Basílio - BA,2022,689.516,11884.0,17.24
2910206,Dom Macedo Costa - BA,2022,94.778,4407.0,46.5
2910305,Elísio Medrado - BA,2022,179.329,7808.0,43.54
2910404,Encruzilhada - BA,2022,1890.133,19107.0,10.11
2910503,Entre Rios - BA,2022,1187.766,38098.0,32.08
2910602,Esplanada - BA,2022,1299.355,32554.0,25.05
2910701,Euclides da Cunha - BA,2022,2025.368,61456.0,30.34
2910727,Eunápolis - BA,2022,1425.97,113710.0,79.74
2910750,Fátima - BA,2022,364.419,17895.0,49.11
2910776,Feira da Mata - BA,2022,1176.111,5631.0,4.79
2910800,Feira de Santana - BA,2022,1304.425,616272.0,472.45
2910859,Filadélfia - BA,2022,579.686,17897.0,30.87
2910909,Firmino Alves - BA,2022,172.353,4873.0,28.27
2911006,Floresta Azul - BA,2022,321.013,11059.0,34.45
2911105,Formosa do Rio Preto - BA,2022,15634.328,25899.0,1.66
2911204,Gandu - BA,2022,229.661,32178.0,140.11
2911253,Gavião - BA,2022,384.592,4360.0,11.34
2911303,Gentio do Ouro - BA,2022,3817.946,10884.0,2.85
2911402,Glória - BA,2022,1566.609,15524.0,9.91
2911501,Gongogi - BA,2022,202.194,5555.0,27.47
2911600,Governador Mangabeira - BA,2022,106.848,20605.0,192.84
2911659,Guajeru - BA,2022,872.867,8050.0,9.22
2911709,Guanambi - BA,2022,1272.366,87817.0,69.02
2911808,Guaratinga - BA,2022,2189.404,19049.0,8.7
2911857,Heliópolis - BA,2022,313.438,12309.0,39.27
2911907,Iaçu - BA,2022,2342.497,24607.0,10.5
2912004,Ibiassucê - BA,2022,483.274,10429.0,21.58
2912103,Ibicaraí - BA,2022,230.953,21665.0,93.81
2912202,Ibicoara - BA,2022,817.355,20785.0,25.43
2912301,Ibicuí - BA,2022,1139.378,13934.0,12.23
2912400,Ibipeba - BA,2022,1382.008,16603.0,12.01
2912509,Ibipitanga - BA,2022,954.373,13863.0,14.53
2912608,Ibiquera - BA,2022,698.245,3725.0,5.33
2912707,Ibirapitanga - BA,2022,472.664,25344.0,53.62
2912806,Ibirapuã - BA,2022,771.098,8896.0,11.54
2912905,Ibirataia - BA,2022,318.129,18792.0,59.07
2913002,Ibitiara - BA,2022,1834.002,14637.0,7.98
2913101,Ibititá - BA,2022,573.033,16969.0,29.61
2913200,Ibotirama - BA,2022,1740.113,26309.0,15.12
2913309,Ichu - BA,2022,138.016,6190.0,44.85
2913408,Igaporã - BA,2022,836.586,15527.0,18.56
2913457,Igrapiúna - BA,2022,591.312,13151.0,22.24
2913507,Iguaí - BA,2022,860.223,21491.0,24.98
2913606,Ilhéus - BA,2022,1588.555,178649.0,112.46
2913705,Inhambupe - BA,2022,1082.283,33790.0,31.22
2913804,Ipecaetá - BA,2022,372.565,13709.0,36.8
2913903,Ipiaú - BA,2022,280.454,40706.0,145.14
2914000,Ipirá - BA,2022,3105.281,56876.0,18.32
2914109,Ipupiara - BA,2022,1055.76,9935.0,9.41
2914208,Irajuba - BA,2022,459.047,6101.0,13.29
2914307,Iramaia - BA,2022,1708.115,10752.0,6.29
2914406,Iraquara - BA,2022,991.822,23879.0,24.08
2914505,Irará - BA,2022,267.88,28043.0,104.68
2914604,Irecê - BA,2022,319.174,74507.0,233.44
2914653,Itabela - BA,2022,924.914,28165.0,30.45
2914703,Itaberaba - BA,2022,2386.39,65073.0,27.27
2914802,Itabuna - BA,2022,401.028,186708.0,465.57
2914901,Itacaré - BA,2022,726.265,27704.0,38.15
2915007,Itaeté - BA,2022,1331.822,13472.0,10.12
2915106,Itagi - BA,2022,310.621,13803.0,44.44
2915205,Itagibá - BA,2022,810.993,15310.0,18.88
2915304,Itagimirim - BA,2022,876.8,6347.0,7.24
2915353,Itaguaçu da Bahia - BA,2022,4310.238,12311.0,2.86
2915403,Itaju do Colônia - BA,2022,1225.287,6037.0,4.93
2915502,Itajuípe - BA,2022,270.752,18781.0,69.37
2915601,Itamaraju - BA,2022,2360.584,59605.0,25.25
2915700,Itamari - BA,2022,143.479,7051.0,49.14
2915809,Itambé - BA,2022,1534.575,24394.0,15.9
2915908,Itanagra - BA,2022,533.634,5914.0,11.08
2916005,Itanhém - BA,2022,1394.174,17813.0,12.78
2916104,Itaparica - BA,2022,121.373,19789.0,163.04
2916203,Itapé - BA,2022,453.144,10341.0,22.82
2916302,Itapebi - BA,2022,1013.074,9174.0,9.06
2916401,Itapetinga - BA,2022,1651.158,65897.0,39.91
2916500,Itapicuru - BA,2022,1557.685,31679.0,20.34
2916609,Itapitanga - BA,2022,420.663,10279.0,24.44
2916708,Itaquara - BA,2022,344.093,8153.0,23.69
2916807,Itarantim - BA,2022,1674.029,17052.0,10.19
2916856,Itatim - BA,2022,547.51,15737.0,28.74
2916906,Itiruçu - BA,2022,322.243,10999.0,34.13
2917003,Itiúba - BA,2022,1650.593,33872.0,20.52
2917102,Itororó - BA,2022,313.839,16617.0,52.95
2917201,Ituaçu - BA,2022,1199.374,17914.0,14.94
2917300,Ituberá - BA,2022,415.428,21902.0,52.72
2917334,Iuiu - BA,2022,1525.142,11118.0,7.29
2917359,Jaborandi - BA,2022,9955.113,9275.0,0.93
2917409,Jacaraci - BA,2022,1332.42,14436.0,10.83
2917508,Jacobina - BA,2022,2192.905,82590.0,37.66
2917607,Jaguaquara - BA,2022,924.512,45964.0,49.72
2917706,Jaguarari - BA,2022,2466.009,32703.0,13.26
2917805,Jaguaripe - BA,2022,863.424,17659.0,20.45
2917904,Jandaíra - BA,2022,640.772,9285.0,14.49
2918001,Jequié - BA,2022,2969.039,158813.0,53.49
2918100,Jeremoabo - BA,2022,4267.488,37626.0,8.82
2918209,Jiquiriçá - BA,2022,238.66,13629.0,57.11
2918308,Jitaúna - BA,2022,262.05,14355.0,54.78
2918357,João Dourado - BA,2022,913.258,24854.0,27.21
2918407,Juazeiro - BA,2022,6721.237,237821.0,35.38
2918456,Jucuruçu - BA,2022,1457.656,9655.0,6.62
2918506,Jussara - BA,2022,1355.173,16354.0,12.07
2918555,Jussari - BA,2022,329.19,5888.0,17.89
2918605,Jussiape - BA,2022,589.763,7379.0,12.51
2918704,Lafaiete Coutinho - BA,2022,498.11,4075.0,8.18
2918753,Lagoa Real - BA,2022,912.222,14105.0,15.46
2918803,Laje - BA,2022,449.834,21052.0,46.8
2918902,Lajedão - BA,2022,624.353,3845.0,6.16
2919009,Lajedinho - BA,2022,846.728,3527.0,4.17
2919058,Lajedo do Tabocal - BA,2022,382.937,7494.0,19.57
2919108,Lamarão - BA,2022,189.257,9015.0,47.63
2919157,Lapão - BA,2022,642.882,25736.0,40.03
2919207,Lauro de Freitas - BA,2022,57.942,203331.0,3509.22
2919306,Lençóis - BA,2022,1283.328,10774.0,8.4
2919405,Licínio de Almeida - BA,2022,856.626,11834.0,13.81
2919504,Livramento de Nossa Senhora - BA,2022,1952.51,43903.0,22.49
2919553,Luís Eduardo Magalhães - BA,2022,4036.094,107909.0,26.74
2919603,Macajuba - BA,2022,701.171,10454.0,14.91
2919702,Macarani - BA,2022,1210.106,21599.0,17.85
2919801,Macaúbas - BA,2022,2459.102,41859.0,17.02
2919900,Macururé - BA,2022,2545.856,7256.0,2.85
2919926,Madre de Deus - BA,2022,32.201,18504.0,574.64
2919959,Maetinga - BA,2022,614.834,6973.0,11.34
2920007,Maiquinique - BA,2022,588.297,8731.0,14.84
2920106,Mairi - BA,2022,906.68,17674.0,19.49
2920205,Malhada - BA,2022,1979.193,15398.0,7.78
2920304,Malhada de Pedras - BA,2022,550.55,8670.0,15.75
2920403,Manoel Vitorino - BA,2022,2201.764,13860.0,6.29
2920452,Mansidão - BA,2022,3129.588,13919.0,4.45
2920502,Maracás - BA,2022,2413.27,27620.0,11.45
2920601,Maragogipe - BA,2022,437.61,35859.0,81.94
2920700,Maraú - BA,2022,848.885,24527.0,28.89
2920809,Marcionílio Souza - BA,2022,1099.283,9267.0,8.43
2920908,Mascote - BA,2022,742.689,13544.0,18.24
2921005,Mata de São João - BA,2022,605.168,42566.0,70.34
2921054,Matina - BA,2022,773.278,10330.0,13.36
2921104,Medeiros Neto - BA,2022,1311.739,22194.0,16.92
2921203,Miguel Calmon - BA,2022,1599.672,24661.0,15.42
2921302,Milagres - BA,2022,420.358,11071.0,26.34
2921401,Mirangaba - BA,2022,1751.778,15734.0,8.98
2921450,Mirante - BA,2022,1172.86,10187.0,8.69
2921500,Monte Santo - BA,2022,3034.197,47780.0,15.75
2921609,Morpará - BA,2022,2093.872,7996.0,3.82
2921708,Morro do Chapéu - BA,2022,5744.969,33594.0,5.85
2921807,Mortugaba - BA,2022,528.214,11143.0,21.1
2921906,Mucugê - BA,2022,2462.153,12137.0,4.93
2922003,Mucuri - BA,2022,1787.626,37977.0,21.24
2922052,Mulungu do Morro - BA,2022,646.621,13152.0,20.34
2922102,Mundo Novo - BA,2022,1491.99,17305.0,11.6
2922201,Muniz Ferreira - BA,2022,104.54,7190.0,68.78
2922250,Muquém do São Francisco - BA,2022,3852.111,10443.0,2.71
2922300,Muritiba - BA,2022,86.311,28707.0,332.6
2922409,Mutuípe - BA,2022,275.854,20037.0,72.64
2922508,Nazaré - BA,2022,278.629,27060.0,97.12
2922607,Nilo Peçanha - BA,2022,388.936,12063.0,31.02
2922656,Nordestina - BA,2022,465.407,18523.0,39.8
2922706,Nova Canaã - BA,2022,804.617,13715.0,17.05
2922730,Nova Fátima - BA,2022,346.784,7967.0,22.97
2922755,Nova Ibiá - BA,2022,203.198,6501.0,31.99
2922805,Nova Itarana - BA,2022,475.381,7780.0,16.37
2922854,Nova Redenção - BA,2022,565.356,7538.0,13.33
2922904,Nova Soure - BA,2022,966.993,24236.0,25.06
2923001,Nova Viçosa - BA,2022,1316.379,39509.0,30.01
2923035,Novo Horizonte - BA,2022,627.5,11162.0,17.79
2923050,Novo Triunfo - BA,2022,278.487,10660.0,38.28
2923100,Olindina - BA,2022,637.317,22633.0,35.51
2923209,Oliveira dos Brejinhos - BA,2022,3313.418,20715.0,6.25
2923308,Ouriçangas - BA,2022,156.982,7716.0,49.15
2923357,Ourolândia - BA,2022,1544.988,19243.0,12.46
2923407,Palmas de Monte Alto - BA,2022,2560.027,20078.0,7.84
2923506,Palmeiras - BA,2022,737.454,10339.0,14.02
2923605,Paramirim - BA,2022,1087.06,20351.0,18.72
2923704,Paratinga - BA,2022,2624.998,29252.0,11.14
2923803,Paripiranga - BA,2022,442.186,26604.0,60.16
2923902,Pau Brasil - BA,2022,626.306,9370.0,14.96
2924009,Paulo Afonso - BA,2022,1544.388,112870.0,73.08
2924058,Pé de Serra - BA,2022,596.771,13243.0,22.19
2924108,Pedrão - BA,2022,158.488,6235.0,39.34
2924207,Pedro Alexandre - BA,2022,889.572,13954.0,15.69
2924306,Piatã - BA,2022,1825.857,20086.0,11.0
2924405,Pilão Arcado - BA,2022,11597.923,35357.0,3.05
2924504,Pindaí - BA,2022,628.468,14731.0,23.44
2924603,Pindobaçu - BA,2022,495.845,19083.0,38.49
2924652,Pintadas - BA,2022,647.144,10325.0,15.95
2924678,Piraí do Norte - BA,2022,193.427,10974.0,56.73
2924702,Piripá - BA,2022,511.756,9152.0,17.88
2924801,Piritiba - BA,2022,980.328,17566.0,17.92
2924900,Planaltino - BA,2022,955.454,8022.0,8.4
2925006,Planalto - BA,2022,769.0,23334.0,30.34
2925105,Poções - BA,2022,937.855,48293.0,51.49
2925204,Pojuca - BA,2022,314.932,32136.0,102.04
2925253,Ponto Novo - BA,2022,530.144,17938.0,33.84
2925303,Porto Seguro - BA,2022,2285.734,168326.0,73.64
2925402,Potiraguá - BA,2022,1111.567,10274.0,9.24
2925501,Prado - BA,2022,1692.1,35003.0,20.69
2925600,Presidente Dutra - BA,2022,232.064,15130.0,65.2
2925709,Presidente Jânio Quadros - BA,2022,1208.549,12621.0,10.44
2925758,Presidente Tancredo Neves - BA,2022,441.82,27734.0,62.77
2925808,Queimadas - BA,2022,2011.06,25988.0,12.92
2925907,Quijingue - BA,2022,1380.798,25272.0,18.3
2925931,Quixabeira - BA,2022,366.387,9461.0,25.82
2925956,Rafael Jambeiro - BA,2022,1090.552,19662.0,18.03
2926004,Remanso - BA,2022,4573.505,40586.0,8.87
2926103,Retirolândia - BA,2022,242.329,13651.0,56.33
2926202,Riachão das Neves - BA,2022,5977.931,21642.0,3.62
2926301,Riachão do Jacuípe - BA,2022,1155.418,33386.0,28.9
2926400,Riacho de Santana - BA,2022,3183.911,30711.0,9.65
2926509,Ribeira do Amparo - BA,2022,644.229,13841.0,21.48
2926608,Ribeira do Pombal - BA,2022,1252.144,54010.0,43.13
2926657,Ribeirão do Largo - BA,2022,1363.7,9740.0,7.14
2926707,Rio de Contas - BA,2022,1115.252,13184.0,11.82
2926806,Rio do Antônio - BA,2022,777.903,13146.0,16.9
2926905,Rio do Pires - BA,2022,656.223,10497.0,16.0
2927002,Rio Real - BA,2022,739.775,35362.0,47.8
2927101,Rodelas - BA,2022,2207.159,10308.0,4.67
2927200,Ruy Barbosa - BA,2022,1991.772,28282.0,14.2
2927309,Salinas da Margarida - BA,2022,150.569,14987.0,99.54
2927408,Salvador - BA,2022,693.442,2417678.0,3486.49
2927507,Santa Bárbara - BA,2022,347.021,20952.0,60.38
2927606,Santa Brígida - BA,2022,934.461,14965.0,16.01
2927705,Santa Cruz Cabrália - BA,2022,1462.942,29185.0,19.95
2927804,Santa Cruz da Vitória - BA,2022,284.083,4681.0,16.48
2927903,Santa Inês - BA,2022,379.27,10300.0,27.16
2928000,Santaluz - BA,2022,1623.445,37834.0,23.3
2928059,Santa Luzia - BA,2022,824.473,13896.0,16.85
2928109,Santa Maria da Vitória - BA,2022,1984.91,38604.0,19.45
2928208,Santana - BA,2022,1909.353,24755.0,12.97
2928307,Santanópolis - BA,2022,222.686,8716.0,39.14
2928406,Santa Rita de Cássia - BA,2022,6030.491,27390.0,4.54
2928505,Santa Terezinha - BA,2022,719.257,10441.0,14.52
2928604,Santo Amaro - BA,2022,494.502,56012.0,113.27
2928703,Santo Antônio de Jesus - BA,2022,261.74,103055.0,393.73
2928802,Santo Estêvão - BA,2022,360.334,52276.0,145.08
2928901,São Desidério - BA,2022,15156.712,32828.0,2.17
2928950,São Domingos - BA,2022,289.963,8426.0,29.06
2929008,São Félix - BA,2022,103.226,11026.0,106.81
2929057,São Félix do Coribe - BA,2022,1751.671,15194.0,8.67
2929107,São Felipe - BA,2022,222.407,20283.0,91.2
2929206,São Francisco do Conde - BA,2022,269.715,38733.0,143.61
2929255,São Gabriel - BA,2022,1146.054,18600.0,16.23
2929305,São Gonçalo dos Campos - BA,2022,294.768,39513.0,134.05
2929354,São José da Vitória - BA,2022,127.925,5315.0,41.55
2929370,São José do Jacuípe - BA,2022,362.365,10187.0,28.11
2929404,São Miguel das Matas - BA,2022,230.906,10334.0,44.75
2929503,São Sebastião do Passé - BA,2022,536.678,40958.0,76.32
2929602,Sapeaçu - BA,2022,131.218,17963.0,136.89
2929701,Sátiro Dias - BA,2022,949.223,16008.0,16.86
2929750,Saubara - BA,2022,166.428,11438.0,68.73
2929800,Saúde - BA,2022,509.098,10478.0,20.58
2929909,Seabra - BA,2022,2402.17,46160.0,19.22
2930006,Sebastião Laranjeiras - BA,2022,1984.511,9360.0,4.72
2930105,Senhor do Bonfim - BA,2022,789.361,74523.0,94.41
2930154,Serra do Ramalho - BA,2022,2340.684,34222.0,14.62
2930204,Sento Sé - BA,2022,11980.172,38154.0,3.18
2930303,Serra Dourada - BA,2022,1592.245,17066.0,10.72
2930402,Serra Preta - BA,2022,595.297,17996.0,30.23
2930501,Serrinha - BA,2022,583.314,80435.0,137.89
2930600,Serrolândia - BA,2022,322.022,13335.0,41.41
2930709,Simões Filho - BA,2022,201.528,114559.0,568.45
2930758,Sítio do Mato - BA,2022,1627.806,13408.0,8.24
2930766,Sítio do Quinto - BA,2022,684.089,14773.0,21.6
2930774,Sobradinho - BA,2022,1355.972,25475.0,18.79
2930808,Souto Soares - BA,2022,1026.634,17054.0,16.61
2930907,Tabocas do Brejo Velho - BA,2022,1437.189,11979.0,8.34
2931004,Tanhaçu - BA,2022,1277.514,21006.0,16.44
2931053,Tanque Novo - BA,2022,729.516,17158.0,23.52
2931103,Tanquinho - BA,2022,243.839,7717.0,31.65
2931202,Taperoá - BA,2022,454.081,18044.0,39.74
2931301,Tapiramutá - BA,2022,714.691,15818.0,22.13
2931350,Teixeira de Freitas - BA,2022,1165.622,145216.0,124.58
2931400,Teodoro Sampaio - BA,2022,244.613,7110.0,29.07
2931509,Teofilândia - BA,2022,351.892,21176.0,60.18
2931608,Teolândia - BA,2022,289.782,15332.0,52.91
2931707,Terra Nova - BA,2022,193.241,10798.0,55.88
2931806,Tremedal - BA,2022,2010.316,16296.0,8.11
2931905,Tucano - BA,2022,2198.237,48736.0,22.17
2932002,Uauá - BA,2022,3060.116,24665.0,8.06
2932101,Ubaíra - BA,2022,659.08,18626.0,28.26
2932200,Ubaitaba - BA,2022,181.102,17596.0,97.16
2932309,Ubatã - BA,2022,177.643,16094.0,90.6
2932408,Uibaí - BA,2022,545.298,13432.0,24.63
2932457,Umburanas - BA,2022,1775.633,13642.0,7.68
2932507,Una - BA,2022,1126.733,18131.0,16.09
2932606,Urandi - BA,2022,902.402,15355.0,17.02
2932705,Uruçuca - BA,2022,510.098,21420.0,41.99
2932804,Utinga - BA,2022,633.76,16277.0,25.68
2932903,Valença - BA,2022,1123.975,85655.0,76.21
2933000,Valente - BA,2022,394.877,24362.0,61.7
2933059,Várzea da Roça - BA,2022,468.407,13800.0,29.46
2933109,Várzea do Poço - BA,2022,206.478,8101.0,39.23
2933158,Várzea Nova - BA,2022,1225.892,13377.0,10.91
2933174,Varzedo - BA,2022,221.399,9913.0,44.77
2933208,Vera Cruz - BA,2022,297.537,42529.0,142.94
2933257,Vereda - BA,2022,782.159,6003.0,7.67
2933307,Vitória da Conquista - BA,2022,3254.186,370879.0,113.97
2933406,Wagner - BA,2022,522.37,9503.0,18.19
2933455,Wanderley - BA,2022,2920.579,12968.0,4.44
2933505,Wenceslau Guimarães - BA,2022,655.057,24474.0,37.36
2933604,Xique-Xique - BA,2022,5079.662,44757.0,8.81
3100104,Abadia dos Dourados - MG,2022,880.461,6272.0,7.12
3100203,Abaeté - MG,2022,1817.067,22675.0,12.48
3100302,Abre Campo - MG,2022,470.551,13927.0,29.6
3100401,Acaiaca - MG,2022,101.886,3909.0,38.37
3100500,Açucena - MG,2022,815.422,8943.0,10.97
3100609,Água Boa - MG,2022,1320.344,12589.0,9.53
3100708,Água Comprida - MG,2022,492.167,2108.0,4.28
3100807,Aguanil - MG,2022,232.091,4357.0,18.77
3100906,Águas Formosas - MG,2022,820.079,18448.0,22.5
3101003,Águas Vermelhas - MG,2022,1256.607,14037.0,11.17
3101102,Aimorés - MG,2022,1348.913,25269.0,18.73
3101201,Aiuruoca - MG,2022,649.68,6233.0,9.59
3101300,Alagoa - MG,2022,161.356,2749.0,17.04
3101409,Albertina - MG,2022,58.01,2952.0,50.89
3101508,Além Paraíba - MG,2022,510.25,30717.0,60.2
3101607,Alfenas - MG,2022,850.446,78970.0,92.86
3101631,Alfredo Vasconcelos - MG,2022,130.815,6931.0,52.98
3101706,Almenara - MG,2022,2294.426,40364.0,17.59
3101805,Alpercata - MG,2022,166.972,6903.0,41.34
3101904,Alpinópolis - MG,2022,460.685,18300.0,39.72
3102001,Alterosa - MG,2022,362.01,13915.0,38.44
3102050,Alto Caparaó - MG,2022,103.69,5795.0,55.89
3102100,Alto Rio Doce - MG,2022,518.053,10891.0,21.02
3102209,Alvarenga - MG,2022,278.175,3975.0,14.29
3102308,Alvinópolis - MG,2022,599.443,15059.0,25.12
3102407,Alvorada de Minas - MG,2022,374.008,4159.0,11.12
3102506,Amparo do Serra - MG,2022,136.186,4541.0,33.34
3102605,Andradas - MG,2022,469.396,40553.0,86.39
3102704,Cachoeira de Pajeú - MG,2022,695.672,9110.0,13.1
3102803,Andrelândia - MG,2022,1005.285,11927.0,11.86
3102852,Angelândia - MG,2022,185.211,7718.0,41.67
3102902,Antônio Carlos - MG,2022,529.915,11095.0,20.94
3103009,Antônio Dias - MG,2022,787.061,9219.0,11.71
3103108,Antônio Prado de Minas - MG,2022,83.802,1538.0,18.35
3103207,Araçaí - MG,2022,187.538,2181.0,11.63
3103306,Aracitaba - MG,2022,106.608,2049.0,19.22
3103405,Araçuaí - MG,2022,2236.279,34297.0,15.34
3103504,Araguari - MG,2022,2729.777,117808.0,43.16
3103603,Arantina - MG,2022,89.42,2915.0,32.6
3103702,Araponga - MG,2022,303.793,8048.0,26.49
3103751,Araporã - MG,2022,294.354,8479.0,28.81
3103801,Arapuá - MG,2022,173.894,2631.0,15.13
3103900,Araújos - MG,2022,245.522,9199.0,37.47
3104007,Araxá - MG,2022,1164.062,111691.0,95.95
3104106,Arceburgo - MG,2022,162.875,9177.0,56.34
3104205,Arcos - MG,2022,509.873,41416.0,81.23
3104304,Areado - MG,2022,283.124,13881.0,49.03
3104403,Argirita - MG,2022,159.378,2688.0,16.87
3104452,Aricanduva - MG,2022,243.329,4719.0,19.39
3104502,Arinos - MG,2022,5279.419,17272.0,3.27
3104601,Astolfo Dutra - MG,2022,158.891,14138.0,88.98
3104700,Ataléia - MG,2022,1836.925,13736.0,7.48
3104809,Augusto de Lima - MG,2022,1254.832,4538.0,3.62
3104908,Baependi - MG,2022,750.554,18366.0,24.47
3105004,Baldim - MG,2022,556.266,7492.0,13.47
3105103,Bambuí - MG,2022,1455.819,23546.0,16.17
3105202,Bandeira - MG,2022,483.789,4741.0,9.8
3105301,Bandeira do Sul - MG,2022,47.266,5943.0,125.74
3105400,Barão de Cocais - MG,2022,340.14,30778.0,90.49
3105509,Barão do Monte Alto - MG,2022,198.313,4964.0,25.03
3105608,Barbacena - MG,2022,759.186,125317.0,165.07
3105707,Barra Longa - MG,2022,383.628,5666.0,14.77
3105905,Barroso - MG,2022,82.07,20080.0,244.67
3106002,Bela Vista de Minas - MG,2022,109.143,10167.0,93.15
3106101,Belmiro Braga - MG,2022,393.086,3244.0,8.25
3106200,Belo Horizonte - MG,2022,331.354,2315560.0,6988.18
3106309,Belo Oriente - MG,2022,334.909,23928.0,71.45
3106408,Belo Vale - MG,2022,365.923,8627.0,23.58
3106507,Berilo - MG,2022,587.106,9826.0,16.74
3106606,Bertópolis - MG,2022,427.803,4451.0,10.4
3106655,Berizal - MG,2022,488.756,4201.0,8.6
3106705,Betim - MG,2022,344.062,411846.0,1197.01
3106804,Bias Fortes - MG,2022,283.535,3361.0,11.85
3106903,Bicas - MG,2022,140.082,13978.0,99.78
3107000,Biquinhas - MG,2022,458.948,2383.0,5.19
3107109,Boa Esperança - MG,2022,860.669,39848.0,46.3
3107208,Bocaina de Minas - MG,2022,503.77,5348.0,10.62
3107307,Bocaiúva - MG,2022,3206.757,48032.0,14.98
3107406,Bom Despacho - MG,2022,1213.546,51737.0,42.63
3107505,Bom Jardim de Minas - MG,2022,412.021,6783.0,16.46
3107604,Bom Jesus da Penha - MG,2022,208.349,4474.0,21.47
3107703,Bom Jesus do Amparo - MG,2022,195.611,5631.0,28.79
3107802,Bom Jesus do Galho - MG,2022,592.289,14536.0,24.54
3107901,Bom Repouso - MG,2022,229.845,12649.0,55.03
3108008,Bom Sucesso - MG,2022,705.046,17151.0,24.33
3108107,Bonfim - MG,2022,301.865,7434.0,24.63
3108206,Bonfinópolis de Minas - MG,2022,1850.487,5528.0,2.99
3108255,Bonito de Minas - MG,2022,3936.455,10204.0,2.59
3108305,Borda da Mata - MG,2022,301.108,17404.0,57.8
3108404,Botelhos - MG,2022,334.089,14828.0,44.38
3108503,Botumirim - MG,2022,1568.884,5790.0,3.69
3108552,Brasilândia de Minas - MG,2022,2509.694,15020.0,5.98
3108602,Brasília de Minas - MG,2022,1399.484,32025.0,22.88
3108701,Brás Pires - MG,2022,223.351,4260.0,19.07
3108800,Braúnas - MG,2022,378.318,4441.0,11.74
3108909,Brazópolis - MG,2022,367.688,14246.0,38.74
3109006,Brumadinho - MG,2022,639.434,38915.0,60.86
3109105,Bueno Brandão - MG,2022,356.15,10911.0,30.64
3109204,Buenópolis - MG,2022,1599.881,9150.0,5.72
3109253,Bugre - MG,2022,161.491,4041.0,25.02
3109303,Buritis - MG,2022,5225.186,24030.0,4.6
3109402,Buritizeiro - MG,2022,7218.401,23910.0,3.31
3109451,Cabeceira Grande - MG,2022,1033.055,6627.0,6.41
3109501,Cabo Verde - MG,2022,368.206,11410.0,30.99
3109600,Cachoeira da Prata - MG,2022,61.381,3693.0,60.17
3109709,Cachoeira de Minas - MG,2022,304.243,11883.0,39.06
3109808,Cachoeira Dourada - MG,2022,203.07,2315.0,11.4
3109907,Caetanópolis - MG,2022,156.039,11435.0,73.28
3110004,Caeté - MG,2022,542.531,38776.0,71.47
3110103,Caiana - MG,2022,106.465,5304.0,49.82
3110202,Cajuri - MG,2022,83.038,4088.0,49.23
3110301,Caldas - MG,2022,711.414,14217.0,19.98
3110400,Camacho - MG,2022,223.001,2838.0,12.73
3110509,Camanducaia - MG,2022,528.688,26097.0,49.36
3110608,Cambuí - MG,2022,244.567,29536.0,120.77
3110707,Cambuquira - MG,2022,246.38,12313.0,49.98
3110806,Campanário - MG,2022,442.398,2923.0,6.61
3110905,Campanha - MG,2022,335.587,15935.0,47.48
3111002,Campestre - MG,2022,577.843,20696.0,35.82
3111101,Campina Verde - MG,2022,3650.749,18011.0,4.93
3111150,Campo Azul - MG,2022,505.914,3714.0,7.34
3111200,Campo Belo - MG,2022,528.225,52277.0,98.97
3111309,Campo do Meio - MG,2022,275.426,11377.0,41.31
3111408,Campo Florido - MG,2022,1264.245,8466.0,6.7
3111507,Campos Altos - MG,2022,710.645,12979.0,18.26
3111606,Campos Gerais - MG,2022,769.504,26105.0,33.92
3111705,Canaã - MG,2022,174.9,4715.0,26.96
3111804,Canápolis - MG,2022,843.599,10608.0,12.57
3111903,Cana Verde - MG,2022,212.721,5272.0,24.78
3112000,Candeias - MG,2022,720.512,14001.0,19.43
3112059,Cantagalo - MG,2022,141.855,3974.0,28.01
3112109,Caparaó - MG,2022,130.694,5048.0,38.62
3112208,Capela Nova - MG,2022,111.073,4362.0,39.27
3112307,Capelinha - MG,2022,965.292,39626.0,41.05
3112406,Capetinga - MG,2022,297.937,6562.0,22.02
3112505,Capim Branco - MG,2022,95.333,10663.0,111.85
3112604,Capinópolis - MG,2022,620.716,14655.0,23.61
3112653,Capitão Andrade - MG,2022,279.088,4585.0,16.43
3112703,Capitão Enéas - MG,2022,971.576,14108.0,14.52
3112802,Capitólio - MG,2022,521.802,10380.0,19.89
3112901,Caputira - MG,2022,187.704,8936.0,47.61
3113008,Caraí - MG,2022,1242.345,19548.0,15.73
3113107,Caranaíba - MG,2022,159.95,2933.0,18.34
3113206,Carandaí - MG,2022,487.28,23812.0,48.87
3113305,Carangola - MG,2022,353.404,31240.0,88.4
3113404,Caratinga - MG,2022,1258.479,87360.0,69.42
3113503,Carbonita - MG,2022,1456.095,8512.0,5.85
3113602,Careaçu - MG,2022,181.009,6816.0,37.66
3113701,Carlos Chagas - MG,2022,3202.984,18615.0,5.81
3113800,Carmésia - MG,2022,259.103,2605.0,10.05
3113909,Carmo da Cachoeira - MG,2022,506.333,11547.0,22.81
3114006,Carmo da Mata - MG,2022,357.178,11019.0,30.85
3114105,Carmo de Minas - MG,2022,322.285,13797.0,42.81
3114204,Carmo do Cajuru - MG,2022,455.808,23479.0,51.51
3114303,Carmo do Paranaíba - MG,2022,1307.862,29011.0,22.18
3114402,Carmo do Rio Claro - MG,2022,1065.685,20954.0,19.66
3114501,Carmópolis de Minas - MG,2022,400.01,18003.0,45.01
3114550,Carneirinho - MG,2022,2063.462,9422.0,4.57
3114600,Carrancas - MG,2022,727.894,4049.0,5.56
3114709,Carvalhópolis - MG,2022,81.101,3341.0,41.2
3114808,Carvalhos - MG,2022,282.254,4422.0,15.67
3114907,Casa Grande - MG,2022,157.727,2214.0,14.04
3115003,Cascalho Rico - MG,2022,367.308,2712.0,7.38
3115102,Cássia - MG,2022,665.802,17155.0,25.77
3115201,Conceição da Barra de Minas - MG,2022,273.014,3560.0,13.04
3115300,Cataguases - MG,2022,491.767,66261.0,134.74
3115359,Catas Altas - MG,2022,240.042,5473.0,22.8
3115409,Catas Altas da Noruega - MG,2022,141.622,3110.0,21.96
3115458,Catuji - MG,2022,419.38,7030.0,16.76
3115474,Catuti - MG,2022,287.812,4739.0,16.47
3115508,Caxambu - MG,2022,100.483,21056.0,209.55
3115607,Cedro do Abaeté - MG,2022,283.211,1081.0,3.82
3115706,Central de Minas - MG,2022,204.328,6171.0,30.2
3115805,Centralina - MG,2022,322.385,10207.0,31.66
3115904,Chácara - MG,2022,152.807,3075.0,20.12
3116001,Chalé - MG,2022,212.674,6075.0,28.56
3116100,Chapada do Norte - MG,2022,830.833,10337.0,12.44
3116159,Chapada Gaúcha - MG,2022,3255.189,12355.0,3.8
3116209,Chiador - MG,2022,252.852,2800.0,11.07
3116308,Cipotânea - MG,2022,153.479,5581.0,36.36
3116407,Claraval - MG,2022,227.627,4658.0,20.46
3116506,Claro dos Poções - MG,2022,720.424,7166.0,9.95
3116605,Cláudio - MG,2022,630.706,30159.0,47.82
3116704,Coimbra - MG,2022,106.875,7117.0,66.59
3116803,Coluna - MG,2022,348.492,8163.0,23.42
3116902,Comendador Gomes - MG,2022,1041.047,2773.0,2.66
3117009,Comercinho - MG,2022,654.961,6660.0,10.17
3117108,Conceição da Aparecida - MG,2022,352.521,10371.0,29.42
3117207,Conceição das Pedras - MG,2022,102.206,2772.0,27.12
3117306,Conceição das Alagoas - MG,2022,1340.25,28381.0,21.18
3117405,Conceição de Ipanema - MG,2022,253.935,4409.0,17.36
3117504,Conceição do Mato Dentro - MG,2022,1720.04,23163.0,13.47
3117603,Conceição do Pará - MG,2022,250.306,5415.0,21.63
3117702,Conceição do Rio Verde - MG,2022,369.681,12541.0,33.92
3117801,Conceição dos Ouros - MG,2022,180.236,10880.0,60.37
3117836,Cônego Marinho - MG,2022,1610.47,7237.0,4.49
3117876,Confins - MG,2022,42.355,7350.0,173.53
3117900,Congonhal - MG,2022,205.125,11083.0,54.03
3118007,Congonhas - MG,2022,304.067,52890.0,173.94
3118106,Congonhas do Norte - MG,2022,405.671,4831.0,11.91
3118205,Conquista - MG,2022,618.363,6694.0,10.83
3118304,Conselheiro Lafaiete - MG,2022,370.246,131621.0,355.5
3118403,Conselheiro Pena - MG,2022,1483.883,20824.0,14.03
3118502,Consolação - MG,2022,89.122,1563.0,17.54
3118601,Contagem - MG,2022,194.746,621863.0,3193.2
3118700,Coqueiral - MG,2022,296.163,9023.0,30.47
3118809,Coração de Jesus - MG,2022,2225.216,25377.0,11.4
3118908,Cordisburgo - MG,2022,823.654,7547.0,9.16
3119005,Cordislândia - MG,2022,179.543,3200.0,17.82
3119104,Corinto - MG,2022,2525.397,23532.0,9.32
3119203,Coroaci - MG,2022,576.274,10884.0,18.89
3119302,Coromandel - MG,2022,3313.313,28894.0,8.72
3119401,Coronel Fabriciano - MG,2022,221.252,104736.0,473.38
3119500,Coronel Murta - MG,2022,815.413,8200.0,10.06
3119609,Coronel Pacheco - MG,2022,131.511,2762.0,21.0
3119708,Coronel Xavier Chaves - MG,2022,140.954,3486.0,24.73
3119807,Córrego Danta - MG,2022,657.425,2960.0,4.5
3119906,Córrego do Bom Jesus - MG,2022,123.651,4272.0,34.55
3119955,Córrego Fundo - MG,2022,101.112,6133.0,60.66
3120003,Córrego Novo - MG,2022,205.385,2875.0,14.0
3120102,Couto de Magalhães de Minas - MG,2022,485.654,4245.0,8.74
3120151,Crisólita - MG,2022,966.202,5265.0,5.45
3120201,Cristais - MG,2022,628.434,12197.0,19.41
3120300,Cristália - MG,2022,840.702,5121.0,6.09
3120409,Cristiano Otoni - MG,2022,132.872,4667.0,35.12
3120508,Cristina - MG,2022,311.33,10374.0,33.32
3120607,Crucilândia - MG,2022,167.164,5434.0,32.51
3120706,Cruzeiro da Fortaleza - MG,2022,187.446,3521.0,18.78
3120805,Cruzília - MG,2022,522.419,15362.0,29.41
3120839,Cuparaque - MG,2022,226.75,3983.0,17.57
3120870,Curral de Dentro - MG,2022,570.95,7406.0,12.97
3120904,Curvelo - MG,2022,3296.2,80665.0,24.47
3121001,Datas - MG,2022,310.099,5465.0,17.62
3121100,Delfim Moreira - MG,2022,408.473,7952.0,19.47
3121209,Delfinópolis - MG,2022,1378.423,8393.0,6.09
3121258,Delta - MG,2022,102.784,10494.0,102.1
3121308,Descoberto - MG,2022,213.168,4928.0,23.12
3121407,Desterro de Entre Rios - MG,2022,377.165,7653.0,20.29
3121506,Desterro do Melo - MG,2022,142.279,2994.0,21.04
3121605,Diamantina - MG,2022,3891.659,47702.0,12.26
3121704,Diogo de Vasconcelos - MG,2022,165.091,3549.0,21.5
3121803,Dionísio - MG,2022,339.375,6847.0,20.18
3121902,Divinésia - MG,2022,116.97,4226.0,36.13
3122009,Divino - MG,2022,337.776,20706.0,61.3
3122108,Divino das Laranjeiras - MG,2022,342.249,4178.0,12.21
3122207,Divinolândia de Minas - MG,2022,133.12,6516.0,48.95
3122306,Divinópolis - MG,2022,708.115,231091.0,326.35
3122355,Divisa Alegre - MG,2022,117.802,6321.0,53.66
3122405,Divisa Nova - MG,2022,216.955,5851.0,26.97
3122454,Divisópolis - MG,2022,572.926,10213.0,17.83
3122470,Dom Bosco - MG,2022,817.383,3697.0,4.52
3122504,Dom Cavati - MG,2022,59.52,4904.0,82.39
3122603,Dom Joaquim - MG,2022,398.793,4899.0,12.28
3122702,Dom Silvério - MG,2022,194.972,5228.0,26.81
3122801,Dom Viçoso - MG,2022,113.921,3095.0,27.17
3122900,Dona Euzébia - MG,2022,70.231,6093.0,86.76
3123007,Dores de Campos - MG,2022,124.842,10007.0,80.16
3123106,Dores de Guanhães - MG,2022,382.124,5029.0,13.16
3123205,Dores do Indaiá - MG,2022,1111.202,12630.0,11.37
3123304,Dores do Turvo - MG,2022,231.169,4987.0,21.57
3123403,Doresópolis - MG,2022,152.912,1461.0,9.55
3123502,Douradoquara - MG,2022,312.878,1829.0,5.85
3123528,Durandé - MG,2022,217.461,7817.0,35.95
3123601,Elói Mendes - MG,2022,499.537,26336.0,52.72
3123700,Engenheiro Caldas - MG,2022,187.058,13622.0,72.82
3123809,Engenheiro Navarro - MG,2022,608.306,6354.0,10.45
3123858,Entre Folhas - MG,2022,85.39,5179.0,60.65
3123908,Entre Rios de Minas - MG,2022,456.796,14746.0,32.28
3124005,Ervália - MG,2022,357.489,20255.0,56.66
3124104,Esmeraldas - MG,2022,909.727,85598.0,94.09
3124203,Espera Feliz - MG,2022,317.638,24102.0,75.88
3124302,Espinosa - MG,2022,1868.97,30443.0,16.29
3124401,Espírito Santo do Dourado - MG,2022,263.879,6611.0,25.05
3124500,Estiva - MG,2022,243.872,11502.0,47.16
3124609,Estrela Dalva - MG,2022,131.365,2186.0,16.64
3124708,Estrela do Indaiá - MG,2022,635.981,2772.0,4.36
3124807,Estrela do Sul - MG,2022,822.454,6840.0,8.32
3124906,Eugenópolis - MG,2022,309.395,10801.0,34.91
3125002,Ewbank da Câmara - MG,2022,103.834,3875.0,37.32
3125101,Extrema - MG,2022,244.575,53482.0,218.67
3125200,Fama - MG,2022,86.024,2578.0,29.97
3125309,Faria Lemos - MG,2022,165.224,3188.0,19.3
3125408,Felício dos Santos - MG,2022,357.622,5133.0,14.35
3125507,São Gonçalo do Rio Preto - MG,2022,314.458,3032.0,9.64
3125606,Felisburgo - MG,2022,596.215,6489.0,10.88
3125705,Felixlândia - MG,2022,1554.627,13978.0,8.99
3125804,Fernandes Tourinho - MG,2022,151.875,2789.0,18.36
3125903,Ferros - MG,2022,1088.791,9590.0,8.81
3125952,Fervedouro - MG,2022,357.683,10445.0,29.2
3126000,Florestal - MG,2022,194.242,8045.0,41.42
3126109,Formiga - MG,2022,1501.915,68248.0,45.44
3126208,Formoso - MG,2022,3686.004,7949.0,2.16
3126307,Fortaleza de Minas - MG,2022,218.792,3477.0,15.89
3126406,Fortuna de Minas - MG,2022,198.709,3093.0,15.57
3126505,Francisco Badaró - MG,2022,461.481,7366.0,15.96
3126604,Francisco Dumont - MG,2022,1576.128,4503.0,2.86
3126703,Francisco Sá - MG,2022,2747.295,23476.0,8.55
3126752,Franciscópolis - MG,2022,717.087,5034.0,7.02
3126802,Frei Gaspar - MG,2022,626.672,5640.0,9.0
3126901,Frei Inocêncio - MG,2022,469.557,8226.0,17.52
3126950,Frei Lagonegro - MG,2022,167.474,3391.0,20.25
3127008,Fronteira - MG,2022,199.987,14540.0,72.7
3127057,Fronteira dos Vales - MG,2022,320.757,4345.0,13.55
3127073,Fruta de Leite - MG,2022,762.837,4647.0,6.09
3127107,Frutal - MG,2022,2426.965,58588.0,24.14
3127206,Funilândia - MG,2022,199.797,4686.0,23.45
3127305,Galiléia - MG,2022,720.303,6222.0,8.64
3127339,Gameleiras - MG,2022,1733.203,4793.0,2.77
3127354,Glaucilândia - MG,2022,145.861,2928.0,20.07
3127370,Goiabeira - MG,2022,112.443,2830.0,25.17
3127388,Goianá - MG,2022,152.039,4053.0,26.66
3127404,Gonçalves - MG,2022,187.353,4727.0,25.23
3127503,Gonzaga - MG,2022,209.348,5230.0,24.98
3127602,Gouveia - MG,2022,866.601,11331.0,13.08
3127701,Governador Valadares - MG,2022,2342.376,257171.0,109.79
3127800,Grão Mogol - MG,2022,3885.294,13901.0,3.58
3127909,Grupiara - MG,2022,193.141,1392.0,7.21
3128006,Guanhães - MG,2022,1075.124,32244.0,29.99
3128105,Guapé - MG,2022,934.345,13772.0,14.74
3128204,Guaraciaba - MG,2022,348.596,9753.0,27.98
3128253,Guaraciama - MG,2022,390.263,5051.0,12.94
3128303,Guaranésia - MG,2022,294.828,19150.0,64.95
3128402,Guarani - MG,2022,264.194,7714.0,29.2
3128501,Guarará - MG,2022,88.655,3149.0,35.52
3128600,Guarda-Mor - MG,2022,2068.808,6539.0,3.16
3128709,Guaxupé - MG,2022,286.398,50911.0,177.76
3128808,Guidoval - MG,2022,158.375,7131.0,45.03
3128907,Guimarânia - MG,2022,366.833,8478.0,23.11
3129004,Guiricema - MG,2022,293.578,7778.0,26.49
3129103,Gurinhatã - MG,2022,1849.137,5192.0,2.81
3129202,Heliodora - MG,2022,153.95,6134.0,39.84
3129301,Iapu - MG,2022,340.994,12030.0,35.28
3129400,Ibertioga - MG,2022,346.24,5198.0,15.01
3129509,Ibiá - MG,2022,2704.132,22229.0,8.22
3129608,Ibiaí - MG,2022,874.76,6286.0,7.19
3129657,Ibiracatu - MG,2022,353.257,5081.0,14.38
3129707,Ibiraci - MG,2022,562.095,10948.0,19.48
3129806,Ibirité - MG,2022,72.395,170537.0,2355.65
3129905,Ibitiúra de Minas - MG,2022,68.316,3365.0,49.26
3130002,Ibituruna - MG,2022,153.106,2698.0,17.62
3130051,Icaraí de Minas - MG,2022,625.664,10677.0,17.07
3130101,Igarapé - MG,2022,110.942,45847.0,413.25
3130200,Igaratinga - MG,2022,218.343,10830.0,49.6
3130309,Iguatama - MG,2022,628.2,6826.0,10.87
3130408,Ijaci - MG,2022,105.246,7003.0,66.54
3130507,Ilicínea - MG,2022,376.341,12741.0,33.85
3130556,Imbé de Minas - MG,2022,196.735,6986.0,35.51
3130606,Inconfidentes - MG,2022,149.611,7301.0,48.8
3130655,Indaiabira - MG,2022,1004.149,6346.0,6.32
3130705,Indianópolis - MG,2022,830.03,6171.0,7.43
3130804,Ingaí - MG,2022,305.591,2580.0,8.44
3130903,Inhapim - MG,2022,858.024,22692.0,26.45
3131000,Inhaúma - MG,2022,244.996,6239.0,25.47
3131109,Inimutaba - MG,2022,527.06,7371.0,13.99
3131158,Ipaba - MG,2022,113.246,17136.0,151.32
3131208,Ipanema - MG,2022,456.641,19522.0,42.75
3131307,Ipatinga - MG,2022,164.884,227731.0,1381.16
3131406,Ipiaçu - MG,2022,466.02,3775.0,8.1
3131505,Ipuiúna - MG,2022,298.195,9135.0,30.63
3131604,Iraí de Minas - MG,2022,356.264,7180.0,20.15
3131703,Itabira - MG,2022,1253.704,113343.0,90.41
3131802,Itabirinha - MG,2022,209.034,10362.0,49.57
3131901,Itabirito - MG,2022,544.027,53365.0,98.09
3132008,Itacambira - MG,2022,1788.445,4252.0,2.38
3132107,Itacarambi - MG,2022,1225.273,17208.0,14.04
3132206,Itaguara - MG,2022,410.468,13846.0,33.73
3132305,Itaipé - MG,2022,480.829,10463.0,21.76
3132404,Itajubá - MG,2022,294.835,93073.0,315.68
3132503,Itamarandiba - MG,2022,2735.573,32948.0,12.04
3132602,Itamarati de Minas - MG,2022,94.568,3690.0,39.02
3132701,Itambacuri - MG,2022,1419.209,21042.0,14.83
3132800,Itambé do Mato Dentro - MG,2022,380.34,2142.0,5.63
3132909,Itamogi - MG,2022,243.714,10770.0,44.19
3133006,Itamonte - MG,2022,431.792,14786.0,34.24
3133105,Itanhandu - MG,2022,143.363,15236.0,106.28
3133204,Itanhomi - MG,2022,488.843,11128.0,22.76
3133303,Itaobim - MG,2022,679.024,19151.0,28.2
3133402,Itapagipe - MG,2022,1802.438,13690.0,7.6
3133501,Itapecerica - MG,2022,1040.519,21046.0,20.23
3133600,Itapeva - MG,2022,177.347,12692.0,71.57
3133709,Itatiaiuçu - MG,2022,295.145,12966.0,43.93
3133758,Itaú de Minas - MG,2022,153.421,14406.0,93.9
3133808,Itaúna - MG,2022,495.769,97669.0,197.01
3133907,Itaverava - MG,2022,284.22,5642.0,19.85
3134004,Itinga - MG,2022,1649.622,13745.0,8.33
3134103,Itueta - MG,2022,452.676,6055.0,13.38
3134202,Ituiutaba - MG,2022,2598.046,102217.0,39.34
3134301,Itumirim - MG,2022,234.802,6638.0,28.27
3134400,Iturama - MG,2022,1404.663,38295.0,27.26
3134509,Itutinga - MG,2022,372.018,4217.0,11.34
3134608,Jaboticatubas - MG,2022,1114.972,20406.0,18.3
3134707,Jacinto - MG,2022,1393.609,11042.0,7.92
3134806,Jacuí - MG,2022,409.229,7495.0,18.31
3134905,Jacutinga - MG,2022,347.667,25525.0,73.42
3135001,Jaguaraçu - MG,2022,163.76,3092.0,18.88
3135050,Jaíba - MG,2022,2635.467,37660.0,14.29
3135076,Jampruca - MG,2022,517.095,4296.0,8.31
3135100,Janaúba - MG,2022,2181.319,70699.0,32.41
3135209,Januária - MG,2022,6661.588,65150.0,9.78
3135308,Japaraíba - MG,2022,172.141,4506.0,26.18
3135357,Japonvar - MG,2022,375.181,8127.0,21.66
3135407,Jeceaba - MG,2022,236.25,6197.0,26.23
3135456,Jenipapo de Minas - MG,2022,284.453,6100.0,21.44
3135506,Jequeri - MG,2022,547.897,12419.0,22.67
3135605,Jequitaí - MG,2022,1268.443,6484.0,5.11
3135704,Jequitibá - MG,2022,445.03,5883.0,13.22
3135803,Jequitinhonha - MG,2022,3514.216,24007.0,6.83
3135902,Jesuânia - MG,2022,153.852,5138.0,33.4
3136009,Joaíma - MG,2022,1664.19,13888.0,8.35
3136108,Joanésia - MG,2022,233.292,4329.0,18.56
3136207,João Monlevade - MG,2022,99.158,80187.0,808.68
3136306,João Pinheiro - MG,2022,10727.097,46801.0,4.36
3136405,Joaquim Felício - MG,2022,790.935,3854.0,4.87
3136504,Jordânia - MG,2022,546.705,10304.0,18.85
3136520,José Gonçalves de Minas - MG,2022,381.332,3969.0,10.41
3136553,José Raydan - MG,2022,180.822,4268.0,23.6
3136579,Josenópolis - MG,2022,541.393,3630.0,6.7
3136603,Nova União - MG,2022,172.131,5909.0,34.33
3136652,Juatuba - MG,2022,97.017,30716.0,316.6
3136702,Juiz de Fora - MG,2022,1435.749,540756.0,376.64
3136801,Juramento - MG,2022,431.63,3768.0,8.73
3136900,Juruaia - MG,2022,220.353,11084.0,50.3
3136959,Juvenília - MG,2022,1064.692,5789.0,5.44
3137007,Ladainha - MG,2022,866.29,14383.0,16.6
3137106,Lagamar - MG,2022,1474.562,6631.0,4.5
3137205,Lagoa da Prata - MG,2022,439.984,51412.0,116.85
3137304,Lagoa dos Patos - MG,2022,600.547,3313.0,5.52
3137403,Lagoa Dourada - MG,2022,476.693,12769.0,26.79
3137502,Lagoa Formosa - MG,2022,840.92,18904.0,22.48
3137536,Lagoa Grande - MG,2022,1236.301,8969.0,7.25
3137601,Lagoa Santa - MG,2022,229.409,75145.0,327.56
3137700,Lajinha - MG,2022,431.92,20835.0,48.24
3137809,Lambari - MG,2022,213.11,20414.0,95.79
3137908,Lamim - MG,2022,118.602,3184.0,26.85
3138005,Laranjal - MG,2022,204.882,5963.0,29.1
3138104,Lassance - MG,2022,3204.217,7124.0,2.22
3138203,Lavras - MG,2022,564.744,104761.0,185.5
3138302,Leandro Ferreira - MG,2022,352.005,3199.0,9.09
3138351,Leme do Prado - MG,2022,280.036,4341.0,15.5
3138401,Leopoldina - MG,2022,943.077,51145.0,54.23
3138500,Liberdade - MG,2022,401.337,4737.0,11.8
3138609,Lima Duarte - MG,2022,848.564,17221.0,20.29
3138625,Limeira do Oeste - MG,2022,1317.153,8687.0,6.6
3138658,Lontra - MG,2022,258.925,8790.0,33.95
3138674,Luisburgo - MG,2022,145.418,6956.0,47.83
3138682,Luislândia - MG,2022,411.714,6210.0,15.08
3138708,Luminárias - MG,2022,500.143,5586.0,11.17
3138807,Luz - MG,2022,1171.659,17875.0,15.26
3138906,Machacalis - MG,2022,332.378,6487.0,19.52
3139003,Machado - MG,2022,585.958,37684.0,64.31
3139102,Madre de Deus de Minas - MG,2022,492.909,5191.0,10.53
3139201,Malacacheta - MG,2022,727.886,17516.0,24.06
3139250,Mamonas - MG,2022,284.365,5997.0,21.09
3139300,Manga - MG,2022,1950.184,18886.0,9.68
3139409,Manhuaçu - MG,2022,628.318,91886.0,146.24
3139508,Manhumirim - MG,2022,182.9,20613.0,112.7
3139607,Mantena - MG,2022,685.208,26535.0,38.73
3139706,Maravilhas - MG,2022,261.604,7333.0,28.03
3139805,Mar de Espanha - MG,2022,371.6,12721.0,34.23
3139904,Maria da Fé - MG,2022,202.898,14247.0,70.22
3140001,Mariana - MG,2022,1194.208,61387.0,51.4
3140100,Marilac - MG,2022,158.809,4224.0,26.6
3140159,Mário Campos - MG,2022,35.196,15900.0,451.76
3140209,Maripá de Minas - MG,2022,77.338,3387.0,43.79
3140308,Marliéria - MG,2022,545.813,4592.0,8.41
3140407,Marmelópolis - MG,2022,107.902,3200.0,29.66
3140506,Martinho Campos - MG,2022,1058.418,14003.0,13.23
3140530,Martins Soares - MG,2022,113.268,8396.0,74.13
3140555,Mata Verde - MG,2022,227.539,9112.0,40.05
3140605,Materlândia - MG,2022,280.53,3963.0,14.13
3140704,Mateus Leme - MG,2022,301.383,37841.0,125.56
3140803,Matias Barbosa - MG,2022,157.066,14121.0,89.9
3140852,Matias Cardoso - MG,2022,1940.598,8895.0,4.58
3140902,Matipó - MG,2022,266.99,18552.0,69.49
3141009,Mato Verde - MG,2022,472.245,12038.0,25.49
3141108,Matozinhos - MG,2022,252.453,37618.0,149.01
3141207,Matutina - MG,2022,260.957,3814.0,14.62
3141306,Medeiros - MG,2022,946.437,3900.0,4.12
3141405,Medina - MG,2022,1435.903,20156.0,14.04
3141504,Mendes Pimentel - MG,2022,305.507,5606.0,18.35
3141603,Mercês - MG,2022,348.271,10373.0,29.78
3141702,Mesquita - MG,2022,274.938,5040.0,18.33
3141801,Minas Novas - MG,2022,1812.398,24405.0,13.47
3141900,Minduri - MG,2022,219.774,3741.0,17.02
3142007,Mirabela - MG,2022,723.278,13651.0,18.87
3142106,Miradouro - MG,2022,301.672,8968.0,29.73
3142205,Miraí - MG,2022,320.695,13633.0,42.51
3142254,Miravânia - MG,2022,602.128,3985.0,6.62
3142304,Moeda - MG,2022,155.112,5125.0,33.04
3142403,Moema - MG,2022,202.705,7548.0,37.24
3142502,Monjolos - MG,2022,650.911,2169.0,3.33
3142601,Monsenhor Paulo - MG,2022,216.54,8340.0,38.51
3142700,Montalvânia - MG,2022,1503.755,14060.0,9.35
3142809,Monte Alegre de Minas - MG,2022,2595.957,20170.0,7.77
3142908,Monte Azul - MG,2022,1001.296,20328.0,20.3
3143005,Monte Belo - MG,2022,421.283,13046.0,30.97
3143104,Monte Carmelo - MG,2022,1343.035,47692.0,35.51
3143153,Monte Formoso - MG,2022,385.553,4381.0,11.36
3143203,Monte Santo de Minas - MG,2022,594.632,20890.0,35.13
3143302,Montes Claros - MG,2022,3589.811,414240.0,115.39
3143401,Monte Sião - MG,2022,291.594,24089.0,82.61
3143450,Montezuma - MG,2022,1130.419,6888.0,6.09
3143500,Morada Nova de Minas - MG,2022,2084.275,9067.0,4.35
3143609,Morro da Garça - MG,2022,414.772,2411.0,5.81
3143708,Morro do Pilar - MG,2022,477.548,3133.0,6.56
3143807,Munhoz - MG,2022,191.564,7451.0,38.9
3143906,Muriaé - MG,2022,841.693,104108.0,123.69
3144003,Mutum - MG,2022,1250.824,27635.0,22.09
3144102,Muzambinho - MG,2022,409.948,21891.0,53.4
3144201,Nacip Raydan - MG,2022,233.493,2459.0,10.53
3144300,Nanuque - MG,2022,1518.166,35038.0,23.08
3144359,Naque - MG,2022,127.173,6303.0,49.56
3144375,Natalândia - MG,2022,468.66,3520.0,7.51
3144409,Natércia - MG,2022,188.719,4691.0,24.86
3144508,Nazareno - MG,2022,341.453,8179.0,23.95
3144607,Nepomuceno - MG,2022,582.553,25018.0,42.95
3144656,Ninheira - MG,2022,1108.255,10588.0,9.55
3144672,Nova Belém - MG,2022,146.775,3151.0,21.47
3144706,Nova Era - MG,2022,361.926,17438.0,48.18
3144805,Nova Lima - MG,2022,429.313,111697.0,260.18
3144904,Nova Módica - MG,2022,375.973,3663.0,9.74
3145000,Nova Ponte - MG,2022,1111.011,14598.0,13.14
3145059,Nova Porteirinha - MG,2022,120.943,6706.0,55.45
3145109,Nova Resende - MG,2022,390.152,16387.0,42.0
3145208,Nova Serrana - MG,2022,282.472,105552.0,373.67
3145307,Novo Cruzeiro - MG,2022,1702.981,26975.0,15.84
3145356,Novo Oriente de Minas - MG,2022,755.151,10275.0,13.61
3145372,Novorizonte - MG,2022,271.61,4571.0,16.83
3145406,Olaria - MG,2022,178.242,1945.0,10.91
3145455,Olhos-d'Água - MG,2022,2092.078,5385.0,2.57
3145505,Olímpio Noronha - MG,2022,54.633,2555.0,46.77
3145604,Oliveira - MG,2022,897.294,39262.0,43.76
3145703,Oliveira Fortes - MG,2022,111.13,2027.0,18.24
3145802,Onça de Pitangui - MG,2022,246.976,2969.0,12.02
3145851,Oratórios - MG,2022,89.068,4917.0,55.21
3145877,Orizânia - MG,2022,121.8,8437.0,69.27
3145901,Ouro Branco - MG,2022,258.726,38724.0,149.67
3146008,Ouro Fino - MG,2022,533.714,32094.0,60.13
3146107,Ouro Preto - MG,2022,1245.865,74821.0,60.06
3146206,Ouro Verde de Minas - MG,2022,175.482,5757.0,32.81
3146255,Padre Carvalho - MG,2022,446.275,5058.0,11.33
3146305,Padre Paraíso - MG,2022,544.375,17334.0,31.84
3146404,Paineiras - MG,2022,637.309,4224.0,6.63
3146503,Pains - MG,2022,421.862,8142.0,19.3
3146552,Pai Pedro - MG,2022,839.805,5551.0,6.61
3146602,Paiva - MG,2022,58.419,1474.0,25.23
3146701,Palma - MG,2022,316.476,5707.0,18.03
3146750,Palmópolis - MG,2022,433.154,6301.0,14.55
3146909,Papagaios - MG,2022,553.577,13920.0,25.15
3147006,Paracatu - MG,2022,8231.029,94023.0,11.42
3147105,Pará de Minas - MG,2022,551.247,97139.0,176.22
3147204,Paraguaçu - MG,2022,424.296,21723.0,51.2
3147303,Paraisópolis - MG,2022,331.238,20445.0,61.72
3147402,Paraopeba - MG,2022,625.623,24107.0,38.53
3147501,Passabém - MG,2022,94.183,1600.0,16.99
3147600,Passa Quatro - MG,2022,277.221,15515.0,55.97
3147709,Passa Tempo - MG,2022,429.172,8473.0,19.74
3147808,Passa Vinte - MG,2022,246.565,2233.0,9.06
3147907,Passos - MG,2022,1338.07,111939.0,83.66
3147956,Patis - MG,2022,444.196,4837.0,10.89
3148004,Patos de Minas - MG,2022,3190.456,159235.0,49.91
3148103,Patrocínio - MG,2022,2874.344,89826.0,31.25
3148202,Patrocínio do Muriaé - MG,2022,108.246,5576.0,51.51
3148301,Paula Cândido - MG,2022,268.321,8659.0,32.27
3148400,Paulistas - MG,2022,220.564,4389.0,19.9
3148509,Pavão - MG,2022,601.19,8047.0,13.39
3148608,Peçanha - MG,2022,996.646,17446.0,17.5
3148707,Pedra Azul - MG,2022,1594.651,24410.0,15.31
3148756,Pedra Bonita - MG,2022,173.928,7320.0,42.09
3148806,Pedra do Anta - MG,2022,173.168,3311.0,19.12
3148905,Pedra do Indaiá - MG,2022,347.92,4112.0,11.82
3149002,Pedra Dourada - MG,2022,69.99,2757.0,39.39
3149101,Pedralva - MG,2022,217.989,10760.0,49.36
3149150,Pedras de Maria da Cruz - MG,2022,1525.648,10433.0,6.84
3149200,Pedrinópolis - MG,2022,357.891,3344.0,9.34
3149309,Pedro Leopoldo - MG,2022,292.831,62580.0,213.71
3149408,Pedro Teixeira - MG,2022,112.959,1810.0,16.02
3149507,Pequeri - MG,2022,90.833,3351.0,36.89
3149606,Pequi - MG,2022,203.991,4155.0,20.37
3149705,Perdigão - MG,2022,249.322,12268.0,49.21
3149804,Perdizes - MG,2022,2451.112,17151.0,7.0
3149903,Perdões - MG,2022,270.657,21384.0,79.01
3149952,Periquito - MG,2022,228.907,6553.0,28.63
3150000,Pescador - MG,2022,317.463,3570.0,11.25
3150109,Piau - MG,2022,192.196,2796.0,14.55
3150158,Piedade de Caratinga - MG,2022,109.345,8529.0,78.0
3150208,Piedade de Ponte Nova - MG,2022,83.733,3976.0,47.48
3150307,Piedade do Rio Grande - MG,2022,322.814,4604.0,14.26
3150406,Piedade dos Gerais - MG,2022,259.638,5019.0,19.33
3150505,Pimenta - MG,2022,414.969,8563.0,20.64
3150539,Pingo-d'Água - MG,2022,66.57,4706.0,70.69
3150570,Pintópolis - MG,2022,1228.736,7084.0,5.77
3150604,Piracema - MG,2022,280.335,6700.0,23.9
3150703,Pirajuba - MG,2022,337.98,5537.0,16.38
3150802,Piranga - MG,2022,658.812,17018.0,25.83
3150901,Piranguçu - MG,2022,203.619,6041.0,29.67
3151008,Piranguinho - MG,2022,124.803,9120.0,73.08
3151107,Pirapetinga - MG,2022,190.681,11077.0,58.09
3151206,Pirapora - MG,2022,549.514,55606.0,101.19
3151305,Piraúba - MG,2022,144.289,11610.0,80.46
3151404,Pitangui - MG,2022,569.636,26685.0,46.85
3151503,Piumhi - MG,2022,902.468,36062.0,39.96
3151602,Planura - MG,2022,317.52,11145.0,35.1
3151701,Poço Fundo - MG,2022,474.244,16390.0,34.56
3151800,Poços de Caldas - MG,2022,546.958,163742.0,299.37
3151909,Pocrane - MG,2022,691.066,8350.0,12.08
3152006,Pompéu - MG,2022,2551.074,31047.0,12.17
3152105,Ponte Nova - MG,2022,470.643,57776.0,122.76
3152131,Ponto Chique - MG,2022,602.799,3747.0,6.22
3152170,Ponto dos Volantes - MG,2022,1212.413,10883.0,8.98
3152204,Porteirinha - MG,2022,1749.683,37438.0,21.4
3152303,Porto Firme - MG,2022,284.777,10569.0,37.11
3152402,Poté - MG,2022,625.111,13666.0,21.86
3152501,Pouso Alegre - MG,2022,542.797,152217.0,280.43
3152600,Pouso Alto - MG,2022,263.034,6566.0,24.96
3152709,Prados - MG,2022,264.115,9048.0,34.26
3152808,Prata - MG,2022,4847.544,28342.0,5.85
3152907,Pratápolis - MG,2022,215.516,8406.0,39.0
3153004,Pratinha - MG,2022,622.478,3559.0,5.72
3153103,Presidente Bernardes - MG,2022,236.798,4850.0,20.48
3153202,Presidente Juscelino - MG,2022,695.882,3465.0,4.98
3153301,Presidente Kubitschek - MG,2022,189.235,3071.0,16.23
3153400,Presidente Olegário - MG,2022,3503.848,18765.0,5.36
3153509,Alto Jequitibá - MG,2022,152.272,8397.0,55.14
3153608,Prudente de Morais - MG,2022,124.189,11466.0,92.33
3153707,Quartel Geral - MG,2022,556.436,3179.0,5.71
3153806,Queluzito - MG,2022,153.56,1770.0,11.53
3153905,Raposos - MG,2022,72.228,16279.0,225.38
3154002,Raul Soares - MG,2022,763.364,23423.0,30.68
3154101,Recreio - MG,2022,234.296,11007.0,46.98
3154150,Reduto - MG,2022,151.859,7848.0,51.68
3154200,Resende Costa - MG,2022,618.312,11230.0,18.16
3154309,Resplendor - MG,2022,1081.796,17226.0,15.92
3154408,Ressaquinha - MG,2022,183.062,4548.0,24.84
3154457,Riachinho - MG,2022,1719.266,6863.0,3.99
3154507,Riacho dos Machados - MG,2022,1315.54,8756.0,6.66
3154606,Ribeirão das Neves - MG,2022,155.105,329794.0,2126.26
3154705,Ribeirão Vermelho - MG,2022,49.251,4080.0,82.84
3154804,Rio Acima - MG,2022,228.394,10261.0,44.93
3154903,Rio Casca - MG,2022,384.381,12789.0,33.27
3155009,Rio Doce - MG,2022,112.094,2484.0,22.16
3155108,Rio do Prado - MG,2022,479.815,4639.0,9.67
3155207,Rio Espera - MG,2022,238.602,5429.0,22.75
3155306,Rio Manso - MG,2022,231.54,5568.0,24.05
3155405,Rio Novo - MG,2022,209.31,8518.0,40.7
3155504,Rio Paranaíba - MG,2022,1352.353,14532.0,10.75
3155603,Rio Pardo de Minas - MG,2022,3117.675,28271.0,9.07
3155702,Rio Piracicaba - MG,2022,373.037,14631.0,39.22
3155801,Rio Pomba - MG,2022,252.418,17443.0,69.1
3155900,Rio Preto - MG,2022,348.046,5141.0,14.77
3156007,Rio Vermelho - MG,2022,986.561,12641.0,12.81
3156106,Ritápolis - MG,2022,404.805,4994.0,12.34
3156205,Rochedo de Minas - MG,2022,79.402,2291.0,28.85
3156304,Rodeiro - MG,2022,72.673,8664.0,119.22
3156403,Romaria - MG,2022,407.557,3386.0,8.31
3156452,Rosário da Limeira - MG,2022,111.156,4734.0,42.59
3156502,Rubelita - MG,2022,1110.295,5679.0,5.11
3156601,Rubim - MG,2022,965.174,10298.0,10.67
3156700,Sabará - MG,2022,302.453,129380.0,427.77
3156809,Sabinópolis - MG,2022,919.811,14240.0,15.48
3156908,Sacramento - MG,2022,3073.268,26670.0,8.68
3157005,Salinas - MG,2022,1862.117,40178.0,21.58
3157104,Salto da Divisa - MG,2022,938.008,6110.0,6.51
3157203,Santa Bárbara - MG,2022,684.505,30466.0,44.51
3157252,Santa Bárbara do Leste - MG,2022,107.402,8458.0,78.75
3157278,Santa Bárbara do Monte Verde - MG,2022,417.925,3095.0,7.41
3157302,Santa Bárbara do Tugúrio - MG,2022,194.564,4208.0,21.63
3157336,Santa Cruz de Minas - MG,2022,3.565,8109.0,2274.61
3157377,Santa Cruz de Salinas - MG,2022,589.607,3910.0,6.63
3157401,Santa Cruz do Escalvado - MG,2022,258.726,4673.0,18.06
3157500,Santa Efigênia de Minas - MG,2022,131.965,4039.0,30.61
3157609,Santa Fé de Minas - MG,2022,2917.448,3522.0,1.21
3157658,Santa Helena de Minas - MG,2022,276.433,5938.0,21.48
3157708,Santa Juliana - MG,2022,723.784,15734.0,21.74
3157807,Santa Luzia - MG,2022,235.205,219132.0,931.66
3157906,Santa Margarida - MG,2022,255.73,16395.0,64.11
3158003,Santa Maria de Itabira - MG,2022,597.441,10485.0,17.55
3158102,Santa Maria do Salto - MG,2022,440.605,4755.0,10.79
3158201,Santa Maria do Suaçuí - MG,2022,624.047,12788.0,20.49
3158300,Santana da Vargem - MG,2022,172.444,6691.0,38.8
3158409,Santana de Cataguases - MG,2022,161.486,3489.0,21.61
3158508,Santana de Pirapama - MG,2022,1255.832,7030.0,5.6
3158607,Santana do Deserto - MG,2022,182.655,3747.0,20.51
3158706,Santana do Garambéu - MG,2022,203.074,2137.0,10.52
3158805,Santana do Jacaré - MG,2022,106.169,4214.0,39.69
3158904,Santana do Manhuaçu - MG,2022,347.362,8987.0,25.87
3158953,Santana do Paraíso - MG,2022,276.067,44800.0,162.28
3159001,Santana do Riacho - MG,2022,677.207,5313.0,7.85
3159100,Santana dos Montes - MG,2022,196.565,3469.0,17.65
3159209,Santa Rita de Caldas - MG,2022,503.011,8460.0,16.82
3159308,Santa Rita de Jacutinga - MG,2022,420.94,4755.0,11.3
3159357,Santa Rita de Minas - MG,2022,68.153,6773.0,99.38
3159407,Santa Rita de Ibitipoca - MG,2022,324.234,3301.0,10.18
3159506,Santa Rita do Itueto - MG,2022,485.081,5826.0,12.01
3159605,Santa Rita do Sapucaí - MG,2022,352.969,40635.0,115.12
3159704,Santa Rosa da Serra - MG,2022,284.334,3382.0,11.89
3159803,Santa Vitória - MG,2022,2998.364,20973.0,6.99
3159902,Santo Antônio do Amparo - MG,2022,488.885,17285.0,35.36
3160009,Santo Antônio do Aventureiro - MG,2022,202.032,3769.0,18.66
3160108,Santo Antônio do Grama - MG,2022,130.213,4229.0,32.48
3160207,Santo Antônio do Itambé - MG,2022,305.737,3915.0,12.81
3160306,Santo Antônio do Jacinto - MG,2022,503.706,10327.0,20.5
3160405,Santo Antônio do Monte - MG,2022,1125.78,27295.0,24.25
3160454,Santo Antônio do Retiro - MG,2022,796.29,6629.0,8.32
3160504,Santo Antônio do Rio Abaixo - MG,2022,107.269,1808.0,16.85
3160603,Santo Hipólito - MG,2022,430.656,2717.0,6.31
3160702,Santos Dumont - MG,2022,637.373,42406.0,66.53
3160801,São Bento Abade - MG,2022,80.403,4713.0,58.62
3160900,São Brás do Suaçuí - MG,2022,110.019,3989.0,36.26
3160959,São Domingos das Dores - MG,2022,60.865,5626.0,92.43
3161007,São Domingos do Prata - MG,2022,743.768,17392.0,23.38
3161056,São Félix de Minas - MG,2022,162.56,3200.0,19.69
3161106,São Francisco - MG,2022,3308.1,52762.0,15.95
3161205,São Francisco de Paula - MG,2022,316.822,6187.0,19.53
3161304,São Francisco de Sales - MG,2022,1128.864,5732.0,5.08
3161403,São Francisco do Glória - MG,2022,164.613,4800.0,29.16
3161502,São Geraldo - MG,2022,185.578,10282.0,55.41
3161601,São Geraldo da Piedade - MG,2022,152.336,3305.0,21.7
3161650,São Geraldo do Baixio - MG,2022,280.954,3143.0,11.19
3161700,São Gonçalo do Abaeté - MG,2022,2692.545,7375.0,2.74
3161809,São Gonçalo do Pará - MG,2022,265.73,11770.0,44.29
3161908,São Gonçalo do Rio Abaixo - MG,2022,363.828,11850.0,32.57
3162005,São Gonçalo do Sapucaí - MG,2022,516.683,23959.0,46.37
3162104,São Gotardo - MG,2022,866.087,40910.0,47.24
3162203,São João Batista do Glória - MG,2022,547.908,7652.0,13.97
3162252,São João da Lagoa - MG,2022,998.015,4822.0,4.83
3162302,São João da Mata - MG,2022,120.536,2914.0,24.18
3162401,São João da Ponte - MG,2022,1851.102,23930.0,12.93
3162450,São João das Missões - MG,2022,678.274,13024.0,19.2
3162500,São João del Rei - MG,2022,1452.002,90225.0,62.14
3162559,São João do Manhuaçu - MG,2022,143.096,11246.0,78.59
3162575,São João do Manteninha - MG,2022,137.928,5331.0,38.65
3162609,São João do Oriente - MG,2022,120.122,7070.0,58.86
3162658,São João do Pacuí - MG,2022,415.922,3972.0,9.55
3162708,São João do Paraíso - MG,2022,1925.575,23910.0,12.42
3162807,São João Evangelista - MG,2022,478.183,15315.0,32.03
3162906,São João Nepomuceno - MG,2022,407.427,25565.0,62.75
3162922,São Joaquim de Bicas - MG,2022,71.758,34348.0,478.66
3162948,São José da Barra - MG,2022,308.319,7793.0,25.28
3162955,São José da Lapa - MG,2022,47.93,26090.0,544.34
3163003,São José da Safira - MG,2022,213.881,3806.0,17.79
3163102,São José da Varginha - MG,2022,205.501,4536.0,22.07
3163201,São José do Alegre - MG,2022,88.794,4133.0,46.55
3163300,São José do Divino - MG,2022,328.704,3464.0,10.54
3163409,São José do Goiabal - MG,2022,189.578,5396.0,28.46
3163508,São José do Jacuri - MG,2022,345.146,6197.0,17.95
3163607,São José do Mantimento - MG,2022,54.701,2753.0,50.33
3163706,São Lourenço - MG,2022,58.019,44798.0,772.13
3163805,São Miguel do Anta - MG,2022,152.111,6334.0,41.64
3163904,São Pedro da União - MG,2022,260.827,4885.0,18.73
3164001,São Pedro dos Ferros - MG,2022,402.739,7166.0,17.79
3164100,São Pedro do Suaçuí - MG,2022,308.106,5103.0,16.56
3164209,São Romão - MG,2022,2434.004,10315.0,4.24
3164308,São Roque de Minas - MG,2022,2098.867,7129.0,3.4
3164407,São Sebastião da Bela Vista - MG,2022,167.428,6387.0,38.15
3164431,São Sebastião da Vargem Alegre - MG,2022,73.629,3113.0,42.28
3164472,São Sebastião do Anta - MG,2022,80.618,6194.0,76.83
3164506,São Sebastião do Maranhão - MG,2022,517.83,10079.0,19.46
3164605,São Sebastião do Oeste - MG,2022,408.09,8815.0,21.6
3164704,São Sebastião do Paraíso - MG,2022,814.925,71796.0,88.1
3164803,São Sebastião do Rio Preto - MG,2022,128.002,1259.0,9.84
3164902,São Sebastião do Rio Verde - MG,2022,90.848,2300.0,25.32
3165008,São Tiago - MG,2022,572.4,11192.0,19.55
3165107,São Tomás de Aquino - MG,2022,277.928,6740.0,24.25
3165206,São Tomé das Letras - MG,2022,369.747,6904.0,18.67
3165305,São Vicente de Minas - MG,2022,392.651,6804.0,17.33
3165404,Sapucaí-Mirim - MG,2022,285.073,6311.0,22.14
3165503,Sardoá - MG,2022,141.904,5104.0,35.97
3165537,Sarzedo - MG,2022,62.134,36844.0,592.98
3165552,Setubinha - MG,2022,534.655,9917.0,18.55
3165560,Sem-Peixe - MG,2022,176.634,2433.0,13.77
3165578,Senador Amaral - MG,2022,151.097,6206.0,41.07
3165602,Senador Cortes - MG,2022,98.336,2240.0,22.78
3165701,Senador Firmino - MG,2022,166.495,7716.0,46.34
3165800,Senador José Bento - MG,2022,93.892,2068.0,22.03
3165909,Senador Modestino Gonçalves - MG,2022,952.055,4008.0,4.21
3166006,Senhora de Oliveira - MG,2022,170.749,5483.0,32.11
3166105,Senhora do Porto - MG,2022,381.328,3067.0,8.04
3166204,Senhora dos Remédios - MG,2022,237.815,10384.0,43.66
3166303,Sericita - MG,2022,166.012,7345.0,44.24
3166402,Seritinga - MG,2022,114.769,1819.0,15.85
3166501,Serra Azul de Minas - MG,2022,218.595,3792.0,17.35
3166600,Serra da Saudade - MG,2022,335.659,833.0,2.48
3166709,Serra dos Aimorés - MG,2022,213.574,6944.0,32.51
3166808,Serra do Salitre - MG,2022,1295.272,11801.0,9.11
3166907,Serrania - MG,2022,209.27,7621.0,36.42
3166956,Serranópolis de Minas - MG,2022,551.954,4399.0,7.97
3167004,Serranos - MG,2022,213.173,1990.0,9.34
3167103,Serro - MG,2022,1217.813,21952.0,18.03
3167202,Sete Lagoas - MG,2022,536.928,227397.0,423.51
3167301,Silveirânia - MG,2022,157.456,2323.0,14.75
3167400,Silvianópolis - MG,2022,312.166,6179.0,19.79
3167509,Simão Pereira - MG,2022,135.689,2947.0,21.72
3167608,Simonésia - MG,2022,486.543,19750.0,40.59
3167707,Sobrália - MG,2022,206.787,5137.0,24.84
3167806,Soledade de Minas - MG,2022,196.866,5613.0,28.51
3167905,Tabuleiro - MG,2022,211.084,4014.0,19.02
3168002,Taiobeiras - MG,2022,1220.046,33050.0,27.09
3168051,Taparuba - MG,2022,193.082,3387.0,17.54
3168101,Tapira - MG,2022,1179.248,4118.0,3.49
3168200,Tapiraí - MG,2022,407.92,1690.0,4.14
3168309,Taquaraçu de Minas - MG,2022,329.287,4224.0,12.83
3168408,Tarumirim - MG,2022,731.753,14709.0,20.1
3168507,Teixeiras - MG,2022,166.735,12255.0,73.5
3168606,Teófilo Otoni - MG,2022,3242.27,137418.0,42.38
3168705,Timóteo - MG,2022,144.381,81579.0,565.03
3168804,Tiradentes - MG,2022,83.047,7744.0,93.25
3168903,Tiros - MG,2022,2091.774,7883.0,3.77
3169000,Tocantins - MG,2022,173.866,16185.0,93.09
3169059,Tocos do Moji - MG,2022,114.705,3826.0,33.36
3169109,Toledo - MG,2022,136.776,7214.0,52.74
3169208,Tombos - MG,2022,285.124,8609.0,30.19
3169307,Três Corações - MG,2022,828.038,75485.0,91.16
3169356,Três Marias - MG,2022,2678.253,28895.0,10.79
3169406,Três Pontas - MG,2022,689.794,55255.0,80.1
3169505,Tumiritinga - MG,2022,500.073,5886.0,11.77
3169604,Tupaciguara - MG,2022,1822.53,25470.0,13.98
3169703,Turmalina - MG,2022,1153.111,20000.0,17.34
3169802,Turvolândia - MG,2022,221.0,4935.0,22.33
3169901,Ubá - MG,2022,407.452,103365.0,253.69
3170008,Ubaí - MG,2022,820.524,11708.0,14.27
3170057,Ubaporanga - MG,2022,189.045,13017.0,68.86
3170107,Uberaba - MG,2022,4523.957,337836.0,74.68
3170206,Uberlândia - MG,2022,4115.206,713224.0,173.31
3170305,Umburatiba - MG,2022,405.834,2684.0,6.61
3170404,Unaí - MG,2022,8445.432,86619.0,10.26
3170438,União de Minas - MG,2022,1147.407,3828.0,3.34
3170479,Uruana de Minas - MG,2022,598.221,3282.0,5.49
3170503,Urucânia - MG,2022,138.792,10600.0,76.37
3170529,Urucuia - MG,2022,2076.942,17479.0,8.42
3170578,Vargem Alegre - MG,2022,116.664,5780.0,49.54
3170602,Vargem Bonita - MG,2022,409.888,2158.0,5.26
3170651,Vargem Grande do Rio Pardo - MG,2022,491.512,4633.0,9.43
3170701,Varginha - MG,2022,395.396,136467.0,345.14
3170750,Varjão de Minas - MG,2022,651.505,6969.0,10.7
3170800,Várzea da Palma - MG,2022,2220.279,33744.0,15.2
3170909,Varzelândia - MG,2022,814.994,18840.0,23.12
3171006,Vazante - MG,2022,1913.396,19975.0,10.44
3171030,Verdelândia - MG,2022,1570.582,7672.0,4.88
3171071,Veredinha - MG,2022,631.692,5181.0,8.2
3171105,Veríssimo - MG,2022,1031.823,3411.0,3.31
3171154,Vermelho Novo - MG,2022,115.242,4899.0,42.51
3171204,Vespasiano - MG,2022,71.04,129246.0,1819.34
3171303,Viçosa - MG,2022,299.418,76430.0,255.26
3171402,Vieiras - MG,2022,112.691,3700.0,32.83
3171501,Mathias Lobato - MG,2022,172.297,3038.0,17.63
3171600,Virgem da Lapa - MG,2022,868.914,11804.0,13.58
3171709,Virgínia - MG,2022,326.515,8908.0,27.28
3171808,Virginópolis - MG,2022,439.878,10314.0,23.45
3171907,Virgolândia - MG,2022,281.022,4552.0,16.2
3172004,Visconde do Rio Branco - MG,2022,243.351,39160.0,160.92
3172103,Volta Grande - MG,2022,205.552,4443.0,21.61
3172202,Wenceslau Braz - MG,2022,102.487,2356.0,22.99
3200102,Afonso Cláudio - ES,2022,941.188,30684.0,32.6
3200136,Águia Branca - ES,2022,454.448,9711.0,21.37
3200169,Água Doce do Norte - ES,2022,473.729,12042.0,25.42
3200201,Alegre - ES,2022,756.86,29177.0,38.55
3200300,Alfredo Chaves - ES,2022,615.677,13836.0,22.47
3200359,Alto Rio Novo - ES,2022,227.617,7434.0,32.66
3200409,Anchieta - ES,2022,409.691,29984.0,73.19
3200508,Apiacá - ES,2022,193.984,7223.0,37.24
3200607,Aracruz - ES,2022,1420.285,94765.0,66.72
3200706,Atílio Vivácqua - ES,2022,232.868,10540.0,45.26
3200805,Baixo Guandu - ES,2022,909.039,30674.0,33.74
3200904,Barra de São Francisco - ES,2022,944.521,42498.0,44.99
3201001,Boa Esperança - ES,2022,428.716,13608.0,31.74
3201100,Bom Jesus do Norte - ES,2022,89.084,10254.0,115.1
3201159,Brejetuba - ES,2022,354.404,12985.0,36.64
3201209,Cachoeiro de Itapemirim - ES,2022,864.583,185786.0,214.89
3201308,Cariacica - ES,2022,279.718,353491.0,1263.74
3201407,Castelo - ES,2022,663.515,36930.0,55.66
3201506,Colatina - ES,2022,1398.219,120033.0,85.85
3201605,Conceição da Barra - ES,2022,1182.587,27458.0,23.22
3201704,Conceição do Castelo - ES,2022,369.778,11937.0,32.28
3201803,Divino de São Lourenço - ES,2022,174.039,5083.0,29.21
3201902,Domingos Martins - ES,2022,1229.21,35416.0,28.81
3202009,Dores do Rio Preto - ES,2022,159.298,6596.0,41.41
3202108,Ecoporanga - ES,2022,2285.369,21992.0,9.62
3202207,Fundão - ES,2022,286.854,18014.0,62.8
3202256,Governador Lindenberg - ES,2022,360.016,11009.0,30.58
3202306,Guaçuí - ES,2022,468.185,29358.0,62.71
3202405,Guarapari - ES,2022,589.825,124656.0,211.34
3202454,Ibatiba - ES,2022,240.278,25380.0,105.63
3202504,Ibiraçu - ES,2022,201.248,11723.0,58.25
3202553,Ibitirama - ES,2022,330.874,9520.0,28.77
3202603,Iconha - ES,2022,203.528,12326.0,60.56
3202652,Irupi - ES,2022,184.807,13710.0,74.19
3202702,Itaguaçu - ES,2022,535.021,13589.0,25.4
3202801,Itapemirim - ES,2022,550.71,39832.0,72.33
3202900,Itarana - ES,2022,295.189,10597.0,35.9
3203007,Iúna - ES,2022,460.586,28590.0,62.07
3203056,Jaguaré - ES,2022,659.751,28931.0,43.85
3203106,Jerônimo Monteiro - ES,2022,177.342,11575.0,65.27
3203130,João Neiva - ES,2022,284.735,14079.0,49.45
3203163,Laranja da Terra - ES,2022,458.37,11094.0,24.2
3203205,Linhares - ES,2022,3496.263,166786.0,47.7
3203304,Mantenópolis - ES,2022,321.418,12770.0,39.73
3203320,Marataízes - ES,2022,130.268,41929.0,321.87
3203346,Marechal Floriano - ES,2022,285.495,17641.0,61.79
3203353,Marilândia - ES,2022,327.642,12387.0,37.81
3203403,Mimoso do Sul - ES,2022,869.439,24475.0,28.15
3203502,Montanha - ES,2022,1099.06,18900.0,17.2
3203601,Mucurici - ES,2022,540.529,5466.0,10.11
3203700,Muniz Freire - ES,2022,678.804,18153.0,26.74
3203809,Muqui - ES,2022,327.268,13745.0,42.0
3203908,Nova Venécia - ES,2022,1439.571,49065.0,34.08
3204005,Pancas - ES,2022,837.842,18893.0,22.55
3204054,Pedro Canário - ES,2022,433.453,21522.0,49.65
3204104,Pinheiros - ES,2022,973.136,23915.0,24.58
3204203,Piúma - ES,2022,74.046,22300.0,301.16
3204252,Ponto Belo - ES,2022,360.11,6497.0,18.04
3204302,Presidente Kennedy - ES,2022,594.897,13696.0,23.02
3204351,Rio Bananal - ES,2022,641.929,19274.0,30.03
3204401,Rio Novo do Sul - ES,2022,204.464,11069.0,54.14
3204500,Santa Leopoldina - ES,2022,718.325,13106.0,18.25
3204559,Santa Maria de Jetibá - ES,2022,735.198,41636.0,56.63
3204609,Santa Teresa - ES,2022,683.032,22808.0,33.39
3204658,São Domingos do Norte - ES,2022,298.58,8589.0,28.77
3204708,São Gabriel da Palha - ES,2022,434.887,32252.0,74.16
3204807,São José do Calçado - ES,2022,273.489,10878.0,39.77
3204906,São Mateus - ES,2022,2346.049,123752.0,52.75
3204955,São Roque do Canaã - ES,2022,341.944,10886.0,31.84
3205002,Serra - ES,2022,547.631,520653.0,950.74
3205010,Sooretama - ES,2022,587.036,26502.0,45.15
3205036,Vargem Alta - ES,2022,417.76,19563.0,46.83
3205069,Venda Nova do Imigrante - ES,2022,185.909,23831.0,128.19
3205101,Viana - ES,2022,312.279,73423.0,235.12
3205150,Vila Pavão - ES,2022,433.257,8911.0,20.57
3205176,Vila Valério - ES,2022,470.343,13728.0,29.19
3205200,Vila Velha - ES,2022,210.225,467722.0,2224.86
3205309,Vitória - ES,2022,97.123,322869.0,3324.33
3300100,Angra dos Reis - RJ,2022,813.42,167434.0,205.84
3300159,Aperibé - RJ,2022,94.542,11034.0,116.71
3300209,Araruama - RJ,2022,638.276,129671.0,203.16
3300225,Areal - RJ,2022,110.724,11828.0,106.82
3300233,Armação dos Búzios - RJ,2022,70.977,40006.0,563.65
3300258,Arraial do Cabo - RJ,2022,152.106,30986.0,203.71
3300308,Barra do Piraí - RJ,2022,584.61,92883.0,158.88
3300407,Barra Mansa - RJ,2022,547.133,169894.0,310.52
3300456,Belford Roxo - RJ,2022,78.985,483087.0,6116.19
3300506,Bom Jardim - RJ,2022,382.43,28102.0,73.48
3300605,Bom Jesus do Itabapoana - RJ,2022,596.659,35173.0,58.95
3300704,Cabo Frio - RJ,2022,413.449,222161.0,537.34
3300803,Cachoeiras de Macacu - RJ,2022,954.749,56943.0,59.64
3300902,Cambuci - RJ,2022,558.281,14616.0,26.18
3300936,Carapebus - RJ,2022,304.885,13847.0,45.42
3300951,Comendador Levy Gasparian - RJ,2022,108.639,8741.0,80.46
3301009,Campos dos Goytacazes - RJ,2022,4032.487,483540.0,119.91
3301108,Cantagalo - RJ,2022,747.21,19390.0,25.95
3301157,Cardoso Moreira - RJ,2022,522.596,12958.0,24.8
3301207,Carmo - RJ,2022,305.749,17198.0,56.25
3301306,Casimiro de Abreu - RJ,2022,462.918,46110.0,99.61
3301405,Conceição de Macabu - RJ,2022,338.26,21104.0,62.39
3301504,Cordeiro - RJ,2022,113.048,20783.0,183.84
3301603,Duas Barras - RJ,2022,379.619,10980.0,28.92
3301702,Duque de Caxias - RJ,2022,467.319,808161.0,1729.36
3301801,Engenheiro Paulo de Frontin - RJ,2022,139.381,12242.0,87.83
3301850,Guapimirim - RJ,2022,358.443,51696.0,144.22
3301876,Iguaba Grande - RJ,2022,50.977,27920.0,547.7
3301900,Itaboraí - RJ,2022,429.961,224267.0,521.6
3302007,Itaguaí - RJ,2022,282.606,116841.0,413.44
3302056,Italva - RJ,2022,291.193,14073.0,48.33
3302106,Itaocara - RJ,2022,433.182,22919.0,52.91
3302205,Itaperuna - RJ,2022,1106.694,101041.0,91.3
3302254,Itatiaia - RJ,2022,241.035,30908.0,128.23
3302270,Japeri - RJ,2022,81.697,96289.0,1178.61
3302304,Laje do Muriaé - RJ,2022,253.53,7336.0,28.94
3302403,Macaé - RJ,2022,1216.989,246391.0,202.46
3302452,Macuco - RJ,2022,78.364,5415.0,69.1
3302502,Magé - RJ,2022,390.775,228127.0,583.78
3302601,Mangaratiba - RJ,2022,367.606,41220.0,112.13
3302700,Maricá - RJ,2022,361.572,197277.0,545.61
3302809,Mendes - RJ,2022,95.324,17502.0,183.61
3302858,Mesquita - RJ,2022,41.169,167127.0,4059.54
3302908,Miguel Pereira - RJ,2022,287.933,26582.0,92.32
3303005,Miracema - RJ,2022,303.27,26881.0,88.64
3303104,Natividade - RJ,2022,387.073,15074.0,38.94
3303203,Nilópolis - RJ,2022,19.393,146774.0,7568.4
3303302,Niterói - RJ,2022,133.757,481749.0,3601.67
3303401,Nova Friburgo - RJ,2022,935.429,189939.0,203.05
3303500,Nova Iguaçu - RJ,2022,520.581,785867.0,1509.6
3303609,Paracambi - RJ,2022,190.949,41375.0,216.68
3303708,Paraíba do Sul - RJ,2022,571.118,42063.0,73.65
3303807,Paraty - RJ,2022,924.296,45243.0,48.95
3303856,Paty do Alferes - RJ,2022,314.341,29619.0,94.23
3303906,Petrópolis - RJ,2022,791.144,278881.0,352.5
3303955,Pinheiral - RJ,2022,82.254,24298.0,295.4
3304003,Piraí - RJ,2022,490.255,27474.0,56.04
3304102,Porciúncula - RJ,2022,291.847,17288.0,59.24
3304110,Porto Real - RJ,2022,50.892,20373.0,400.32
3304128,Quatis - RJ,2022,284.826,13682.0,48.04
3304144,Queimados - RJ,2022,75.927,140523.0,1850.76
3304151,Quissamã - RJ,2022,719.643,22393.0,31.12
3304201,Resende - RJ,2022,1099.336,129612.0,117.9
3304300,Rio Bonito - RJ,2022,459.458,56276.0,122.48
3304409,Rio Claro - RJ,2022,846.797,17401.0,20.55
3304508,Rio das Flores - RJ,2022,478.783,8954.0,18.7
3304524,Rio das Ostras - RJ,2022,228.044,156491.0,686.23
3304557,Rio de Janeiro - RJ,2022,1200.329,6211223.0,5174.6
3304607,Santa Maria Madalena - RJ,2022,810.963,10232.0,12.62
3304706,Santo Antônio de Pádua - RJ,2022,603.633,41325.0,68.46
3304755,São Francisco de Itabapoana - RJ,2022,1118.037,45059.0,40.3
3304805,São Fidélis - RJ,2022,1034.833,38961.0,37.65
3304904,São Gonçalo - RJ,2022,248.16,896744.0,3613.57
3305000,São João da Barra - RJ,2022,452.396,36573.0,80.84
3305109,São João de Meriti - RJ,2022,35.216,440962.0,12521.64
3305133,São José de Ubá - RJ,2022,249.688,7070.0,28.32
3305158,São José do Vale do Rio Preto - RJ,2022,220.178,22080.0,100.28
3305208,São Pedro da Aldeia - RJ,2022,332.488,104029.0,312.88
3305307,São Sebastião do Alto - RJ,2022,397.214,7750.0,19.51
3305406,Sapucaia - RJ,2022,540.673,17729.0,32.79
3305505,Saquarema - RJ,2022,352.13,89559.0,254.34
3305554,Seropédica - RJ,2022,265.189,80596.0,303.92
3305604,Silva Jardim - RJ,2022,937.755,21352.0,22.77
3305703,Sumidouro - RJ,2022,413.407,15206.0,36.78
3305752,Tanguá - RJ,2022,143.007,31086.0,217.37
3305802,Teresópolis - RJ,2022,773.338,165123.0,213.52
3305901,Trajano de Moraes - RJ,2022,591.151,10302.0,17.43
3306008,Três Rios - RJ,2022,322.843,78346.0,242.68
3306107,Valença - RJ,2022,1300.767,68088.0,52.34
3306156,Varre-Sai - RJ,2022,201.938,10207.0,50.55
3306206,Vassouras - RJ,2022,536.073,33976.0,63.38
3306305,Volta Redonda - RJ,2022,182.105,261563.0,1436.33
3500105,Adamantina - SP,2022,411.987,34687.0,84.19
3500204,Adolfo - SP,2022,211.055,4351.0,20.62
3500303,Aguaí - SP,2022,474.554,32072.0,67.58
3500402,Águas da Prata - SP,2022,142.673,7369.0,51.65
3500501,Águas de Lindóia - SP,2022,60.126,17930.0,298.21
3500550,Águas de Santa Bárbara - SP,2022,404.463,7177.0,17.74
3500600,Águas de São Pedro - SP,2022,3.612,2780.0,769.66
3500709,Agudos - SP,2022,966.708,37680.0,38.98
3500758,Alambari - SP,2022,159.6,6141.0,38.48
3500808,Alfredo Marcondes - SP,2022,118.915,4445.0,37.38
3500907,Altair - SP,2022,313.007,3451.0,11.03
3501004,Altinópolis - SP,2022,928.956,16818.0,18.1
3501103,Alto Alegre - SP,2022,318.574,3841.0,12.06
3501152,Alumínio - SP,2022,83.619,17301.0,206.9
3501202,Álvares Florence - SP,2022,362.411,3915.0,10.8
3501301,Álvares Machado - SP,2022,347.647,27255.0,78.4
3501400,Álvaro de Carvalho - SP,2022,153.662,4808.0,31.29
3501509,Alvinlândia - SP,2022,84.879,2885.0,33.99
3501608,Americana - SP,2022,133.912,237240.0,1771.61
3501707,Américo Brasiliense - SP,2022,122.958,33019.0,268.54
3501806,Américo de Campos - SP,2022,252.876,5870.0,23.21
3501905,Amparo - SP,2022,445.323,68008.0,152.72
3502002,Analândia - SP,2022,325.953,4589.0,14.08
3502101,Andradina - SP,2022,964.226,59783.0,62.0
3502200,Angatuba - SP,2022,1027.288,24022.0,23.38
3502309,Anhembi - SP,2022,736.557,5674.0,7.7
3502408,Anhumas - SP,2022,320.84,4023.0,12.54
3502507,Aparecida - SP,2022,120.89,32569.0,269.41
3502606,Aparecida d'Oeste - SP,2022,179.004,4086.0,22.83
3502705,Apiaí - SP,2022,974.322,24585.0,25.23
3502754,Araçariguama - SP,2022,145.204,21522.0,148.22
3502804,Araçatuba - SP,2022,1167.126,200124.0,171.47
3502903,Araçoiaba da Serra - SP,2022,255.305,32443.0,127.08
3503000,Aramina - SP,2022,202.829,5420.0,26.72
3503109,Arandu - SP,2022,285.908,6885.0,24.08
3503158,Arapeí - SP,2022,156.903,2330.0,14.85
3503208,Araraquara - SP,2022,1003.625,242228.0,241.35
3503307,Araras - SP,2022,644.831,130866.0,202.95
3503356,Arco-Íris - SP,2022,264.904,2044.0,7.72
3503406,Arealva - SP,2022,506.226,8130.0,16.06
3503505,Areias - SP,2022,305.227,3577.0,11.72
3503604,Areiópolis - SP,2022,85.907,10130.0,117.92
3503703,Ariranha - SP,2022,132.624,7602.0,57.32
3503802,Artur Nogueira - SP,2022,178.026,51456.0,289.04
3503901,Arujá - SP,2022,96.167,86678.0,901.33
3503950,Aspásia - SP,2022,69.373,1842.0,26.55
3504008,Assis - SP,2022,460.609,101409.0,220.16
3504107,Atibaia - SP,2022,478.521,158647.0,331.54
3504206,Auriflama - SP,2022,434.498,13692.0,31.51
3504305,Avaí - SP,2022,540.689,4483.0,8.29
3504404,Avanhandava - SP,2022,338.37,11263.0,33.29
3504503,Avaré - SP,2022,1213.055,92805.0,76.51
3504602,Bady Bassitt - SP,2022,110.372,27260.0,246.98
3504701,Balbinos - SP,2022,91.635,3887.0,42.42
3504800,Bálsamo - SP,2022,149.881,9596.0,64.02
3504909,Bananal - SP,2022,616.429,9969.0,16.17
3505005,Barão de Antonina - SP,2022,153.142,3531.0,23.06
3505104,Barbosa - SP,2022,205.212,5640.0,27.48
3505203,Bariri - SP,2022,444.405,31595.0,71.1
3505302,Barra Bonita - SP,2022,150.121,34346.0,228.79
3505351,Barra do Chapéu - SP,2022,405.681,5179.0,12.77
3505401,Barra do Turvo - SP,2022,1007.684,6876.0,6.82
3505500,Barretos - SP,2022,1566.161,122485.0,78.21
3505609,Barrinha - SP,2022,146.025,32092.0,219.77
3505708,Barueri - SP,2022,65.701,316473.0,4816.87
3505807,Bastos - SP,2022,170.912,21503.0,125.81
3505906,Batatais - SP,2022,849.526,58402.0,68.75
3506003,Bauru - SP,2022,667.684,379146.0,567.85
3506102,Bebedouro - SP,2022,683.192,76373.0,111.79
3506201,Bento de Abreu - SP,2022,301.687,2606.0,8.64
3506300,Bernardino de Campos - SP,2022,244.158,11607.0,47.54
3506359,Bertioga - SP,2022,491.546,64188.0,130.58
3506409,Bilac - SP,2022,158.025,7319.0,46.32
3506508,Birigui - SP,2022,530.031,118979.0,224.48
3506607,Biritiba Mirim - SP,2022,317.406,29683.0,93.52
3506706,Boa Esperança do Sul - SP,2022,690.748,12978.0,18.79
3506805,Bocaina - SP,2022,363.926,11259.0,30.94
3506904,Bofete - SP,2022,653.541,10460.0,16.01
3507001,Boituva - SP,2022,248.954,61081.0,245.35
3507100,Bom Jesus dos Perdões - SP,2022,108.366,22006.0,203.07
3507159,Bom Sucesso de Itararé - SP,2022,133.578,3555.0,26.61
3507209,Borá - SP,2022,118.951,907.0,7.62
3507308,Boracéia - SP,2022,122.11,4715.0,38.61
3507407,Borborema - SP,2022,552.256,14226.0,25.76
3507456,Borebi - SP,2022,347.989,2713.0,7.8
3507506,Botucatu - SP,2022,1482.642,145155.0,97.9
3507605,Bragança Paulista - SP,2022,512.584,176811.0,344.94
3507704,Braúna - SP,2022,195.176,5356.0,27.44
3507753,Brejo Alegre - SP,2022,105.689,2565.0,24.27
3507803,Brodowski - SP,2022,278.458,25201.0,90.5
3507902,Brotas - SP,2022,1101.373,23898.0,21.7
3508009,Buri - SP,2022,1196.463,20250.0,16.92
3508108,Buritama - SP,2022,326.921,17210.0,52.64
3508207,Buritizal - SP,2022,266.42,4356.0,16.35
3508306,Cabrália Paulista - SP,2022,239.974,4299.0,17.91
3508405,Cabreúva - SP,2022,260.234,47011.0,180.65
3508504,Caçapava - SP,2022,368.99,96202.0,260.72
3508603,Cachoeira Paulista - SP,2022,287.99,31564.0,109.6
3508702,Caconde - SP,2022,468.214,17101.0,36.52
3508801,Cafelândia - SP,2022,920.28,16654.0,18.1
3508900,Caiabu - SP,2022,253.352,3712.0,14.65
3509007,Caieiras - SP,2022,97.642,95032.0,973.27
3509106,Caiuá - SP,2022,551.159,5466.0,9.92
3509205,Cajamar - SP,2022,131.386,92689.0,705.47
3509254,Cajati - SP,2022,454.436,28515.0,62.75
3509304,Cajobi - SP,2022,176.929,9133.0,51.62
3509403,Cajuru - SP,2022,660.088,23830.0,36.1
3509452,Campina do Monte Alegre - SP,2022,184.479,5954.0,32.27
3509502,Campinas - SP,2022,794.571,1139047.0,1433.54
3509601,Campo Limpo Paulista - SP,2022,79.403,77632.0,977.7
3509700,Campos do Jordão - SP,2022,289.981,46974.0,161.99
3509809,Campos Novos Paulista - SP,2022,484.199,4888.0,10.1
3509908,Cananéia - SP,2022,1237.354,12289.0,9.93
3509957,Canas - SP,2022,53.261,4931.0,92.58
3510005,Cândido Mota - SP,2022,595.811,29449.0,49.43
3510104,Cândido Rodrigues - SP,2022,70.892,2889.0,40.75
3510153,Canitar - SP,2022,57.459,6283.0,109.35
3510203,Capão Bonito - SP,2022,1640.229,46337.0,28.25
3510302,Capela do Alto - SP,2022,169.89,22866.0,134.59
3510401,Capivari - SP,2022,322.878,50068.0,155.07
3510500,Caraguatatuba - SP,2022,484.947,134873.0,278.12
3510609,Carapicuíba - SP,2022,34.546,386984.0,11201.99
3510708,Cardoso - SP,2022,639.248,11345.0,17.75
3510807,Casa Branca - SP,2022,864.225,28083.0,32.5
3510906,Cássia dos Coqueiros - SP,2022,191.683,2799.0,14.6
3511003,Castilho - SP,2022,1065.318,19977.0,18.75
3511102,Catanduva - SP,2022,290.596,115791.0,398.46
3511201,Catiguá - SP,2022,148.393,7003.0,47.19
3511300,Cedral - SP,2022,197.838,12618.0,63.78
3511409,Cerqueira César - SP,2022,511.621,21469.0,41.96
3511508,Cerquilho - SP,2022,127.803,44695.0,349.72
3511607,Cesário Lange - SP,2022,190.392,19048.0,100.05
3511706,Charqueada - SP,2022,175.846,15535.0,88.34
3511904,Clementina - SP,2022,168.59,6982.0,41.41
3512001,Colina - SP,2022,422.303,18486.0,43.77
3512100,Colômbia - SP,2022,728.648,6629.0,9.1
3512209,Conchal - SP,2022,182.793,28101.0,153.73
3512308,Conchas - SP,2022,466.12,15232.0,32.68
3512407,Cordeirópolis - SP,2022,137.579,24514.0,178.18
3512506,Coroados - SP,2022,246.825,5400.0,21.88
3512605,Coronel Macedo - SP,2022,303.83,4280.0,14.09
3512704,Corumbataí - SP,2022,278.622,4195.0,15.06
3512803,Cosmópolis - SP,2022,154.665,59773.0,386.47
3512902,Cosmorama - SP,2022,441.68,8719.0,19.74
3513009,Cotia - SP,2022,323.994,274413.0,846.97
3513108,Cravinhos - SP,2022,311.423,33281.0,106.87
3513207,Cristais Paulista - SP,2022,385.23,9272.0,24.07
3513306,Cruzália - SP,2022,149.33,2108.0,14.12
3513405,Cruzeiro - SP,2022,305.699,74961.0,245.21
3513504,Cubatão - SP,2022,142.879,112476.0,787.21
3513603,Cunha - SP,2022,1407.25,22110.0,15.71
3513702,Descalvado - SP,2022,753.706,31756.0,42.13
3513801,Diadema - SP,2022,30.732,393237.0,12795.69
3513850,Dirce Reis - SP,2022,88.133,1620.0,18.38
3513900,Divinolândia - SP,2022,223.749,11158.0,49.87
3514007,Dobrada - SP,2022,149.729,8759.0,58.5
3514106,Dois Córregos - SP,2022,632.972,24510.0,38.72
3514205,Dolcinópolis - SP,2022,77.939,2207.0,28.32
3514304,Dourado - SP,2022,205.874,8096.0,39.33
3514403,Dracena - SP,2022,487.688,45474.0,93.24
3514502,Duartina - SP,2022,264.557,12328.0,46.6
3514601,Dumont - SP,2022,111.376,9471.0,85.04
3514700,Echaporã - SP,2022,515.258,6205.0,12.04
3514809,Eldorado - SP,2022,1654.256,13069.0,7.9
3514908,Elias Fausto - SP,2022,202.36,17699.0,87.46
3514924,Elisiário - SP,2022,93.98,3138.0,33.39
3514957,Embaúba - SP,2022,83.129,2323.0,27.94
3515004,Embu das Artes - SP,2022,70.398,250691.0,3561.05
3515103,Embu-Guaçu - SP,2022,155.641,66970.0,430.29
3515129,Emilianópolis - SP,2022,225.167,3014.0,13.39
3515152,Engenheiro Coelho - SP,2022,109.941,19566.0,177.97
3515186,Espírito Santo do Pinhal - SP,2022,389.235,39816.0,102.29
3515194,Espírito Santo do Turvo - SP,2022,193.666,4157.0,21.46
3515202,Estrela d'Oeste - SP,2022,296.281,9417.0,31.78
3515301,Estrela do Norte - SP,2022,264.987,2703.0,10.2
3515350,Euclides da Cunha Paulista - SP,2022,573.894,7924.0,13.81
3515400,Fartura - SP,2022,429.171,16641.0,38.77
3515509,Fernandópolis - SP,2022,549.797,71186.0,129.48
3515608,Fernando Prestes - SP,2022,169.99,5942.0,34.95
3515657,Fernão - SP,2022,100.504,1656.0,16.48
3515707,Ferraz de Vasconcelos - SP,2022,29.547,179198.0,6064.85
3515806,Flora Rica - SP,2022,224.711,1487.0,6.62
3515905,Floreal - SP,2022,204.236,2733.0,13.38
3516002,Flórida Paulista - SP,2022,524.138,12958.0,24.72
3516101,Florínea - SP,2022,225.886,3851.0,17.05
3516200,Franca - SP,2022,605.679,352536.0,582.05
3516309,Francisco Morato - SP,2022,49.001,165139.0,3370.11
3516408,Franco da Rocha - SP,2022,132.775,144849.0,1090.94
3516507,Gabriel Monteiro - SP,2022,138.681,2763.0,19.92
3516606,Gália - SP,2022,355.914,6380.0,17.93
3516705,Garça - SP,2022,555.807,42110.0,75.76
3516804,Gastão Vidigal - SP,2022,180.569,3252.0,18.01
3516853,Gavião Peixoto - SP,2022,243.766,4702.0,19.29
3516903,General Salgado - SP,2022,494.376,10312.0,20.86
3517000,Getulina - SP,2022,676.755,10232.0,15.12
3517109,Glicério - SP,2022,272.8,4138.0,15.17
3517208,Guaiçara - SP,2022,277.154,11239.0,40.55
3517307,Guaimbê - SP,2022,217.811,5512.0,25.31
3517406,Guaíra - SP,2022,1258.465,39279.0,31.21
3517505,Guapiaçu - SP,2022,325.126,21711.0,66.78
3517604,Guapiara - SP,2022,408.292,17071.0,41.81
3517703,Guará - SP,2022,362.183,18606.0,51.37
3517802,Guaraçaí - SP,2022,569.197,7441.0,13.07
3517901,Guaraci - SP,2022,641.501,10350.0,16.13
3518008,Guarani d'Oeste - SP,2022,85.7,1968.0,22.96
3518107,Guarantã - SP,2022,461.746,6427.0,13.92
3518206,Guararapes - SP,2022,955.637,31043.0,32.48
3518305,Guararema - SP,2022,270.816,31236.0,115.34
3518404,Guaratinguetá - SP,2022,752.636,118044.0,156.84
3518503,Guareí - SP,2022,567.884,15013.0,26.44
3518602,Guariba - SP,2022,270.289,37498.0,138.73
3518701,Guarujá - SP,2022,144.794,287634.0,1986.5
3518800,Guarulhos - SP,2022,318.675,1291771.0,4053.57
3518859,Guatapará - SP,2022,413.567,7320.0,17.7
3518909,Guzolândia - SP,2022,252.477,4246.0,16.82
3519006,Herculândia - SP,2022,364.252,9125.0,25.05
3519055,Holambra - SP,2022,65.577,15094.0,230.17
3519071,Hortolândia - SP,2022,62.416,236641.0,3791.35
3519105,Iacanga - SP,2022,547.393,10437.0,19.07
3519204,Iacri - SP,2022,321.948,6131.0,19.04
3519253,Iaras - SP,2022,401.381,8010.0,19.96
3519303,Ibaté - SP,2022,290.978,32178.0,110.59
3519402,Ibirá - SP,2022,271.912,11690.0,42.99
3519501,Ibirarema - SP,2022,228.23,6385.0,27.98
3519600,Ibitinga - SP,2022,689.391,60033.0,87.08
3519709,Ibiúna - SP,2022,1058.082,75605.0,71.45
3519808,Icém - SP,2022,362.355,7819.0,21.58
3519907,Iepê - SP,2022,594.974,7619.0,12.81
3520004,Igaraçu do Tietê - SP,2022,97.747,23106.0,236.39
3520103,Igarapava - SP,2022,468.355,26212.0,55.97
3520202,Igaratá - SP,2022,292.953,10605.0,36.2
3520301,Iguape - SP,2022,1978.795,29115.0,14.71
3520400,Ilhabela - SP,2022,346.389,34934.0,100.85
3520426,Ilha Comprida - SP,2022,196.567,13419.0,68.27
3520442,Ilha Solteira - SP,2022,652.641,25549.0,39.15
3520509,Indaiatuba - SP,2022,311.545,255748.0,820.9
3520608,Indiana - SP,2022,129.367,5090.0,39.35
3520707,Indiaporã - SP,2022,279.606,4035.0,14.43
3520806,Inúbia Paulista - SP,2022,87.119,3615.0,41.49
3520905,Ipaussu - SP,2022,209.554,13712.0,65.43
3521002,Iperó - SP,2022,170.289,36459.0,214.1
3521101,Ipeúna - SP,2022,190.01,6831.0,35.95
3521150,Ipiguá - SP,2022,136.028,6761.0,49.7
3521200,Iporanga - SP,2022,1152.059,4046.0,3.51
3521309,Ipuã - SP,2022,466.461,14454.0,30.99
3521408,Iracemápolis - SP,2022,115.118,21967.0,190.82
3521507,Irapuã - SP,2022,257.612,6867.0,26.66
3521606,Irapuru - SP,2022,214.461,7085.0,33.04
3521705,Itaberá - SP,2022,1100.247,17983.0,16.34
3521804,Itaí - SP,2022,1092.884,25180.0,23.04
3521903,Itajobi - SP,2022,502.066,16989.0,33.84
3522000,Itaju - SP,2022,230.355,3618.0,15.71
3522109,Itanhaém - SP,2022,601.711,112476.0,186.93
3522158,Itaoca - SP,2022,183.015,3422.0,18.7
3522208,Itapecerica da Serra - SP,2022,150.742,158522.0,1051.61
3522307,Itapetininga - SP,2022,1789.35,157790.0,88.18
3522406,Itapeva - SP,2022,1826.258,89728.0,49.13
3522505,Itapevi - SP,2022,82.658,232297.0,2810.34
3522604,Itapira - SP,2022,518.416,72022.0,138.93
3522653,Itapirapuã Paulista - SP,2022,406.478,4306.0,10.59
3522703,Itápolis - SP,2022,996.747,39493.0,39.62
3522802,Itaporanga - SP,2022,507.997,14085.0,27.73
3522901,Itapuí - SP,2022,140.023,13659.0,97.55
3523008,Itapura - SP,2022,301.653,3979.0,13.19
3523107,Itaquaquecetuba - SP,2022,82.622,369275.0,4469.45
3523206,Itararé - SP,2022,1003.86,44438.0,44.27
3523305,Itariri - SP,2022,273.667,15528.0,56.74
3523404,Itatiba - SP,2022,322.269,121590.0,377.29
3523503,Itatinga - SP,2022,979.817,19070.0,19.46
3523602,Itirapina - SP,2022,564.603,16148.0,28.6
3523701,Itirapuã - SP,2022,161.118,5779.0,35.87
3523800,Itobi - SP,2022,138.986,8046.0,57.89
3523909,Itu - SP,2022,640.719,168240.0,262.58
3524006,Itupeva - SP,2022,200.876,70616.0,351.54
3524105,Ituverava - SP,2022,704.659,37571.0,53.32
3524204,Jaborandi - SP,2022,273.438,6221.0,22.75
3524303,Jaboticabal - SP,2022,706.602,71821.0,101.64
3524402,Jacareí - SP,2022,464.272,240275.0,517.53
3524501,Jaci - SP,2022,145.133,7613.0,52.46
3524600,Jacupiranga - SP,2022,704.189,16097.0,22.86
3524709,Jaguariúna - SP,2022,141.391,59347.0,419.74
3524808,Jales - SP,2022,368.574,48776.0,132.34
3524907,Jambeiro - SP,2022,184.413,6397.0,34.69
3525003,Jandira - SP,2022,17.449,118045.0,6765.14
3525102,Jardinópolis - SP,2022,501.87,45282.0,90.23
3525201,Jarinu - SP,2022,207.549,37535.0,180.85
3525300,Jaú - SP,2022,687.103,133497.0,194.29
3525409,Jeriquara - SP,2022,141.971,3863.0,27.21
3525508,Joanópolis - SP,2022,374.293,12815.0,34.24
3525607,João Ramalho - SP,2022,415.452,4371.0,10.52
3525706,José Bonifácio - SP,2022,860.2,36633.0,42.59
3525805,Júlio Mesquita - SP,2022,128.183,4254.0,33.19
3525854,Jumirim - SP,2022,56.685,3056.0,53.91
3525904,Jundiaí - SP,2022,431.204,443221.0,1027.87
3526001,Junqueirópolis - SP,2022,582.565,20448.0,35.1
3526100,Juquiá - SP,2022,812.799,17154.0,21.1
3526209,Juquitiba - SP,2022,522.169,27404.0,52.48
3526308,Lagoinha - SP,2022,255.472,5083.0,19.9
3526407,Laranjal Paulista - SP,2022,384.274,26261.0,68.34
3526506,Lavínia - SP,2022,537.675,9689.0,18.02
3526605,Lavrinhas - SP,2022,167.067,7171.0,42.92
3526704,Leme - SP,2022,402.871,98161.0,243.65
3526803,Lençóis Paulista - SP,2022,809.541,66505.0,82.15
3526902,Limeira - SP,2022,580.711,291869.0,502.61
3527009,Lindóia - SP,2022,48.756,7014.0,143.86
3527108,Lins - SP,2022,570.058,74779.0,131.18
3527207,Lorena - SP,2022,414.16,84855.0,204.88
3527256,Lourdes - SP,2022,113.94,1950.0,17.11
3527306,Louveira - SP,2022,55.738,51847.0,930.19
3527405,Lucélia - SP,2022,314.81,20061.0,63.72
3527504,Lucianópolis - SP,2022,189.536,2372.0,12.51
3527603,Luís Antônio - SP,2022,598.257,12265.0,20.5
3527702,Luiziânia - SP,2022,166.576,4701.0,28.22
3527801,Lupércio - SP,2022,155.171,3981.0,25.66
3527900,Lutécia - SP,2022,475.226,2661.0,5.6
3528007,Macatuba - SP,2022,224.514,16829.0,74.96
3528106,Macaubal - SP,2022,248.087,7481.0,30.15
3528205,Macedônia - SP,2022,327.567,3963.0,12.1
3528304,Magda - SP,2022,312.282,3165.0,10.14
3528403,Mairinque - SP,2022,210.149,50027.0,238.05
3528502,Mairiporã - SP,2022,320.697,93853.0,292.65
3528601,Manduri - SP,2022,229.046,9871.0,43.1
3528700,Marabá Paulista - SP,2022,919.519,4573.0,4.97
3528809,Maracaí - SP,2022,533.498,12673.0,23.75
3528858,Marapoama - SP,2022,111.267,3292.0,29.59
3528908,Mariápolis - SP,2022,186.544,3513.0,18.83
3529005,Marília - SP,2022,1170.515,237627.0,203.01
3529104,Marinópolis - SP,2022,77.827,1860.0,23.9
3529203,Martinópolis - SP,2022,1253.564,24881.0,19.85
3529302,Matão - SP,2022,524.899,79033.0,150.57
3529401,Mauá - SP,2022,61.937,418261.0,6753.01
3529500,Mendonça - SP,2022,195.151,6159.0,31.56
3529609,Meridiano - SP,2022,228.199,4572.0,20.04
3529658,Mesópolis - SP,2022,148.636,1952.0,13.13
3529708,Miguelópolis - SP,2022,820.849,19441.0,23.68
3529807,Mineiros do Tietê - SP,2022,213.242,11230.0,52.66
3529906,Miracatu - SP,2022,1001.484,18553.0,18.53
3530003,Mira Estrela - SP,2022,216.825,3126.0,14.42
3530102,Mirandópolis - SP,2022,917.694,27983.0,30.49
3530201,Mirante do Paranapanema - SP,2022,1238.931,15917.0,12.85
3530300,Mirassol - SP,2022,243.228,63337.0,260.4
3530409,Mirassolândia - SP,2022,166.125,4669.0,28.11
3530508,Mococa - SP,2022,855.156,67681.0,79.14
3530607,Mogi das Cruzes - SP,2022,712.541,451505.0,633.65
3530706,Mogi Guaçu - SP,2022,812.753,153658.0,189.06
3530805,Mogi Mirim - SP,2022,497.708,92558.0,185.97
3530904,Mombuca - SP,2022,133.698,3722.0,27.84
3531001,Monções - SP,2022,104.352,1937.0,18.56
3531100,Mongaguá - SP,2022,142.755,61951.0,433.97
3531209,Monte Alegre do Sul - SP,2022,110.308,8627.0,78.21
3531308,Monte Alto - SP,2022,346.95,47574.0,137.12
3531407,Monte Aprazível - SP,2022,495.559,22280.0,44.96
3531506,Monte Azul Paulista - SP,2022,263.462,18151.0,68.89
3531605,Monte Castelo - SP,2022,233.547,4222.0,18.08
3531704,Monteiro Lobato - SP,2022,332.742,4138.0,12.44
3531803,Monte Mor - SP,2022,240.566,64662.0,268.79
3531902,Morro Agudo - SP,2022,1388.127,27933.0,20.12
3532009,Morungaba - SP,2022,146.752,13720.0,93.49
3532058,Motuca - SP,2022,228.7,4034.0,17.64
3532108,Murutinga do Sul - SP,2022,250.873,3737.0,14.9
3532157,Nantes - SP,2022,286.647,2660.0,9.28
3532207,Narandiba - SP,2022,357.325,5713.0,15.99
3532306,Natividade da Serra - SP,2022,833.372,6999.0,8.4
3532405,Nazaré Paulista - SP,2022,326.254,18217.0,55.84
3532504,Neves Paulista - SP,2022,219.05,9699.0,44.28
3532603,Nhandeara - SP,2022,436.159,9852.0,22.59
3532702,Nipoã - SP,2022,137.609,4750.0,34.52
3532801,Nova Aliança - SP,2022,217.515,6693.0,30.77
3532827,Nova Campina - SP,2022,385.375,8497.0,22.05
3532843,Nova Canaã Paulista - SP,2022,124.473,2032.0,16.32
3532868,Nova Castilho - SP,2022,183.396,1062.0,5.79
3532900,Nova Europa - SP,2022,160.25,9311.0,58.1
3533007,Nova Granada - SP,2022,531.796,19419.0,36.52
3533106,Nova Guataporanga - SP,2022,34.158,2156.0,63.12
3533205,Nova Independência - SP,2022,265.029,4609.0,17.39
3533254,Novais - SP,2022,117.772,4412.0,37.46
3533304,Nova Luzitânia - SP,2022,73.816,2837.0,38.43
3533403,Nova Odessa - SP,2022,73.788,62019.0,840.5
3533502,Novo Horizonte - SP,2022,931.743,38324.0,41.13
3533601,Nuporanga - SP,2022,348.265,7391.0,21.22
3533700,Ocauçu - SP,2022,301.036,4331.0,14.39
3533809,Óleo - SP,2022,198.938,2512.0,12.63
3533908,Olímpia - SP,2022,802.555,55074.0,68.62
3534005,Onda Verde - SP,2022,242.946,4771.0,19.64
3534104,Oriente - SP,2022,218.668,6085.0,27.83
3534203,Orindiúva - SP,2022,247.378,6024.0,24.35
3534302,Orlândia - SP,2022,291.765,38319.0,131.34
3534401,Osasco - SP,2022,64.954,728615.0,11217.4
3534500,Oscar Bressane - SP,2022,222.13,2470.0,11.12
3534609,Osvaldo Cruz - SP,2022,248.038,31272.0,126.08
3534708,Ourinhos - SP,2022,295.818,103970.0,351.47
3534757,Ouroeste - SP,2022,288.648,10294.0,35.66
3534807,Ouro Verde - SP,2022,266.778,7779.0,29.16
3534906,Pacaembu - SP,2022,339.375,14877.0,43.84
3535002,Palestina - SP,2022,697.701,11476.0,16.45
3535101,Palmares Paulista - SP,2022,82.125,9650.0,117.5
3535200,Palmeira d'Oeste - SP,2022,318.74,8903.0,27.93
3535309,Palmital - SP,2022,548.407,19594.0,35.73
3535408,Panorama - SP,2022,356.05,14964.0,42.03
3535507,Paraguaçu Paulista - SP,2022,1001.492,41120.0,41.06
3535606,Paraibuna - SP,2022,809.576,17667.0,21.82
3535705,Paraíso - SP,2022,155.186,6099.0,39.3
3535804,Paranapanema - SP,2022,1018.724,19395.0,19.04
3535903,Paranapuã - SP,2022,140.354,4031.0,28.72
3536000,Parapuã - SP,2022,366.664,10580.0,28.85
3536109,Pardinho - SP,2022,209.894,7153.0,34.08
3536208,Pariquera-Açu - SP,2022,359.414,19233.0,53.51
3536257,Parisi - SP,2022,84.737,2892.0,34.13
3536307,Patrocínio Paulista - SP,2022,602.848,14512.0,24.07
3536406,Paulicéia - SP,2022,374.091,7955.0,21.26
3536505,Paulínia - SP,2022,138.777,110537.0,796.51
3536570,Paulistânia - SP,2022,256.178,2090.0,8.16
3536604,Paulo de Faria - SP,2022,737.986,7400.0,10.03
3536703,Pederneiras - SP,2022,727.482,44827.0,61.62
3536802,Pedra Bela - SP,2022,158.587,6557.0,41.35
3536901,Pedranópolis - SP,2022,260.101,2787.0,10.72
3537008,Pedregulho - SP,2022,712.604,15525.0,21.79
3537107,Pedreira - SP,2022,108.817,43112.0,396.19
3537156,Pedrinhas Paulista - SP,2022,152.309,2804.0,18.41
3537206,Pedro de Toledo - SP,2022,670.44,11281.0,16.83
3537305,Penápolis - SP,2022,711.315,61679.0,86.71
3537404,Pereira Barreto - SP,2022,974.247,24095.0,24.73
3537503,Pereiras - SP,2022,223.136,8737.0,39.16
3537602,Peruíbe - SP,2022,326.216,68352.0,209.53
3537701,Piacatu - SP,2022,232.488,5519.0,23.74
3537800,Piedade - SP,2022,746.868,52970.0,70.92
3537909,Pilar do Sul - SP,2022,681.248,27619.0,40.54
3538006,Pindamonhangaba - SP,2022,731.355,165428.0,226.19
3538105,Pindorama - SP,2022,184.825,14542.0,78.68
3538204,Pinhalzinho - SP,2022,154.529,15224.0,98.52
3538303,Piquerobi - SP,2022,482.769,3264.0,6.76
3538501,Piquete - SP,2022,175.996,12490.0,70.97
3538600,Piracaia - SP,2022,385.568,26029.0,67.51
3538709,Piracicaba - SP,2022,1378.069,423323.0,307.19
3538808,Piraju - SP,2022,504.591,29436.0,58.34
3538907,Pirajuí - SP,2022,823.758,22431.0,27.23
3539004,Pirangi - SP,2022,215.809,10885.0,50.44
3539103,Pirapora do Bom Jesus - SP,2022,108.489,18370.0,169.33
3539202,Pirapozinho - SP,2022,477.673,25348.0,53.07
3539301,Pirassununga - SP,2022,727.118,73545.0,101.15
3539400,Piratininga - SP,2022,402.409,15108.0,37.54
3539509,Pitangueiras - SP,2022,430.638,33674.0,78.2
3539608,Planalto - SP,2022,289.825,4389.0,15.14
3539707,Platina - SP,2022,327.48,3025.0,9.24
3539806,Poá - SP,2022,17.264,103765.0,6010.48
3539905,Poloni - SP,2022,135.12,5592.0,41.39
3540002,Pompéia - SP,2022,784.674,20196.0,25.74
3540101,Pongaí - SP,2022,183.399,3395.0,18.51
3540200,Pontal - SP,2022,356.371,37607.0,105.53
3540259,Pontalinda - SP,2022,209.525,4127.0,19.7
3540309,Pontes Gestal - SP,2022,217.505,2387.0,10.97
3540408,Populina - SP,2022,315.938,4127.0,13.06
3540507,Porangaba - SP,2022,265.689,10451.0,39.34
3540606,Porto Feliz - SP,2022,556.706,56497.0,101.48
3540705,Porto Ferreira - SP,2022,244.906,52649.0,214.98
3540754,Potim - SP,2022,44.643,20392.0,456.78
3540804,Potirendaba - SP,2022,342.492,18496.0,54.0
3540853,Pracinha - SP,2022,63.054,2578.0,40.89
3540903,Pradópolis - SP,2022,167.378,17078.0,102.03
3541000,Praia Grande - SP,2022,149.652,349935.0,2338.32
3541059,Pratânia - SP,2022,175.1,5126.0,29.27
3541109,Presidente Alves - SP,2022,286.642,3804.0,13.27
3541208,Presidente Bernardes - SP,2022,749.233,14490.0,19.34
3541307,Presidente Epitácio - SP,2022,1260.281,39505.0,31.35
3541406,Presidente Prudente - SP,2022,560.637,225668.0,402.52
3541505,Presidente Venceslau - SP,2022,755.203,35201.0,46.61
3541604,Promissão - SP,2022,779.2,35131.0,45.09
3541653,Quadra - SP,2022,205.672,3405.0,16.56
3541703,Quatá - SP,2022,651.341,13163.0,20.21
3541802,Queiroz - SP,2022,234.914,3265.0,13.9
3541901,Queluz - SP,2022,249.399,9159.0,36.72
3542008,Quintana - SP,2022,318.937,7038.0,22.07
3542107,Rafard - SP,2022,121.645,8965.0,73.7
3542206,Rancharia - SP,2022,1587.498,28588.0,18.01
3542305,Redenção da Serra - SP,2022,309.441,4494.0,14.52
3542404,Regente Feijó - SP,2022,263.28,20145.0,76.52
3542503,Reginópolis - SP,2022,410.406,7662.0,18.67
3542602,Registro - SP,2022,722.201,59947.0,83.01
3542701,Restinga - SP,2022,245.746,6404.0,26.06
3542800,Ribeira - SP,2022,335.759,3132.0,9.33
3542909,Ribeirão Bonito - SP,2022,471.553,10989.0,23.3
3543006,Ribeirão Branco - SP,2022,697.5,18627.0,26.71
3543105,Ribeirão Corrente - SP,2022,148.332,4608.0,31.07
3543204,Ribeirão do Sul - SP,2022,203.208,4677.0,23.02
3543238,Ribeirão dos Índios - SP,2022,196.446,2025.0,10.31
3543253,Ribeirão Grande - SP,2022,333.363,7450.0,22.35
3543303,Ribeirão Pires - SP,2022,98.972,115559.0,1167.59
3543402,Ribeirão Preto - SP,2022,650.916,698642.0,1073.32
3543501,Riversul - SP,2022,385.878,5599.0,14.51
3543600,Rifaina - SP,2022,162.508,4049.0,24.92
3543709,Rincão - SP,2022,316.639,9098.0,28.73
3543808,Rinópolis - SP,2022,358.481,9259.0,25.83
3543907,Rio Claro - SP,2022,498.422,201418.0,404.11
3544004,Rio das Pedras - SP,2022,226.657,31328.0,138.22
3544103,Rio Grande da Serra - SP,2022,36.341,44170.0,1215.43
3544202,Riolândia - SP,2022,631.897,10309.0,16.31
3544251,Rosana - SP,2022,744.011,17440.0,23.44
3544301,Roseira - SP,2022,129.847,10832.0,83.42
3544400,Rubiácea - SP,2022,236.484,2700.0,11.42
3544509,Rubinéia - SP,2022,242.877,3833.0,15.78
3544608,Sabino - SP,2022,305.285,5112.0,16.75
3544707,Sagres - SP,2022,147.935,2474.0,16.72
3544806,Sales - SP,2022,308.555,6437.0,20.86
3544905,Sales Oliveira - SP,2022,305.776,11411.0,37.32
3545001,Salesópolis - SP,2022,424.997,15202.0,35.77
3545100,Salmourão - SP,2022,172.934,4808.0,27.8
3545159,Saltinho - SP,2022,99.738,8161.0,81.82
3545209,Salto - SP,2022,133.057,134319.0,1009.48
3545308,Salto de Pirapora - SP,2022,280.412,43748.0,156.01
3545407,Salto Grande - SP,2022,188.441,9050.0,48.03
3545506,Sandovalina - SP,2022,455.856,3645.0,8.0
3545605,Santa Adélia - SP,2022,330.269,14018.0,42.44
3545704,Santa Albertina - SP,2022,272.692,6393.0,23.44
3545803,Santa Bárbara d'Oeste - SP,2022,271.03,183347.0,676.48
3546009,Santa Branca - SP,2022,272.238,13975.0,51.33
3546108,Santa Clara d'Oeste - SP,2022,183.458,2598.0,14.16
3546207,Santa Cruz da Conceição - SP,2022,150.13,4277.0,28.49
3546256,Santa Cruz da Esperança - SP,2022,148.062,2116.0,14.29
3546306,Santa Cruz das Palmeiras - SP,2022,295.337,28864.0,97.73
3546405,Santa Cruz do Rio Pardo - SP,2022,1114.747,46442.0,41.66
3546504,Santa Ernestina - SP,2022,134.421,6118.0,45.51
3546603,Santa Fé do Sul - SP,2022,206.537,34794.0,168.46
3546702,Santa Gertrudes - SP,2022,98.291,23611.0,240.22
3546801,Santa Isabel - SP,2022,363.332,53174.0,146.35
3546900,Santa Lúcia - SP,2022,153.86,7149.0,46.46
3547007,Santa Maria da Serra - SP,2022,252.621,5243.0,20.75
3547106,Santa Mercedes - SP,2022,166.753,2956.0,17.73
3547205,Santana da Ponte Pensa - SP,2022,129.888,1670.0,12.86
3547304,Santana de Parnaíba - SP,2022,179.949,154105.0,856.38
3547403,Santa Rita d'Oeste - SP,2022,209.8,2733.0,13.03
3547502,Santa Rita do Passa Quatro - SP,2022,754.141,24833.0,32.93
3547601,Santa Rosa de Viterbo - SP,2022,288.576,23411.0,81.13
3547650,Santa Salete - SP,2022,79.192,1645.0,20.77
3547700,Santo Anastácio - SP,2022,552.876,17963.0,32.49
3547809,Santo André - SP,2022,175.782,748919.0,4260.5
3547908,Santo Antônio da Alegria - SP,2022,310.311,6775.0,21.83
3548005,Santo Antônio de Posse - SP,2022,154.133,23244.0,150.8
3548054,Santo Antônio do Aracanguá - SP,2022,1308.432,8379.0,6.4
3548104,Santo Antônio do Jardim - SP,2022,109.956,6126.0,55.71
3548203,Santo Antônio do Pinhal - SP,2022,133.008,7133.0,53.63
3548302,Santo Expedito - SP,2022,94.465,3000.0,31.76
3548401,Santópolis do Aguapeí - SP,2022,128.026,3899.0,30.45
3548500,Santos - SP,2022,281.033,418608.0,1489.53
3548609,São Bento do Sapucaí - SP,2022,252.579,11674.0,46.22
3548708,São Bernardo do Campo - SP,2022,409.532,810729.0,1979.65
3548807,São Caetano do Sul - SP,2022,15.331,165655.0,10805.23
3548906,São Carlos - SP,2022,1136.907,254857.0,224.17
3549003,São Francisco - SP,2022,75.579,2602.0,34.43
3549102,São João da Boa Vista - SP,2022,516.399,92547.0,179.22
3549201,São João das Duas Pontes - SP,2022,129.462,2580.0,19.93
3549250,São João de Iracema - SP,2022,178.396,1846.0,10.35
3549300,São João do Pau d'Alho - SP,2022,117.665,2242.0,19.05
3549409,São Joaquim da Barra - SP,2022,410.863,48558.0,118.19
3549508,São José da Bela Vista - SP,2022,276.952,7626.0,27.54
3549607,São José do Barreiro - SP,2022,570.685,3853.0,6.75
3549706,São José do Rio Pardo - SP,2022,419.684,52205.0,124.39
3549805,São José do Rio Preto - SP,2022,431.944,480393.0,1112.17
3549904,São José dos Campos - SP,2022,1099.409,697054.0,634.03
3549953,São Lourenço da Serra - SP,2022,186.456,16067.0,86.17
3550001,São Luiz do Paraitinga - SP,2022,617.315,10337.0,16.75
3550100,São Manuel - SP,2022,650.734,37289.0,57.3
3550209,São Miguel Arcanjo - SP,2022,930.339,32039.0,34.44
3550308,São Paulo - SP,2022,1521.202,11451999.0,7528.26
3550407,São Pedro - SP,2022,611.278,38256.0,62.58
3550506,São Pedro do Turvo - SP,2022,731.221,7217.0,9.87
3550605,São Roque - SP,2022,306.908,79484.0,258.98
3550704,São Sebastião - SP,2022,402.395,81595.0,202.77
3550803,São Sebastião da Grama - SP,2022,252.41,10441.0,41.37
3550902,São Simão - SP,2022,617.252,13442.0,21.78
3551009,São Vicente - SP,2022,148.151,329911.0,2226.86
3551108,Sarapuí - SP,2022,352.592,10369.0,29.41
3551207,Sarutaiá - SP,2022,141.608,3704.0,26.16
3551306,Sebastianópolis do Sul - SP,2022,167.848,3130.0,18.65
3551405,Serra Azul - SP,2022,283.144,12746.0,45.02
3551504,Serrana - SP,2022,126.046,43909.0,348.36
3551603,Serra Negra - SP,2022,203.734,29894.0,146.73
3551702,Sertãozinho - SP,2022,403.089,126887.0,314.79
3551801,Sete Barras - SP,2022,1062.699,12730.0,11.98
3551900,Severínia - SP,2022,140.46,14576.0,103.77
3552007,Silveiras - SP,2022,414.782,6186.0,14.91
3552106,Socorro - SP,2022,449.029,40122.0,89.35
3552205,Sorocaba - SP,2022,449.872,723682.0,1608.64
3552304,Sud Mennucci - SP,2022,594.744,7355.0,12.37
3552403,Sumaré - SP,2022,153.465,279545.0,1821.56
3552502,Suzano - SP,2022,206.236,307429.0,1490.67
3552551,Suzanápolis - SP,2022,330.587,3408.0,10.31
3552601,Tabapuã - SP,2022,345.792,11323.0,32.75
3552700,Tabatinga - SP,2022,368.604,14769.0,40.07
3552809,Taboão da Serra - SP,2022,20.388,273542.0,13416.81
3552908,Taciba - SP,2022,607.267,6260.0,10.31
3553005,Taguaí - SP,2022,145.332,12669.0,87.17
3553104,Taiaçu - SP,2022,107.059,5677.0,53.03
3553203,Taiúva - SP,2022,132.459,6548.0,49.43
3553302,Tambaú - SP,2022,561.788,21435.0,38.15
3553401,Tanabi - SP,2022,747.218,25265.0,33.81
3553500,Tapiraí - SP,2022,755.1,7996.0,10.59
3553609,Tapiratiba - SP,2022,221.891,11816.0,53.25
3553658,Taquaral - SP,2022,53.892,2619.0,48.6
3553708,Taquaritinga - SP,2022,594.335,52260.0,87.93
3553807,Taquarituba - SP,2022,448.515,24350.0,54.29
3553856,Taquarivaí - SP,2022,231.792,6876.0,29.66
3553906,Tarabai - SP,2022,201.385,6536.0,32.46
3553955,Tarumã - SP,2022,302.913,14882.0,49.13
3554003,Tatuí - SP,2022,523.749,123942.0,236.64
3554102,Taubaté - SP,2022,625.003,310739.0,497.18
3554201,Tejupá - SP,2022,296.189,4127.0,13.93
3554300,Teodoro Sampaio - SP,2022,1555.803,22173.0,14.25
3554409,Terra Roxa - SP,2022,221.541,7904.0,35.68
3554508,Tietê - SP,2022,404.396,37663.0,93.13
3554607,Timburi - SP,2022,196.79,2464.0,12.52
3554656,Torre de Pedra - SP,2022,71.348,2046.0,28.68
3554706,Torrinha - SP,2022,315.267,9335.0,29.61
3554755,Trabiju - SP,2022,63.421,1682.0,26.52
3554805,Tremembé - SP,2022,191.094,51173.0,267.79
3554904,Três Fronteiras - SP,2022,151.594,6804.0,44.88
3554953,Tuiuti - SP,2022,126.731,6778.0,53.48
3555000,Tupã - SP,2022,627.986,63928.0,101.8
3555109,Tupi Paulista - SP,2022,244.77,15854.0,64.77
3555208,Turiúba - SP,2022,153.235,1818.0,11.86
3555307,Turmalina - SP,2022,147.797,1669.0,11.29
3555356,Ubarana - SP,2022,209.861,5365.0,25.56
3555406,Ubatuba - SP,2022,708.105,92981.0,131.31
3555505,Ubirajara - SP,2022,282.179,5132.0,18.19
3555604,Uchoa - SP,2022,252.434,10394.0,41.18
3555703,União Paulista - SP,2022,79.056,1603.0,20.28
3555802,Urânia - SP,2022,209.262,8833.0,42.21
3555901,Uru - SP,2022,146.901,1387.0,9.44
3556008,Urupês - SP,2022,323.916,13744.0,42.43
3556107,Valentim Gentil - SP,2022,149.741,14098.0,94.15
3556206,Valinhos - SP,2022,148.538,126373.0,850.78
3556305,Valparaíso - SP,2022,857.661,24241.0,28.26
3556354,Vargem - SP,2022,142.595,10512.0,73.72
3556404,Vargem Grande do Sul - SP,2022,267.178,40133.0,150.21
3556453,Vargem Grande Paulista - SP,2022,42.489,50415.0,1186.54
3556503,Várzea Paulista - SP,2022,35.12,115771.0,3296.44
3556602,Vera Cruz - SP,2022,247.716,10176.0,41.08
3556701,Vinhedo - SP,2022,80.95,76540.0,945.52
3556800,Viradouro - SP,2022,217.726,17414.0,79.98
3556909,Vista Alegre do Alto - SP,2022,95.429,8109.0,84.97
3556958,Vitória Brasil - SP,2022,49.832,1794.0,36.0
3557006,Votorantim - SP,2022,184.186,127923.0,694.53
3557105,Votuporanga - SP,2022,420.703,96634.0,229.7
3557154,Zacarias - SP,2022,319.056,2692.0,8.44
3557204,Chavantes - SP,2022,188.727,12211.0,64.7
3557303,Estiva Gerbi - SP,2022,74.144,11295.0,152.34
4100103,Abatiá - PR,2022,228.717,7241.0,31.66
4100202,Adrianópolis - PR,2022,1349.311,6256.0,4.64
4100301,Agudos do Sul - PR,2022,192.261,10233.0,53.22
4100400,Almirante Tamandaré - PR,2022,194.228,119825.0,616.93
4100459,Altamira do Paraná - PR,2022,386.945,3590.0,9.28
4100509,Altônia - PR,2022,661.56,18742.0,28.33
4100608,Alto Paraná - PR,2022,407.719,13909.0,34.11
4100707,Alto Piquiri - PR,2022,447.666,9727.0,21.73
4100806,Alvorada do Sul - PR,2022,424.25,10326.0,24.34
4100905,Amaporã - PR,2022,384.735,4762.0,12.38
4101002,Ampére - PR,2022,298.349,19620.0,65.76
4101051,Anahy - PR,2022,102.895,2918.0,28.36
4101101,Andirá - PR,2022,235.944,19878.0,84.25
4101150,Ângulo - PR,2022,106.021,3235.0,30.51
4101200,Antonina - PR,2022,891.582,18091.0,20.29
4101309,Antônio Olinto - PR,2022,469.62,7018.0,14.94
4101408,Apucarana - PR,2022,556.99,130134.0,233.64
4101507,Arapongas - PR,2022,382.215,119138.0,311.7
4101606,Arapoti - PR,2022,1358.176,25777.0,18.98
4101655,Arapuã - PR,2022,217.371,3527.0,16.23
4101705,Araruna - PR,2022,493.191,14485.0,29.37
4101804,Araucária - PR,2022,469.24,151666.0,323.22
4101853,Ariranha do Ivaí - PR,2022,234.076,2329.0,9.95
4101903,Assaí - PR,2022,440.347,13797.0,31.33
4102000,Assis Chateaubriand - PR,2022,980.727,36808.0,37.53
4102109,Astorga - PR,2022,434.792,25475.0,58.59
4102208,Atalaia - PR,2022,137.663,3980.0,28.91
4102307,Balsa Nova - PR,2022,348.926,13395.0,38.39
4102406,Bandeirantes - PR,2022,445.192,31273.0,70.25
4102505,Barbosa Ferraz - PR,2022,538.636,10795.0,20.04
4102604,Barracão - PR,2022,161.213,9759.0,60.53
4102703,Barra do Jacaré - PR,2022,115.855,2814.0,24.29
4102752,Bela Vista da Caroba - PR,2022,148.107,4031.0,27.22
4102802,Bela Vista do Paraíso - PR,2022,242.689,14833.0,61.12
4102901,Bituruna - PR,2022,1234.946,15533.0,12.58
4103008,Boa Esperança - PR,2022,302.739,4558.0,15.06
4103024,Boa Esperança do Iguaçu - PR,2022,151.797,2455.0,16.17
4103040,Boa Ventura de São Roque - PR,2022,620.453,6378.0,10.28
4103057,Boa Vista da Aparecida - PR,2022,266.175,7924.0,29.77
4103107,Bocaiúva do Sul - PR,2022,825.665,13299.0,16.11
4103156,Bom Jesus do Sul - PR,2022,176.129,3980.0,22.6
4103206,Bom Sucesso - PR,2022,322.755,6581.0,20.39
4103222,Bom Sucesso do Sul - PR,2022,195.931,3202.0,16.34
4103305,Borrazópolis - PR,2022,334.378,7735.0,23.13
4103354,Braganey - PR,2022,343.321,4854.0,14.14
4103370,Brasilândia do Sul - PR,2022,291.036,3708.0,12.74
4103404,Cafeara - PR,2022,185.8,2627.0,14.14
4103453,Cafelândia - PR,2022,274.904,18997.0,69.1
4103479,Cafezal do Sul - PR,2022,335.392,4473.0,13.34
4103503,Califórnia - PR,2022,141.817,8710.0,61.42
4103602,Cambará - PR,2022,366.153,23212.0,63.39
4103701,Cambé - PR,2022,495.375,107208.0,216.42
4103800,Cambira - PR,2022,164.786,9460.0,57.41
4103909,Campina da Lagoa - PR,2022,796.614,15723.0,19.74
4103958,Campina do Simão - PR,2022,448.424,3936.0,8.78
4104006,Campina Grande do Sul - PR,2022,539.245,47825.0,88.69
4104055,Campo Bonito - PR,2022,433.832,4027.0,9.28
4104105,Campo do Tenente - PR,2022,304.488,7508.0,24.66
4104204,Campo Largo - PR,2022,1243.551,136327.0,109.63
4104253,Campo Magro - PR,2022,275.352,30160.0,109.53
4104303,Campo Mourão - PR,2022,749.637,99432.0,132.64
4104402,Cândido de Abreu - PR,2022,1510.16,15244.0,10.09
4104428,Candói - PR,2022,1512.786,14973.0,9.9
4104451,Cantagalo - PR,2022,583.304,10933.0,18.74
4104501,Capanema - PR,2022,419.036,20481.0,48.88
4104600,Capitão Leônidas Marques - PR,2022,280.063,14648.0,52.3
4104659,Carambeí - PR,2022,649.68,23283.0,35.84
4104709,Carlópolis - PR,2022,451.418,16905.0,37.45
4104808,Cascavel - PR,2022,2091.199,348051.0,166.44
4104907,Castro - PR,2022,2531.503,73075.0,28.87
4105003,Catanduvas - PR,2022,580.421,10446.0,18.0
4105102,Centenário do Sul - PR,2022,371.834,10832.0,29.13
4105201,Cerro Azul - PR,2022,1341.189,16134.0,12.03
4105300,Céu Azul - PR,2022,1179.449,11087.0,9.4
4105409,Chopinzinho - PR,2022,959.692,21085.0,21.97
4105508,Cianorte - PR,2022,811.666,79527.0,97.98
4105607,Cidade Gaúcha - PR,2022,403.045,11467.0,28.45
4105706,Clevelândia - PR,2022,703.638,15070.0,21.42
4105805,Colombo - PR,2022,197.58,232212.0,1175.28
4105904,Colorado - PR,2022,407.568,22896.0,56.18
4106001,Congonhinhas - PR,2022,535.963,8320.0,15.52
4106100,Conselheiro Mairinck - PR,2022,204.705,3461.0,16.91
4106209,Contenda - PR,2022,299.037,19128.0,63.97
4106308,Corbélia - PR,2022,529.137,17470.0,33.02
4106407,Cornélio Procópio - PR,2022,635.1,45206.0,71.18
4106456,Coronel Domingos Soares - PR,2022,1556.186,5649.0,3.63
4106506,Coronel Vivida - PR,2022,684.417,23331.0,34.09
4106555,Corumbataí do Sul - PR,2022,164.341,3760.0,22.88
4106571,Cruzeiro do Iguaçu - PR,2022,161.862,4133.0,25.53
4106605,Cruzeiro do Oeste - PR,2022,775.984,23831.0,30.71
4106704,Cruzeiro do Sul - PR,2022,259.103,4494.0,17.34
4106803,Cruz Machado - PR,2022,1478.35,15978.0,10.81
4106852,Cruzmaltina - PR,2022,312.299,2892.0,9.26
4106902,Curitiba - PR,2022,434.892,1773718.0,4078.53
4107009,Curiúva - PR,2022,576.263,13647.0,23.68
4107108,Diamante do Norte - PR,2022,242.887,5142.0,21.17
4107124,Diamante do Sul - PR,2022,347.233,3171.0,9.13
4107157,Diamante D'Oeste - PR,2022,309.11,4557.0,14.74
4107207,Dois Vizinhos - PR,2022,418.648,44869.0,107.18
4107256,Douradina - PR,2022,420.604,9161.0,21.78
4107306,Doutor Camargo - PR,2022,118.279,6327.0,53.49
4107405,Enéas Marques - PR,2022,192.203,5999.0,31.21
4107504,Engenheiro Beltrão - PR,2022,467.47,12454.0,26.64
4107520,Esperança Nova - PR,2022,141.286,1849.0,13.09
4107538,Entre Rios do Oeste - PR,2022,120.967,4575.0,37.82
4107546,Espigão Alto do Iguaçu - PR,2022,326.44,4797.0,14.69
4107553,Farol - PR,2022,289.232,3039.0,10.51
4107603,Faxinal - PR,2022,715.943,16389.0,22.89
4107652,Fazenda Rio Grande - PR,2022,116.678,148873.0,1275.93
4107702,Fênix - PR,2022,234.099,4492.0,19.19
4107736,Fernandes Pinheiro - PR,2022,406.5,6255.0,15.39
4107751,Figueira - PR,2022,129.769,8062.0,62.13
4107801,Floraí - PR,2022,191.133,4792.0,25.07
4107850,Flor da Serra do Sul - PR,2022,255.721,4364.0,17.07
4107900,Floresta - PR,2022,158.226,10458.0,66.1
4108007,Florestópolis - PR,2022,246.853,11446.0,46.37
4108106,Flórida - PR,2022,83.046,2652.0,31.93
4108205,Formosa do Oeste - PR,2022,275.901,7635.0,27.67
4108304,Foz do Iguaçu - PR,2022,609.192,285415.0,468.51
4108320,Francisco Alves - PR,2022,321.898,8116.0,25.21
4108403,Francisco Beltrão - PR,2022,735.111,96666.0,131.5
4108452,Foz do Jordão - PR,2022,235.382,4926.0,20.93
4108502,General Carneiro - PR,2022,1071.183,11062.0,10.33
4108551,Godoy Moreira - PR,2022,131.012,2977.0,22.72
4108601,Goioerê - PR,2022,564.163,28437.0,50.41
4108650,Goioxim - PR,2022,702.471,6566.0,9.35
4108700,Grandes Rios - PR,2022,314.198,5641.0,17.95
4108809,Guaíra - PR,2022,563.742,32097.0,56.94
4108908,Guairaçá - PR,2022,493.94,6587.0,13.34
4108957,Guamiranga - PR,2022,244.795,7856.0,32.09
4109005,Guapirama - PR,2022,189.1,4626.0,24.46
4109104,Guaporema - PR,2022,201.15,2191.0,10.89
4109203,Guaraci - PR,2022,211.68,4748.0,22.43
4109302,Guaraniaçu - PR,2022,1238.32,13735.0,11.09
4109401,Guarapuava - PR,2022,3168.087,182093.0,57.48
4109500,Guaraqueçaba - PR,2022,2011.357,7430.0,3.69
4109609,Guaratuba - PR,2022,1326.67,42062.0,31.7
4109658,Honório Serpa - PR,2022,502.235,4941.0,9.84
4109708,Ibaiti - PR,2022,898.221,28830.0,32.1
4109757,Ibema - PR,2022,145.446,6218.0,42.75
4109807,Ibiporã - PR,2022,297.742,51603.0,173.31
4109906,Icaraíma - PR,2022,675.24,8991.0,13.32
4110003,Iguaraçu - PR,2022,164.983,5338.0,32.35
4110052,Iguatu - PR,2022,106.937,2144.0,20.05
4110078,Imbaú - PR,2022,330.734,14249.0,43.08
4110102,Imbituva - PR,2022,756.535,29924.0,39.55
4110201,Inácio Martins - PR,2022,936.208,9670.0,10.33
4110300,Inajá - PR,2022,194.704,2536.0,13.02
4110409,Indianópolis - PR,2022,122.622,4448.0,36.27
4110508,Ipiranga - PR,2022,900.721,14142.0,15.7
4110607,Iporã - PR,2022,647.894,15746.0,24.3
4110656,Iracema do Oeste - PR,2022,81.538,2343.0,28.74
4110706,Irati - PR,2022,999.517,59250.0,59.28
4110805,Iretama - PR,2022,570.459,10684.0,18.73
4110904,Itaguajé - PR,2022,194.353,4481.0,23.06
4110953,Itaipulândia - PR,2022,330.846,11485.0,34.71
4111001,Itambaracá - PR,2022,207.342,5908.0,28.49
4111100,Itambé - PR,2022,243.822,6111.0,25.06
4111209,Itapejara d'Oeste - PR,2022,254.014,12344.0,48.6
4111258,Itaperuçu - PR,2022,322.991,31217.0,96.65
4111308,Itaúna do Sul - PR,2022,128.87,3572.0,27.72
4111407,Ivaí - PR,2022,607.848,13229.0,21.76
4111506,Ivaiporã - PR,2022,436.989,32720.0,74.88
4111555,Ivaté - PR,2022,410.156,6831.0,16.65
4111605,Ivatuba - PR,2022,96.661,2708.0,28.02
4111704,Jaboti - PR,2022,139.277,5427.0,38.97
4111803,Jacarezinho - PR,2022,602.528,40375.0,67.01
4111902,Jaguapitã - PR,2022,475.004,15122.0,31.84
4112009,Jaguariaíva - PR,2022,1453.066,35141.0,24.18
4112108,Jandaia do Sul - PR,2022,187.6,21408.0,114.12
4112207,Janiópolis - PR,2022,335.65,5870.0,17.49
4112306,Japira - PR,2022,187.802,4972.0,26.47
4112405,Japurá - PR,2022,165.185,9144.0,55.36
4112504,Jardim Alegre - PR,2022,413.386,12004.0,29.04
4112603,Jardim Olinda - PR,2022,128.515,1343.0,10.45
4112702,Jataizinho - PR,2022,159.178,11813.0,74.21
4112751,Jesuítas - PR,2022,247.496,10506.0,42.45
4112801,Joaquim Távora - PR,2022,289.173,11945.0,41.31
4112900,Jundiaí do Sul - PR,2022,320.816,3333.0,10.39
4112959,Juranda - PR,2022,354.364,7771.0,21.93
4113007,Jussara - PR,2022,210.869,6690.0,31.73
4113106,Kaloré - PR,2022,193.299,4582.0,23.7
4113205,Lapa - PR,2022,2093.859,45003.0,21.49
4113254,Laranjal - PR,2022,559.439,5600.0,10.01
4113304,Laranjeiras do Sul - PR,2022,673.688,32227.0,47.84
4113403,Leópolis - PR,2022,344.918,3752.0,10.88
4113429,Lidianópolis - PR,2022,151.456,3938.0,26.0
4113452,Lindoeste - PR,2022,347.093,5175.0,14.91
4113502,Loanda - PR,2022,722.496,23225.0,32.15
4113601,Lobato - PR,2022,240.904,4601.0,19.1
4113700,Londrina - PR,2022,1652.569,555965.0,336.42
4113734,Luiziana - PR,2022,916.839,6690.0,7.3
4113759,Lunardelli - PR,2022,199.213,4872.0,24.46
4113809,Lupionópolis - PR,2022,121.066,4813.0,39.76
4113908,Mallet - PR,2022,760.224,13428.0,17.66
4114005,Mamborê - PR,2022,788.061,13452.0,17.07
4114104,Mandaguaçu - PR,2022,294.019,31457.0,106.99
4114203,Mandaguari - PR,2022,335.814,36716.0,109.33
4114302,Mandirituba - PR,2022,379.179,27439.0,72.36
4114351,Manfrinópolis - PR,2022,215.779,2770.0,12.84
4114401,Mangueirinha - PR,2022,1055.458,16603.0,15.73
4114500,Manoel Ribas - PR,2022,571.135,14240.0,24.93
4114609,Marechal Cândido Rondon - PR,2022,745.748,55836.0,74.87
4114708,Maria Helena - PR,2022,486.224,5865.0,12.06
4114807,Marialva - PR,2022,475.564,41851.0,88.0
4114906,Marilândia do Sul - PR,2022,384.424,8677.0,22.57
4115002,Marilena - PR,2022,232.363,7253.0,31.21
4115101,Mariluz - PR,2022,433.17,9847.0,22.73
4115200,Maringá - PR,2022,487.012,409657.0,841.16
4115309,Mariópolis - PR,2022,230.365,6371.0,27.66
4115358,Maripá - PR,2022,283.793,6555.0,23.1
4115408,Marmeleiro - PR,2022,387.612,15901.0,41.02
4115457,Marquinho - PR,2022,503.858,4504.0,8.94
4115507,Marumbi - PR,2022,208.47,4699.0,22.54
4115606,Matelândia - PR,2022,639.746,18450.0,28.84
4115705,Matinhos - PR,2022,117.899,39259.0,332.99
4115739,Mato Rico - PR,2022,394.533,3267.0,8.28
4115754,Mauá da Serra - PR,2022,108.324,9383.0,86.62
4115804,Medianeira - PR,2022,328.732,54369.0,165.39
4115853,Mercedes - PR,2022,197.136,5931.0,30.09
4115903,Mirador - PR,2022,221.708,2238.0,10.09
4116000,Miraselva - PR,2022,90.294,1966.0,21.77
4116059,Missal - PR,2022,324.397,11064.0,34.11
4116109,Moreira Sales - PR,2022,353.772,11175.0,31.59
4116208,Morretes - PR,2022,684.58,18309.0,26.74
4116307,Munhoz de Melo - PR,2022,137.018,3951.0,28.84
4116406,Nossa Senhora das Graças - PR,2022,185.769,3669.0,19.75
4116505,Nova Aliança do Ivaí - PR,2022,131.272,1323.0,10.08
4116604,Nova América da Colina - PR,2022,129.476,3280.0,25.33
4116703,Nova Aurora - PR,2022,470.642,13765.0,29.25
4116802,Nova Cantu - PR,2022,555.488,6790.0,12.22
4116901,Nova Esperança - PR,2022,401.587,26585.0,66.2
4116950,Nova Esperança do Sudoeste - PR,2022,208.472,5597.0,26.85
4117008,Nova Fátima - PR,2022,283.423,7225.0,25.49
4117057,Nova Laranjeiras - PR,2022,1210.205,12074.0,9.98
4117107,Nova Londrina - PR,2022,269.389,12923.0,47.97
4117206,Nova Olímpia - PR,2022,136.347,5833.0,42.78
4117214,Nova Santa Bárbara - PR,2022,76.887,4184.0,54.42
4117222,Nova Santa Rosa - PR,2022,204.665,8322.0,40.66
4117255,Nova Prata do Iguaçu - PR,2022,352.565,12699.0,36.02
4117271,Nova Tebas - PR,2022,545.686,6848.0,12.55
4117297,Novo Itacolomi - PR,2022,161.411,3125.0,19.36
4117305,Ortigueira - PR,2022,2429.52,24192.0,9.96
4117404,Ourizona - PR,2022,176.457,3187.0,18.06
4117453,Ouro Verde do Oeste - PR,2022,293.042,6785.0,23.15
4117503,Paiçandu - PR,2022,171.379,45962.0,268.19
4117602,Palmas - PR,2022,1557.903,48247.0,30.97
4117701,Palmeira - PR,2022,1470.072,33855.0,23.03
4117800,Palmital - PR,2022,817.647,13033.0,15.94
4117909,Palotina - PR,2022,651.238,35011.0,53.76
4118006,Paraíso do Norte - PR,2022,204.564,13245.0,64.75
4118105,Paranacity - PR,2022,348.631,9557.0,27.41
4118204,Paranaguá - PR,2022,822.838,145829.0,177.23
4118303,Paranapoema - PR,2022,175.875,2398.0,13.63
4118402,Paranavaí - PR,2022,1202.266,92001.0,76.52
4118451,Pato Bragado - PR,2022,135.6,5733.0,42.28
4118501,Pato Branco - PR,2022,539.087,91836.0,170.35
4118600,Paula Freitas - PR,2022,421.409,5666.0,13.45
4118709,Paulo Frontin - PR,2022,363.351,6343.0,17.46
4118808,Peabiru - PR,2022,468.594,13346.0,28.48
4118857,Perobal - PR,2022,409.05,7189.0,17.57
4118907,Pérola - PR,2022,236.186,11878.0,50.29
4119004,Pérola d'Oeste - PR,2022,205.279,6221.0,30.31
4119103,Piên - PR,2022,254.792,13655.0,53.59
4119152,Pinhais - PR,2022,60.869,127019.0,2086.76
4119202,Pinhalão - PR,2022,220.625,6566.0,29.76
4119251,Pinhal de São Bento - PR,2022,97.463,2761.0,28.33
4119301,Pinhão - PR,2022,2001.588,29886.0,14.93
4119400,Piraí do Sul - PR,2022,1345.417,23651.0,17.58
4119509,Piraquara - PR,2022,227.042,118730.0,522.94
4119608,Pitanga - PR,2022,1663.747,33567.0,20.18
4119657,Pitangueiras - PR,2022,123.229,3046.0,24.72
4119707,Planaltina do Paraná - PR,2022,356.192,4070.0,11.43
4119806,Planalto - PR,2022,346.241,14374.0,41.51
4119905,Ponta Grossa - PR,2022,2054.732,358371.0,174.41
4119954,Pontal do Paraná - PR,2022,200.41,30425.0,151.81
4120002,Porecatu - PR,2022,291.663,11624.0,39.85
4120101,Porto Amazonas - PR,2022,186.581,4098.0,21.96
4120150,Porto Barreiro - PR,2022,361.02,3110.0,8.61
4120200,Porto Rico - PR,2022,217.676,3182.0,14.62
4120309,Porto Vitória - PR,2022,213.013,3562.0,16.72
4120333,Prado Ferreira - PR,2022,152.876,3709.0,24.26
4120358,Pranchita - PR,2022,226.14,5737.0,25.37
4120408,Presidente Castelo Branco - PR,2022,155.734,4336.0,27.84
4120507,Primeiro de Maio - PR,2022,414.442,10082.0,24.33
4120606,Prudentópolis - PR,2022,2247.141,49393.0,21.98
4120655,Quarto Centenário - PR,2022,321.875,4201.0,13.05
4120705,Quatiguá - PR,2022,112.689,8099.0,71.87
4120804,Quatro Barras - PR,2022,180.471,24191.0,134.04
4120853,Quatro Pontes - PR,2022,114.393,4480.0,39.16
4120903,Quedas do Iguaçu - PR,2022,821.503,30738.0,37.42
4121000,Querência do Norte - PR,2022,914.763,10685.0,11.68
4121109,Quinta do Sol - PR,2022,326.177,5001.0,15.33
4121208,Quitandinha - PR,2022,447.024,18398.0,41.16
4121257,Ramilândia - PR,2022,237.196,4221.0,17.8
4121307,Rancho Alegre - PR,2022,167.646,3512.0,20.95
4121356,Rancho Alegre D'Oeste - PR,2022,241.386,2618.0,10.85
4121406,Realeza - PR,2022,353.416,19247.0,54.46
4121505,Rebouças - PR,2022,481.84,14514.0,30.12
4121604,Renascença - PR,2022,425.273,6845.0,16.1
4121703,Reserva - PR,2022,1635.535,24573.0,15.02
4121752,Reserva do Iguaçu - PR,2022,834.232,6553.0,7.86
4121802,Ribeirão Claro - PR,2022,629.224,12364.0,19.65
4121901,Ribeirão do Pinhal - PR,2022,374.732,13060.0,34.85
4122008,Rio Azul - PR,2022,599.056,14025.0,23.41
4122107,Rio Bom - PR,2022,177.836,3197.0,17.98
4122156,Rio Bonito do Iguaçu - PR,2022,681.406,13929.0,20.44
4122172,Rio Branco do Ivaí - PR,2022,376.109,3808.0,10.12
4122206,Rio Branco do Sul - PR,2022,811.425,37558.0,46.29
4122305,Rio Negro - PR,2022,604.138,31324.0,51.85
4122404,Rolândia - PR,2022,459.024,71670.0,156.14
4122503,Roncador - PR,2022,742.121,11251.0,15.16
4122602,Rondon - PR,2022,555.125,9097.0,16.39
4122651,Rosário do Ivaí - PR,2022,377.47,5435.0,14.4
4122701,Sabáudia - PR,2022,190.329,8822.0,46.35
4122800,Salgado Filho - PR,2022,181.015,4075.0,22.51
4122909,Salto do Itararé - PR,2022,200.52,5192.0,25.89
4123006,Salto do Lontra - PR,2022,312.717,15223.0,48.68
4123105,Santa Amélia - PR,2022,78.045,3394.0,43.49
4123204,Santa Cecília do Pavão - PR,2022,105.076,3365.0,32.02
4123303,Santa Cruz de Monte Castelo - PR,2022,442.013,8613.0,19.49
4123402,Santa Fé - PR,2022,276.241,11378.0,41.19
4123501,Santa Helena - PR,2022,754.701,25492.0,33.78
4123600,Santa Inês - PR,2022,156.935,1748.0,11.14
4123709,Santa Isabel do Ivaí - PR,2022,349.497,8912.0,25.5
4123808,Santa Izabel do Oeste - PR,2022,321.182,14070.0,43.81
4123824,Santa Lúcia - PR,2022,126.813,3644.0,28.74
4123857,Santa Maria do Oeste - PR,2022,836.669,9934.0,11.87
4123907,Santa Mariana - PR,2022,427.193,11066.0,25.9
4123956,Santa Mônica - PR,2022,259.957,3356.0,12.91
4124004,Santana do Itararé - PR,2022,251.269,5514.0,21.94
4124020,Santa Tereza do Oeste - PR,2022,326.19,13174.0,40.39
4124053,Santa Terezinha de Itaipu - PR,2022,268.258,24262.0,90.44
4124103,Santo Antônio da Platina - PR,2022,721.472,44369.0,61.5
4124202,Santo Antônio do Caiuá - PR,2022,219.068,2493.0,11.38
4124301,Santo Antônio do Paraíso - PR,2022,167.014,2125.0,12.72
4124400,Santo Antônio do Sudoeste - PR,2022,325.651,23673.0,72.69
4124509,Santo Inácio - PR,2022,280.133,6181.0,22.06
4124608,São Carlos do Ivaí - PR,2022,225.079,6587.0,29.27
4124707,São Jerônimo da Serra - PR,2022,823.774,10830.0,13.15
4124806,São João - PR,2022,388.059,11886.0,30.63
4124905,São João do Caiuá - PR,2022,304.413,5586.0,18.35
4125001,São João do Ivaí - PR,2022,353.331,10667.0,30.19
4125100,São João do Triunfo - PR,2022,720.407,13726.0,19.05
4125209,São Jorge d'Oeste - PR,2022,379.545,9378.0,24.71
4125308,São Jorge do Ivaí - PR,2022,315.088,5168.0,16.4
4125357,São Jorge do Patrocínio - PR,2022,406.413,6504.0,16.0
4125407,São José da Boa Vista - PR,2022,399.667,6040.0,15.11
4125456,São José das Palmeiras - PR,2022,182.419,3957.0,21.69
4125506,São José dos Pinhais - PR,2022,946.435,329628.0,348.28
4125555,São Manoel do Paraná - PR,2022,95.381,2138.0,22.42
4125605,São Mateus do Sul - PR,2022,1341.714,42366.0,31.58
4125704,São Miguel do Iguaçu - PR,2022,851.917,29122.0,34.18
4125753,São Pedro do Iguaçu - PR,2022,308.324,5784.0,18.76
4125803,São Pedro do Ivaí - PR,2022,322.692,8690.0,26.93
4125902,São Pedro do Paraná - PR,2022,250.654,2661.0,10.62
4126009,São Sebastião da Amoreira - PR,2022,226.872,8063.0,35.54
4126108,São Tomé - PR,2022,218.623,5232.0,23.93
4126207,Sapopema - PR,2022,677.609,6695.0,9.88
4126256,Sarandi - PR,2022,103.501,118455.0,1144.48
4126272,Saudade do Iguaçu - PR,2022,152.084,6108.0,40.16
4126306,Sengés - PR,2022,1441.333,17270.0,11.98
4126355,Serranópolis do Iguaçu - PR,2022,482.394,5007.0,10.38
4126405,Sertaneja - PR,2022,444.492,5616.0,12.63
4126504,Sertanópolis - PR,2022,505.532,15930.0,31.51
4126603,Siqueira Campos - PR,2022,278.035,22811.0,82.04
4126652,Sulina - PR,2022,170.759,3440.0,20.15
4126678,Tamarana - PR,2022,472.155,10707.0,22.68
4126702,Tamboara - PR,2022,193.346,4880.0,25.24
4126801,Tapejara - PR,2022,591.399,15869.0,26.83
4126900,Tapira - PR,2022,434.371,5745.0,13.23
4127007,Teixeira Soares - PR,2022,902.793,9547.0,10.57
4127106,Telêmaco Borba - PR,2022,1382.86,75042.0,54.27
4127205,Terra Boa - PR,2022,320.85,17568.0,54.75
4127304,Terra Rica - PR,2022,700.599,14842.0,21.18
4127403,Terra Roxa - PR,2022,800.807,18119.0,22.63
4127502,Tibagi - PR,2022,2977.933,19961.0,6.7
4127601,Tijucas do Sul - PR,2022,671.889,17621.0,26.23
4127700,Toledo - PR,2022,1198.049,150470.0,125.6
4127809,Tomazina - PR,2022,591.438,8426.0,14.25
4127858,Três Barras do Paraná - PR,2022,505.505,11135.0,22.03
4127882,Tunas do Paraná - PR,2022,668.478,6219.0,9.3
4127908,Tuneiras do Oeste - PR,2022,698.871,8067.0,11.54
4127957,Tupãssi - PR,2022,299.769,8077.0,26.94
4127965,Turvo - PR,2022,938.966,14231.0,15.16
4128005,Ubiratã - PR,2022,652.581,24749.0,37.92
4128104,Umuarama - PR,2022,1234.537,117095.0,94.85
4128203,União da Vitória - PR,2022,719.998,55033.0,76.43
4128302,Uniflor - PR,2022,94.819,2136.0,22.53
4128401,Uraí - PR,2022,237.81,10406.0,43.76
4128500,Wenceslau Braz - PR,2022,397.916,19188.0,48.22
4128534,Ventania - PR,2022,819.334,9681.0,11.82
4128559,Vera Cruz do Oeste - PR,2022,327.09,8215.0,25.12
4128609,Verê - PR,2022,311.801,7932.0,25.44
4128625,Alto Paraíso - PR,2022,967.772,3055.0,3.16
4128633,Doutor Ulysses - PR,2022,777.482,5697.0,7.33
4128658,Virmond - PR,2022,249.094,3811.0,15.3
4128708,Vitorino - PR,2022,308.218,9706.0,31.49
4128807,Xambrê - PR,2022,359.712,5798.0,16.12
4200051,Abdon Batista - SC,2022,237.517,2598.0,10.94
4200101,Abelardo Luz - SC,2022,953.992,17392.0,18.23
4200200,Agrolândia - SC,2022,206.815,10990.0,53.14
4200309,Agronômica - SC,2022,129.774,6055.0,46.66
4200408,Água Doce - SC,2022,1319.137,6508.0,4.93
4200507,Águas de Chapecó - SC,2022,139.511,6036.0,43.27
4200556,Águas Frias - SC,2022,76.631,2839.0,37.05
4200606,Águas Mornas - SC,2022,326.66,6743.0,20.64
4200705,Alfredo Wagner - SC,2022,733.489,10481.0,14.29
4200754,Alto Bela Vista - SC,2022,103.433,1856.0,17.94
4200804,Anchieta - SC,2022,232.348,5943.0,25.58
4200903,Angelina - SC,2022,499.998,5358.0,10.72
4201000,Anita Garibaldi - SC,2022,589.812,8285.0,14.05
4201109,Anitápolis - SC,2022,540.636,3593.0,6.65
4201208,Antônio Carlos - SC,2022,234.422,11224.0,47.88
4201257,Apiúna - SC,2022,493.49,9811.0,19.88
4201273,Arabutã - SC,2022,132.779,4378.0,32.97
4201307,Araquari - SC,2022,386.693,45283.0,117.1
4201406,Araranguá - SC,2022,301.819,71922.0,238.3
4201505,Armazém - SC,2022,173.958,8834.0,50.78
4201604,Arroio Trinta - SC,2022,93.53,3556.0,38.02
4201653,Arvoredo - SC,2022,90.503,2510.0,27.73
4201703,Ascurra - SC,2022,112.884,8319.0,73.7
4201802,Atalanta - SC,2022,94.383,3227.0,34.19
4201901,Aurora - SC,2022,207.045,6780.0,32.75
4201950,Balneário Arroio do Silva - SC,2022,94.477,15820.0,167.45
4202008,Balneário Camboriú - SC,2022,45.214,139155.0,3077.7
4202057,Balneário Barra do Sul - SC,2022,108.914,14912.0,136.92
4202073,Balneário Gaivota - SC,2022,146.834,15669.0,106.71
4202081,Bandeirante - SC,2022,148.074,3144.0,21.23
4202099,Barra Bonita - SC,2022,92.561,1668.0,18.02
4202107,Barra Velha - SC,2022,138.947,45369.0,326.52
4202131,Bela Vista do Toldo - SC,2022,535.682,5872.0,10.96
4202156,Belmonte - SC,2022,93.852,2658.0,28.32
4202206,Benedito Novo - SC,2022,388.291,10520.0,27.09
4202305,Biguaçu - SC,2022,365.755,76773.0,209.9
4202404,Blumenau - SC,2022,518.619,361261.0,696.58
4202438,Bocaina do Sul - SC,2022,510.673,3515.0,6.88
4202453,Bombinhas - SC,2022,35.143,25058.0,713.03
4202503,Bom Jardim da Serra - SC,2022,938.516,4026.0,4.29
4202537,Bom Jesus - SC,2022,63.883,2777.0,43.47
4202578,Bom Jesus do Oeste - SC,2022,67.777,2187.0,32.27
4202602,Bom Retiro - SC,2022,1057.034,8418.0,7.96
4202701,Botuverá - SC,2022,296.256,5363.0,18.1
4202800,Braço do Norte - SC,2022,212.045,33773.0,159.27
4202859,Braço do Trombudo - SC,2022,89.411,4026.0,45.03
4202875,Brunópolis - SC,2022,336.439,2489.0,7.4
4202909,Brusque - SC,2022,284.675,141385.0,496.65
4203006,Caçador - SC,2022,983.424,73720.0,74.96
4203105,Caibi - SC,2022,173.079,6304.0,36.42
4203154,Calmon - SC,2022,636.208,3443.0,5.41
4203204,Camboriú - SC,2022,210.568,103074.0,489.5
4203253,Capão Alto - SC,2022,1331.962,2625.0,1.97
4203303,Campo Alegre - SC,2022,499.216,12501.0,25.04
4203402,Campo Belo do Sul - SC,2022,1025.638,7257.0,7.08
4203501,Campo Erê - SC,2022,479.161,9623.0,20.08
4203600,Campos Novos - SC,2022,1717.697,36932.0,21.5
4203709,Canelinha - SC,2022,151.008,12821.0,84.9
4203808,Canoinhas - SC,2022,1148.036,55016.0,47.92
4203907,Capinzal - SC,2022,244.057,23314.0,95.53
4203956,Capivari de Baixo - SC,2022,53.222,23975.0,450.47
4204004,Catanduvas - SC,2022,199.166,10566.0,53.05
4204103,Caxambu do Sul - SC,2022,140.873,4614.0,32.75
4204152,Celso Ramos - SC,2022,208.391,2805.0,13.46
4204178,Cerro Negro - SC,2022,418.544,3317.0,7.93
4204194,Chapadão do Lageado - SC,2022,124.866,2950.0,23.63
4204202,Chapecó - SC,2022,624.846,254785.0,407.76
4204251,Cocal do Sul - SC,2022,70.965,17240.0,242.94
4204301,Concórdia - SC,2022,799.194,81646.0,102.16
4204350,Cordilheira Alta - SC,2022,83.556,4781.0,57.22
4204400,Coronel Freitas - SC,2022,233.698,10388.0,44.45
4204459,Coronel Martins - SC,2022,107.502,2065.0,19.21
4204509,Corupá - SC,2022,405.761,15267.0,37.63
4204558,Correia Pinto - SC,2022,647.388,15727.0,24.29
4204608,Criciúma - SC,2022,234.865,214493.0,913.26
4204707,Cunha Porã - SC,2022,220.099,10953.0,49.76
4204756,Cunhataí - SC,2022,54.811,1968.0,35.91
4204806,Curitibanos - SC,2022,949.865,40045.0,42.16
4204905,Descanso - SC,2022,287.057,8530.0,29.72
4205001,Dionísio Cerqueira - SC,2022,378.843,15008.0,39.62
4205100,Dona Emma - SC,2022,178.157,4221.0,23.69
4205159,Doutor Pedrinho - SC,2022,374.205,3637.0,9.72
4205175,Entre Rios - SC,2022,103.888,3402.0,32.75
4205191,Ermo - SC,2022,65.311,2269.0,34.74
4205209,Erval Velho - SC,2022,208.841,4885.0,23.39
4205308,Faxinal dos Guedes - SC,2022,340.07,11192.0,32.91
4205357,Flor do Sertão - SC,2022,58.457,1783.0,30.5
4205407,Florianópolis - SC,2022,674.844,537211.0,796.05
4205431,Formosa do Sul - SC,2022,100.408,2682.0,26.71
4205456,Forquilhinha - SC,2022,183.351,31431.0,171.43
4205506,Fraiburgo - SC,2022,549.188,33481.0,60.96
4205555,Frei Rogério - SC,2022,158.775,2411.0,15.19
4205605,Galvão - SC,2022,139.836,3210.0,22.96
4205704,Garopaba - SC,2022,114.773,29959.0,261.03
4205803,Garuva - SC,2022,503.595,18545.0,36.83
4205902,Gaspar - SC,2022,386.616,72570.0,187.71
4206009,Governador Celso Ramos - SC,2022,127.556,16915.0,132.61
4206108,Grão-Pará - SC,2022,334.362,6277.0,18.77
4206207,Gravatal - SC,2022,165.718,12435.0,75.04
4206306,Guabiruba - SC,2022,172.173,24543.0,142.55
4206405,Guaraciaba - SC,2022,331.766,10796.0,32.54
4206504,Guaramirim - SC,2022,267.514,46711.0,174.61
4206603,Guarujá do Sul - SC,2022,100.63,4829.0,47.99
4206652,Guatambú - SC,2022,206.196,8425.0,40.86
4206702,Herval d'Oeste - SC,2022,216.581,21724.0,100.3
4206751,Ibiam - SC,2022,146.009,2008.0,13.75
4206801,Ibicaré - SC,2022,156.439,3269.0,20.9
4206900,Ibirama - SC,2022,247.102,19862.0,80.38
4207007,Içara - SC,2022,230.393,59035.0,256.24
4207106,Ilhota - SC,2022,253.024,17046.0,67.37
4207205,Imaruí - SC,2022,542.238,11881.0,21.91
4207304,Imbituba - SC,2022,181.577,52579.0,289.57
4207403,Imbuia - SC,2022,119.113,5982.0,50.22
4207502,Indaial - SC,2022,430.799,71549.0,166.08
4207577,Iomerê - SC,2022,113.986,2877.0,25.24
4207601,Ipira - SC,2022,155.651,4578.0,29.41
4207650,Iporã do Oeste - SC,2022,200.96,9335.0,46.45
4207684,Ipuaçu - SC,2022,261.081,7730.0,29.61
4207700,Ipumirim - SC,2022,245.921,7816.0,31.78
4207759,Iraceminha - SC,2022,165.147,3986.0,24.14
4207809,Irani - SC,2022,325.862,10195.0,31.29
4207858,Irati - SC,2022,77.912,2069.0,26.56
4207908,Irineópolis - SC,2022,589.698,10285.0,17.44
4208005,Itá - SC,2022,166.265,7067.0,42.5
4208104,Itaiópolis - SC,2022,1297.543,22051.0,16.99
4208203,Itajaí - SC,2022,289.215,264054.0,913.0
4208302,Itapema - SC,2022,58.21,75940.0,1304.59
4208401,Itapiranga - SC,2022,281.782,16638.0,59.05
4208450,Itapoá - SC,2022,245.394,30750.0,125.31
4208500,Ituporanga - SC,2022,336.588,26525.0,78.81
4208609,Jaborá - SC,2022,182.483,4310.0,23.62
4208708,Jacinto Machado - SC,2022,430.704,10624.0,24.67
4208807,Jaguaruna - SC,2022,326.362,20375.0,62.43
4208906,Jaraguá do Sul - SC,2022,530.894,182660.0,344.06
4208955,Jardinópolis - SC,2022,68.499,1776.0,25.93
4209003,Joaçaba - SC,2022,241.637,30146.0,124.76
4209102,Joinville - SC,2022,1127.947,616317.0,546.41
4209151,José Boiteux - SC,2022,405.552,5985.0,14.76
4209177,Jupiá - SC,2022,91.448,2555.0,27.94
4209201,Lacerdópolis - SC,2022,69.036,2248.0,32.56
4209300,Lages - SC,2022,2637.66,164981.0,62.55
4209409,Laguna - SC,2022,333.26,42785.0,128.38
4209458,Lajeado Grande - SC,2022,65.348,1702.0,26.05
4209508,Laurentino - SC,2022,79.333,7932.0,99.98
4209607,Lauro Müller - SC,2022,271.852,14381.0,52.9
4209706,Lebon Régis - SC,2022,941.64,11472.0,12.18
4209805,Leoberto Leal - SC,2022,293.6,3330.0,11.34
4209854,Lindóia do Sul - SC,2022,190.171,4549.0,23.92
4209904,Lontras - SC,2022,197.586,12873.0,65.15
4210001,Luiz Alves - SC,2022,260.106,11684.0,44.92
4210035,Luzerna - SC,2022,117.099,5794.0,49.48
4210050,Macieira - SC,2022,261.208,1778.0,6.81
4210100,Mafra - SC,2022,1404.084,55286.0,39.38
4210209,Major Gercino - SC,2022,306.058,3214.0,10.5
4210308,Major Vieira - SC,2022,520.816,7425.0,14.26
4210407,Maracajá - SC,2022,62.902,7815.0,124.24
4210506,Maravilha - SC,2022,170.339,28251.0,165.85
4210555,Marema - SC,2022,104.184,2184.0,20.96
4210605,Massaranduba - SC,2022,374.459,17162.0,45.83
4210704,Matos Costa - SC,2022,435.391,2761.0,6.34
4210803,Meleiro - SC,2022,186.439,7006.0,37.58
4210852,Mirim Doce - SC,2022,337.991,2511.0,7.43
4210902,Modelo - SC,2022,92.346,4080.0,44.18
4211009,Mondaí - SC,2022,200.276,10066.0,50.26
4211058,Monte Carlo - SC,2022,191.278,9117.0,47.66
4211108,Monte Castelo - SC,2022,560.743,7736.0,13.8
4211207,Morro da Fumaça - SC,2022,82.818,18537.0,223.83
4211256,Morro Grande - SC,2022,260.143,3010.0,11.57
4211306,Navegantes - SC,2022,111.377,86401.0,775.75
4211405,Nova Erechim - SC,2022,65.087,5155.0,79.2
4211454,Nova Itaberaba - SC,2022,137.388,4536.0,33.02
4211504,Nova Trento - SC,2022,402.852,13727.0,34.07
4211603,Nova Veneza - SC,2022,295.061,13664.0,46.31
4211652,Novo Horizonte - SC,2022,151.722,2643.0,17.42
4211702,Orleans - SC,2022,549.859,23661.0,43.03
4211751,Otacílio Costa - SC,2022,847.253,17312.0,20.43
4211801,Ouro - SC,2022,213.543,7032.0,32.93
4211850,Ouro Verde - SC,2022,188.568,2181.0,11.57
4211876,Paial - SC,2022,86.048,1927.0,22.39
4211892,Painel - SC,2022,738.331,2215.0,3.0
4211900,Palhoça - SC,2022,394.85,222598.0,563.75
4212007,Palma Sola - SC,2022,330.878,7605.0,22.98
4212056,Palmeira - SC,2022,289.097,2561.0,8.86
4212106,Palmitos - SC,2022,351.051,15626.0,44.51
4212205,Papanduva - SC,2022,764.737,19150.0,25.04
4212239,Paraíso - SC,2022,180.338,4267.0,23.66
4212254,Passo de Torres - SC,2022,92.638,12897.0,139.22
4212270,Passos Maia - SC,2022,617.092,4034.0,6.54
4212304,Paulo Lopes - SC,2022,446.165,9063.0,20.31
4212403,Pedras Grandes - SC,2022,159.891,4245.0,26.55
4212502,Penha - SC,2022,57.752,33663.0,582.89
4212601,Peritiba - SC,2022,96.168,2992.0,31.11
4212650,Pescaria Brava - SC,2022,106.853,10190.0,95.36
4212700,Petrolândia - SC,2022,306.76,6716.0,21.89
4212809,Balneário Piçarras - SC,2022,99.355,27127.0,273.03
4212908,Pinhalzinho - SC,2022,128.726,21972.0,170.69
4213005,Pinheiro Preto - SC,2022,61.011,3473.0,56.92
4213104,Piratuba - SC,2022,146.088,5769.0,39.49
4213153,Planalto Alegre - SC,2022,63.1,2946.0,46.69
4213203,Pomerode - SC,2022,214.299,34289.0,160.01
4213302,Ponte Alta - SC,2022,575.17,4437.0,7.71
4213351,Ponte Alta do Norte - SC,2022,396.882,3210.0,8.09
4213401,Ponte Serrada - SC,2022,560.731,10649.0,18.99
4213500,Porto Belo - SC,2022,93.673,27688.0,295.58
4213609,Porto União - SC,2022,848.779,32970.0,38.84
4213708,Pouso Redondo - SC,2022,356.539,17123.0,48.03
4213807,Praia Grande - SC,2022,284.36,8270.0,29.08
4213906,Presidente Castello Branco - SC,2022,65.433,1689.0,25.81
4214003,Presidente Getúlio - SC,2022,297.16,20010.0,67.34
4214102,Presidente Nereu - SC,2022,224.748,2301.0,10.24
4214151,Princesa - SC,2022,85.598,2964.0,34.63
4214201,Quilombo - SC,2022,278.983,11022.0,39.51
4214300,Rancho Queimado - SC,2022,286.461,3279.0,11.45
4214409,Rio das Antas - SC,2022,314.913,6253.0,19.86
4214508,Rio do Campo - SC,2022,502.095,6452.0,12.85
4214607,Rio do Oeste - SC,2022,245.057,7747.0,31.61
4214706,Rio dos Cedros - SC,2022,555.473,10865.0,19.56
4214805,Rio do Sul - SC,2022,260.817,72587.0,278.31
4214904,Rio Fortuna - SC,2022,302.39,4847.0,16.03
4215000,Rio Negrinho - SC,2022,907.42,39261.0,43.27
4215059,Rio Rufino - SC,2022,282.571,2397.0,8.48
4215075,Riqueza - SC,2022,191.061,4768.0,24.96
4215109,Rodeio - SC,2022,129.001,12757.0,98.89
4215208,Romelândia - SC,2022,223.333,4823.0,21.6
4215307,Salete - SC,2022,177.887,7489.0,42.1
4215356,Saltinho - SC,2022,156.568,3632.0,23.2
4215406,Salto Veloso - SC,2022,104.531,4390.0,42.0
4215455,Sangão - SC,2022,82.984,12882.0,155.23
4215505,Santa Cecília - SC,2022,1145.845,15546.0,13.57
4215554,Santa Helena - SC,2022,81.004,2425.0,29.94
4215604,Santa Rosa de Lima - SC,2022,203.218,2088.0,10.27
4215653,Santa Rosa do Sul - SC,2022,150.299,9792.0,65.15
4215679,Santa Terezinha - SC,2022,715.551,8066.0,11.27
4215687,Santa Terezinha do Progresso - SC,2022,119.653,2576.0,21.53
4215695,Santiago do Sul - SC,2022,73.335,1651.0,22.51
4215703,Santo Amaro da Imperatriz - SC,2022,344.235,27272.0,79.22
4215752,São Bernardino - SC,2022,149.891,2684.0,17.91
4215802,São Bento do Sul - SC,2022,495.772,83277.0,167.97
4215901,São Bonifácio - SC,2022,461.438,2946.0,6.38
4216008,São Carlos - SC,2022,162.12,10282.0,63.42
4216057,São Cristóvão do Sul - SC,2022,345.903,6084.0,17.59
4216107,São Domingos - SC,2022,367.525,9226.0,25.1
4216206,São Francisco do Sul - SC,2022,493.266,52674.0,106.79
4216255,São João do Oeste - SC,2022,163.747,6295.0,38.44
4216305,São João Batista - SC,2022,200.765,32687.0,162.81
4216354,São João do Itaperiú - SC,2022,151.885,4463.0,29.38
4216404,São João do Sul - SC,2022,184.375,8668.0,47.01
4216503,São Joaquim - SC,2022,1888.634,25939.0,13.73
4216602,São José - SC,2022,150.499,270299.0,1796.02
4216701,São José do Cedro - SC,2022,280.76,14167.0,50.46
4216800,São José do Cerrito - SC,2022,948.714,8708.0,9.18
4216909,São Lourenço do Oeste - SC,2022,356.193,24791.0,69.6
4217006,São Ludgero - SC,2022,106.765,13509.0,126.53
4217105,São Martinho - SC,2022,224.566,3405.0,15.16
4217154,São Miguel da Boa Vista - SC,2022,72.755,1781.0,24.48
4217204,São Miguel do Oeste - SC,2022,234.202,44330.0,189.28
4217253,São Pedro de Alcântara - SC,2022,139.196,5776.0,41.5
4217303,Saudades - SC,2022,205.781,10265.0,49.88
4217402,Schroeder - SC,2022,165.237,20061.0,121.41
4217501,Seara - SC,2022,309.627,18620.0,60.14
4217550,Serra Alta - SC,2022,90.564,3303.0,36.47
4217600,Siderópolis - SC,2022,262.004,13714.0,52.34
4217709,Sombrio - SC,2022,143.457,29991.0,209.06
4217758,Sul Brasil - SC,2022,113.125,2832.0,25.03
4217808,Taió - SC,2022,693.847,18310.0,26.39
4217907,Tangará - SC,2022,390.044,8143.0,20.88
4217956,Tigrinhos - SC,2022,56.962,2329.0,40.89
4218004,Tijucas - SC,2022,279.159,51592.0,184.81
4218103,Timbé do Sul - SC,2022,328.507,5386.0,16.4
4218202,Timbó - SC,2022,128.313,46099.0,359.27
4218251,Timbó Grande - SC,2022,596.344,7342.0,12.31
4218301,Três Barras - SC,2022,436.496,19746.0,45.24
4218350,Treviso - SC,2022,156.61,3782.0,24.15
4218400,Treze de Maio - SC,2022,159.833,7362.0,46.06
4218509,Treze Tílias - SC,2022,185.937,8787.0,47.26
4218608,Trombudo Central - SC,2022,109.648,7274.0,66.34
4218707,Tubarão - SC,2022,301.485,110088.0,365.15
4218756,Tunápolis - SC,2022,132.939,4916.0,36.98
4218806,Turvo - SC,2022,235.104,13043.0,55.48
4218855,União do Oeste - SC,2022,92.857,2774.0,29.87
4218905,Urubici - SC,2022,1021.371,10834.0,10.61
4218954,Urupema - SC,2022,350.472,2656.0,7.58
4219002,Urussanga - SC,2022,254.954,20919.0,82.05
4219101,Vargeão - SC,2022,166.685,3634.0,21.8
4219150,Vargem - SC,2022,350.606,2627.0,7.49
4219176,Vargem Bonita - SC,2022,299.807,4576.0,15.26
4219200,Vidal Ramos - SC,2022,346.932,6189.0,17.84
4219309,Videira - SC,2022,384.127,55466.0,144.39
4219358,Vitor Meireles - SC,2022,370.414,5370.0,14.5
4219408,Witmarsum - SC,2022,153.776,4255.0,27.67
4219507,Xanxerê - SC,2022,377.426,51607.0,136.73
4219606,Xavantina - SC,2022,218.032,3653.0,16.75
4219705,Xaxim - SC,2022,293.628,31918.0,108.7
4219853,Zortéa - SC,2022,190.179,3930.0,20.66
4220000,Balneário Rincão - SC,2022,63.42,15981.0,251.99
4300034,Aceguá - RS,2022,1551.339,4170.0,2.69
4300059,Água Santa - RS,2022,291.503,3912.0,13.42
4300109,Agudo - RS,2022,534.624,16041.0,30.0
4300208,Ajuricaba - RS,2022,322.674,6720.0,20.83
4300307,Alecrim - RS,2022,316.394,6123.0,19.35
4300406,Alegrete - RS,2022,7800.428,72409.0,9.28
4300455,Alegria - RS,2022,172.794,3651.0,21.13
4300471,Almirante Tamandaré do Sul - RS,2022,265.042,1969.0,7.43
4300505,Alpestre - RS,2022,325.979,7117.0,21.83
4300554,Alto Alegre - RS,2022,115.335,1800.0,15.61
4300570,Alto Feliz - RS,2022,78.175,3072.0,39.3
4300604,Alvorada - RS,2022,71.7,187315.0,2612.48
4300638,Amaral Ferrador - RS,2022,505.983,5310.0,10.49
4300646,Ametista do Sul - RS,2022,93.704,7650.0,81.64
4300661,André da Rocha - RS,2022,331.208,1135.0,3.43
4300703,Anta Gorda - RS,2022,242.1,5957.0,24.61
4300802,Antônio Prado - RS,2022,347.541,13045.0,37.54
4300851,Arambaré - RS,2022,518.193,4112.0,7.94
4300877,Araricá - RS,2022,35.391,8525.0,240.88
4300901,Aratiba - RS,2022,342.279,6483.0,18.94
4301008,Arroio do Meio - RS,2022,157.088,21958.0,139.78
4301057,Arroio do Sal - RS,2022,119.16,11057.0,92.79
4301073,Arroio do Padre - RS,2022,124.693,2599.0,20.84
4301107,Arroio dos Ratos - RS,2022,425.791,14601.0,34.29
4301206,Arroio do Tigre - RS,2022,315.132,12058.0,38.26
4301305,Arroio Grande - RS,2022,2508.557,17558.0,7.0
4301404,Arvorezinha - RS,2022,269.31,10322.0,38.33
4301503,Augusto Pestana - RS,2022,348.231,7149.0,20.53
4301552,Áurea - RS,2022,156.727,3396.0,21.67
4301602,Bagé - RS,2022,4090.36,117938.0,28.83
4301636,Balneário Pinhal - RS,2022,102.387,14955.0,146.06
4301651,Barão - RS,2022,124.757,6461.0,51.79
4301701,Barão de Cotegipe - RS,2022,260.505,7144.0,27.42
4301750,Barão do Triunfo - RS,2022,436.101,5889.0,13.5
4301800,Barracão - RS,2022,515.469,4831.0,9.37
4301859,Barra do Guarita - RS,2022,62.801,3161.0,50.33
4301875,Barra do Quaraí - RS,2022,1055.937,4241.0,4.02
4301909,Barra do Ribeiro - RS,2022,729.316,12225.0,16.76
4301925,Barra do Rio Azul - RS,2022,146.995,1696.0,11.54
4301958,Barra Funda - RS,2022,60.437,2498.0,41.33
4302006,Barros Cassal - RS,2022,647.994,9296.0,14.35
4302055,Benjamin Constant do Sul - RS,2022,132.351,2082.0,15.73
4302105,Bento Gonçalves - RS,2022,272.287,123151.0,452.28
4302154,Boa Vista das Missões - RS,2022,196.064,1933.0,9.86
4302204,Boa Vista do Buricá - RS,2022,109.541,6966.0,63.59
4302220,Boa Vista do Cadeado - RS,2022,701.221,2229.0,3.18
4302238,Boa Vista do Incra - RS,2022,504.114,2271.0,4.5
4302253,Boa Vista do Sul - RS,2022,94.399,2779.0,29.44
4302303,Bom Jesus - RS,2022,2622.837,11202.0,4.27
4302352,Bom Princípio - RS,2022,88.66,13142.0,148.23
4302378,Bom Progresso - RS,2022,89.206,2096.0,23.5
4302402,Bom Retiro do Sul - RS,2022,102.54,12294.0,119.89
4302451,Boqueirão do Leão - RS,2022,265.952,6247.0,23.49
4302501,Bossoroca - RS,2022,1610.056,5890.0,3.66
4302584,Bozano - RS,2022,200.497,2151.0,10.73
4302600,Braga - RS,2022,132.044,3268.0,24.75
4302659,Brochier - RS,2022,105.353,4966.0,47.14
4302709,Butiá - RS,2022,752.187,19084.0,25.37
4302808,Caçapava do Sul - RS,2022,3048.147,32515.0,10.67
4302907,Cacequi - RS,2022,2373.507,11157.0,4.7
4303004,Cachoeira do Sul - RS,2022,3736.064,80070.0,21.43
4303103,Cachoeirinha - RS,2022,43.778,136258.0,3112.48
4303202,Cacique Doble - RS,2022,204.055,4603.0,22.56
4303301,Caibaté - RS,2022,261.303,4704.0,18.0
4303400,Caiçara - RS,2022,189.16,4836.0,25.57
4303509,Camaquã - RS,2022,1680.168,62200.0,37.02
4303558,Camargo - RS,2022,138.069,2981.0,21.59
4303608,Cambará do Sul - RS,2022,1181.811,6361.0,5.38
4303673,Campestre da Serra - RS,2022,538.487,3242.0,6.02
4303707,Campina das Missões - RS,2022,224.801,5882.0,26.17
4303806,Campinas do Sul - RS,2022,276.162,5284.0,19.13
4303905,Campo Bom - RS,2022,60.579,62886.0,1038.08
4304002,Campo Novo - RS,2022,220.719,4975.0,22.54
4304101,Campos Borges - RS,2022,226.202,3613.0,15.97
4304200,Candelária - RS,2022,944.735,28906.0,30.6
4304309,Cândido Godói - RS,2022,247.047,6294.0,25.48
4304358,Candiota - RS,2022,933.628,10710.0,11.47
4304408,Canela - RS,2022,253.002,48946.0,193.46
4304507,Canguçu - RS,2022,3526.253,49680.0,14.09
4304606,Canoas - RS,2022,130.789,347657.0,2658.15
4304614,Canudos do Vale - RS,2022,82.908,1656.0,19.97
4304622,Capão Bonito do Sul - RS,2022,526.85,1733.0,3.29
4304630,Capão da Canoa - RS,2022,98.383,63594.0,646.39
4304655,Capão do Cipó - RS,2022,1007.796,3119.0,3.09
4304663,Capão do Leão - RS,2022,783.196,26487.0,33.82
4304671,Capivari do Sul - RS,2022,412.889,3991.0,9.67
4304689,Capela de Santana - RS,2022,182.756,11159.0,61.06
4304697,Capitão - RS,2022,73.967,2921.0,39.49
4304705,Carazinho - RS,2022,666.694,61804.0,92.7
4304713,Caraá - RS,2022,294.606,7394.0,25.1
4304804,Carlos Barbosa - RS,2022,230.061,30420.0,132.23
4304853,Carlos Gomes - RS,2022,83.155,1368.0,16.45
4304903,Casca - RS,2022,272.041,9465.0,34.79
4304952,Caseiros - RS,2022,235.863,3000.0,12.72
4305009,Catuípe - RS,2022,583.184,8674.0,14.87
4305108,Caxias do Sul - RS,2022,1652.32,463501.0,280.52
4305116,Centenário - RS,2022,134.23,2721.0,20.27
4305124,Cerrito - RS,2022,451.699,5808.0,12.86
4305132,Cerro Branco - RS,2022,158.025,3802.0,24.06
4305157,Cerro Grande - RS,2022,73.438,2379.0,32.39
4305173,Cerro Grande do Sul - RS,2022,324.908,9178.0,28.25
4305207,Cerro Largo - RS,2022,176.643,13705.0,77.59
4305306,Chapada - RS,2022,684.247,9540.0,13.94
4305355,Charqueadas - RS,2022,217.362,35012.0,161.08
4305371,Charrua - RS,2022,198.748,2768.0,13.93
4305405,Chiapetta - RS,2022,397.179,3913.0,9.85
4305439,Chuí - RS,2022,202.387,6262.0,30.94
4305447,Chuvisca - RS,2022,220.471,4597.0,20.85
4305454,Cidreira - RS,2022,243.419,17071.0,70.13
4305504,Ciríaco - RS,2022,274.35,4149.0,15.12
4305587,Colinas - RS,2022,60.732,2423.0,39.9
4305603,Colorado - RS,2022,286.295,3258.0,11.38
4305702,Condor - RS,2022,463.568,6406.0,13.82
4305801,Constantina - RS,2022,203.614,10385.0,51.0
4305835,Coqueiro Baixo - RS,2022,112.638,1290.0,11.45
4305850,Coqueiros do Sul - RS,2022,277.147,2211.0,7.98
4305871,Coronel Barros - RS,2022,163.684,2822.0,17.24
4305900,Coronel Bicaco - RS,2022,492.303,6144.0,12.48
4305934,Coronel Pilar - RS,2022,105.668,1607.0,15.21
4305959,Cotiporã - RS,2022,173.207,3846.0,22.2
4305975,Coxilha - RS,2022,422.101,2667.0,6.32
4306007,Crissiumal - RS,2022,362.194,12886.0,35.58
4306056,Cristal - RS,2022,682.138,7299.0,10.7
4306072,Cristal do Sul - RS,2022,97.077,2692.0,27.73
4306106,Cruz Alta - RS,2022,1360.548,58913.0,43.3
4306130,Cruzaltense - RS,2022,166.883,1635.0,9.8
4306205,Cruzeiro do Sul - RS,2022,155.058,11600.0,74.81
4306304,David Canabarro - RS,2022,174.734,4321.0,24.73
4306320,Derrubadas - RS,2022,360.851,2751.0,7.62
4306353,Dezesseis de Novembro - RS,2022,217.363,2507.0,11.53
4306379,Dilermando de Aguiar - RS,2022,600.518,2806.0,4.67
4306403,Dois Irmãos - RS,2022,66.114,30709.0,464.49
4306429,Dois Irmãos das Missões - RS,2022,226.072,2090.0,9.24
4306452,Dois Lajeados - RS,2022,133.535,3097.0,23.19
4306502,Dom Feliciano - RS,2022,1355.195,13051.0,9.63
4306551,Dom Pedro de Alcântara - RS,2022,78.219,2562.0,32.75
4306601,Dom Pedrito - RS,2022,5194.051,36981.0,7.12
4306700,Dona Francisca - RS,2022,114.149,3079.0,26.97
4306734,Doutor Maurício Cardoso - RS,2022,255.731,4470.0,17.48
4306759,Doutor Ricardo - RS,2022,107.96,1888.0,17.49
4306767,Eldorado do Sul - RS,2022,509.614,39559.0,77.63
4306809,Encantado - RS,2022,140.006,22962.0,164.01
4306908,Encruzilhada do Sul - RS,2022,3347.861,23819.0,7.11
4306924,Engenho Velho - RS,2022,71.191,1296.0,18.2
4306932,Entre-Ijuís - RS,2022,552.986,9158.0,16.56
4306957,Entre Rios do Sul - RS,2022,119.912,2685.0,22.39
4306973,Erebango - RS,2022,152.793,3054.0,19.99
4307005,Erechim - RS,2022,429.164,105705.0,246.3
4307054,Ernestina - RS,2022,238.558,3034.0,12.72
4307104,Herval - RS,2022,1759.717,6191.0,3.52
4307203,Erval Grande - RS,2022,285.677,4930.0,17.26
4307302,Erval Seco - RS,2022,357.181,6787.0,19.0
4307401,Esmeralda - RS,2022,829.587,3195.0,3.85
4307450,Esperança do Sul - RS,2022,148.909,3226.0,21.66
4307500,Espumoso - RS,2022,783.642,15173.0,19.36
4307559,Estação - RS,2022,99.757,5582.0,55.96
4307609,Estância Velha - RS,2022,51.779,47924.0,925.55
4307708,Esteio - RS,2022,27.676,76137.0,2751.01
4307807,Estrela - RS,2022,185.026,32183.0,173.94
4307815,Estrela Velha - RS,2022,281.613,3070.0,10.9
4307831,Eugênio de Castro - RS,2022,418.069,2633.0,6.3
4307864,Fagundes Varela - RS,2022,134.295,2566.0,19.11
4307906,Farroupilha - RS,2022,361.341,70286.0,194.51
4308003,Faxinal do Soturno - RS,2022,169.514,6702.0,39.54
4308052,Faxinalzinho - RS,2022,143.321,2520.0,17.58
4308078,Fazenda Vilanova - RS,2022,84.794,4291.0,50.6
4308102,Feliz - RS,2022,94.832,13764.0,145.14
4308201,Flores da Cunha - RS,2022,276.241,30892.0,111.83
4308250,Floriano Peixoto - RS,2022,168.521,1668.0,9.9
4308300,Fontoura Xavier - RS,2022,583.239,9550.0,16.37
4308409,Formigueiro - RS,2022,578.875,6413.0,11.08
4308433,Forquetinha - RS,2022,93.275,2393.0,25.66
4308458,Fortaleza dos Valos - RS,2022,650.512,4477.0,6.88
4308508,Frederico Westphalen - RS,2022,265.181,32627.0,123.04
4308607,Garibaldi - RS,2022,168.492,34335.0,203.78
4308656,Garruchos - RS,2022,803.737,2688.0,3.34
4308706,Gaurama - RS,2022,204.428,5665.0,27.71
4308805,General Câmara - RS,2022,510.01,7612.0,14.93
4308854,Gentil - RS,2022,184.715,1744.0,9.44
4308904,Getúlio Vargas - RS,2022,287.466,16602.0,57.75
4309001,Giruá - RS,2022,857.059,16013.0,18.68
4309050,Glorinha - RS,2022,323.955,7658.0,23.64
4309100,Gramado - RS,2022,239.341,40134.0,167.69
4309126,Gramado dos Loureiros - RS,2022,131.396,2014.0,15.33
4309159,Gramado Xavier - RS,2022,217.515,3304.0,15.19
4309209,Gravataí - RS,2022,468.288,265074.0,566.05
4309258,Guabiju - RS,2022,146.925,1417.0,9.64
4309308,Guaíba - RS,2022,376.166,92924.0,247.03
4309407,Guaporé - RS,2022,297.545,25268.0,84.92
4309506,Guarani das Missões - RS,2022,290.7,7415.0,25.51
4309555,Harmonia - RS,2022,48.557,5378.0,110.76
4309571,Herveiras - RS,2022,118.261,2565.0,21.69
4309605,Horizontina - RS,2022,229.694,18851.0,82.07
4309654,Hulha Negra - RS,2022,822.608,5976.0,7.26
4309704,Humaitá - RS,2022,135.01,4681.0,34.67
4309753,Ibarama - RS,2022,195.426,3732.0,19.1
4309803,Ibiaçá - RS,2022,348.778,4527.0,12.98
4309902,Ibiraiaras - RS,2022,292.16,6776.0,23.19
4309951,Ibirapuitã - RS,2022,307.164,3723.0,12.12
4310009,Ibirubá - RS,2022,607.185,21583.0,35.55
4310108,Igrejinha - RS,2022,138.303,32808.0,237.22
4310207,Ijuí - RS,2022,688.982,84780.0,123.05
4310306,Ilópolis - RS,2022,123.602,4157.0,33.63
4310330,Imbé - RS,2022,39.766,26824.0,674.55
4310363,Imigrante - RS,2022,71.716,3080.0,42.95
4310405,Independência - RS,2022,358.283,6427.0,17.94
4310413,Inhacorá - RS,2022,113.749,2014.0,17.71
4310439,Ipê - RS,2022,599.032,5399.0,9.01
4310462,Ipiranga do Sul - RS,2022,158.71,1720.0,10.84
4310504,Iraí - RS,2022,181.579,7482.0,41.21
4310538,Itaara - RS,2022,172.801,5572.0,32.25
4310553,Itacurubi - RS,2022,1120.874,2995.0,2.67
4310579,Itapuca - RS,2022,184.673,1937.0,10.49
4310603,Itaqui - RS,2022,3406.606,35768.0,10.5
4310652,Itati - RS,2022,205.06,2638.0,12.86
4310702,Itatiba do Sul - RS,2022,212.669,3208.0,15.08
4310751,Ivorá - RS,2022,122.93,1929.0,15.69
4310801,Ivoti - RS,2022,63.092,22983.0,364.28
4310850,Jaboticaba - RS,2022,127.589,3779.0,29.62
4310876,Jacuizinho - RS,2022,339.399,2040.0,6.01
4310900,Jacutinga - RS,2022,178.009,3338.0,18.75
4311007,Jaguarão - RS,2022,2051.845,26603.0,12.97
4311106,Jaguari - RS,2022,675.314,10579.0,15.67
4311122,Jaquirana - RS,2022,908.879,3690.0,4.06
4311130,Jari - RS,2022,853.08,3349.0,3.93
4311155,Jóia - RS,2022,1238.918,7184.0,5.8
4311205,Júlio de Castilhos - RS,2022,1929.544,18226.0,9.45
4311239,Lagoa Bonita do Sul - RS,2022,109.758,2251.0,20.51
4311254,Lagoão - RS,2022,387.486,5341.0,13.78
4311270,Lagoa dos Três Cantos - RS,2022,138.602,1738.0,12.54
4311304,Lagoa Vermelha - RS,2022,1260.227,27659.0,21.95
4311403,Lajeado - RS,2022,91.231,93646.0,1026.47
4311429,Lajeado do Bugre - RS,2022,67.947,2601.0,38.28
4311502,Lavras do Sul - RS,2022,2600.969,7157.0,2.75
4311601,Liberato Salzano - RS,2022,245.627,4781.0,19.46
4311627,Lindolfo Collor - RS,2022,33.351,6248.0,187.34
4311643,Linha Nova - RS,2022,63.502,1683.0,26.5
4311700,Machadinho - RS,2022,335.198,5735.0,17.11
4311718,Maçambará - RS,2022,1682.82,4425.0,2.63
4311734,Mampituba - RS,2022,156.653,3131.0,19.99
4311759,Manoel Viana - RS,2022,1390.696,6801.0,4.89
4311775,Maquiné - RS,2022,613.58,7418.0,12.09
4311791,Maratá - RS,2022,82.063,2470.0,30.1
4311809,Marau - RS,2022,649.77,45124.0,69.45
4311908,Marcelino Ramos - RS,2022,229.759,4320.0,18.8
4311981,Mariana Pimentel - RS,2022,338.45,3916.0,11.57
4312005,Mariano Moro - RS,2022,98.727,1858.0,18.82
4312054,Marques de Souza - RS,2022,125.714,3969.0,31.57
4312104,Mata - RS,2022,316.121,4698.0,14.86
4312138,Mato Castelhano - RS,2022,238.268,2553.0,10.71
4312153,Mato Leitão - RS,2022,46.799,4859.0,103.83
4312179,Mato Queimado - RS,2022,114.653,1795.0,15.66
4312203,Maximiliano de Almeida - RS,2022,208.439,4191.0,20.11
4312252,Minas do Leão - RS,2022,424.339,7505.0,17.69
4312302,Miraguaí - RS,2022,131.236,4427.0,33.73
4312351,Montauri - RS,2022,82.23,1499.0,18.23
4312377,Monte Alegre dos Campos - RS,2022,549.455,3180.0,5.79
4312385,Monte Belo do Sul - RS,2022,69.726,2557.0,36.67
4312401,Montenegro - RS,2022,425.023,64322.0,151.34
4312427,Mormaço - RS,2022,146.191,2756.0,18.85
4312443,Morrinhos do Sul - RS,2022,166.224,3071.0,18.48
4312450,Morro Redondo - RS,2022,244.645,6046.0,24.71
4312476,Morro Reuter - RS,2022,89.412,6029.0,67.43
4312500,Mostardas - RS,2022,1977.442,12090.0,6.11
4312609,Muçum - RS,2022,111.247,4601.0,41.36
4312617,Muitos Capões - RS,2022,1193.23,2879.0,2.41
4312625,Muliterno - RS,2022,111.132,1721.0,15.49
4312658,Não-Me-Toque - RS,2022,361.689,17898.0,49.48
4312674,Nicolau Vergueiro - RS,2022,154.995,1932.0,12.46
4312708,Nonoai - RS,2022,468.962,13719.0,29.25
4312757,Nova Alvorada - RS,2022,148.861,3163.0,21.25
4312807,Nova Araçá - RS,2022,75.514,4954.0,65.6
4312906,Nova Bassano - RS,2022,211.611,9649.0,45.6
4312955,Nova Boa Vista - RS,2022,93.733,2042.0,21.79
4313003,Nova Bréscia - RS,2022,102.994,3044.0,29.56
4313011,Nova Candelária - RS,2022,97.579,3061.0,31.37
4313037,Nova Esperança do Sul - RS,2022,191.0,4865.0,25.47
4313060,Nova Hartz - RS,2022,62.319,20088.0,322.34
4313086,Nova Pádua - RS,2022,102.643,2343.0,22.83
4313102,Nova Palma - RS,2022,314.613,5586.0,17.76
4313201,Nova Petrópolis - RS,2022,290.164,23300.0,80.3
4313300,Nova Prata - RS,2022,259.941,25692.0,98.84
4313334,Nova Ramada - RS,2022,255.264,2163.0,8.47
4313359,Nova Roma do Sul - RS,2022,149.767,3466.0,23.14
4313375,Nova Santa Rita - RS,2022,218.153,29024.0,133.04
4313391,Novo Cabrais - RS,2022,192.998,3568.0,18.49
4313409,Novo Hamburgo - RS,2022,222.536,227646.0,1022.96
4313425,Novo Machado - RS,2022,218.836,3198.0,14.61
4313441,Novo Tiradentes - RS,2022,75.428,2146.0,28.45
4313466,Novo Xingu - RS,2022,79.851,1646.0,20.61
4313490,Novo Barreiro - RS,2022,123.344,4272.0,34.63
4313508,Osório - RS,2022,663.878,47396.0,71.39
4313607,Paim Filho - RS,2022,182.115,3629.0,19.93
4313656,Palmares do Sul - RS,2022,949.201,12844.0,13.53
4313706,Palmeira das Missões - RS,2022,1421.101,33216.0,23.37
4313805,Palmitinho - RS,2022,144.181,7839.0,54.37
4313904,Panambi - RS,2022,491.57,43515.0,88.52
4313953,Pantano Grande - RS,2022,841.225,10212.0,12.14
4314001,Paraí - RS,2022,121.745,7194.0,59.09
4314027,Paraíso do Sul - RS,2022,337.534,6519.0,19.31
4314035,Pareci Novo - RS,2022,57.485,4319.0,75.13
4314050,Parobé - RS,2022,108.707,52058.0,478.88
4314068,Passa Sete - RS,2022,304.266,3983.0,13.09
4314076,Passo do Sobrado - RS,2022,265.133,6025.0,22.72
4314100,Passo Fundo - RS,2022,784.407,206215.0,262.89
4314134,Paulo Bento - RS,2022,149.669,2144.0,14.32
4314159,Paverama - RS,2022,171.863,7978.0,46.42
4314175,Pedras Altas - RS,2022,1373.985,2061.0,1.5
4314209,Pedro Osório - RS,2022,603.757,7484.0,12.4
4314308,Pejuçara - RS,2022,414.106,3745.0,9.04
4314407,Pelotas - RS,2022,1608.78,325685.0,202.44
4314423,Picada Café - RS,2022,84.28,5351.0,63.49
4314456,Pinhal - RS,2022,68.222,2959.0,43.37
4314464,Pinhal da Serra - RS,2022,438.11,2248.0,5.13
4314472,Pinhal Grande - RS,2022,478.11,3805.0,7.96
4314498,Pinheirinho do Vale - RS,2022,105.385,4540.0,43.08
4314506,Pinheiro Machado - RS,2022,2249.176,11214.0,4.99
4314548,Pinto Bandeira - RS,2022,104.801,2723.0,25.98
4314555,Pirapó - RS,2022,293.723,2260.0,7.69
4314605,Piratini - RS,2022,3538.3,17504.0,4.95
4314704,Planalto - RS,2022,228.552,10406.0,45.53
4314753,Poço das Antas - RS,2022,67.618,2171.0,32.11
4314779,Pontão - RS,2022,502.709,3296.0,6.56
4314787,Ponte Preta - RS,2022,99.504,1575.0,15.83
4314803,Portão - RS,2022,159.298,34071.0,213.88
4314902,Porto Alegre - RS,2022,495.39,1332845.0,2690.5
4315008,Porto Lucena - RS,2022,250.876,4360.0,17.38
4315057,Porto Mauá - RS,2022,105.811,2142.0,20.24
4315073,Porto Vera Cruz - RS,2022,114.284,1560.0,13.65
4315107,Porto Xavier - RS,2022,281.497,9938.0,35.3
4315131,Pouso Novo - RS,2022,105.338,1739.0,16.51
4315149,Presidente Lucena - RS,2022,49.628,3077.0,62.0
4315156,Progresso - RS,2022,256.039,5340.0,20.86
4315172,Protásio Alves - RS,2022,171.994,2025.0,11.77
4315206,Putinga - RS,2022,216.159,3747.0,17.33
4315305,Quaraí - RS,2022,3139.995,23500.0,7.48
4315313,Quatro Irmãos - RS,2022,268.971,1552.0,5.77
4315321,Quevedos - RS,2022,543.359,2507.0,4.61
4315354,Quinze de Novembro - RS,2022,223.072,3910.0,17.53
4315404,Redentora - RS,2022,303.705,9738.0,32.06
4315453,Relvado - RS,2022,108.188,1796.0,16.6
4315503,Restinga Sêca - RS,2022,968.62,14939.0,15.42
4315552,Rio dos Índios - RS,2022,235.854,2835.0,12.02
4315602,Rio Grande - RS,2022,2682.867,191900.0,71.53
4315701,Rio Pardo - RS,2022,2051.112,34654.0,16.9
4315750,Riozinho - RS,2022,239.09,4473.0,18.71
4315800,Roca Sales - RS,2022,208.108,10418.0,50.06
4315909,Rodeio Bonito - RS,2022,83.278,6654.0,79.9
4315958,Rolador - RS,2022,295.326,2291.0,7.76
4316006,Rolante - RS,2022,296.09,21253.0,71.78
4316105,Ronda Alta - RS,2022,418.675,9777.0,23.35
4316204,Rondinha - RS,2022,252.454,4991.0,19.77
4316303,Roque Gonzales - RS,2022,349.074,6576.0,18.84
4316402,Rosário do Sul - RS,2022,4343.656,36630.0,8.43
4316428,Sagrada Família - RS,2022,77.889,2480.0,31.84
4316436,Saldanha Marinho - RS,2022,221.554,2575.0,11.62
4316451,Salto do Jacuí - RS,2022,507.698,10203.0,20.1
4316477,Salvador das Missões - RS,2022,94.312,2877.0,30.51
4316501,Salvador do Sul - RS,2022,99.156,6879.0,69.38
4316600,Sananduva - RS,2022,504.438,16399.0,32.51
4316709,Santa Bárbara do Sul - RS,2022,975.799,8122.0,8.32
4316733,Santa Cecília do Sul - RS,2022,200.056,1674.0,8.37
4316758,Santa Clara do Sul - RS,2022,86.442,6887.0,79.67
4316808,Santa Cruz do Sul - RS,2022,733.898,133230.0,181.54
4316907,Santa Maria - RS,2022,1780.194,271735.0,152.64
4316956,Santa Maria do Herval - RS,2022,140.437,6340.0,45.14
4316972,Santa Margarida do Sul - RS,2022,955.299,2596.0,2.72
4317004,Santana da Boa Vista - RS,2022,1418.805,7024.0,4.95
4317103,Sant'Ana do Livramento - RS,2022,6946.407,84421.0,12.15
4317202,Santa Rosa - RS,2022,489.38,76963.0,157.27
4317251,Santa Tereza - RS,2022,73.669,1505.0,20.43
4317301,Santa Vitória do Palmar - RS,2022,5206.977,30983.0,5.95
4317400,Santiago - RS,2022,2414.195,48938.0,20.27
4317509,Santo Ângelo - RS,2022,679.34,76917.0,113.22
4317558,Santo Antônio do Palma - RS,2022,126.094,2091.0,16.58
4317608,Santo Antônio da Patrulha - RS,2022,1049.583,42947.0,40.92
4317707,Santo Antônio das Missões - RS,2022,1710.869,10300.0,6.02
4317756,Santo Antônio do Planalto - RS,2022,203.44,2089.0,10.27
4317806,Santo Augusto - RS,2022,467.775,13902.0,29.72
4317905,Santo Cristo - RS,2022,367.202,15320.0,41.72
4317954,Santo Expedito do Sul - RS,2022,125.595,2349.0,18.7
4318002,São Borja - RS,2022,3616.69,59676.0,16.5
4318051,São Domingos do Sul - RS,2022,78.67,2754.0,35.01
4318101,São Francisco de Assis - RS,2022,2506.975,17618.0,7.03
4318200,São Francisco de Paula - RS,2022,3317.794,21893.0,6.6
4318309,São Gabriel - RS,2022,5053.46,58487.0,11.57
4318408,São Jerônimo - RS,2022,935.596,21028.0,22.48
4318424,São João da Urtiga - RS,2022,171.029,4461.0,26.08
4318432,São João do Polêsine - RS,2022,78.32,2649.0,33.82
4318440,São Jorge - RS,2022,125.62,2912.0,23.18
4318457,São José das Missões - RS,2022,98.125,2362.0,24.07
4318465,São José do Herval - RS,2022,102.912,1902.0,18.48
4318481,São José do Hortêncio - RS,2022,63.709,4447.0,69.8
4318499,São José do Inhacorá - RS,2022,77.732,2406.0,30.95
4318507,São José do Norte - RS,2022,1071.824,25443.0,23.74
4318606,São José do Ouro - RS,2022,335.287,6834.0,20.38
4318614,São José do Sul - RS,2022,54.764,2380.0,43.46
4318622,São José dos Ausentes - RS,2022,1173.907,4172.0,3.55
4318705,São Leopoldo - RS,2022,103.009,217409.0,2110.58
4318804,São Lourenço do Sul - RS,2022,2036.125,41989.0,20.62
4318903,São Luiz Gonzaga - RS,2022,1295.522,34752.0,26.82
4319000,São Marcos - RS,2022,256.159,21084.0,82.31
4319109,São Martinho - RS,2022,171.245,5481.0,32.01
4319125,São Martinho da Serra - RS,2022,669.547,2860.0,4.27
4319158,São Miguel das Missões - RS,2022,1228.447,7056.0,5.74
4319208,São Nicolau - RS,2022,485.588,5118.0,10.54
4319307,São Paulo das Missões - RS,2022,223.942,5846.0,26.1
4319356,São Pedro da Serra - RS,2022,35.207,3548.0,100.78
4319364,São Pedro das Missões - RS,2022,79.894,1757.0,21.99
4319372,São Pedro do Butiá - RS,2022,107.559,3070.0,28.54
4319406,São Pedro do Sul - RS,2022,873.394,15577.0,17.84
4319505,São Sebastião do Caí - RS,2022,114.293,24428.0,213.73
4319604,São Sepé - RS,2022,2204.779,21219.0,9.62
4319703,São Valentim - RS,2022,154.45,3264.0,21.13
4319711,São Valentim do Sul - RS,2022,91.898,2207.0,24.02
4319737,São Valério do Sul - RS,2022,107.402,2543.0,23.68
4319752,São Vendelino - RS,2022,31.935,2251.0,70.49
4319802,São Vicente do Sul - RS,2022,1174.822,8097.0,6.89
4319901,Sapiranga - RS,2022,136.473,75648.0,554.31
4320008,Sapucaia do Sul - RS,2022,58.247,132107.0,2268.05
4320107,Sarandi - RS,2022,351.717,22851.0,64.97
4320206,Seberi - RS,2022,300.827,11950.0,39.72
4320230,Sede Nova - RS,2022,119.312,2704.0,22.66
4320263,Segredo - RS,2022,245.17,6009.0,24.51
4320305,Selbach - RS,2022,176.471,5107.0,28.94
4320321,Senador Salgado Filho - RS,2022,147.068,2673.0,18.18
4320354,Sentinela do Sul - RS,2022,282.13,5306.0,18.81
4320404,Serafina Corrêa - RS,2022,163.31,16961.0,103.86
4320453,Sério - RS,2022,98.131,1941.0,19.78
4320503,Sertão - RS,2022,440.631,5541.0,12.58
4320552,Sertão Santana - RS,2022,252.013,5863.0,23.26
4320578,Sete de Setembro - RS,2022,129.238,1830.0,14.16
4320602,Severiano de Almeida - RS,2022,167.598,3406.0,20.32
4320651,Silveira Martins - RS,2022,119.285,2028.0,17.0
4320677,Sinimbu - RS,2022,510.213,8578.0,16.81
4320701,Sobradinho - RS,2022,128.823,14226.0,110.43
4320800,Soledade - RS,2022,1215.056,29991.0,24.68
4320859,Tabaí - RS,2022,94.754,4461.0,47.08
4320909,Tapejara - RS,2022,238.082,24557.0,103.15
4321006,Tapera - RS,2022,179.935,10592.0,58.87
4321105,Tapes - RS,2022,805.452,14695.0,18.24
4321204,Taquara - RS,2022,452.572,53242.0,117.64
4321303,Taquari - RS,2022,349.967,25198.0,72.0
4321329,Taquaruçu do Sul - RS,2022,76.917,3119.0,40.55
4321352,Tavares - RS,2022,610.106,5212.0,8.54
4321402,Tenente Portela - RS,2022,337.495,14497.0,42.95
4321436,Terra de Areia - RS,2022,142.304,10334.0,72.62
4321451,Teutônia - RS,2022,177.795,32797.0,184.47
4321469,Tio Hugo - RS,2022,113.944,3267.0,28.67
4321477,Tiradentes do Sul - RS,2022,236.653,5129.0,21.67
4321493,Toropi - RS,2022,198.316,2554.0,12.88
4321501,Torres - RS,2022,161.627,41751.0,258.32
4321600,Tramandaí - RS,2022,142.878,54387.0,380.65
4321626,Travesseiro - RS,2022,80.681,2152.0,26.67
4321634,Três Arroios - RS,2022,148.601,2591.0,17.44
4321667,Três Cachoeiras - RS,2022,251.483,10962.0,43.59
4321709,Três Coroas - RS,2022,165.285,24425.0,147.78
4321808,Três de Maio - RS,2022,421.461,24916.0,59.12
4321832,Três Forquilhas - RS,2022,217.386,2760.0,12.7
4321857,Três Palmeiras - RS,2022,180.599,4716.0,26.11
4321907,Três Passos - RS,2022,268.902,25436.0,94.59
4321956,Trindade do Sul - RS,2022,268.417,7556.0,28.15
4322004,Triunfo - RS,2022,817.625,27498.0,33.63
4322103,Tucunduva - RS,2022,181.198,5542.0,30.59
4322152,Tunas - RS,2022,217.302,3681.0,16.94
4322186,Tupanci do Sul - RS,2022,135.243,1374.0,10.16
4322202,Tupanciretã - RS,2022,2253.234,20005.0,8.88
4322251,Tupandi - RS,2022,59.447,5029.0,84.6
4322301,Tuparendi - RS,2022,307.71,8363.0,27.18
4322327,Turuçu - RS,2022,253.635,3419.0,13.48
4322343,Ubiretama - RS,2022,125.876,1994.0,15.84
4322350,União da Serra - RS,2022,131.154,1170.0,8.92
4322376,Unistalda - RS,2022,602.387,1995.0,3.31
4322400,Uruguaiana - RS,2022,5702.098,117210.0,20.56
4322509,Vacaria - RS,2022,2124.492,64197.0,30.22
4322525,Vale Verde - RS,2022,329.727,3150.0,9.55
4322533,Vale do Sol - RS,2022,328.275,9897.0,30.15
4322541,Vale Real - RS,2022,45.085,6058.0,134.37
4322558,Vanini - RS,2022,64.905,2004.0,30.88
4322608,Venâncio Aires - RS,2022,772.588,68763.0,89.0
4322707,Vera Cruz - RS,2022,309.621,26710.0,86.27
4322806,Veranópolis - RS,2022,289.397,24021.0,83.0
4322855,Vespasiano Corrêa - RS,2022,113.622,1818.0,16.0
4322905,Viadutos - RS,2022,268.072,4769.0,17.79
4323002,Viamão - RS,2022,1496.506,224112.0,149.76
4323101,Vicente Dutra - RS,2022,193.025,4665.0,24.17
4323200,Victor Graeff - RS,2022,238.133,2780.0,11.67
4323309,Vila Flores - RS,2022,107.703,3646.0,33.85
4323358,Vila Lângaro - RS,2022,151.695,2079.0,13.71
4323408,Vila Maria - RS,2022,181.061,4413.0,24.37
4323457,Vila Nova do Sul - RS,2022,508.278,3863.0,7.6
4323507,Vista Alegre - RS,2022,77.63,2660.0,34.27
4323606,Vista Alegre do Prata - RS,2022,119.327,1590.0,13.32
4323705,Vista Gaúcha - RS,2022,90.022,2783.0,30.91
4323754,Vitória das Missões - RS,2022,258.312,3260.0,12.62
4323770,Westfália - RS,2022,63.665,3098.0,48.66
4323804,Xangri-lá - RS,2022,60.756,16463.0,270.97
5000203,Água Clara - MS,2022,7781.558,16741.0,2.15
5000252,Alcinópolis - MS,2022,4397.518,4537.0,1.03
5000609,Amambai - MS,2022,4193.742,39325.0,9.38
5000708,Anastácio - MS,2022,2913.177,24114.0,8.28
5000807,Anaurilândia - MS,2022,3415.657,7653.0,2.24
5000856,Angélica - MS,2022,1283.627,10729.0,8.36
5000906,Antônio João - MS,2022,1142.895,9303.0,8.14
5001003,Aparecida do Taboado - MS,2022,2751.485,27674.0,10.06
5001102,Aquidauana - MS,2022,17087.021,46803.0,2.74
5001243,Aral Moreira - MS,2022,1653.86,10748.0,6.5
5001508,Bandeirantes - MS,2022,3357.926,7940.0,2.36
5001904,Bataguassu - MS,2022,2392.476,23031.0,9.63
5002001,Batayporã - MS,2022,1826.578,10712.0,5.86
5002100,Bela Vista - MS,2022,4899.44,21613.0,4.41
5002159,Bodoquena - MS,2022,2591.933,8567.0,3.31
5002209,Bonito - MS,2022,5373.016,23659.0,4.4
5002308,Brasilândia - MS,2022,5803.542,11579.0,2.0
5002407,Caarapó - MS,2022,2115.73,30612.0,14.47
5002605,Camapuã - MS,2022,6238.127,13583.0,2.18
5002704,Campo Grande - MS,2022,8082.978,898100.0,111.11
5002803,Caracol - MS,2022,2943.206,5036.0,1.71
5002902,Cassilândia - MS,2022,3658.252,20988.0,5.74
5002951,Chapadão do Sul - MS,2022,3252.327,30993.0,9.53
5003108,Corguinho - MS,2022,2639.657,4783.0,1.81
5003157,Coronel Sapucaia - MS,2022,1023.727,14289.0,13.96
5003207,Corumbá - MS,2022,64432.45,96268.0,1.49
5003256,Costa Rica - MS,2022,4159.384,26037.0,6.26
5003306,Coxim - MS,2022,6391.486,32151.0,5.03
5003454,Deodápolis - MS,2022,828.533,13663.0,16.49
5003488,Dois Irmãos do Buriti - MS,2022,2431.609,11100.0,4.56
5003504,Douradina - MS,2022,280.457,5578.0,19.89
5003702,Dourados - MS,2022,4062.236,243367.0,59.91
5003751,Eldorado - MS,2022,1012.796,11386.0,11.24
5003801,Fátima do Sul - MS,2022,315.333,20609.0,65.36
5003900,Figueirão - MS,2022,4879.932,3539.0,0.73
5004007,Glória de Dourados - MS,2022,493.434,10444.0,21.17
5004106,Guia Lopes da Laguna - MS,2022,1225.426,9940.0,8.11
5004304,Iguatemi - MS,2022,2957.41,13808.0,4.67
5004403,Inocência - MS,2022,5761.19,8404.0,1.46
5004502,Itaporã - MS,2022,1342.764,24137.0,17.98
5004601,Itaquiraí - MS,2022,2063.717,19423.0,9.41
5004700,Ivinhema - MS,2022,2003.43,27821.0,13.89
5004809,Japorã - MS,2022,416.605,8148.0,19.56
5004908,Jaraguari - MS,2022,2912.836,7139.0,2.45
5005004,Jardim - MS,2022,2126.133,23981.0,11.28
5005103,Jateí - MS,2022,1933.316,3586.0,1.85
5005152,Juti - MS,2022,1569.176,6729.0,4.29
5005202,Ladário - MS,2022,354.255,21522.0,60.75
5005251,Laguna Carapã - MS,2022,1725.78,6799.0,3.94
5005400,Maracaju - MS,2022,5396.905,45047.0,8.35
5005608,Miranda - MS,2022,5471.436,25536.0,4.67
5005681,Mundo Novo - MS,2022,478.38,19193.0,40.12
5005707,Naviraí - MS,2022,3189.667,50457.0,15.82
5005806,Nioaque - MS,2022,3909.44,13220.0,3.38
5006002,Nova Alvorada do Sul - MS,2022,4025.012,21822.0,5.42
5006200,Nova Andradina - MS,2022,4770.685,48563.0,10.18
5006259,Novo Horizonte do Sul - MS,2022,849.19,4721.0,5.56
5006275,Paraíso das Águas - MS,2022,5061.433,5510.0,1.09
5006309,Paranaíba - MS,2022,5405.48,40957.0,7.58
5006358,Paranhos - MS,2022,1307.092,12921.0,9.89
5006408,Pedro Gomes - MS,2022,3553.782,6941.0,1.95
5006606,Ponta Porã - MS,2022,5359.354,92017.0,17.17
5006903,Porto Murtinho - MS,2022,17505.2,12859.0,0.73
5007109,Ribas do Rio Pardo - MS,2022,17315.283,23150.0,1.34
5007208,Rio Brilhante - MS,2022,3983.562,37601.0,9.44
5007307,Rio Negro - MS,2022,1828.8,4841.0,2.65
5007406,Rio Verde de Mato Grosso - MS,2022,8173.868,19818.0,2.42
5007505,Rochedo - MS,2022,1309.574,5199.0,3.97
5007554,Santa Rita do Pardo - MS,2022,6142.001,7027.0,1.14
5007695,São Gabriel do Oeste - MS,2022,3849.875,29579.0,7.68
5007703,Sete Quedas - MS,2022,839.117,10994.0,13.1
5007802,Selvíria - MS,2022,3254.917,8142.0,2.5
5007901,Sidrolândia - MS,2022,5265.695,47118.0,8.95
5007935,Sonora - MS,2022,4185.528,14516.0,3.47
5007950,Tacuru - MS,2022,1784.207,10808.0,6.06
5007976,Taquarussu - MS,2022,1052.232,3625.0,3.45
5008008,Terenos - MS,2022,2845.723,17652.0,6.2
5008305,Três Lagoas - MS,2022,10217.071,132152.0,12.93
5008404,Vicentina - MS,2022,312.429,6336.0,20.28
5100102,Acorizal - MT,2022,850.763,5014.0,5.89
5100201,Água Boa - MT,2022,7549.308,29219.0,3.87
5100250,Alta Floresta - MT,2022,8955.41,58613.0,6.54
5100300,Alto Araguaia - MT,2022,5402.308,17193.0,3.18
5100359,Alto Boa Vista - MT,2022,2248.414,5715.0,2.54
5100409,Alto Garças - MT,2022,3858.153,13052.0,3.38
5100508,Alto Paraguai - MT,2022,1847.354,8009.0,4.34
5100607,Alto Taquari - MT,2022,1436.582,10904.0,7.59
5100805,Apiacás - MT,2022,20489.024,8590.0,0.42
5101001,Araguaiana - MT,2022,6380.7,3795.0,0.59
5101209,Araguainha - MT,2022,675.231,1010.0,1.5
5101258,Araputanga - MT,2022,1639.733,14786.0,9.02
5101308,Arenápolis - MT,2022,417.337,10576.0,25.34
5101407,Aripuanã - MT,2022,24678.135,24626.0,1.0
5101605,Barão de Melgaço - MT,2022,11374.872,7253.0,0.64
5101704,Barra do Bugres - MT,2022,5976.864,29403.0,4.92
5101803,Barra do Garças - MT,2022,8363.149,69210.0,8.28
5101852,Bom Jesus do Araguaia - MT,2022,4266.636,7280.0,1.71
5101902,Brasnorte - MT,2022,15968.355,17004.0,1.06
5102504,Cáceres - MT,2022,24495.51,89681.0,3.66
5102603,Campinápolis - MT,2022,5978.985,15347.0,2.57
5102637,Campo Novo do Parecis - MT,2022,9428.586,45899.0,4.87
5102678,Campo Verde - MT,2022,4770.631,44585.0,9.35
5102686,Campos de Júlio - MT,2022,6792.808,8822.0,1.3
5102694,Canabrava do Norte - MT,2022,3449.037,4485.0,1.3
5102702,Canarana - MT,2022,10855.181,25858.0,2.38
5102793,Carlinda - MT,2022,2421.788,10332.0,4.27
5102850,Castanheira - MT,2022,3713.466,7506.0,2.02
5103007,Chapada dos Guimarães - MT,2022,6603.252,18990.0,2.88
5103056,Cláudia - MT,2022,3843.561,9593.0,2.5
5103106,Cocalinho - MT,2022,16563.136,6220.0,0.38
5103205,Colíder - MT,2022,3112.091,31370.0,10.08
5103254,Colniza - MT,2022,27960.237,25766.0,0.92
5103304,Comodoro - MT,2022,21485.018,18238.0,0.85
5103353,Confresa - MT,2022,5802.314,35075.0,6.05
5103361,Conquista D'Oeste - MT,2022,2684.676,3760.0,1.4
5103379,Cotriguaçu - MT,2022,9469.957,11011.0,1.16
5103403,Cuiabá - MT,2022,4327.448,650877.0,150.41
5103437,Curvelândia - MT,2022,357.128,4903.0,13.73
5103452,Denise - MT,2022,1273.178,7014.0,5.51
5103502,Diamantino - MT,2022,8263.397,21941.0,2.66
5103601,Dom Aquino - MT,2022,2183.603,7872.0,3.61
5103700,Feliz Natal - MT,2022,11661.514,10521.0,0.9
5103809,Figueirópolis D'Oeste - MT,2022,891.448,3187.0,3.58
5103858,Gaúcha do Norte - MT,2022,16908.375,8642.0,0.51
5103908,General Carneiro - MT,2022,4514.917,6037.0,1.34
5103957,Glória D'Oeste - MT,2022,833.13,2905.0,3.49
5104104,Guarantã do Norte - MT,2022,4725.281,31024.0,6.57
5104203,Guiratinga - MT,2022,5043.899,10966.0,2.17
5104500,Indiavaí - MT,2022,592.495,2213.0,3.74
5104526,Ipiranga do Norte - MT,2022,3422.016,7815.0,2.28
5104542,Itanhangá - MT,2022,2909.745,7539.0,2.59
5104559,Itaúba - MT,2022,4521.79,5020.0,1.11
5104609,Itiquira - MT,2022,8698.814,12236.0,1.41
5104807,Jaciara - MT,2022,2429.678,28569.0,11.76
5104906,Jangada - MT,2022,1114.302,7426.0,6.66
5105002,Jauru - MT,2022,1345.411,8367.0,6.22
5105101,Juara - MT,2022,22632.713,34906.0,1.54
5105150,Juína - MT,2022,26397.173,45869.0,1.74
5105176,Juruena - MT,2022,3207.837,10213.0,3.18
5105200,Juscimeira - MT,2022,2291.307,11480.0,5.01
5105234,Lambari D'Oeste - MT,2022,1810.547,4790.0,2.65
5105259,Lucas do Rio Verde - MT,2022,3674.596,83798.0,22.8
5105309,Luciara - MT,2022,4282.733,2509.0,0.59
5105507,Vila Bela da Santíssima Trindade - MT,2022,13484.71,16774.0,1.24
5105580,Marcelândia - MT,2022,12285.486,11396.0,0.93
5105606,Matupá - MT,2022,5228.272,20091.0,3.84
5105622,Mirassol d'Oeste - MT,2022,1085.486,26785.0,24.68
5105903,Nobres - MT,2022,3908.739,15492.0,3.96
5106000,Nortelândia - MT,2022,1336.754,5956.0,4.46
5106109,Nossa Senhora do Livramento - MT,2022,5537.413,12940.0,2.34
5106158,Nova Bandeirantes - MT,2022,9556.661,13635.0,1.43
5106174,Nova Nazaré - MT,2022,4034.539,4200.0,1.04
5106182,Nova Lacerda - MT,2022,4780.426,6670.0,1.4
5106190,Nova Santa Helena - MT,2022,2385.611,4239.0,1.78
5106208,Nova Brasilândia - MT,2022,3290.032,3932.0,1.2
5106216,Nova Canaã do Norte - MT,2022,5953.099,11707.0,1.97
5106224,Nova Mutum - MT,2022,9536.814,55839.0,5.86
5106232,Nova Olímpia - MT,2022,1327.266,16352.0,12.32
5106240,Nova Ubiratã - MT,2022,12460.736,11530.0,0.93
5106257,Nova Xavantina - MT,2022,5491.972,24345.0,4.43
5106265,Novo Mundo - MT,2022,5800.759,6520.0,1.12
5106273,Novo Horizonte do Norte - MT,2022,920.048,3349.0,3.64
5106281,Novo São Joaquim - MT,2022,5225.595,6919.0,1.32
5106299,Paranaíta - MT,2022,4814.149,11671.0,2.42
5106307,Paranatinga - MT,2022,24166.632,26423.0,1.09
5106315,Novo Santo Antônio - MT,2022,4394.78,2015.0,0.46
5106372,Pedra Preta - MT,2022,3841.672,18066.0,4.7
5106422,Peixoto de Azevedo - MT,2022,14433.775,32714.0,2.27
5106455,Planalto da Serra - MT,2022,2437.59,3166.0,1.3
5106505,Poconé - MT,2022,17156.759,31217.0,1.82
5106653,Pontal do Araguaia - MT,2022,2742.482,6932.0,2.53
5106703,Ponte Branca - MT,2022,701.138,2008.0,2.86
5106752,Pontes e Lacerda - MT,2022,8545.292,52018.0,6.09
5106778,Porto Alegre do Norte - MT,2022,3971.721,12127.0,3.05
5106802,Porto dos Gaúchos - MT,2022,6846.668,5593.0,0.82
5106828,Porto Esperidião - MT,2022,5835.278,10204.0,1.75
5106851,Porto Estrela - MT,2022,2045.467,3224.0,1.58
5107008,Poxoréu - MT,2022,6915.298,23283.0,3.37
5107040,Primavera do Leste - MT,2022,5470.383,85146.0,15.56
5107065,Querência - MT,2022,17799.989,26769.0,1.5
5107107,São José dos Quatro Marcos - MT,2022,1282.763,17849.0,13.91
5107156,Reserva do Cabaçal - MT,2022,1331.677,2122.0,1.59
5107180,Ribeirão Cascalheira - MT,2022,11354.555,10089.0,0.89
5107198,Ribeirãozinho - MT,2022,624.997,2593.0,4.15
5107206,Rio Branco - MT,2022,539.287,4535.0,8.41
5107248,Santa Carmem - MT,2022,3812.09,5374.0,1.41
5107263,Santo Afonso - MT,2022,1166.382,2519.0,2.16
5107297,São José do Povo - MT,2022,489.737,2875.0,5.87
5107305,São José do Rio Claro - MT,2022,4525.304,14911.0,3.3
5107354,São José do Xingu - MT,2022,7465.563,5964.0,0.8
5107404,São Pedro da Cipa - MT,2022,344.33,4191.0,12.17
5107578,Rondolândia - MT,2022,12658.341,3505.0,0.28
5107602,Rondonópolis - MT,2022,4824.02,244911.0,50.77
5107701,Rosário Oeste - MT,2022,7339.443,15453.0,2.11
5107743,Santa Cruz do Xingu - MT,2022,5623.39,2661.0,0.47
5107750,Salto do Céu - MT,2022,1753.378,3679.0,2.1
5107768,Santa Rita do Trivelato - MT,2022,4747.042,3276.0,0.69
5107776,Santa Terezinha - MT,2022,6466.223,7596.0,1.17
5107792,Santo Antônio do Leste - MT,2022,3403.593,4099.0,1.2
5107800,Santo Antônio de Leverger - MT,2022,9469.139,15246.0,1.61
5107859,São Félix do Araguaia - MT,2022,16682.473,13621.0,0.82
5107875,Sapezal - MT,2022,13614.552,28944.0,2.13
5107883,Serra Nova Dourada - MT,2022,1490.793,1800.0,1.21
5107909,Sinop - MT,2022,3990.87,196312.0,49.19
5107925,Sorriso - MT,2022,9293.629,110635.0,11.9
5107941,Tabaporã - MT,2022,8439.05,9818.0,1.16
5107958,Tangará da Serra - MT,2022,11636.825,106434.0,9.15
5108006,Tapurah - MT,2022,4492.539,14370.0,3.2
5108055,Terra Nova do Norte - MT,2022,2399.736,10616.0,4.42
5108105,Tesouro - MT,2022,4244.073,3025.0,0.71
5108204,Torixoréu - MT,2022,2398.383,4164.0,1.74
5108303,União do Sul - MT,2022,4590.628,3838.0,0.84
5108352,Vale de São Domingos - MT,2022,1901.545,2904.0,1.53
5108402,Várzea Grande - MT,2022,724.279,300078.0,414.31
5108501,Vera - MT,2022,3058.364,12800.0,4.19
5108600,Vila Rica - MT,2022,7436.383,19888.0,2.67
5108808,Nova Guarita - MT,2022,1121.928,4590.0,4.09
5108857,Nova Marilândia - MT,2022,1905.744,3529.0,1.85
5108907,Nova Maringá - MT,2022,11553.479,5846.0,0.51
5108956,Nova Monte Verde - MT,2022,5139.307,8313.0,1.62
5200050,Abadia de Goiás - GO,2022,143.357,19128.0,133.43
5200100,Abadiânia - GO,2022,1044.555,17232.0,16.5
5200134,Acreúna - GO,2022,1566.742,21568.0,13.77
5200159,Adelândia - GO,2022,115.385,2297.0,19.91
5200175,Água Fria de Goiás - GO,2022,2023.636,4954.0,2.45
5200209,Água Limpa - GO,2022,458.836,1858.0,4.05
5200258,Águas Lindas de Goiás - GO,2022,191.817,225693.0,1176.61
5200308,Alexânia - GO,2022,846.876,27008.0,31.89
5200506,Aloândia - GO,2022,102.094,1973.0,19.33
5200555,Alto Horizonte - GO,2022,500.342,6072.0,12.14
5200605,Alto Paraíso de Goiás - GO,2022,2594.998,10306.0,3.97
5200803,Alvorada do Norte - GO,2022,1268.347,8446.0,6.66
5200829,Amaralina - GO,2022,1343.742,3268.0,2.43
5200852,Americano do Brasil - GO,2022,133.834,5259.0,39.29
5200902,Amorinópolis - GO,2022,406.93,3007.0,7.39
5201108,Anápolis - GO,2022,935.672,398869.0,426.29
5201207,Anhanguera - GO,2022,55.569,924.0,16.63
5201306,Anicuns - GO,2022,976.038,18503.0,18.96
5201405,Aparecida de Goiânia - GO,2022,279.954,527796.0,1885.3
5201454,Aparecida do Rio Doce - GO,2022,603.254,2907.0,4.82
5201504,Aporé - GO,2022,2899.237,4325.0,1.49
5201603,Araçu - GO,2022,149.776,3799.0,25.36
5201702,Aragarças - GO,2022,661.677,18390.0,27.79
5201801,Aragoiânia - GO,2022,218.125,11890.0,54.51
5202155,Araguapaz - GO,2022,2188.1,7153.0,3.27
5202353,Arenópolis - GO,2022,1075.535,2946.0,2.74
5202502,Aruanã - GO,2022,3054.773,8300.0,2.72
5202601,Aurilândia - GO,2022,565.514,3284.0,5.81
5202809,Avelinópolis - GO,2022,170.228,2868.0,16.85
5203104,Baliza - GO,2022,1780.173,3351.0,1.88
5203203,Barro Alto - GO,2022,1080.268,10371.0,9.6
5203302,Bela Vista de Goiás - GO,2022,1274.034,34445.0,27.04
5203401,Bom Jardim de Goiás - GO,2022,1901.137,7826.0,4.12
5203500,Bom Jesus de Goiás - GO,2022,1405.605,23958.0,17.04
5203559,Bonfinópolis - GO,2022,121.915,10296.0,84.45
5203575,Bonópolis - GO,2022,1635.319,3299.0,2.02
5203609,Brazabrantes - GO,2022,125.326,3992.0,31.85
5203807,Britânia - GO,2022,1458.459,5695.0,3.9
5203906,Buriti Alegre - GO,2022,901.932,10495.0,11.64
5203939,Buriti de Goiás - GO,2022,202.576,2732.0,13.49
5203962,Buritinópolis - GO,2022,246.075,3145.0,12.78
5204003,Cabeceiras - GO,2022,1126.434,7560.0,6.71
5204102,Cachoeira Alta - GO,2022,1657.226,11513.0,6.95
5204201,Cachoeira de Goiás - GO,2022,424.49,1405.0,3.31
5204250,Cachoeira Dourada - GO,2022,528.281,7782.0,14.73
5204300,Caçu - GO,2022,2254.34,13774.0,6.11
5204409,Caiapônia - GO,2022,8627.961,16513.0,1.91
5204508,Caldas Novas - GO,2022,1608.523,98622.0,61.31
5204557,Caldazinha - GO,2022,251.72,4507.0,17.9
5204607,Campestre de Goiás - GO,2022,272.734,3755.0,13.77
5204656,Campinaçu - GO,2022,1978.386,3708.0,1.87
5204706,Campinorte - GO,2022,1064.541,12510.0,11.75
5204805,Campo Alegre de Goiás - GO,2022,2450.111,7422.0,3.03
5204854,Campo Limpo de Goiás - GO,2022,156.113,8081.0,51.76
5204904,Campos Belos - GO,2022,735.126,18108.0,24.63
5204953,Campos Verdes - GO,2022,443.125,4005.0,9.04
5205000,Carmo do Rio Verde - GO,2022,419.821,9710.0,23.13
5205059,Castelândia - GO,2022,299.228,2985.0,9.98
5205109,Catalão - GO,2022,3826.37,114427.0,29.9
5205208,Caturaí - GO,2022,205.065,5184.0,25.28
5205307,Cavalcante - GO,2022,6948.78,9583.0,1.38
5205406,Ceres - GO,2022,213.07,22046.0,103.47
5205455,Cezarina - GO,2022,417.08,8090.0,19.4
5205471,Chapadão do Céu - GO,2022,2184.076,12870.0,5.89
5205497,Cidade Ocidental - GO,2022,389.984,91767.0,235.31
5205513,Cocalzinho de Goiás - GO,2022,1785.339,25016.0,14.01
5205521,Colinas do Sul - GO,2022,1707.519,4030.0,2.36
5205703,Córrego do Ouro - GO,2022,458.077,2454.0,5.36
5205802,Corumbá de Goiás - GO,2022,1064.833,10562.0,9.92
5205901,Corumbaíba - GO,2022,1864.277,9164.0,4.92
5206206,Cristalina - GO,2022,6153.921,62337.0,10.13
5206305,Cristianópolis - GO,2022,221.624,3504.0,15.81
5206404,Crixás - GO,2022,4673.039,17065.0,3.65
5206503,Cromínia - GO,2022,364.918,3883.0,10.64
5206602,Cumari - GO,2022,568.365,2927.0,5.15
5206701,Damianópolis - GO,2022,417.625,3770.0,9.03
5206800,Damolândia - GO,2022,86.057,2724.0,31.65
5206909,Davinópolis - GO,2022,482.857,1902.0,3.94
5207105,Diorama - GO,2022,685.382,2062.0,3.01
5207253,Doverlândia - GO,2022,3227.558,6956.0,2.16
5207352,Edealina - GO,2022,598.218,4001.0,6.69
5207402,Edéia - GO,2022,1469.099,11747.0,8.0
5207501,Estrela do Norte - GO,2022,301.139,3205.0,10.64
5207535,Faina - GO,2022,1949.685,7070.0,3.63
5207600,Fazenda Nova - GO,2022,1279.107,5877.0,4.59
5207808,Firminópolis - GO,2022,422.34,10419.0,24.67
5207907,Flores de Goiás - GO,2022,3695.106,13744.0,3.72
5208004,Formosa - GO,2022,5804.292,115901.0,19.97
5208103,Formoso - GO,2022,843.42,4660.0,5.53
5208152,Gameleira de Goiás - GO,2022,588.328,3456.0,5.87
5208301,Divinópolis de Goiás - GO,2022,828.874,4457.0,5.38
5208400,Goianápolis - GO,2022,166.642,13967.0,83.81
5208509,Goiandira - GO,2022,569.917,4973.0,8.73
5208608,Goianésia - GO,2022,1547.319,73707.0,47.64
5208707,Goiânia - GO,2022,729.296,1437366.0,1970.9
5208806,Goianira - GO,2022,213.772,71916.0,336.41
5208905,Goiás - GO,2022,3108.423,24071.0,7.74
5209101,Goiatuba - GO,2022,2479.591,35664.0,14.38
5209150,Gouvelândia - GO,2022,827.373,4390.0,5.31
5209200,Guapó - GO,2022,514.178,19545.0,38.01
5209291,Guaraíta - GO,2022,205.533,2188.0,10.65
5209408,Guarani de Goiás - GO,2022,1221.054,4085.0,3.35
5209457,Guarinos - GO,2022,593.188,2161.0,3.64
5209606,Heitoraí - GO,2022,228.615,3354.0,14.67
5209705,Hidrolândia - GO,2022,952.122,27742.0,29.14
5209804,Hidrolina - GO,2022,583.756,3545.0,6.07
5209903,Iaciara - GO,2022,1547.183,10584.0,6.84
5209937,Inaciolândia - GO,2022,689.201,5954.0,8.64
5209952,Indiara - GO,2022,955.419,17061.0,17.86
5210000,Inhumas - GO,2022,614.887,52204.0,84.9
5210109,Ipameri - GO,2022,4382.863,25548.0,5.83
5210158,Ipiranga de Goiás - GO,2022,244.209,2919.0,11.95
5210208,Iporá - GO,2022,1027.249,35684.0,34.74
5210307,Israelândia - GO,2022,579.19,2560.0,4.42
5210406,Itaberaí - GO,2022,1461.916,44734.0,30.6
5210562,Itaguari - GO,2022,142.652,4963.0,34.79
5210604,Itaguaru - GO,2022,241.029,4904.0,20.35
5210802,Itajá - GO,2022,2082.736,4380.0,2.1
5210901,Itapaci - GO,2022,952.998,21087.0,22.13
5211008,Itapirapuã - GO,2022,2047.874,8007.0,3.91
5211206,Itapuranga - GO,2022,1281.404,26113.0,20.38
5211305,Itarumã - GO,2022,3437.367,6101.0,1.77
5211404,Itauçu - GO,2022,383.066,7736.0,20.19
5211503,Itumbiara - GO,2022,2447.014,107970.0,44.12
5211602,Ivolândia - GO,2022,1260.841,2693.0,2.14
5211701,Jandaia - GO,2022,863.087,6272.0,7.27
5211800,Jaraguá - GO,2022,1848.947,45223.0,24.46
5211909,Jataí - GO,2022,7178.792,105729.0,14.73
5212006,Jaupaci - GO,2022,528.783,2924.0,5.53
5212055,Jesúpolis - GO,2022,115.211,2123.0,18.43
5212105,Joviânia - GO,2022,446.258,7159.0,16.04
5212204,Jussara - GO,2022,4092.34,19620.0,4.79
5212253,Lagoa Santa - GO,2022,463.289,1390.0,3.0
5212303,Leopoldo de Bulhões - GO,2022,476.137,8745.0,18.37
5212501,Luziânia - GO,2022,3962.107,209129.0,52.78
5212600,Mairipotaba - GO,2022,468.029,2561.0,5.47
5212709,Mambaí - GO,2022,858.27,8124.0,9.47
5212808,Mara Rosa - GO,2022,1695.463,10700.0,6.31
5212907,Marzagão - GO,2022,225.518,2758.0,12.23
5212956,Matrinchã - GO,2022,1150.503,4042.0,3.51
5213004,Maurilândia - GO,2022,389.959,10304.0,26.42
5213053,Mimoso de Goiás - GO,2022,1380.701,2614.0,1.89
5213087,Minaçu - GO,2022,2854.137,27075.0,9.49
5213103,Mineiros - GO,2022,9042.844,70081.0,7.75
5213400,Moiporá - GO,2022,452.314,1685.0,3.73
5213509,Monte Alegre de Goiás - GO,2022,3119.86,6692.0,2.14
5213707,Montes Claros de Goiás - GO,2022,2900.397,8756.0,3.02
5213756,Montividiu - GO,2022,1869.581,12521.0,6.7
5213772,Montividiu do Norte - GO,2022,1337.232,3779.0,2.83
5213806,Morrinhos - GO,2022,2846.299,51351.0,18.04
5213855,Morro Agudo de Goiás - GO,2022,282.333,2456.0,8.7
5213905,Mossâmedes - GO,2022,684.882,4654.0,6.8
5214002,Mozarlândia - GO,2022,1738.516,14750.0,8.48
5214051,Mundo Novo - GO,2022,2141.534,6189.0,2.89
5214101,Mutunópolis - GO,2022,955.069,3564.0,3.73
5214408,Nazário - GO,2022,281.147,8189.0,29.13
5214507,Nerópolis - GO,2022,204.713,31932.0,155.98
5214606,Niquelândia - GO,2022,9846.293,34964.0,3.55
5214705,Nova América - GO,2022,209.432,2337.0,11.16
5214804,Nova Aurora - GO,2022,307.335,2101.0,6.84
5214838,Nova Crixás - GO,2022,7308.681,12815.0,1.75
5214861,Nova Glória - GO,2022,411.753,8310.0,20.18
5214879,Nova Iguaçu de Goiás - GO,2022,625.625,3010.0,4.81
5214903,Nova Roma - GO,2022,2136.725,3076.0,1.44
5215009,Nova Veneza - GO,2022,122.354,9481.0,77.49
5215207,Novo Brasil - GO,2022,649.349,3527.0,5.43
5215231,Novo Gama - GO,2022,192.285,103804.0,539.84
5215256,Novo Planalto - GO,2022,1254.491,3716.0,2.96
5215306,Orizona - GO,2022,1971.265,16399.0,8.32
5215405,Ouro Verde de Goiás - GO,2022,208.804,4057.0,19.43
5215504,Ouvidor - GO,2022,411.318,7200.0,17.5
5215603,Padre Bernardo - GO,2022,3142.615,34967.0,11.13
5215652,Palestina de Goiás - GO,2022,1318.047,3132.0,2.38
5215702,Palmeiras de Goiás - GO,2022,1537.196,31858.0,20.72
5215801,Palmelo - GO,2022,59.809,2259.0,37.77
5215900,Palminópolis - GO,2022,393.326,3851.0,9.79
5216007,Panamá - GO,2022,432.204,2455.0,5.68
5216304,Paranaiguara - GO,2022,1153.415,7607.0,6.6
5216403,Paraúna - GO,2022,3786.578,10659.0,2.81
5216452,Perolândia - GO,2022,1033.657,2964.0,2.87
5216809,Petrolina de Goiás - GO,2022,530.49,9573.0,18.05
5216908,Pilar de Goiás - GO,2022,906.048,2328.0,2.57
5217104,Piracanjuba - GO,2022,2374.232,24883.0,10.48
5217203,Piranhas - GO,2022,2045.088,11712.0,5.73
5217302,Pirenópolis - GO,2022,2200.369,26690.0,12.13
5217401,Pires do Rio - GO,2022,1077.641,32373.0,30.04
5217609,Planaltina - GO,2022,2558.924,105031.0,41.04
5217708,Pontalina - GO,2022,1434.289,18309.0,12.77
5218003,Porangatu - GO,2022,4825.287,44317.0,9.18
5218052,Porteirão - GO,2022,606.262,4070.0,6.71
5218102,Portelândia - GO,2022,553.411,3280.0,5.93
5218300,Posse - GO,2022,2076.99,34914.0,16.81
5218391,Professor Jamil - GO,2022,356.292,3649.0,10.24
5218508,Quirinópolis - GO,2022,3786.026,48447.0,12.8
5218607,Rialma - GO,2022,268.291,12165.0,45.34
5218706,Rianápolis - GO,2022,157.379,3980.0,25.29
5218789,Rio Quente - GO,2022,244.655,3864.0,15.79
5218805,Rio Verde - GO,2022,8374.255,225696.0,26.95
5218904,Rubiataba - GO,2022,750.659,19788.0,26.36
5219001,Sanclerlândia - GO,2022,509.402,7918.0,15.54
5219100,Santa Bárbara de Goiás - GO,2022,140.957,6149.0,43.62
5219209,Santa Cruz de Goiás - GO,2022,1109.007,3002.0,2.71
5219258,Santa Fé de Goiás - GO,2022,1164.186,4951.0,4.25
5219308,Santa Helena de Goiás - GO,2022,1142.337,38492.0,33.7
5219357,Santa Isabel - GO,2022,812.756,3538.0,4.35
5219407,Santa Rita do Araguaia - GO,2022,1357.197,5924.0,4.36
5219456,Santa Rita do Novo Destino - GO,2022,970.448,2689.0,2.77
5219506,Santa Rosa de Goiás - GO,2022,166.44,2820.0,16.94
5219605,Santa Tereza de Goiás - GO,2022,789.544,3293.0,4.17
5219704,Santa Terezinha de Goiás - GO,2022,1206.6,10645.0,8.82
5219712,Santo Antônio da Barra - GO,2022,450.336,4267.0,9.48
5219738,Santo Antônio de Goiás - GO,2022,135.022,7386.0,54.7
5219753,Santo Antônio do Descoberto - GO,2022,943.948,72127.0,76.41
5219803,São Domingos - GO,2022,3335.999,9711.0,2.91
5219902,São Francisco de Goiás - GO,2022,416.535,6378.0,15.31
5220009,São João d'Aliança - GO,2022,3334.455,14041.0,4.21
5220058,São João da Paraúna - GO,2022,286.979,1774.0,6.18
5220108,São Luís de Montes Belos - GO,2022,829.62,33852.0,40.8
5220157,São Luiz do Norte - GO,2022,583.832,4837.0,8.28
5220207,São Miguel do Araguaia - GO,2022,6150.179,21900.0,3.56
5220264,São Miguel do Passa Quatro - GO,2022,537.347,4464.0,8.31
5220280,São Patrício - GO,2022,172.763,2143.0,12.4
5220405,São Simão - GO,2022,415.015,17020.0,41.01
5220454,Senador Canedo - GO,2022,247.005,155635.0,630.09
5220504,Serranópolis - GO,2022,5521.774,8027.0,1.45
5220603,Silvânia - GO,2022,2349.924,22245.0,9.47
5220686,Simolândia - GO,2022,346.811,5742.0,16.56
5220702,Sítio d'Abadia - GO,2022,1611.851,2927.0,1.82
5221007,Taquaral de Goiás - GO,2022,205.665,4026.0,19.58
5221080,Teresina de Goiás - GO,2022,784.793,2701.0,3.44
5221197,Terezópolis de Goiás - GO,2022,107.407,7944.0,73.96
5221304,Três Ranchos - GO,2022,284.034,2921.0,10.28
5221403,Trindade - GO,2022,712.69,142431.0,199.85
5221452,Trombas - GO,2022,802.905,3120.0,3.89
5221502,Turvânia - GO,2022,482.317,4480.0,9.29
5221551,Turvelândia - GO,2022,935.659,4985.0,5.33
5221577,Uirapuru - GO,2022,1154.305,2798.0,2.42
5221601,Uruaçu - GO,2022,2142.484,42546.0,19.86
5221700,Uruana - GO,2022,522.904,13729.0,26.26
5221809,Urutaí - GO,2022,623.821,3553.0,5.7
5221858,Valparaíso de Goiás - GO,2022,61.488,198861.0,3234.14
5221908,Varjão - GO,2022,517.402,3716.0,7.18
5222005,Vianópolis - GO,2022,954.115,14956.0,15.68
5222054,Vicentinópolis - GO,2022,733.794,8768.0,11.95
5222203,Vila Boa - GO,2022,1052.593,4215.0,4.0
5222302,Vila Propício - GO,2022,2181.593,5815.0,2.67
5300108,Brasília - DF,2022,5760.784,2817381.0,489.06
