municipality_code,municipality_name,period,gdp_current_brl_thousand
1100015,Alta Floresta D'Oeste - RO,2021,734467.017
1100023,Ariquemes - RO,2021,3211294.276
1100031,Cabixi - RO,2021,238414.1
1100049,Cacoal - RO,2021,2792505.911
1100056,Cerejeiras - RO,2021,743061.678
1100064,Colorado do Oeste - RO,2021,424845.954
1100072,Corumbiara - RO,2021,396740.22
1100080,Costa Marques - RO,2021,316671.541
1100098,Espigão D'Oeste - RO,2021,773371.568
1100106,Guajará-Mirim - RO,2021,1054254.562
1100114,Jaru - RO,2021,1764718.012
1100122,Ji-Paraná - RO,2021,4230355.007
1100130,Machadinho D'Oeste - RO,2021,890319.226
1100148,Nova Brasilândia D'Oeste - RO,2021,549852.674
1100155,Ouro Preto do Oeste - RO,2021,986045.503
1100189,Pimenta Bueno - RO,2021,1642621.468
1100205,Porto Velho - RO,2021,20056138.467
1100254,Presidente Médici - RO,2021,560209.59
1100262,Rio Crespo - RO,2021,184428.411
1100288,Rolim de Moura - RO,2021,1565241.344
1100296,Santa Luzia D'Oeste - RO,2021,213590.225
1100304,Vilhena - RO,2021,4215441.811
1100320,São Miguel do Guaporé - RO,2021,905340.789
1100338,Nova Mamoré - RO,2021,742686.01
1100346,Alvorada D'Oeste - RO,2021,352629.612
1100379,Alto Alegre dos Parecis - RO,2021,483672.306
1100403,Alto Paraíso - RO,2021,510740.487
1100452,Buritis - RO,2021,966555.755
1100502,Novo Horizonte do Oeste - RO,2021,231501.394
1100601,Cacaulândia - RO,2021,275337.58
1100700,Campo Novo de Rondônia - RO,2021,369126.71
1100809,Candeias do Jamari - RO,2021,655569.172
1100908,Castanheiras - RO,2021,99626.808
1100924,Chupinguaia - RO,2021,468792.621
1100940,Cujubim - RO,2021,487755.511
1101005,Governador Jorge Teixeira - RO,2021,239330.691
1101104,Itapuã do Oeste - RO,2021,209926.63
1101203,Ministro Andreazza - RO,2021,297876.095
1101302,Mirante da Serra - RO,2021,262626.607
1101401,Monte Negro - RO,2021,389781.112
1101435,Nova União - RO,2021,157320.907
1101450,Parecis - RO,2021,155429.633
1101468,Pimenteiras do Oeste - RO,2021,246208.537
1101476,Primavera de Rondônia - RO,2021,107029.668
1101484,São Felipe D'Oeste - RO,2021,130675.108
1101492,São Francisco do Guaporé - RO,2021,488140.713
1101500,Seringueiras - RO,2021,332985.668
1101559,Teixeirópolis - RO,2021,121304.252
1101609,Theobroma - RO,2021,257436.077
1101708,Urupá - RO,2021,273504.621
1101757,Vale do Anari - RO,2021,220947.883
1101807,Vale do Paraíso - RO,2021,185648.203
1200013,Acrelândia - AC,2021,398724.884
1200054,Assis Brasil - AC,2021,133916.175
1200104,Brasiléia - AC,2021,685636.225
1200138,Bujari - AC,2021,300830.265
1200179,Capixaba - AC,2021,512352.894
1200203,Cruzeiro do Sul - AC,2021,2058629.669
1200252,Epitaciolândia - AC,2021,644541.502
1200302,Feijó - AC,2021,567040.488
1200328,Jordão - AC,2021,113975.208
1200336,Mâncio Lima - AC,2021,269204.838
1200344,Manoel Urbano - AC,2021,184903.705
1200351,Marechal Thaumaturgo - AC,2021,256864.842
1200385,Plácido de Castro - AC,2021,601470.508
1200393,Porto Walter - AC,2021,160534.749
1200401,Rio Branco - AC,2021,10955674.857
1200427,Rodrigues Alves - AC,2021,255648.556
1200435,Santa Rosa do Purus - AC,2021,108545.109
1200450,Senador Guiomard - AC,2021,779671.689
1200500,Sena Madureira - AC,2021,748094.167
1200609,Tarauacá - AC,2021,711884.414
1200708,Xapuri - AC,2021,454980.626
1200807,Porto Acre - AC,2021,471314.639
1300029,Alvarães - AM,2021,217332.509
1300060,Amaturá - AM,2021,118871.741
1300086,Anamã - AM,2021,138599.397
1300102,Anori - AM,2021,248435.25
1300144,Apuí - AM,2021,297810.086
1300201,Atalaia do Norte - AM,2021,184947.271
1300300,Autazes - AM,2021,506340.588
1300409,Barcelos - AM,2021,245621.569
1300508,Barreirinha - AM,2021,344889.507
1300607,Benjamin Constant - AM,2021,388780.899
1300631,Beruri - AM,2021,211871.211
1300680,Boa Vista do Ramos - AM,2021,182412.101
1300706,Boca do Acre - AM,2021,512795.578
1300805,Borba - AM,2021,402130.676
1300839,Caapiranga - AM,2021,177894.147
1300904,Canutama - AM,2021,154316.147
1301001,Carauari - AM,2021,370663.056
1301100,Careiro - AM,2021,395194.093
1301159,Careiro da Várzea - AM,2021,413374.145
1301209,Coari - AM,2021,3380325.284
1301308,Codajás - AM,2021,531995.467
1301407,Eirunepé - AM,2021,568036.066
1301506,Envira - AM,2021,215526.707
1301605,Fonte Boa - AM,2021,222773.426
1301654,Guajará - AM,2021,177320.17
1301704,Humaitá - AM,2021,860167.548
1301803,Ipixuna - AM,2021,216518.72
1301852,Iranduba - AM,2021,1001862.277
1301902,Itacoatiara - AM,2021,2350463.023
1301951,Itamarati - AM,2021,135619.961
1302009,Itapiranga - AM,2021,152509.179
1302108,Japurá - AM,2021,85808.931
1302207,Juruá - AM,2021,138073.554
1302306,Jutaí - AM,2021,266376.707
1302405,Lábrea - AM,2021,625197.781
1302504,Manacapuru - AM,2021,1544675.041
1302553,Manaquiri - AM,2021,311334.942
1302603,Manaus - AM,2021,103281399.993
1302702,Manicoré - AM,2021,686279.179
1302801,Maraã - AM,2021,176217.181
1302900,Maués - AM,2021,595826.343
1303007,Nhamundá - AM,2021,207005.201
1303106,Nova Olinda do Norte - AM,2021,341652.222
1303205,Novo Airão - AM,2021,186533.353
1303304,Novo Aripuanã - AM,2021,252421.954
1303403,Parintins - AM,2021,1426971.581
1303502,Pauini - AM,2021,199541.324
1303536,Presidente Figueiredo - AM,2021,1031905.063
1303569,Rio Preto da Eva - AM,2021,407145.836
1303601,Santa Isabel do Rio Negro - AM,2021,185816.959
1303700,Santo Antônio do Içá - AM,2021,237314.012
1303809,São Gabriel da Cachoeira - AM,2021,423054.82
1303908,São Paulo de Olivença - AM,2021,334131.304
1303957,São Sebastião do Uatumã - AM,2021,136609.077
1304005,Silves - AM,2021,175041.607
1304062,Tabatinga - AM,2021,758034.734
1304104,Tapauá - AM,2021,239943.811
1304203,Tefé - AM,2021,1098391.851
1304237,Tonantins - AM,2021,185410.261
1304260,Uarini - AM,2021,229208.979
1304302,Urucará - AM,2021,205655.739
1304401,Urucurituba - AM,2021,232660.624
1400027,Amajari - RR,2021,240826.098
1400050,Alto Alegre - RR,2021,385506.664
1400100,Boa Vista - RR,2021,13493364.054
1400159,Bonfim - RR,2021,522405.211
1400175,Cantá - RR,2021,353071.266
1400209,Caracaraí - RR,2021,453297.537
1400233,Caroebe - RR,2021,236787.802
1400282,Iracema - RR,2021,208476.682
1400308,Mucajaí - RR,2021,393852.028
1400407,Normandia - RR,2021,202859.421
1400456,Pacaraima - RR,2021,329091.961
1400472,Rorainópolis - RR,2021,732355.771
1400506,São João da Baliza - RR,2021,327768.1
1400605,São Luiz do Anauá - RR,2021,178971.582
1400704,Uiramutã - RR,2021,143945.313
1500107,Abaetetuba - PA,2021,1947974.167
1500131,Abel Figueiredo - PA,2021,105404.256
1500206,Acará - PA,2021,1432520.752
1500305,Afuá - PA,2021,443759.447
1500347,Água Azul do Norte - PA,2021,642852.642
1500404,Alenquer - PA,2021,744810.674
1500503,Almeirim - PA,2021,687773.094
1500602,Altamira - PA,2021,3118776.506
1500701,Anajás - PA,2021,258574.161
1500800,Ananindeua - PA,2021,8937579.161
1500859,Anapu - PA,2021,587646.637
1500909,Augusto Corrêa - PA,2021,363264.865
1500958,Aurora do Pará - PA,2021,308260.187
1501006,Aveiro - PA,2021,151776.231
1501105,Bagre - PA,2021,250289.533
1501204,Baião - PA,2021,561718.716
1501253,Bannach - PA,2021,128925.331
1501303,Barcarena - PA,2021,9242378.136
1501402,Belém - PA,2021,33567694.796
1501451,Belterra - PA,2021,236957.565
1501501,Benevides - PA,2021,1986151.576
1501576,Bom Jesus do Tocantins - PA,2021,243654.131
1501600,Bonito - PA,2021,206570.498
1501709,Bragança - PA,2021,1388410.604
1501725,Brasil Novo - PA,2021,379575.301
1501758,Brejo Grande do Araguaia - PA,2021,114973.901
1501782,Breu Branco - PA,2021,793767.522
1501808,Breves - PA,2021,892629.519
1501907,Bujaru - PA,2021,536455.711
1501956,Cachoeira do Piriá - PA,2021,227354.188
1502004,Cachoeira do Arari - PA,2021,255900.891
1502103,Cametá - PA,2021,1392448.604
1502152,Canaã dos Carajás - PA,2021,34987915.115
1502202,Capanema - PA,2021,1426639.092
1502301,Capitão Poço - PA,2021,615256.053
1502400,Castanhal - PA,2021,4707380.586
1502509,Chaves - PA,2021,247974.064
1502608,Colares - PA,2021,100826.097
1502707,Conceição do Araguaia - PA,2021,662414.901
1502756,Concórdia do Pará - PA,2021,419794.953
1502764,Cumaru do Norte - PA,2021,406772.444
1502772,Curionópolis - PA,2021,3666990.538
1502806,Curralinho - PA,2021,282041.976
1502855,Curuá - PA,2021,149513.604
1502905,Curuçá - PA,2021,369391.284
1502939,Dom Eliseu - PA,2021,940079.607
1502954,Eldorado do Carajás - PA,2021,555637.462
1503002,Faro - PA,2021,76574.244
1503044,Floresta do Araguaia - PA,2021,602376.996
1503077,Garrafão do Norte - PA,2021,275694.422
1503093,Goianésia do Pará - PA,2021,506230.454
1503101,Gurupá - PA,2021,333716.018
1503200,Igarapé-Açu - PA,2021,415580.559
1503309,Igarapé-Miri - PA,2021,690510.317
1503408,Inhangapi - PA,2021,174530.051
1503457,Ipixuna do Pará - PA,2021,624646.287
1503507,Irituia - PA,2021,277699.44
1503606,Itaituba - PA,2021,3077344.492
1503705,Itupiranga - PA,2021,841409.974
1503754,Jacareacanga - PA,2021,625352.949
1503804,Jacundá - PA,2021,615188.901
1503903,Juruti - PA,2021,1450845.915
1504000,Limoeiro do Ajuru - PA,2021,502725.016
1504059,Mãe do Rio - PA,2021,339947.445
1504109,Magalhães Barata - PA,2021,98319.177
1504208,Marabá - PA,2021,13519525.064
1504307,Maracanã - PA,2021,289581.585
1504406,Marapanim - PA,2021,263294.257
1504422,Marituba - PA,2021,2577121.099
1504455,Medicilândia - PA,2021,1023645.322
1504505,Melgaço - PA,2021,216421.144
1504604,Mocajuba - PA,2021,451565.778
1504703,Moju - PA,2021,1333106.903
1504752,Mojuí dos Campos - PA,2021,288392.855
1504802,Monte Alegre - PA,2021,806681.881
1504901,Muaná - PA,2021,338389.601
1504950,Nova Esperança do Piriá - PA,2021,350592.895
1504976,Nova Ipixuna - PA,2021,192411.524
1505007,Nova Timboteua - PA,2021,147340.793
1505031,Novo Progresso - PA,2021,971104.839
1505064,Novo Repartimento - PA,2021,1116164.368
1505106,Óbidos - PA,2021,965318.822
1505205,Oeiras do Pará - PA,2021,418633.997
1505304,Oriximiná - PA,2021,2277389.743
1505403,Ourém - PA,2021,200486.516
1505437,Ourilândia do Norte - PA,2021,1301993.796
1505486,Pacajá - PA,2021,867035.786
1505494,Palestina do Pará - PA,2021,98673.251
1505502,Paragominas - PA,2021,4279105.081
1505536,Parauapebas - PA,2021,49756254.884
1505551,Pau D'Arco - PA,2021,114746.375
1505601,Peixe-Boi - PA,2021,72240.226
1505635,Piçarra - PA,2021,292566.036
1505650,Placas - PA,2021,322977.381
1505700,Ponta de Pedras - PA,2021,274902.796
1505809,Portel - PA,2021,944900.281
1505908,Porto de Moz - PA,2021,404115.12
1506005,Prainha - PA,2021,437646.749
1506104,Primavera - PA,2021,321570.1
1506112,Quatipuru - PA,2021,120745.938
1506138,Redenção - PA,2021,2551565.724
1506161,Rio Maria - PA,2021,601634.674
1506187,Rondon do Pará - PA,2021,733550.332
1506195,Rurópolis - PA,2021,496483.359
1506203,Salinópolis - PA,2021,641472.929
1506302,Salvaterra - PA,2021,210114.535
1506351,Santa Bárbara do Pará - PA,2021,240287.631
1506401,Santa Cruz do Arari - PA,2021,95936.492
1506500,Santa Izabel do Pará - PA,2021,934543.385
1506559,Santa Luzia do Pará - PA,2021,195899.236
1506583,Santa Maria das Barreiras - PA,2021,1071990.172
1506609,Santa Maria do Pará - PA,2021,371437.368
1506708,Santana do Araguaia - PA,2021,1381465.686
1506807,Santarém - PA,2021,6387633.873
1506906,Santarém Novo - PA,2021,59960.721
1507003,Santo Antônio do Tauá - PA,2021,475226.051
1507102,São Caetano de Odivelas - PA,2021,182987.053
1507151,São Domingos do Araguaia - PA,2021,358711.302
1507201,São Domingos do Capim - PA,2021,437999.797
1507300,São Félix do Xingu - PA,2021,2008369.434
1507409,São Francisco do Pará - PA,2021,264186.187
1507458,São Geraldo do Araguaia - PA,2021,710322.051
1507466,São João da Ponta - PA,2021,57325.545
1507474,São João de Pirabas - PA,2021,181939.076
1507508,São João do Araguaia - PA,2021,186694.929
1507607,São Miguel do Guamá - PA,2021,792510.061
1507706,São Sebastião da Boa Vista - PA,2021,244687.865
1507755,Sapucaia - PA,2021,141044.938
1507805,Senador José Porfírio - PA,2021,246021.658
1507904,Soure - PA,2021,241544.508
1507953,Tailândia - PA,2021,1291016.866
1507961,Terra Alta - PA,2021,82918.903
1507979,Terra Santa - PA,2021,519258.388
1508001,Tomé-Açu - PA,2021,1039720.854
1508035,Tracuateua - PA,2021,285003.521
1508050,Trairão - PA,2021,327329.972
1508084,Tucumã - PA,2021,984036.367
1508100,Tucuruí - PA,2021,5612935.24
1508126,Ulianópolis - PA,2021,1995463.414
1508159,Uruará - PA,2021,774004.087
1508209,Vigia - PA,2021,476446.733
1508308,Viseu - PA,2021,617943.533
1508357,Vitória do Xingu - PA,2021,4230224.672
1508407,Xinguara - PA,2021,1604337.475
1600055,Serra do Navio - AP,2021,92138.896
1600105,Amapá - AP,2021,159527.756
1600154,Pedra Branca do Amapari - AP,2021,453332.697
1600204,Calçoene - AP,2021,186851.738
1600212,Cutias - AP,2021,94992.099
1600238,Ferreira Gomes - AP,2021,578736.652
1600253,Itaubal - AP,2021,87878.458
1600279,Laranjal do Jari - AP,2021,1134544.13
1600303,Macapá - AP,2021,12938091.016
1600402,Mazagão - AP,2021,374987.092
1600501,Oiapoque - AP,2021,529042.62
1600535,Porto Grande - AP,2021,374265.423
1600550,Pracuúba - AP,2021,84579.251
1600600,Santana - AP,2021,2512916.433
1600709,Tartarugalzinho - AP,2021,261069.678
1600808,Vitória do Jari - AP,2021,236896.579
1700251,Abreulândia - TO,2021,112134.759
1700301,Aguiarnópolis - TO,2021,165479.833
1700350,Aliança do Tocantins - TO,2021,616571.342
1700400,Almas - TO,2021,273740.577
1700707,Alvorada - TO,2021,474111.349
1701002,Ananás - TO,2021,159769.353
1701051,Angico - TO,2021,48276.163
1701101,Aparecida do Rio Negro - TO,2021,255912.273
1701309,Aragominas - TO,2021,98441.127
1701903,Araguacema - TO,2021,240245.613
1702000,Araguaçu - TO,2021,349049.713
1702109,Araguaína - TO,2021,5239050.441
1702158,Araguanã - TO,2021,101857.801
1702208,Araguatins - TO,2021,529290.178
1702307,Arapoema - TO,2021,324522.852
1702406,Arraias - TO,2021,223309.854
1702554,Augustinópolis - TO,2021,305118.467
1702703,Aurora do Tocantins - TO,2021,58805.996
1702901,Axixá do Tocantins - TO,2021,141091.965
1703008,Babaçulândia - TO,2021,158741.478
1703057,Bandeirantes do Tocantins - TO,2021,178653.5
1703073,Barra do Ouro - TO,2021,113260.016
1703107,Barrolândia - TO,2021,122016.29
1703206,Bernardo Sayão - TO,2021,102684.048
1703305,Bom Jesus do Tocantins - TO,2021,139409.756
1703602,Brasilândia do Tocantins - TO,2021,75634.398
1703701,Brejinho de Nazaré - TO,2021,272944.891
1703800,Buriti do Tocantins - TO,2021,161641.165
1703826,Cachoeirinha - TO,2021,58546.974
1703842,Campos Lindos - TO,2021,1004930.543
1703867,Cariri do Tocantins - TO,2021,517714.913
1703883,Carmolândia - TO,2021,69222.483
1703891,Carrasco Bonito - TO,2021,50561.097
1703909,Caseara - TO,2021,389492.608
1704105,Centenário - TO,2021,64556.878
1704600,Chapada de Areia - TO,2021,39823.896
1705102,Chapada da Natividade - TO,2021,148973.23
1705508,Colinas do Tocantins - TO,2021,862138.742
1705557,Combinado - TO,2021,76524.496
1705607,Conceição do Tocantins - TO,2021,67828.897
1706001,Couto Magalhães - TO,2021,203473.021
1706100,Cristalândia - TO,2021,177293.549
1706258,Crixás do Tocantins - TO,2021,78644.714
1706506,Darcinópolis - TO,2021,241931.656
1707009,Dianópolis - TO,2021,644829.488
1707108,Divinópolis do Tocantins - TO,2021,249235.172
1707207,Dois Irmãos do Tocantins - TO,2021,216149.33
1707306,Dueré - TO,2021,204764.51
1707405,Esperantina - TO,2021,118723.997
1707553,Fátima - TO,2021,89100.065
1707652,Figueirópolis - TO,2021,256752.183
1707702,Filadélfia - TO,2021,129323.234
1708205,Formoso do Araguaia - TO,2021,1414038.409
1708254,Tabocão - TO,2021,232897.504
1708304,Goianorte - TO,2021,193502.296
1709005,Goiatins - TO,2021,230924.169
1709302,Guaraí - TO,2021,880402.901
1709500,Gurupi - TO,2021,2648420.391
1709807,Ipueiras - TO,2021,47771.523
1710508,Itacajá - TO,2021,186259.82
1710706,Itaguatins - TO,2021,82610.655
1710904,Itapiratins - TO,2021,171522.114
1711100,Itaporã do Tocantins - TO,2021,69980.106
1711506,Jaú do Tocantins - TO,2021,97864.72
1711803,Juarina - TO,2021,44394.941
1711902,Lagoa da Confusão - TO,2021,998445.275
1711951,Lagoa do Tocantins - TO,2021,89428.78
1712009,Lajeado - TO,2021,64404.783
1712157,Lavandeira - TO,2021,37869.666
1712405,Lizarda - TO,2021,66331.66
1712454,Luzinópolis - TO,2021,71179.561
1712504,Marianópolis do Tocantins - TO,2021,252330.721
1712702,Mateiros - TO,2021,252360.284
1712801,Maurilândia do Tocantins - TO,2021,55910.557
1713205,Miracema do Tocantins - TO,2021,642002.992
1713304,Miranorte - TO,2021,390325.022
1713601,Monte do Carmo - TO,2021,296287.972
1713700,Monte Santo do Tocantins - TO,2021,75004.481
1713809,Palmeiras do Tocantins - TO,2021,95357.464
1713957,Muricilândia - TO,2021,69464.96
1714203,Natividade - TO,2021,247340.192
1714302,Nazaré - TO,2021,58139.378
1714880,Nova Olinda - TO,2021,320311.123
1715002,Nova Rosalândia - TO,2021,100914.913
1715101,Novo Acordo - TO,2021,84723.407
1715150,Novo Alegre - TO,2021,35521.072
1715259,Novo Jardim - TO,2021,42671.729
1715507,Oliveira de Fátima - TO,2021,29468.609
1715705,Palmeirante - TO,2021,185349.023
1715754,Palmeirópolis - TO,2021,170117.984
1716109,Paraíso do Tocantins - TO,2021,1513693.492
1716208,Paranã - TO,2021,315396.766
1716307,Pau D'Arco - TO,2021,91169.316
1716505,Pedro Afonso - TO,2021,848670.949
1716604,Peixe - TO,2021,733929.386
1716653,Pequizeiro - TO,2021,107606.183
1716703,Colméia - TO,2021,182795.642
1717008,Pindorama do Tocantins - TO,2021,85005.659
1717206,Piraquê - TO,2021,89940.427
1717503,Pium - TO,2021,361914.527
1717800,Ponte Alta do Bom Jesus - TO,2021,66158.254
1717909,Ponte Alta do Tocantins - TO,2021,121170.43
1718006,Porto Alegre do Tocantins - TO,2021,47042.663
1718204,Porto Nacional - TO,2021,3649421.284
1718303,Praia Norte - TO,2021,93138.597
1718402,Presidente Kennedy - TO,2021,65165.275
1718451,Pugmil - TO,2021,82663.293
1718501,Recursolândia - TO,2021,91479.791
1718550,Riachinho - TO,2021,68536.425
1718659,Rio da Conceição - TO,2021,29142.464
1718709,Rio dos Bois - TO,2021,85928.248
1718758,Rio Sono - TO,2021,111443.415
1718808,Sampaio - TO,2021,145863.184
1718840,Sandolândia - TO,2021,116736.092
1718865,Santa Fé do Araguaia - TO,2021,175926.902
1718881,Santa Maria do Tocantins - TO,2021,139630.247
1718899,Santa Rita do Tocantins - TO,2021,180272.582
1718907,Santa Rosa do Tocantins - TO,2021,307685.016
1719004,Santa Tereza do Tocantins - TO,2021,48098.437
1720002,Santa Terezinha do Tocantins - TO,2021,41930.976
1720101,São Bento do Tocantins - TO,2021,73589.547
1720150,São Félix do Tocantins - TO,2021,36540.734
1720200,São Miguel do Tocantins - TO,2021,255814.091
1720259,São Salvador do Tocantins - TO,2021,49467.49
1720309,São Sebastião do Tocantins - TO,2021,61804.374
1720499,São Valério - TO,2021,156734.117
1720655,Silvanópolis - TO,2021,240328.58
1720804,Sítio Novo do Tocantins - TO,2021,132861.998
1720853,Sucupira - TO,2021,532373.973
1720903,Taguatinga - TO,2021,318252.681
1720937,Taipas do Tocantins - TO,2021,35246.269
1720978,Talismã - TO,2021,146707.973
1721000,Palmas - TO,2021,10333418.524
1721109,Tocantínia - TO,2021,191372.85
1721208,Tocantinópolis - TO,2021,372641.872
1721257,Tupirama - TO,2021,118838.583
1721307,Tupiratins - TO,2021,38618.565
1722081,Wanderlândia - TO,2021,183424.384
1722107,Xambioá - TO,2021,471019.831
2100055,Açailândia - MA,2021,3828533.21
2100105,Afonso Cunha - MA,2021,85052.498
2100154,Água Doce do Maranhão - MA,2021,101642.077
2100204,Alcântara - MA,2021,148762.762
2100303,Aldeias Altas - MA,2021,249395.852
2100402,Altamira do Maranhão - MA,2021,71511.632
2100436,Alto Alegre do Maranhão - MA,2021,303118.129
2100477,Alto Alegre do Pindaré - MA,2021,251719.288
2100501,Alto Parnaíba - MA,2021,578961.339
2100550,Amapá do Maranhão - MA,2021,70197.682
2100600,Amarante do Maranhão - MA,2021,388636.419
2100709,Anajatuba - MA,2021,207605.731
2100808,Anapurus - MA,2021,149102.029
2100832,Apicum-Açu - MA,2021,133945.537
2100873,Araguanã - MA,2021,101727.947
2100907,Araioses - MA,2021,282769.228
2100956,Arame - MA,2021,290314.787
2101004,Arari - MA,2021,313250.593
2101103,Axixá - MA,2021,97421.795
2101202,Bacabal - MA,2021,1514560.008
2101251,Bacabeira - MA,2021,599285.019
2101301,Bacuri - MA,2021,122871.925
2101350,Bacurituba - MA,2021,39589.506
2101400,Balsas - MA,2021,6307425.073
2101509,Barão de Grajaú - MA,2021,268537.563
2101608,Barra do Corda - MA,2021,889190.327
2101707,Barreirinhas - MA,2021,635710.802
2101731,Belágua - MA,2021,60711.249
2101772,Bela Vista do Maranhão - MA,2021,107543.326
2101806,Benedito Leite - MA,2021,73150.44
2101905,Bequimão - MA,2021,138113.77
2101939,Bernardo do Mearim - MA,2021,105113.91
2101970,Boa Vista do Gurupi - MA,2021,67539.702
2102002,Bom Jardim - MA,2021,411352.418
2102036,Bom Jesus das Selvas - MA,2021,375664.921
2102077,Bom Lugar - MA,2021,117960.369
2102101,Brejo - MA,2021,328632.852
2102150,Brejo de Areia - MA,2021,71065.21
2102200,Buriti - MA,2021,277919.133
2102309,Buriti Bravo - MA,2021,238672.773
2102325,Buriticupu - MA,2021,748027.721
2102358,Buritirana - MA,2021,122473.899
2102374,Cachoeira Grande - MA,2021,60974.116
2102408,Cajapió - MA,2021,70652.873
2102507,Cajari - MA,2021,128078.075
2102556,Campestre do Maranhão - MA,2021,214010.605
2102606,Cândido Mendes - MA,2021,146787.805
2102705,Cantanhede - MA,2021,153397.808
2102754,Capinzal do Norte - MA,2021,283975.692
2102804,Carolina - MA,2021,525892.578
2102903,Carutapera - MA,2021,201999.206
2103000,Caxias - MA,2021,2112637.89
2103109,Cedral - MA,2021,78582.879
2103125,Central do Maranhão - MA,2021,58346.703
2103158,Centro do Guilherme - MA,2021,103736.564
2103174,Centro Novo do Maranhão - MA,2021,200757.406
2103208,Chapadinha - MA,2021,894365.951
2103257,Cidelândia - MA,2021,183560.405
2103307,Codó - MA,2021,1648585.109
2103406,Coelho Neto - MA,2021,465858.626
2103505,Colinas - MA,2021,553170.588
2103554,Conceição do Lago-Açu - MA,2021,147189.243
2103604,Coroatá - MA,2021,533579.335
2103703,Cururupu - MA,2021,264535.777
2103752,Davinópolis - MA,2021,190192.706
2103802,Dom Pedro - MA,2021,262555.351
2103901,Duque Bacelar - MA,2021,86904.202
2104008,Esperantinópolis - MA,2021,158978.373
2104057,Estreito - MA,2021,1134820.533
2104073,Feira Nova do Maranhão - MA,2021,118003.876
2104081,Fernando Falcão - MA,2021,100418.061
2104099,Formosa da Serra Negra - MA,2021,202148.62
2104107,Fortaleza dos Nogueiras - MA,2021,346694.983
2104206,Fortuna - MA,2021,143296.795
2104305,Godofredo Viana - MA,2021,2658688.345
2104404,Gonçalves Dias - MA,2021,150061.001
2104503,Governador Archer - MA,2021,91903.887
2104552,Governador Edison Lobão - MA,2021,374987.809
2104602,Governador Eugênio Barros - MA,2021,118425.6
2104628,Governador Luiz Rocha - MA,2021,71079.852
2104651,Governador Newton Bello - MA,2021,84172.36
2104677,Governador Nunes Freire - MA,2021,257971.907
2104701,Graça Aranha - MA,2021,54153.365
2104800,Grajaú - MA,2021,1149732.869
2104909,Guimarães - MA,2021,93392.793
2105005,Humberto de Campos - MA,2021,184362.771
2105104,Icatu - MA,2021,178922.63
2105153,Igarapé do Meio - MA,2021,370652.705
2105203,Igarapé Grande - MA,2021,117728.23
2105302,Imperatriz - MA,2021,7692904.278
2105351,Itaipava do Grajaú - MA,2021,107284.679
2105401,Itapecuru Mirim - MA,2021,772829.967
2105427,Itinga do Maranhão - MA,2021,489226.068
2105450,Jatobá - MA,2021,75688.79
2105476,Jenipapo dos Vieiras - MA,2021,125732.557
2105500,João Lisboa - MA,2021,270611.479
2105609,Joselândia - MA,2021,116543.145
2105658,Junco do Maranhão - MA,2021,61700.601
2105708,Lago da Pedra - MA,2021,550403.924
2105807,Lago do Junco - MA,2021,86637.572
2105906,Lago Verde - MA,2021,135733.252
2105922,Lagoa do Mato - MA,2021,97006.456
2105948,Lago dos Rodrigues - MA,2021,83982.764
2105963,Lagoa Grande do Maranhão - MA,2021,102431.987
2105989,Lajeado Novo - MA,2021,101466.928
2106003,Lima Campos - MA,2021,274539.037
2106102,Loreto - MA,2021,413263.406
2106201,Luís Domingues - MA,2021,57337.332
2106300,Magalhães de Almeida - MA,2021,140962.081
2106326,Maracaçumé - MA,2021,208573.877
2106359,Marajá do Sena - MA,2021,90804.107
2106375,Maranhãozinho - MA,2021,120910.354
2106409,Mata Roma - MA,2021,179196.345
2106508,Matinha - MA,2021,196744.111
2106607,Matões - MA,2021,256347.164
2106631,Matões do Norte - MA,2021,99314.557
2106672,Milagres do Maranhão - MA,2021,64341.207
2106706,Mirador - MA,2021,277810.662
2106755,Miranda do Norte - MA,2021,788579.989
2106805,Mirinzal - MA,2021,112050.444
2106904,Monção - MA,2021,257635.203
2107001,Montes Altos - MA,2021,86487.258
2107100,Morros - MA,2021,149899.343
2107209,Nina Rodrigues - MA,2021,88512.809
2107258,Nova Colinas - MA,2021,86427.055
2107308,Nova Iorque - MA,2021,50965.811
2107357,Nova Olinda do Maranhão - MA,2021,183142.239
2107407,Olho d'Água das Cunhãs - MA,2021,188362.519
2107456,Olinda Nova do Maranhão - MA,2021,107282.239
2107506,Paço do Lumiar - MA,2021,1240349.364
2107605,Palmeirândia - MA,2021,139099.184
2107704,Paraibano - MA,2021,183352.52
2107803,Parnarama - MA,2021,322943.454
2107902,Passagem Franca - MA,2021,200087.597
2108009,Pastos Bons - MA,2021,309498.551
2108058,Paulino Neves - MA,2021,118325.815
2108108,Paulo Ramos - MA,2021,194140.237
2108207,Pedreiras - MA,2021,787659.914
2108256,Pedro do Rosário - MA,2021,157862.958
2108306,Penalva - MA,2021,253736.401
2108405,Peri Mirim - MA,2021,95935.716
2108454,Peritoró - MA,2021,230427.47
2108504,Pindaré-Mirim - MA,2021,296184.232
2108603,Pinheiro - MA,2021,1039933.211
2108702,Pio XII - MA,2021,191327.123
2108801,Pirapemas - MA,2021,130764.31
2108900,Poção de Pedras - MA,2021,163076.031
2109007,Porto Franco - MA,2021,1026076.447
2109056,Porto Rico do Maranhão - MA,2021,45855.701
2109106,Presidente Dutra - MA,2021,755699.287
2109205,Presidente Juscelino - MA,2021,84478.884
2109239,Presidente Médici - MA,2021,60682.46
2109270,Presidente Sarney - MA,2021,164968.075
2109304,Presidente Vargas - MA,2021,76166.221
2109403,Primeira Cruz - MA,2021,89083.212
2109452,Raposa - MA,2021,286152.981
2109502,Riachão - MA,2021,673197.288
2109551,Ribamar Fiquene - MA,2021,124192.458
2109601,Rosário - MA,2021,443176.336
2109700,Sambaíba - MA,2021,474702.865
2109759,Santa Filomena do Maranhão - MA,2021,60202.696
2109809,Santa Helena - MA,2021,357950.669
2109908,Santa Inês - MA,2021,1465933.412
2110005,Santa Luzia - MA,2021,743420.228
2110039,Santa Luzia do Paruá - MA,2021,253332.488
2110104,Santa Quitéria do Maranhão - MA,2021,218445.479
2110203,Santa Rita - MA,2021,354630.56
2110237,Santana do Maranhão - MA,2021,74090.273
2110278,Santo Amaro do Maranhão - MA,2021,95932.071
2110302,Santo Antônio dos Lopes - MA,2021,3055534.598
2110401,São Benedito do Rio Preto - MA,2021,143436.891
2110500,São Bento - MA,2021,312160.447
2110609,São Bernardo - MA,2021,281176.714
2110658,São Domingos do Azeitão - MA,2021,320522.227
2110708,São Domingos do Maranhão - MA,2021,355916.198
2110807,São Félix de Balsas - MA,2021,86158.133
2110856,São Francisco do Brejão - MA,2021,121252.875
2110906,São Francisco do Maranhão - MA,2021,98973.358
2111003,São João Batista - MA,2021,135594.817
2111029,São João do Carú - MA,2021,123005.633
2111052,São João do Paraíso - MA,2021,151457.505
2111078,São João do Soter - MA,2021,156360.341
2111102,São João dos Patos - MA,2021,340970.01
2111201,São José de Ribamar - MA,2021,2293735.382
2111250,São José dos Basílios - MA,2021,61939.891
2111300,São Luís - MA,2021,36533730.096
2111409,São Luís Gonzaga do Maranhão - MA,2021,170048.089
2111508,São Mateus do Maranhão - MA,2021,429231.93
2111532,São Pedro da Água Branca - MA,2021,127602.958
2111573,São Pedro dos Crentes - MA,2021,83540.517
2111607,São Raimundo das Mangabeiras - MA,2021,739620.648
2111631,São Raimundo do Doca Bezerra - MA,2021,43954.657
2111672,São Roberto - MA,2021,45765.6
2111706,São Vicente Ferrer - MA,2021,145751.943
2111722,Satubinha - MA,2021,93075.672
2111748,Senador Alexandre Costa - MA,2021,101830.005
2111763,Senador La Rocque - MA,2021,187129.583
2111789,Serrano do Maranhão - MA,2021,72441.209
2111805,Sítio Novo - MA,2021,221498.812
2111904,Sucupira do Norte - MA,2021,126216.824
2111953,Sucupira do Riachão - MA,2021,47999.264
2112001,Tasso Fragoso - MA,2021,2351422.335
2112100,Timbiras - MA,2021,196337.342
2112209,Timon - MA,2021,2320670.569
2112233,Trizidela do Vale - MA,2021,525500.058
2112274,Tufilândia - MA,2021,60049.231
2112308,Tuntum - MA,2021,365192.092
2112407,Turiaçu - MA,2021,295916.006
2112456,Turilândia - MA,2021,223066.68
2112506,Tutóia - MA,2021,546155.379
2112605,Urbano Santos - MA,2021,247484.972
2112704,Vargem Grande - MA,2021,433472.798
2112803,Viana - MA,2021,501709.759
2112852,Vila Nova dos Martírios - MA,2021,156914.053
2112902,Vitória do Mearim - MA,2021,318162.926
2113009,Vitorino Freire - MA,2021,325509.408
2114007,Zé Doca - MA,2021,567070.435
2200053,Acauã - PI,2021,73622.922
2200103,Agricolândia - PI,2021,47283.337
2200202,Água Branca - PI,2021,244026.811
2200251,Alagoinha do Piauí - PI,2021,65441.715
2200277,Alegrete do Piauí - PI,2021,48183.522
2200301,Alto Longá - PI,2021,130958.328
2200400,Altos - PI,2021,538140.324
2200459,Alvorada do Gurguéia - PI,2021,82124.847
2200509,Amarante - PI,2021,192593.565
2200608,Angical do Piauí - PI,2021,66749.412
2200707,Anísio de Abreu - PI,2021,98552.117
2200806,Antônio Almeida - PI,2021,140157.215
2200905,Aroazes - PI,2021,57304.894
2200954,Aroeiras do Itaim - PI,2021,24629.999
2201002,Arraial - PI,2021,48922.149
2201051,Assunção do Piauí - PI,2021,64266.487
2201101,Avelino Lopes - PI,2021,97601.73
2201150,Baixa Grande do Ribeiro - PI,2021,1768705.362
2201176,Barra D'Alcântara - PI,2021,38963.324
2201200,Barras - PI,2021,497741.529
2201309,Barreiras do Piauí - PI,2021,163171.991
2201408,Barro Duro - PI,2021,90191.797
2201507,Batalha - PI,2021,250806.615
2201556,Bela Vista do Piauí - PI,2021,46876.016
2201572,Belém do Piauí - PI,2021,41264.3
2201606,Beneditinos - PI,2021,91898.245
2201705,Bertolínia - PI,2021,72471.497
2201739,Betânia do Piauí - PI,2021,62569.761
2201770,Boa Hora - PI,2021,62506.775
2201804,Bocaina - PI,2021,47772.092
2201903,Bom Jesus - PI,2021,1411005.077
2201919,Bom Princípio do Piauí - PI,2021,70165.896
2201929,Bonfim do Piauí - PI,2021,52944.719
2201945,Boqueirão do Piauí - PI,2021,51724.971
2201960,Brasileira - PI,2021,69325.171
2201988,Brejo do Piauí - PI,2021,43978.556
2202000,Buriti dos Lopes - PI,2021,214793.085
2202026,Buriti dos Montes - PI,2021,69689.581
2202059,Cabeceiras do Piauí - PI,2021,86140.193
2202075,Cajazeiras do Piauí - PI,2021,34182.376
2202083,Cajueiro da Praia - PI,2021,115378.651
2202091,Caldeirão Grande do Piauí - PI,2021,195078.704
2202109,Campinas do Piauí - PI,2021,57498.267
2202117,Campo Alegre do Fidalgo - PI,2021,51328.183
2202133,Campo Grande do Piauí - PI,2021,62139.376
2202174,Campo Largo do Piauí - PI,2021,56554.279
2202208,Campo Maior - PI,2021,706324.081
2202251,Canavieira - PI,2021,41948.251
2202307,Canto do Buriti - PI,2021,271402.164
2202406,Capitão de Campos - PI,2021,106411.346
2202455,Capitão Gervásio Oliveira - PI,2021,43672.125
2202505,Caracol - PI,2021,97485.306
2202539,Caraúbas do Piauí - PI,2021,57437.136
2202554,Caridade do Piauí - PI,2021,50031.834
2202604,Castelo do Piauí - PI,2021,202304.401
2202653,Caxingó - PI,2021,53143.56
2202703,Cocal - PI,2021,272774.716
2202711,Cocal de Telha - PI,2021,46961.377
2202729,Cocal dos Alves - PI,2021,56962.001
2202737,Coivaras - PI,2021,37708.09
2202752,Colônia do Gurguéia - PI,2021,70560.084
2202778,Colônia do Piauí - PI,2021,68111.356
2202802,Conceição do Canindé - PI,2021,60445.69
2202851,Coronel José Dias - PI,2021,40770.481
2202901,Corrente - PI,2021,680737.206
2203008,Cristalândia do Piauí - PI,2021,75069.034
2203107,Cristino Castro - PI,2021,121468.484
2203206,Curimatá - PI,2021,140861.162
2203230,Currais - PI,2021,409013.145
2203255,Curralinhos - PI,2021,39659.739
2203271,Curral Novo do Piauí - PI,2021,78413.731
2203305,Demerval Lobão - PI,2021,215833.93
2203354,Dirceu Arcoverde - PI,2021,67492.72
2203404,Dom Expedito Lopes - PI,2021,78053.04
2203420,Domingos Mourão - PI,2021,46531.734
2203453,Dom Inocêncio - PI,2021,164346.754
2203503,Elesbão Veloso - PI,2021,164744.743
2203602,Eliseu Martins - PI,2021,55592.235
2203701,Esperantina - PI,2021,456614.921
2203750,Fartura do Piauí - PI,2021,46774.439
2203800,Flores do Piauí - PI,2021,48120.151
2203859,Floresta do Piauí - PI,2021,25258.408
2203909,Floriano - PI,2021,1375703.712
2204006,Francinópolis - PI,2021,44796.54
2204105,Francisco Ayres - PI,2021,46762.982
2204154,Francisco Macedo - PI,2021,30662.301
2204204,Francisco Santos - PI,2021,83052.691
2204303,Fronteiras - PI,2021,124837.534
2204352,Geminiano - PI,2021,59302.294
2204402,Gilbués - PI,2021,416900.357
2204501,Guadalupe - PI,2021,637210.254
2204550,Guaribas - PI,2021,45098.714
2204600,Hugo Napoleão - PI,2021,34066.443
2204659,Ilha Grande - PI,2021,119726.582
2204709,Inhuma - PI,2021,163648.782
2204808,Ipiranga do Piauí - PI,2021,82428.165
2204907,Isaías Coelho - PI,2021,80798.342
2205003,Itainópolis - PI,2021,108203.471
2205102,Itaueira - PI,2021,131859.087
2205151,Jacobina do Piauí - PI,2021,69072.903
2205201,Jaicós - PI,2021,191772.956
2205250,Jardim do Mulato - PI,2021,39632.906
2205276,Jatobá do Piauí - PI,2021,58752.288
2205300,Jerumenha - PI,2021,63533.129
2205359,João Costa - PI,2021,69288.521
2205409,Joaquim Pires - PI,2021,118898.035
2205458,Joca Marques - PI,2021,46225.859
2205508,José de Freitas - PI,2021,390737.387
2205516,Juazeiro do Piauí - PI,2021,55947.623
2205524,Júlio Borges - PI,2021,78728.857
2205532,Jurema - PI,2021,43566.022
2205540,Lagoinha do Piauí - PI,2021,40518.665
2205557,Lagoa Alegre - PI,2021,77319.908
2205565,Lagoa do Barro do Piauí - PI,2021,537525.0
2205573,Lagoa de São Francisco - PI,2021,54980.493
2205581,Lagoa do Piauí - PI,2021,74652.872
2205599,Lagoa do Sítio - PI,2021,48595.097
2205607,Landri Sales - PI,2021,109798.657
2205706,Luís Correia - PI,2021,378631.761
2205805,Luzilândia - PI,2021,241246.044
2205854,Madeiro - PI,2021,75140.869
2205904,Manoel Emídio - PI,2021,54806.522
2205953,Marcolândia - PI,2021,198363.304
2206001,Marcos Parente - PI,2021,54884.297
2206050,Massapê do Piauí - PI,2021,52130.087
2206100,Matias Olímpio - PI,2021,95557.024
2206209,Miguel Alves - PI,2021,312836.136
2206308,Miguel Leão - PI,2021,23617.82
2206357,Milton Brandão - PI,2021,53563.0
2206407,Monsenhor Gil - PI,2021,127395.466
2206506,Monsenhor Hipólito - PI,2021,72882.004
2206605,Monte Alegre do Piauí - PI,2021,298089.473
2206654,Morro Cabeça no Tempo - PI,2021,39148.536
2206670,Morro do Chapéu do Piauí - PI,2021,62450.239
2206696,Murici dos Portelas - PI,2021,74908.55
2206704,Nazaré do Piauí - PI,2021,67047.117
2206720,Nazária - PI,2021,94898.171
2206753,Nossa Senhora de Nazaré - PI,2021,47884.928
2206803,Nossa Senhora dos Remédios - PI,2021,78546.586
2206902,Novo Oriente do Piauí - PI,2021,58176.292
2206951,Novo Santo Antônio - PI,2021,31237.317
2207009,Oeiras - PI,2021,584517.913
2207108,Olho D'Água do Piauí - PI,2021,28731.055
2207207,Padre Marcos - PI,2021,73919.213
2207306,Paes Landim - PI,2021,44250.164
2207355,Pajeú do Piauí - PI,2021,52581.463
2207405,Palmeira do Piauí - PI,2021,141457.166
2207504,Palmeirais - PI,2021,138833.729
2207553,Paquetá - PI,2021,44236.715
2207603,Parnaguá - PI,2021,119215.977
2207702,Parnaíba - PI,2021,2973924.874
2207751,Passagem Franca do Piauí - PI,2021,48757.698
2207777,Patos do Piauí - PI,2021,64629.537
2207793,Pau D'Arco do Piauí - PI,2021,33612.558
2207801,Paulistana - PI,2021,267774.24
2207850,Pavussu - PI,2021,37693.276
2207900,Pedro II - PI,2021,386327.593
2207934,Pedro Laurentino - PI,2021,31321.913
2207959,Nova Santa Rita - PI,2021,43930.757
2208007,Picos - PI,2021,1941758.674
2208106,Pimenteiras - PI,2021,106976.447
2208205,Pio IX - PI,2021,202556.113
2208304,Piracuruca - PI,2021,363519.016
2208403,Piripiri - PI,2021,917296.263
2208502,Porto - PI,2021,118547.178
2208551,Porto Alegre do Piauí - PI,2021,39211.994
2208601,Prata do Piauí - PI,2021,27583.795
2208650,Queimada Nova - PI,2021,253313.988
2208700,Redenção do Gurguéia - PI,2021,97930.487
2208809,Regeneração - PI,2021,264516.915
2208858,Riacho Frio - PI,2021,46279.251
2208874,Ribeira do Piauí - PI,2021,217390.425
2208908,Ribeiro Gonçalves - PI,2021,695854.865
2209005,Rio Grande do Piauí - PI,2021,61490.52
2209104,Santa Cruz do Piauí - PI,2021,61012.421
2209153,Santa Cruz dos Milagres - PI,2021,45472.901
2209203,Santa Filomena - PI,2021,615148.412
2209302,Santa Luz - PI,2021,62464.838
2209351,Santana do Piauí - PI,2021,40806.804
2209377,Santa Rosa do Piauí - PI,2021,50227.896
2209401,Santo Antônio de Lisboa - PI,2021,72021.169
2209450,Santo Antônio dos Milagres - PI,2021,18051.06
2209500,Santo Inácio do Piauí - PI,2021,40377.234
2209559,São Braz do Piauí - PI,2021,39470.74
2209609,São Félix do Piauí - PI,2021,32115.987
2209658,São Francisco de Assis do Piauí - PI,2021,55545.353
2209708,São Francisco do Piauí - PI,2021,58405.718
2209757,São Gonçalo do Gurguéia - PI,2021,54607.337
2209807,São Gonçalo do Piauí - PI,2021,56734.949
2209856,São João da Canabrava - PI,2021,49321.425
2209872,São João da Fronteira - PI,2021,60924.542
2209906,São João da Serra - PI,2021,59723.173
2209955,São João da Varjota - PI,2021,36648.045
2209971,São João do Arraial - PI,2021,68234.995
2210003,São João do Piauí - PI,2021,426951.832
2210052,São José do Divino - PI,2021,63753.834
2210102,São José do Peixe - PI,2021,42836.503
2210201,São José do Piauí - PI,2021,68087.619
2210300,São Julião - PI,2021,59544.862
2210359,São Lourenço do Piauí - PI,2021,45314.114
2210375,São Luis do Piauí - PI,2021,25332.761
2210383,São Miguel da Baixa Grande - PI,2021,27272.317
2210391,São Miguel do Fidalgo - PI,2021,47463.558
2210409,São Miguel do Tapuio - PI,2021,163378.244
2210508,São Pedro do Piauí - PI,2021,134836.357
2210607,São Raimundo Nonato - PI,2021,566295.112
2210623,Sebastião Barros - PI,2021,46712.454
2210631,Sebastião Leal - PI,2021,255418.007
2210656,Sigefredo Pacheco - PI,2021,78160.567
2210706,Simões - PI,2021,434505.359
2210805,Simplício Mendes - PI,2021,182911.528
2210904,Socorro do Piauí - PI,2021,41066.523
2210938,Sussuapara - PI,2021,76908.478
2210953,Tamboril do Piauí - PI,2021,30387.569
2210979,Tanque do Piauí - PI,2021,33180.53
2211001,Teresina - PI,2021,23954511.044
2211100,União - PI,2021,420369.549
2211209,Uruçuí - PI,2021,2829979.498
2211308,Valença do Piauí - PI,2021,289697.519
2211357,Várzea Branca - PI,2021,44540.612
2211407,Várzea Grande - PI,2021,40996.433
2211506,Vera Mendes - PI,2021,31077.818
2211605,Vila Nova do Piauí - PI,2021,37035.262
2211704,Wall Ferraz - PI,2021,38007.875
2300101,Abaiara - CE,2021,117970.96
2300150,Acarape - CE,2021,179994.282
2300200,Acaraú - CE,2021,1020200.581
2300309,Acopiara - CE,2021,564519.851
2300408,Aiuaba - CE,2021,151596.307
2300507,Alcântaras - CE,2021,98201.759
2300606,Altaneira - CE,2021,74653.984
2300705,Alto Santo - CE,2021,232267.743
2300754,Amontada - CE,2021,665472.069
2300804,Antonina do Norte - CE,2021,78953.405
2300903,Apuiarés - CE,2021,120978.07
2301000,Aquiraz - CE,2021,3854400.667
2301109,Aracati - CE,2021,1706227.209
2301208,Aracoiaba - CE,2021,266421.718
2301257,Ararendá - CE,2021,106783.977
2301307,Araripe - CE,2021,207981.617
2301406,Aratuba - CE,2021,151644.922
2301505,Arneiroz - CE,2021,70223.605
2301604,Assaré - CE,2021,237259.073
2301703,Aurora - CE,2021,216792.136
2301802,Baixio - CE,2021,67540.636
2301851,Banabuiú - CE,2021,260030.93
2301901,Barbalha - CE,2021,1345204.816
2301950,Barreira - CE,2021,240015.846
2302008,Barro - CE,2021,242027.169
2302057,Barroquinha - CE,2021,133335.168
2302107,Baturité - CE,2021,448272.412
2302206,Beberibe - CE,2021,1059005.939
2302305,Bela Cruz - CE,2021,322243.971
2302404,Boa Viagem - CE,2021,539217.993
2302503,Brejo Santo - CE,2021,817034.098
2302602,Camocim - CE,2021,839500.311
2302701,Campos Sales - CE,2021,292357.305
2302800,Canindé - CE,2021,911356.214
2302909,Capistrano - CE,2021,176808.988
2303006,Caridade - CE,2021,186168.87
2303105,Cariré - CE,2021,193104.647
2303204,Caririaçu - CE,2021,253126.605
2303303,Cariús - CE,2021,180984.361
2303402,Carnaubal - CE,2021,166771.753
2303501,Cascavel - CE,2021,1074376.745
2303600,Catarina - CE,2021,154108.256
2303659,Catunda - CE,2021,112081.35
2303709,Caucaia - CE,2021,10422700.763
2303808,Cedro - CE,2021,247324.611
2303907,Chaval - CE,2021,110317.62
2303931,Choró - CE,2021,178988.78
2303956,Chorozinho - CE,2021,260273.272
2304004,Coreaú - CE,2021,225089.749
2304103,Crateús - CE,2021,952648.777
2304202,Crato - CE,2021,1871586.579
2304236,Croatá - CE,2021,224436.588
2304251,Cruz - CE,2021,372681.319
2304269,Deputado Irapuan Pinheiro - CE,2021,100883.062
2304277,Ereré - CE,2021,80689.801
2304285,Eusébio - CE,2021,3577497.021
2304301,Farias Brito - CE,2021,202247.598
2304350,Forquilha - CE,2021,304956.752
2304400,Fortaleza - CE,2021,73437738.924
2304459,Fortim - CE,2021,312460.299
2304509,Frecheirinha - CE,2021,275921.164
2304608,General Sampaio - CE,2021,86962.802
2304657,Graça - CE,2021,129710.814
2304707,Granja - CE,2021,469407.088
2304806,Granjeiro - CE,2021,51336.706
2304905,Groaíras - CE,2021,110754.98
2304954,Guaiúba - CE,2021,231993.411
2305001,Guaraciaba do Norte - CE,2021,669208.927
2305100,Guaramiranga - CE,2021,80395.842
2305209,Hidrolândia - CE,2021,185024.638
2305233,Horizonte - CE,2021,2116782.482
2305266,Ibaretama - CE,2021,132265.433
2305308,Ibiapina - CE,2021,348539.661
2305332,Ibicuitinga - CE,2021,124950.55
2305357,Icapuí - CE,2021,411021.425
2305407,Icó - CE,2021,737488.907
2305506,Iguatu - CE,2021,1904814.79
2305605,Independência - CE,2021,306809.033
2305654,Ipaporanga - CE,2021,114127.411
2305704,Ipaumirim - CE,2021,143450.636
2305803,Ipu - CE,2021,519844.688
2305902,Ipueiras - CE,2021,328115.053
2306009,Iracema - CE,2021,195282.203
2306108,Irauçuba - CE,2021,220294.117
2306207,Itaiçaba - CE,2021,82854.556
2306256,Itaitinga - CE,2021,1258826.386
2306306,Itapajé - CE,2021,594581.113
2306405,Itapipoca - CE,2021,1784006.658
2306504,Itapiúna - CE,2021,170313.92
2306553,Itarema - CE,2021,766786.2
2306603,Itatira - CE,2021,174029.392
2306702,Jaguaretama - CE,2021,226643.899
2306801,Jaguaribara - CE,2021,154002.311
2306900,Jaguaribe - CE,2021,561174.778
2307007,Jaguaruana - CE,2021,566961.051
2307106,Jardim - CE,2021,294153.646
2307205,Jati - CE,2021,129728.66
2307254,Jijoca de Jericoacoara - CE,2021,551637.538
2307304,Juazeiro do Norte - CE,2021,5114785.978
2307403,Jucás - CE,2021,319373.493
2307502,Lavras da Mangabeira - CE,2021,343303.548
2307601,Limoeiro do Norte - CE,2021,1423365.542
2307635,Madalena - CE,2021,174830.573
2307650,Maracanaú - CE,2021,12336716.645
2307700,Maranguape - CE,2021,1649527.97
2307809,Marco - CE,2021,390968.799
2307908,Martinópole - CE,2021,96326.787
2308005,Massapê - CE,2021,378718.498
2308104,Mauriti - CE,2021,517495.879
2308203,Meruoca - CE,2021,129293.135
2308302,Milagres - CE,2021,287223.432
2308351,Milhã - CE,2021,195289.998
2308377,Miraíma - CE,2021,112599.052
2308401,Missão Velha - CE,2021,515936.722
2308500,Mombaça - CE,2021,446847.422
2308609,Monsenhor Tabosa - CE,2021,160699.121
2308708,Morada Nova - CE,2021,1276864.308
2308807,Moraújo - CE,2021,75574.687
2308906,Morrinhos - CE,2021,193204.02
2309003,Mucambo - CE,2021,131291.77
2309102,Mulungu - CE,2021,123801.068
2309201,Nova Olinda - CE,2021,163380.546
2309300,Nova Russas - CE,2021,336930.448
2309409,Novo Oriente - CE,2021,283185.355
2309458,Ocara - CE,2021,284835.712
2309508,Orós - CE,2021,218899.304
2309607,Pacajus - CE,2021,1360535.18
2309706,Pacatuba - CE,2021,1235176.46
2309805,Pacoti - CE,2021,148366.251
2309904,Pacujá - CE,2021,59940.436
2310001,Palhano - CE,2021,98773.181
2310100,Palmácia - CE,2021,115123.989
2310209,Paracuru - CE,2021,555930.594
2310258,Paraipaba - CE,2021,535128.804
2310308,Parambu - CE,2021,288688.707
2310407,Paramoti - CE,2021,110908.416
2310506,Pedra Branca - CE,2021,389913.901
2310605,Penaforte - CE,2021,122161.945
2310704,Pentecoste - CE,2021,484760.119
2310803,Pereiro - CE,2021,560571.114
2310852,Pindoretama - CE,2021,274851.931
2310902,Piquet Carneiro - CE,2021,162091.883
2310951,Pires Ferreira - CE,2021,84230.034
2311009,Poranga - CE,2021,109401.553
2311108,Porteiras - CE,2021,186375.042
2311207,Potengi - CE,2021,110569.972
2311231,Potiretama - CE,2021,96815.605
2311264,Quiterianópolis - CE,2021,184720.064
2311306,Quixadá - CE,2021,1109868.568
2311355,Quixelô - CE,2021,198819.976
2311405,Quixeramobim - CE,2021,1402460.802
2311504,Quixeré - CE,2021,637015.418
2311603,Redenção - CE,2021,409866.661
2311702,Reriutaba - CE,2021,190709.672
2311801,Russas - CE,2021,1158523.296
2311900,Saboeiro - CE,2021,169856.393
2311959,Salitre - CE,2021,159283.931
2312007,Santana do Acaraú - CE,2021,280072.452
2312106,Santana do Cariri - CE,2021,159277.378
2312205,Santa Quitéria - CE,2021,633709.937
2312304,São Benedito - CE,2021,627180.022
2312403,São Gonçalo do Amarante - CE,2021,8624986.628
2312502,São João do Jaguaribe - CE,2021,107898.08
2312601,São Luís do Curu - CE,2021,133109.237
2312700,Senador Pompeu - CE,2021,352271.547
2312809,Senador Sá - CE,2021,62765.572
2312908,Sobral - CE,2021,5395130.171
2313005,Solonópole - CE,2021,303283.676
2313104,Tabuleiro do Norte - CE,2021,450593.418
2313203,Tamboril - CE,2021,282246.661
2313252,Tarrafas - CE,2021,85682.029
2313302,Tauá - CE,2021,711835.952
2313351,Tejuçuoca - CE,2021,136987.601
2313401,Tianguá - CE,2021,1732690.1
2313500,Trairi - CE,2021,1115143.708
2313559,Tururu - CE,2021,138078.604
2313609,Ubajara - CE,2021,642046.082
2313708,Umari - CE,2021,69440.65
2313757,Umirim - CE,2021,172797.323
2313807,Uruburetama - CE,2021,299474.294
2313906,Uruoca - CE,2021,298207.058
2313955,Varjota - CE,2021,375819.126
2314003,Várzea Alegre - CE,2021,468100.919
2314102,Viçosa do Ceará - CE,2021,603320.912
2400109,Acari - RN,2021,141991.931
2400208,Assú - RN,2021,1467561.99
2400307,Afonso Bezerra - RN,2021,138262.051
2400406,Água Nova - RN,2021,34552.095
2400505,Alexandria - RN,2021,150788.602
2400604,Almino Afonso - RN,2021,50061.102
2400703,Alto do Rodrigues - RN,2021,616322.331
2400802,Angicos - RN,2021,180163.149
2400901,Antônio Martins - RN,2021,65524.996
2401008,Apodi - RN,2021,709585.968
2401107,Areia Branca - RN,2021,935968.204
2401206,Arez - RN,2021,386630.977
2401305,Campo Grande - RN,2021,105354.051
2401404,Baía Formosa - RN,2021,325030.343
2401453,Baraúna - RN,2021,746395.219
2401503,Barcelona - RN,2021,45863.612
2401602,Bento Fernandes - RN,2021,88428.907
2401651,Bodó - RN,2021,286573.534
2401701,Bom Jesus - RN,2021,109335.973
2401800,Brejinho - RN,2021,139463.466
2401859,Caiçara do Norte - RN,2021,112176.1
2401909,Caiçara do Rio do Vento - RN,2021,60456.128
2402006,Caicó - RN,2021,1394837.913
2402105,Campo Redondo - RN,2021,106965.093
2402204,Canguaretama - RN,2021,605672.818
2402303,Caraúbas - RN,2021,373656.696
2402402,Carnaúba dos Dantas - RN,2021,118371.83
2402501,Carnaubais - RN,2021,210948.098
2402600,Ceará-Mirim - RN,2021,1002193.003
2402709,Cerro Corá - RN,2021,140410.065
2402808,Coronel Ezequiel - RN,2021,52505.974
2402907,Coronel João Pessoa - RN,2021,48166.228
2403004,Cruzeta - RN,2021,123140.711
2403103,Currais Novos - RN,2021,804224.22
2403202,Doutor Severiano - RN,2021,78554.809
2403251,Parnamirim - RN,2021,6845358.456
2403301,Encanto - RN,2021,62291.545
2403400,Equador - RN,2021,81975.601
2403509,Espírito Santo - RN,2021,97584.237
2403608,Extremoz - RN,2021,570417.878
2403707,Felipe Guerra - RN,2021,173824.854
2403756,Fernando Pedroza - RN,2021,39068.822
2403806,Florânia - RN,2021,120491.664
2403905,Francisco Dantas - RN,2021,32757.665
2404002,Frutuoso Gomes - RN,2021,44911.035
2404101,Galinhos - RN,2021,162615.844
2404200,Goianinha - RN,2021,546569.827
2404309,Governador Dix-Sept Rosado - RN,2021,386258.856
2404408,Grossos - RN,2021,158307.973
2404507,Guamaré - RN,2021,2042132.536
2404606,Ielmo Marinho - RN,2021,140718.395
2404705,Ipanguaçu - RN,2021,196498.337
2404804,Ipueira - RN,2021,34928.891
2404853,Itajá - RN,2021,99443.547
2404903,Itaú - RN,2021,73781.1
2405009,Jaçanã - RN,2021,86388.866
2405108,Jandaíra - RN,2021,101428.753
2405207,Janduís - RN,2021,84497.183
2405306,Januário Cicco - RN,2021,84898.647
2405405,Japi - RN,2021,51546.731
2405504,Jardim de Angicos - RN,2021,64390.78
2405603,Jardim de Piranhas - RN,2021,213313.206
2405702,Jardim do Seridó - RN,2021,207991.093
2405801,João Câmara - RN,2021,1269832.854
2405900,João Dias - RN,2021,27990.632
2406007,José da Penha - RN,2021,67413.352
2406106,Jucurutu - RN,2021,315838.141
2406155,Jundiá - RN,2021,42146.913
2406205,Lagoa d'Anta - RN,2021,70837.262
2406304,Lagoa de Pedras - RN,2021,81380.779
2406403,Lagoa de Velhos - RN,2021,38240.437
2406502,Lagoa Nova - RN,2021,269032.449
2406601,Lagoa Salgada - RN,2021,94310.674
2406700,Lajes - RN,2021,165927.595
2406809,Lajes Pintadas - RN,2021,51593.421
2406908,Lucrécia - RN,2021,51509.206
2407005,Luís Gomes - RN,2021,87825.117
2407104,Macaíba - RN,2021,1828142.061
2407203,Macau - RN,2021,1111117.526
2407252,Major Sales - RN,2021,48002.88
2407302,Marcelino Vieira - RN,2021,82888.835
2407401,Martins - RN,2021,108193.727
2407500,Maxaranguape - RN,2021,134892.056
2407609,Messias Targino - RN,2021,55529.237
2407708,Montanhas - RN,2021,130282.289
2407807,Monte Alegre - RN,2021,271451.347
2407906,Monte das Gameleiras - RN,2021,32365.713
2408003,Mossoró - RN,2021,8071718.831
2408102,Natal - RN,2021,24186139.008
2408201,Nísia Floresta - RN,2021,474715.85
2408300,Nova Cruz - RN,2021,560495.035
2408409,Olho d'Água do Borges - RN,2021,47532.159
2408508,Ouro Branco - RN,2021,61703.283
2408607,Paraná - RN,2021,43930.329
2408706,Paraú - RN,2021,55256.393
2408805,Parazinho - RN,2021,606239.324
2408904,Parelhas - RN,2021,368923.531
2408953,Rio do Fogo - RN,2021,185589.707
2409100,Passa e Fica - RN,2021,152321.706
2409209,Passagem - RN,2021,46128.001
2409308,Patu - RN,2021,160911.859
2409332,Santa Maria - RN,2021,78031.177
2409407,Pau dos Ferros - RN,2021,709328.018
2409506,Pedra Grande - RN,2021,293282.636
2409605,Pedra Preta - RN,2021,36126.388
2409704,Pedro Avelino - RN,2021,79993.776
2409803,Pedro Velho - RN,2021,173615.156
2409902,Pendências - RN,2021,757490.693
2410009,Pilões - RN,2021,41828.534
2410108,Poço Branco - RN,2021,131859.278
2410207,Portalegre - RN,2021,78932.905
2410256,Porto do Mangue - RN,2021,149471.167
2410306,Serra Caiada - RN,2021,109305.752
2410405,Pureza - RN,2021,169428.175
2410504,Rafael Fernandes - RN,2021,53270.721
2410603,Rafael Godeiro - RN,2021,43450.248
2410702,Riacho da Cruz - RN,2021,37506.6
2410801,Riacho de Santana - RN,2021,43512.45
2410900,Riachuelo - RN,2021,192155.869
2411007,Rodolfo Fernandes - RN,2021,59192.112
2411056,Tibau - RN,2021,115022.291
2411106,Ruy Barbosa - RN,2021,126772.017
2411205,Santa Cruz - RN,2021,619036.156
2411403,Santana do Matos - RN,2021,147037.256
2411429,Santana do Seridó - RN,2021,36353.453
2411502,Santo Antônio - RN,2021,302532.522
2411601,São Bento do Norte - RN,2021,549241.307
2411700,São Bento do Trairí - RN,2021,45622.513
2411809,São Fernando - RN,2021,63596.419
2411908,São Francisco do Oeste - RN,2021,54446.801
2412005,São Gonçalo do Amarante - RN,2021,1905640.708
2412104,São João do Sabugi - RN,2021,84585.211
2412203,São José de Mipibu - RN,2021,1040955.618
2412302,São José do Campestre - RN,2021,125089.897
2412401,São José do Seridó - RN,2021,83853.885
2412500,São Miguel - RN,2021,319739.86
2412559,São Miguel do Gostoso - RN,2021,492637.037
2412609,São Paulo do Potengi - RN,2021,231551.94
2412708,São Pedro - RN,2021,55799.443
2412807,São Rafael - RN,2021,88674.342
2412906,São Tomé - RN,2021,111773.156
2413003,São Vicente - RN,2021,76920.408
2413102,Senador Elói de Souza - RN,2021,60474.83
2413201,Senador Georgino Avelino - RN,2021,116485.756
2413300,Serra de São Bento - RN,2021,57409.611
2413359,Serra do Mel - RN,2021,858720.705
2413409,Serra Negra do Norte - RN,2021,118874.306
2413508,Serrinha - RN,2021,71896.85
2413557,Serrinha dos Pintos - RN,2021,49786.348
2413607,Severiano Melo - RN,2021,63098.203
2413706,Sítio Novo - RN,2021,53783.104
2413805,Taboleiro Grande - RN,2021,32472.004
2413904,Taipu - RN,2021,155197.134
2414001,Tangará - RN,2021,201782.164
2414100,Tenente Ananias - RN,2021,113585.861
2414159,Tenente Laurentino Cruz - RN,2021,107283.971
2414209,Tibau do Sul - RN,2021,415828.65
2414308,Timbaúba dos Batistas - RN,2021,43617.334
2414407,Touros - RN,2021,814837.827
2414456,Triunfo Potiguar - RN,2021,45829.479
2414506,Umarizal - RN,2021,151205.386
2414605,Upanema - RN,2021,214152.413
2414704,Várzea - RN,2021,56555.177
2414753,Venha-Ver - RN,2021,43201.82
2414803,Vera Cruz - RN,2021,133469.11
2414902,Viçosa - RN,2021,23238.192
2415008,Vila Flor - RN,2021,44402.939
2500106,Água Branca - PB,2021,92268.329
2500205,Aguiar - PB,2021,60255.576
2500304,Alagoa Grande - PB,2021,300766.384
2500403,Alagoa Nova - PB,2021,335568.446
2500502,Alagoinha - PB,2021,138844.393
2500536,Alcantil - PB,2021,55221.414
2500577,Algodão de Jandaíra - PB,2021,28687.686
2500601,Alhandra - PB,2021,3391901.194
2500700,São João do Rio do Peixe - PB,2021,226325.939
2500734,Amparo - PB,2021,29514.119
2500775,Aparecida - PB,2021,105562.098
2500809,Araçagi - PB,2021,186120.697
2500908,Arara - PB,2021,112505.436
2501005,Araruna - PB,2021,204617.85
2501104,Areia - PB,2021,258030.317
2501153,Areia de Baraúnas - PB,2021,26145.736
2501203,Areial - PB,2021,62685.654
2501302,Aroeiras - PB,2021,286086.029
2501351,Assunção - PB,2021,48604.696
2501401,Baía da Traição - PB,2021,108130.005
2501500,Bananeiras - PB,2021,279646.766
2501534,Baraúna - PB,2021,49872.389
2501575,Barra de Santana - PB,2021,90979.711
2501609,Barra de Santa Rosa - PB,2021,151139.756
2501708,Barra de São Miguel - PB,2021,85061.057
2501807,Bayeux - PB,2021,1367699.814
2501906,Belém - PB,2021,217641.894
2502003,Belém do Brejo do Cruz - PB,2021,78753.671
2502052,Bernardino Batista - PB,2021,40114.689
2502102,Boa Ventura - PB,2021,51771.123
2502151,Boa Vista - PB,2021,203601.208
2502201,Bom Jesus - PB,2021,32154.436
2502300,Bom Sucesso - PB,2021,54737.575
2502409,Bonito de Santa Fé - PB,2021,96759.554
2502508,Boqueirão - PB,2021,260286.609
2502607,Igaracy - PB,2021,60876.703
2502706,Borborema - PB,2021,69315.43
2502805,Brejo do Cruz - PB,2021,147569.408
2502904,Brejo dos Santos - PB,2021,64523.189
2503001,Caaporã - PB,2021,416707.206
2503100,Cabaceiras - PB,2021,116783.766
2503209,Cabedelo - PB,2021,3137677.146
2503308,Cachoeira dos Índios - PB,2021,125141.305
2503407,Cacimba de Areia - PB,2021,39216.719
2503506,Cacimba de Dentro - PB,2021,154292.868
2503555,Cacimbas - PB,2021,67250.752
2503605,Caiçara - PB,2021,65797.414
2503704,Cajazeiras - PB,2021,1231837.204
2503753,Cajazeirinhas - PB,2021,42139.939
2503803,Caldas Brandão - PB,2021,74926.873
2503902,Camalaú - PB,2021,71860.25
2504009,Campina Grande - PB,2021,10349781.259
2504033,Capim - PB,2021,75876.451
2504074,Caraúbas - PB,2021,42316.594
2504108,Carrapateira - PB,2021,31011.398
2504157,Casserengue - PB,2021,70121.843
2504207,Catingueira - PB,2021,53094.909
2504306,Catolé do Rocha - PB,2021,506808.837
2504355,Caturité - PB,2021,61814.279
2504405,Conceição - PB,2021,209556.099
2504504,Condado - PB,2021,90622.792
2504603,Conde - PB,2021,1274198.467
2504702,Congo - PB,2021,61917.353
2504801,Coremas - PB,2021,250138.181
2504850,Coxixola - PB,2021,24115.038
2504900,Cruz do Espírito Santo - PB,2021,191763.519
2505006,Cubati - PB,2021,76970.307
2505105,Cuité - PB,2021,220942.764
2505204,Cuitegi - PB,2021,66816.871
2505238,Cuité de Mamanguape - PB,2021,74254.219
2505279,Curral de Cima - PB,2021,55713.98
2505303,Curral Velho - PB,2021,26853.33
2505352,Damião - PB,2021,50367.937
2505402,Desterro - PB,2021,72919.876
2505501,Vista Serrana - PB,2021,39511.31
2505600,Diamante - PB,2021,59526.827
2505709,Dona Inês - PB,2021,94022.083
2505808,Duas Estradas - PB,2021,45155.445
2505907,Emas - PB,2021,41741.393
2506004,Esperança - PB,2021,709828.042
2506103,Fagundes - PB,2021,105578.849
2506202,Frei Martinho - PB,2021,30352.454
2506251,Gado Bravo - PB,2021,76349.59
2506301,Guarabira - PB,2021,1778823.634
2506400,Gurinhém - PB,2021,151393.058
2506509,Gurjão - PB,2021,38416.956
2506608,Ibiara - PB,2021,58012.33
2506707,Imaculada - PB,2021,98469.848
2506806,Ingá - PB,2021,195441.872
2506905,Itabaiana - PB,2021,336826.15
2507002,Itaporanga - PB,2021,342218.929
2507101,Itapororoca - PB,2021,206833.518
2507200,Itatuba - PB,2021,154473.656
2507309,Jacaraú - PB,2021,165480.781
2507408,Jericó - PB,2021,76561.037
2507507,João Pessoa - PB,2021,21865637.262
2507606,Juarez Távora - PB,2021,73278.783
2507705,Juazeirinho - PB,2021,210737.821
2507804,Junco do Seridó - PB,2021,96810.665
2507903,Juripiranga - PB,2021,117630.635
2508000,Juru - PB,2021,87525.431
2508109,Lagoa - PB,2021,51363.875
2508208,Lagoa de Dentro - PB,2021,83715.713
2508307,Lagoa Seca - PB,2021,310520.156
2508406,Lastro - PB,2021,29567.105
2508505,Livramento - PB,2021,70181.883
2508554,Logradouro - PB,2021,48758.984
2508604,Lucena - PB,2021,222861.622
2508703,Mãe d'Água - PB,2021,38696.08
2508802,Malta - PB,2021,79950.894
2508901,Mamanguape - PB,2021,807656.62
2509008,Manaíra - PB,2021,101622.726
2509057,Marcação - PB,2021,104109.603
2509107,Mari - PB,2021,242495.905
2509156,Marizópolis - PB,2021,82150.794
2509206,Massaranduba - PB,2021,130597.301
2509305,Mataraca - PB,2021,229876.266
2509339,Matinhas - PB,2021,54111.17
2509370,Mato Grosso - PB,2021,31916.145
2509396,Maturéia - PB,2021,61961.897
2509404,Mogeiro - PB,2021,164587.968
2509503,Montadas - PB,2021,55404.905
2509602,Monte Horebe - PB,2021,48172.954
2509701,Monteiro - PB,2021,636488.171
2509800,Mulungu - PB,2021,98546.578
2509909,Natuba - PB,2021,95639.02
2510006,Nazarezinho - PB,2021,66198.385
2510105,Nova Floresta - PB,2021,99828.004
2510204,Nova Olinda - PB,2021,57973.233
2510303,Nova Palmeira - PB,2021,49110.651
2510402,Olho d'Água - PB,2021,62017.957
2510501,Olivedos - PB,2021,43664.376
2510600,Ouro Velho - PB,2021,38370.596
2510659,Parari - PB,2021,21547.024
2510709,Passagem - PB,2021,28934.734
2510808,Patos - PB,2021,1998301.563
2510907,Paulista - PB,2021,157585.972
2511004,Pedra Branca - PB,2021,37568.346
2511103,Pedra Lavrada - PB,2021,80276.354
2511202,Pedras de Fogo - PB,2021,656965.579
2511301,Piancó - PB,2021,206945.862
2511400,Picuí - PB,2021,213731.075
2511509,Pilar - PB,2021,122046.864
2511608,Pilões - PB,2021,95608.755
2511707,Pilõezinhos - PB,2021,51324.387
2511806,Pirpirituba - PB,2021,95326.544
2511905,Pitimbu - PB,2021,431303.626
2512002,Pocinhos - PB,2021,285030.661
2512036,Poço Dantas - PB,2021,40317.935
2512077,Poço de José de Moura - PB,2021,46932.259
2512101,Pombal - PB,2021,466595.668
2512200,Prata - PB,2021,64814.204
2512309,Princesa Isabel - PB,2021,266953.66
2512408,Puxinanã - PB,2021,138075.032
2512507,Queimadas - PB,2021,607307.066
2512606,Quixaba - PB,2021,26817.522
2512705,Remígio - PB,2021,181633.355
2512721,Pedro Régis - PB,2021,57292.084
2512747,Riachão - PB,2021,36561.531
2512754,Riachão do Bacamarte - PB,2021,50199.291
2512762,Riachão do Poço - PB,2021,56333.872
2512788,Riacho de Santo Antônio - PB,2021,30615.624
2512804,Riacho dos Cavalos - PB,2021,92853.892
2512903,Rio Tinto - PB,2021,323318.1
2513000,Salgadinho - PB,2021,33512.935
2513109,Salgado de São Félix - PB,2021,129056.651
2513158,Santa Cecília - PB,2021,65825.547
2513208,Santa Cruz - PB,2021,62328.896
2513307,Santa Helena - PB,2021,62386.696
2513356,Santa Inês - PB,2021,36844.836
2513406,Santa Luzia - PB,2021,372902.523
2513505,Santana de Mangueira - PB,2021,51163.894
2513604,Santana dos Garrotes - PB,2021,67490.798
2513653,Joca Claudino - PB,2021,33077.336
2513703,Santa Rita - PB,2021,2580592.377
2513802,Santa Teresinha - PB,2021,57291.597
2513851,Santo André - PB,2021,29441.149
2513901,São Bento - PB,2021,568730.73
2513927,São Bentinho - PB,2021,55646.963
2513943,São Domingos do Cariri - PB,2021,28820.694
2513968,São Domingos - PB,2021,36270.156
2513984,São Francisco - PB,2021,39305.466
2514008,São João do Cariri - PB,2021,55475.906
2514107,São João do Tigre - PB,2021,41003.915
2514206,São José da Lagoa Tapada - PB,2021,72191.667
2514305,São José de Caiana - PB,2021,55708.444
2514404,São José de Espinharas - PB,2021,55035.239
2514453,São José dos Ramos - PB,2021,86773.086
2514503,São José de Piranhas - PB,2021,230936.31
2514552,São José de Princesa - PB,2021,34093.356
2514602,São José do Bonfim - PB,2021,32491.339
2514651,São José do Brejo do Cruz - PB,2021,29166.476
2514701,São José do Sabugi - PB,2021,125303.005
2514800,São José dos Cordeiros - PB,2021,37037.158
2514909,São Mamede - PB,2021,82590.795
2515005,São Miguel de Taipu - PB,2021,82966.342
2515104,São Sebastião de Lagoa de Roça - PB,2021,106030.506
2515203,São Sebastião do Umbuzeiro - PB,2021,40497.124
2515302,Sapé - PB,2021,677858.353
2515401,São Vicente do Seridó - PB,2021,90035.124
2515500,Serra Branca - PB,2021,148075.963
2515609,Serra da Raiz - PB,2021,37106.652
2515708,Serra Grande - PB,2021,33250.514
2515807,Serra Redonda - PB,2021,71257.905
2515906,Serraria - PB,2021,67797.776
2515930,Sertãozinho - PB,2021,55027.005
2515971,Sobrado - PB,2021,113089.087
2516003,Solânea - PB,2021,353670.151
2516102,Soledade - PB,2021,253441.169
2516151,Sossêgo - PB,2021,38788.519
2516201,Sousa - PB,2021,1320172.533
2516300,Sumé - PB,2021,201612.557
2516409,Tacima - PB,2021,91865.362
2516508,Taperoá - PB,2021,139501.419
2516607,Tavares - PB,2021,140211.081
2516706,Teixeira - PB,2021,169461.384
2516755,Tenório - PB,2021,34674.924
2516805,Triunfo - PB,2021,87702.477
2516904,Uiraúna - PB,2021,193070.808
2517001,Umbuzeiro - PB,2021,91269.936
2517100,Várzea - PB,2021,37673.128
2517209,Vieirópolis - PB,2021,52850.64
2517407,Zabelê - PB,2021,27047.587
2600054,Abreu e Lima - PE,2021,1724257.659
2600104,Afogados da Ingazeira - PE,2021,541816.47
2600203,Afrânio - PE,2021,209814.557
2600302,Agrestina - PE,2021,352858.433
2600401,Água Preta - PE,2021,259866.491
2600500,Águas Belas - PE,2021,401110.734
2600609,Alagoinha - PE,2021,144944.925
2600708,Aliança - PE,2021,413314.494
2600807,Altinho - PE,2021,222588.795
2600906,Amaraji - PE,2021,294407.127
2601003,Angelim - PE,2021,142259.856
2601052,Araçoiaba - PE,2021,161884.451
2601102,Araripina - PE,2021,1272091.772
2601201,Arcoverde - PE,2021,1215382.889
2601300,Barra de Guabiraba - PE,2021,146942.971
2601409,Barreiros - PE,2021,503988.293
2601508,Belém de Maria - PE,2021,99499.448
2601607,Belém do São Francisco - PE,2021,366293.143
2601706,Belo Jardim - PE,2021,2765036.424
2601805,Betânia - PE,2021,105307.489
2601904,Bezerros - PE,2021,962826.016
2602001,Bodocó - PE,2021,317010.407
2602100,Bom Conselho - PE,2021,643150.606
2602209,Bom Jardim - PE,2021,366987.87
2602308,Bonito - PE,2021,539340.172
2602407,Brejão - PE,2021,183678.548
2602506,Brejinho - PE,2021,83878.511
2602605,Brejo da Madre de Deus - PE,2021,461357.176
2602704,Buenos Aires - PE,2021,133151.668
2602803,Buíque - PE,2021,549014.687
2602902,Cabo de Santo Agostinho - PE,2021,13706388.877
2603009,Cabrobó - PE,2021,440863.485
2603108,Cachoeirinha - PE,2021,254368.817
2603207,Caetés - PE,2021,423726.62
2603306,Calçado - PE,2021,115298.866
2603405,Calumbi - PE,2021,50299.999
2603454,Camaragibe - PE,2021,2229679.55
2603504,Camocim de São Félix - PE,2021,181160.709
2603603,Camutanga - PE,2021,285368.854
2603702,Canhotinho - PE,2021,253171.467
2603801,Capoeiras - PE,2021,244053.554
2603900,Carnaíba - PE,2021,193545.51
2603926,Carnaubeira da Penha - PE,2021,83422.735
2604007,Carpina - PE,2021,1744915.053
2604106,Caruaru - PE,2021,8663524.838
2604155,Casinhas - PE,2021,101521.112
2604205,Catende - PE,2021,360566.492
2604304,Cedro - PE,2021,125401.266
2604403,Chã de Alegria - PE,2021,168757.841
2604502,Chã Grande - PE,2021,251192.832
2604601,Condado - PE,2021,250915.369
2604700,Correntes - PE,2021,192015.502
2604809,Cortês - PE,2021,121502.409
2604908,Cumaru - PE,2021,109260.119
2605004,Cupira - PE,2021,283576.106
2605103,Custódia - PE,2021,593879.93
2605152,Dormentes - PE,2021,246022.559
2605202,Escada - PE,2021,1306431.048
2605301,Exu - PE,2021,325117.198
2605400,Feira Nova - PE,2021,247549.736
2605459,Fernando de Noronha - PE,2021,229561.042
2605509,Ferreiros - PE,2021,132502.788
2605608,Flores - PE,2021,192901.673
2605707,Floresta - PE,2021,445213.144
2605806,Frei Miguelinho - PE,2021,131441.259
2605905,Gameleira - PE,2021,274257.646
2606002,Garanhuns - PE,2021,3077111.825
2606101,Glória do Goitá - PE,2021,554616.349
2606200,Goiana - PE,2021,10662963.847
2606309,Granito - PE,2021,78431.653
2606408,Gravatá - PE,2021,1359681.438
2606507,Iati - PE,2021,195800.31
2606606,Ibimirim - PE,2021,330118.945
2606705,Ibirajuba - PE,2021,85527.388
2606804,Igarassu - PE,2021,3471426.905
2606903,Iguaracy - PE,2021,112369.307
2607000,Inajá - PE,2021,196879.956
2607109,Ingazeira - PE,2021,50497.19
2607208,Ipojuca - PE,2021,14929346.492
2607307,Ipubi - PE,2021,340374.467
2607406,Itacuruba - PE,2021,71285.977
2607505,Itaíba - PE,2021,283413.471
2607604,Ilha de Itamaracá - PE,2021,299232.343
2607653,Itambé - PE,2021,522657.422
2607703,Itapetim - PE,2021,139873.235
2607752,Itapissuma - PE,2021,2383640.539
2607802,Itaquitinga - PE,2021,160856.66
2607901,Jaboatão dos Guararapes - PE,2021,16133556.245
2607950,Jaqueira - PE,2021,111801.47
2608008,Jataúba - PE,2021,154862.064
2608057,Jatobá - PE,2021,153792.815
2608107,João Alfredo - PE,2021,316644.152
2608206,Joaquim Nabuco - PE,2021,181310.255
2608255,Jucati - PE,2021,129269.988
2608305,Jupi - PE,2021,214224.309
2608404,Jurema - PE,2021,132839.971
2608453,Lagoa do Carro - PE,2021,300634.52
2608503,Lagoa de Itaenga - PE,2021,482858.549
2608602,Lagoa do Ouro - PE,2021,139223.059
2608701,Lagoa dos Gatos - PE,2021,135442.681
2608750,Lagoa Grande - PE,2021,456843.601
2608800,Lajedo - PE,2021,585575.816
2608909,Limoeiro - PE,2021,838342.782
2609006,Macaparana - PE,2021,283578.09
2609105,Machados - PE,2021,216295.27
2609154,Manari - PE,2021,139153.111
2609204,Maraial - PE,2021,92489.611
2609303,Mirandiba - PE,2021,163405.618
2609402,Moreno - PE,2021,892506.355
2609501,Nazaré da Mata - PE,2021,688467.949
2609600,Olinda - PE,2021,5788249.961
2609709,Orobó - PE,2021,398794.429
2609808,Orocó - PE,2021,186447.62
2609907,Ouricuri - PE,2021,780512.688
2610004,Palmares - PE,2021,924145.709
2610103,Palmeirina - PE,2021,79959.02
2610202,Panelas - PE,2021,229556.335
2610301,Paranatama - PE,2021,285773.328
2610400,Parnamirim - PE,2021,213190.379
2610509,Passira - PE,2021,264546.745
2610608,Paudalho - PE,2021,926328.024
2610707,Paulista - PE,2021,5591651.533
2610806,Pedra - PE,2021,306398.452
2610905,Pesqueira - PE,2021,869650.98
2611002,Petrolândia - PE,2021,1675876.169
2611101,Petrolina - PE,2021,7994040.267
2611200,Poção - PE,2021,102107.077
2611309,Pombos - PE,2021,532583.088
2611408,Primavera - PE,2021,291695.706
2611507,Quipapá - PE,2021,192324.987
2611533,Quixaba - PE,2021,67064.241
2611606,Recife - PE,2021,54970302.116
2611705,Riacho das Almas - PE,2021,260563.146
2611804,Ribeirão - PE,2021,576406.602
2611903,Rio Formoso - PE,2021,379871.384
2612000,Sairé - PE,2021,176225.317
2612109,Salgadinho - PE,2021,80938.432
2612208,Salgueiro - PE,2021,1002105.382
2612307,Saloá - PE,2021,171050.925
2612406,Sanharó - PE,2021,248264.475
2612455,Santa Cruz - PE,2021,133591.622
2612471,Santa Cruz da Baixa Verde - PE,2021,113553.794
2612505,Santa Cruz do Capibaribe - PE,2021,1925733.505
2612554,Santa Filomena - PE,2021,111829.714
2612604,Santa Maria da Boa Vista - PE,2021,563999.761
2612703,Santa Maria do Cambucá - PE,2021,122261.918
2612802,Santa Terezinha - PE,2021,114824.154
2612901,São Benedito do Sul - PE,2021,117016.666
2613008,São Bento do Una - PE,2021,1485705.93
2613107,São Caitano - PE,2021,447678.66
2613206,São João - PE,2021,390210.544
2613305,São Joaquim do Monte - PE,2021,185466.682
2613404,São José da Coroa Grande - PE,2021,291007.407
2613503,São José do Belmonte - PE,2021,341543.949
2613602,São José do Egito - PE,2021,441117.369
2613701,São Lourenço da Mata - PE,2021,1444200.155
2613800,São Vicente Férrer - PE,2021,209528.124
2613909,Serra Talhada - PE,2021,1693347.29
2614006,Serrita - PE,2021,161152.641
2614105,Sertânia - PE,2021,367388.668
2614204,Sirinhaém - PE,2021,722495.019
2614303,Moreilândia - PE,2021,90987.135
2614402,Solidão - PE,2021,56660.704
2614501,Surubim - PE,2021,915557.836
2614600,Tabira - PE,2021,314902.854
2614709,Tacaimbó - PE,2021,149158.911
2614808,Tacaratu - PE,2021,251978.426
2614857,Tamandaré - PE,2021,395834.25
2615003,Taquaritinga do Norte - PE,2021,334641.961
2615102,Terezinha - PE,2021,75618.355
2615201,Terra Nova - PE,2021,95262.232
2615300,Timbaúba - PE,2021,746606.922
2615409,Toritama - PE,2021,764572.35
2615508,Tracunhaém - PE,2021,176619.046
2615607,Trindade - PE,2021,419024.45
2615706,Triunfo - PE,2021,157357.628
2615805,Tupanatinga - PE,2021,227130.162
2615904,Tuparetama - PE,2021,89138.565
2616001,Venturosa - PE,2021,247348.959
2616100,Verdejante - PE,2021,80930.642
2616183,Vertente do Lério - PE,2021,74060.297
2616209,Vertentes - PE,2021,194510.533
2616308,Vicência - PE,2021,519425.664
2616407,Vitória de Santo Antão - PE,2021,4551843.195
2616506,Xexéu - PE,2021,141411.218
2700102,Água Branca - AL,2021,202705.02
2700201,Anadia - AL,2021,250500.324
2700300,Arapiraca - AL,2021,5916237.941
2700409,Atalaia - AL,2021,1500459.65
2700508,Barra de Santo Antônio - AL,2021,262046.828
2700607,Barra de São Miguel - AL,2021,238456.185
2700706,Batalha - AL,2021,229982.453
2700805,Belém - AL,2021,191336.348
2700904,Belo Monte - AL,2021,151407.058
2701001,Boca da Mata - AL,2021,506080.912
2701100,Branquinha - AL,2021,775435.38
2701209,Cacimbinhas - AL,2021,140486.703
2701308,Cajueiro - AL,2021,207919.19
2701357,Campestre - AL,2021,87777.208
2701407,Campo Alegre - AL,2021,734765.521
2701506,Campo Grande - AL,2021,106141.611
2701605,Canapi - AL,2021,166520.676
2701704,Capela - AL,2021,248032.377
2701803,Carneiros - AL,2021,90803.352
2701902,Chã Preta - AL,2021,175488.923
2702009,Coité do Nóia - AL,2021,211513.572
2702108,Colônia Leopoldina - AL,2021,397415.249
2702207,Coqueiro Seco - AL,2021,96055.729
2702306,Coruripe - AL,2021,1782567.867
2702355,Craíbas - AL,2021,480752.965
2702405,Delmiro Gouveia - AL,2021,673914.883
2702504,Dois Riachos - AL,2021,105272.253
2702553,Estrela de Alagoas - AL,2021,154358.938
2702603,Feira Grande - AL,2021,427597.687
2702702,Feliz Deserto - AL,2021,164033.924
2702801,Flexeiras - AL,2021,297791.222
2702900,Girau do Ponciano - AL,2021,549599.688
2703007,Ibateguara - AL,2021,196489.103
2703106,Igaci - AL,2021,311967.15
2703205,Igreja Nova - AL,2021,571876.699
2703304,Inhapi - AL,2021,174776.462
2703403,Jacaré dos Homens - AL,2021,74960.15
2703502,Jacuípe - AL,2021,194530.693
2703601,Japaratinga - AL,2021,252001.542
2703700,Jaramataia - AL,2021,77897.04
2703759,Jequiá da Praia - AL,2021,382025.458
2703809,Joaquim Gomes - AL,2021,520994.182
2703908,Jundiá - AL,2021,54800.717
2704005,Junqueiro - AL,2021,550086.587
2704104,Lagoa da Canoa - AL,2021,273062.184
2704203,Limoeiro de Anadia - AL,2021,685194.09
2704302,Maceió - AL,2021,27485310.648
2704401,Major Isidoro - AL,2021,283475.135
2704500,Maragogi - AL,2021,1118907.812
2704609,Maravilha - AL,2021,90757.694
2704708,Marechal Deodoro - AL,2021,3409647.91
2704807,Maribondo - AL,2021,188010.286
2704906,Mar Vermelho - AL,2021,50950.945
2705002,Mata Grande - AL,2021,354640.684
2705101,Matriz de Camaragibe - AL,2021,385919.668
2705200,Messias - AL,2021,221130.77
2705309,Minador do Negrão - AL,2021,74515.226
2705408,Monteirópolis - AL,2021,78347.202
2705507,Murici - AL,2021,588158.283
2705606,Novo Lino - AL,2021,187255.861
2705705,Olho d'Água das Flores - AL,2021,271809.23
2705804,Olho d'Água do Casado - AL,2021,92958.501
2705903,Olho d'Água Grande - AL,2021,70179.07
2706000,Olivença - AL,2021,108872.461
2706109,Ouro Branco - AL,2021,110474.764
2706208,Palestina - AL,2021,45926.894
2706307,Palmeira dos Índios - AL,2021,1181612.45
2706406,Pão de Açúcar - AL,2021,266647.141
2706422,Pariconha - AL,2021,145004.028
2706448,Paripueira - AL,2021,236831.286
2706505,Passo de Camaragibe - AL,2021,337360.219
2706604,Paulo Jacinto - AL,2021,105575.59
2706703,Penedo - AL,2021,983959.279
2706802,Piaçabuçu - AL,2021,458415.712
2706901,Pilar - AL,2021,676236.229
2707008,Pindoba - AL,2021,59445.116
2707107,Piranhas - AL,2021,344069.282
2707206,Poço das Trincheiras - AL,2021,125628.471
2707305,Porto Calvo - AL,2021,412902.6
2707404,Porto de Pedras - AL,2021,333230.868
2707503,Porto Real do Colégio - AL,2021,268907.285
2707602,Quebrangulo - AL,2021,189080.885
2707701,Rio Largo - AL,2021,1423072.189
2707800,Roteiro - AL,2021,204148.817
2707909,Santa Luzia do Norte - AL,2021,277405.028
2708006,Santana do Ipanema - AL,2021,646335.776
2708105,Santana do Mundaú - AL,2021,1408592.374
2708204,São Brás - AL,2021,129339.94
2708303,São José da Laje - AL,2021,588009.328
2708402,São José da Tapera - AL,2021,332853.752
2708501,São Luís do Quitunde - AL,2021,943729.274
2708600,São Miguel dos Campos - AL,2021,1373076.813
2708709,São Miguel dos Milagres - AL,2021,243494.885
2708808,São Sebastião - AL,2021,858875.773
2708907,Satuba - AL,2021,261004.244
2708956,Senador Rui Palmeira - AL,2021,121201.031
2709004,Tanque d'Arca - AL,2021,92174.872
2709103,Taquarana - AL,2021,510845.665
2709152,Teotônio Vilela - AL,2021,1357797.917
2709202,Traipu - AL,2021,297000.125
2709301,União dos Palmares - AL,2021,1416192.612
2709400,Viçosa - AL,2021,594194.696
2800100,Amparo do São Francisco - SE,2021,37966.816
2800209,Aquidabã - SE,2021,287874.395
2800308,Aracaju - SE,2021,18405677.788
2800407,Arauá - SE,2021,140121.885
2800506,Areia Branca - SE,2021,252263.149
2800605,Barra dos Coqueiros - SE,2021,2581591.798
2800670,Boquim - SE,2021,333080.032
2800704,Brejo Grande - SE,2021,95886.083
2801009,Campo do Brito - SE,2021,237677.001
2801108,Canhoba - SE,2021,84436.411
2801207,Canindé de São Francisco - SE,2021,2895221.78
2801306,Capela - SE,2021,385290.499
2801405,Carira - SE,2021,379817.764
2801504,Carmópolis - SE,2021,422600.834
2801603,Cedro de São João - SE,2021,64293.401
2801702,Cristinápolis - SE,2021,250777.22
2801900,Cumbe - SE,2021,69489.148
2802007,Divina Pastora - SE,2021,188619.161
2802106,Estância - SE,2021,2126563.415
2802205,Feira Nova - SE,2021,114918.377
2802304,Frei Paulo - SE,2021,324740.673
2802403,Gararu - SE,2021,179510.515
2802502,General Maynard - SE,2021,43532.067
2802601,Graccho Cardoso - SE,2021,100982.469
2802700,Ilha das Flores - SE,2021,101814.795
2802809,Indiaroba - SE,2021,229669.731
2802908,Itabaiana - SE,2021,2213274.573
2803005,Itabaianinha - SE,2021,535796.555
2803104,Itabi - SE,2021,81127.364
2803203,Itaporanga d'Ajuda - SE,2021,880245.443
2803302,Japaratuba - SE,2021,527939.243
2803401,Japoatã - SE,2021,210653.588
2803500,Lagarto - SE,2021,1798319.172
2803609,Laranjeiras - SE,2021,1162006.538
2803708,Macambira - SE,2021,89534.571
2803807,Malhada dos Bois - SE,2021,52759.619
2803906,Malhador - SE,2021,173217.785
2804003,Maruim - SE,2021,448413.882
2804102,Moita Bonita - SE,2021,206468.242
2804201,Monte Alegre de Sergipe - SE,2021,218952.565
2804300,Muribeca - SE,2021,96660.396
2804409,Neópolis - SE,2021,330965.807
2804458,Nossa Senhora Aparecida - SE,2021,109900.468
2804508,Nossa Senhora da Glória - SE,2021,790790.161
2804607,Nossa Senhora das Dores - SE,2021,415736.18
2804706,Nossa Senhora de Lourdes - SE,2021,91164.828
2804805,Nossa Senhora do Socorro - SE,2021,3232697.918
2804904,Pacatuba - SE,2021,236642.649
2805000,Pedra Mole - SE,2021,48011.71
2805109,Pedrinhas - SE,2021,98935.679
2805208,Pinhão - SE,2021,91574.102
2805307,Pirambu - SE,2021,137921.589
2805406,Poço Redondo - SE,2021,416245.13
2805505,Poço Verde - SE,2021,322301.775
2805604,Porto da Folha - SE,2021,366553.464
2805703,Propriá - SE,2021,554299.192
2805802,Riachão do Dantas - SE,2021,328904.479
2805901,Riachuelo - SE,2021,222400.947
2806008,Ribeirópolis - SE,2021,339443.05
2806107,Rosário do Catete - SE,2021,468956.06
2806206,Salgado - SE,2021,217519.174
2806305,Santa Luzia do Itanhy - SE,2021,192689.917
2806404,Santana do São Francisco - SE,2021,106772.621
2806503,Santa Rosa de Lima - SE,2021,55083.536
2806602,Santo Amaro das Brotas - SE,2021,167665.266
2806701,São Cristóvão - SE,2021,1031740.474
2806800,São Domingos - SE,2021,135226.821
2806909,São Francisco - SE,2021,56033.562
2807006,São Miguel do Aleixo - SE,2021,49842.493
2807105,Simão Dias - SE,2021,790408.245
2807204,Siriri - SE,2021,176735.571
2807303,Telha - SE,2021,44121.433
2807402,Tobias Barreto - SE,2021,655791.184
2807501,Tomar do Geru - SE,2021,146965.409
2807600,Umbaúba - SE,2021,401569.249
2900108,Abaíra - BA,2021,70036.719
2900207,Abaré - BA,2021,208481.098
2900306,Acajutiba - BA,2021,144340.89
2900355,Adustina - BA,2021,240507.055
2900405,Água Fria - BA,2021,158357.102
2900504,Érico Cardoso - BA,2021,77947.069
2900603,Aiquara - BA,2021,53699.466
2900702,Alagoinhas - BA,2021,4533419.568
2900801,Alcobaça - BA,2021,347521.385
2900900,Almadina - BA,2021,62839.1
2901007,Amargosa - BA,2021,463245.567
2901106,Amélia Rodrigues - BA,2021,437827.407
2901155,América Dourada - BA,2021,167875.859
2901205,Anagé - BA,2021,224788.357
2901304,Andaraí - BA,2021,134354.237
2901353,Andorinha - BA,2021,223254.503
2901403,Angical - BA,2021,190379.176
2901502,Anguera - BA,2021,78771.04
2901601,Antas - BA,2021,160610.695
2901700,Antônio Cardoso - BA,2021,124245.921
2901809,Antônio Gonçalves - BA,2021,82589.056
2901908,Aporá - BA,2021,148459.991
2901957,Apuarema - BA,2021,74215.883
2902005,Aracatu - BA,2021,145622.002
2902054,Araçás - BA,2021,298903.454
2902104,Araci - BA,2021,490958.077
2902203,Aramari - BA,2021,103680.002
2902252,Arataca - BA,2021,101344.436
2902302,Aratuípe - BA,2021,79991.847
2902401,Aurelino Leal - BA,2021,136886.378
2902500,Baianópolis - BA,2021,263674.989
2902609,Baixa Grande - BA,2021,194473.942
2902658,Banzaê - BA,2021,113492.974
2902708,Barra - BA,2021,430282.251
2902807,Barra da Estiva - BA,2021,376925.906
2902906,Barra do Choça - BA,2021,573206.782
2903003,Barra do Mendes - BA,2021,115644.469
2903102,Barra do Rocha - BA,2021,77839.046
2903201,Barreiras - BA,2021,7007583.279
2903235,Barro Alto - BA,2021,112747.118
2903276,Barrocas - BA,2021,345869.49
2903300,Barro Preto - BA,2021,79870.302
2903409,Belmonte - BA,2021,373616.295
2903508,Belo Campo - BA,2021,169333.707
2903607,Biritinga - BA,2021,145253.69
2903706,Boa Nova - BA,2021,111524.71
2903805,Boa Vista do Tupim - BA,2021,155182.102
2903904,Bom Jesus da Lapa - BA,2021,1357111.41
2903953,Bom Jesus da Serra - BA,2021,69906.437
2904001,Boninal - BA,2021,117753.016
2904050,Bonito - BA,2021,270623.768
2904100,Boquira - BA,2021,188737.454
2904209,Botuporã - BA,2021,109883.732
2904308,Brejões - BA,2021,144196.045
2904407,Brejolândia - BA,2021,126160.936
2904506,Brotas de Macaúbas - BA,2021,96352.323
2904605,Brumado - BA,2021,1781801.763
2904704,Buerarema - BA,2021,209116.867
2904753,Buritirama - BA,2021,154804.668
2904803,Caatiba - BA,2021,77335.558
2904852,Cabaceiras do Paraguaçu - BA,2021,141050.367
2904902,Cachoeira - BA,2021,479137.837
2905008,Caculé - BA,2021,363603.087
2905107,Caém - BA,2021,92224.07
2905156,Caetanos - BA,2021,102467.523
2905206,Caetité - BA,2021,1098343.675
2905305,Cafarnaum - BA,2021,217329.401
2905404,Cairu - BA,2021,1508841.953
2905503,Caldeirão Grande - BA,2021,101885.428
2905602,Camacan - BA,2021,354111.339
2905701,Camaçari - BA,2021,33990889.95
2905800,Camamu - BA,2021,468116.934
2905909,Campo Alegre de Lourdes - BA,2021,295119.14
2906006,Campo Formoso - BA,2021,2072120.743
2906105,Canápolis - BA,2021,84822.921
2906204,Canarana - BA,2021,258494.023
2906303,Canavieiras - BA,2021,394907.243
2906402,Candeal - BA,2021,67739.498
2906501,Candeias - BA,2021,6824935.046
2906600,Candiba - BA,2021,140512.987
2906709,Cândido Sales - BA,2021,244447.967
2906808,Cansanção - BA,2021,352264.826
2906824,Canudos - BA,2021,152935.361
2906857,Capela do Alto Alegre - BA,2021,129341.543
2906873,Capim Grosso - BA,2021,579389.688
2906899,Caraíbas - BA,2021,86125.164
2906907,Caravelas - BA,2021,357854.613
2907004,Cardeal da Silva - BA,2021,117843.839
2907103,Carinhanha - BA,2021,288403.486
2907202,Casa Nova - BA,2021,874879.232
2907301,Castro Alves - BA,2021,316840.46
2907400,Catolândia - BA,2021,80904.042
2907509,Catu - BA,2021,695020.716
2907558,Caturama - BA,2021,78181.384
2907608,Central - BA,2021,154454.399
2907707,Chorrochó - BA,2021,105377.296
2907806,Cícero Dantas - BA,2021,399479.828
2907905,Cipó - BA,2021,155099.909
2908002,Coaraci - BA,2021,190857.091
2908101,Cocos - BA,2021,559255.161
2908200,Conceição da Feira - BA,2021,375844.599
2908309,Conceição do Almeida - BA,2021,200105.353
2908408,Conceição do Coité - BA,2021,883549.569
2908507,Conceição do Jacuípe - BA,2021,2761494.696
2908606,Conde - BA,2021,288431.692
2908705,Condeúba - BA,2021,170758.268
2908804,Contendas do Sincorá - BA,2021,50705.258
2908903,Coração de Maria - BA,2021,225909.027
2909000,Cordeiros - BA,2021,70615.999
2909109,Coribe - BA,2021,168998.983
2909208,Coronel João Sá - BA,2021,175063.321
2909307,Correntina - BA,2021,3280616.967
2909406,Cotegipe - BA,2021,171260.553
2909505,Cravolândia - BA,2021,45855.921
2909604,Crisópolis - BA,2021,205808.587
2909703,Cristópolis - BA,2021,157828.802
2909802,Cruz das Almas - BA,2021,1041984.133
2909901,Curaçá - BA,2021,354901.487
2910008,Dário Meira - BA,2021,126034.763
2910057,Dias d'Ávila - BA,2021,3052172.706
2910107,Dom Basílio - BA,2021,142114.382
2910206,Dom Macedo Costa - BA,2021,43268.314
2910305,Elísio Medrado - BA,2021,76576.731
2910404,Encruzilhada - BA,2021,255982.486
2910503,Entre Rios - BA,2021,680874.564
2910602,Esplanada - BA,2021,731443.459
2910701,Euclides da Cunha - BA,2021,794576.024
2910727,Eunápolis - BA,2021,3204764.489
2910750,Fátima - BA,2021,279796.681
2910776,Feira da Mata - BA,2021,63005.594
2910800,Feira de Santana - BA,2021,17287745.832
2910859,Filadélfia - BA,2021,139019.214
2910909,Firmino Alves - BA,2021,70961.224
2911006,Floresta Azul - BA,2021,101470.306
2911105,Formosa do Rio Preto - BA,2021,4609105.455
2911204,Gandu - BA,2021,460710.116
2911253,Gavião - BA,2021,49891.62
2911303,Gentio do Ouro - BA,2021,133421.322
2911402,Glória - BA,2021,254115.812
2911501,Gongogi - BA,2021,76383.694
2911600,Governador Mangabeira - BA,2021,221824.172
2911659,Guajeru - BA,2021,68553.065
2911709,Guanambi - BA,2021,1652173.969
2911808,Guaratinga - BA,2021,279298.061
2911857,Heliópolis - BA,2021,140496.916
2911907,Iaçu - BA,2021,236733.195
2912004,Ibiassucê - BA,2021,98695.612
2912103,Ibicaraí - BA,2021,206487.826
2912202,Ibicoara - BA,2021,442996.133
2912301,Ibicuí - BA,2021,196040.76
2912400,Ibipeba - BA,2021,177642.709
2912509,Ibipitanga - BA,2021,117147.439
2912608,Ibiquera - BA,2021,37301.787
2912707,Ibirapitanga - BA,2021,285725.307
2912806,Ibirapuã - BA,2021,450753.904
2912905,Ibirataia - BA,2021,206991.156
2913002,Ibitiara - BA,2021,113539.327
2913101,Ibititá - BA,2021,155356.267
2913200,Ibotirama - BA,2021,415175.858
2913309,Ichu - BA,2021,56325.859
2913408,Igaporã - BA,2021,198181.025
2913457,Igrapiúna - BA,2021,211118.123
2913507,Iguaí - BA,2021,246106.57
2913606,Ilhéus - BA,2021,5165434.324
2913705,Inhambupe - BA,2021,625516.441
2913804,Ipecaetá - BA,2021,105038.518
2913903,Ipiaú - BA,2021,567652.162
2914000,Ipirá - BA,2021,664073.768
2914109,Ipupiara - BA,2021,100297.666
2914208,Irajuba - BA,2021,77968.46
2914307,Iramaia - BA,2021,102574.5
2914406,Iraquara - BA,2021,897724.291
2914505,Irará - BA,2021,285797.274
2914604,Irecê - BA,2021,1531591.894
2914653,Itabela - BA,2021,513989.054
2914703,Itaberaba - BA,2021,995761.242
2914802,Itabuna - BA,2021,4200886.994
2914901,Itacaré - BA,2021,427089.995
2915007,Itaeté - BA,2021,126614.759
2915106,Itagi - BA,2021,128429.463
2915205,Itagibá - BA,2021,1102618.488
2915304,Itagimirim - BA,2021,127477.598
2915353,Itaguaçu da Bahia - BA,2021,152645.862
2915403,Itaju do Colônia - BA,2021,89468.026
2915502,Itajuípe - BA,2021,255369.353
2915601,Itamaraju - BA,2021,1109786.486
2915700,Itamari - BA,2021,103342.802
2915809,Itambé - BA,2021,294534.299
2915908,Itanagra - BA,2021,81828.586
2916005,Itanhém - BA,2021,293429.271
2916104,Itaparica - BA,2021,246765.254
2916203,Itapé - BA,2021,106332.518
2916302,Itapebi - BA,2021,335600.745
2916401,Itapetinga - BA,2021,1466168.786
2916500,Itapicuru - BA,2021,438659.815
2916609,Itapitanga - BA,2021,94612.058
2916708,Itaquara - BA,2021,100679.075
2916807,Itarantim - BA,2021,330772.091
2916856,Itatim - BA,2021,430368.69
2916906,Itiruçu - BA,2021,120555.966
2917003,Itiúba - BA,2021,351480.498
2917102,Itororó - BA,2021,250715.086
2917201,Ituaçu - BA,2021,256553.803
2917300,Ituberá - BA,2021,367366.711
2917334,Iuiu - BA,2021,133298.729
2917359,Jaborandi - BA,2021,1344176.128
2917409,Jacaraci - BA,2021,122733.957
2917508,Jacobina - BA,2021,1866381.69
2917607,Jaguaquara - BA,2021,677732.009
2917706,Jaguarari - BA,2021,1197314.953
2917805,Jaguaripe - BA,2021,206796.046
2917904,Jandaíra - BA,2021,168105.668
2918001,Jequié - BA,2021,3175606.984
2918100,Jeremoabo - BA,2021,501168.694
2918209,Jiquiriçá - BA,2021,150224.96
2918308,Jitaúna - BA,2021,175500.919
2918357,João Dourado - BA,2021,296791.84
2918407,Juazeiro - BA,2021,5182686.052
2918456,Jucuruçu - BA,2021,127605.021
2918506,Jussara - BA,2021,113551.501
2918555,Jussari - BA,2021,71425.797
2918605,Jussiape - BA,2021,68637.1
2918704,Lafaiete Coutinho - BA,2021,55228.295
2918753,Lagoa Real - BA,2021,119480.291
2918803,Laje - BA,2021,292273.856
2918902,Lajedão - BA,2021,112925.176
2919009,Lajedinho - BA,2021,60929.234
2919058,Lajedo do Tabocal - BA,2021,78267.435
2919108,Lamarão - BA,2021,64992.206
2919157,Lapão - BA,2021,302184.363
2919207,Lauro de Freitas - BA,2021,7322788.256
2919306,Lençóis - BA,2021,170247.503
2919405,Licínio de Almeida - BA,2021,157144.806
2919504,Livramento de Nossa Senhora - BA,2021,574693.079
2919553,Luís Eduardo Magalhães - BA,2021,8833178.599
2919603,Macajuba - BA,2021,90666.233
2919702,Macarani - BA,2021,226871.918
2919801,Macaúbas - BA,2021,430547.894
2919900,Macururé - BA,2021,67455.388
2919926,Madre de Deus - BA,2021,515753.054
2919959,Maetinga - BA,2021,50031.436
2920007,Maiquinique - BA,2021,204964.456
2920106,Mairi - BA,2021,158649.33
2920205,Malhada - BA,2021,187955.492
2920304,Malhada de Pedras - BA,2021,80500.863
2920403,Manoel Vitorino - BA,2021,139733.487
2920452,Mansidão - BA,2021,93634.642
2920502,Maracás - BA,2021,655864.918
2920601,Maragogipe - BA,2021,402216.465
2920700,Maraú - BA,2021,343434.794
2920809,Marcionílio Souza - BA,2021,94273.352
2920908,Mascote - BA,2021,161322.423
2921005,Mata de São João - BA,2021,1307567.229
2921054,Matina - BA,2021,91645.996
2921104,Medeiros Neto - BA,2021,514264.277
2921203,Miguel Calmon - BA,2021,272751.442
2921302,Milagres - BA,2021,144021.218
2921401,Mirangaba - BA,2021,141313.667
2921450,Mirante - BA,2021,78529.471
2921500,Monte Santo - BA,2021,459587.202
2921609,Morpará - BA,2021,78575.99
2921708,Morro do Chapéu - BA,2021,626444.238
2921807,Mortugaba - BA,2021,106586.873
2921906,Mucugê - BA,2021,774984.078
2922003,Mucuri - BA,2021,2213928.59
2922052,Mulungu do Morro - BA,2021,212754.385
2922102,Mundo Novo - BA,2021,198985.33
2922201,Muniz Ferreira - BA,2021,66760.323
2922250,Muquém do São Francisco - BA,2021,210271.605
2922300,Muritiba - BA,2021,276521.966
2922409,Mutuípe - BA,2021,470758.29
2922508,Nazaré - BA,2021,330398.755
2922607,Nilo Peçanha - BA,2021,185841.836
2922656,Nordestina - BA,2021,160703.648
2922706,Nova Canaã - BA,2021,174011.367
2922730,Nova Fátima - BA,2021,95116.243
2922755,Nova Ibiá - BA,2021,101835.051
2922805,Nova Itarana - BA,2021,73231.46
2922854,Nova Redenção - BA,2021,75482.213
2922904,Nova Soure - BA,2021,271385.396
2923001,Nova Viçosa - BA,2021,575878.974
2923035,Novo Horizonte - BA,2021,105116.854
2923050,Novo Triunfo - BA,2021,103839.633
2923100,Olindina - BA,2021,241904.724
2923209,Oliveira dos Brejinhos - BA,2021,291777.973
2923308,Ouriçangas - BA,2021,80572.147
2923357,Ourolândia - BA,2021,279796.496
2923407,Palmas de Monte Alto - BA,2021,237973.062
2923506,Palmeiras - BA,2021,107771.653
2923605,Paramirim - BA,2021,270521.752
2923704,Paratinga - BA,2021,260302.103
2923803,Paripiranga - BA,2021,454228.621
2923902,Pau Brasil - BA,2021,105693.515
2924009,Paulo Afonso - BA,2021,3964728.89
2924058,Pé de Serra - BA,2021,131267.676
2924108,Pedrão - BA,2021,52230.026
2924207,Pedro Alexandre - BA,2021,119243.321
2924306,Piatã - BA,2021,242589.1
2924405,Pilão Arcado - BA,2021,291130.78
2924504,Pindaí - BA,2021,296448.545
2924603,Pindobaçu - BA,2021,156836.489
2924652,Pintadas - BA,2021,109215.668
2924678,Piraí do Norte - BA,2021,116890.746
2924702,Piripá - BA,2021,79283.314
2924801,Piritiba - BA,2021,187716.866
2924900,Planaltino - BA,2021,79136.412
2925006,Planalto - BA,2021,309692.462
2925105,Poções - BA,2021,572944.012
2925204,Pojuca - BA,2021,1843254.642
2925253,Ponto Novo - BA,2021,142450.028
2925303,Porto Seguro - BA,2021,3775002.986
2925402,Potiraguá - BA,2021,114890.461
2925501,Prado - BA,2021,625402.518
2925600,Presidente Dutra - BA,2021,132057.902
2925709,Presidente Jânio Quadros - BA,2021,100235.127
2925758,Presidente Tancredo Neves - BA,2021,337994.131
2925808,Queimadas - BA,2021,257594.736
2925907,Quijingue - BA,2021,227708.365
2925931,Quixabeira - BA,2021,76980.332
2925956,Rafael Jambeiro - BA,2021,396592.665
2926004,Remanso - BA,2021,486106.719
2926103,Retirolândia - BA,2021,149703.947
2926202,Riachão das Neves - BA,2021,1539858.671
2926301,Riachão do Jacuípe - BA,2021,409526.624
2926400,Riacho de Santana - BA,2021,317645.282
2926509,Ribeira do Amparo - BA,2021,192311.456
2926608,Ribeira do Pombal - BA,2021,715512.208
2926657,Ribeirão do Largo - BA,2021,110953.512
2926707,Rio de Contas - BA,2021,155831.467
2926806,Rio do Antônio - BA,2021,115514.947
2926905,Rio do Pires - BA,2021,100333.281
2927002,Rio Real - BA,2021,1030914.613
2927101,Rodelas - BA,2021,143383.123
2927200,Ruy Barbosa - BA,2021,392237.614
2927309,Salinas da Margarida - BA,2021,201345.116
2927408,Salvador - BA,2021,62981325.915
2927507,Santa Bárbara - BA,2021,180434.309
2927606,Santa Brígida - BA,2021,119246.262
2927705,Santa Cruz Cabrália - BA,2021,549712.599
2927804,Santa Cruz da Vitória - BA,2021,71168.765
2927903,Santa Inês - BA,2021,76084.975
2928000,Santaluz - BA,2021,521837.737
2928059,Santa Luzia - BA,2021,124187.262
2928109,Santa Maria da Vitória - BA,2021,600084.818
2928208,Santana - BA,2021,343471.421
2928307,Santanópolis - BA,2021,68800.227
2928406,Santa Rita de Cássia - BA,2021,285735.891
2928505,Santa Terezinha - BA,2021,101309.393
2928604,Santo Amaro - BA,2021,1137499.279
2928703,Santo Antônio de Jesus - BA,2021,2449482.451
2928802,Santo Estêvão - BA,2021,913473.457
2928901,São Desidério - BA,2021,5846223.785
2928950,São Domingos - BA,2021,88332.832
2929008,São Félix - BA,2021,172669.261
2929057,São Félix do Coribe - BA,2021,238008.929
2929107,São Felipe - BA,2021,211989.161
2929206,São Francisco do Conde - BA,2021,13095066.58
2929255,São Gabriel - BA,2021,152707.32
2929305,São Gonçalo dos Campos - BA,2021,1156471.536
2929354,São José da Vitória - BA,2021,67106.899
2929370,São José do Jacuípe - BA,2021,126577.096
2929404,São Miguel das Matas - BA,2021,176577.603
2929503,São Sebastião do Passé - BA,2021,849766.492
2929602,Sapeaçu - BA,2021,213065.498
2929701,Sátiro Dias - BA,2021,257706.121
2929750,Saubara - BA,2021,146219.114
2929800,Saúde - BA,2021,102998.965
2929909,Seabra - BA,2021,625080.486
2930006,Sebastião Laranjeiras - BA,2021,107168.399
2930105,Senhor do Bonfim - BA,2021,997788.034
2930154,Serra do Ramalho - BA,2021,411278.669
2930204,Sento Sé - BA,2021,1714710.739
2930303,Serra Dourada - BA,2021,199802.106
2930402,Serra Preta - BA,2021,138170.858
2930501,Serrinha - BA,2021,1085465.219
2930600,Serrolândia - BA,2021,118127.036
2930709,Simões Filho - BA,2021,6340237.079
2930758,Sítio do Mato - BA,2021,119915.707
2930766,Sítio do Quinto - BA,2021,103226.938
2930774,Sobradinho - BA,2021,842991.87
2930808,Souto Soares - BA,2021,135851.075
2930907,Tabocas do Brejo Velho - BA,2021,268070.508
2931004,Tanhaçu - BA,2021,252998.731
2931053,Tanque Novo - BA,2021,182571.852
2931103,Tanquinho - BA,2021,66751.666
2931202,Taperoá - BA,2021,221529.593
2931301,Tapiramutá - BA,2021,148710.307
2931350,Teixeira de Freitas - BA,2021,2875559.634
2931400,Teodoro Sampaio - BA,2021,177343.261
2931509,Teofilândia - BA,2021,191244.409
2931608,Teolândia - BA,2021,216596.892
2931707,Terra Nova - BA,2021,170368.667
2931806,Tremedal - BA,2021,133571.391
2931905,Tucano - BA,2021,544589.495
2932002,Uauá - BA,2021,234752.044
2932101,Ubaíra - BA,2021,228976.039
2932200,Ubaitaba - BA,2021,244474.941
2932309,Ubatã - BA,2021,223668.99
2932408,Uibaí - BA,2021,175916.249
2932457,Umburanas - BA,2021,263227.509
2932507,Una - BA,2021,333869.65
2932606,Urandi - BA,2021,199656.309
2932705,Uruçuca - BA,2021,296010.635
2932804,Utinga - BA,2021,185676.462
2932903,Valença - BA,2021,1740628.987
2933000,Valente - BA,2021,268417.804
2933059,Várzea da Roça - BA,2021,111965.066
2933109,Várzea do Poço - BA,2021,116184.52
2933158,Várzea Nova - BA,2021,231719.282
2933174,Varzedo - BA,2021,135058.638
2933208,Vera Cruz - BA,2021,601815.994
2933257,Vereda - BA,2021,92690.066
2933307,Vitória da Conquista - BA,2021,8218063.44
2933406,Wagner - BA,2021,89462.421
2933455,Wanderley - BA,2021,167533.659
2933505,Wenceslau Guimarães - BA,2021,331450.842
2933604,Xique-Xique - BA,2021,460816.688
3100104,Abadia dos Dourados - MG,2021,176730.073
3100203,Abaeté - MG,2021,541135.868
3100302,Abre Campo - MG,2021,262668.33
3100401,Acaiaca - MG,2021,64892.356
3100500,Açucena - MG,2021,165795.99
3100609,Água Boa - MG,2021,192064.905
3100708,Água Comprida - MG,2021,230005.138
3100807,Aguanil - MG,2021,94598.101
3100906,Águas Formosas - MG,2021,287546.392
3101003,Águas Vermelhas - MG,2021,236693.731
3101102,Aimorés - MG,2021,637982.739
3101201,Aiuruoca - MG,2021,128545.751
3101300,Alagoa - MG,2021,47699.152
3101409,Albertina - MG,2021,153934.928
3101508,Além Paraíba - MG,2021,971558.229
3101607,Alfenas - MG,2021,3486906.669
3101631,Alfredo Vasconcelos - MG,2021,150571.429
3101706,Almenara - MG,2021,674814.982
3101805,Alpercata - MG,2021,94681.749
3101904,Alpinópolis - MG,2021,524181.772
3102001,Alterosa - MG,2021,296492.03
3102050,Alto Caparaó - MG,2021,97092.315
3102100,Alto Rio Doce - MG,2021,180094.627
3102209,Alvarenga - MG,2021,54645.245
3102308,Alvinópolis - MG,2021,340110.153
3102407,Alvorada de Minas - MG,2021,64841.285
3102506,Amparo do Serra - MG,2021,55909.591
3102605,Andradas - MG,2021,1183259.133
3102704,Cachoeira de Pajeú - MG,2021,125619.851
3102803,Andrelândia - MG,2021,292393.578
3102852,Angelândia - MG,2021,144549.106
3102902,Antônio Carlos - MG,2021,242348.277
3103009,Antônio Dias - MG,2021,894601.229
3103108,Antônio Prado de Minas - MG,2021,28555.65
3103207,Araçaí - MG,2021,60662.309
3103306,Aracitaba - MG,2021,31370.762
3103405,Araçuaí - MG,2021,519973.761
3103504,Araguari - MG,2021,5836329.304
3103603,Arantina - MG,2021,88536.227
3103702,Araponga - MG,2021,122267.339
3103751,Araporã - MG,2021,1294623.562
3103801,Arapuá - MG,2021,172745.24
3103900,Araújos - MG,2021,474403.537
3104007,Araxá - MG,2021,8950199.701
3104106,Arceburgo - MG,2021,346405.109
3104205,Arcos - MG,2021,2345874.338
3104304,Areado - MG,2021,309330.041
3104403,Argirita - MG,2021,40066.896
3104452,Aricanduva - MG,2021,67088.495
3104502,Arinos - MG,2021,318814.801
3104601,Astolfo Dutra - MG,2021,291865.542
3104700,Ataléia - MG,2021,198960.488
3104809,Augusto de Lima - MG,2021,89054.488
3104908,Baependi - MG,2021,380866.399
3105004,Baldim - MG,2021,201271.578
3105103,Bambuí - MG,2021,779906.39
3105202,Bandeira - MG,2021,59093.101
3105301,Bandeira do Sul - MG,2021,86571.538
3105400,Barão de Cocais - MG,2021,2438852.091
3105509,Barão do Monte Alto - MG,2021,63070.684
3105608,Barbacena - MG,2021,3521229.065
3105707,Barra Longa - MG,2021,81928.238
3105905,Barroso - MG,2021,608479.713
3106002,Bela Vista de Minas - MG,2021,568233.696
3106101,Belmiro Braga - MG,2021,61557.352
3106200,Belo Horizonte - MG,2021,105920858.653
3106309,Belo Oriente - MG,2021,2089749.896
3106408,Belo Vale - MG,2021,279867.823
3106507,Berilo - MG,2021,112833.282
3106606,Bertópolis - MG,2021,53770.091
3106655,Berizal - MG,2021,61006.299
3106705,Betim - MG,2021,33125377.767
3106804,Bias Fortes - MG,2021,41582.589
3106903,Bicas - MG,2021,277715.129
3107000,Biquinhas - MG,2021,64472.888
3107109,Boa Esperança - MG,2021,1058479.721
3107208,Bocaina de Minas - MG,2021,80210.574
3107307,Bocaiúva - MG,2021,1224913.798
3107406,Bom Despacho - MG,2021,1814549.771
3107505,Bom Jardim de Minas - MG,2021,127743.333
3107604,Bom Jesus da Penha - MG,2021,196073.807
3107703,Bom Jesus do Amparo - MG,2021,160390.079
3107802,Bom Jesus do Galho - MG,2021,171083.507
3107901,Bom Repouso - MG,2021,160231.832
3108008,Bom Sucesso - MG,2021,445214.281
3108107,Bonfim - MG,2021,135421.514
3108206,Bonfinópolis de Minas - MG,2021,458898.263
3108255,Bonito de Minas - MG,2021,101045.218
3108305,Borda da Mata - MG,2021,374715.963
3108404,Botelhos - MG,2021,325977.531
3108503,Botumirim - MG,2021,75744.453
3108552,Brasilândia de Minas - MG,2021,415060.833
3108602,Brasília de Minas - MG,2021,377410.41
3108701,Brás Pires - MG,2021,50031.931
3108800,Braúnas - MG,2021,213072.155
3108909,Brazópolis - MG,2021,198123.272
3109006,Brumadinho - MG,2021,4624729.058
3109105,Bueno Brandão - MG,2021,240684.045
3109204,Buenópolis - MG,2021,180714.345
3109253,Bugre - MG,2021,47547.535
3109303,Buritis - MG,2021,1163750.487
3109402,Buritizeiro - MG,2021,735993.917
3109451,Cabeceira Grande - MG,2021,477331.539
3109501,Cabo Verde - MG,2021,290817.45
3109600,Cachoeira da Prata - MG,2021,51886.001
3109709,Cachoeira de Minas - MG,2021,536511.93
3109808,Cachoeira Dourada - MG,2021,131487.17
3109907,Caetanópolis - MG,2021,315208.237
3110004,Caeté - MG,2021,1074947.112
3110103,Caiana - MG,2021,88660.684
3110202,Cajuri - MG,2021,97287.292
3110301,Caldas - MG,2021,337630.432
3110400,Camacho - MG,2021,70858.411
3110509,Camanducaia - MG,2021,987747.099
3110608,Cambuí - MG,2021,1864549.399
3110707,Cambuquira - MG,2021,370830.035
3110806,Campanário - MG,2021,53457.815
3110905,Campanha - MG,2021,439921.353
3111002,Campestre - MG,2021,486409.555
3111101,Campina Verde - MG,2021,536761.379
3111150,Campo Azul - MG,2021,40651.172
3111200,Campo Belo - MG,2021,1242918.006
3111309,Campo do Meio - MG,2021,231123.873
3111408,Campo Florido - MG,2021,710761.859
3111507,Campos Altos - MG,2021,434229.067
3111606,Campos Gerais - MG,2021,704524.7
3111705,Canaã - MG,2021,77436.816
3111804,Canápolis - MG,2021,677858.345
3111903,Cana Verde - MG,2021,80057.324
3112000,Candeias - MG,2021,371166.103
3112059,Cantagalo - MG,2021,56752.368
3112109,Caparaó - MG,2021,97643.19
3112208,Capela Nova - MG,2021,62458.118
3112307,Capelinha - MG,2021,887590.26
3112406,Capetinga - MG,2021,207247.831
3112505,Capim Branco - MG,2021,123368.567
3112604,Capinópolis - MG,2021,666436.501
3112653,Capitão Andrade - MG,2021,60791.774
3112703,Capitão Enéas - MG,2021,501415.48
3112802,Capitólio - MG,2021,328593.834
3112901,Caputira - MG,2021,143709.109
3113008,Caraí - MG,2021,210367.062
3113107,Caranaíba - MG,2021,41464.6
3113206,Carandaí - MG,2021,751464.877
3113305,Carangola - MG,2021,639119.4
3113404,Caratinga - MG,2021,2283105.29
3113503,Carbonita - MG,2021,220651.953
3113602,Careaçu - MG,2021,174237.688
3113701,Carlos Chagas - MG,2021,474668.638
3113800,Carmésia - MG,2021,39784.623
3113909,Carmo da Cachoeira - MG,2021,321614.48
3114006,Carmo da Mata - MG,2021,265586.209
3114105,Carmo de Minas - MG,2021,290552.709
3114204,Carmo do Cajuru - MG,2021,627198.732
3114303,Carmo do Paranaíba - MG,2021,1060015.283
3114402,Carmo do Rio Claro - MG,2021,694496.823
3114501,Carmópolis de Minas - MG,2021,461514.728
3114550,Carneirinho - MG,2021,406710.011
3114600,Carrancas - MG,2021,177635.925
3114709,Carvalhópolis - MG,2021,71383.976
3114808,Carvalhos - MG,2021,80681.819
3114907,Casa Grande - MG,2021,69227.776
3115003,Cascalho Rico - MG,2021,79984.125
3115102,Cássia - MG,2021,436340.926
3115201,Conceição da Barra de Minas - MG,2021,68717.423
3115300,Cataguases - MG,2021,1650830.841
3115359,Catas Altas - MG,2021,5032326.985
3115409,Catas Altas da Noruega - MG,2021,40784.593
3115458,Catuji - MG,2021,83308.243
3115474,Catuti - MG,2021,56837.881
3115508,Caxambu - MG,2021,371251.642
3115607,Cedro do Abaeté - MG,2021,22396.128
3115706,Central de Minas - MG,2021,87042.746
3115805,Centralina - MG,2021,351125.237
3115904,Chácara - MG,2021,47144.785
3116001,Chalé - MG,2021,114190.871
3116100,Chapada do Norte - MG,2021,111106.167
3116159,Chapada Gaúcha - MG,2021,403132.561
3116209,Chiador - MG,2021,37246.518
3116308,Cipotânea - MG,2021,73286.98
3116407,Claraval - MG,2021,181971.492
3116506,Claro dos Poções - MG,2021,83711.607
3116605,Cláudio - MG,2021,1117593.155
3116704,Coimbra - MG,2021,139786.795
3116803,Coluna - MG,2021,121199.153
3116902,Comendador Gomes - MG,2021,154777.439
3117009,Comercinho - MG,2021,68103.583
3117108,Conceição da Aparecida - MG,2021,274187.309
3117207,Conceição das Pedras - MG,2021,61046.91
3117306,Conceição das Alagoas - MG,2021,1318008.968
3117405,Conceição de Ipanema - MG,2021,81006.463
3117504,Conceição do Mato Dentro - MG,2021,9050952.928
3117603,Conceição do Pará - MG,2021,493948.377
3117702,Conceição do Rio Verde - MG,2021,343556.228
3117801,Conceição dos Ouros - MG,2021,224989.825
3117836,Cônego Marinho - MG,2021,63477.594
3117876,Confins - MG,2021,485672.189
3117900,Congonhal - MG,2021,220463.772
3118007,Congonhas - MG,2021,7677447.326
3118106,Congonhas do Norte - MG,2021,49287.97
3118205,Conquista - MG,2021,490051.082
3118304,Conselheiro Lafaiete - MG,2021,3117736.194
3118403,Conselheiro Pena - MG,2021,383757.235
3118502,Consolação - MG,2021,31441.493
3118601,Contagem - MG,2021,36478510.812
3118700,Coqueiral - MG,2021,234159.016
3118809,Coração de Jesus - MG,2021,272831.598
3118908,Cordisburgo - MG,2021,146188.136
3119005,Cordislândia - MG,2021,113743.073
3119104,Corinto - MG,2021,608967.047
3119203,Coroaci - MG,2021,125595.771
3119302,Coromandel - MG,2021,1535202.818
3119401,Coronel Fabriciano - MG,2021,1995524.656
3119500,Coronel Murta - MG,2021,119826.419
3119609,Coronel Pacheco - MG,2021,60101.018
3119708,Coronel Xavier Chaves - MG,2021,90931.942
3119807,Córrego Danta - MG,2021,165719.08
3119906,Córrego do Bom Jesus - MG,2021,45602.563
3119955,Córrego Fundo - MG,2021,320483.227
3120003,Córrego Novo - MG,2021,38520.81
3120102,Couto de Magalhães de Minas - MG,2021,63266.102
3120151,Crisólita - MG,2021,76402.74
3120201,Cristais - MG,2021,295629.763
3120300,Cristália - MG,2021,59160.155
3120409,Cristiano Otoni - MG,2021,123677.587
3120508,Cristina - MG,2021,233176.654
3120607,Crucilândia - MG,2021,83063.591
3120706,Cruzeiro da Fortaleza - MG,2021,184033.369
3120805,Cruzília - MG,2021,317648.567
3120839,Cuparaque - MG,2021,74036.886
3120870,Curral de Dentro - MG,2021,80420.022
3120904,Curvelo - MG,2021,2228065.903
3121001,Datas - MG,2021,73978.2
3121100,Delfim Moreira - MG,2021,125697.353
3121209,Delfinópolis - MG,2021,247288.997
3121258,Delta - MG,2021,466554.697
3121308,Descoberto - MG,2021,81649.305
3121407,Desterro de Entre Rios - MG,2021,261189.174
3121506,Desterro do Melo - MG,2021,50610.46
3121605,Diamantina - MG,2021,984231.313
3121704,Diogo de Vasconcelos - MG,2021,42932.392
3121803,Dionísio - MG,2021,90864.556
3121902,Divinésia - MG,2021,63670.837
3122009,Divino - MG,2021,319452.715
3122108,Divino das Laranjeiras - MG,2021,61679.62
3122207,Divinolândia de Minas - MG,2021,82271.854
3122306,Divinópolis - MG,2021,8328419.738
3122355,Divisa Alegre - MG,2021,178201.595
3122405,Divisa Nova - MG,2021,129920.755
3122454,Divisópolis - MG,2021,93183.437
3122470,Dom Bosco - MG,2021,69488.079
3122504,Dom Cavati - MG,2021,69617.629
3122603,Dom Joaquim - MG,2021,67800.082
3122702,Dom Silvério - MG,2021,108260.435
3122801,Dom Viçoso - MG,2021,39045.971
3122900,Dona Euzébia - MG,2021,109853.981
3123007,Dores de Campos - MG,2021,320072.006
3123106,Dores de Guanhães - MG,2021,190688.686
3123205,Dores do Indaiá - MG,2021,352243.163
3123304,Dores do Turvo - MG,2021,67068.986
3123403,Doresópolis - MG,2021,84085.291
3123502,Douradoquara - MG,2021,79306.236
3123528,Durandé - MG,2021,122872.75
3123601,Elói Mendes - MG,2021,705287.929
3123700,Engenheiro Caldas - MG,2021,157011.752
3123809,Engenheiro Navarro - MG,2021,92057.378
3123858,Entre Folhas - MG,2021,64894.89
3123908,Entre Rios de Minas - MG,2021,270169.703
3124005,Ervália - MG,2021,409382.613
3124104,Esmeraldas - MG,2021,973278.234
3124203,Espera Feliz - MG,2021,411015.827
3124302,Espinosa - MG,2021,364023.403
3124401,Espírito Santo do Dourado - MG,2021,122219.331
3124500,Estiva - MG,2021,601828.708
3124609,Estrela Dalva - MG,2021,42891.357
3124708,Estrela do Indaiá - MG,2021,165337.982
3124807,Estrela do Sul - MG,2021,351210.713
3124906,Eugenópolis - MG,2021,221740.94
3125002,Ewbank da Câmara - MG,2021,54345.122
3125101,Extrema - MG,2021,13653880.394
3125200,Fama - MG,2021,58616.647
3125309,Faria Lemos - MG,2021,64355.137
3125408,Felício dos Santos - MG,2021,73737.51
3125507,São Gonçalo do Rio Preto - MG,2021,48741.79
3125606,Felisburgo - MG,2021,75698.782
3125705,Felixlândia - MG,2021,281135.599
3125804,Fernandes Tourinho - MG,2021,45852.472
3125903,Ferros - MG,2021,147934.904
3125952,Fervedouro - MG,2021,156871.962
3126000,Florestal - MG,2021,142774.991
3126109,Formiga - MG,2021,2212488.597
3126208,Formoso - MG,2021,314877.224
3126307,Fortaleza de Minas - MG,2021,111240.628
3126406,Fortuna de Minas - MG,2021,51258.553
3126505,Francisco Badaró - MG,2021,77801.215
3126604,Francisco Dumont - MG,2021,75589.243
3126703,Francisco Sá - MG,2021,452039.744
3126752,Franciscópolis - MG,2021,101190.431
3126802,Frei Gaspar - MG,2021,80089.325
3126901,Frei Inocêncio - MG,2021,150514.469
3126950,Frei Lagonegro - MG,2021,35557.969
3127008,Fronteira - MG,2021,935386.424
3127057,Fronteira dos Vales - MG,2021,48923.593
3127073,Fruta de Leite - MG,2021,47074.935
3127107,Frutal - MG,2021,2472972.017
3127206,Funilândia - MG,2021,83299.85
3127305,Galiléia - MG,2021,113698.807
3127339,Gameleiras - MG,2021,57342.391
3127354,Glaucilândia - MG,2021,41125.695
3127370,Goiabeira - MG,2021,49897.749
3127388,Goianá - MG,2021,62242.302
3127404,Gonçalves - MG,2021,94304.714
3127503,Gonzaga - MG,2021,68965.001
3127602,Gouveia - MG,2021,198843.315
3127701,Governador Valadares - MG,2021,7382103.923
3127800,Grão Mogol - MG,2021,770835.526
3127909,Grupiara - MG,2021,44192.988
3128006,Guanhães - MG,2021,996792.245
3128105,Guapé - MG,2021,390740.979
3128204,Guaraciaba - MG,2021,115210.781
3128253,Guaraciama - MG,2021,78006.391
3128303,Guaranésia - MG,2021,549497.746
3128402,Guarani - MG,2021,173382.665
3128501,Guarará - MG,2021,57624.309
3128600,Guarda-Mor - MG,2021,750764.846
3128709,Guaxupé - MG,2021,2806751.376
3128808,Guidoval - MG,2021,123261.67
3128907,Guimarânia - MG,2021,327591.513
3129004,Guiricema - MG,2021,114327.227
3129103,Gurinhatã - MG,2021,180788.045
3129202,Heliodora - MG,2021,133434.54
3129301,Iapu - MG,2021,176379.627
3129400,Ibertioga - MG,2021,103540.03
3129509,Ibiá - MG,2021,1534623.779
3129608,Ibiaí - MG,2021,114948.035
3129657,Ibiracatu - MG,2021,51252.323
3129707,Ibiraci - MG,2021,728232.156
3129806,Ibirité - MG,2021,3202480.113
3129905,Ibitiúra de Minas - MG,2021,77622.484
3130002,Ibituruna - MG,2021,59365.491
3130051,Icaraí de Minas - MG,2021,111419.448
3130101,Igarapé - MG,2021,966978.336
3130200,Igaratinga - MG,2021,577884.474
3130309,Iguatama - MG,2021,586931.284
3130408,Ijaci - MG,2021,494349.183
3130507,Ilicínea - MG,2021,265457.276
3130556,Imbé de Minas - MG,2021,101195.736
3130606,Inconfidentes - MG,2021,132560.09
3130655,Indaiabira - MG,2021,87299.551
3130705,Indianópolis - MG,2021,875623.444
3130804,Ingaí - MG,2021,115688.894
3130903,Inhapim - MG,2021,404765.944
3131000,Inhaúma - MG,2021,145760.514
3131109,Inimutaba - MG,2021,90714.035
3131158,Ipaba - MG,2021,180272.402
3131208,Ipanema - MG,2021,344482.084
3131307,Ipatinga - MG,2021,17607739.764
3131406,Ipiaçu - MG,2021,183042.644
3131505,Ipuiúna - MG,2021,188546.522
3131604,Iraí de Minas - MG,2021,301449.639
3131703,Itabira - MG,2021,14971550.437
3131802,Itabirinha - MG,2021,136366.42
3131901,Itabirito - MG,2021,13139281.552
3132008,Itacambira - MG,2021,61709.441
3132107,Itacarambi - MG,2021,226687.431
3132206,Itaguara - MG,2021,402203.951
3132305,Itaipé - MG,2021,121610.639
3132404,Itajubá - MG,2021,3611716.284
3132503,Itamarandiba - MG,2021,647442.593
3132602,Itamarati de Minas - MG,2021,67305.096
3132701,Itambacuri - MG,2021,341003.497
3132800,Itambé do Mato Dentro - MG,2021,35862.511
3132909,Itamogi - MG,2021,236282.895
3133006,Itamonte - MG,2021,1181670.936
3133105,Itanhandu - MG,2021,470089.292
3133204,Itanhomi - MG,2021,151255.998
3133303,Itaobim - MG,2021,308689.765
3133402,Itapagipe - MG,2021,514170.0
3133501,Itapecerica - MG,2021,628984.71
3133600,Itapeva - MG,2021,849148.449
3133709,Itatiaiuçu - MG,2021,6934361.709
3133758,Itaú de Minas - MG,2021,724062.181
3133808,Itaúna - MG,2021,5082301.98
3133907,Itaverava - MG,2021,71363.054
3134004,Itinga - MG,2021,148251.202
3134103,Itueta - MG,2021,122237.522
3134202,Ituiutaba - MG,2021,3797167.358
3134301,Itumirim - MG,2021,91595.651
3134400,Iturama - MG,2021,2016961.901
3134509,Itutinga - MG,2021,172517.553
3134608,Jaboticatubas - MG,2021,297804.467
3134707,Jacinto - MG,2021,131533.509
3134806,Jacuí - MG,2021,150927.788
3134905,Jacutinga - MG,2021,1143674.23
3135001,Jaguaraçu - MG,2021,109803.214
3135050,Jaíba - MG,2021,849077.896
3135076,Jampruca - MG,2021,82525.666
3135100,Janaúba - MG,2021,1603604.651
3135209,Januária - MG,2021,824553.286
3135308,Japaraíba - MG,2021,101344.906
3135357,Japonvar - MG,2021,77418.326
3135407,Jeceaba - MG,2021,1952716.357
3135456,Jenipapo de Minas - MG,2021,79485.599
3135506,Jequeri - MG,2021,193976.079
3135605,Jequitaí - MG,2021,130435.841
3135704,Jequitibá - MG,2021,126107.62
3135803,Jequitinhonha - MG,2021,274884.619
3135902,Jesuânia - MG,2021,104191.61
3136009,Joaíma - MG,2021,162645.132
3136108,Joanésia - MG,2021,110201.459
3136207,João Monlevade - MG,2021,4852509.786
3136306,João Pinheiro - MG,2021,2156345.263
3136405,Joaquim Felício - MG,2021,72279.075
3136504,Jordânia - MG,2021,107126.746
3136520,José Gonçalves de Minas - MG,2021,51739.301
3136553,José Raydan - MG,2021,72329.52
3136579,Josenópolis - MG,2021,58016.757
3136603,Nova União - MG,2021,107483.41
3136652,Juatuba - MG,2021,1436347.194
3136702,Juiz de Fora - MG,2021,20281698.377
3136801,Juramento - MG,2021,51590.583
3136900,Juruaia - MG,2021,274079.031
3136959,Juvenília - MG,2021,65619.107
3137007,Ladainha - MG,2021,147335.314
3137106,Lagamar - MG,2021,242478.231
3137205,Lagoa da Prata - MG,2021,1984774.207
3137304,Lagoa dos Patos - MG,2021,59595.164
3137403,Lagoa Dourada - MG,2021,345374.295
3137502,Lagoa Formosa - MG,2021,565538.929
3137536,Lagoa Grande - MG,2021,292472.298
3137601,Lagoa Santa - MG,2021,2187874.863
3137700,Lajinha - MG,2021,399767.038
3137809,Lambari - MG,2021,405228.682
3137908,Lamim - MG,2021,52121.453
3138005,Laranjal - MG,2021,95736.447
3138104,Lassance - MG,2021,192531.083
3138203,Lavras - MG,2021,2941307.978
3138302,Leandro Ferreira - MG,2021,55488.241
3138351,Leme do Prado - MG,2021,66185.206
3138401,Leopoldina - MG,2021,1112638.912
3138500,Liberdade - MG,2021,107623.129
3138609,Lima Duarte - MG,2021,339218.657
3138625,Limeira do Oeste - MG,2021,462720.443
3138658,Lontra - MG,2021,93829.353
3138674,Luisburgo - MG,2021,132764.781
3138682,Luislândia - MG,2021,65469.093
3138708,Luminárias - MG,2021,149049.071
3138807,Luz - MG,2021,657535.006
3138906,Machacalis - MG,2021,112414.488
3139003,Machado - MG,2021,1373895.592
3139102,Madre de Deus de Minas - MG,2021,301964.566
3139201,Malacacheta - MG,2021,235786.341
3139250,Mamonas - MG,2021,60080.494
3139300,Manga - MG,2021,243335.8
3139409,Manhuaçu - MG,2021,3277777.545
3139508,Manhumirim - MG,2021,563358.125
3139607,Mantena - MG,2021,476839.118
3139706,Maravilhas - MG,2021,233073.196
3139805,Mar de Espanha - MG,2021,227481.603
3139904,Maria da Fé - MG,2021,203119.33
3140001,Mariana - MG,2021,7367033.318
3140100,Marilac - MG,2021,57772.34
3140159,Mário Campos - MG,2021,197956.538
3140209,Maripá de Minas - MG,2021,74901.505
3140308,Marliéria - MG,2021,60417.198
3140407,Marmelópolis - MG,2021,42789.614
3140506,Martinho Campos - MG,2021,474366.573
3140530,Martins Soares - MG,2021,215620.66
3140555,Mata Verde - MG,2021,91547.003
3140605,Materlândia - MG,2021,60525.84
3140704,Mateus Leme - MG,2021,1078989.225
3140803,Matias Barbosa - MG,2021,627997.327
3140852,Matias Cardoso - MG,2021,158429.103
3140902,Matipó - MG,2021,425174.495
3141009,Mato Verde - MG,2021,157529.823
3141108,Matozinhos - MG,2021,1505457.589
3141207,Matutina - MG,2021,97184.289
3141306,Medeiros - MG,2021,247287.544
3141405,Medina - MG,2021,252979.46
3141504,Mendes Pimentel - MG,2021,77406.829
3141603,Mercês - MG,2021,151704.978
3141702,Mesquita - MG,2021,59432.646
3141801,Minas Novas - MG,2021,350037.855
3141900,Minduri - MG,2021,163759.848
3142007,Mirabela - MG,2021,162986.776
3142106,Miradouro - MG,2021,173968.075
3142205,Miraí - MG,2021,333953.148
3142254,Miravânia - MG,2021,46796.388
3142304,Moeda - MG,2021,76858.736
3142403,Moema - MG,2021,152625.764
3142502,Monjolos - MG,2021,46800.992
3142601,Monsenhor Paulo - MG,2021,228126.02
3142700,Montalvânia - MG,2021,165406.313
3142809,Monte Alegre de Minas - MG,2021,758376.257
3142908,Monte Azul - MG,2021,256072.177
3143005,Monte Belo - MG,2021,366218.446
3143104,Monte Carmelo - MG,2021,1559201.81
3143153,Monte Formoso - MG,2021,44092.997
3143203,Monte Santo de Minas - MG,2021,483171.922
3143302,Montes Claros - MG,2021,10799485.803
3143401,Monte Sião - MG,2021,605891.629
3143450,Montezuma - MG,2021,91045.991
3143500,Morada Nova de Minas - MG,2021,541501.521
3143609,Morro da Garça - MG,2021,51051.917
3143708,Morro do Pilar - MG,2021,44096.986
3143807,Munhoz - MG,2021,128214.848
3143906,Muriaé - MG,2021,2654177.047
3144003,Mutum - MG,2021,508860.402
3144102,Muzambinho - MG,2021,535415.379
3144201,Nacip Raydan - MG,2021,37373.303
3144300,Nanuque - MG,2021,808450.077
3144359,Naque - MG,2021,90146.9
3144375,Natalândia - MG,2021,75162.643
3144409,Natércia - MG,2021,115391.503
3144508,Nazareno - MG,2021,668803.532
3144607,Nepomuceno - MG,2021,618030.81
3144656,Ninheira - MG,2021,126348.884
3144672,Nova Belém - MG,2021,83433.719
3144706,Nova Era - MG,2021,432758.087
3144805,Nova Lima - MG,2021,21040765.73
3144904,Nova Módica - MG,2021,58648.721
3145000,Nova Ponte - MG,2021,1115948.816
3145059,Nova Porteirinha - MG,2021,116345.919
3145109,Nova Resende - MG,2021,385621.702
3145208,Nova Serrana - MG,2021,2634272.394
3145307,Novo Cruzeiro - MG,2021,330389.681
3145356,Novo Oriente de Minas - MG,2021,121559.971
3145372,Novorizonte - MG,2021,70395.077
3145406,Olaria - MG,2021,31904.411
3145455,Olhos-d'Água - MG,2021,211917.383
3145505,Olímpio Noronha - MG,2021,43923.538
3145604,Oliveira - MG,2021,1108062.858
3145703,Oliveira Fortes - MG,2021,40519.19
3145802,Onça de Pitangui - MG,2021,64912.868
3145851,Oratórios - MG,2021,70840.54
3145877,Orizânia - MG,2021,122067.504
3145901,Ouro Branco - MG,2021,5276139.182
3146008,Ouro Fino - MG,2021,934049.144
3146107,Ouro Preto - MG,2021,9518796.768
3146206,Ouro Verde de Minas - MG,2021,67791.642
3146255,Padre Carvalho - MG,2021,58182.877
3146305,Padre Paraíso - MG,2021,213888.145
3146404,Paineiras - MG,2021,82804.356
3146503,Pains - MG,2021,531120.331
3146552,Pai Pedro - MG,2021,58641.87
3146602,Paiva - MG,2021,27292.181
3146701,Palma - MG,2021,103635.903
3146750,Palmópolis - MG,2021,63836.925
3146909,Papagaios - MG,2021,374384.057
3147006,Paracatu - MG,2021,7198750.924
3147105,Pará de Minas - MG,2021,4024573.632
3147204,Paraguaçu - MG,2021,650844.451
3147303,Paraisópolis - MG,2021,592506.172
3147402,Paraopeba - MG,2021,918654.955
3147501,Passabém - MG,2021,23587.941
3147600,Passa Quatro - MG,2021,471565.482
3147709,Passa Tempo - MG,2021,481059.485
3147808,Passa Vinte - MG,2021,42075.257
3147907,Passos - MG,2021,3023765.638
3147956,Patis - MG,2021,55024.658
3148004,Patos de Minas - MG,2021,6146246.831
3148103,Patrocínio - MG,2021,3679638.131
3148202,Patrocínio do Muriaé - MG,2021,116017.332
3148301,Paula Cândido - MG,2021,136789.909
3148400,Paulistas - MG,2021,67345.922
3148509,Pavão - MG,2021,93054.393
3148608,Peçanha - MG,2021,270117.525
3148707,Pedra Azul - MG,2021,401335.187
3148756,Pedra Bonita - MG,2021,96487.748
3148806,Pedra do Anta - MG,2021,57703.173
3148905,Pedra do Indaiá - MG,2021,116111.77
3149002,Pedra Dourada - MG,2021,42272.782
3149101,Pedralva - MG,2021,182673.322
3149150,Pedras de Maria da Cruz - MG,2021,109623.575
3149200,Pedrinópolis - MG,2021,204095.37
3149309,Pedro Leopoldo - MG,2021,1938133.871
3149408,Pedro Teixeira - MG,2021,30258.636
3149507,Pequeri - MG,2021,62510.15
3149606,Pequi - MG,2021,85499.627
3149705,Perdigão - MG,2021,234679.931
3149804,Perdizes - MG,2021,1629149.392
3149903,Perdões - MG,2021,626987.288
3149952,Periquito - MG,2021,111676.559
3150000,Pescador - MG,2021,47074.727
3150109,Piau - MG,2021,92644.52
3150158,Piedade de Caratinga - MG,2021,140805.478
3150208,Piedade de Ponte Nova - MG,2021,62725.465
3150307,Piedade do Rio Grande - MG,2021,110390.303
3150406,Piedade dos Gerais - MG,2021,89788.642
3150505,Pimenta - MG,2021,281707.248
3150539,Pingo-d'Água - MG,2021,52693.461
3150570,Pintópolis - MG,2021,71109.03
3150604,Piracema - MG,2021,303140.414
3150703,Pirajuba - MG,2021,403701.585
3150802,Piranga - MG,2021,200152.082
3150901,Piranguçu - MG,2021,78363.453
3151008,Piranguinho - MG,2021,136133.485
3151107,Pirapetinga - MG,2021,633595.034
3151206,Pirapora - MG,2021,2871585.438
3151305,Piraúba - MG,2021,200320.535
3151404,Pitangui - MG,2021,741272.741
3151503,Piumhi - MG,2021,1280616.626
3151602,Planura - MG,2021,574229.731
3151701,Poço Fundo - MG,2021,403831.57
3151800,Poços de Caldas - MG,2021,8526941.834
3151909,Pocrane - MG,2021,121700.531
3152006,Pompéu - MG,2021,1170319.055
3152105,Ponte Nova - MG,2021,2142078.158
3152131,Ponto Chique - MG,2021,52084.361
3152170,Ponto dos Volantes - MG,2021,122519.626
3152204,Porteirinha - MG,2021,526973.227
3152303,Porto Firme - MG,2021,130225.729
3152402,Poté - MG,2021,168767.017
3152501,Pouso Alegre - MG,2021,10718150.481
3152600,Pouso Alto - MG,2021,277394.563
3152709,Prados - MG,2021,229055.251
3152808,Prata - MG,2021,1292807.344
3152907,Pratápolis - MG,2021,228619.457
3153004,Pratinha - MG,2021,154717.678
3153103,Presidente Bernardes - MG,2021,67749.052
3153202,Presidente Juscelino - MG,2021,49103.72
3153301,Presidente Kubitschek - MG,2021,36192.761
3153400,Presidente Olegário - MG,2021,731424.966
3153509,Alto Jequitibá - MG,2021,125572.56
3153608,Prudente de Morais - MG,2021,203095.72
3153707,Quartel Geral - MG,2021,77606.466
3153806,Queluzito - MG,2021,40046.217
3153905,Raposos - MG,2021,193683.706
3154002,Raul Soares - MG,2021,423329.981
3154101,Recreio - MG,2021,123246.546
3154150,Reduto - MG,2021,121181.924
3154200,Resende Costa - MG,2021,207472.971
3154309,Resplendor - MG,2021,277790.153
3154408,Ressaquinha - MG,2021,372865.782
3154457,Riachinho - MG,2021,157241.596
3154507,Riacho dos Machados - MG,2021,532552.056
3154606,Ribeirão das Neves - MG,2021,5180189.078
3154705,Ribeirão Vermelho - MG,2021,105345.881
3154804,Rio Acima - MG,2021,472402.325
3154903,Rio Casca - MG,2021,237323.754
3155009,Rio Doce - MG,2021,51851.31
3155108,Rio do Prado - MG,2021,52654.169
3155207,Rio Espera - MG,2021,59583.143
3155306,Rio Manso - MG,2021,113750.292
3155405,Rio Novo - MG,2021,120045.415
3155504,Rio Paranaíba - MG,2021,906411.869
3155603,Rio Pardo de Minas - MG,2021,345428.279
3155702,Rio Piracicaba - MG,2021,1339655.886
3155801,Rio Pomba - MG,2021,417244.335
3155900,Rio Preto - MG,2021,69135.36
3156007,Rio Vermelho - MG,2021,140756.775
3156106,Ritápolis - MG,2021,90330.223
3156205,Rochedo de Minas - MG,2021,114660.416
3156304,Rodeiro - MG,2021,544656.187
3156403,Romaria - MG,2021,271626.759
3156452,Rosário da Limeira - MG,2021,67723.314
3156502,Rubelita - MG,2021,80083.742
3156601,Rubim - MG,2021,111693.119
3156700,Sabará - MG,2021,4201931.68
3156809,Sabinópolis - MG,2021,334726.643
3156908,Sacramento - MG,2021,2090841.083
3157005,Salinas - MG,2021,667282.456
3157104,Salto da Divisa - MG,2021,132014.548
3157203,Santa Bárbara - MG,2021,1628347.376
3157252,Santa Bárbara do Leste - MG,2021,111674.055
3157278,Santa Bárbara do Monte Verde - MG,2021,56260.636
3157302,Santa Bárbara do Tugúrio - MG,2021,70602.427
3157336,Santa Cruz de Minas - MG,2021,103452.892
3157377,Santa Cruz de Salinas - MG,2021,48998.011
3157401,Santa Cruz do Escalvado - MG,2021,76982.243
3157500,Santa Efigênia de Minas - MG,2021,51007.865
3157609,Santa Fé de Minas - MG,2021,59926.411
3157658,Santa Helena de Minas - MG,2021,57927.071
3157708,Santa Juliana - MG,2021,860296.319
3157807,Santa Luzia - MG,2021,5287596.733
3157906,Santa Margarida - MG,2021,353994.896
3158003,Santa Maria de Itabira - MG,2021,269093.836
3158102,Santa Maria do Salto - MG,2021,49982.525
3158201,Santa Maria do Suaçuí - MG,2021,170803.166
3158300,Santana da Vargem - MG,2021,243281.986
3158409,Santana de Cataguases - MG,2021,49901.016
3158508,Santana de Pirapama - MG,2021,116826.219
3158607,Santana do Deserto - MG,2021,47354.938
3158706,Santana do Garambéu - MG,2021,39151.502
3158805,Santana do Jacaré - MG,2021,105811.533
3158904,Santana do Manhuaçu - MG,2021,189821.927
3158953,Santana do Paraíso - MG,2021,749701.607
3159001,Santana do Riacho - MG,2021,103769.993
3159100,Santana dos Montes - MG,2021,49866.757
3159209,Santa Rita de Caldas - MG,2021,227927.742
3159308,Santa Rita de Jacutinga - MG,2021,74797.746
3159357,Santa Rita de Minas - MG,2021,151780.901
3159407,Santa Rita de Ibitipoca - MG,2021,61997.751
3159506,Santa Rita do Itueto - MG,2021,179106.862
3159605,Santa Rita do Sapucaí - MG,2021,1944044.507
3159704,Santa Rosa da Serra - MG,2021,102017.101
3159803,Santa Vitória - MG,2021,802576.263
3159902,Santo Antônio do Amparo - MG,2021,354377.976
3160009,Santo Antônio do Aventureiro - MG,2021,67888.308
3160108,Santo Antônio do Grama - MG,2021,85507.708
3160207,Santo Antônio do Itambé - MG,2021,44719.814
3160306,Santo Antônio do Jacinto - MG,2021,114521.804
3160405,Santo Antônio do Monte - MG,2021,842861.705
3160454,Santo Antônio do Retiro - MG,2021,70751.759
3160504,Santo Antônio do Rio Abaixo - MG,2021,28487.364
3160603,Santo Hipólito - MG,2021,50190.473
3160702,Santos Dumont - MG,2021,1101637.428
3160801,São Bento Abade - MG,2021,89288.98
3160900,São Brás do Suaçuí - MG,2021,80485.097
3160959,São Domingos das Dores - MG,2021,91424.17
3161007,São Domingos do Prata - MG,2021,313454.213
3161056,São Félix de Minas - MG,2021,43890.239
3161106,São Francisco - MG,2021,648147.82
3161205,São Francisco de Paula - MG,2021,150493.084
3161304,São Francisco de Sales - MG,2021,193829.048
3161403,São Francisco do Glória - MG,2021,72558.566
3161502,São Geraldo - MG,2021,263232.564
3161601,São Geraldo da Piedade - MG,2021,44803.139
3161650,São Geraldo do Baixio - MG,2021,49928.102
3161700,São Gonçalo do Abaeté - MG,2021,325636.805
3161809,São Gonçalo do Pará - MG,2021,311146.881
3161908,São Gonçalo do Rio Abaixo - MG,2021,7603788.203
3162005,São Gonçalo do Sapucaí - MG,2021,986478.332
3162104,São Gotardo - MG,2021,1189028.466
3162203,São João Batista do Glória - MG,2021,268081.503
3162252,São João da Lagoa - MG,2021,60401.717
3162302,São João da Mata - MG,2021,55080.701
3162401,São João da Ponte - MG,2021,269275.132
3162450,São João das Missões - MG,2021,92410.154
3162500,São João del Rei - MG,2021,3003941.6
3162559,São João do Manhuaçu - MG,2021,183076.429
3162575,São João do Manteninha - MG,2021,81209.524
3162609,São João do Oriente - MG,2021,101830.184
3162658,São João do Pacuí - MG,2021,44650.785
3162708,São João do Paraíso - MG,2021,285026.405
3162807,São João Evangelista - MG,2021,253189.474
3162906,São João Nepomuceno - MG,2021,506005.125
3162922,São Joaquim de Bicas - MG,2021,1083055.953
3162948,São José da Barra - MG,2021,891414.149
3162955,São José da Lapa - MG,2021,624432.332
3163003,São José da Safira - MG,2021,49537.836
3163102,São José da Varginha - MG,2021,114569.087
3163201,São José do Alegre - MG,2021,57941.277
3163300,São José do Divino - MG,2021,53034.752
3163409,São José do Goiabal - MG,2021,67368.513
3163508,São José do Jacuri - MG,2021,99879.802
3163607,São José do Mantimento - MG,2021,44164.7
3163706,São Lourenço - MG,2021,1177794.992
3163805,São Miguel do Anta - MG,2021,105060.082
3163904,São Pedro da União - MG,2021,148146.756
3164001,São Pedro dos Ferros - MG,2021,134364.4
3164100,São Pedro do Suaçuí - MG,2021,81768.753
3164209,São Romão - MG,2021,243070.34
3164308,São Roque de Minas - MG,2021,323179.269
3164407,São Sebastião da Bela Vista - MG,2021,442551.617
3164431,São Sebastião da Vargem Alegre - MG,2021,66795.985
3164472,São Sebastião do Anta - MG,2021,104236.016
3164506,São Sebastião do Maranhão - MG,2021,100804.467
3164605,São Sebastião do Oeste - MG,2021,596666.967
3164704,São Sebastião do Paraíso - MG,2021,2234340.97
3164803,São Sebastião do Rio Preto - MG,2021,25964.834
3164902,São Sebastião do Rio Verde - MG,2021,35674.909
3165008,São Tiago - MG,2021,246013.098
3165107,São Tomás de Aquino - MG,2021,195195.791
3165206,São Tomé das Letras - MG,2021,137340.844
3165305,São Vicente de Minas - MG,2021,206079.557
3165404,Sapucaí-Mirim - MG,2021,110258.164
3165503,Sardoá - MG,2021,68811.222
3165537,Sarzedo - MG,2021,2190345.971
3165552,Setubinha - MG,2021,122712.798
3165560,Sem-Peixe - MG,2021,36659.681
3165578,Senador Amaral - MG,2021,89403.684
3165602,Senador Cortes - MG,2021,38032.805
3165701,Senador Firmino - MG,2021,106704.397
3165800,Senador José Bento - MG,2021,35501.088
3165909,Senador Modestino Gonçalves - MG,2021,92203.567
3166006,Senhora de Oliveira - MG,2021,81065.132
3166105,Senhora do Porto - MG,2021,49707.906
3166204,Senhora dos Remédios - MG,2021,115730.758
3166303,Sericita - MG,2021,104954.255
3166402,Seritinga - MG,2021,45220.542
3166501,Serra Azul de Minas - MG,2021,45048.177
3166600,Serra da Saudade - MG,2021,21916.026
3166709,Serra dos Aimorés - MG,2021,93121.949
3166808,Serra do Salitre - MG,2021,983425.484
3166907,Serrania - MG,2021,161679.666
3166956,Serranópolis de Minas - MG,2021,47444.978
3167004,Serranos - MG,2021,38551.231
3167103,Serro - MG,2021,292377.507
3167202,Sete Lagoas - MG,2021,12655800.107
3167301,Silveirânia - MG,2021,35130.65
3167400,Silvianópolis - MG,2021,141499.83
3167509,Simão Pereira - MG,2021,103932.604
3167608,Simonésia - MG,2021,285218.741
3167707,Sobrália - MG,2021,67350.421
3167806,Soledade de Minas - MG,2021,81837.055
3167905,Tabuleiro - MG,2021,65696.603
3168002,Taiobeiras - MG,2021,557220.6
3168051,Taparuba - MG,2021,49070.654
3168101,Tapira - MG,2021,688691.867
3168200,Tapiraí - MG,2021,56049.629
3168309,Taquaraçu de Minas - MG,2021,65922.909
3168408,Tarumirim - MG,2021,188289.065
3168507,Teixeiras - MG,2021,191264.35
3168606,Teófilo Otoni - MG,2021,2952019.65
3168705,Timóteo - MG,2021,5609602.225
3168804,Tiradentes - MG,2021,205615.225
3168903,Tiros - MG,2021,379852.3
3169000,Tocantins - MG,2021,349350.947
3169059,Tocos do Moji - MG,2021,70715.39
3169109,Toledo - MG,2021,107093.19
3169208,Tombos - MG,2021,130946.218
3169307,Três Corações - MG,2021,2958951.736
3169356,Três Marias - MG,2021,3149734.427
3169406,Três Pontas - MG,2021,1877754.237
3169505,Tumiritinga - MG,2021,83257.787
3169604,Tupaciguara - MG,2021,946265.629
3169703,Turmalina - MG,2021,443537.432
3169802,Turvolândia - MG,2021,139822.548
3169901,Ubá - MG,2021,3557763.689
3170008,Ubaí - MG,2021,117186.953
3170057,Ubaporanga - MG,2021,167976.02
3170107,Uberaba - MG,2021,20384264.564
3170206,Uberlândia - MG,2021,43030884.689
3170305,Umburatiba - MG,2021,44152.354
3170404,Unaí - MG,2021,4316723.443
3170438,União de Minas - MG,2021,130399.803
3170479,Uruana de Minas - MG,2021,97089.356
3170503,Urucânia - MG,2021,239903.93
3170529,Urucuia - MG,2021,193217.875
3170578,Vargem Alegre - MG,2021,77359.483
3170602,Vargem Bonita - MG,2021,87623.596
3170651,Vargem Grande do Rio Pardo - MG,2021,68131.958
3170701,Varginha - MG,2021,8093503.912
3170750,Varjão de Minas - MG,2021,316497.73
3170800,Várzea da Palma - MG,2021,1087380.297
3170909,Varzelândia - MG,2021,187195.121
3171006,Vazante - MG,2021,1168799.631
3171030,Verdelândia - MG,2021,115439.653
3171071,Veredinha - MG,2021,133099.679
3171105,Veríssimo - MG,2021,170415.753
3171154,Vermelho Novo - MG,2021,64212.469
3171204,Vespasiano - MG,2021,3019113.566
3171303,Viçosa - MG,2021,1811350.039
3171402,Vieiras - MG,2021,53435.529
3171501,Mathias Lobato - MG,2021,43983.398
3171600,Virgem da Lapa - MG,2021,131570.486
3171709,Virgínia - MG,2021,180395.822
3171808,Virginópolis - MG,2021,183971.884
3171907,Virgolândia - MG,2021,62673.43
3172004,Visconde do Rio Branco - MG,2021,1349239.473
3172103,Volta Grande - MG,2021,139852.42
3172202,Wenceslau Braz - MG,2021,33069.628
3200102,Afonso Cláudio - ES,2021,569778.046
3200136,Águia Branca - ES,2021,246002.446
3200169,Água Doce do Norte - ES,2021,184399.688
3200201,Alegre - ES,2021,575149.145
3200300,Alfredo Chaves - ES,2021,457722.918
3200359,Alto Rio Novo - ES,2021,113032.919
3200409,Anchieta - ES,2021,5764186.103
3200508,Apiacá - ES,2021,118191.414
3200607,Aracruz - ES,2021,5313108.839
3200706,Atílio Vivácqua - ES,2021,360868.696
3200805,Baixo Guandu - ES,2021,928257.93
3200904,Barra de São Francisco - ES,2021,1164996.859
3201001,Boa Esperança - ES,2021,271045.672
3201100,Bom Jesus do Norte - ES,2021,186829.835
3201159,Brejetuba - ES,2021,294748.857
3201209,Cachoeiro de Itapemirim - ES,2021,6146964.834
3201308,Cariacica - ES,2021,13698898.983
3201407,Castelo - ES,2021,1170583.934
3201506,Colatina - ES,2021,4378290.192
3201605,Conceição da Barra - ES,2021,607064.319
3201704,Conceição do Castelo - ES,2021,279074.054
3201803,Divino de São Lourenço - ES,2021,82577.364
3201902,Domingos Martins - ES,2021,957718.297
3202009,Dores do Rio Preto - ES,2021,159783.6
3202108,Ecoporanga - ES,2021,411088.445
3202207,Fundão - ES,2021,468483.499
3202256,Governador Lindenberg - ES,2021,334325.449
3202306,Guaçuí - ES,2021,612498.648
3202405,Guarapari - ES,2021,2537476.766
3202454,Ibatiba - ES,2021,450082.553
3202504,Ibiraçu - ES,2021,289513.435
3202553,Ibitirama - ES,2021,171979.73
3202603,Iconha - ES,2021,314848.52
3202652,Irupi - ES,2021,236221.447
3202702,Itaguaçu - ES,2021,325863.566
3202801,Itapemirim - ES,2021,5744177.305
3202900,Itarana - ES,2021,266024.672
3203007,Iúna - ES,2021,538441.533
3203056,Jaguaré - ES,2021,963633.34
3203106,Jerônimo Monteiro - ES,2021,172122.219
3203130,João Neiva - ES,2021,646256.71
3203163,Laranja da Terra - ES,2021,187685.628
3203205,Linhares - ES,2021,8036036.677
3203304,Mantenópolis - ES,2021,203072.901
3203320,Marataízes - ES,2021,6659690.622
3203346,Marechal Floriano - ES,2021,516899.514
3203353,Marilândia - ES,2021,312889.98
3203403,Mimoso do Sul - ES,2021,607403.058
3203502,Montanha - ES,2021,410502.145
3203601,Mucurici - ES,2021,96747.778
3203700,Muniz Freire - ES,2021,383337.009
3203809,Muqui - ES,2021,234317.944
3203908,Nova Venécia - ES,2021,1339628.557
3204005,Pancas - ES,2021,358499.114
3204054,Pedro Canário - ES,2021,401434.566
3204104,Pinheiros - ES,2021,861688.77
3204203,Piúma - ES,2021,876047.63
3204252,Ponto Belo - ES,2021,107547.265
3204302,Presidente Kennedy - ES,2021,6811823.205
3204351,Rio Bananal - ES,2021,525681.107
3204401,Rio Novo do Sul - ES,2021,229880.925
3204500,Santa Leopoldina - ES,2021,330157.047
3204559,Santa Maria de Jetibá - ES,2021,1631411.538
3204609,Santa Teresa - ES,2021,577198.455
3204658,São Domingos do Norte - ES,2021,331338.381
3204708,São Gabriel da Palha - ES,2021,762077.91
3204807,São José do Calçado - ES,2021,203594.089
3204906,São Mateus - ES,2021,2947650.103
3204955,São Roque do Canaã - ES,2021,228984.853
3205002,Serra - ES,2021,37279144.225
3205010,Sooretama - ES,2021,667553.731
3205036,Vargem Alta - ES,2021,430103.26
3205069,Venda Nova do Imigrante - ES,2021,702150.382
3205101,Viana - ES,2021,4227430.22
3205150,Vila Pavão - ES,2021,180641.332
3205176,Vila Valério - ES,2021,434063.613
3205200,Vila Velha - ES,2021,16305900.564
3205309,Vitória - ES,2021,31423977.893
3300100,Angra dos Reis - RJ,2021,11194156.559
3300159,Aperibé - RJ,2021,249118.566
3300209,Araruama - RJ,2021,4234216.841
3300225,Areal - RJ,2021,427436.369
3300233,Armação dos Búzios - RJ,2021,2970296.615
3300258,Arraial do Cabo - RJ,2021,2705449.583
3300308,Barra do Piraí - RJ,2021,2713889.71
3300407,Barra Mansa - RJ,2021,6449269.604
3300456,Belford Roxo - RJ,2021,8839736.389
3300506,Bom Jardim - RJ,2021,887295.416
3300605,Bom Jesus do Itabapoana - RJ,2021,908156.381
3300704,Cabo Frio - RJ,2021,12359509.137
3300803,Cachoeiras de Macacu - RJ,2021,1305498.488
3300902,Cambuci - RJ,2021,399846.596
3300936,Carapebus - RJ,2021,726756.04
3300951,Comendador Levy Gasparian - RJ,2021,603969.248
3301009,Campos dos Goytacazes - RJ,2021,37179716.335
3301108,Cantagalo - RJ,2021,841412.936
3301157,Cardoso Moreira - RJ,2021,395475.741
3301207,Carmo - RJ,2021,561273.169
3301306,Casimiro de Abreu - RJ,2021,2352144.561
3301405,Conceição de Macabu - RJ,2021,434134.758
3301504,Cordeiro - RJ,2021,456167.744
3301603,Duas Barras - RJ,2021,249214.314
3301702,Duque de Caxias - RJ,2021,53136503.853
3301801,Engenheiro Paulo de Frontin - RJ,2021,406734.577
3301850,Guapimirim - RJ,2021,1363991.779
3301876,Iguaba Grande - RJ,2021,631392.527
3301900,Itaboraí - RJ,2021,5640678.05
3302007,Itaguaí - RJ,2021,10502682.395
3302056,Italva - RJ,2021,418758.834
3302106,Itaocara - RJ,2021,635888.195
3302205,Itaperuna - RJ,2021,3394940.342
3302254,Itatiaia - RJ,2021,6893408.051
3302270,Japeri - RJ,2021,1530183.077
3302304,Laje do Muriaé - RJ,2021,184160.12
3302403,Macaé - RJ,2021,17746786.572
3302452,Macuco - RJ,2021,214869.911
3302502,Magé - RJ,2021,4765780.915
3302601,Mangaratiba - RJ,2021,3211861.002
3302700,Maricá - RJ,2021,85814187.756
3302809,Mendes - RJ,2021,357688.323
3302858,Mesquita - RJ,2021,2619211.853
3302908,Miguel Pereira - RJ,2021,632497.683
3303005,Miracema - RJ,2021,662180.113
3303104,Natividade - RJ,2021,324260.528
3303203,Nilópolis - RJ,2021,3059458.706
3303302,Niterói - RJ,2021,66345487.878
3303401,Nova Friburgo - RJ,2021,6324876.969
3303500,Nova Iguaçu - RJ,2021,17794451.52
3303609,Paracambi - RJ,2021,1162874.727
3303708,Paraíba do Sul - RJ,2021,1253016.761
3303807,Paraty - RJ,2021,1955280.105
3303856,Paty do Alferes - RJ,2021,684851.12
3303906,Petrópolis - RJ,2021,15665370.158
3303955,Pinheiral - RJ,2021,1452638.311
3304003,Piraí - RJ,2021,2449973.157
3304102,Porciúncula - RJ,2021,415942.606
3304110,Porto Real - RJ,2021,4245725.384
3304128,Quatis - RJ,2021,305010.131
3304144,Queimados - RJ,2021,4361683.666
3304151,Quissamã - RJ,2021,5996886.398
3304201,Resende - RJ,2021,10754357.172
3304300,Rio Bonito - RJ,2021,1831391.413
3304409,Rio Claro - RJ,2021,435959.322
3304508,Rio das Flores - RJ,2021,294383.587
3304524,Rio das Ostras - RJ,2021,8948996.273
3304557,Rio de Janeiro - RJ,2021,359632647.656
3304607,Santa Maria Madalena - RJ,2021,234575.115
3304706,Santo Antônio de Pádua - RJ,2021,1284632.206
3304755,São Francisco de Itabapoana - RJ,2021,1184513.238
3304805,São Fidélis - RJ,2021,845178.453
3304904,São Gonçalo - RJ,2021,20324752.154
3305000,São João da Barra - RJ,2021,9886848.907
3305109,São João de Meriti - RJ,2021,8963715.545
3305133,São José de Ubá - RJ,2021,196857.495
3305158,São José do Vale do Rio Preto - RJ,2021,744333.908
3305208,São Pedro da Aldeia - RJ,2021,2743637.366
3305307,São Sebastião do Alto - RJ,2021,241281.134
3305406,Sapucaia - RJ,2021,1000567.276
3305505,Saquarema - RJ,2021,42178159.132
3305554,Seropédica - RJ,2021,4777005.423
3305604,Silva Jardim - RJ,2021,602627.267
3305703,Sumidouro - RJ,2021,600249.613
3305752,Tanguá - RJ,2021,694534.307
3305802,Teresópolis - RJ,2021,5923899.314
3305901,Trajano de Moraes - RJ,2021,242013.252
3306008,Três Rios - RJ,2021,6348139.819
3306107,Valença - RJ,2021,3122592.298
3306156,Varre-Sai - RJ,2021,264148.878
3306206,Vassouras - RJ,2021,1321254.423
3306305,Volta Redonda - RJ,2021,19671203.292
3500105,Adamantina - SP,2021,1370865.929
3500204,Adolfo - SP,2021,115489.988
3500303,Aguaí - SP,2021,1314737.257
3500402,Águas da Prata - SP,2021,209003.992
3500501,Águas de Lindóia - SP,2021,585603.941
3500550,Águas de Santa Bárbara - SP,2021,217295.581
3500600,Águas de São Pedro - SP,2021,147855.135
3500709,Agudos - SP,2021,2638622.611
3500758,Alambari - SP,2021,129389.561
3500808,Alfredo Marcondes - SP,2021,120354.905
3500907,Altair - SP,2021,112274.385
3501004,Altinópolis - SP,2021,833396.279
3501103,Alto Alegre - SP,2021,113584.879
3501152,Alumínio - SP,2021,3982313.077
3501202,Álvares Florence - SP,2021,124350.991
3501301,Álvares Machado - SP,2021,709875.985
3501400,Álvaro de Carvalho - SP,2021,58586.473
3501509,Alvinlândia - SP,2021,58404.989
3501608,Americana - SP,2021,15217279.783
3501707,Américo Brasiliense - SP,2021,1230443.649
3501806,Américo de Campos - SP,2021,126802.294
3501905,Amparo - SP,2021,5152155.514
3502002,Analândia - SP,2021,208314.004
3502101,Andradina - SP,2021,2845285.223
3502200,Angatuba - SP,2021,1474152.0
3502309,Anhembi - SP,2021,169558.184
3502408,Anhumas - SP,2021,105620.787
3502507,Aparecida - SP,2021,1041067.256
3502606,Aparecida d'Oeste - SP,2021,151539.639
3502705,Apiaí - SP,2021,897712.778
3502754,Araçariguama - SP,2021,4814503.906
3502804,Araçatuba - SP,2021,9017953.471
3502903,Araçoiaba da Serra - SP,2021,1205883.673
3503000,Aramina - SP,2021,150276.697
3503109,Arandu - SP,2021,194817.975
3503158,Arapeí - SP,2021,45568.033
3503208,Araraquara - SP,2021,11953237.471
3503307,Araras - SP,2021,6942567.272
3503356,Arco-Íris - SP,2021,62095.903
3503406,Arealva - SP,2021,227079.326
3503505,Areias - SP,2021,58113.412
3503604,Areiópolis - SP,2021,163060.489
3503703,Ariranha - SP,2021,1136911.24
3503802,Artur Nogueira - SP,2021,1721737.239
3503901,Arujá - SP,2021,8293370.162
3503950,Aspásia - SP,2021,39545.858
3504008,Assis - SP,2021,4082515.789
3504107,Atibaia - SP,2021,8361032.444
3504206,Auriflama - SP,2021,358543.955
3504305,Avaí - SP,2021,376093.832
3504404,Avanhandava - SP,2021,199389.023
3504503,Avaré - SP,2021,3278921.999
3504602,Bady Bassitt - SP,2021,551848.518
3504701,Balbinos - SP,2021,65400.429
3504800,Bálsamo - SP,2021,278641.735
3504909,Bananal - SP,2021,216018.384
3505005,Barão de Antonina - SP,2021,74956.416
3505104,Barbosa - SP,2021,109124.812
3505203,Bariri - SP,2021,1623405.551
3505302,Barra Bonita - SP,2021,1515652.893
3505351,Barra do Chapéu - SP,2021,133738.024
3505401,Barra do Turvo - SP,2021,125820.885
3505500,Barretos - SP,2021,5903515.961
3505609,Barrinha - SP,2021,624816.297
3505708,Barueri - SP,2021,58027666.618
3505807,Bastos - SP,2021,1067216.916
3505906,Batatais - SP,2021,2416802.575
3506003,Bauru - SP,2021,16721368.423
3506102,Bebedouro - SP,2021,4080484.537
3506201,Bento de Abreu - SP,2021,210459.776
3506300,Bernardino de Campos - SP,2021,377950.244
3506359,Bertioga - SP,2021,2067677.07
3506409,Bilac - SP,2021,292576.746
3506508,Birigui - SP,2021,3947388.396
3506607,Biritiba Mirim - SP,2021,971015.868
3506706,Boa Esperança do Sul - SP,2021,380753.261
3506805,Bocaina - SP,2021,281963.936
3506904,Bofete - SP,2021,212434.109
3507001,Boituva - SP,2021,3393228.685
3507100,Bom Jesus dos Perdões - SP,2021,1463036.18
3507159,Bom Sucesso de Itararé - SP,2021,63856.52
3507209,Borá - SP,2021,74195.054
3507308,Boracéia - SP,2021,519153.445
3507407,Borborema - SP,2021,518182.236
3507456,Borebi - SP,2021,73943.332
3507506,Botucatu - SP,2021,5979359.062
3507605,Bragança Paulista - SP,2021,7954300.053
3507704,Braúna - SP,2021,120686.813
3507753,Brejo Alegre - SP,2021,75675.127
3507803,Brodowski - SP,2021,894830.751
3507902,Brotas - SP,2021,1123986.566
3508009,Buri - SP,2021,684130.186
3508108,Buritama - SP,2021,627565.183
3508207,Buritizal - SP,2021,244488.126
3508306,Cabrália Paulista - SP,2021,102881.808
3508405,Cabreúva - SP,2021,5961333.424
3508504,Caçapava - SP,2021,5214553.271
3508603,Cachoeira Paulista - SP,2021,673632.424
3508702,Caconde - SP,2021,574394.938
3508801,Cafelândia - SP,2021,682544.49
3508900,Caiabu - SP,2021,69806.4
3509007,Caieiras - SP,2021,4858858.148
3509106,Caiuá - SP,2021,96254.924
3509205,Cajamar - SP,2021,22713160.274
3509254,Cajati - SP,2021,1755226.467
3509304,Cajobi - SP,2021,170916.324
3509403,Cajuru - SP,2021,761749.163
3509452,Campina do Monte Alegre - SP,2021,151086.917
3509502,Campinas - SP,2021,72946910.167
3509601,Campo Limpo Paulista - SP,2021,2530950.088
3509700,Campos do Jordão - SP,2021,1449808.277
3509809,Campos Novos Paulista - SP,2021,194705.131
3509908,Cananéia - SP,2021,264410.437
3509957,Canas - SP,2021,130060.455
3510005,Cândido Mota - SP,2021,1518347.017
3510104,Cândido Rodrigues - SP,2021,107107.735
3510153,Canitar - SP,2021,164318.829
3510203,Capão Bonito - SP,2021,1269097.445
3510302,Capela do Alto - SP,2021,392353.724
3510401,Capivari - SP,2021,2990809.569
3510500,Caraguatatuba - SP,2021,4532235.511
3510609,Carapicuíba - SP,2021,6854705.734
3510708,Cardoso - SP,2021,321119.823
3510807,Casa Branca - SP,2021,1179141.595
3510906,Cássia dos Coqueiros - SP,2021,293111.124
3511003,Castilho - SP,2021,1388287.047
3511102,Catanduva - SP,2021,5218361.311
3511201,Catiguá - SP,2021,152901.809
3511300,Cedral - SP,2021,533104.147
3511409,Cerqueira César - SP,2021,956913.985
3511508,Cerquilho - SP,2021,2343905.897
3511607,Cesário Lange - SP,2021,740569.082
3511706,Charqueada - SP,2021,515122.578
3511904,Clementina - SP,2021,186410.592
3512001,Colina - SP,2021,1541673.004
3512100,Colômbia - SP,2021,373218.645
3512209,Conchal - SP,2021,859274.273
3512308,Conchas - SP,2021,432993.289
3512407,Cordeirópolis - SP,2021,4107826.495
3512506,Coroados - SP,2021,218777.214
3512605,Coronel Macedo - SP,2021,141157.631
3512704,Corumbataí - SP,2021,345025.593
3512803,Cosmópolis - SP,2021,2109639.73
3512902,Cosmorama - SP,2021,506809.049
3513009,Cotia - SP,2021,16114164.611
3513108,Cravinhos - SP,2021,1753136.873
3513207,Cristais Paulista - SP,2021,346565.911
3513306,Cruzália - SP,2021,137663.972
3513405,Cruzeiro - SP,2021,3182372.784
3513504,Cubatão - SP,2021,21946471.662
3513603,Cunha - SP,2021,326362.259
3513702,Descalvado - SP,2021,2081161.879
3513801,Diadema - SP,2021,18484355.533
3513850,Dirce Reis - SP,2021,69826.774
3513900,Divinolândia - SP,2021,491457.375
3514007,Dobrada - SP,2021,138926.575
3514106,Dois Córregos - SP,2021,835299.134
3514205,Dolcinópolis - SP,2021,58946.794
3514304,Dourado - SP,2021,802299.144
3514403,Dracena - SP,2021,1444977.941
3514502,Duartina - SP,2021,252625.675
3514601,Dumont - SP,2021,342331.605
3514700,Echaporã - SP,2021,152431.541
3514809,Eldorado - SP,2021,329349.074
3514908,Elias Fausto - SP,2021,1004655.097
3514924,Elisiário - SP,2021,76050.806
3514957,Embaúba - SP,2021,57200.22
3515004,Embu das Artes - SP,2021,14314753.758
3515103,Embu-Guaçu - SP,2021,1456125.367
3515129,Emilianópolis - SP,2021,79174.834
3515152,Engenheiro Coelho - SP,2021,661053.173
3515186,Espírito Santo do Pinhal - SP,2021,2065823.762
3515194,Espírito Santo do Turvo - SP,2021,91772.493
3515202,Estrela d'Oeste - SP,2021,753257.368
3515301,Estrela do Norte - SP,2021,62446.432
3515350,Euclides da Cunha Paulista - SP,2021,136498.422
3515400,Fartura - SP,2021,473712.304
3515509,Fernandópolis - SP,2021,2468766.33
3515608,Fernando Prestes - SP,2021,205593.634
3515657,Fernão - SP,2021,80954.108
3515707,Ferraz de Vasconcelos - SP,2021,4740673.305
3515806,Flora Rica - SP,2021,42156.144
3515905,Floreal - SP,2021,81886.09
3516002,Flórida Paulista - SP,2021,264841.457
3516101,Florínea - SP,2021,171948.578
3516200,Franca - SP,2021,11276086.013
3516309,Francisco Morato - SP,2021,1872466.812
3516408,Franco da Rocha - SP,2021,4297870.725
3516507,Gabriel Monteiro - SP,2021,93704.899
3516606,Gália - SP,2021,172719.377
3516705,Garça - SP,2021,1725227.785
3516804,Gastão Vidigal - SP,2021,85828.068
3516853,Gavião Peixoto - SP,2021,1184185.051
3516903,General Salgado - SP,2021,275099.291
3517000,Getulina - SP,2021,215987.576
3517109,Glicério - SP,2021,125314.106
3517208,Guaiçara - SP,2021,232240.952
3517307,Guaimbê - SP,2021,442961.861
3517406,Guaíra - SP,2021,2704845.256
3517505,Guapiaçu - SP,2021,896415.279
3517604,Guapiara - SP,2021,439111.528
3517703,Guará - SP,2021,618205.494
3517802,Guaraçaí - SP,2021,326571.664
3517901,Guaraci - SP,2021,375452.79
3518008,Guarani d'Oeste - SP,2021,37039.506
3518107,Guarantã - SP,2021,196318.761
3518206,Guararapes - SP,2021,1199677.625
3518305,Guararema - SP,2021,1546741.266
3518404,Guaratinguetá - SP,2021,7877882.192
3518503,Guareí - SP,2021,313680.631
3518602,Guariba - SP,2021,1135133.627
3518701,Guarujá - SP,2021,10494252.383
3518800,Guarulhos - SP,2021,77376425.117
3518859,Guatapará - SP,2021,245363.012
3518909,Guzolândia - SP,2021,93585.019
3519006,Herculândia - SP,2021,355955.455
3519055,Holambra - SP,2021,1463401.405
3519071,Hortolândia - SP,2021,18377821.724
3519105,Iacanga - SP,2021,658009.942
3519204,Iacri - SP,2021,316795.432
3519253,Iaras - SP,2021,168922.26
3519303,Ibaté - SP,2021,1159253.485
3519402,Ibirá - SP,2021,318126.274
3519501,Ibirarema - SP,2021,244614.399
3519600,Ibitinga - SP,2021,1965222.526
3519709,Ibiúna - SP,2021,2370585.551
3519808,Icém - SP,2021,209289.094
3519907,Iepê - SP,2021,434355.825
3520004,Igaraçu do Tietê - SP,2021,381184.503
3520103,Igarapava - SP,2021,1299637.242
3520202,Igaratá - SP,2021,240165.471
3520301,Iguape - SP,2021,1588620.44
3520400,Ilhabela - SP,2021,13956618.262
3520426,Ilha Comprida - SP,2021,1363561.107
3520442,Ilha Solteira - SP,2021,706074.949
3520509,Indaiatuba - SP,2021,22817116.886
3520608,Indiana - SP,2021,86968.231
3520707,Indiaporã - SP,2021,111102.983
3520806,Inúbia Paulista - SP,2021,136680.861
3520905,Ipaussu - SP,2021,499098.585
3521002,Iperó - SP,2021,969693.824
3521101,Ipeúna - SP,2021,947911.795
3521150,Ipiguá - SP,2021,124258.756
3521200,Iporanga - SP,2021,63459.365
3521309,Ipuã - SP,2021,442715.064
3521408,Iracemápolis - SP,2021,2127925.258
3521507,Irapuã - SP,2021,186223.417
3521606,Irapuru - SP,2021,109595.224
3521705,Itaberá - SP,2021,1016119.036
3521804,Itaí - SP,2021,924896.722
3521903,Itajobi - SP,2021,935219.794
3522000,Itaju - SP,2021,232256.5
3522109,Itanhaém - SP,2021,2369274.752
3522158,Itaoca - SP,2021,53345.253
3522208,Itapecerica da Serra - SP,2021,4909298.748
3522307,Itapetininga - SP,2021,6359722.596
3522406,Itapeva - SP,2021,3788992.478
3522505,Itapevi - SP,2021,12854995.018
3522604,Itapira - SP,2021,4756331.426
3522653,Itapirapuã Paulista - SP,2021,52590.208
3522703,Itápolis - SP,2021,1630819.908
3522802,Itaporanga - SP,2021,305514.254
3522901,Itapuí - SP,2021,1003728.987
3523008,Itapura - SP,2021,104627.589
3523107,Itaquaquecetuba - SP,2021,9519617.706
3523206,Itararé - SP,2021,1182424.012
3523305,Itariri - SP,2021,438980.463
3523404,Itatiba - SP,2021,8245497.584
3523503,Itatinga - SP,2021,396659.517
3523602,Itirapina - SP,2021,1273183.85
3523701,Itirapuã - SP,2021,161834.767
3523800,Itobi - SP,2021,198366.051
3523909,Itu - SP,2021,10540812.918
3524006,Itupeva - SP,2021,8423278.988
3524105,Ituverava - SP,2021,1907193.117
3524204,Jaborandi - SP,2021,153277.993
3524303,Jaboticabal - SP,2021,3601183.19
3524402,Jacareí - SP,2021,16080493.543
3524501,Jaci - SP,2021,676808.092
3524600,Jacupiranga - SP,2021,531089.163
3524709,Jaguariúna - SP,2021,13981301.517
3524808,Jales - SP,2021,1982125.374
3524907,Jambeiro - SP,2021,352904.037
3525003,Jandira - SP,2021,4908360.238
3525102,Jardinópolis - SP,2021,1580760.481
3525201,Jarinu - SP,2021,2997399.556
3525300,Jaú - SP,2021,5582394.761
3525409,Jeriquara - SP,2021,168937.393
3525508,Joanópolis - SP,2021,261557.616
3525607,João Ramalho - SP,2021,148675.33
3525706,José Bonifácio - SP,2021,1381751.014
3525805,Júlio Mesquita - SP,2021,58842.947
3525854,Jumirim - SP,2021,213999.554
3525904,Jundiaí - SP,2021,57670892.685
3526001,Junqueirópolis - SP,2021,807879.163
3526100,Juquiá - SP,2021,366459.396
3526209,Juquitiba - SP,2021,573997.22
3526308,Lagoinha - SP,2021,73967.039
3526407,Laranjal Paulista - SP,2021,1411101.003
3526506,Lavínia - SP,2021,184895.988
3526605,Lavrinhas - SP,2021,133317.098
3526704,Leme - SP,2021,4101866.544
3526803,Lençóis Paulista - SP,2021,4924228.119
3526902,Limeira - SP,2021,16060738.811
3527009,Lindóia - SP,2021,246178.779
3527108,Lins - SP,2021,6763890.055
3527207,Lorena - SP,2021,3876663.467
3527256,Lourdes - SP,2021,43489.176
3527306,Louveira - SP,2021,19677150.59
3527405,Lucélia - SP,2021,584271.282
3527504,Lucianópolis - SP,2021,70465.375
3527603,Luís Antônio - SP,2021,1556606.521
3527702,Luiziânia - SP,2021,93808.712
3527801,Lupércio - SP,2021,98336.886
3527900,Lutécia - SP,2021,101173.117
3528007,Macatuba - SP,2021,643782.915
3528106,Macaubal - SP,2021,196951.791
3528205,Macedônia - SP,2021,90930.779
3528304,Magda - SP,2021,104128.024
3528403,Mairinque - SP,2021,2695115.819
3528502,Mairiporã - SP,2021,2288091.621
3528601,Manduri - SP,2021,291908.192
3528700,Marabá Paulista - SP,2021,157010.99
3528809,Maracaí - SP,2021,517397.816
3528858,Marapoama - SP,2021,119694.406
3528908,Mariápolis - SP,2021,76481.673
3529005,Marília - SP,2021,9756006.261
3529104,Marinópolis - SP,2021,40066.938
3529203,Martinópolis - SP,2021,754950.447
3529302,Matão - SP,2021,5356571.323
3529401,Mauá - SP,2021,20776212.745
3529500,Mendonça - SP,2021,374784.785
3529609,Meridiano - SP,2021,393842.471
3529658,Mesópolis - SP,2021,81615.128
3529708,Miguelópolis - SP,2021,1016136.928
3529807,Mineiros do Tietê - SP,2021,226257.409
3529906,Miracatu - SP,2021,456953.057
3530003,Mira Estrela - SP,2021,70361.627
3530102,Mirandópolis - SP,2021,738742.24
3530201,Mirante do Paranapanema - SP,2021,606917.474
3530300,Mirassol - SP,2021,2660334.032
3530409,Mirassolândia - SP,2021,213294.971
3530508,Mococa - SP,2021,3043691.898
3530607,Mogi das Cruzes - SP,2021,19604517.461
3530706,Mogi Guaçu - SP,2021,6865386.209
3530805,Mogi Mirim - SP,2021,6313563.842
3530904,Mombuca - SP,2021,124517.473
3531001,Monções - SP,2021,58262.056
3531100,Mongaguá - SP,2021,1254605.285
3531209,Monte Alegre do Sul - SP,2021,252217.893
3531308,Monte Alto - SP,2021,2435240.075
3531407,Monte Aprazível - SP,2021,766600.054
3531506,Monte Azul Paulista - SP,2021,639162.497
3531605,Monte Castelo - SP,2021,128087.826
3531704,Monteiro Lobato - SP,2021,83030.469
3531803,Monte Mor - SP,2021,4317763.585
3531902,Morro Agudo - SP,2021,1225918.089
3532009,Morungaba - SP,2021,633323.989
3532058,Motuca - SP,2021,120695.871
3532108,Murutinga do Sul - SP,2021,88027.071
3532157,Nantes - SP,2021,142300.887
3532207,Narandiba - SP,2021,639075.516
3532306,Natividade da Serra - SP,2021,93391.138
3532405,Nazaré Paulista - SP,2021,465370.933
3532504,Neves Paulista - SP,2021,276247.695
3532603,Nhandeara - SP,2021,367776.641
3532702,Nipoã - SP,2021,95891.822
3532801,Nova Aliança - SP,2021,325932.69
3532827,Nova Campina - SP,2021,221079.28
3532843,Nova Canaã Paulista - SP,2021,46304.606
3532868,Nova Castilho - SP,2021,60664.975
3532900,Nova Europa - SP,2021,377460.822
3533007,Nova Granada - SP,2021,512828.707
3533106,Nova Guataporanga - SP,2021,36774.792
3533205,Nova Independência - SP,2021,213154.675
3533254,Novais - SP,2021,78660.446
3533304,Nova Luzitânia - SP,2021,60213.767
3533403,Nova Odessa - SP,2021,4020494.254
3533502,Novo Horizonte - SP,2021,1585955.121
3533601,Nuporanga - SP,2021,868091.613
3533700,Ocauçu - SP,2021,141366.238
3533809,Óleo - SP,2021,128271.549
3533908,Olímpia - SP,2021,2551144.674
3534005,Onda Verde - SP,2021,205635.802
3534104,Oriente - SP,2021,129763.028
3534203,Orindiúva - SP,2021,640841.175
3534302,Orlândia - SP,2021,2579406.068
3534401,Osasco - SP,2021,86111259.991
3534500,Oscar Bressane - SP,2021,112881.755
3534609,Osvaldo Cruz - SP,2021,1087489.589
3534708,Ourinhos - SP,2021,3961570.958
3534757,Ouroeste - SP,2021,548740.254
3534807,Ouro Verde - SP,2021,134985.78
3534906,Pacaembu - SP,2021,217694.932
3535002,Palestina - SP,2021,420419.963
3535101,Palmares Paulista - SP,2021,136418.658
3535200,Palmeira d'Oeste - SP,2021,215050.397
3535309,Palmital - SP,2021,900626.568
3535408,Panorama - SP,2021,317825.589
3535507,Paraguaçu Paulista - SP,2021,1801748.006
3535606,Paraibuna - SP,2021,352397.922
3535705,Paraíso - SP,2021,275312.652
3535804,Paranapanema - SP,2021,945145.306
3535903,Paranapuã - SP,2021,133064.949
3536000,Parapuã - SP,2021,741785.799
3536109,Pardinho - SP,2021,368270.938
3536208,Pariquera-Açu - SP,2021,586023.644
3536257,Parisi - SP,2021,53619.89
3536307,Patrocínio Paulista - SP,2021,1360808.588
3536406,Paulicéia - SP,2021,200144.75
3536505,Paulínia - SP,2021,52389436.509
3536570,Paulistânia - SP,2021,48636.69
3536604,Paulo de Faria - SP,2021,269674.996
3536703,Pederneiras - SP,2021,3066260.985
3536802,Pedra Bela - SP,2021,118076.036
3536901,Pedranópolis - SP,2021,79886.711
3537008,Pedregulho - SP,2021,1731363.803
3537107,Pedreira - SP,2021,1502007.81
3537156,Pedrinhas Paulista - SP,2021,176652.401
3537206,Pedro de Toledo - SP,2021,178608.884
3537305,Penápolis - SP,2021,2082458.291
3537404,Pereira Barreto - SP,2021,1087485.494
3537503,Pereiras - SP,2021,317964.199
3537602,Peruíbe - SP,2021,1966247.303
3537701,Piacatu - SP,2021,119024.81
3537800,Piedade - SP,2021,1597083.415
3537909,Pilar do Sul - SP,2021,1276179.945
3538006,Pindamonhangaba - SP,2021,13742498.486
3538105,Pindorama - SP,2021,498800.901
3538204,Pinhalzinho - SP,2021,314651.306
3538303,Piquerobi - SP,2021,67093.357
3538501,Piquete - SP,2021,197854.114
3538600,Piracaia - SP,2021,661695.603
3538709,Piracicaba - SP,2021,34555723.85
3538808,Piraju - SP,2021,926203.349
3538907,Pirajuí - SP,2021,540057.892
3539004,Pirangi - SP,2021,364797.71
3539103,Pirapora do Bom Jesus - SP,2021,826672.314
3539202,Pirapozinho - SP,2021,927781.106
3539301,Pirassununga - SP,2021,3312332.24
3539400,Piratininga - SP,2021,278466.987
3539509,Pitangueiras - SP,2021,1389560.822
3539608,Planalto - SP,2021,193761.556
3539707,Platina - SP,2021,120018.909
3539806,Poá - SP,2021,3769347.372
3539905,Poloni - SP,2021,154422.732
3540002,Pompéia - SP,2021,1951861.434
3540101,Pongaí - SP,2021,94398.934
3540200,Pontal - SP,2021,1462864.886
3540259,Pontalinda - SP,2021,98029.534
3540309,Pontes Gestal - SP,2021,126662.711
3540408,Populina - SP,2021,117259.827
3540507,Porangaba - SP,2021,233734.267
3540606,Porto Feliz - SP,2021,3754665.663
3540705,Porto Ferreira - SP,2021,2495873.112
3540754,Potim - SP,2021,308459.434
3540804,Potirendaba - SP,2021,620168.928
3540853,Pracinha - SP,2021,40969.449
3540903,Pradópolis - SP,2021,1096525.583
3541000,Praia Grande - SP,2021,8727831.468
3541059,Pratânia - SP,2021,126366.892
3541109,Presidente Alves - SP,2021,77332.792
3541208,Presidente Bernardes - SP,2021,331914.146
3541307,Presidente Epitácio - SP,2021,1325522.126
3541406,Presidente Prudente - SP,2021,9242189.133
3541505,Presidente Venceslau - SP,2021,823130.043
3541604,Promissão - SP,2021,2115365.137
3541653,Quadra - SP,2021,144522.602
3541703,Quatá - SP,2021,821158.912
3541802,Queiroz - SP,2021,684733.345
3541901,Queluz - SP,2021,388523.141
3542008,Quintana - SP,2021,276283.799
3542107,Rafard - SP,2021,442882.5
3542206,Rancharia - SP,2021,1381836.35
3542305,Redenção da Serra - SP,2021,66824.941
3542404,Regente Feijó - SP,2021,983725.278
3542503,Reginópolis - SP,2021,184875.117
3542602,Registro - SP,2021,2357409.327
3542701,Restinga - SP,2021,211751.731
3542800,Ribeira - SP,2021,62081.261
3542909,Ribeirão Bonito - SP,2021,371778.478
3543006,Ribeirão Branco - SP,2021,595498.967
3543105,Ribeirão Corrente - SP,2021,319057.831
3543204,Ribeirão do Sul - SP,2021,224362.519
3543238,Ribeirão dos Índios - SP,2021,47000.592
3543253,Ribeirão Grande - SP,2021,116991.72
3543303,Ribeirão Pires - SP,2021,3891002.63
3543402,Ribeirão Preto - SP,2021,39955305.609
3543501,Riversul - SP,2021,92796.33
3543600,Rifaina - SP,2021,191157.71
3543709,Rincão - SP,2021,226043.187
3543808,Rinópolis - SP,2021,349025.974
3543907,Rio Claro - SP,2021,13245335.958
3544004,Rio das Pedras - SP,2021,1787681.408
3544103,Rio Grande da Serra - SP,2021,960727.232
3544202,Riolândia - SP,2021,268963.075
3544251,Rosana - SP,2021,1941771.839
3544301,Roseira - SP,2021,374786.246
3544400,Rubiácea - SP,2021,78950.332
3544509,Rubinéia - SP,2021,102856.803
3544608,Sabino - SP,2021,175475.616
3544707,Sagres - SP,2021,54769.352
3544806,Sales - SP,2021,169480.032
3544905,Sales Oliveira - SP,2021,417237.49
3545001,Salesópolis - SP,2021,251751.908
3545100,Salmourão - SP,2021,96894.972
3545159,Saltinho - SP,2021,377871.414
3545209,Salto - SP,2021,9303486.748
3545308,Salto de Pirapora - SP,2021,2221476.714
3545407,Salto Grande - SP,2021,273943.204
3545506,Sandovalina - SP,2021,318809.778
3545605,Santa Adélia - SP,2021,382545.565
3545704,Santa Albertina - SP,2021,214790.792
3545803,Santa Bárbara d'Oeste - SP,2021,7825506.502
3546009,Santa Branca - SP,2021,312818.584
3546108,Santa Clara d'Oeste - SP,2021,96783.316
3546207,Santa Cruz da Conceição - SP,2021,161650.68
3546256,Santa Cruz da Esperança - SP,2021,63456.694
3546306,Santa Cruz das Palmeiras - SP,2021,655974.339
3546405,Santa Cruz do Rio Pardo - SP,2021,2786906.107
3546504,Santa Ernestina - SP,2021,104372.706
3546603,Santa Fé do Sul - SP,2021,1344880.815
3546702,Santa Gertrudes - SP,2021,3895817.986
3546801,Santa Isabel - SP,2021,1658732.668
3546900,Santa Lúcia - SP,2021,131127.832
3547007,Santa Maria da Serra - SP,2021,153023.631
3547106,Santa Mercedes - SP,2021,69067.532
3547205,Santana da Ponte Pensa - SP,2021,39913.179
3547304,Santana de Parnaíba - SP,2021,11544903.483
3547403,Santa Rita d'Oeste - SP,2021,68134.763
3547502,Santa Rita do Passa Quatro - SP,2021,825834.738
3547601,Santa Rosa de Viterbo - SP,2021,833444.1
3547650,Santa Salete - SP,2021,42106.248
3547700,Santo Anastácio - SP,2021,555800.928
3547809,Santo André - SP,2021,32620294.592
3547908,Santo Antônio da Alegria - SP,2021,211521.905
3548005,Santo Antônio de Posse - SP,2021,1870734.354
3548054,Santo Antônio do Aracanguá - SP,2021,289678.137
3548104,Santo Antônio do Jardim - SP,2021,222832.584
3548203,Santo Antônio do Pinhal - SP,2021,148429.124
3548302,Santo Expedito - SP,2021,47273.391
3548401,Santópolis do Aguapeí - SP,2021,80653.418
3548500,Santos - SP,2021,24090173.097
3548609,São Bento do Sapucaí - SP,2021,406647.208
3548708,São Bernardo do Campo - SP,2021,58277014.065
3548807,São Caetano do Sul - SP,2021,15566768.386
3548906,São Carlos - SP,2021,14141854.369
3549003,São Francisco - SP,2021,51167.786
3549102,São João da Boa Vista - SP,2021,4135189.744
3549201,São João das Duas Pontes - SP,2021,52612.013
3549250,São João de Iracema - SP,2021,51478.104
3549300,São João do Pau d'Alho - SP,2021,58492.972
3549409,São Joaquim da Barra - SP,2021,2191085.894
3549508,São José da Bela Vista - SP,2021,231517.142
3549607,São José do Barreiro - SP,2021,63347.21
3549706,São José do Rio Pardo - SP,2021,2375167.083
3549805,São José do Rio Preto - SP,2021,20962614.976
3549904,São José dos Campos - SP,2021,45208807.937
3549953,São Lourenço da Serra - SP,2021,285411.765
3550001,São Luiz do Paraitinga - SP,2021,204219.19
3550100,São Manuel - SP,2021,1340317.267
3550209,São Miguel Arcanjo - SP,2021,954225.102
3550308,São Paulo - SP,2021,828980746.586
3550407,São Pedro - SP,2021,886335.955
3550506,São Pedro do Turvo - SP,2021,234364.608
3550605,São Roque - SP,2021,3450778.678
3550704,São Sebastião - SP,2021,16008645.421
3550803,São Sebastião da Grama - SP,2021,428491.854
3550902,São Simão - SP,2021,501326.889
3551009,São Vicente - SP,2021,6121259.1
3551108,Sarapuí - SP,2021,203910.875
3551207,Sarutaiá - SP,2021,96557.722
3551306,Sebastianópolis do Sul - SP,2021,417498.625
3551405,Serra Azul - SP,2021,195523.134
3551504,Serrana - SP,2021,1349050.264
3551603,Serra Negra - SP,2021,845122.36
3551702,Sertãozinho - SP,2021,7109021.763
3551801,Sete Barras - SP,2021,379170.022
3551900,Severínia - SP,2021,271911.501
3552007,Silveiras - SP,2021,92558.565
3552106,Socorro - SP,2021,1120219.486
3552205,Sorocaba - SP,2021,44533398.241
3552304,Sud Mennucci - SP,2021,226784.378
3552403,Sumaré - SP,2021,16179891.951
3552502,Suzano - SP,2021,14811513.691
3552551,Suzanápolis - SP,2021,341980.906
3552601,Tabapuã - SP,2021,287136.559
3552700,Tabatinga - SP,2021,340423.445
3552809,Taboão da Serra - SP,2021,10291072.498
3552908,Taciba - SP,2021,186412.175
3553005,Taguaí - SP,2021,343427.748
3553104,Taiaçu - SP,2021,109907.367
3553203,Taiúva - SP,2021,139651.101
3553302,Tambaú - SP,2021,700419.073
3553401,Tanabi - SP,2021,1323569.967
3553500,Tapiraí - SP,2021,185138.411
3553609,Tapiratiba - SP,2021,301184.818
3553658,Taquaral - SP,2021,46861.863
3553708,Taquaritinga - SP,2021,1660014.384
3553807,Taquarituba - SP,2021,988151.947
3553856,Taquarivaí - SP,2021,367323.698
3553906,Tarabai - SP,2021,168350.324
3553955,Tarumã - SP,2021,897036.192
3554003,Tatuí - SP,2021,5076192.938
3554102,Taubaté - SP,2021,16199985.933
3554201,Tejupá - SP,2021,138116.334
3554300,Teodoro Sampaio - SP,2021,627028.261
3554409,Terra Roxa - SP,2021,174935.246
3554508,Tietê - SP,2021,2158402.234
3554607,Timburi - SP,2021,66301.28
3554656,Torre de Pedra - SP,2021,37756.621
3554706,Torrinha - SP,2021,284592.255
3554755,Trabiju - SP,2021,44919.531
3554805,Tremembé - SP,2021,896633.754
3554904,Três Fronteiras - SP,2021,122035.537
3554953,Tuiuti - SP,2021,181790.461
3555000,Tupã - SP,2021,2213337.24
3555109,Tupi Paulista - SP,2021,340357.291
3555208,Turiúba - SP,2021,56424.618
3555307,Turmalina - SP,2021,73691.514
3555356,Ubarana - SP,2021,212639.004
3555406,Ubatuba - SP,2021,2705941.156
3555505,Ubirajara - SP,2021,114467.732
3555604,Uchoa - SP,2021,401840.509
3555703,União Paulista - SP,2021,57594.759
3555802,Urânia - SP,2021,286014.199
3555901,Uru - SP,2021,46392.065
3556008,Urupês - SP,2021,483324.505
3556107,Valentim Gentil - SP,2021,437546.287
3556206,Valinhos - SP,2021,7969199.991
3556305,Valparaíso - SP,2021,1236296.888
3556354,Vargem - SP,2021,153401.48
3556404,Vargem Grande do Sul - SP,2021,1287338.885
3556453,Vargem Grande Paulista - SP,2021,2898202.787
3556503,Várzea Paulista - SP,2021,3965839.453
3556602,Vera Cruz - SP,2021,240193.45
3556701,Vinhedo - SP,2021,12557908.972
3556800,Viradouro - SP,2021,443704.352
3556909,Vista Alegre do Alto - SP,2021,425057.809
3556958,Vitória Brasil - SP,2021,45178.636
3557006,Votorantim - SP,2021,3919236.248
3557105,Votuporanga - SP,2021,3862539.651
3557154,Zacarias - SP,2021,130188.73
3557204,Chavantes - SP,2021,266344.771
3557303,Estiva Gerbi - SP,2021,389432.135
4100103,Abatiá - PR,2021,221816.638
4100202,Adrianópolis - PR,2021,368853.702
4100301,Agudos do Sul - PR,2021,216903.776
4100400,Almirante Tamandaré - PR,2021,1936254.916
4100459,Altamira do Paraná - PR,2021,96207.266
4100509,Altônia - PR,2021,462492.851
4100608,Alto Paraná - PR,2021,436261.407
4100707,Alto Piquiri - PR,2021,410779.606
4100806,Alvorada do Sul - PR,2021,338358.675
4100905,Amaporã - PR,2021,121114.3
4101002,Ampére - PR,2021,750363.843
4101051,Anahy - PR,2021,115042.263
4101101,Andirá - PR,2021,816503.278
4101150,Ângulo - PR,2021,154196.936
4101200,Antonina - PR,2021,700870.923
4101309,Antônio Olinto - PR,2021,233345.083
4101408,Apucarana - PR,2021,3874079.812
4101507,Arapongas - PR,2021,4953988.715
4101606,Arapoti - PR,2021,1447430.59
4101655,Arapuã - PR,2021,152145.582
4101705,Araruna - PR,2021,547353.084
4101804,Araucária - PR,2021,25266761.323
4101853,Ariranha do Ivaí - PR,2021,128973.65
4101903,Assaí - PR,2021,539552.01
4102000,Assis Chateaubriand - PR,2021,1633259.865
4102109,Astorga - PR,2021,882919.587
4102208,Atalaia - PR,2021,177303.99
4102307,Balsa Nova - PR,2021,926184.931
4102406,Bandeirantes - PR,2021,1033467.845
4102505,Barbosa Ferraz - PR,2021,299362.963
4102604,Barracão - PR,2021,264230.092
4102703,Barra do Jacaré - PR,2021,150148.218
4102752,Bela Vista da Caroba - PR,2021,106923.656
4102802,Bela Vista do Paraíso - PR,2021,523791.495
4102901,Bituruna - PR,2021,552341.717
4103008,Boa Esperança - PR,2021,285688.871
4103024,Boa Esperança do Iguaçu - PR,2021,142607.147
4103040,Boa Ventura de São Roque - PR,2021,361489.538
4103057,Boa Vista da Aparecida - PR,2021,185314.758
4103107,Bocaiúva do Sul - PR,2021,280327.122
4103156,Bom Jesus do Sul - PR,2021,115669.95
4103206,Bom Sucesso - PR,2021,157269.378
4103222,Bom Sucesso do Sul - PR,2021,300056.492
4103305,Borrazópolis - PR,2021,245672.903
4103354,Braganey - PR,2021,241525.967
4103370,Brasilândia do Sul - PR,2021,275949.479
4103404,Cafeara - PR,2021,114049.222
4103453,Cafelândia - PR,2021,1949225.99
4103479,Cafezal do Sul - PR,2021,148982.512
4103503,Califórnia - PR,2021,253204.679
4103602,Cambará - PR,2021,819036.014
4103701,Cambé - PR,2021,5029902.157
4103800,Cambira - PR,2021,280211.459
4103909,Campina da Lagoa - PR,2021,578372.719
4103958,Campina do Simão - PR,2021,150370.495
4104006,Campina Grande do Sul - PR,2021,2176023.716
4104055,Campo Bonito - PR,2021,224660.788
4104105,Campo do Tenente - PR,2021,261270.416
4104204,Campo Largo - PR,2021,5733187.097
4104253,Campo Magro - PR,2021,541601.254
4104303,Campo Mourão - PR,2021,5147309.893
4104402,Cândido de Abreu - PR,2021,421636.526
4104428,Candói - PR,2021,850048.142
4104451,Cantagalo - PR,2021,335943.888
4104501,Capanema - PR,2021,1106692.308
4104600,Capitão Leônidas Marques - PR,2021,1255526.163
4104659,Carambeí - PR,2021,1578832.686
4104709,Carlópolis - PR,2021,458637.566
4104808,Cascavel - PR,2021,15786905.039
4104907,Castro - PR,2021,3631155.505
4105003,Catanduvas - PR,2021,355951.072
4105102,Centenário do Sul - PR,2021,440498.981
4105201,Cerro Azul - PR,2021,405085.693
4105300,Céu Azul - PR,2021,942758.299
4105409,Chopinzinho - PR,2021,909271.377
4105508,Cianorte - PR,2021,3039715.513
4105607,Cidade Gaúcha - PR,2021,431472.615
4105706,Clevelândia - PR,2021,837980.193
4105805,Colombo - PR,2021,5693870.124
4105904,Colorado - PR,2021,796267.257
4106001,Congonhinhas - PR,2021,285617.152
4106100,Conselheiro Mairinck - PR,2021,152425.118
4106209,Contenda - PR,2021,557577.079
4106308,Corbélia - PR,2021,1064177.188
4106407,Cornélio Procópio - PR,2021,1812202.152
4106456,Coronel Domingos Soares - PR,2021,323716.001
4106506,Coronel Vivida - PR,2021,887309.136
4106555,Corumbataí do Sul - PR,2021,87683.113
4106571,Cruzeiro do Iguaçu - PR,2021,177172.753
4106605,Cruzeiro do Oeste - PR,2021,859367.89
4106704,Cruzeiro do Sul - PR,2021,205350.678
4106803,Cruz Machado - PR,2021,505065.548
4106852,Cruzmaltina - PR,2021,151165.232
4106902,Curitiba - PR,2021,98000490.695
4107009,Curiúva - PR,2021,276028.647
4107108,Diamante do Norte - PR,2021,298206.751
4107124,Diamante do Sul - PR,2021,74735.85
4107157,Diamante D'Oeste - PR,2021,128031.058
4107207,Dois Vizinhos - PR,2021,2026447.426
4107256,Douradina - PR,2021,841228.334
4107306,Doutor Camargo - PR,2021,200365.462
4107405,Enéas Marques - PR,2021,311320.716
4107504,Engenheiro Beltrão - PR,2021,566606.447
4107520,Esperança Nova - PR,2021,65235.789
4107538,Entre Rios do Oeste - PR,2021,313142.57
4107546,Espigão Alto do Iguaçu - PR,2021,162811.235
4107553,Farol - PR,2021,215732.124
4107603,Faxinal - PR,2021,500121.583
4107652,Fazenda Rio Grande - PR,2021,3322418.468
4107702,Fênix - PR,2021,212862.115
4107736,Fernandes Pinheiro - PR,2021,253837.763
4107751,Figueira - PR,2021,161491.752
4107801,Floraí - PR,2021,239257.249
4107850,Flor da Serra do Sul - PR,2021,182642.865
4107900,Floresta - PR,2021,271124.032
4108007,Florestópolis - PR,2021,400284.885
4108106,Flórida - PR,2021,80572.574
4108205,Formosa do Oeste - PR,2021,370767.205
4108304,Foz do Iguaçu - PR,2021,18969029.436
4108320,Francisco Alves - PR,2021,290544.096
4108403,Francisco Beltrão - PR,2021,3694538.715
4108452,Foz do Jordão - PR,2021,184044.064
4108502,General Carneiro - PR,2021,445472.058
4108551,Godoy Moreira - PR,2021,72425.899
4108601,Goioerê - PR,2021,1074370.115
4108650,Goioxim - PR,2021,309145.193
4108700,Grandes Rios - PR,2021,172727.618
4108809,Guaíra - PR,2021,1139934.324
4108908,Guairaçá - PR,2021,273735.642
4108957,Guamiranga - PR,2021,295065.123
4109005,Guapirama - PR,2021,176952.362
4109104,Guaporema - PR,2021,78139.324
4109203,Guaraci - PR,2021,223862.859
4109302,Guaraniaçu - PR,2021,512014.492
4109401,Guarapuava - PR,2021,8309024.064
4109500,Guaraqueçaba - PR,2021,118152.355
4109609,Guaratuba - PR,2021,982124.975
4109658,Honório Serpa - PR,2021,298545.619
4109708,Ibaiti - PR,2021,878433.814
4109757,Ibema - PR,2021,182341.261
4109807,Ibiporã - PR,2021,3313394.225
4109906,Icaraíma - PR,2021,249549.76
4110003,Iguaraçu - PR,2021,212504.794
4110052,Iguatu - PR,2021,83996.237
4110078,Imbaú - PR,2021,276155.718
4110102,Imbituva - PR,2021,1290790.08
4110201,Inácio Martins - PR,2021,265709.397
4110300,Inajá - PR,2021,58312.051
4110409,Indianópolis - PR,2021,507444.081
4110508,Ipiranga - PR,2021,615189.596
4110607,Iporã - PR,2021,597061.644
4110656,Iracema do Oeste - PR,2021,194365.944
4110706,Irati - PR,2021,2286210.966
4110805,Iretama - PR,2021,354163.214
4110904,Itaguajé - PR,2021,121777.881
4110953,Itaipulândia - PR,2021,524784.16
4111001,Itambaracá - PR,2021,223621.876
4111100,Itambé - PR,2021,228333.062
4111209,Itapejara d'Oeste - PR,2021,753013.97
4111258,Itaperuçu - PR,2021,626927.443
4111308,Itaúna do Sul - PR,2021,87749.678
4111407,Ivaí - PR,2021,497706.998
4111506,Ivaiporã - PR,2021,947820.979
4111555,Ivaté - PR,2021,203929.737
4111605,Ivatuba - PR,2021,143593.268
4111704,Jaboti - PR,2021,160051.166
4111803,Jacarezinho - PR,2021,1598028.734
4111902,Jaguapitã - PR,2021,1049381.706
4112009,Jaguariaíva - PR,2021,1788852.542
4112108,Jandaia do Sul - PR,2021,790155.332
4112207,Janiópolis - PR,2021,241935.564
4112306,Japira - PR,2021,163418.385
4112405,Japurá - PR,2021,321177.772
4112504,Jardim Alegre - PR,2021,374098.815
4112603,Jardim Olinda - PR,2021,57043.743
4112702,Jataizinho - PR,2021,282675.897
4112751,Jesuítas - PR,2021,441971.667
4112801,Joaquim Távora - PR,2021,680976.769
4112900,Jundiaí do Sul - PR,2021,128060.072
4112959,Juranda - PR,2021,440930.587
4113007,Jussara - PR,2021,405133.1
4113106,Kaloré - PR,2021,165649.93
4113205,Lapa - PR,2021,2841178.919
4113254,Laranjal - PR,2021,113016.057
4113304,Laranjeiras do Sul - PR,2021,1027729.173
4113403,Leópolis - PR,2021,227372.252
4113429,Lidianópolis - PR,2021,125681.099
4113452,Lindoeste - PR,2021,200870.941
4113502,Loanda - PR,2021,697949.589
4113601,Lobato - PR,2021,215563.727
4113700,Londrina - PR,2021,23603697.769
4113734,Luiziana - PR,2021,546858.495
4113759,Lunardelli - PR,2021,142209.83
4113809,Lupionópolis - PR,2021,131497.619
4113908,Mallet - PR,2021,758396.598
4114005,Mamborê - PR,2021,793176.968
4114104,Mandaguaçu - PR,2021,687732.583
4114203,Mandaguari - PR,2021,1835705.759
4114302,Mandirituba - PR,2021,665013.361
4114351,Manfrinópolis - PR,2021,81471.745
4114401,Mangueirinha - PR,2021,1773267.653
4114500,Manoel Ribas - PR,2021,531488.432
4114609,Marechal Cândido Rondon - PR,2021,2923748.758
4114708,Maria Helena - PR,2021,134442.814
4114807,Marialva - PR,2021,2654432.981
4114906,Marilândia do Sul - PR,2021,466433.33
4115002,Marilena - PR,2021,174490.253
4115101,Mariluz - PR,2021,284358.876
4115200,Maringá - PR,2021,22655737.622
4115309,Mariópolis - PR,2021,439910.968
4115358,Maripá - PR,2021,478110.087
4115408,Marmeleiro - PR,2021,635103.979
4115457,Marquinho - PR,2021,111453.673
4115507,Marumbi - PR,2021,103450.896
4115606,Matelândia - PR,2021,1096365.724
4115705,Matinhos - PR,2021,892231.734
4115739,Mato Rico - PR,2021,123186.692
4115754,Mauá da Serra - PR,2021,373698.444
4115804,Medianeira - PR,2021,2442039.62
4115853,Mercedes - PR,2021,278211.31
4115903,Mirador - PR,2021,126634.554
4116000,Miraselva - PR,2021,52323.939
4116059,Missal - PR,2021,466419.767
4116109,Moreira Sales - PR,2021,306144.078
4116208,Morretes - PR,2021,389210.593
4116307,Munhoz de Melo - PR,2021,136928.671
4116406,Nossa Senhora das Graças - PR,2021,99515.465
4116505,Nova Aliança do Ivaí - PR,2021,51926.168
4116604,Nova América da Colina - PR,2021,97599.777
4116703,Nova Aurora - PR,2021,819755.13
4116802,Nova Cantu - PR,2021,348087.333
4116901,Nova Esperança - PR,2021,943181.172
4116950,Nova Esperança do Sudoeste - PR,2021,164792.007
4117008,Nova Fátima - PR,2021,314928.09
4117057,Nova Laranjeiras - PR,2021,308283.982
4117107,Nova Londrina - PR,2021,442935.123
4117206,Nova Olímpia - PR,2021,109207.309
4117214,Nova Santa Bárbara - PR,2021,110741.688
4117222,Nova Santa Rosa - PR,2021,439747.217
4117255,Nova Prata do Iguaçu - PR,2021,492498.387
4117271,Nova Tebas - PR,2021,189787.742
4117297,Novo Itacolomi - PR,2021,91406.773
4117305,Ortigueira - PR,2021,2726429.788
4117404,Ourizona - PR,2021,166695.524
4117453,Ouro Verde do Oeste - PR,2021,318622.099
4117503,Paiçandu - PR,2021,1057696.252
4117602,Palmas - PR,2021,1616524.984
4117701,Palmeira - PR,2021,1642025.795
4117800,Palmital - PR,2021,330836.945
4117909,Palotina - PR,2021,2815814.961
4118006,Paraíso do Norte - PR,2021,377239.361
4118105,Paranacity - PR,2021,325522.446
4118204,Paranaguá - PR,2021,13646907.618
4118303,Paranapoema - PR,2021,92021.007
4118402,Paranavaí - PR,2021,3179797.793
4118451,Pato Bragado - PR,2021,243482.555
4118501,Pato Branco - PR,2021,4548085.634
4118600,Paula Freitas - PR,2021,439961.842
4118709,Paulo Frontin - PR,2021,396724.318
4118808,Peabiru - PR,2021,454228.595
4118857,Perobal - PR,2021,281883.029
4118907,Pérola - PR,2021,359685.256
4119004,Pérola d'Oeste - PR,2021,237951.966
4119103,Piên - PR,2021,919728.788
4119152,Pinhais - PR,2021,7962953.714
4119202,Pinhalão - PR,2021,251475.037
4119251,Pinhal de São Bento - PR,2021,80246.248
4119301,Pinhão - PR,2021,1794773.096
4119400,Piraí do Sul - PR,2021,1191670.094
4119509,Piraquara - PR,2021,1543846.668
4119608,Pitanga - PR,2021,1140789.943
4119657,Pitangueiras - PR,2021,121843.059
4119707,Planaltina do Paraná - PR,2021,103914.117
4119806,Planalto - PR,2021,425325.992
4119905,Ponta Grossa - PR,2021,19490249.029
4119954,Pontal do Paraná - PR,2021,653317.14
4120002,Porecatu - PR,2021,554196.448
4120101,Porto Amazonas - PR,2021,163130.609
4120150,Porto Barreiro - PR,2021,170012.504
4120200,Porto Rico - PR,2021,108610.676
4120309,Porto Vitória - PR,2021,98738.28
4120333,Prado Ferreira - PR,2021,170927.492
4120358,Pranchita - PR,2021,329443.205
4120408,Presidente Castelo Branco - PR,2021,147400.187
4120507,Primeiro de Maio - PR,2021,371262.272
4120606,Prudentópolis - PR,2021,1571729.702
4120655,Quarto Centenário - PR,2021,363003.241
4120705,Quatiguá - PR,2021,212113.508
4120804,Quatro Barras - PR,2021,1941119.71
4120853,Quatro Pontes - PR,2021,253566.971
4120903,Quedas do Iguaçu - PR,2021,1466516.773
4121000,Querência do Norte - PR,2021,261215.656
4121109,Quinta do Sol - PR,2021,257470.657
4121208,Quitandinha - PR,2021,509136.952
4121257,Ramilândia - PR,2021,113773.899
4121307,Rancho Alegre - PR,2021,185650.888
4121356,Rancho Alegre D'Oeste - PR,2021,234807.489
4121406,Realeza - PR,2021,743081.796
4121505,Rebouças - PR,2021,536431.983
4121604,Renascença - PR,2021,422523.253
4121703,Reserva - PR,2021,757377.691
4121752,Reserva do Iguaçu - PR,2021,260028.165
4121802,Ribeirão Claro - PR,2021,383690.811
4121901,Ribeirão do Pinhal - PR,2021,338041.27
4122008,Rio Azul - PR,2021,729564.104
4122107,Rio Bom - PR,2021,104362.268
4122156,Rio Bonito do Iguaçu - PR,2021,441513.901
4122172,Rio Branco do Ivaí - PR,2021,115553.596
4122206,Rio Branco do Sul - PR,2021,1375599.077
4122305,Rio Negro - PR,2021,1298354.286
4122404,Rolândia - PR,2021,3574944.697
4122503,Roncador - PR,2021,598091.415
4122602,Rondon - PR,2021,350063.589
4122651,Rosário do Ivaí - PR,2021,129867.926
4122701,Sabáudia - PR,2021,705317.693
4122800,Salgado Filho - PR,2021,124340.658
4122909,Salto do Itararé - PR,2021,103655.531
4123006,Salto do Lontra - PR,2021,529891.174
4123105,Santa Amélia - PR,2021,100856.439
4123204,Santa Cecília do Pavão - PR,2021,153510.076
4123303,Santa Cruz de Monte Castelo - PR,2021,375095.755
4123402,Santa Fé - PR,2021,319673.941
4123501,Santa Helena - PR,2021,1465190.723
4123600,Santa Inês - PR,2021,51485.304
4123709,Santa Isabel do Ivaí - PR,2021,253122.708
4123808,Santa Izabel do Oeste - PR,2021,466992.004
4123824,Santa Lúcia - PR,2021,140108.196
4123857,Santa Maria do Oeste - PR,2021,267309.565
4123907,Santa Mariana - PR,2021,493066.45
4123956,Santa Mônica - PR,2021,91009.448
4124004,Santana do Itararé - PR,2021,171601.241
4124020,Santa Tereza do Oeste - PR,2021,582094.99
4124053,Santa Terezinha de Itaipu - PR,2021,687337.384
4124103,Santo Antônio da Platina - PR,2021,1505597.098
4124202,Santo Antônio do Caiuá - PR,2021,54056.272
4124301,Santo Antônio do Paraíso - PR,2021,106891.728
4124400,Santo Antônio do Sudoeste - PR,2021,648290.483
4124509,Santo Inácio - PR,2021,532112.095
4124608,São Carlos do Ivaí - PR,2021,396026.15
4124707,São Jerônimo da Serra - PR,2021,322890.8
4124806,São João - PR,2021,890618.086
4124905,São João do Caiuá - PR,2021,154592.159
4125001,São João do Ivaí - PR,2021,361196.527
4125100,São João do Triunfo - PR,2021,579555.327
4125209,São Jorge d'Oeste - PR,2021,473334.492
4125308,São Jorge do Ivaí - PR,2021,401315.432
4125357,São Jorge do Patrocínio - PR,2021,145367.402
4125407,São José da Boa Vista - PR,2021,229784.755
4125456,São José das Palmeiras - PR,2021,99024.445
4125506,São José dos Pinhais - PR,2021,27008910.46
4125555,São Manoel do Paraná - PR,2021,62337.796
4125605,São Mateus do Sul - PR,2021,1516857.792
4125704,São Miguel do Iguaçu - PR,2021,1470080.6
4125753,São Pedro do Iguaçu - PR,2021,247153.768
4125803,São Pedro do Ivaí - PR,2021,370121.142
4125902,São Pedro do Paraná - PR,2021,90322.814
4126009,São Sebastião da Amoreira - PR,2021,300151.913
4126108,São Tomé - PR,2021,163463.025
4126207,Sapopema - PR,2021,153879.679
4126256,Sarandi - PR,2021,2072734.634
4126272,Saudade do Iguaçu - PR,2021,786318.103
4126306,Sengés - PR,2021,664789.659
4126355,Serranópolis do Iguaçu - PR,2021,291329.027
4126405,Sertaneja - PR,2021,416451.057
4126504,Sertanópolis - PR,2021,690779.648
4126603,Siqueira Campos - PR,2021,706556.119
4126652,Sulina - PR,2021,158519.504
4126678,Tamarana - PR,2021,391581.275
4126702,Tamboara - PR,2021,126316.066
4126801,Tapejara - PR,2021,496649.622
4126900,Tapira - PR,2021,153423.045
4127007,Teixeira Soares - PR,2021,616404.008
4127106,Telêmaco Borba - PR,2021,4913441.099
4127205,Terra Boa - PR,2021,569416.046
4127304,Terra Rica - PR,2021,376154.902
4127403,Terra Roxa - PR,2021,896105.258
4127502,Tibagi - PR,2021,1440059.82
4127601,Tijucas do Sul - PR,2021,576383.832
4127700,Toledo - PR,2021,7482189.95
4127809,Tomazina - PR,2021,324155.918
4127858,Três Barras do Paraná - PR,2021,435955.6
4127882,Tunas do Paraná - PR,2021,144128.876
4127908,Tuneiras do Oeste - PR,2021,233721.136
4127957,Tupãssi - PR,2021,431426.64
4127965,Turvo - PR,2021,601621.885
4128005,Ubiratã - PR,2021,1713942.145
4128104,Umuarama - PR,2021,4103610.112
4128203,União da Vitória - PR,2021,1959155.034
4128302,Uniflor - PR,2021,99878.239
4128401,Uraí - PR,2021,367845.614
4128500,Wenceslau Braz - PR,2021,711220.509
4128534,Ventania - PR,2021,347602.648
4128559,Vera Cruz do Oeste - PR,2021,341108.333
4128609,Verê - PR,2021,499727.511
4128625,Alto Paraíso - PR,2021,113661.355
4128633,Doutor Ulysses - PR,2021,99207.086
4128658,Virmond - PR,2021,189727.713
4128708,Vitorino - PR,2021,498333.695
4128807,Xambrê - PR,2021,119630.566
4200051,Abdon Batista - SC,2021,75130.849
4200101,Abelardo Luz - SC,2021,785908.066
4200200,Agrolândia - SC,2021,396148.384
4200309,Agronômica - SC,2021,232893.071
4200408,Água Doce - SC,2021,651091.671
4200507,Águas de Chapecó - SC,2021,137706.696
4200556,Águas Frias - SC,2021,163075.085
4200606,Águas Mornas - SC,2021,199589.555
4200705,Alfredo Wagner - SC,2021,336468.535
4200754,Alto Bela Vista - SC,2021,78996.026
4200804,Anchieta - SC,2021,203805.111
4200903,Angelina - SC,2021,174561.296
4201000,Anita Garibaldi - SC,2021,231506.848
4201109,Anitápolis - SC,2021,84567.856
4201208,Antônio Carlos - SC,2021,796530.665
4201257,Apiúna - SC,2021,442459.788
4201273,Arabutã - SC,2021,284413.836
4201307,Araquari - SC,2021,7487999.648
4201406,Araranguá - SC,2021,2385270.069
4201505,Armazém - SC,2021,272105.707
4201604,Arroio Trinta - SC,2021,125952.959
4201653,Arvoredo - SC,2021,203871.883
4201703,Ascurra - SC,2021,244991.08
4201802,Atalanta - SC,2021,125980.531
4201901,Aurora - SC,2021,406918.387
4201950,Balneário Arroio do Silva - SC,2021,221906.845
4202008,Balneário Camboriú - SC,2021,7358668.959
4202057,Balneário Barra do Sul - SC,2021,254639.12
4202073,Balneário Gaivota - SC,2021,216995.498
4202081,Bandeirante - SC,2021,102211.895
4202099,Barra Bonita - SC,2021,52280.698
4202107,Barra Velha - SC,2021,2372445.256
4202131,Bela Vista do Toldo - SC,2021,196847.46
4202156,Belmonte - SC,2021,57652.351
4202206,Benedito Novo - SC,2021,470160.185
4202305,Biguaçu - SC,2021,2670278.406
4202404,Blumenau - SC,2021,20579489.926
4202438,Bocaina do Sul - SC,2021,135898.464
4202453,Bombinhas - SC,2021,877594.115
4202503,Bom Jardim da Serra - SC,2021,371657.948
4202537,Bom Jesus - SC,2021,159057.296
4202578,Bom Jesus do Oeste - SC,2021,73701.571
4202602,Bom Retiro - SC,2021,422363.462
4202701,Botuverá - SC,2021,430641.064
4202800,Braço do Norte - SC,2021,1745016.783
4202859,Braço do Trombudo - SC,2021,250150.765
4202875,Brunópolis - SC,2021,137959.227
4202909,Brusque - SC,2021,8724534.162
4203006,Caçador - SC,2021,4703416.329
4203105,Caibi - SC,2021,316774.558
4203154,Calmon - SC,2021,97691.198
4203204,Camboriú - SC,2021,2242671.529
4203253,Capão Alto - SC,2021,235019.49
4203303,Campo Alegre - SC,2021,699702.975
4203402,Campo Belo do Sul - SC,2021,333024.021
4203501,Campo Erê - SC,2021,437828.568
4203600,Campos Novos - SC,2021,2610346.588
4203709,Canelinha - SC,2021,295662.498
4203808,Canoinhas - SC,2021,2203147.006
4203907,Capinzal - SC,2021,1070739.935
4203956,Capivari de Baixo - SC,2021,1348603.35
4204004,Catanduvas - SC,2021,530880.731
4204103,Caxambu do Sul - SC,2021,164148.108
4204152,Celso Ramos - SC,2021,65903.292
4204178,Cerro Negro - SC,2021,141415.813
4204194,Chapadão do Lageado - SC,2021,97931.662
4204202,Chapecó - SC,2021,13694779.507
4204251,Cocal do Sul - SC,2021,888493.104
4204301,Concórdia - SC,2021,4559829.025
4204350,Cordilheira Alta - SC,2021,434572.746
4204400,Coronel Freitas - SC,2021,381582.577
4204459,Coronel Martins - SC,2021,57378.062
4204509,Corupá - SC,2021,797604.513
4204558,Correia Pinto - SC,2021,591364.311
4204608,Criciúma - SC,2021,10065323.051
4204707,Cunha Porã - SC,2021,927562.198
4204756,Cunhataí - SC,2021,66625.103
4204806,Curitibanos - SC,2021,1875347.794
4204905,Descanso - SC,2021,299005.534
4205001,Dionísio Cerqueira - SC,2021,636297.338
4205100,Dona Emma - SC,2021,165733.246
4205159,Doutor Pedrinho - SC,2021,175716.334
4205175,Entre Rios - SC,2021,60605.602
4205191,Ermo - SC,2021,176552.303
4205209,Erval Velho - SC,2021,183148.747
4205308,Faxinal dos Guedes - SC,2021,758371.392
4205357,Flor do Sertão - SC,2021,64277.694
4205407,Florianópolis - SC,2021,23559946.53
4205431,Formosa do Sul - SC,2021,78636.998
4205456,Forquilhinha - SC,2021,1224547.814
4205506,Fraiburgo - SC,2021,1273658.568
4205555,Frei Rogério - SC,2021,102097.904
4205605,Galvão - SC,2021,99962.901
4205704,Garopaba - SC,2021,773365.453
4205803,Garuva - SC,2021,2033242.159
4205902,Gaspar - SC,2021,4157382.576
4206009,Governador Celso Ramos - SC,2021,449767.859
4206108,Grão-Pará - SC,2021,329165.919
4206207,Gravatal - SC,2021,387303.669
4206306,Guabiruba - SC,2021,1262926.124
4206405,Guaraciaba - SC,2021,454636.503
4206504,Guaramirim - SC,2021,2514409.984
4206603,Guarujá do Sul - SC,2021,202565.371
4206652,Guatambú - SC,2021,354999.366
4206702,Herval d'Oeste - SC,2021,624023.233
4206751,Ibiam - SC,2021,75608.041
4206801,Ibicaré - SC,2021,145417.704
4206900,Ibirama - SC,2021,599218.638
4207007,Içara - SC,2021,3521709.778
4207106,Ilhota - SC,2021,1215355.675
4207205,Imaruí - SC,2021,252843.029
4207304,Imbituba - SC,2021,2502978.422
4207403,Imbuia - SC,2021,260686.901
4207502,Indaial - SC,2021,3675993.288
4207577,Iomerê - SC,2021,227779.969
4207601,Ipira - SC,2021,107134.918
4207650,Iporã do Oeste - SC,2021,381311.08
4207684,Ipuaçu - SC,2021,321242.512
4207700,Ipumirim - SC,2021,465730.067
4207759,Iraceminha - SC,2021,133805.952
4207809,Irani - SC,2021,282689.951
4207858,Irati - SC,2021,56618.622
4207908,Irineópolis - SC,2021,458977.286
4208005,Itá - SC,2021,404731.702
4208104,Itaiópolis - SC,2021,1047674.635
4208203,Itajaí - SC,2021,47757206.618
4208302,Itapema - SC,2021,2889464.364
4208401,Itapiranga - SC,2021,1064833.334
4208450,Itapoá - SC,2021,1688955.169
4208500,Ituporanga - SC,2021,1399717.486
4208609,Jaborá - SC,2021,181353.593
4208708,Jacinto Machado - SC,2021,529784.59
4208807,Jaguaruna - SC,2021,852029.138
4208906,Jaraguá do Sul - SC,2021,12053538.705
4208955,Jardinópolis - SC,2021,67321.491
4209003,Joaçaba - SC,2021,2381233.814
4209102,Joinville - SC,2021,45074734.617
4209151,José Boiteux - SC,2021,130477.132
4209177,Jupiá - SC,2021,88239.748
4209201,Lacerdópolis - SC,2021,137761.05
4209300,Lages - SC,2021,6577420.391
4209409,Laguna - SC,2021,1093923.16
4209458,Lajeado Grande - SC,2021,59138.731
4209508,Laurentino - SC,2021,444804.117
4209607,Lauro Müller - SC,2021,418821.316
4209706,Lebon Régis - SC,2021,416799.839
4209805,Leoberto Leal - SC,2021,119785.227
4209854,Lindóia do Sul - SC,2021,151920.221
4209904,Lontras - SC,2021,466218.077
4210001,Luiz Alves - SC,2021,792774.535
4210035,Luzerna - SC,2021,292995.148
4210050,Macieira - SC,2021,59146.838
4210100,Mafra - SC,2021,2490227.212
4210209,Major Gercino - SC,2021,62143.68
4210308,Major Vieira - SC,2021,300319.059
4210407,Maracajá - SC,2021,273081.312
4210506,Maravilha - SC,2021,1794179.067
4210555,Marema - SC,2021,97311.841
4210605,Massaranduba - SC,2021,751874.012
4210704,Matos Costa - SC,2021,62589.53
4210803,Meleiro - SC,2021,340386.062
4210852,Mirim Doce - SC,2021,89443.905
4210902,Modelo - SC,2021,170305.626
4211009,Mondaí - SC,2021,1089189.108
4211058,Monte Carlo - SC,2021,233427.237
4211108,Monte Castelo - SC,2021,237436.61
4211207,Morro da Fumaça - SC,2021,922591.542
4211256,Morro Grande - SC,2021,145129.597
4211306,Navegantes - SC,2021,6143029.433
4211405,Nova Erechim - SC,2021,248376.626
4211454,Nova Itaberaba - SC,2021,189438.609
4211504,Nova Trento - SC,2021,691558.991
4211603,Nova Veneza - SC,2021,1074610.27
4211652,Novo Horizonte - SC,2021,119843.694
4211702,Orleans - SC,2021,1188043.986
4211751,Otacílio Costa - SC,2021,998100.361
4211801,Ouro - SC,2021,252631.351
4211850,Ouro Verde - SC,2021,137266.498
4211876,Paial - SC,2021,58313.816
4211892,Painel - SC,2021,84940.762
4211900,Palhoça - SC,2021,8210037.213
4212007,Palma Sola - SC,2021,332286.617
4212056,Palmeira - SC,2021,187896.54
4212106,Palmitos - SC,2021,913812.689
4212205,Papanduva - SC,2021,853825.629
4212239,Paraíso - SC,2021,143301.458
4212254,Passo de Torres - SC,2021,237368.224
4212270,Passos Maia - SC,2021,175185.287
4212304,Paulo Lopes - SC,2021,250072.785
4212403,Pedras Grandes - SC,2021,243931.21
4212502,Penha - SC,2021,1037152.613
4212601,Peritiba - SC,2021,120957.018
4212650,Pescaria Brava - SC,2021,119467.627
4212700,Petrolândia - SC,2021,223564.253
4212809,Balneário Piçarras - SC,2021,1513947.496
4212908,Pinhalzinho - SC,2021,1514219.441
4213005,Pinheiro Preto - SC,2021,227281.515
4213104,Piratuba - SC,2021,801158.678
4213153,Planalto Alegre - SC,2021,141935.084
4213203,Pomerode - SC,2021,2806452.879
4213302,Ponte Alta - SC,2021,175776.261
4213351,Ponte Alta do Norte - SC,2021,166641.327
4213401,Ponte Serrada - SC,2021,291075.288
4213500,Porto Belo - SC,2021,1472148.818
4213609,Porto União - SC,2021,1149833.435
4213708,Pouso Redondo - SC,2021,719080.676
4213807,Praia Grande - SC,2021,223278.882
4213906,Presidente Castello Branco - SC,2021,75922.983
4214003,Presidente Getúlio - SC,2021,985125.186
4214102,Presidente Nereu - SC,2021,62744.222
4214151,Princesa - SC,2021,135910.565
4214201,Quilombo - SC,2021,462641.713
4214300,Rancho Queimado - SC,2021,165750.944
4214409,Rio das Antas - SC,2021,288090.395
4214508,Rio do Campo - SC,2021,212940.736
4214607,Rio do Oeste - SC,2021,276135.741
4214706,Rio dos Cedros - SC,2021,475004.798
4214805,Rio do Sul - SC,2021,3690347.019
4214904,Rio Fortuna - SC,2021,302785.144
4215000,Rio Negrinho - SC,2021,1614642.813
4215059,Rio Rufino - SC,2021,70066.429
4215075,Riqueza - SC,2021,147664.822
4215109,Rodeio - SC,2021,390081.08
4215208,Romelândia - SC,2021,111332.805
4215307,Salete - SC,2021,318173.816
4215356,Saltinho - SC,2021,93630.124
4215406,Salto Veloso - SC,2021,266923.34
4215455,Sangão - SC,2021,466691.592
4215505,Santa Cecília - SC,2021,662060.3
4215554,Santa Helena - SC,2021,103612.985
4215604,Santa Rosa de Lima - SC,2021,72830.02
4215653,Santa Rosa do Sul - SC,2021,199093.56
4215679,Santa Terezinha - SC,2021,268987.889
4215687,Santa Terezinha do Progresso - SC,2021,65118.802
4215695,Santiago do Sul - SC,2021,48481.683
4215703,Santo Amaro da Imperatriz - SC,2021,1256506.631
4215752,São Bernardino - SC,2021,88164.024
4215802,São Bento do Sul - SC,2021,4697510.537
4215901,São Bonifácio - SC,2021,112431.565
4216008,São Carlos - SC,2021,520825.076
4216057,São Cristóvão do Sul - SC,2021,219812.268
4216107,São Domingos - SC,2021,450004.216
4216206,São Francisco do Sul - SC,2021,8516614.709
4216255,São João do Oeste - SC,2021,353230.205
4216305,São João Batista - SC,2021,1029818.998
4216354,São João do Itaperiú - SC,2021,338152.428
4216404,São João do Sul - SC,2021,282920.264
4216503,São Joaquim - SC,2021,1133377.656
4216602,São José - SC,2021,13840194.7
4216701,São José do Cedro - SC,2021,568199.725
4216800,São José do Cerrito - SC,2021,318823.866
4216909,São Lourenço do Oeste - SC,2021,1389520.744
4217006,São Ludgero - SC,2021,929265.153
4217105,São Martinho - SC,2021,109265.51
4217154,São Miguel da Boa Vista - SC,2021,50299.691
4217204,São Miguel do Oeste - SC,2021,2174479.84
4217253,São Pedro de Alcântara - SC,2021,101139.775
4217303,Saudades - SC,2021,527168.233
4217402,Schroeder - SC,2021,759499.228
4217501,Seara - SC,2021,1178643.916
4217550,Serra Alta - SC,2021,118038.145
4217600,Siderópolis - SC,2021,679557.005
4217709,Sombrio - SC,2021,910385.849
4217758,Sul Brasil - SC,2021,83394.824
4217808,Taió - SC,2021,844678.391
4217907,Tangará - SC,2021,600872.17
4217956,Tigrinhos - SC,2021,65553.687
4218004,Tijucas - SC,2021,2438156.377
4218103,Timbé do Sul - SC,2021,154884.569
4218202,Timbó - SC,2021,2534741.041
4218251,Timbó Grande - SC,2021,303296.122
4218301,Três Barras - SC,2021,1522852.302
4218350,Treviso - SC,2021,232256.933
4218400,Treze de Maio - SC,2021,199732.0
4218509,Treze Tílias - SC,2021,829531.908
4218608,Trombudo Central - SC,2021,437964.649
4218707,Tubarão - SC,2021,4817595.577
4218756,Tunápolis - SC,2021,182315.835
4218806,Turvo - SC,2021,737916.019
4218855,União do Oeste - SC,2021,85131.946
4218905,Urubici - SC,2021,356315.297
4218954,Urupema - SC,2021,88458.9
4219002,Urussanga - SC,2021,1087691.42
4219101,Vargeão - SC,2021,201009.745
4219150,Vargem - SC,2021,116146.444
4219176,Vargem Bonita - SC,2021,539920.021
4219200,Vidal Ramos - SC,2021,354849.28
4219309,Videira - SC,2021,3456102.14
4219358,Vitor Meireles - SC,2021,142287.674
4219408,Witmarsum - SC,2021,175207.745
4219507,Xanxerê - SC,2021,2639976.938
4219606,Xavantina - SC,2021,211879.818
4219705,Xaxim - SC,2021,1471922.481
4219853,Zortéa - SC,2021,103656.515
4220000,Balneário Rincão - SC,2021,294751.343
4300034,Aceguá - RS,2021,458226.355
4300059,Água Santa - RS,2021,547412.925
4300109,Agudo - RS,2021,667876.901
4300208,Ajuricaba - RS,2021,521060.49
4300307,Alecrim - RS,2021,162073.239
4300406,Alegrete - RS,2021,3079885.857
4300455,Alegria - RS,2021,156623.193
4300471,Almirante Tamandaré do Sul - RS,2021,276411.847
4300505,Alpestre - RS,2021,196383.735
4300554,Alto Alegre - RS,2021,106141.567
4300570,Alto Feliz - RS,2021,161548.892
4300604,Alvorada - RS,2021,3302273.337
4300638,Amaral Ferrador - RS,2021,147633.404
4300646,Ametista do Sul - RS,2021,177771.981
4300661,André da Rocha - RS,2021,193089.736
4300703,Anta Gorda - RS,2021,322292.755
4300802,Antônio Prado - RS,2021,797512.764
4300851,Arambaré - RS,2021,285089.122
4300877,Araricá - RS,2021,236432.38
4300901,Aratiba - RS,2021,946971.906
4301008,Arroio do Meio - RS,2021,1536560.062
4301057,Arroio do Sal - RS,2021,285580.398
4301073,Arroio do Padre - RS,2021,76784.699
4301107,Arroio dos Ratos - RS,2021,357347.875
4301206,Arroio do Tigre - RS,2021,429273.362
4301305,Arroio Grande - RS,2021,1131511.845
4301404,Arvorezinha - RS,2021,336248.132
4301503,Augusto Pestana - RS,2021,504184.31
4301552,Áurea - RS,2021,163439.24
4301602,Bagé - RS,2021,3748436.997
4301636,Balneário Pinhal - RS,2021,312094.778
4301651,Barão - RS,2021,308102.42
4301701,Barão de Cotegipe - RS,2021,341673.55
4301750,Barão do Triunfo - RS,2021,142319.419
4301800,Barracão - RS,2021,317084.779
4301859,Barra do Guarita - RS,2021,56811.54
4301875,Barra do Quaraí - RS,2021,386182.598
4301909,Barra do Ribeiro - RS,2021,507428.189
4301925,Barra do Rio Azul - RS,2021,80747.795
4301958,Barra Funda - RS,2021,165030.035
4302006,Barros Cassal - RS,2021,244514.468
4302055,Benjamin Constant do Sul - RS,2021,49313.673
4302105,Bento Gonçalves - RS,2021,7498525.294
4302154,Boa Vista das Missões - RS,2021,238521.958
4302204,Boa Vista do Buricá - RS,2021,326886.614
4302220,Boa Vista do Cadeado - RS,2021,468751.666
4302238,Boa Vista do Incra - RS,2021,384173.957
4302253,Boa Vista do Sul - RS,2021,120127.489
4302303,Bom Jesus - RS,2021,613624.298
4302352,Bom Princípio - RS,2021,906595.961
4302378,Bom Progresso - RS,2021,86280.406
4302402,Bom Retiro do Sul - RS,2021,403056.098
4302451,Boqueirão do Leão - RS,2021,150394.643
4302501,Bossoroca - RS,2021,490599.017
4302584,Bozano - RS,2021,227410.127
4302600,Braga - RS,2021,130948.737
4302659,Brochier - RS,2021,117700.928
4302709,Butiá - RS,2021,543350.848
4302808,Caçapava do Sul - RS,2021,1122673.641
4302907,Cacequi - RS,2021,623088.146
4303004,Cachoeira do Sul - RS,2021,3542706.333
4303103,Cachoeirinha - RS,2021,6458503.943
4303202,Cacique Doble - RS,2021,169235.943
4303301,Caibaté - RS,2021,264916.499
4303400,Caiçara - RS,2021,149121.997
4303509,Camaquã - RS,2021,2723674.452
4303558,Camargo - RS,2021,520482.605
4303608,Cambará do Sul - RS,2021,242578.337
4303673,Campestre da Serra - RS,2021,204703.304
4303707,Campina das Missões - RS,2021,239169.628
4303806,Campinas do Sul - RS,2021,399404.256
4303905,Campo Bom - RS,2021,3600083.042
4304002,Campo Novo - RS,2021,325739.678
4304101,Campos Borges - RS,2021,150033.64
4304200,Candelária - RS,2021,1078190.999
4304309,Cândido Godói - RS,2021,358437.798
4304358,Candiota - RS,2021,2744010.195
4304408,Canela - RS,2021,1595265.167
4304507,Canguçu - RS,2021,1660011.425
4304606,Canoas - RS,2021,21995417.891
4304614,Canudos do Vale - RS,2021,67987.692
4304622,Capão Bonito do Sul - RS,2021,342053.357
4304630,Capão da Canoa - RS,2021,1966028.128
4304655,Capão do Cipó - RS,2021,644965.498
4304663,Capão do Leão - RS,2021,830088.424
4304671,Capivari do Sul - RS,2021,386833.547
4304689,Capela de Santana - RS,2021,298587.995
4304697,Capitão - RS,2021,95379.058
4304705,Carazinho - RS,2021,3846857.51
4304713,Caraá - RS,2021,165660.85
4304804,Carlos Barbosa - RS,2021,3529584.152
4304853,Carlos Gomes - RS,2021,70447.289
4304903,Casca - RS,2021,717921.359
4304952,Caseiros - RS,2021,199197.079
4305009,Catuípe - RS,2021,638111.603
4305108,Caxias do Sul - RS,2021,31688551.69
4305116,Centenário - RS,2021,120778.779
4305124,Cerrito - RS,2021,161328.242
4305132,Cerro Branco - RS,2021,90159.336
4305157,Cerro Grande - RS,2021,74182.326
4305173,Cerro Grande do Sul - RS,2021,203184.44
4305207,Cerro Largo - RS,2021,796777.353
4305306,Chapada - RS,2021,741827.744
4305355,Charqueadas - RS,2021,1736982.796
4305371,Charrua - RS,2021,149351.766
4305405,Chiapetta - RS,2021,388836.373
4305439,Chuí - RS,2021,370302.672
4305447,Chuvisca - RS,2021,129740.739
4305454,Cidreira - RS,2021,362063.294
4305504,Ciríaco - RS,2021,264361.122
4305587,Colinas - RS,2021,87209.73
4305603,Colorado - RS,2021,338157.962
4305702,Condor - RS,2021,624707.056
4305801,Constantina - RS,2021,432349.568
4305835,Coqueiro Baixo - RS,2021,52163.969
4305850,Coqueiros do Sul - RS,2021,190144.917
4305871,Coronel Barros - RS,2021,226126.29
4305900,Coronel Bicaco - RS,2021,515154.268
4305934,Coronel Pilar - RS,2021,49059.731
4305959,Cotiporã - RS,2021,167928.673
4305975,Coxilha - RS,2021,422465.072
4306007,Crissiumal - RS,2021,508978.591
4306056,Cristal - RS,2021,308908.082
4306072,Cristal do Sul - RS,2021,94741.385
4306106,Cruz Alta - RS,2021,4609396.587
4306130,Cruzaltense - RS,2021,144764.246
4306205,Cruzeiro do Sul - RS,2021,533004.442
4306304,David Canabarro - RS,2021,229363.65
4306320,Derrubadas - RS,2021,148407.867
4306353,Dezesseis de Novembro - RS,2021,57174.927
4306379,Dilermando de Aguiar - RS,2021,267902.11
4306403,Dois Irmãos - RS,2021,2188545.43
4306429,Dois Irmãos das Missões - RS,2021,199195.051
4306452,Dois Lajeados - RS,2021,172601.617
4306502,Dom Feliciano - RS,2021,356859.868
4306551,Dom Pedro de Alcântara - RS,2021,65533.689
4306601,Dom Pedrito - RS,2021,2210948.446
4306700,Dona Francisca - RS,2021,106596.454
4306734,Doutor Maurício Cardoso - RS,2021,260796.991
4306759,Doutor Ricardo - RS,2021,78890.781
4306767,Eldorado do Sul - RS,2021,2120268.87
4306809,Encantado - RS,2021,1168357.678
4306908,Encruzilhada do Sul - RS,2021,1080948.656
4306924,Engenho Velho - RS,2021,73214.261
4306932,Entre-Ijuís - RS,2021,687578.061
4306957,Entre Rios do Sul - RS,2021,207517.071
4306973,Erebango - RS,2021,180479.152
4307005,Erechim - RS,2021,6882629.057
4307054,Ernestina - RS,2021,265549.33
4307104,Herval - RS,2021,253607.506
4307203,Erval Grande - RS,2021,150883.195
4307302,Erval Seco - RS,2021,353968.247
4307401,Esmeralda - RS,2021,392860.08
4307450,Esperança do Sul - RS,2021,116731.453
4307500,Espumoso - RS,2021,1113105.663
4307559,Estação - RS,2021,350708.237
4307609,Estância Velha - RS,2021,1875498.487
4307708,Esteio - RS,2021,3749900.46
4307807,Estrela - RS,2021,2171447.255
4307815,Estrela Velha - RS,2021,197415.205
4307831,Eugênio de Castro - RS,2021,405443.863
4307864,Fagundes Varela - RS,2021,197919.259
4307906,Farroupilha - RS,2021,4398457.494
4308003,Faxinal do Soturno - RS,2021,270105.956
4308052,Faxinalzinho - RS,2021,103166.464
4308078,Fazenda Vilanova - RS,2021,140823.742
4308102,Feliz - RS,2021,589354.788
4308201,Flores da Cunha - RS,2021,2538141.763
4308250,Floriano Peixoto - RS,2021,103059.087
4308300,Fontoura Xavier - RS,2021,227470.055
4308409,Formigueiro - RS,2021,302800.503
4308433,Forquetinha - RS,2021,58939.919
4308458,Fortaleza dos Valos - RS,2021,564772.879
4308508,Frederico Westphalen - RS,2021,1430610.907
4308607,Garibaldi - RS,2021,2997968.987
4308656,Garruchos - RS,2021,200967.158
4308706,Gaurama - RS,2021,282772.69
4308805,General Câmara - RS,2021,276374.035
4308854,Gentil - RS,2021,190648.254
4308904,Getúlio Vargas - RS,2021,793664.01
4309001,Giruá - RS,2021,1202945.141
4309050,Glorinha - RS,2021,461887.61
4309100,Gramado - RS,2021,2658033.852
4309126,Gramado dos Loureiros - RS,2021,94579.68
4309159,Gramado Xavier - RS,2021,109482.549
4309209,Gravataí - RS,2021,10261655.797
4309258,Guabiju - RS,2021,132787.951
4309308,Guaíba - RS,2021,8284825.478
4309407,Guaporé - RS,2021,1149054.946
4309506,Guarani das Missões - RS,2021,362624.685
4309555,Harmonia - RS,2021,245497.391
4309571,Herveiras - RS,2021,71143.122
4309605,Horizontina - RS,2021,2608198.333
4309654,Hulha Negra - RS,2021,314488.195
4309704,Humaitá - RS,2021,229248.974
4309753,Ibarama - RS,2021,112227.259
4309803,Ibiaçá - RS,2021,367295.169
4309902,Ibiraiaras - RS,2021,399692.523
4309951,Ibirapuitã - RS,2021,213522.468
4310009,Ibirubá - RS,2021,1722057.075
4310108,Igrejinha - RS,2021,1888887.333
4310207,Ijuí - RS,2021,5190405.144
4310306,Ilópolis - RS,2021,140570.202
4310330,Imbé - RS,2021,626822.788
4310363,Imigrante - RS,2021,519189.71
4310405,Independência - RS,2021,494165.875
4310413,Inhacorá - RS,2021,110556.688
4310439,Ipê - RS,2021,298582.796
4310462,Ipiranga do Sul - RS,2021,177628.988
4310504,Iraí - RS,2021,254492.118
4310538,Itaara - RS,2021,286659.228
4310553,Itacurubi - RS,2021,246286.552
4310579,Itapuca - RS,2021,94234.684
4310603,Itaqui - RS,2021,2186928.783
4310652,Itati - RS,2021,86738.63
4310702,Itatiba do Sul - RS,2021,81707.352
4310751,Ivorá - RS,2021,71911.272
4310801,Ivoti - RS,2021,1180386.953
4310850,Jaboticaba - RS,2021,136729.808
4310876,Jacuizinho - RS,2021,224026.966
4310900,Jacutinga - RS,2021,232300.833
4311007,Jaguarão - RS,2021,1059396.276
4311106,Jaguari - RS,2021,378020.116
4311122,Jaquirana - RS,2021,94041.661
4311130,Jari - RS,2021,469005.939
4311155,Jóia - RS,2021,975409.574
4311205,Júlio de Castilhos - RS,2021,1925175.31
4311239,Lagoa Bonita do Sul - RS,2021,68915.543
4311254,Lagoão - RS,2021,154690.477
4311270,Lagoa dos Três Cantos - RS,2021,157140.1
4311304,Lagoa Vermelha - RS,2021,1513404.145
4311403,Lajeado - RS,2021,5596182.875
4311429,Lajeado do Bugre - RS,2021,74875.079
4311502,Lavras do Sul - RS,2021,497628.613
4311601,Liberato Salzano - RS,2021,172443.483
4311627,Lindolfo Collor - RS,2021,365849.514
4311643,Linha Nova - RS,2021,65579.42
4311700,Machadinho - RS,2021,272824.173
4311718,Maçambará - RS,2021,582042.535
4311734,Mampituba - RS,2021,70214.236
4311759,Manoel Viana - RS,2021,546972.463
4311775,Maquiné - RS,2021,190484.311
4311791,Maratá - RS,2021,80817.415
4311809,Marau - RS,2021,3060022.14
4311908,Marcelino Ramos - RS,2021,167824.965
4311981,Mariana Pimentel - RS,2021,104496.157
4312005,Mariano Moro - RS,2021,72887.986
4312054,Marques de Souza - RS,2021,124135.324
4312104,Mata - RS,2021,169006.469
4312138,Mato Castelhano - RS,2021,168254.86
4312153,Mato Leitão - RS,2021,180537.064
4312179,Mato Queimado - RS,2021,88446.376
4312203,Maximiliano de Almeida - RS,2021,161123.342
4312252,Minas do Leão - RS,2021,279177.366
4312302,Miraguaí - RS,2021,190386.336
4312351,Montauri - RS,2021,98137.833
4312377,Monte Alegre dos Campos - RS,2021,109729.989
4312385,Monte Belo do Sul - RS,2021,94435.146
4312401,Montenegro - RS,2021,5752344.64
4312427,Mormaço - RS,2021,153333.932
4312443,Morrinhos do Sul - RS,2021,81465.793
4312450,Morro Redondo - RS,2021,132444.65
4312476,Morro Reuter - RS,2021,274167.428
4312500,Mostardas - RS,2021,643325.586
4312609,Muçum - RS,2021,301851.969
4312617,Muitos Capões - RS,2021,1122085.559
4312625,Muliterno - RS,2021,91988.394
4312658,Não-Me-Toque - RS,2021,2207534.783
4312674,Nicolau Vergueiro - RS,2021,146251.896
4312708,Nonoai - RS,2021,525506.508
4312757,Nova Alvorada - RS,2021,236575.421
4312807,Nova Araçá - RS,2021,327226.422
4312906,Nova Bassano - RS,2021,802207.384
4312955,Nova Boa Vista - RS,2021,145342.946
4313003,Nova Bréscia - RS,2021,141144.092
4313011,Nova Candelária - RS,2021,229431.453
4313037,Nova Esperança do Sul - RS,2021,172365.831
4313060,Nova Hartz - RS,2021,805697.885
4313086,Nova Pádua - RS,2021,100211.425
4313102,Nova Palma - RS,2021,382688.782
4313201,Nova Petrópolis - RS,2021,972688.767
4313300,Nova Prata - RS,2021,1730043.315
4313334,Nova Ramada - RS,2021,304678.132
4313359,Nova Roma do Sul - RS,2021,169305.176
4313375,Nova Santa Rita - RS,2021,2487522.375
4313391,Novo Cabrais - RS,2021,133171.676
4313409,Novo Hamburgo - RS,2021,10037922.921
4313425,Novo Machado - RS,2021,186354.643
4313441,Novo Tiradentes - RS,2021,74728.666
4313466,Novo Xingu - RS,2021,75033.685
4313490,Novo Barreiro - RS,2021,135200.085
4313508,Osório - RS,2021,1819038.27
4313607,Paim Filho - RS,2021,167645.571
4313656,Palmares do Sul - RS,2021,735606.463
4313706,Palmeira das Missões - RS,2021,2215056.907
4313805,Palmitinho - RS,2021,271642.607
4313904,Panambi - RS,2021,3167751.973
4313953,Pantano Grande - RS,2021,533689.393
4314001,Paraí - RS,2021,424446.847
4314027,Paraíso do Sul - RS,2021,207385.922
4314035,Pareci Novo - RS,2021,136434.855
4314050,Parobé - RS,2021,1390320.469
4314068,Passa Sete - RS,2021,132983.397
4314076,Passo do Sobrado - RS,2021,229641.338
4314100,Passo Fundo - RS,2021,12552866.647
4314134,Paulo Bento - RS,2021,195870.201
4314159,Paverama - RS,2021,242457.974
4314175,Pedras Altas - RS,2021,386190.228
4314209,Pedro Osório - RS,2021,270651.352
4314308,Pejuçara - RS,2021,464212.34
4314407,Pelotas - RS,2021,10778176.433
4314423,Picada Café - RS,2021,386452.843
4314456,Pinhal - RS,2021,123341.742
4314464,Pinhal da Serra - RS,2021,304724.814
4314472,Pinhal Grande - RS,2021,931834.039
4314498,Pinheirinho do Vale - RS,2021,131548.7
4314506,Pinheiro Machado - RS,2021,397725.54
4314548,Pinto Bandeira - RS,2021,74285.516
4314555,Pirapó - RS,2021,94671.544
4314605,Piratini - RS,2021,880277.054
4314704,Planalto - RS,2021,252508.19
4314753,Poço das Antas - RS,2021,131757.135
4314779,Pontão - RS,2021,403317.288
4314787,Ponte Preta - RS,2021,96048.857
4314803,Portão - RS,2021,1662403.405
4314902,Porto Alegre - RS,2021,81563063.461
4315008,Porto Lucena - RS,2021,135662.02
4315057,Porto Mauá - RS,2021,89350.093
4315073,Porto Vera Cruz - RS,2021,45212.119
4315107,Porto Xavier - RS,2021,210927.252
4315131,Pouso Novo - RS,2021,61420.195
4315149,Presidente Lucena - RS,2021,213813.066
4315156,Progresso - RS,2021,166517.474
4315172,Protásio Alves - RS,2021,93263.32
4315206,Putinga - RS,2021,133442.659
4315305,Quaraí - RS,2021,625752.379
4315313,Quatro Irmãos - RS,2021,185963.125
4315321,Quevedos - RS,2021,299303.714
4315354,Quinze de Novembro - RS,2021,255121.101
4315404,Redentora - RS,2021,232904.289
4315453,Relvado - RS,2021,82687.271
4315503,Restinga Sêca - RS,2021,673422.787
4315552,Rio dos Índios - RS,2021,136485.517
4315602,Rio Grande - RS,2021,13282201.438
4315701,Rio Pardo - RS,2021,1390524.912
4315750,Riozinho - RS,2021,155849.301
4315800,Roca Sales - RS,2021,576083.233
4315909,Rodeio Bonito - RS,2021,279279.531
4315958,Rolador - RS,2021,161913.636
4316006,Rolante - RS,2021,731610.966
4316105,Ronda Alta - RS,2021,471553.637
4316204,Rondinha - RS,2021,268874.423
4316303,Roque Gonzales - RS,2021,437026.241
4316402,Rosário do Sul - RS,2021,1381975.671
4316428,Sagrada Família - RS,2021,82616.031
4316436,Saldanha Marinho - RS,2021,254248.495
4316451,Salto do Jacuí - RS,2021,1213457.71
4316477,Salvador das Missões - RS,2021,178469.506
4316501,Salvador do Sul - RS,2021,337662.858
4316600,Sananduva - RS,2021,843826.291
4316709,Santa Bárbara do Sul - RS,2021,1336030.058
4316733,Santa Cecília do Sul - RS,2021,143880.074
4316758,Santa Clara do Sul - RS,2021,339107.076
4316808,Santa Cruz do Sul - RS,2021,9815200.528
4316907,Santa Maria - RS,2021,9562065.76
4316956,Santa Maria do Herval - RS,2021,279409.025
4316972,Santa Margarida do Sul - RS,2021,361015.792
4317004,Santana da Boa Vista - RS,2021,364901.024
4317103,Sant'Ana do Livramento - RS,2021,2823927.505
4317202,Santa Rosa - RS,2021,3732053.349
4317251,Santa Tereza - RS,2021,49851.093
4317301,Santa Vitória do Palmar - RS,2021,1755631.465
4317400,Santiago - RS,2021,2021450.931
4317509,Santo Ângelo - RS,2021,3180273.497
4317558,Santo Antônio do Palma - RS,2021,119797.325
4317608,Santo Antônio da Patrulha - RS,2021,1680504.515
4317707,Santo Antônio das Missões - RS,2021,673946.023
4317756,Santo Antônio do Planalto - RS,2021,189469.866
4317806,Santo Augusto - RS,2021,848438.805
4317905,Santo Cristo - RS,2021,784070.634
4317954,Santo Expedito do Sul - RS,2021,128953.434
4318002,São Borja - RS,2021,2570766.452
4318051,São Domingos do Sul - RS,2021,123436.188
4318101,São Francisco de Assis - RS,2021,804123.538
4318200,São Francisco de Paula - RS,2021,1026517.633
4318309,São Gabriel - RS,2021,2723192.851
4318408,São Jerônimo - RS,2021,667014.089
4318424,São João da Urtiga - RS,2021,184149.401
4318432,São João do Polêsine - RS,2021,104817.588
4318440,São Jorge - RS,2021,133331.46
4318457,São José das Missões - RS,2021,93351.402
4318465,São José do Herval - RS,2021,59112.891
4318481,São José do Hortêncio - RS,2021,117866.32
4318499,São José do Inhacorá - RS,2021,183794.024
4318507,São José do Norte - RS,2021,792704.131
4318606,São José do Ouro - RS,2021,463017.948
4318614,São José do Sul - RS,2021,94019.297
4318622,São José dos Ausentes - RS,2021,155632.438
4318705,São Leopoldo - RS,2021,10855414.196
4318804,São Lourenço do Sul - RS,2021,1701071.096
4318903,São Luiz Gonzaga - RS,2021,1903782.677
4319000,São Marcos - RS,2021,1145393.172
4319109,São Martinho - RS,2021,354029.704
4319125,São Martinho da Serra - RS,2021,336099.765
4319158,São Miguel das Missões - RS,2021,867930.023
4319208,São Nicolau - RS,2021,228046.547
4319307,São Paulo das Missões - RS,2021,200548.895
4319356,São Pedro da Serra - RS,2021,113228.481
4319364,São Pedro das Missões - RS,2021,114178.451
4319372,São Pedro do Butiá - RS,2021,161664.594
4319406,São Pedro do Sul - RS,2021,532258.126
4319505,São Sebastião do Caí - RS,2021,899461.375
4319604,São Sepé - RS,2021,1331321.195
4319703,São Valentim - RS,2021,135540.82
4319711,São Valentim do Sul - RS,2021,95576.034
4319737,São Valério do Sul - RS,2021,90429.573
4319752,São Vendelino - RS,2021,95747.93
4319802,São Vicente do Sul - RS,2021,730554.837
4319901,Sapiranga - RS,2021,3615599.007
4320008,Sapucaia do Sul - RS,2021,4204086.389
4320107,Sarandi - RS,2021,1299139.021
4320206,Seberi - RS,2021,617245.447
4320230,Sede Nova - RS,2021,157534.955
4320263,Segredo - RS,2021,163088.173
4320305,Selbach - RS,2021,375174.279
4320321,Senador Salgado Filho - RS,2021,149059.603
4320354,Sentinela do Sul - RS,2021,136267.289
4320404,Serafina Corrêa - RS,2021,782302.678
4320453,Sério - RS,2021,59571.578
4320503,Sertão - RS,2021,534503.189
4320552,Sertão Santana - RS,2021,314767.751
4320578,Sete de Setembro - RS,2021,105651.704
4320602,Severiano de Almeida - RS,2021,149413.809
4320651,Silveira Martins - RS,2021,86630.915
4320677,Sinimbu - RS,2021,213481.977
4320701,Sobradinho - RS,2021,438643.874
4320800,Soledade - RS,2021,1405196.472
4320859,Tabaí - RS,2021,142086.634
4320909,Tapejara - RS,2021,1644547.577
4321006,Tapera - RS,2021,640274.997
4321105,Tapes - RS,2021,603914.039
4321204,Taquara - RS,2021,1568879.819
4321303,Taquari - RS,2021,1094083.427
4321329,Taquaruçu do Sul - RS,2021,188857.718
4321352,Tavares - RS,2021,124254.218
4321402,Tenente Portela - RS,2021,579215.207
4321436,Terra de Areia - RS,2021,291340.236
4321451,Teutônia - RS,2021,1576010.97
4321469,Tio Hugo - RS,2021,174783.916
4321477,Tiradentes do Sul - RS,2021,196242.688
4321493,Toropi - RS,2021,101333.696
4321501,Torres - RS,2021,1382106.936
4321600,Tramandaí - RS,2021,1234555.638
4321626,Travesseiro - RS,2021,78087.622
4321634,Três Arroios - RS,2021,141196.66
4321667,Três Cachoeiras - RS,2021,308569.617
4321709,Três Coroas - RS,2021,805149.122
4321808,Três de Maio - RS,2021,1353675.659
4321832,Três Forquilhas - RS,2021,64219.229
4321857,Três Palmeiras - RS,2021,178529.898
4321907,Três Passos - RS,2021,1033033.997
4321956,Trindade do Sul - RS,2021,351370.562
4322004,Triunfo - RS,2021,12982403.916
4322103,Tucunduva - RS,2021,259331.502
4322152,Tunas - RS,2021,120844.574
4322186,Tupanci do Sul - RS,2021,94727.582
4322202,Tupanciretã - RS,2021,2052014.726
4322251,Tupandi - RS,2021,533593.469
4322301,Tuparendi - RS,2021,383534.613
4322327,Turuçu - RS,2021,163727.492
4322343,Ubiretama - RS,2021,110732.498
4322350,União da Serra - RS,2021,91173.884
4322376,Unistalda - RS,2021,149067.231
4322400,Uruguaiana - RS,2021,3717112.957
4322509,Vacaria - RS,2021,3245679.024
4322525,Vale Verde - RS,2021,130452.824
4322533,Vale do Sol - RS,2021,272714.173
4322541,Vale Real - RS,2021,198293.989
4322558,Vanini - RS,2021,94776.466
4322608,Venâncio Aires - RS,2021,3732042.12
4322707,Vera Cruz - RS,2021,826721.756
4322806,Veranópolis - RS,2021,1738705.951
4322855,Vespasiano Corrêa - RS,2021,119439.667
4322905,Viadutos - RS,2021,204581.595
4323002,Viamão - RS,2021,4335081.083
4323101,Vicente Dutra - RS,2021,126514.694
4323200,Victor Graeff - RS,2021,295871.559
4323309,Vila Flores - RS,2021,297552.916
4323358,Vila Lângaro - RS,2021,168932.547
4323408,Vila Maria - RS,2021,389406.637
4323457,Vila Nova do Sul - RS,2021,195942.606
4323507,Vista Alegre - RS,2021,137064.206
4323606,Vista Alegre do Prata - RS,2021,85228.829
4323705,Vista Gaúcha - RS,2021,103512.56
4323754,Vitória das Missões - RS,2021,159528.014
4323770,Westfália - RS,2021,264839.915
4323804,Xangri-lá - RS,2021,733160.396
5000203,Água Clara - MS,2021,1211925.182
5000252,Alcinópolis - MS,2021,237904.41
5000609,Amambai - MS,2021,2033694.68
5000708,Anastácio - MS,2021,609913.447
5000807,Anaurilândia - MS,2021,410374.498
5000856,Angélica - MS,2021,883913.46
5000906,Antônio João - MS,2021,866590.014
5001003,Aparecida do Taboado - MS,2021,1660199.249
5001102,Aquidauana - MS,2021,1116844.16
5001243,Aral Moreira - MS,2021,1255600.93
5001508,Bandeirantes - MS,2021,780113.614
5001904,Bataguassu - MS,2021,1055097.238
5002001,Batayporã - MS,2021,603790.351
5002100,Bela Vista - MS,2021,931638.335
5002159,Bodoquena - MS,2021,332560.558
5002209,Bonito - MS,2021,1130066.674
5002308,Brasilândia - MS,2021,833888.844
5002407,Caarapó - MS,2021,1967107.904
5002605,Camapuã - MS,2021,607829.764
5002704,Campo Grande - MS,2021,35187898.694
5002803,Caracol - MS,2021,174648.938
5002902,Cassilândia - MS,2021,712341.401
5002951,Chapadão do Sul - MS,2021,2655074.589
5003108,Corguinho - MS,2021,144629.98
5003157,Coronel Sapucaia - MS,2021,336177.673
5003207,Corumbá - MS,2021,3847164.808
5003256,Costa Rica - MS,2021,2556158.567
5003306,Coxim - MS,2021,1225785.16
5003454,Deodápolis - MS,2021,461295.44
5003488,Dois Irmãos do Buriti - MS,2021,310922.579
5003504,Douradina - MS,2021,214591.531
5003702,Dourados - MS,2021,12300148.81
5003751,Eldorado - MS,2021,524690.873
5003801,Fátima do Sul - MS,2021,699103.137
5003900,Figueirão - MS,2021,142133.312
5004007,Glória de Dourados - MS,2021,280100.74
5004106,Guia Lopes da Laguna - MS,2021,350227.616
5004304,Iguatemi - MS,2021,788190.55
5004403,Inocência - MS,2021,406133.073
5004502,Itaporã - MS,2021,1124125.325
5004601,Itaquiraí - MS,2021,1258878.268
5004700,Ivinhema - MS,2021,1461628.382
5004809,Japorã - MS,2021,165050.279
5004908,Jaraguari - MS,2021,370993.645
5005004,Jardim - MS,2021,930097.641
5005103,Jateí - MS,2021,474839.715
5005152,Juti - MS,2021,483742.575
5005202,Ladário - MS,2021,371027.873
5005251,Laguna Carapã - MS,2021,1097291.727
5005400,Maracaju - MS,2021,4517627.497
5005608,Miranda - MS,2021,631601.903
5005681,Mundo Novo - MS,2021,942239.257
5005707,Naviraí - MS,2021,2901634.701
5005806,Nioaque - MS,2021,447264.968
5006002,Nova Alvorada do Sul - MS,2021,2282707.353
5006200,Nova Andradina - MS,2021,3281854.93
5006259,Novo Horizonte do Sul - MS,2021,279116.891
5006275,Paraíso das Águas - MS,2021,1296593.635
5006309,Paranaíba - MS,2021,1587294.798
5006358,Paranhos - MS,2021,286014.382
5006408,Pedro Gomes - MS,2021,268952.844
5006606,Ponta Porã - MS,2021,4771499.682
5006903,Porto Murtinho - MS,2021,464125.297
5007109,Ribas do Rio Pardo - MS,2021,1965364.416
5007208,Rio Brilhante - MS,2021,3298706.772
5007307,Rio Negro - MS,2021,130213.078
5007406,Rio Verde de Mato Grosso - MS,2021,601958.447
5007505,Rochedo - MS,2021,231963.666
5007554,Santa Rita do Pardo - MS,2021,467080.26
5007695,São Gabriel do Oeste - MS,2021,2185644.211
5007703,Sete Quedas - MS,2021,418189.362
5007802,Selvíria - MS,2021,1721432.233
5007901,Sidrolândia - MS,2021,3327696.301
5007935,Sonora - MS,2021,1024260.939
5007950,Tacuru - MS,2021,313035.055
5007976,Taquarussu - MS,2021,181312.947
5008008,Terenos - MS,2021,717675.216
5008305,Três Lagoas - MS,2021,11704743.416
5008404,Vicentina - MS,2021,371815.759
5100102,Acorizal - MT,2021,109140.223
5100201,Água Boa - MT,2021,2000534.81
5100250,Alta Floresta - MT,2021,2111630.29
5100300,Alto Araguaia - MT,2021,1172813.645
5100359,Alto Boa Vista - MT,2021,263999.716
5100409,Alto Garças - MT,2021,1197571.995
5100508,Alto Paraguai - MT,2021,166609.592
5100607,Alto Taquari - MT,2021,1295709.939
5100805,Apiacás - MT,2021,233789.589
5101001,Araguaiana - MT,2021,126561.189
5101209,Araguainha - MT,2021,28024.685
5101258,Araputanga - MT,2021,655065.754
5101308,Arenápolis - MT,2021,232216.153
5101407,Aripuanã - MT,2021,1445988.251
5101605,Barão de Melgaço - MT,2021,124583.271
5101704,Barra do Bugres - MT,2021,1568772.1
5101803,Barra do Garças - MT,2021,2578984.296
5101852,Bom Jesus do Araguaia - MT,2021,769105.896
5101902,Brasnorte - MT,2021,2087054.379
5102504,Cáceres - MT,2021,2264298.078
5102603,Campinápolis - MT,2021,437257.83
5102637,Campo Novo do Parecis - MT,2021,6910184.615
5102678,Campo Verde - MT,2021,4992842.447
5102686,Campos de Júlio - MT,2021,3302451.395
5102694,Canabrava do Norte - MT,2021,267164.558
5102702,Canarana - MT,2021,2931363.028
5102793,Carlinda - MT,2021,299341.415
5102850,Castanheira - MT,2021,215078.345
5103007,Chapada dos Guimarães - MT,2021,1214477.817
5103056,Cláudia - MT,2021,1068338.3
5103106,Cocalinho - MT,2021,297647.718
5103205,Colíder - MT,2021,1269285.735
5103254,Colniza - MT,2021,849011.185
5103304,Comodoro - MT,2021,1258117.21
5103353,Confresa - MT,2021,1536915.686
5103361,Conquista D'Oeste - MT,2021,143168.902
5103379,Cotriguaçu - MT,2021,324390.583
5103403,Cuiabá - MT,2021,29743721.917
5103437,Curvelândia - MT,2021,123824.063
5103452,Denise - MT,2021,529572.452
5103502,Diamantino - MT,2021,5746756.34
5103601,Dom Aquino - MT,2021,673288.594
5103700,Feliz Natal - MT,2021,1044833.993
5103809,Figueirópolis D'Oeste - MT,2021,83602.851
5103858,Gaúcha do Norte - MT,2021,1290849.503
5103908,General Carneiro - MT,2021,481705.34
5103957,Glória D'Oeste - MT,2021,89215.027
5104104,Guarantã do Norte - MT,2021,1099091.891
5104203,Guiratinga - MT,2021,727106.516
5104500,Indiavaí - MT,2021,103575.558
5104526,Ipiranga do Norte - MT,2021,1924820.841
5104542,Itanhangá - MT,2021,721419.519
5104559,Itaúba - MT,2021,418990.405
5104609,Itiquira - MT,2021,2144680.075
5104807,Jaciara - MT,2021,1197725.423
5104906,Jangada - MT,2021,188751.905
5105002,Jauru - MT,2021,348767.341
5105101,Juara - MT,2021,1365472.563
5105150,Juína - MT,2021,1332790.406
5105176,Juruena - MT,2021,297859.063
5105200,Juscimeira - MT,2021,528595.082
5105234,Lambari D'Oeste - MT,2021,244948.227
5105259,Lucas do Rio Verde - MT,2021,6891172.469
5105309,Luciara - MT,2021,41158.019
5105507,Vila Bela da Santíssima Trindade - MT,2021,639026.795
5105580,Marcelândia - MT,2021,674525.304
5105606,Matupá - MT,2021,1282799.801
5105622,Mirassol d'Oeste - MT,2021,835565.983
5105903,Nobres - MT,2021,1114841.77
5106000,Nortelândia - MT,2021,325635.0
5106109,Nossa Senhora do Livramento - MT,2021,387788.336
5106158,Nova Bandeirantes - MT,2021,343301.829
5106174,Nova Nazaré - MT,2021,140562.206
5106182,Nova Lacerda - MT,2021,445567.912
5106190,Nova Santa Helena - MT,2021,333225.534
5106208,Nova Brasilândia - MT,2021,109109.848
5106216,Nova Canaã do Norte - MT,2021,909100.546
5106224,Nova Mutum - MT,2021,6036492.186
5106232,Nova Olímpia - MT,2021,732047.352
5106240,Nova Ubiratã - MT,2021,3270099.963
5106257,Nova Xavantina - MT,2021,1033179.781
5106265,Novo Mundo - MT,2021,486221.653
5106273,Novo Horizonte do Norte - MT,2021,101475.981
5106281,Novo São Joaquim - MT,2021,862982.632
5106299,Paranaíta - MT,2021,796133.555
5106307,Paranatinga - MT,2021,2135754.915
5106315,Novo Santo Antônio - MT,2021,56622.058
5106372,Pedra Preta - MT,2021,1575720.303
5106422,Peixoto de Azevedo - MT,2021,918432.461
5106455,Planalto da Serra - MT,2021,231865.44
5106505,Poconé - MT,2021,709415.434
5106653,Pontal do Araguaia - MT,2021,123202.761
5106703,Ponte Branca - MT,2021,31216.866
5106752,Pontes e Lacerda - MT,2021,2436062.511
5106778,Porto Alegre do Norte - MT,2021,568643.737
5106802,Porto dos Gaúchos - MT,2021,1318753.153
5106828,Porto Esperidião - MT,2021,308567.47
5106851,Porto Estrela - MT,2021,83532.198
5107008,Poxoréu - MT,2021,1077680.398
5107040,Primavera do Leste - MT,2021,6964815.486
5107065,Querência - MT,2021,4259260.961
5107107,São José dos Quatro Marcos - MT,2021,448461.8
5107156,Reserva do Cabaçal - MT,2021,47445.862
5107180,Ribeirão Cascalheira - MT,2021,756775.901
5107198,Ribeirãozinho - MT,2021,188967.532
5107206,Rio Branco - MT,2021,107188.296
5107248,Santa Carmem - MT,2021,1032284.899
5107263,Santo Afonso - MT,2021,161534.116
5107297,São José do Povo - MT,2021,58942.212
5107305,São José do Rio Claro - MT,2021,1465535.91
5107354,São José do Xingu - MT,2021,934646.094
5107404,São Pedro da Cipa - MT,2021,69262.639
5107578,Rondolândia - MT,2021,114345.462
5107602,Rondonópolis - MT,2021,17294385.665
5107701,Rosário Oeste - MT,2021,534979.064
5107743,Santa Cruz do Xingu - MT,2021,320545.789
5107750,Salto do Céu - MT,2021,94294.296
5107768,Santa Rita do Trivelato - MT,2021,1236019.042
5107776,Santa Terezinha - MT,2021,300548.532
5107792,Santo Antônio do Leste - MT,2021,1019937.728
5107800,Santo Antônio de Leverger - MT,2021,820042.04
5107859,São Félix do Araguaia - MT,2021,1622829.696
5107875,Sapezal - MT,2021,6978522.133
5107883,Serra Nova Dourada - MT,2021,75359.497
5107909,Sinop - MT,2021,9623193.063
5107925,Sorriso - MT,2021,12522102.139
5107941,Tabaporã - MT,2021,1319769.912
5107958,Tangará da Serra - MT,2021,5584811.937
5108006,Tapurah - MT,2021,2007622.954
5108055,Terra Nova do Norte - MT,2021,502243.067
5108105,Tesouro - MT,2021,312770.102
5108204,Torixoréu - MT,2021,211334.119
5108303,União do Sul - MT,2021,504201.832
5108352,Vale de São Domingos - MT,2021,77127.743
5108402,Várzea Grande - MT,2021,9916032.198
5108501,Vera - MT,2021,1291884.467
5108600,Vila Rica - MT,2021,879111.703
5108808,Nova Guarita - MT,2021,167409.607
5108857,Nova Marilândia - MT,2021,422820.351
5108907,Nova Maringá - MT,2021,1204704.173
5108956,Nova Monte Verde - MT,2021,367192.946
5200050,Abadia de Goiás - GO,2021,353748.126
5200100,Abadiânia - GO,2021,445368.652
5200134,Acreúna - GO,2021,1051903.257
5200159,Adelândia - GO,2021,48809.836
5200175,Água Fria de Goiás - GO,2021,533255.861
5200209,Água Limpa - GO,2021,63866.678
5200258,Águas Lindas de Goiás - GO,2021,2463487.799
5200308,Alexânia - GO,2021,1128156.013
5200506,Aloândia - GO,2021,63742.508
5200555,Alto Horizonte - GO,2021,1280308.333
5200605,Alto Paraíso de Goiás - GO,2021,297039.16
5200803,Alvorada do Norte - GO,2021,173153.313
5200829,Amaralina - GO,2021,109092.872
5200852,Americano do Brasil - GO,2021,91419.073
5200902,Amorinópolis - GO,2021,118919.946
5201108,Anápolis - GO,2021,17789473.967
5201207,Anhanguera - GO,2021,21701.672
5201306,Anicuns - GO,2021,512611.847
5201405,Aparecida de Goiânia - GO,2021,16981187.791
5201454,Aparecida do Rio Doce - GO,2021,110094.353
5201504,Aporé - GO,2021,395753.605
5201603,Araçu - GO,2021,73510.273
5201702,Aragarças - GO,2021,277756.341
5201801,Aragoiânia - GO,2021,174344.011
5202155,Araguapaz - GO,2021,180146.177
5202353,Arenópolis - GO,2021,222600.319
5202502,Aruanã - GO,2021,291985.419
5202601,Aurilândia - GO,2021,81584.91
5202809,Avelinópolis - GO,2021,68067.469
5203104,Baliza - GO,2021,123256.671
5203203,Barro Alto - GO,2021,1573640.546
5203302,Bela Vista de Goiás - GO,2021,1481063.952
5203401,Bom Jardim de Goiás - GO,2021,257678.878
5203500,Bom Jesus de Goiás - GO,2021,1229697.252
5203559,Bonfinópolis - GO,2021,121159.103
5203575,Bonópolis - GO,2021,156647.911
5203609,Brazabrantes - GO,2021,93846.61
5203807,Britânia - GO,2021,198124.816
5203906,Buriti Alegre - GO,2021,467747.609
5203939,Buriti de Goiás - GO,2021,56929.804
5203962,Buritinópolis - GO,2021,88916.082
5204003,Cabeceiras - GO,2021,475971.038
5204102,Cachoeira Alta - GO,2021,281719.518
5204201,Cachoeira de Goiás - GO,2021,38880.439
5204250,Cachoeira Dourada - GO,2021,69504.796
5204300,Caçu - GO,2021,912900.812
5204409,Caiapônia - GO,2021,821714.722
5204508,Caldas Novas - GO,2021,3001267.797
5204557,Caldazinha - GO,2021,84657.118
5204607,Campestre de Goiás - GO,2021,72754.135
5204656,Campinaçu - GO,2021,110527.898
5204706,Campinorte - GO,2021,333043.266
5204805,Campo Alegre de Goiás - GO,2021,846765.541
5204854,Campo Limpo de Goiás - GO,2021,165123.491
5204904,Campos Belos - GO,2021,315341.74
5204953,Campos Verdes - GO,2021,56359.388
5205000,Carmo do Rio Verde - GO,2021,488110.289
5205059,Castelândia - GO,2021,91630.229
5205109,Catalão - GO,2021,9916889.644
5205208,Caturaí - GO,2021,100786.616
5205307,Cavalcante - GO,2021,383048.306
5205406,Ceres - GO,2021,734718.541
5205455,Cezarina - GO,2021,385019.617
5205471,Chapadão do Céu - GO,2021,2188780.243
5205497,Cidade Ocidental - GO,2021,1006341.278
5205513,Cocalzinho de Goiás - GO,2021,436380.201
5205521,Colinas do Sul - GO,2021,70463.487
5205703,Córrego do Ouro - GO,2021,74386.554
5205802,Corumbá de Goiás - GO,2021,260271.167
5205901,Corumbaíba - GO,2021,709290.375
5206206,Cristalina - GO,2021,4602540.728
5206305,Cristianópolis - GO,2021,120120.024
5206404,Crixás - GO,2021,699386.422
5206503,Cromínia - GO,2021,99575.553
5206602,Cumari - GO,2021,96879.552
5206701,Damianópolis - GO,2021,44989.294
5206800,Damolândia - GO,2021,52509.212
5206909,Davinópolis - GO,2021,583107.489
5207105,Diorama - GO,2021,96858.664
5207253,Doverlândia - GO,2021,400905.133
5207352,Edealina - GO,2021,405228.316
5207402,Edéia - GO,2021,923374.92
5207501,Estrela do Norte - GO,2021,74810.619
5207535,Faina - GO,2021,167617.966
5207600,Fazenda Nova - GO,2021,152416.164
5207808,Firminópolis - GO,2021,272141.888
5207907,Flores de Goiás - GO,2021,250971.773
5208004,Formosa - GO,2021,3248096.789
5208103,Formoso - GO,2021,111687.492
5208152,Gameleira de Goiás - GO,2021,312545.465
5208301,Divinópolis de Goiás - GO,2021,91720.057
5208400,Goianápolis - GO,2021,294419.541
5208509,Goiandira - GO,2021,202210.124
5208608,Goianésia - GO,2021,1888440.09
5208707,Goiânia - GO,2021,59870498.596
5208806,Goianira - GO,2021,1102804.593
5208905,Goiás - GO,2021,763778.659
5209101,Goiatuba - GO,2021,2169650.236
5209150,Gouvelândia - GO,2021,169400.417
5209200,Guapó - GO,2021,347724.615
5209291,Guaraíta - GO,2021,52186.069
5209408,Guarani de Goiás - GO,2021,86104.154
5209457,Guarinos - GO,2021,64355.812
5209606,Heitoraí - GO,2021,83890.271
5209705,Hidrolândia - GO,2021,1329218.145
5209804,Hidrolina - GO,2021,87757.21
5209903,Iaciara - GO,2021,226552.05
5209937,Inaciolândia - GO,2021,237549.562
5209952,Indiara - GO,2021,656345.13
5210000,Inhumas - GO,2021,1406365.17
5210109,Ipameri - GO,2021,2429509.165
5210158,Ipiranga de Goiás - GO,2021,69954.362
5210208,Iporá - GO,2021,876399.161
5210307,Israelândia - GO,2021,71478.706
5210406,Itaberaí - GO,2021,1805074.512
5210562,Itaguari - GO,2021,98151.455
5210604,Itaguaru - GO,2021,104100.47
5210802,Itajá - GO,2021,131521.076
5210901,Itapaci - GO,2021,547603.022
5211008,Itapirapuã - GO,2021,222293.143
5211206,Itapuranga - GO,2021,553624.989
5211305,Itarumã - GO,2021,324864.117
5211404,Itauçu - GO,2021,219255.736
5211503,Itumbiara - GO,2021,5324712.276
5211602,Ivolândia - GO,2021,139635.196
5211701,Jandaia - GO,2021,426843.294
5211800,Jaraguá - GO,2021,919842.873
5211909,Jataí - GO,2021,7997057.279
5212006,Jaupaci - GO,2021,83166.033
5212055,Jesúpolis - GO,2021,39675.131
5212105,Joviânia - GO,2021,342154.792
5212204,Jussara - GO,2021,693525.83
5212253,Lagoa Santa - GO,2021,51869.992
5212303,Leopoldo de Bulhões - GO,2021,343235.764
5212501,Luziânia - GO,2021,5400879.11
5212600,Mairipotaba - GO,2021,88307.045
5212709,Mambaí - GO,2021,107552.11
5212808,Mara Rosa - GO,2021,291277.665
5212907,Marzagão - GO,2021,68549.81
5212956,Matrinchã - GO,2021,170668.916
5213004,Maurilândia - GO,2021,247923.48
5213053,Mimoso de Goiás - GO,2021,247571.865
5213087,Minaçu - GO,2021,1296752.817
5213103,Mineiros - GO,2021,3288959.05
5213400,Moiporá - GO,2021,53255.171
5213509,Monte Alegre de Goiás - GO,2021,120282.434
5213707,Montes Claros de Goiás - GO,2021,498815.696
5213756,Montividiu - GO,2021,1604454.1
5213772,Montividiu do Norte - GO,2021,108844.745
5213806,Morrinhos - GO,2021,1857571.382
5213855,Morro Agudo de Goiás - GO,2021,54837.331
5213905,Mossâmedes - GO,2021,131844.928
5214002,Mozarlândia - GO,2021,1025089.438
5214051,Mundo Novo - GO,2021,180855.766
5214101,Mutunópolis - GO,2021,86431.244
5214408,Nazário - GO,2021,276930.716
5214507,Nerópolis - GO,2021,1021268.677
5214606,Niquelândia - GO,2021,1291840.64
5214705,Nova América - GO,2021,48893.204
5214804,Nova Aurora - GO,2021,71041.986
5214838,Nova Crixás - GO,2021,628583.598
5214861,Nova Glória - GO,2021,141181.17
5214879,Nova Iguaçu de Goiás - GO,2021,61476.931
5214903,Nova Roma - GO,2021,66588.789
5215009,Nova Veneza - GO,2021,197285.218
5215207,Novo Brasil - GO,2021,85247.333
5215231,Novo Gama - GO,2021,1154253.387
5215256,Novo Planalto - GO,2021,160466.92
5215306,Orizona - GO,2021,938191.802
5215405,Ouro Verde de Goiás - GO,2021,150021.83
5215504,Ouvidor - GO,2021,765439.79
5215603,Padre Bernardo - GO,2021,1052237.698
5215652,Palestina de Goiás - GO,2021,173212.38
5215702,Palmeiras de Goiás - GO,2021,1770857.539
5215801,Palmelo - GO,2021,55763.746
5215900,Palminópolis - GO,2021,220065.7
5216007,Panamá - GO,2021,109642.946
5216304,Paranaiguara - GO,2021,236711.78
5216403,Paraúna - GO,2021,1559971.186
5216452,Perolândia - GO,2021,708422.554
5216809,Petrolina de Goiás - GO,2021,178795.994
5216908,Pilar de Goiás - GO,2021,192760.68
5217104,Piracanjuba - GO,2021,1239086.415
5217203,Piranhas - GO,2021,609417.803
5217302,Pirenópolis - GO,2021,640388.004
5217401,Pires do Rio - GO,2021,1405175.39
5217609,Planaltina - GO,2021,1453269.91
5217708,Pontalina - GO,2021,717260.589
5218003,Porangatu - GO,2021,1430254.087
5218052,Porteirão - GO,2021,222488.042
5218102,Portelândia - GO,2021,367303.02
5218300,Posse - GO,2021,703662.752
5218391,Professor Jamil - GO,2021,72101.483
5218508,Quirinópolis - GO,2021,2147675.942
5218607,Rialma - GO,2021,314517.066
5218706,Rianápolis - GO,2021,83234.229
5218789,Rio Quente - GO,2021,326140.575
5218805,Rio Verde - GO,2021,16307342.211
5218904,Rubiataba - GO,2021,565947.831
5219001,Sanclerlândia - GO,2021,217581.632
5219100,Santa Bárbara de Goiás - GO,2021,154125.634
5219209,Santa Cruz de Goiás - GO,2021,295258.423
5219258,Santa Fé de Goiás - GO,2021,260185.774
5219308,Santa Helena de Goiás - GO,2021,1621078.016
5219357,Santa Isabel - GO,2021,123190.63
5219407,Santa Rita do Araguaia - GO,2021,204972.028
5219456,Santa Rita do Novo Destino - GO,2021,110073.158
5219506,Santa Rosa de Goiás - GO,2021,68318.068
5219605,Santa Tereza de Goiás - GO,2021,87582.925
5219704,Santa Terezinha de Goiás - GO,2021,190867.011
5219712,Santo Antônio da Barra - GO,2021,321015.346
5219738,Santo Antônio de Goiás - GO,2021,154853.397
5219753,Santo Antônio do Descoberto - GO,2021,825809.178
5219803,São Domingos - GO,2021,206272.546
5219902,São Francisco de Goiás - GO,2021,130603.103
5220009,São João d'Aliança - GO,2021,570027.447
5220058,São João da Paraúna - GO,2021,139628.724
5220108,São Luís de Montes Belos - GO,2021,1486991.836
5220157,São Luiz do Norte - GO,2021,137418.1
5220207,São Miguel do Araguaia - GO,2021,691658.553
5220264,São Miguel do Passa Quatro - GO,2021,316743.47
5220280,São Patrício - GO,2021,53463.888
5220405,São Simão - GO,2021,1432950.623
5220454,Senador Canedo - GO,2021,4765630.279
5220504,Serranópolis - GO,2021,652613.492
5220603,Silvânia - GO,2021,1315612.055
5220686,Simolândia - GO,2021,173336.646
5220702,Sítio d'Abadia - GO,2021,75928.209
5221007,Taquaral de Goiás - GO,2021,89316.649
5221080,Teresina de Goiás - GO,2021,39135.697
5221197,Terezópolis de Goiás - GO,2021,211092.366
5221304,Três Ranchos - GO,2021,63880.692
5221403,Trindade - GO,2021,2666873.839
5221452,Trombas - GO,2021,70142.532
5221502,Turvânia - GO,2021,204402.0
5221551,Turvelândia - GO,2021,566499.023
5221577,Uirapuru - GO,2021,77434.561
5221601,Uruaçu - GO,2021,1299992.524
5221700,Uruana - GO,2021,294393.802
5221809,Urutaí - GO,2021,164818.414
5221858,Valparaíso de Goiás - GO,2021,2964938.478
5221908,Varjão - GO,2021,105104.958
5222005,Vianópolis - GO,2021,858016.09
5222054,Vicentinópolis - GO,2021,480210.09
5222203,Vila Boa - GO,2021,179923.862
5222302,Vila Propício - GO,2021,308035.08
5300108,Brasília - DF,2021,286943782.027
