municipality_code,municipality_name,variable_code,variable_name,period,value_raw,source,value
1100015,Alta Floresta D'Oeste - RO,37,Produto Interno Bruto a preços correntes,2021,734467.017,municipal_gdp,734467.017
1100023,Ariquemes - RO,37,Produto Interno Bruto a preços correntes,2021,3211294.276,municipal_gdp,3211294.276
1100031,Cabixi - RO,37,Produto Interno Bruto a preços correntes,2021,238414.100,municipal_gdp,238414.1
1100049,Cacoal - RO,37,Produto Interno Bruto a preços correntes,2021,2792505.911,municipal_gdp,2792505.911
1100056,Cerejeiras - RO,37,Produto Interno Bruto a preços correntes,2021,743061.678,municipal_gdp,743061.678
1100064,Colorado do Oeste - RO,37,Produto Interno Bruto a preços correntes,2021,424845.954,municipal_gdp,424845.954
1100072,Corumbiara - RO,37,Produto Interno Bruto a preços correntes,2021,396740.220,municipal_gdp,396740.22
1100080,Costa Marques - RO,37,Produto Interno Bruto a preços correntes,2021,316671.541,municipal_gdp,316671.541
1100098,Espigão D'Oeste - RO,37,Produto Interno Bruto a preços correntes,2021,773371.568,municipal_gdp,773371.568
1100106,Guajará-Mirim - RO,37,Produto Interno Bruto a preços correntes,2021,1054254.562,municipal_gdp,1054254.562
1100114,Jaru - RO,37,Produto Interno Bruto a preços correntes,2021,1764718.012,municipal_gdp,1764718.012
1100122,Ji-Paraná - RO,37,Produto Interno Bruto a preços correntes,2021,4230355.007,municipal_gdp,4230355.007
1100130,Machadinho D'Oeste - RO,37,Produto Interno Bruto a preços correntes,2021,890319.226,municipal_gdp,890319.226
1100148,Nova Brasilândia D'Oeste - RO,37,Produto Interno Bruto a preços correntes,2021,549852.674,municipal_gdp,549852.674
1100155,Ouro Preto do Oeste - RO,37,Produto Interno Bruto a preços correntes,2021,986045.503,municipal_gdp,986045.503
1100189,Pimenta Bueno - RO,37,Produto Interno Bruto a preços correntes,2021,1642621.468,municipal_gdp,1642621.468
1100205,Porto Velho - RO,37,Produto Interno Bruto a preços correntes,2021,20056138.467,municipal_gdp,20056138.467
1100254,Presidente Médici - RO,37,Produto Interno Bruto a preços correntes,2021,560209.590,municipal_gdp,560209.59
1100262,Rio Crespo - RO,37,Produto Interno Bruto a preços correntes,2021,184428.411,municipal_gdp,184428.411
1100288,Rolim de Moura - RO,37,Produto Interno Bruto a preços correntes,2021,1565241.344,municipal_gdp,1565241.344
1100296,Santa Luzia D'Oeste - RO,37,Produto Interno Bruto a preços correntes,2021,213590.225,municipal_gdp,213590.225
1100304,Vilhena - RO,37,Produto Interno Bruto a preços correntes,2021,4215441.811,municipal_gdp,4215441.811
1100320,São Miguel do Guaporé - RO,37,Produto Interno Bruto a preços correntes,2021,905340.789,municipal_gdp,905340.789
1100338,Nova Mamoré - RO,37,Produto Interno Bruto a preços correntes,2021,742686.010,municipal_gdp,742686.01
1100346,Alvorada D'Oeste - RO,37,Produto Interno Bruto a preços correntes,2021,352629.612,municipal_gdp,352629.612
1100379,Alto Alegre dos Parecis - RO,37,Produto Interno Bruto a preços correntes,2021,483672.306,municipal_gdp,483672.306
1100403,Alto Paraíso - RO,37,Produto Interno Bruto a preços correntes,2021,510740.487,municipal_gdp,510740.487
1100452,Buritis - RO,37,Produto Interno Bruto a preços correntes,2021,966555.755,municipal_gdp,966555.755
1100502,Novo Horizonte do Oeste - RO,37,Produto Interno Bruto a preços correntes,2021,231501.394,municipal_gdp,231501.394
1100601,Cacaulândia - RO,37,Produto Interno Bruto a preços correntes,2021,275337.580,municipal_gdp,275337.58
1100700,Campo Novo de Rondônia - RO,37,Produto Interno Bruto a preços correntes,2021,369126.710,municipal_gdp,369126.71
1100809,Candeias do Jamari - RO,37,Produto Interno Bruto a preços correntes,2021,655569.172,municipal_gdp,655569.172
1100908,Castanheiras - RO,37,Produto Interno Bruto a preços correntes,2021,99626.808,municipal_gdp,99626.808
1100924,Chupinguaia - RO,37,Produto Interno Bruto a preços correntes,2021,468792.621,municipal_gdp,468792.621
1100940,Cujubim - RO,37,Produto Interno Bruto a preços correntes,2021,487755.511,municipal_gdp,487755.511
1101005,Governador Jorge Teixeira - RO,37,Produto Interno Bruto a preços correntes,2021,239330.691,municipal_gdp,239330.691
1101104,Itapuã do Oeste - RO,37,Produto Interno Bruto a preços correntes,2021,209926.630,municipal_gdp,209926.63
1101203,Ministro Andreazza - RO,37,Produto Interno Bruto a preços correntes,2021,297876.095,municipal_gdp,297876.095
1101302,Mirante da Serra - RO,37,Produto Interno Bruto a preços correntes,2021,262626.607,municipal_gdp,262626.607
1101401,Monte Negro - RO,37,Produto Interno Bruto a preços correntes,2021,389781.112,municipal_gdp,389781.112
1101435,Nova União - RO,37,Produto Interno Bruto a preços correntes,2021,157320.907,municipal_gdp,157320.907
1101450,Parecis - RO,37,Produto Interno Bruto a preços correntes,2021,155429.633,municipal_gdp,155429.633
1101468,Pimenteiras do Oeste - RO,37,Produto Interno Bruto a preços correntes,2021,246208.537,municipal_gdp,246208.537
1101476,Primavera de Rondônia - RO,37,Produto Interno Bruto a preços correntes,2021,107029.668,municipal_gdp,107029.668
1101484,São Felipe D'Oeste - RO,37,Produto Interno Bruto a preços correntes,2021,130675.108,municipal_gdp,130675.108
1101492,São Francisco do Guaporé - RO,37,Produto Interno Bruto a preços correntes,2021,488140.713,municipal_gdp,488140.713
1101500,Seringueiras - RO,37,Produto Interno Bruto a preços correntes,2021,332985.668,municipal_gdp,332985.668
1101559,Teixeirópolis - RO,37,Produto Interno Bruto a preços correntes,2021,121304.252,municipal_gdp,121304.252
1101609,Theobroma - RO,37,Produto Interno Bruto a preços correntes,2021,257436.077,municipal_gdp,257436.077
1101708,Urupá - RO,37,Produto Interno Bruto a preços correntes,2021,273504.621,municipal_gdp,273504.621
1101757,Vale do Anari - RO,37,Produto Interno Bruto a preços correntes,2021,220947.883,municipal_gdp,220947.883
1101807,Vale do Paraíso - RO,37,Produto Interno Bruto a preços correntes,2021,185648.203,municipal_gdp,185648.203
1200013,Acrelândia - AC,37,Produto Interno Bruto a preços correntes,2021,398724.884,municipal_gdp,398724.884
1200054,Assis Brasil - AC,37,Produto Interno Bruto a preços correntes,2021,133916.175,municipal_gdp,133916.175
1200104,Brasiléia - AC,37,Produto Interno Bruto a preços correntes,2021,685636.225,municipal_gdp,685636.225
1200138,Bujari - AC,37,Produto Interno Bruto a preços correntes,2021,300830.265,municipal_gdp,300830.265
1200179,Capixaba - AC,37,Produto Interno Bruto a preços correntes,2021,512352.894,municipal_gdp,512352.894
1200203,Cruzeiro do Sul - AC,37,Produto Interno Bruto a preços correntes,2021,2058629.669,municipal_gdp,2058629.669
1200252,Epitaciolândia - AC,37,Produto Interno Bruto a preços correntes,2021,644541.502,municipal_gdp,644541.502
1200302,Feijó - AC,37,Produto Interno Bruto a preços correntes,2021,567040.488,municipal_gdp,567040.488
1200328,Jordão - AC,37,Produto Interno Bruto a preços correntes,2021,113975.208,municipal_gdp,113975.208
1200336,Mâncio Lima - AC,37,Produto Interno Bruto a preços correntes,2021,269204.838,municipal_gdp,269204.838
1200344,Manoel Urbano - AC,37,Produto Interno Bruto a preços correntes,2021,184903.705,municipal_gdp,184903.705
1200351,Marechal Thaumaturgo - AC,37,Produto Interno Bruto a preços correntes,2021,256864.842,municipal_gdp,256864.842
1200385,Plácido de Castro - AC,37,Produto Interno Bruto a preços correntes,2021,601470.508,municipal_gdp,601470.508
1200393,Porto Walter - AC,37,Produto Interno Bruto a preços correntes,2021,160534.749,municipal_gdp,160534.749
1200401,Rio Branco - AC,37,Produto Interno Bruto a preços correntes,2021,10955674.857,municipal_gdp,10955674.857
1200427,Rodrigues Alves - AC,37,Produto Interno Bruto a preços correntes,2021,255648.556,municipal_gdp,255648.556
1200435,Santa Rosa do Purus - AC,37,Produto Interno Bruto a preços correntes,2021,108545.109,municipal_gdp,108545.109
1200450,Senador Guiomard - AC,37,Produto Interno Bruto a preços correntes,2021,779671.689,municipal_gdp,779671.689
1200500,Sena Madureira - AC,37,Produto Interno Bruto a preços correntes,2021,748094.167,municipal_gdp,748094.167
1200609,Tarauacá - AC,37,Produto Interno Bruto a preços correntes,2021,711884.414,municipal_gdp,711884.414
1200708,Xapuri - AC,37,Produto Interno Bruto a preços correntes,2021,454980.626,municipal_gdp,454980.626
1200807,Porto Acre - AC,37,Produto Interno Bruto a preços correntes,2021,471314.639,municipal_gdp,471314.639
1300029,Alvarães - AM,37,Produto Interno Bruto a preços correntes,2021,217332.509,municipal_gdp,217332.509
1300060,Amaturá - AM,37,Produto Interno Bruto a preços correntes,2021,118871.741,municipal_gdp,118871.741
1300086,Anamã - AM,37,Produto Interno Bruto a preços correntes,2021,138599.397,municipal_gdp,138599.397
1300102,Anori - AM,37,Produto Interno Bruto a preços correntes,2021,248435.250,municipal_gdp,248435.25
1300144,Apuí - AM,37,Produto Interno Bruto a preços correntes,2021,297810.086,municipal_gdp,297810.086
1300201,Atalaia do Norte - AM,37,Produto Interno Bruto a preços correntes,2021,184947.271,municipal_gdp,184947.271
1300300,Autazes - AM,37,Produto Interno Bruto a preços correntes,2021,506340.588,municipal_gdp,506340.588
1300409,Barcelos - AM,37,Produto Interno Bruto a preços correntes,2021,245621.569,municipal_gdp,245621.569
1300508,Barreirinha - AM,37,Produto Interno Bruto a preços correntes,2021,344889.507,municipal_gdp,344889.507
1300607,Benjamin Constant - AM,37,Produto Interno Bruto a preços correntes,2021,388780.899,municipal_gdp,388780.899
1300631,Beruri - AM,37,Produto Interno Bruto a preços correntes,2021,211871.211,municipal_gdp,211871.211
1300680,Boa Vista do Ramos - AM,37,Produto Interno Bruto a preços correntes,2021,182412.101,municipal_gdp,182412.101
1300706,Boca do Acre - AM,37,Produto Interno Bruto a preços correntes,2021,512795.578,municipal_gdp,512795.578
1300805,Borba - AM,37,Produto Interno Bruto a preços correntes,2021,402130.676,municipal_gdp,402130.676
1300839,Caapiranga - AM,37,Produto Interno Bruto a preços correntes,2021,177894.147,municipal_gdp,177894.147
1300904,Canutama - AM,37,Produto Interno Bruto a preços correntes,2021,154316.147,municipal_gdp,154316.147
1301001,Carauari - AM,37,Produto Interno Bruto a preços correntes,2021,370663.056,municipal_gdp,370663.056
1301100,Careiro - AM,37,Produto Interno Bruto a preços correntes,2021,395194.093,municipal_gdp,395194.093
1301159,Careiro da Várzea - AM,37,Produto Interno Bruto a preços correntes,2021,413374.145,municipal_gdp,413374.145
1301209,Coari - AM,37,Produto Interno Bruto a preços correntes,2021,3380325.284,municipal_gdp,3380325.284
1301308,Codajás - AM,37,Produto Interno Bruto a preços correntes,2021,531995.467,municipal_gdp,531995.467
1301407,Eirunepé - AM,37,Produto Interno Bruto a preços correntes,2021,568036.066,municipal_gdp,568036.066
1301506,Envira - AM,37,Produto Interno Bruto a preços correntes,2021,215526.707,municipal_gdp,215526.707
1301605,Fonte Boa - AM,37,Produto Interno Bruto a preços correntes,2021,222773.426,municipal_gdp,222773.426
1301654,Guajará - AM,37,Produto Interno Bruto a preços correntes,2021,177320.170,municipal_gdp,177320.17
1301704,Humaitá - AM,37,Produto Interno Bruto a preços correntes,2021,860167.548,municipal_gdp,860167.548
1301803,Ipixuna - AM,37,Produto Interno Bruto a preços correntes,2021,216518.720,municipal_gdp,216518.72
1301852,Iranduba - AM,37,Produto Interno Bruto a preços correntes,2021,1001862.277,municipal_gdp,1001862.277
1301902,Itacoatiara - AM,37,Produto Interno Bruto a preços correntes,2021,2350463.023,municipal_gdp,2350463.023
1301951,Itamarati - AM,37,Produto Interno Bruto a preços correntes,2021,135619.961,municipal_gdp,135619.961
1302009,Itapiranga - AM,37,Produto Interno Bruto a preços correntes,2021,152509.179,municipal_gdp,152509.179
1302108,Japurá - AM,37,Produto Interno Bruto a preços correntes,2021,85808.931,municipal_gdp,85808.931
1302207,Juruá - AM,37,Produto Interno Bruto a preços correntes,2021,138073.554,municipal_gdp,138073.554
1302306,Jutaí - AM,37,Produto Interno Bruto a preços correntes,2021,266376.707,municipal_gdp,266376.707
1302405,Lábrea - AM,37,Produto Interno Bruto a preços correntes,2021,625197.781,municipal_gdp,625197.781
1302504,Manacapuru - AM,37,Produto Interno Bruto a preços correntes,2021,1544675.041,municipal_gdp,1544675.041
1302553,Manaquiri - AM,37,Produto Interno Bruto a preços correntes,2021,311334.942,municipal_gdp,311334.942
1302603,Manaus - AM,37,Produto Interno Bruto a preços correntes,2021,103281399.993,municipal_gdp,103281399.993
1302702,Manicoré - AM,37,Produto Interno Bruto a preços correntes,2021,686279.179,municipal_gdp,686279.179
1302801,Maraã - AM,37,Produto Interno Bruto a preços correntes,2021,176217.181,municipal_gdp,176217.181
1302900,Maués - AM,37,Produto Interno Bruto a preços correntes,2021,595826.343,municipal_gdp,595826.343
1303007,Nhamundá - AM,37,Produto Interno Bruto a preços correntes,2021,207005.201,municipal_gdp,207005.201
1303106,Nova Olinda do Norte - AM,37,Produto Interno Bruto a preços correntes,2021,341652.222,municipal_gdp,341652.222
1303205,Novo Airão - AM,37,Produto Interno Bruto a preços correntes,2021,186533.353,municipal_gdp,186533.353
1303304,Novo Aripuanã - AM,37,Produto Interno Bruto a preços correntes,2021,252421.954,municipal_gdp,252421.954
1303403,Parintins - AM,37,Produto Interno Bruto a preços correntes,2021,1426971.581,municipal_gdp,1426971.581
1303502,Pauini - AM,37,Produto Interno Bruto a preços correntes,2021,199541.324,municipal_gdp,199541.324
1303536,Presidente Figueiredo - AM,37,Produto Interno Bruto a preços correntes,2021,1031905.063,municipal_gdp,1031905.063
1303569,Rio Preto da Eva - AM,37,Produto Interno Bruto a preços correntes,2021,407145.836,municipal_gdp,407145.836
1303601,Santa Isabel do Rio Negro - AM,37,Produto Interno Bruto a preços correntes,2021,185816.959,municipal_gdp,185816.959
1303700,Santo Antônio do Içá - AM,37,Produto Interno Bruto a preços correntes,2021,237314.012,municipal_gdp,237314.012
1303809,São Gabriel da Cachoeira - AM,37,Produto Interno Bruto a preços correntes,2021,423054.820,municipal_gdp,423054.82
1303908,São Paulo de Olivença - AM,37,Produto Interno Bruto a preços correntes,2021,334131.304,municipal_gdp,334131.304
1303957,São Sebastião do Uatumã - AM,37,Produto Interno Bruto a preços correntes,2021,136609.077,municipal_gdp,136609.077
1304005,Silves - AM,37,Produto Interno Bruto a preços correntes,2021,175041.607,municipal_gdp,175041.607
1304062,Tabatinga - AM,37,Produto Interno Bruto a preços correntes,2021,758034.734,municipal_gdp,758034.734
1304104,Tapauá - AM,37,Produto Interno Bruto a preços correntes,2021,239943.811,municipal_gdp,239943.811
1304203,Tefé - AM,37,Produto Interno Bruto a preços correntes,2021,1098391.851,municipal_gdp,1098391.851
1304237,Tonantins - AM,37,Produto Interno Bruto a preços correntes,2021,185410.261,municipal_gdp,185410.261
1304260,Uarini - AM,37,Produto Interno Bruto a preços correntes,2021,229208.979,municipal_gdp,229208.979
1304302,Urucará - AM,37,Produto Interno Bruto a preços correntes,2021,205655.739,municipal_gdp,205655.739
1304401,Urucurituba - AM,37,Produto Interno Bruto a preços correntes,2021,232660.624,municipal_gdp,232660.624
1400027,Amajari - RR,37,Produto Interno Bruto a preços correntes,2021,240826.098,municipal_gdp,240826.098
1400050,Alto Alegre - RR,37,Produto Interno Bruto a preços correntes,2021,385506.664,municipal_gdp,385506.664
1400100,Boa Vista - RR,37,Produto Interno Bruto a preços correntes,2021,13493364.054,municipal_gdp,13493364.054
1400159,Bonfim - RR,37,Produto Interno Bruto a preços correntes,2021,522405.211,municipal_gdp,522405.211
1400175,Cantá - RR,37,Produto Interno Bruto a preços correntes,2021,353071.266,municipal_gdp,353071.266
1400209,Caracaraí - RR,37,Produto Interno Bruto a preços correntes,2021,453297.537,municipal_gdp,453297.537
1400233,Caroebe - RR,37,Produto Interno Bruto a preços correntes,2021,236787.802,municipal_gdp,236787.802
1400282,Iracema - RR,37,Produto Interno Bruto a preços correntes,2021,208476.682,municipal_gdp,208476.682
1400308,Mucajaí - RR,37,Produto Interno Bruto a preços correntes,2021,393852.028,municipal_gdp,393852.028
1400407,Normandia - RR,37,Produto Interno Bruto a preços correntes,2021,202859.421,municipal_gdp,202859.421
1400456,Pacaraima - RR,37,Produto Interno Bruto a preços correntes,2021,329091.961,municipal_gdp,329091.961
1400472,Rorainópolis - RR,37,Produto Interno Bruto a preços correntes,2021,732355.771,municipal_gdp,732355.771
1400506,São João da Baliza - RR,37,Produto Interno Bruto a preços correntes,2021,327768.100,municipal_gdp,327768.1
1400605,São Luiz do Anauá - RR,37,Produto Interno Bruto a preços correntes,2021,178971.582,municipal_gdp,178971.582
1400704,Uiramutã - RR,37,Produto Interno Bruto a preços correntes,2021,143945.313,municipal_gdp,143945.313
1500107,Abaetetuba - PA,37,Produto Interno Bruto a preços correntes,2021,1947974.167,municipal_gdp,1947974.167
1500131,Abel Figueiredo - PA,37,Produto Interno Bruto a preços correntes,2021,105404.256,municipal_gdp,105404.256
1500206,Acará - PA,37,Produto Interno Bruto a preços correntes,2021,1432520.752,municipal_gdp,1432520.752
1500305,Afuá - PA,37,Produto Interno Bruto a preços correntes,2021,443759.447,municipal_gdp,443759.447
1500347,Água Azul do Norte - PA,37,Produto Interno Bruto a preços correntes,2021,642852.642,municipal_gdp,642852.642
1500404,Alenquer - PA,37,Produto Interno Bruto a preços correntes,2021,744810.674,municipal_gdp,744810.674
1500503,Almeirim - PA,37,Produto Interno Bruto a preços correntes,2021,687773.094,municipal_gdp,687773.094
1500602,Altamira - PA,37,Produto Interno Bruto a preços correntes,2021,3118776.506,municipal_gdp,3118776.506
1500701,Anajás - PA,37,Produto Interno Bruto a preços correntes,2021,258574.161,municipal_gdp,258574.161
1500800,Ananindeua - PA,37,Produto Interno Bruto a preços correntes,2021,8937579.161,municipal_gdp,8937579.161
1500859,Anapu - PA,37,Produto Interno Bruto a preços correntes,2021,587646.637,municipal_gdp,587646.637
1500909,Augusto Corrêa - PA,37,Produto Interno Bruto a preços correntes,2021,363264.865,municipal_gdp,363264.865
1500958,Aurora do Pará - PA,37,Produto Interno Bruto a preços correntes,2021,308260.187,municipal_gdp,308260.187
1501006,Aveiro - PA,37,Produto Interno Bruto a preços correntes,2021,151776.231,municipal_gdp,151776.231
1501105,Bagre - PA,37,Produto Interno Bruto a preços correntes,2021,250289.533,municipal_gdp,250289.533
1501204,Baião - PA,37,Produto Interno Bruto a preços correntes,2021,561718.716,municipal_gdp,561718.716
1501253,Bannach - PA,37,Produto Interno Bruto a preços correntes,2021,128925.331,municipal_gdp,128925.331
1501303,Barcarena - PA,37,Produto Interno Bruto a preços correntes,2021,9242378.136,municipal_gdp,9242378.136
1501402,Belém - PA,37,Produto Interno Bruto a preços correntes,2021,33567694.796,municipal_gdp,33567694.796
1501451,Belterra - PA,37,Produto Interno Bruto a preços correntes,2021,236957.565,municipal_gdp,236957.565
1501501,Benevides - PA,37,Produto Interno Bruto a preços correntes,2021,1986151.576,municipal_gdp,1986151.576
1501576,Bom Jesus do Tocantins - PA,37,Produto Interno Bruto a preços correntes,2021,243654.131,municipal_gdp,243654.131
1501600,Bonito - PA,37,Produto Interno Bruto a preços correntes,2021,206570.498,municipal_gdp,206570.498
1501709,Bragança - PA,37,Produto Interno Bruto a preços correntes,2021,1388410.604,municipal_gdp,1388410.604
1501725,Brasil Novo - PA,37,Produto Interno Bruto a preços correntes,2021,379575.301,municipal_gdp,379575.301
1501758,Brejo Grande do Araguaia - PA,37,Produto Interno Bruto a preços correntes,2021,114973.901,municipal_gdp,114973.901
1501782,Breu Branco - PA,37,Produto Interno Bruto a preços correntes,2021,793767.522,municipal_gdp,793767.522
1501808,Breves - PA,37,Produto Interno Bruto a preços correntes,2021,892629.519,municipal_gdp,892629.519
1501907,Bujaru - PA,37,Produto Interno Bruto a preços correntes,2021,536455.711,municipal_gdp,536455.711
1501956,Cachoeira do Piriá - PA,37,Produto Interno Bruto a preços correntes,2021,227354.188,municipal_gdp,227354.188
1502004,Cachoeira do Arari - PA,37,Produto Interno Bruto a preços correntes,2021,255900.891,municipal_gdp,255900.891
1502103,Cametá - PA,37,Produto Interno Bruto a preços correntes,2021,1392448.604,municipal_gdp,1392448.604
1502152,Canaã dos Carajás - PA,37,Produto Interno Bruto a preços correntes,2021,34987915.115,municipal_gdp,34987915.115
1502202,Capanema - PA,37,Produto Interno Bruto a preços correntes,2021,1426639.092,municipal_gdp,1426639.092
1502301,Capitão Poço - PA,37,Produto Interno Bruto a preços correntes,2021,615256.053,municipal_gdp,615256.053
1502400,Castanhal - PA,37,Produto Interno Bruto a preços correntes,2021,4707380.586,municipal_gdp,4707380.586
1502509,Chaves - PA,37,Produto Interno Bruto a preços correntes,2021,247974.064,municipal_gdp,247974.064
1502608,Colares - PA,37,Produto Interno Bruto a preços correntes,2021,100826.097,municipal_gdp,100826.097
1502707,Conceição do Araguaia - PA,37,Produto Interno Bruto a preços correntes,2021,662414.901,municipal_gdp,662414.901
1502756,Concórdia do Pará - PA,37,Produto Interno Bruto a preços correntes,2021,419794.953,municipal_gdp,419794.953
1502764,Cumaru do Norte - PA,37,Produto Interno Bruto a preços correntes,2021,406772.444,municipal_gdp,406772.444
1502772,Curionópolis - PA,37,Produto Interno Bruto a preços correntes,2021,3666990.538,municipal_gdp,3666990.538
1502806,Curralinho - PA,37,Produto Interno Bruto a preços correntes,2021,282041.976,municipal_gdp,282041.976
1502855,Curuá - PA,37,Produto Interno Bruto a preços correntes,2021,149513.604,municipal_gdp,149513.604
1502905,Curuçá - PA,37,Produto Interno Bruto a preços correntes,2021,369391.284,municipal_gdp,369391.284
1502939,Dom Eliseu - PA,37,Produto Interno Bruto a preços correntes,2021,940079.607,municipal_gdp,940079.607
1502954,Eldorado do Carajás - PA,37,Produto Interno Bruto a preços correntes,2021,555637.462,municipal_gdp,555637.462
1503002,Faro - PA,37,Produto Interno Bruto a preços correntes,2021,76574.244,municipal_gdp,76574.244
1503044,Floresta do Araguaia - PA,37,Produto Interno Bruto a preços correntes,2021,602376.996,municipal_gdp,602376.996
1503077,Garrafão do Norte - PA,37,Produto Interno Bruto a preços correntes,2021,275694.422,municipal_gdp,275694.422
1503093,Goianésia do Pará - PA,37,Produto Interno Bruto a preços correntes,2021,506230.454,municipal_gdp,506230.454
1503101,Gurupá - PA,37,Produto Interno Bruto a preços correntes,2021,333716.018,municipal_gdp,333716.018
1503200,Igarapé-Açu - PA,37,Produto Interno Bruto a preços correntes,2021,415580.559,municipal_gdp,415580.559
1503309,Igarapé-Miri - PA,37,Produto Interno Bruto a preços correntes,2021,690510.317,municipal_gdp,690510.317
1503408,Inhangapi - PA,37,Produto Interno Bruto a preços correntes,2021,174530.051,municipal_gdp,174530.051
1503457,Ipixuna do Pará - PA,37,Produto Interno Bruto a preços correntes,2021,624646.287,municipal_gdp,624646.287
1503507,Irituia - PA,37,Produto Interno Bruto a preços correntes,2021,277699.440,municipal_gdp,277699.44
1503606,Itaituba - PA,37,Produto Interno Bruto a preços correntes,2021,3077344.492,municipal_gdp,3077344.492
1503705,Itupiranga - PA,37,Produto Interno Bruto a preços correntes,2021,841409.974,municipal_gdp,841409.974
1503754,Jacareacanga - PA,37,Produto Interno Bruto a preços correntes,2021,625352.949,municipal_gdp,625352.949
1503804,Jacundá - PA,37,Produto Interno Bruto a preços correntes,2021,615188.901,municipal_gdp,615188.901
1503903,Juruti - PA,37,Produto Interno Bruto a preços correntes,2021,1450845.915,municipal_gdp,1450845.915
1504000,Limoeiro do Ajuru - PA,37,Produto Interno Bruto a preços correntes,2021,502725.016,municipal_gdp,502725.016
1504059,Mãe do Rio - PA,37,Produto Interno Bruto a preços correntes,2021,339947.445,municipal_gdp,339947.445
1504109,Magalhães Barata - PA,37,Produto Interno Bruto a preços correntes,2021,98319.177,municipal_gdp,98319.177
1504208,Marabá - PA,37,Produto Interno Bruto a preços correntes,2021,13519525.064,municipal_gdp,13519525.064
1504307,Maracanã - PA,37,Produto Interno Bruto a preços correntes,2021,289581.585,municipal_gdp,289581.585
1504406,Marapanim - PA,37,Produto Interno Bruto a preços correntes,2021,263294.257,municipal_gdp,263294.257
1504422,Marituba - PA,37,Produto Interno Bruto a preços correntes,2021,2577121.099,municipal_gdp,2577121.099
1504455,Medicilândia - PA,37,Produto Interno Bruto a preços correntes,2021,1023645.322,municipal_gdp,1023645.322
1504505,Melgaço - PA,37,Produto Interno Bruto a preços correntes,2021,216421.144,municipal_gdp,216421.144
1504604,Mocajuba - PA,37,Produto Interno Bruto a preços correntes,2021,451565.778,municipal_gdp,451565.778
1504703,Moju - PA,37,Produto Interno Bruto a preços correntes,2021,1333106.903,municipal_gdp,1333106.903
1504752,Mojuí dos Campos - PA,37,Produto Interno Bruto a preços correntes,2021,288392.855,municipal_gdp,288392.855
1504802,Monte Alegre - PA,37,Produto Interno Bruto a preços correntes,2021,806681.881,municipal_gdp,806681.881
1504901,Muaná - PA,37,Produto Interno Bruto a preços correntes,2021,338389.601,municipal_gdp,338389.601
1504950,Nova Esperança do Piriá - PA,37,Produto Interno Bruto a preços correntes,2021,350592.895,municipal_gdp,350592.895
1504976,Nova Ipixuna - PA,37,Produto Interno Bruto a preços correntes,2021,192411.524,municipal_gdp,192411.524
1505007,Nova Timboteua - PA,37,Produto Interno Bruto a preços correntes,2021,147340.793,municipal_gdp,147340.793
1505031,Novo Progresso - PA,37,Produto Interno Bruto a preços correntes,2021,971104.839,municipal_gdp,971104.839
1505064,Novo Repartimento - PA,37,Produto Interno Bruto a preços correntes,2021,1116164.368,municipal_gdp,1116164.368
1505106,Óbidos - PA,37,Produto Interno Bruto a preços correntes,2021,965318.822,municipal_gdp,965318.822
1505205,Oeiras do Pará - PA,37,Produto Interno Bruto a preços correntes,2021,418633.997,municipal_gdp,418633.997
1505304,Oriximiná - PA,37,Produto Interno Bruto a preços correntes,2021,2277389.743,municipal_gdp,2277389.743
1505403,Ourém - PA,37,Produto Interno Bruto a preços correntes,2021,200486.516,municipal_gdp,200486.516
1505437,Ourilândia do Norte - PA,37,Produto Interno Bruto a preços correntes,2021,1301993.796,municipal_gdp,1301993.796
1505486,Pacajá - PA,37,Produto Interno Bruto a preços correntes,2021,867035.786,municipal_gdp,867035.786
1505494,Palestina do Pará - PA,37,Produto Interno Bruto a preços correntes,2021,98673.251,municipal_gdp,98673.251
1505502,Paragominas - PA,37,Produto Interno Bruto a preços correntes,2021,4279105.081,municipal_gdp,4279105.081
1505536,Parauapebas - PA,37,Produto Interno Bruto a preços correntes,2021,49756254.884,municipal_gdp,49756254.884
1505551,Pau D'Arco - PA,37,Produto Interno Bruto a preços correntes,2021,114746.375,municipal_gdp,114746.375
1505601,Peixe-Boi - PA,37,Produto Interno Bruto a preços correntes,2021,72240.226,municipal_gdp,72240.226
1505635,Piçarra - PA,37,Produto Interno Bruto a preços correntes,2021,292566.036,municipal_gdp,292566.036
1505650,Placas - PA,37,Produto Interno Bruto a preços correntes,2021,322977.381,municipal_gdp,322977.381
1505700,Ponta de Pedras - PA,37,Produto Interno Bruto a preços correntes,2021,274902.796,municipal_gdp,274902.796
1505809,Portel - PA,37,Produto Interno Bruto a preços correntes,2021,944900.281,municipal_gdp,944900.281
1505908,Porto de Moz - PA,37,Produto Interno Bruto a preços correntes,2021,404115.120,municipal_gdp,404115.12
1506005,Prainha - PA,37,Produto Interno Bruto a preços correntes,2021,437646.749,municipal_gdp,437646.749
1506104,Primavera - PA,37,Produto Interno Bruto a preços correntes,2021,321570.100,municipal_gdp,321570.1
1506112,Quatipuru - PA,37,Produto Interno Bruto a preços correntes,2021,120745.938,municipal_gdp,120745.938
1506138,Redenção - PA,37,Produto Interno Bruto a preços correntes,2021,2551565.724,municipal_gdp,2551565.724
1506161,Rio Maria - PA,37,Produto Interno Bruto a preços correntes,2021,601634.674,municipal_gdp,601634.674
1506187,Rondon do Pará - PA,37,Produto Interno Bruto a preços correntes,2021,733550.332,municipal_gdp,733550.332
1506195,Rurópolis - PA,37,Produto Interno Bruto a preços correntes,2021,496483.359,municipal_gdp,496483.359
1506203,Salinópolis - PA,37,Produto Interno Bruto a preços correntes,2021,641472.929,municipal_gdp,641472.929
1506302,Salvaterra - PA,37,Produto Interno Bruto a preços correntes,2021,210114.535,municipal_gdp,210114.535
1506351,Santa Bárbara do Pará - PA,37,Produto Interno Bruto a preços correntes,2021,240287.631,municipal_gdp,240287.631
1506401,Santa Cruz do Arari - PA,37,Produto Interno Bruto a preços correntes,2021,95936.492,municipal_gdp,95936.492
1506500,Santa Izabel do Pará - PA,37,Produto Interno Bruto a preços correntes,2021,934543.385,municipal_gdp,934543.385
1506559,Santa Luzia do Pará - PA,37,Produto Interno Bruto a preços correntes,2021,195899.236,municipal_gdp,195899.236
1506583,Santa Maria das Barreiras - PA,37,Produto Interno Bruto a preços correntes,2021,1071990.172,municipal_gdp,1071990.172
1506609,Santa Maria do Pará - PA,37,Produto Interno Bruto a preços correntes,2021,371437.368,municipal_gdp,371437.368
1506708,Santana do Araguaia - PA,37,Produto Interno Bruto a preços correntes,2021,1381465.686,municipal_gdp,1381465.686
1506807,Santarém - PA,37,Produto Interno Bruto a preços correntes,2021,6387633.873,municipal_gdp,6387633.873
1506906,Santarém Novo - PA,37,Produto Interno Bruto a preços correntes,2021,59960.721,municipal_gdp,59960.721
1507003,Santo Antônio do Tauá - PA,37,Produto Interno Bruto a preços correntes,2021,475226.051,municipal_gdp,475226.051
1507102,São Caetano de Odivelas - PA,37,Produto Interno Bruto a preços correntes,2021,182987.053,municipal_gdp,182987.053
1507151,São Domingos do Araguaia - PA,37,Produto Interno Bruto a preços correntes,2021,358711.302,municipal_gdp,358711.302
1507201,São Domingos do Capim - PA,37,Produto Interno Bruto a preços correntes,2021,437999.797,municipal_gdp,437999.797
1507300,São Félix do Xingu - PA,37,Produto Interno Bruto a preços correntes,2021,2008369.434,municipal_gdp,2008369.434
1507409,São Francisco do Pará - PA,37,Produto Interno Bruto a preços correntes,2021,264186.187,municipal_gdp,264186.187
1507458,São Geraldo do Araguaia - PA,37,Produto Interno Bruto a preços correntes,2021,710322.051,municipal_gdp,710322.051
1507466,São João da Ponta - PA,37,Produto Interno Bruto a preços correntes,2021,57325.545,municipal_gdp,57325.545
1507474,São João de Pirabas - PA,37,Produto Interno Bruto a preços correntes,2021,181939.076,municipal_gdp,181939.076
1507508,São João do Araguaia - PA,37,Produto Interno Bruto a preços correntes,2021,186694.929,municipal_gdp,186694.929
1507607,São Miguel do Guamá - PA,37,Produto Interno Bruto a preços correntes,2021,792510.061,municipal_gdp,792510.061
1507706,São Sebastião da Boa Vista - PA,37,Produto Interno Bruto a preços correntes,2021,244687.865,municipal_gdp,244687.865
1507755,Sapucaia - PA,37,Produto Interno Bruto a preços correntes,2021,141044.938,municipal_gdp,141044.938
1507805,Senador José Porfírio - PA,37,Produto Interno Bruto a preços correntes,2021,246021.658,municipal_gdp,246021.658
1507904,Soure - PA,37,Produto Interno Bruto a preços correntes,2021,241544.508,municipal_gdp,241544.508
1507953,Tailândia - PA,37,Produto Interno Bruto a preços correntes,2021,1291016.866,municipal_gdp,1291016.866
1507961,Terra Alta - PA,37,Produto Interno Bruto a preços correntes,2021,82918.903,municipal_gdp,82918.903
1507979,Terra Santa - PA,37,Produto Interno Bruto a preços correntes,2021,519258.388,municipal_gdp,519258.388
1508001,Tomé-Açu - PA,37,Produto Interno Bruto a preços correntes,2021,1039720.854,municipal_gdp,1039720.854
1508035,Tracuateua - PA,37,Produto Interno Bruto a preços correntes,2021,285003.521,municipal_gdp,285003.521
1508050,Trairão - PA,37,Produto Interno Bruto a preços correntes,2021,327329.972,municipal_gdp,327329.972
1508084,Tucumã - PA,37,Produto Interno Bruto a preços correntes,2021,984036.367,municipal_gdp,984036.367
1508100,Tucuruí - PA,37,Produto Interno Bruto a preços correntes,2021,5612935.240,municipal_gdp,5612935.24
1508126,Ulianópolis - PA,37,Produto Interno Bruto a preços correntes,2021,1995463.414,municipal_gdp,1995463.414
1508159,Uruará - PA,37,Produto Interno Bruto a preços correntes,2021,774004.087,municipal_gdp,774004.087
1508209,Vigia - PA,37,Produto Interno Bruto a preços correntes,2021,476446.733,municipal_gdp,476446.733
1508308,Viseu - PA,37,Produto Interno Bruto a preços correntes,2021,617943.533,municipal_gdp,617943.533
1508357,Vitória do Xingu - PA,37,Produto Interno Bruto a preços correntes,2021,4230224.672,municipal_gdp,4230224.672
1508407,Xinguara - PA,37,Produto Interno Bruto a preços correntes,2021,1604337.475,municipal_gdp,1604337.475
1600055,Serra do Navio - AP,37,Produto Interno Bruto a preços correntes,2021,92138.896,municipal_gdp,92138.896
1600105,Amapá - AP,37,Produto Interno Bruto a preços correntes,2021,159527.756,municipal_gdp,159527.756
1600154,Pedra Branca do Amapari - AP,37,Produto Interno Bruto a preços correntes,2021,453332.697,municipal_gdp,453332.697
1600204,Calçoene - AP,37,Produto Interno Bruto a preços correntes,2021,186851.738,municipal_gdp,186851.738
1600212,Cutias - AP,37,Produto Interno Bruto a preços correntes,2021,94992.099,municipal_gdp,94992.099
1600238,Ferreira Gomes - AP,37,Produto Interno Bruto a preços correntes,2021,578736.652,municipal_gdp,578736.652
1600253,Itaubal - AP,37,Produto Interno Bruto a preços correntes,2021,87878.458,municipal_gdp,87878.458
1600279,Laranjal do Jari - AP,37,Produto Interno Bruto a preços correntes,2021,1134544.130,municipal_gdp,1134544.13
1600303,Macapá - AP,37,Produto Interno Bruto a preços correntes,2021,12938091.016,municipal_gdp,12938091.016
1600402,Mazagão - AP,37,Produto Interno Bruto a preços correntes,2021,374987.092,municipal_gdp,374987.092
1600501,Oiapoque - AP,37,Produto Interno Bruto a preços correntes,2021,529042.620,municipal_gdp,529042.62
1600535,Porto Grande - AP,37,Produto Interno Bruto a preços correntes,2021,374265.423,municipal_gdp,374265.423
1600550,Pracuúba - AP,37,Produto Interno Bruto a preços correntes,2021,84579.251,municipal_gdp,84579.251
1600600,Santana - AP,37,Produto Interno Bruto a preços correntes,2021,2512916.433,municipal_gdp,2512916.433
1600709,Tartarugalzinho - AP,37,Produto Interno Bruto a preços correntes,2021,261069.678,municipal_gdp,261069.678
1600808,Vitória do Jari - AP,37,Produto Interno Bruto a preços correntes,2021,236896.579,municipal_gdp,236896.579
1700251,Abreulândia - TO,37,Produto Interno Bruto a preços correntes,2021,112134.759,municipal_gdp,112134.759
1700301,Aguiarnópolis - TO,37,Produto Interno Bruto a preços correntes,2021,165479.833,municipal_gdp,165479.833
1700350,Aliança do Tocantins - TO,37,Produto Interno Bruto a preços correntes,2021,616571.342,municipal_gdp,616571.342
1700400,Almas - TO,37,Produto Interno Bruto a preços correntes,2021,273740.577,municipal_gdp,273740.577
1700707,Alvorada - TO,37,Produto Interno Bruto a preços correntes,2021,474111.349,municipal_gdp,474111.349
1701002,Ananás - TO,37,Produto Interno Bruto a preços correntes,2021,159769.353,municipal_gdp,159769.353
1701051,Angico - TO,37,Produto Interno Bruto a preços correntes,2021,48276.163,municipal_gdp,48276.163
1701101,Aparecida do Rio Negro - TO,37,Produto Interno Bruto a preços correntes,2021,255912.273,municipal_gdp,255912.273
1701309,Aragominas - TO,37,Produto Interno Bruto a preços correntes,2021,98441.127,municipal_gdp,98441.127
1701903,Araguacema - TO,37,Produto Interno Bruto a preços correntes,2021,240245.613,municipal_gdp,240245.613
1702000,Araguaçu - TO,37,Produto Interno Bruto a preços correntes,2021,349049.713,municipal_gdp,349049.713
1702109,Araguaína - TO,37,Produto Interno Bruto a preços correntes,2021,5239050.441,municipal_gdp,5239050.441
1702158,Araguanã - TO,37,Produto Interno Bruto a preços correntes,2021,101857.801,municipal_gdp,101857.801
1702208,Araguatins - TO,37,Produto Interno Bruto a preços correntes,2021,529290.178,municipal_gdp,529290.178
1702307,Arapoema - TO,37,Produto Interno Bruto a preços correntes,2021,324522.852,municipal_gdp,324522.852
1702406,Arraias - TO,37,Produto Interno Bruto a preços correntes,2021,223309.854,municipal_gdp,223309.854
1702554,Augustinópolis - TO,37,Produto Interno Bruto a preços correntes,2021,305118.467,municipal_gdp,305118.467
1702703,Aurora do Tocantins - TO,37,Produto Interno Bruto a preços correntes,2021,58805.996,municipal_gdp,58805.996
1702901,Axixá do Tocantins - TO,37,Produto Interno Bruto a preços correntes,2021,141091.965,municipal_gdp,141091.965
1703008,Babaçulândia - TO,37,Produto Interno Bruto a preços correntes,2021,158741.478,municipal_gdp,158741.478
1703057,Bandeirantes do Tocantins - TO,37,Produto Interno Bruto a preços correntes,2021,178653.500,municipal_gdp,178653.5
1703073,Barra do Ouro - TO,37,Produto Interno Bruto a preços correntes,2021,113260.016,municipal_gdp,113260.016
1703107,Barrolândia - TO,37,Produto Interno Bruto a preços correntes,2021,122016.290,municipal_gdp,122016.29
1703206,Bernardo Sayão - TO,37,Produto Interno Bruto a preços correntes,2021,102684.048,municipal_gdp,102684.048
1703305,Bom Jesus do Tocantins - TO,37,Produto Interno Bruto a preços correntes,2021,139409.756,municipal_gdp,139409.756
1703602,Brasilândia do Tocantins - TO,37,Produto Interno Bruto a preços correntes,2021,75634.398,municipal_gdp,75634.398
1703701,Brejinho de Nazaré - TO,37,Produto Interno Bruto a preços correntes,2021,272944.891,municipal_gdp,272944.891
1703800,Buriti do Tocantins - TO,37,Produto Interno Bruto a preços correntes,2021,161641.165,municipal_gdp,161641.165
1703826,Cachoeirinha - TO,37,Produto Interno Bruto a preços correntes,2021,58546.974,municipal_gdp,58546.974
1703842,Campos Lindos - TO,37,Produto Interno Bruto a preços correntes,2021,1004930.543,municipal_gdp,1004930.543
1703867,Cariri do Tocantins - TO,37,Produto Interno Bruto a preços correntes,2021,517714.913,municipal_gdp,517714.913
1703883,Carmolândia - TO,37,Produto Interno Bruto a preços correntes,2021,69222.483,municipal_gdp,69222.483
1703891,Carrasco Bonito - TO,37,Produto Interno Bruto a preços correntes,2021,50561.097,municipal_gdp,50561.097
1703909,Caseara - TO,37,Produto Interno Bruto a preços correntes,2021,389492.608,municipal_gdp,389492.608
1704105,Centenário - TO,37,Produto Interno Bruto a preços correntes,2021,64556.878,municipal_gdp,64556.878
1704600,Chapada de Areia - TO,37,Produto Interno Bruto a preços correntes,2021,39823.896,municipal_gdp,39823.896
1705102,Chapada da Natividade - TO,37,Produto Interno Bruto a preços correntes,2021,148973.230,municipal_gdp,148973.23
1705508,Colinas do Tocantins - TO,37,Produto Interno Bruto a preços correntes,2021,862138.742,municipal_gdp,862138.742
1705557,Combinado - TO,37,Produto Interno Bruto a preços correntes,2021,76524.496,municipal_gdp,76524.496
1705607,Conceição do Tocantins - TO,37,Produto Interno Bruto a preços correntes,2021,67828.897,municipal_gdp,67828.897
1706001,Couto Magalhães - TO,37,Produto Interno Bruto a preços correntes,2021,203473.021,municipal_gdp,203473.021
1706100,Cristalândia - TO,37,Produto Interno Bruto a preços correntes,2021,177293.549,municipal_gdp,177293.549
1706258,Crixás do Tocantins - TO,37,Produto Interno Bruto a preços correntes,2021,78644.714,municipal_gdp,78644.714
1706506,Darcinópolis - TO,37,Produto Interno Bruto a preços correntes,2021,241931.656,municipal_gdp,241931.656
1707009,Dianópolis - TO,37,Produto Interno Bruto a preços correntes,2021,644829.488,municipal_gdp,644829.488
1707108,Divinópolis do Tocantins - TO,37,Produto Interno Bruto a preços correntes,2021,249235.172,municipal_gdp,249235.172
1707207,Dois Irmãos do Tocantins - TO,37,Produto Interno Bruto a preços correntes,2021,216149.330,municipal_gdp,216149.33
1707306,Dueré - TO,37,Produto Interno Bruto a preços correntes,2021,204764.510,municipal_gdp,204764.51
1707405,Esperantina - TO,37,Produto Interno Bruto a preços correntes,2021,118723.997,municipal_gdp,118723.997
1707553,Fátima - TO,37,Produto Interno Bruto a preços correntes,2021,89100.065,municipal_gdp,89100.065
1707652,Figueirópolis - TO,37,Produto Interno Bruto a preços correntes,2021,256752.183,municipal_gdp,256752.183
1707702,Filadélfia - TO,37,Produto Interno Bruto a preços correntes,2021,129323.234,municipal_gdp,129323.234
1708205,Formoso do Araguaia - TO,37,Produto Interno Bruto a preços correntes,2021,1414038.409,municipal_gdp,1414038.409
1708254,Tabocão - TO,37,Produto Interno Bruto a preços correntes,2021,232897.504,municipal_gdp,232897.504
1708304,Goianorte - TO,37,Produto Interno Bruto a preços correntes,2021,193502.296,municipal_gdp,193502.296
1709005,Goiatins - TO,37,Produto Interno Bruto a preços correntes,2021,230924.169,municipal_gdp,230924.169
1709302,Guaraí - TO,37,Produto Interno Bruto a preços correntes,2021,880402.901,municipal_gdp,880402.901
1709500,Gurupi - TO,37,Produto Interno Bruto a preços correntes,2021,2648420.391,municipal_gdp,2648420.391
1709807,Ipueiras - TO,37,Produto Interno Bruto a preços correntes,2021,47771.523,municipal_gdp,47771.523
1710508,Itacajá - TO,37,Produto Interno Bruto a preços correntes,2021,186259.820,municipal_gdp,186259.82
1710706,Itaguatins - TO,37,Produto Interno Bruto a preços correntes,2021,82610.655,municipal_gdp,82610.655
1710904,Itapiratins - TO,37,Produto Interno Bruto a preços correntes,2021,171522.114,municipal_gdp,171522.114
1711100,Itaporã do Tocantins - TO,37,Produto Interno Bruto a preços correntes,2021,69980.106,municipal_gdp,69980.106
1711506,Jaú do Tocantins - TO,37,Produto Interno Bruto a preços correntes,2021,97864.720,municipal_gdp,97864.72
1711803,Juarina - TO,37,Produto Interno Bruto a preços correntes,2021,44394.941,municipal_gdp,44394.941
1711902,Lagoa da Confusão - TO,37,Produto Interno Bruto a preços correntes,2021,998445.275,municipal_gdp,998445.275
1711951,Lagoa do Tocantins - TO,37,Produto Interno Bruto a preços correntes,2021,89428.780,municipal_gdp,89428.78
1712009,Lajeado - TO,37,Produto Interno Bruto a preços correntes,2021,64404.783,municipal_gdp,64404.783
1712157,Lavandeira - TO,37,Produto Interno Bruto a preços correntes,2021,37869.666,municipal_gdp,37869.666
1712405,Lizarda - TO,37,Produto Interno Bruto a preços correntes,2021,66331.660,municipal_gdp,66331.66
1712454,Luzinópolis - TO,37,Produto Interno Bruto a preços correntes,2021,71179.561,municipal_gdp,71179.561
1712504,Marianópolis do Tocantins - TO,37,Produto Interno Bruto a preços correntes,2021,252330.721,municipal_gdp,252330.721
1712702,Mateiros - TO,37,Produto Interno Bruto a preços correntes,2021,252360.284,municipal_gdp,252360.284
1712801,Maurilândia do Tocantins - TO,37,Produto Interno Bruto a preços correntes,2021,55910.557,municipal_gdp,55910.557
1713205,Miracema do Tocantins - TO,37,Produto Interno Bruto a preços correntes,2021,642002.992,municipal_gdp,642002.992
1713304,Miranorte - TO,37,Produto Interno Bruto a preços correntes,2021,390325.022,municipal_gdp,390325.022
1713601,Monte do Carmo - TO,37,Produto Interno Bruto a preços correntes,2021,296287.972,municipal_gdp,296287.972
1713700,Monte Santo do Tocantins - TO,37,Produto Interno Bruto a preços correntes,2021,75004.481,municipal_gdp,75004.481
1713809,Palmeiras do Tocantins - TO,37,Produto Interno Bruto a preços correntes,2021,95357.464,municipal_gdp,95357.464
1713957,Muricilândia - TO,37,Produto Interno Bruto a preços correntes,2021,69464.960,municipal_gdp,69464.96
1714203,Natividade - TO,37,Produto Interno Bruto a preços correntes,2021,247340.192,municipal_gdp,247340.192
1714302,Nazaré - TO,37,Produto Interno Bruto a preços correntes,2021,58139.378,municipal_gdp,58139.378
1714880,Nova Olinda - TO,37,Produto Interno Bruto a preços correntes,2021,320311.123,municipal_gdp,320311.123
1715002,Nova Rosalândia - TO,37,Produto Interno Bruto a preços correntes,2021,100914.913,municipal_gdp,100914.913
1715101,Novo Acordo - TO,37,Produto Interno Bruto a preços correntes,2021,84723.407,municipal_gdp,84723.407
1715150,Novo Alegre - TO,37,Produto Interno Bruto a preços correntes,2021,35521.072,municipal_gdp,35521.072
1715259,Novo Jardim - TO,37,Produto Interno Bruto a preços correntes,2021,42671.729,municipal_gdp,42671.729
1715507,Oliveira de Fátima - TO,37,Produto Interno Bruto a preços correntes,2021,29468.609,municipal_gdp,29468.609
1715705,Palmeirante - TO,37,Produto Interno Bruto a preços correntes,2021,185349.023,municipal_gdp,185349.023
1715754,Palmeirópolis - TO,37,Produto Interno Bruto a preços correntes,2021,170117.984,municipal_gdp,170117.984
1716109,Paraíso do Tocantins - TO,37,Produto Interno Bruto a preços correntes,2021,1513693.492,municipal_gdp,1513693.492
1716208,Paranã - TO,37,Produto Interno Bruto a preços correntes,2021,315396.766,municipal_gdp,315396.766
1716307,Pau D'Arco - TO,37,Produto Interno Bruto a preços correntes,2021,91169.316,municipal_gdp,91169.316
1716505,Pedro Afonso - TO,37,Produto Interno Bruto a preços correntes,2021,848670.949,municipal_gdp,848670.949
1716604,Peixe - TO,37,Produto Interno Bruto a preços correntes,2021,733929.386,municipal_gdp,733929.386
1716653,Pequizeiro - TO,37,Produto Interno Bruto a preços correntes,2021,107606.183,municipal_gdp,107606.183
1716703,Colméia - TO,37,Produto Interno Bruto a preços correntes,2021,182795.642,municipal_gdp,182795.642
1717008,Pindorama do Tocantins - TO,37,Produto Interno Bruto a preços correntes,2021,85005.659,municipal_gdp,85005.659
1717206,Piraquê - TO,37,Produto Interno Bruto a preços correntes,2021,89940.427,municipal_gdp,89940.427
1717503,Pium - TO,37,Produto Interno Bruto a preços correntes,2021,361914.527,municipal_gdp,361914.527
1717800,Ponte Alta do Bom Jesus - TO,37,Produto Interno Bruto a preços correntes,2021,66158.254,municipal_gdp,66158.254
1717909,Ponte Alta do Tocantins - TO,37,Produto Interno Bruto a preços correntes,2021,121170.430,municipal_gdp,121170.43
1718006,Porto Alegre do Tocantins - TO,37,Produto Interno Bruto a preços correntes,2021,47042.663,municipal_gdp,47042.663
1718204,Porto Nacional - TO,37,Produto Interno Bruto a preços correntes,2021,3649421.284,municipal_gdp,3649421.284
1718303,Praia Norte - TO,37,Produto Interno Bruto a preços correntes,2021,93138.597,municipal_gdp,93138.597
1718402,Presidente Kennedy - TO,37,Produto Interno Bruto a preços correntes,2021,65165.275,municipal_gdp,65165.275
1718451,Pugmil - TO,37,Produto Interno Bruto a preços correntes,2021,82663.293,municipal_gdp,82663.293
1718501,Recursolândia - TO,37,Produto Interno Bruto a preços correntes,2021,91479.791,municipal_gdp,91479.791
1718550,Riachinho - TO,37,Produto Interno Bruto a preços correntes,2021,68536.425,municipal_gdp,68536.425
1718659,Rio da Conceição - TO,37,Produto Interno Bruto a preços correntes,2021,29142.464,municipal_gdp,29142.464
1718709,Rio dos Bois - TO,37,Produto Interno Bruto a preços correntes,2021,85928.248,municipal_gdp,85928.248
1718758,Rio Sono - TO,37,Produto Interno Bruto a preços correntes,2021,111443.415,municipal_gdp,111443.415
1718808,Sampaio - TO,37,Produto Interno Bruto a preços correntes,2021,145863.184,municipal_gdp,145863.184
1718840,Sandolândia - TO,37,Produto Interno Bruto a preços correntes,2021,116736.092,municipal_gdp,116736.092
1718865,Santa Fé do Araguaia - TO,37,Produto Interno Bruto a preços correntes,2021,175926.902,municipal_gdp,175926.902
1718881,Santa Maria do Tocantins - TO,37,Produto Interno Bruto a preços correntes,2021,139630.247,municipal_gdp,139630.247
1718899,Santa Rita do Tocantins - TO,37,Produto Interno Bruto a preços correntes,2021,180272.582,municipal_gdp,180272.582
1718907,Santa Rosa do Tocantins - TO,37,Produto Interno Bruto a preços correntes,2021,307685.016,municipal_gdp,307685.016
1719004,Santa Tereza do Tocantins - TO,37,Produto Interno Bruto a preços correntes,2021,48098.437,municipal_gdp,48098.437
1720002,Santa Terezinha do Tocantins - TO,37,Produto Interno Bruto a preços correntes,2021,41930.976,municipal_gdp,41930.976
1720101,São Bento do Tocantins - TO,37,Produto Interno Bruto a preços correntes,2021,73589.547,municipal_gdp,73589.547
1720150,São Félix do Tocantins - TO,37,Produto Interno Bruto a preços correntes,2021,36540.734,municipal_gdp,36540.734
1720200,São Miguel do Tocantins - TO,37,Produto Interno Bruto a preços correntes,2021,255814.091,municipal_gdp,255814.091
1720259,São Salvador do Tocantins - TO,37,Produto Interno Bruto a preços correntes,2021,49467.490,municipal_gdp,49467.49
1720309,São Sebastião do Tocantins - TO,37,Produto Interno Bruto a preços correntes,2021,61804.374,municipal_gdp,61804.374
1720499,São Valério - TO,37,Produto Interno Bruto a preços correntes,2021,156734.117,municipal_gdp,156734.117
1720655,Silvanópolis - TO,37,Produto Interno Bruto a preços correntes,2021,240328.580,municipal_gdp,240328.58
1720804,Sítio Novo do Tocantins - TO,37,Produto Interno Bruto a preços correntes,2021,132861.998,municipal_gdp,132861.998
1720853,Sucupira - TO,37,Produto Interno Bruto a preços correntes,2021,532373.973,municipal_gdp,532373.973
1720903,Taguatinga - TO,37,Produto Interno Bruto a preços correntes,2021,318252.681,municipal_gdp,318252.681
1720937,Taipas do Tocantins - TO,37,Produto Interno Bruto a preços correntes,2021,35246.269,municipal_gdp,35246.269
1720978,Talismã - TO,37,Produto Interno Bruto a preços correntes,2021,146707.973,municipal_gdp,146707.973
1721000,Palmas - TO,37,Produto Interno Bruto a preços correntes,2021,10333418.524,municipal_gdp,10333418.524
1721109,Tocantínia - TO,37,Produto Interno Bruto a preços correntes,2021,191372.850,municipal_gdp,191372.85
1721208,Tocantinópolis - TO,37,Produto Interno Bruto a preços correntes,2021,372641.872,municipal_gdp,372641.872
1721257,Tupirama - TO,37,Produto Interno Bruto a preços correntes,2021,118838.583,municipal_gdp,118838.583
1721307,Tupiratins - TO,37,Produto Interno Bruto a preços correntes,2021,38618.565,municipal_gdp,38618.565
1722081,Wanderlândia - TO,37,Produto Interno Bruto a preços correntes,2021,183424.384,municipal_gdp,183424.384
1722107,Xambioá - TO,37,Produto Interno Bruto a preços correntes,2021,471019.831,municipal_gdp,471019.831
2100055,Açailândia - MA,37,Produto Interno Bruto a preços correntes,2021,3828533.210,municipal_gdp,3828533.21
2100105,Afonso Cunha - MA,37,Produto Interno Bruto a preços correntes,2021,85052.498,municipal_gdp,85052.498
2100154,Água Doce do Maranhão - MA,37,Produto Interno Bruto a preços correntes,2021,101642.077,municipal_gdp,101642.077
2100204,Alcântara - MA,37,Produto Interno Bruto a preços correntes,2021,148762.762,municipal_gdp,148762.762
2100303,Aldeias Altas - MA,37,Produto Interno Bruto a preços correntes,2021,249395.852,municipal_gdp,249395.852
2100402,Altamira do Maranhão - MA,37,Produto Interno Bruto a preços correntes,2021,71511.632,municipal_gdp,71511.632
2100436,Alto Alegre do Maranhão - MA,37,Produto Interno Bruto a preços correntes,2021,303118.129,municipal_gdp,303118.129
2100477,Alto Alegre do Pindaré - MA,37,Produto Interno Bruto a preços correntes,2021,251719.288,municipal_gdp,251719.288
2100501,Alto Parnaíba - MA,37,Produto Interno Bruto a preços correntes,2021,578961.339,municipal_gdp,578961.339
2100550,Amapá do Maranhão - MA,37,Produto Interno Bruto a preços correntes,2021,70197.682,municipal_gdp,70197.682
2100600,Amarante do Maranhão - MA,37,Produto Interno Bruto a preços correntes,2021,388636.419,municipal_gdp,388636.419
2100709,Anajatuba - MA,37,Produto Interno Bruto a preços correntes,2021,207605.731,municipal_gdp,207605.731
2100808,Anapurus - MA,37,Produto Interno Bruto a preços correntes,2021,149102.029,municipal_gdp,149102.029
2100832,Apicum-Açu - MA,37,Produto Interno Bruto a preços correntes,2021,133945.537,municipal_gdp,133945.537
2100873,Araguanã - MA,37,Produto Interno Bruto a preços correntes,2021,101727.947,municipal_gdp,101727.947
2100907,Araioses - MA,37,Produto Interno Bruto a preços correntes,2021,282769.228,municipal_gdp,282769.228
2100956,Arame - MA,37,Produto Interno Bruto a preços correntes,2021,290314.787,municipal_gdp,290314.787
2101004,Arari - MA,37,Produto Interno Bruto a preços correntes,2021,313250.593,municipal_gdp,313250.593
2101103,Axixá - MA,37,Produto Interno Bruto a preços correntes,2021,97421.795,municipal_gdp,97421.795
2101202,Bacabal - MA,37,Produto Interno Bruto a preços correntes,2021,1514560.008,municipal_gdp,1514560.008
2101251,Bacabeira - MA,37,Produto Interno Bruto a preços correntes,2021,599285.019,municipal_gdp,599285.019
2101301,Bacuri - MA,37,Produto Interno Bruto a preços correntes,2021,122871.925,municipal_gdp,122871.925
2101350,Bacurituba - MA,37,Produto Interno Bruto a preços correntes,2021,39589.506,municipal_gdp,39589.506
2101400,Balsas - MA,37,Produto Interno Bruto a preços correntes,2021,6307425.073,municipal_gdp,6307425.073
2101509,Barão de Grajaú - MA,37,Produto Interno Bruto a preços correntes,2021,268537.563,municipal_gdp,268537.563
2101608,Barra do Corda - MA,37,Produto Interno Bruto a preços correntes,2021,889190.327,municipal_gdp,889190.327
2101707,Barreirinhas - MA,37,Produto Interno Bruto a preços correntes,2021,635710.802,municipal_gdp,635710.802
2101731,Belágua - MA,37,Produto Interno Bruto a preços correntes,2021,60711.249,municipal_gdp,60711.249
2101772,Bela Vista do Maranhão - MA,37,Produto Interno Bruto a preços correntes,2021,107543.326,municipal_gdp,107543.326
2101806,Benedito Leite - MA,37,Produto Interno Bruto a preços correntes,2021,73150.440,municipal_gdp,73150.44
2101905,Bequimão - MA,37,Produto Interno Bruto a preços correntes,2021,138113.770,municipal_gdp,138113.77
2101939,Bernardo do Mearim - MA,37,Produto Interno Bruto a preços correntes,2021,105113.910,municipal_gdp,105113.91
2101970,Boa Vista do Gurupi - MA,37,Produto Interno Bruto a preços correntes,2021,67539.702,municipal_gdp,67539.702
2102002,Bom Jardim - MA,37,Produto Interno Bruto a preços correntes,2021,411352.418,municipal_gdp,411352.418
2102036,Bom Jesus das Selvas - MA,37,Produto Interno Bruto a preços correntes,2021,375664.921,municipal_gdp,375664.921
2102077,Bom Lugar - MA,37,Produto Interno Bruto a preços correntes,2021,117960.369,municipal_gdp,117960.369
2102101,Brejo - MA,37,Produto Interno Bruto a preços correntes,2021,328632.852,municipal_gdp,328632.852
2102150,Brejo de Areia - MA,37,Produto Interno Bruto a preços correntes,2021,71065.210,municipal_gdp,71065.21
2102200,Buriti - MA,37,Produto Interno Bruto a preços correntes,2021,277919.133,municipal_gdp,277919.133
2102309,Buriti Bravo - MA,37,Produto Interno Bruto a preços correntes,2021,238672.773,municipal_gdp,238672.773
2102325,Buriticupu - MA,37,Produto Interno Bruto a preços correntes,2021,748027.721,municipal_gdp,748027.721
2102358,Buritirana - MA,37,Produto Interno Bruto a preços correntes,2021,122473.899,municipal_gdp,122473.899
2102374,Cachoeira Grande - MA,37,Produto Interno Bruto a preços correntes,2021,60974.116,municipal_gdp,60974.116
2102408,Cajapió - MA,37,Produto Interno Bruto a preços correntes,2021,70652.873,municipal_gdp,70652.873
2102507,Cajari - MA,37,Produto Interno Bruto a preços correntes,2021,128078.075,municipal_gdp,128078.075
2102556,Campestre do Maranhão - MA,37,Produto Interno Bruto a preços correntes,2021,214010.605,municipal_gdp,214010.605
2102606,Cândido Mendes - MA,37,Produto Interno Bruto a preços correntes,2021,146787.805,municipal_gdp,146787.805
2102705,Cantanhede - MA,37,Produto Interno Bruto a preços correntes,2021,153397.808,municipal_gdp,153397.808
2102754,Capinzal do Norte - MA,37,Produto Interno Bruto a preços correntes,2021,283975.692,municipal_gdp,283975.692
2102804,Carolina - MA,37,Produto Interno Bruto a preços correntes,2021,525892.578,municipal_gdp,525892.578
2102903,Carutapera - MA,37,Produto Interno Bruto a preços correntes,2021,201999.206,municipal_gdp,201999.206
2103000,Caxias - MA,37,Produto Interno Bruto a preços correntes,2021,2112637.890,municipal_gdp,2112637.89
2103109,Cedral - MA,37,Produto Interno Bruto a preços correntes,2021,78582.879,municipal_gdp,78582.879
2103125,Central do Maranhão - MA,37,Produto Interno Bruto a preços correntes,2021,58346.703,municipal_gdp,58346.703
2103158,Centro do Guilherme - MA,37,Produto Interno Bruto a preços correntes,2021,103736.564,municipal_gdp,103736.564
2103174,Centro Novo do Maranhão - MA,37,Produto Interno Bruto a preços correntes,2021,200757.406,municipal_gdp,200757.406
2103208,Chapadinha - MA,37,Produto Interno Bruto a preços correntes,2021,894365.951,municipal_gdp,894365.951
2103257,Cidelândia - MA,37,Produto Interno Bruto a preços correntes,2021,183560.405,municipal_gdp,183560.405
2103307,Codó - MA,37,Produto Interno Bruto a preços correntes,2021,1648585.109,municipal_gdp,1648585.109
2103406,Coelho Neto - MA,37,Produto Interno Bruto a preços correntes,2021,465858.626,municipal_gdp,465858.626
2103505,Colinas - MA,37,Produto Interno Bruto a preços correntes,2021,553170.588,municipal_gdp,553170.588
2103554,Conceição do Lago-Açu - MA,37,Produto Interno Bruto a preços correntes,2021,147189.243,municipal_gdp,147189.243
2103604,Coroatá - MA,37,Produto Interno Bruto a preços correntes,2021,533579.335,municipal_gdp,533579.335
2103703,Cururupu - MA,37,Produto Interno Bruto a preços correntes,2021,264535.777,municipal_gdp,264535.777
2103752,Davinópolis - MA,37,Produto Interno Bruto a preços correntes,2021,190192.706,municipal_gdp,190192.706
2103802,Dom Pedro - MA,37,Produto Interno Bruto a preços correntes,2021,262555.351,municipal_gdp,262555.351
2103901,Duque Bacelar - MA,37,Produto Interno Bruto a preços correntes,2021,86904.202,municipal_gdp,86904.202
2104008,Esperantinópolis - MA,37,Produto Interno Bruto a preços correntes,2021,158978.373,municipal_gdp,158978.373
2104057,Estreito - MA,37,Produto Interno Bruto a preços correntes,2021,1134820.533,municipal_gdp,1134820.533
2104073,Feira Nova do Maranhão - MA,37,Produto Interno Bruto a preços correntes,2021,118003.876,municipal_gdp,118003.876
2104081,Fernando Falcão - MA,37,Produto Interno Bruto a preços correntes,2021,100418.061,municipal_gdp,100418.061
2104099,Formosa da Serra Negra - MA,37,Produto Interno Bruto a preços correntes,2021,202148.620,municipal_gdp,202148.62
2104107,Fortaleza dos Nogueiras - MA,37,Produto Interno Bruto a preços correntes,2021,346694.983,municipal_gdp,346694.983
2104206,Fortuna - MA,37,Produto Interno Bruto a preços correntes,2021,143296.795,municipal_gdp,143296.795
2104305,Godofredo Viana - MA,37,Produto Interno Bruto a preços correntes,2021,2658688.345,municipal_gdp,2658688.345
2104404,Gonçalves Dias - MA,37,Produto Interno Bruto a preços correntes,2021,150061.001,municipal_gdp,150061.001
2104503,Governador Archer - MA,37,Produto Interno Bruto a preços correntes,2021,91903.887,municipal_gdp,91903.887
2104552,Governador Edison Lobão - MA,37,Produto Interno Bruto a preços correntes,2021,374987.809,municipal_gdp,374987.809
2104602,Governador Eugênio Barros - MA,37,Produto Interno Bruto a preços correntes,2021,118425.600,municipal_gdp,118425.6
2104628,Governador Luiz Rocha - MA,37,Produto Interno Bruto a preços correntes,2021,71079.852,municipal_gdp,71079.852
2104651,Governador Newton Bello - MA,37,Produto Interno Bruto a preços correntes,2021,84172.360,municipal_gdp,84172.36
2104677,Governador Nunes Freire - MA,37,Produto Interno Bruto a preços correntes,2021,257971.907,municipal_gdp,257971.907
2104701,Graça Aranha - MA,37,Produto Interno Bruto a preços correntes,2021,54153.365,municipal_gdp,54153.365
2104800,Grajaú - MA,37,Produto Interno Bruto a preços correntes,2021,1149732.869,municipal_gdp,1149732.869
2104909,Guimarães - MA,37,Produto Interno Bruto a preços correntes,2021,93392.793,municipal_gdp,93392.793
2105005,Humberto de Campos - MA,37,Produto Interno Bruto a preços correntes,2021,184362.771,municipal_gdp,184362.771
2105104,Icatu - MA,37,Produto Interno Bruto a preços correntes,2021,178922.630,municipal_gdp,178922.63
2105153,Igarapé do Meio - MA,37,Produto Interno Bruto a preços correntes,2021,370652.705,municipal_gdp,370652.705
2105203,Igarapé Grande - MA,37,Produto Interno Bruto a preços correntes,2021,117728.230,municipal_gdp,117728.23
2105302,Imperatriz - MA,37,Produto Interno Bruto a preços correntes,2021,7692904.278,municipal_gdp,7692904.278
2105351,Itaipava do Grajaú - MA,37,Produto Interno Bruto a preços correntes,2021,107284.679,municipal_gdp,107284.679
2105401,Itapecuru Mirim - MA,37,Produto Interno Bruto a preços correntes,2021,772829.967,municipal_gdp,772829.967
2105427,Itinga do Maranhão - MA,37,Produto Interno Bruto a preços correntes,2021,489226.068,municipal_gdp,489226.068
2105450,Jatobá - MA,37,Produto Interno Bruto a preços correntes,2021,75688.790,municipal_gdp,75688.79
2105476,Jenipapo dos Vieiras - MA,37,Produto Interno Bruto a preços correntes,2021,125732.557,municipal_gdp,125732.557
2105500,João Lisboa - MA,37,Produto Interno Bruto a preços correntes,2021,270611.479,municipal_gdp,270611.479
2105609,Joselândia - MA,37,Produto Interno Bruto a preços correntes,2021,116543.145,municipal_gdp,116543.145
2105658,Junco do Maranhão - MA,37,Produto Interno Bruto a preços correntes,2021,61700.601,municipal_gdp,61700.601
2105708,Lago da Pedra - MA,37,Produto Interno Bruto a preços correntes,2021,550403.924,municipal_gdp,550403.924
2105807,Lago do Junco - MA,37,Produto Interno Bruto a preços correntes,2021,86637.572,municipal_gdp,86637.572
2105906,Lago Verde - MA,37,Produto Interno Bruto a preços correntes,2021,135733.252,municipal_gdp,135733.252
2105922,Lagoa do Mato - MA,37,Produto Interno Bruto a preços correntes,2021,97006.456,municipal_gdp,97006.456
2105948,Lago dos Rodrigues - MA,37,Produto Interno Bruto a preços correntes,2021,83982.764,municipal_gdp,83982.764
2105963,Lagoa Grande do Maranhão - MA,37,Produto Interno Bruto a preços correntes,2021,102431.987,municipal_gdp,102431.987
2105989,Lajeado Novo - MA,37,Produto Interno Bruto a preços correntes,2021,101466.928,municipal_gdp,101466.928
2106003,Lima Campos - MA,37,Produto Interno Bruto a preços correntes,2021,274539.037,municipal_gdp,274539.037
2106102,Loreto - MA,37,Produto Interno Bruto a preços correntes,2021,413263.406,municipal_gdp,413263.406
2106201,Luís Domingues - MA,37,Produto Interno Bruto a preços correntes,2021,57337.332,municipal_gdp,57337.332
2106300,Magalhães de Almeida - MA,37,Produto Interno Bruto a preços correntes,2021,140962.081,municipal_gdp,140962.081
2106326,Maracaçumé - MA,37,Produto Interno Bruto a preços correntes,2021,208573.877,municipal_gdp,208573.877
2106359,Marajá do Sena - MA,37,Produto Interno Bruto a preços correntes,2021,90804.107,municipal_gdp,90804.107
2106375,Maranhãozinho - MA,37,Produto Interno Bruto a preços correntes,2021,120910.354,municipal_gdp,120910.354
2106409,Mata Roma - MA,37,Produto Interno Bruto a preços correntes,2021,179196.345,municipal_gdp,179196.345
2106508,Matinha - MA,37,Produto Interno Bruto a preços correntes,2021,196744.111,municipal_gdp,196744.111
2106607,Matões - MA,37,Produto Interno Bruto a preços correntes,2021,256347.164,municipal_gdp,256347.164
2106631,Matões do Norte - MA,37,Produto Interno Bruto a preços correntes,2021,99314.557,municipal_gdp,99314.557
2106672,Milagres do Maranhão - MA,37,Produto Interno Bruto a preços correntes,2021,64341.207,municipal_gdp,64341.207
2106706,Mirador - MA,37,Produto Interno Bruto a preços correntes,2021,277810.662,municipal_gdp,277810.662
2106755,Miranda do Norte - MA,37,Produto Interno Bruto a preços correntes,2021,788579.989,municipal_gdp,788579.989
2106805,Mirinzal - MA,37,Produto Interno Bruto a preços correntes,2021,112050.444,municipal_gdp,112050.444
2106904,Monção - MA,37,Produto Interno Bruto a preços correntes,2021,257635.203,municipal_gdp,257635.203
2107001,Montes Altos - MA,37,Produto Interno Bruto a preços correntes,2021,86487.258,municipal_gdp,86487.258
2107100,Morros - MA,37,Produto Interno Bruto a preços correntes,2021,149899.343,municipal_gdp,149899.343
2107209,Nina Rodrigues - MA,37,Produto Interno Bruto a preços correntes,2021,88512.809,municipal_gdp,88512.809
2107258,Nova Colinas - MA,37,Produto Interno Bruto a preços correntes,2021,86427.055,municipal_gdp,86427.055
2107308,Nova Iorque - MA,37,Produto Interno Bruto a preços correntes,2021,50965.811,municipal_gdp,50965.811
2107357,Nova Olinda do Maranhão - MA,37,Produto Interno Bruto a preços correntes,2021,183142.239,municipal_gdp,183142.239
2107407,Olho d'Água das Cunhãs - MA,37,Produto Interno Bruto a preços correntes,2021,188362.519,municipal_gdp,188362.519
2107456,Olinda Nova do Maranhão - MA,37,Produto Interno Bruto a preços correntes,2021,107282.239,municipal_gdp,107282.239
2107506,Paço do Lumiar - MA,37,Produto Interno Bruto a preços correntes,2021,1240349.364,municipal_gdp,1240349.364
2107605,Palmeirândia - MA,37,Produto Interno Bruto a preços correntes,2021,139099.184,municipal_gdp,139099.184
2107704,Paraibano - MA,37,Produto Interno Bruto a preços correntes,2021,183352.520,municipal_gdp,183352.52
2107803,Parnarama - MA,37,Produto Interno Bruto a preços correntes,2021,322943.454,municipal_gdp,322943.454
2107902,Passagem Franca - MA,37,Produto Interno Bruto a preços correntes,2021,200087.597,municipal_gdp,200087.597
2108009,Pastos Bons - MA,37,Produto Interno Bruto a preços correntes,2021,309498.551,municipal_gdp,309498.551
2108058,Paulino Neves - MA,37,Produto Interno Bruto a preços correntes,2021,118325.815,municipal_gdp,118325.815
2108108,Paulo Ramos - MA,37,Produto Interno Bruto a preços correntes,2021,194140.237,municipal_gdp,194140.237
2108207,Pedreiras - MA,37,Produto Interno Bruto a preços correntes,2021,787659.914,municipal_gdp,787659.914
2108256,Pedro do Rosário - MA,37,Produto Interno Bruto a preços correntes,2021,157862.958,municipal_gdp,157862.958
2108306,Penalva - MA,37,Produto Interno Bruto a preços correntes,2021,253736.401,municipal_gdp,253736.401
2108405,Peri Mirim - MA,37,Produto Interno Bruto a preços correntes,2021,95935.716,municipal_gdp,95935.716
2108454,Peritoró - MA,37,Produto Interno Bruto a preços correntes,2021,230427.470,municipal_gdp,230427.47
2108504,Pindaré-Mirim - MA,37,Produto Interno Bruto a preços correntes,2021,296184.232,municipal_gdp,296184.232
2108603,Pinheiro - MA,37,Produto Interno Bruto a preços correntes,2021,1039933.211,municipal_gdp,1039933.211
2108702,Pio XII - MA,37,Produto Interno Bruto a preços correntes,2021,191327.123,municipal_gdp,191327.123
2108801,Pirapemas - MA,37,Produto Interno Bruto a preços correntes,2021,130764.310,municipal_gdp,130764.31
2108900,Poção de Pedras - MA,37,Produto Interno Bruto a preços correntes,2021,163076.031,municipal_gdp,163076.031
2109007,Porto Franco - MA,37,Produto Interno Bruto a preços correntes,2021,1026076.447,municipal_gdp,1026076.447
2109056,Porto Rico do Maranhão - MA,37,Produto Interno Bruto a preços correntes,2021,45855.701,municipal_gdp,45855.701
2109106,Presidente Dutra - MA,37,Produto Interno Bruto a preços correntes,2021,755699.287,municipal_gdp,755699.287
2109205,Presidente Juscelino - MA,37,Produto Interno Bruto a preços correntes,2021,84478.884,municipal_gdp,84478.884
2109239,Presidente Médici - MA,37,Produto Interno Bruto a preços correntes,2021,60682.460,municipal_gdp,60682.46
2109270,Presidente Sarney - MA,37,Produto Interno Bruto a preços correntes,2021,164968.075,municipal_gdp,164968.075
2109304,Presidente Vargas - MA,37,Produto Interno Bruto a preços correntes,2021,76166.221,municipal_gdp,76166.221
2109403,Primeira Cruz - MA,37,Produto Interno Bruto a preços correntes,2021,89083.212,municipal_gdp,89083.212
2109452,Raposa - MA,37,Produto Interno Bruto a preços correntes,2021,286152.981,municipal_gdp,286152.981
2109502,Riachão - MA,37,Produto Interno Bruto a preços correntes,2021,673197.288,municipal_gdp,673197.288
2109551,Ribamar Fiquene - MA,37,Produto Interno Bruto a preços correntes,2021,124192.458,municipal_gdp,124192.458
2109601,Rosário - MA,37,Produto Interno Bruto a preços correntes,2021,443176.336,municipal_gdp,443176.336
2109700,Sambaíba - MA,37,Produto Interno Bruto a preços correntes,2021,474702.865,municipal_gdp,474702.865
2109759,Santa Filomena do Maranhão - MA,37,Produto Interno Bruto a preços correntes,2021,60202.696,municipal_gdp,60202.696
2109809,Santa Helena - MA,37,Produto Interno Bruto a preços correntes,2021,357950.669,municipal_gdp,357950.669
2109908,Santa Inês - MA,37,Produto Interno Bruto a preços correntes,2021,1465933.412,municipal_gdp,1465933.412
2110005,Santa Luzia - MA,37,Produto Interno Bruto a preços correntes,2021,743420.228,municipal_gdp,743420.228
2110039,Santa Luzia do Paruá - MA,37,Produto Interno Bruto a preços correntes,2021,253332.488,municipal_gdp,253332.488
2110104,Santa Quitéria do Maranhão - MA,37,Produto Interno Bruto a preços correntes,2021,218445.479,municipal_gdp,218445.479
2110203,Santa Rita - MA,37,Produto Interno Bruto a preços correntes,2021,354630.560,municipal_gdp,354630.56
2110237,Santana do Maranhão - MA,37,Produto Interno Bruto a preços correntes,2021,74090.273,municipal_gdp,74090.273
2110278,Santo Amaro do Maranhão - MA,37,Produto Interno Bruto a preços correntes,2021,95932.071,municipal_gdp,95932.071
2110302,Santo Antônio dos Lopes - MA,37,Produto Interno Bruto a preços correntes,2021,3055534.598,municipal_gdp,3055534.598
2110401,São Benedito do Rio Preto - MA,37,Produto Interno Bruto a preços correntes,2021,143436.891,municipal_gdp,143436.891
2110500,São Bento - MA,37,Produto Interno Bruto a preços correntes,2021,312160.447,municipal_gdp,312160.447
2110609,São Bernardo - MA,37,Produto Interno Bruto a preços correntes,2021,281176.714,municipal_gdp,281176.714
2110658,São Domingos do Azeitão - MA,37,Produto Interno Bruto a preços correntes,2021,320522.227,municipal_gdp,320522.227
2110708,São Domingos do Maranhão - MA,37,Produto Interno Bruto a preços correntes,2021,355916.198,municipal_gdp,355916.198
2110807,São Félix de Balsas - MA,37,Produto Interno Bruto a preços correntes,2021,86158.133,municipal_gdp,86158.133
2110856,São Francisco do Brejão - MA,37,Produto Interno Bruto a preços correntes,2021,121252.875,municipal_gdp,121252.875
2110906,São Francisco do Maranhão - MA,37,Produto Interno Bruto a preços correntes,2021,98973.358,municipal_gdp,98973.358
2111003,São João Batista - MA,37,Produto Interno Bruto a preços correntes,2021,135594.817,municipal_gdp,135594.817
2111029,São João do Carú - MA,37,Produto Interno Bruto a preços correntes,2021,123005.633,municipal_gdp,123005.633
2111052,São João do Paraíso - MA,37,Produto Interno Bruto a preços correntes,2021,151457.505,municipal_gdp,151457.505
2111078,São João do Soter - MA,37,Produto Interno Bruto a preços correntes,2021,156360.341,municipal_gdp,156360.341
2111102,São João dos Patos - MA,37,Produto Interno Bruto a preços correntes,2021,340970.010,municipal_gdp,340970.01
2111201,São José de Ribamar - MA,37,Produto Interno Bruto a preços correntes,2021,2293735.382,municipal_gdp,2293735.382
2111250,São José dos Basílios - MA,37,Produto Interno Bruto a preços correntes,2021,61939.891,municipal_gdp,61939.891
2111300,São Luís - MA,37,Produto Interno Bruto a preços correntes,2021,36533730.096,municipal_gdp,36533730.096
2111409,São Luís Gonzaga do Maranhão - MA,37,Produto Interno Bruto a preços correntes,2021,170048.089,municipal_gdp,170048.089
2111508,São Mateus do Maranhão - MA,37,Produto Interno Bruto a preços correntes,2021,429231.930,municipal_gdp,429231.93
2111532,São Pedro da Água Branca - MA,37,Produto Interno Bruto a preços correntes,2021,127602.958,municipal_gdp,127602.958
2111573,São Pedro dos Crentes - MA,37,Produto Interno Bruto a preços correntes,2021,83540.517,municipal_gdp,83540.517
2111607,São Raimundo das Mangabeiras - MA,37,Produto Interno Bruto a preços correntes,2021,739620.648,municipal_gdp,739620.648
2111631,São Raimundo do Doca Bezerra - MA,37,Produto Interno Bruto a preços correntes,2021,43954.657,municipal_gdp,43954.657
2111672,São Roberto - MA,37,Produto Interno Bruto a preços correntes,2021,45765.600,municipal_gdp,45765.6
2111706,São Vicente Ferrer - MA,37,Produto Interno Bruto a preços correntes,2021,145751.943,municipal_gdp,145751.943
2111722,Satubinha - MA,37,Produto Interno Bruto a preços correntes,2021,93075.672,municipal_gdp,93075.672
2111748,Senador Alexandre Costa - MA,37,Produto Interno Bruto a preços correntes,2021,101830.005,municipal_gdp,101830.005
2111763,Senador La Rocque - MA,37,Produto Interno Bruto a preços correntes,2021,187129.583,municipal_gdp,187129.583
2111789,Serrano do Maranhão - MA,37,Produto Interno Bruto a preços correntes,2021,72441.209,municipal_gdp,72441.209
2111805,Sítio Novo - MA,37,Produto Interno Bruto a preços correntes,2021,221498.812,municipal_gdp,221498.812
2111904,Sucupira do Norte - MA,37,Produto Interno Bruto a preços correntes,2021,126216.824,municipal_gdp,126216.824
2111953,Sucupira do Riachão - MA,37,Produto Interno Bruto a preços correntes,2021,47999.264,municipal_gdp,47999.264
2112001,Tasso Fragoso - MA,37,Produto Interno Bruto a preços correntes,2021,2351422.335,municipal_gdp,2351422.335
2112100,Timbiras - MA,37,Produto Interno Bruto a preços correntes,2021,196337.342,municipal_gdp,196337.342
2112209,Timon - MA,37,Produto Interno Bruto a preços correntes,2021,2320670.569,municipal_gdp,2320670.569
2112233,Trizidela do Vale - MA,37,Produto Interno Bruto a preços correntes,2021,525500.058,municipal_gdp,525500.058
2112274,Tufilândia - MA,37,Produto Interno Bruto a preços correntes,2021,60049.231,municipal_gdp,60049.231
2112308,Tuntum - MA,37,Produto Interno Bruto a preços correntes,2021,365192.092,municipal_gdp,365192.092
2112407,Turiaçu - MA,37,Produto Interno Bruto a preços correntes,2021,295916.006,municipal_gdp,295916.006
2112456,Turilândia - MA,37,Produto Interno Bruto a preços correntes,2021,223066.680,municipal_gdp,223066.68
2112506,Tutóia - MA,37,Produto Interno Bruto a preços correntes,2021,546155.379,municipal_gdp,546155.379
2112605,Urbano Santos - MA,37,Produto Interno Bruto a preços correntes,2021,247484.972,municipal_gdp,247484.972
2112704,Vargem Grande - MA,37,Produto Interno Bruto a preços correntes,2021,433472.798,municipal_gdp,433472.798
2112803,Viana - MA,37,Produto Interno Bruto a preços correntes,2021,501709.759,municipal_gdp,501709.759
2112852,Vila Nova dos Martírios - MA,37,Produto Interno Bruto a preços correntes,2021,156914.053,municipal_gdp,156914.053
2112902,Vitória do Mearim - MA,37,Produto Interno Bruto a preços correntes,2021,318162.926,municipal_gdp,318162.926
2113009,Vitorino Freire - MA,37,Produto Interno Bruto a preços correntes,2021,325509.408,municipal_gdp,325509.408
2114007,Zé Doca - MA,37,Produto Interno Bruto a preços correntes,2021,567070.435,municipal_gdp,567070.435
2200053,Acauã - PI,37,Produto Interno Bruto a preços correntes,2021,73622.922,municipal_gdp,73622.922
2200103,Agricolândia - PI,37,Produto Interno Bruto a preços correntes,2021,47283.337,municipal_gdp,47283.337
2200202,Água Branca - PI,37,Produto Interno Bruto a preços correntes,2021,244026.811,municipal_gdp,244026.811
2200251,Alagoinha do Piauí - PI,37,Produto Interno Bruto a preços correntes,2021,65441.715,municipal_gdp,65441.715
2200277,Alegrete do Piauí - PI,37,Produto Interno Bruto a preços correntes,2021,48183.522,municipal_gdp,48183.522
2200301,Alto Longá - PI,37,Produto Interno Bruto a preços correntes,2021,130958.328,municipal_gdp,130958.328
2200400,Altos - PI,37,Produto Interno Bruto a preços correntes,2021,538140.324,municipal_gdp,538140.324
2200459,Alvorada do Gurguéia - PI,37,Produto Interno Bruto a preços correntes,2021,82124.847,municipal_gdp,82124.847
2200509,Amarante - PI,37,Produto Interno Bruto a preços correntes,2021,192593.565,municipal_gdp,192593.565
2200608,Angical do Piauí - PI,37,Produto Interno Bruto a preços correntes,2021,66749.412,municipal_gdp,66749.412
2200707,Anísio de Abreu - PI,37,Produto Interno Bruto a preços correntes,2021,98552.117,municipal_gdp,98552.117
2200806,Antônio Almeida - PI,37,Produto Interno Bruto a preços correntes,2021,140157.215,municipal_gdp,140157.215
2200905,Aroazes - PI,37,Produto Interno Bruto a preços correntes,2021,57304.894,municipal_gdp,57304.894
2200954,Aroeiras do Itaim - PI,37,Produto Interno Bruto a preços correntes,2021,24629.999,municipal_gdp,24629.999
2201002,Arraial - PI,37,Produto Interno Bruto a preços correntes,2021,48922.149,municipal_gdp,48922.149
2201051,Assunção do Piauí - PI,37,Produto Interno Bruto a preços correntes,2021,64266.487,municipal_gdp,64266.487
2201101,Avelino Lopes - PI,37,Produto Interno Bruto a preços correntes,2021,97601.730,municipal_gdp,97601.73
2201150,Baixa Grande do Ribeiro - PI,37,Produto Interno Bruto a preços correntes,2021,1768705.362,municipal_gdp,1768705.362
2201176,Barra D'Alcântara - PI,37,Produto Interno Bruto a preços correntes,2021,38963.324,municipal_gdp,38963.324
2201200,Barras - PI,37,Produto Interno Bruto a preços correntes,2021,497741.529,municipal_gdp,497741.529
2201309,Barreiras do Piauí - PI,37,Produto Interno Bruto a preços correntes,2021,163171.991,municipal_gdp,163171.991
2201408,Barro Duro - PI,37,Produto Interno Bruto a preços correntes,2021,90191.797,municipal_gdp,90191.797
2201507,Batalha - PI,37,Produto Interno Bruto a preços correntes,2021,250806.615,municipal_gdp,250806.615
2201556,Bela Vista do Piauí - PI,37,Produto Interno Bruto a preços correntes,2021,46876.016,municipal_gdp,46876.016
2201572,Belém do Piauí - PI,37,Produto Interno Bruto a preços correntes,2021,41264.300,municipal_gdp,41264.3
2201606,Beneditinos - PI,37,Produto Interno Bruto a preços correntes,2021,91898.245,municipal_gdp,91898.245
2201705,Bertolínia - PI,37,Produto Interno Bruto a preços correntes,2021,72471.497,municipal_gdp,72471.497
2201739,Betânia do Piauí - PI,37,Produto Interno Bruto a preços correntes,2021,62569.761,municipal_gdp,62569.761
2201770,Boa Hora - PI,37,Produto Interno Bruto a preços correntes,2021,62506.775,municipal_gdp,62506.775
2201804,Bocaina - PI,37,Produto Interno Bruto a preços correntes,2021,47772.092,municipal_gdp,47772.092
2201903,Bom Jesus - PI,37,Produto Interno Bruto a preços correntes,2021,1411005.077,municipal_gdp,1411005.077
2201919,Bom Princípio do Piauí - PI,37,Produto Interno Bruto a preços correntes,2021,70165.896,municipal_gdp,70165.896
2201929,Bonfim do Piauí - PI,37,Produto Interno Bruto a preços correntes,2021,52944.719,municipal_gdp,52944.719
2201945,Boqueirão do Piauí - PI,37,Produto Interno Bruto a preços correntes,2021,51724.971,municipal_gdp,51724.971
2201960,Brasileira - PI,37,Produto Interno Bruto a preços correntes,2021,69325.171,municipal_gdp,69325.171
2201988,Brejo do Piauí - PI,37,Produto Interno Bruto a preços correntes,2021,43978.556,municipal_gdp,43978.556
2202000,Buriti dos Lopes - PI,37,Produto Interno Bruto a preços correntes,2021,214793.085,municipal_gdp,214793.085
2202026,Buriti dos Montes - PI,37,Produto Interno Bruto a preços correntes,2021,69689.581,municipal_gdp,69689.581
2202059,Cabeceiras do Piauí - PI,37,Produto Interno Bruto a preços correntes,2021,86140.193,municipal_gdp,86140.193
2202075,Cajazeiras do Piauí - PI,37,Produto Interno Bruto a preços correntes,2021,34182.376,municipal_gdp,34182.376
2202083,Cajueiro da Praia - PI,37,Produto Interno Bruto a preços correntes,2021,115378.651,municipal_gdp,115378.651
2202091,Caldeirão Grande do Piauí - PI,37,Produto Interno Bruto a preços correntes,2021,195078.704,municipal_gdp,195078.704
2202109,Campinas do Piauí - PI,37,Produto Interno Bruto a preços correntes,2021,57498.267,municipal_gdp,57498.267
2202117,Campo Alegre do Fidalgo - PI,37,Produto Interno Bruto a preços correntes,2021,51328.183,municipal_gdp,51328.183
2202133,Campo Grande do Piauí - PI,37,Produto Interno Bruto a preços correntes,2021,62139.376,municipal_gdp,62139.376
2202174,Campo Largo do Piauí - PI,37,Produto Interno Bruto a preços correntes,2021,56554.279,municipal_gdp,56554.279
2202208,Campo Maior - PI,37,Produto Interno Bruto a preços correntes,2021,706324.081,municipal_gdp,706324.081
2202251,Canavieira - PI,37,Produto Interno Bruto a preços correntes,2021,41948.251,municipal_gdp,41948.251
2202307,Canto do Buriti - PI,37,Produto Interno Bruto a preços correntes,2021,271402.164,municipal_gdp,271402.164
2202406,Capitão de Campos - PI,37,Produto Interno Bruto a preços correntes,2021,106411.346,municipal_gdp,106411.346
2202455,Capitão Gervásio Oliveira - PI,37,Produto Interno Bruto a preços correntes,2021,43672.125,municipal_gdp,43672.125
2202505,Caracol - PI,37,Produto Interno Bruto a preços correntes,2021,97485.306,municipal_gdp,97485.306
2202539,Caraúbas do Piauí - PI,37,Produto Interno Bruto a preços correntes,2021,57437.136,municipal_gdp,57437.136
2202554,Caridade do Piauí - PI,37,Produto Interno Bruto a preços correntes,2021,50031.834,municipal_gdp,50031.834
2202604,Castelo do Piauí - PI,37,Produto Interno Bruto a preços correntes,2021,202304.401,municipal_gdp,202304.401
2202653,Caxingó - PI,37,Produto Interno Bruto a preços correntes,2021,53143.560,municipal_gdp,53143.56
2202703,Cocal - PI,37,Produto Interno Bruto a preços correntes,2021,272774.716,municipal_gdp,272774.716
2202711,Cocal de Telha - PI,37,Produto Interno Bruto a preços correntes,2021,46961.377,municipal_gdp,46961.377
2202729,Cocal dos Alves - PI,37,Produto Interno Bruto a preços correntes,2021,56962.001,municipal_gdp,56962.001
2202737,Coivaras - PI,37,Produto Interno Bruto a preços correntes,2021,37708.090,municipal_gdp,37708.09
2202752,Colônia do Gurguéia - PI,37,Produto Interno Bruto a preços correntes,2021,70560.084,municipal_gdp,70560.084
2202778,Colônia do Piauí - PI,37,Produto Interno Bruto a preços correntes,2021,68111.356,municipal_gdp,68111.356
2202802,Conceição do Canindé - PI,37,Produto Interno Bruto a preços correntes,2021,60445.690,municipal_gdp,60445.69
2202851,Coronel José Dias - PI,37,Produto Interno Bruto a preços correntes,2021,40770.481,municipal_gdp,40770.481
2202901,Corrente - PI,37,Produto Interno Bruto a preços correntes,2021,680737.206,municipal_gdp,680737.206
2203008,Cristalândia do Piauí - PI,37,Produto Interno Bruto a preços correntes,2021,75069.034,municipal_gdp,75069.034
2203107,Cristino Castro - PI,37,Produto Interno Bruto a preços correntes,2021,121468.484,municipal_gdp,121468.484
2203206,Curimatá - PI,37,Produto Interno Bruto a preços correntes,2021,140861.162,municipal_gdp,140861.162
2203230,Currais - PI,37,Produto Interno Bruto a preços correntes,2021,409013.145,municipal_gdp,409013.145
2203255,Curralinhos - PI,37,Produto Interno Bruto a preços correntes,2021,39659.739,municipal_gdp,39659.739
2203271,Curral Novo do Piauí - PI,37,Produto Interno Bruto a preços correntes,2021,78413.731,municipal_gdp,78413.731
2203305,Demerval Lobão - PI,37,Produto Interno Bruto a preços correntes,2021,215833.930,municipal_gdp,215833.93
2203354,Dirceu Arcoverde - PI,37,Produto Interno Bruto a preços correntes,2021,67492.720,municipal_gdp,67492.72
2203404,Dom Expedito Lopes - PI,37,Produto Interno Bruto a preços correntes,2021,78053.040,municipal_gdp,78053.04
2203420,Domingos Mourão - PI,37,Produto Interno Bruto a preços correntes,2021,46531.734,municipal_gdp,46531.734
2203453,Dom Inocêncio - PI,37,Produto Interno Bruto a preços correntes,2021,164346.754,municipal_gdp,164346.754
2203503,Elesbão Veloso - PI,37,Produto Interno Bruto a preços correntes,2021,164744.743,municipal_gdp,164744.743
2203602,Eliseu Martins - PI,37,Produto Interno Bruto a preços correntes,2021,55592.235,municipal_gdp,55592.235
2203701,Esperantina - PI,37,Produto Interno Bruto a preços correntes,2021,456614.921,municipal_gdp,456614.921
2203750,Fartura do Piauí - PI,37,Produto Interno Bruto a preços correntes,2021,46774.439,municipal_gdp,46774.439
2203800,Flores do Piauí - PI,37,Produto Interno Bruto a preços correntes,2021,48120.151,municipal_gdp,48120.151
2203859,Floresta do Piauí - PI,37,Produto Interno Bruto a preços correntes,2021,25258.408,municipal_gdp,25258.408
2203909,Floriano - PI,37,Produto Interno Bruto a preços correntes,2021,1375703.712,municipal_gdp,1375703.712
2204006,Francinópolis - PI,37,Produto Interno Bruto a preços correntes,2021,44796.540,municipal_gdp,44796.54
2204105,Francisco Ayres - PI,37,Produto Interno Bruto a preços correntes,2021,46762.982,municipal_gdp,46762.982
2204154,Francisco Macedo - PI,37,Produto Interno Bruto a preços correntes,2021,30662.301,municipal_gdp,30662.301
2204204,Francisco Santos - PI,37,Produto Interno Bruto a preços correntes,2021,83052.691,municipal_gdp,83052.691
2204303,Fronteiras - PI,37,Produto Interno Bruto a preços correntes,2021,124837.534,municipal_gdp,124837.534
2204352,Geminiano - PI,37,Produto Interno Bruto a preços correntes,2021,59302.294,municipal_gdp,59302.294
2204402,Gilbués - PI,37,Produto Interno Bruto a preços correntes,2021,416900.357,municipal_gdp,416900.357
2204501,Guadalupe - PI,37,Produto Interno Bruto a preços correntes,2021,637210.254,municipal_gdp,637210.254
2204550,Guaribas - PI,37,Produto Interno Bruto a preços correntes,2021,45098.714,municipal_gdp,45098.714
2204600,Hugo Napoleão - PI,37,Produto Interno Bruto a preços correntes,2021,34066.443,municipal_gdp,34066.443
2204659,Ilha Grande - PI,37,Produto Interno Bruto a preços correntes,2021,119726.582,municipal_gdp,119726.582
2204709,Inhuma - PI,37,Produto Interno Bruto a preços correntes,2021,163648.782,municipal_gdp,163648.782
2204808,Ipiranga do Piauí - PI,37,Produto Interno Bruto a preços correntes,2021,82428.165,municipal_gdp,82428.165
2204907,Isaías Coelho - PI,37,Produto Interno Bruto a preços correntes,2021,80798.342,municipal_gdp,80798.342
2205003,Itainópolis - PI,37,Produto Interno Bruto a preços correntes,2021,108203.471,municipal_gdp,108203.471
2205102,Itaueira - PI,37,Produto Interno Bruto a preços correntes,2021,131859.087,municipal_gdp,131859.087
2205151,Jacobina do Piauí - PI,37,Produto Interno Bruto a preços correntes,2021,69072.903,municipal_gdp,69072.903
2205201,Jaicós - PI,37,Produto Interno Bruto a preços correntes,2021,191772.956,municipal_gdp,191772.956
2205250,Jardim do Mulato - PI,37,Produto Interno Bruto a preços correntes,2021,39632.906,municipal_gdp,39632.906
2205276,Jatobá do Piauí - PI,37,Produto Interno Bruto a preços correntes,2021,58752.288,municipal_gdp,58752.288
2205300,Jerumenha - PI,37,Produto Interno Bruto a preços correntes,2021,63533.129,municipal_gdp,63533.129
2205359,João Costa - PI,37,Produto Interno Bruto a preços correntes,2021,69288.521,municipal_gdp,69288.521
2205409,Joaquim Pires - PI,37,Produto Interno Bruto a preços correntes,2021,118898.035,municipal_gdp,118898.035
2205458,Joca Marques - PI,37,Produto Interno Bruto a preços correntes,2021,46225.859,municipal_gdp,46225.859
2205508,José de Freitas - PI,37,Produto Interno Bruto a preços correntes,2021,390737.387,municipal_gdp,390737.387
2205516,Juazeiro do Piauí - PI,37,Produto Interno Bruto a preços correntes,2021,55947.623,municipal_gdp,55947.623
2205524,Júlio Borges - PI,37,Produto Interno Bruto a preços correntes,2021,78728.857,municipal_gdp,78728.857
2205532,Jurema - PI,37,Produto Interno Bruto a preços correntes,2021,43566.022,municipal_gdp,43566.022
2205540,Lagoinha do Piauí - PI,37,Produto Interno Bruto a preços correntes,2021,40518.665,municipal_gdp,40518.665
2205557,Lagoa Alegre - PI,37,Produto Interno Bruto a preços correntes,2021,77319.908,municipal_gdp,77319.908
2205565,Lagoa do Barro do Piauí - PI,37,Produto Interno Bruto a preços correntes,2021,537525.000,municipal_gdp,537525.0
2205573,Lagoa de São Francisco - PI,37,Produto Interno Bruto a preços correntes,2021,54980.493,municipal_gdp,54980.493
2205581,Lagoa do Piauí - PI,37,Produto Interno Bruto a preços correntes,2021,74652.872,municipal_gdp,74652.872
2205599,Lagoa do Sítio - PI,37,Produto Interno Bruto a preços correntes,2021,48595.097,municipal_gdp,48595.097
2205607,Landri Sales - PI,37,Produto Interno Bruto a preços correntes,2021,109798.657,municipal_gdp,109798.657
2205706,Luís Correia - PI,37,Produto Interno Bruto a preços correntes,2021,378631.761,municipal_gdp,378631.761
2205805,Luzilândia - PI,37,Produto Interno Bruto a preços correntes,2021,241246.044,municipal_gdp,241246.044
2205854,Madeiro - PI,37,Produto Interno Bruto a preços correntes,2021,75140.869,municipal_gdp,75140.869
2205904,Manoel Emídio - PI,37,Produto Interno Bruto a preços correntes,2021,54806.522,municipal_gdp,54806.522
2205953,Marcolândia - PI,37,Produto Interno Bruto a preços correntes,2021,198363.304,municipal_gdp,198363.304
2206001,Marcos Parente - PI,37,Produto Interno Bruto a preços correntes,2021,54884.297,municipal_gdp,54884.297
2206050,Massapê do Piauí - PI,37,Produto Interno Bruto a preços correntes,2021,52130.087,municipal_gdp,52130.087
2206100,Matias Olímpio - PI,37,Produto Interno Bruto a preços correntes,2021,95557.024,municipal_gdp,95557.024
2206209,Miguel Alves - PI,37,Produto Interno Bruto a preços correntes,2021,312836.136,municipal_gdp,312836.136
2206308,Miguel Leão - PI,37,Produto Interno Bruto a preços correntes,2021,23617.820,municipal_gdp,23617.82
2206357,Milton Brandão - PI,37,Produto Interno Bruto a preços correntes,2021,53563.000,municipal_gdp,53563.0
2206407,Monsenhor Gil - PI,37,Produto Interno Bruto a preços correntes,2021,127395.466,municipal_gdp,127395.466
2206506,Monsenhor Hipólito - PI,37,Produto Interno Bruto a preços correntes,2021,72882.004,municipal_gdp,72882.004
2206605,Monte Alegre do Piauí - PI,37,Produto Interno Bruto a preços correntes,2021,298089.473,municipal_gdp,298089.473
2206654,Morro Cabeça no Tempo - PI,37,Produto Interno Bruto a preços correntes,2021,39148.536,municipal_gdp,39148.536
2206670,Morro do Chapéu do Piauí - PI,37,Produto Interno Bruto a preços correntes,2021,62450.239,municipal_gdp,62450.239
2206696,Murici dos Portelas - PI,37,Produto Interno Bruto a preços correntes,2021,74908.550,municipal_gdp,74908.55
2206704,Nazaré do Piauí - PI,37,Produto Interno Bruto a preços correntes,2021,67047.117,municipal_gdp,67047.117
2206720,Nazária - PI,37,Produto Interno Bruto a preços correntes,2021,94898.171,municipal_gdp,94898.171
2206753,Nossa Senhora de Nazaré - PI,37,Produto Interno Bruto a preços correntes,2021,47884.928,municipal_gdp,47884.928
2206803,Nossa Senhora dos Remédios - PI,37,Produto Interno Bruto a preços correntes,2021,78546.586,municipal_gdp,78546.586
2206902,Novo Oriente do Piauí - PI,37,Produto Interno Bruto a preços correntes,2021,58176.292,municipal_gdp,58176.292
2206951,Novo Santo Antônio - PI,37,Produto Interno Bruto a preços correntes,2021,31237.317,municipal_gdp,31237.317
2207009,Oeiras - PI,37,Produto Interno Bruto a preços correntes,2021,584517.913,municipal_gdp,584517.913
2207108,Olho D'Água do Piauí - PI,37,Produto Interno Bruto a preços correntes,2021,28731.055,municipal_gdp,28731.055
2207207,Padre Marcos - PI,37,Produto Interno Bruto a preços correntes,2021,73919.213,municipal_gdp,73919.213
2207306,Paes Landim - PI,37,Produto Interno Bruto a preços correntes,2021,44250.164,municipal_gdp,44250.164
2207355,Pajeú do Piauí - PI,37,Produto Interno Bruto a preços correntes,2021,52581.463,municipal_gdp,52581.463
2207405,Palmeira do Piauí - PI,37,Produto Interno Bruto a preços correntes,2021,141457.166,municipal_gdp,141457.166
2207504,Palmeirais - PI,37,Produto Interno Bruto a preços correntes,2021,138833.729,municipal_gdp,138833.729
2207553,Paquetá - PI,37,Produto Interno Bruto a preços correntes,2021,44236.715,municipal_gdp,44236.715
2207603,Parnaguá - PI,37,Produto Interno Bruto a preços correntes,2021,119215.977,municipal_gdp,119215.977
2207702,Parnaíba - PI,37,Produto Interno Bruto a preços correntes,2021,2973924.874,municipal_gdp,2973924.874
2207751,Passagem Franca do Piauí - PI,37,Produto Interno Bruto a preços correntes,2021,48757.698,municipal_gdp,48757.698
2207777,Patos do Piauí - PI,37,Produto Interno Bruto a preços correntes,2021,64629.537,municipal_gdp,64629.537
2207793,Pau D'Arco do Piauí - PI,37,Produto Interno Bruto a preços correntes,2021,33612.558,municipal_gdp,33612.558
2207801,Paulistana - PI,37,Produto Interno Bruto a preços correntes,2021,267774.240,municipal_gdp,267774.24
2207850,Pavussu - PI,37,Produto Interno Bruto a preços correntes,2021,37693.276,municipal_gdp,37693.276
2207900,Pedro II - PI,37,Produto Interno Bruto a preços correntes,2021,386327.593,municipal_gdp,386327.593
2207934,Pedro Laurentino - PI,37,Produto Interno Bruto a preços correntes,2021,31321.913,municipal_gdp,31321.913
2207959,Nova Santa Rita - PI,37,Produto Interno Bruto a preços correntes,2021,43930.757,municipal_gdp,43930.757
2208007,Picos - PI,37,Produto Interno Bruto a preços correntes,2021,1941758.674,municipal_gdp,1941758.674
2208106,Pimenteiras - PI,37,Produto Interno Bruto a preços correntes,2021,106976.447,municipal_gdp,106976.447
2208205,Pio IX - PI,37,Produto Interno Bruto a preços correntes,2021,202556.113,municipal_gdp,202556.113
2208304,Piracuruca - PI,37,Produto Interno Bruto a preços correntes,2021,363519.016,municipal_gdp,363519.016
2208403,Piripiri - PI,37,Produto Interno Bruto a preços correntes,2021,917296.263,municipal_gdp,917296.263
2208502,Porto - PI,37,Produto Interno Bruto a preços correntes,2021,118547.178,municipal_gdp,118547.178
2208551,Porto Alegre do Piauí - PI,37,Produto Interno Bruto a preços correntes,2021,39211.994,municipal_gdp,39211.994
2208601,Prata do Piauí - PI,37,Produto Interno Bruto a preços correntes,2021,27583.795,municipal_gdp,27583.795
2208650,Queimada Nova - PI,37,Produto Interno Bruto a preços correntes,2021,253313.988,municipal_gdp,253313.988
2208700,Redenção do Gurguéia - PI,37,Produto Interno Bruto a preços correntes,2021,97930.487,municipal_gdp,97930.487
2208809,Regeneração - PI,37,Produto Interno Bruto a preços correntes,2021,264516.915,municipal_gdp,264516.915
2208858,Riacho Frio - PI,37,Produto Interno Bruto a preços correntes,2021,46279.251,municipal_gdp,46279.251
2208874,Ribeira do Piauí - PI,37,Produto Interno Bruto a preços correntes,2021,217390.425,municipal_gdp,217390.425
2208908,Ribeiro Gonçalves - PI,37,Produto Interno Bruto a preços correntes,2021,695854.865,municipal_gdp,695854.865
2209005,Rio Grande do Piauí - PI,37,Produto Interno Bruto a preços correntes,2021,61490.520,municipal_gdp,61490.52
2209104,Santa Cruz do Piauí - PI,37,Produto Interno Bruto a preços correntes,2021,61012.421,municipal_gdp,61012.421
2209153,Santa Cruz dos Milagres - PI,37,Produto Interno Bruto a preços correntes,2021,45472.901,municipal_gdp,45472.901
2209203,Santa Filomena - PI,37,Produto Interno Bruto a preços correntes,2021,615148.412,municipal_gdp,615148.412
2209302,Santa Luz - PI,37,Produto Interno Bruto a preços correntes,2021,62464.838,municipal_gdp,62464.838
2209351,Santana do Piauí - PI,37,Produto Interno Bruto a preços correntes,2021,40806.804,municipal_gdp,40806.804
2209377,Santa Rosa do Piauí - PI,37,Produto Interno Bruto a preços correntes,2021,50227.896,municipal_gdp,50227.896
2209401,Santo Antônio de Lisboa - PI,37,Produto Interno Bruto a preços correntes,2021,72021.169,municipal_gdp,72021.169
2209450,Santo Antônio dos Milagres - PI,37,Produto Interno Bruto a preços correntes,2021,18051.060,municipal_gdp,18051.06
2209500,Santo Inácio do Piauí - PI,37,Produto Interno Bruto a preços correntes,2021,40377.234,municipal_gdp,40377.234
2209559,São Braz do Piauí - PI,37,Produto Interno Bruto a preços correntes,2021,39470.740,municipal_gdp,39470.74
2209609,São Félix do Piauí - PI,37,Produto Interno Bruto a preços correntes,2021,32115.987,municipal_gdp,32115.987
2209658,São Francisco de Assis do Piauí - PI,37,Produto Interno Bruto a preços correntes,2021,55545.353,municipal_gdp,55545.353
2209708,São Francisco do Piauí - PI,37,Produto Interno Bruto a preços correntes,2021,58405.718,municipal_gdp,58405.718
2209757,São Gonçalo do Gurguéia - PI,37,Produto Interno Bruto a preços correntes,2021,54607.337,municipal_gdp,54607.337
2209807,São Gonçalo do Piauí - PI,37,Produto Interno Bruto a preços correntes,2021,56734.949,municipal_gdp,56734.949
2209856,São João da Canabrava - PI,37,Produto Interno Bruto a preços correntes,2021,49321.425,municipal_gdp,49321.425
2209872,São João da Fronteira - PI,37,Produto Interno Bruto a preços correntes,2021,60924.542,municipal_gdp,60924.542
2209906,São João da Serra - PI,37,Produto Interno Bruto a preços correntes,2021,59723.173,municipal_gdp,59723.173
2209955,São João da Varjota - PI,37,Produto Interno Bruto a preços correntes,2021,36648.045,municipal_gdp,36648.045
2209971,São João do Arraial - PI,37,Produto Interno Bruto a preços correntes,2021,68234.995,municipal_gdp,68234.995
2210003,São João do Piauí - PI,37,Produto Interno Bruto a preços correntes,2021,426951.832,municipal_gdp,426951.832
2210052,São José do Divino - PI,37,Produto Interno Bruto a preços correntes,2021,63753.834,municipal_gdp,63753.834
2210102,São José do Peixe - PI,37,Produto Interno Bruto a preços correntes,2021,42836.503,municipal_gdp,42836.503
2210201,São José do Piauí - PI,37,Produto Interno Bruto a preços correntes,2021,68087.619,municipal_gdp,68087.619
2210300,São Julião - PI,37,Produto Interno Bruto a preços correntes,2021,59544.862,municipal_gdp,59544.862
2210359,São Lourenço do Piauí - PI,37,Produto Interno Bruto a preços correntes,2021,45314.114,municipal_gdp,45314.114
2210375,São Luis do Piauí - PI,37,Produto Interno Bruto a preços correntes,2021,25332.761,municipal_gdp,25332.761
2210383,São Miguel da Baixa Grande - PI,37,Produto Interno Bruto a preços correntes,2021,27272.317,municipal_gdp,27272.317
2210391,São Miguel do Fidalgo - PI,37,Produto Interno Bruto a preços correntes,2021,47463.558,municipal_gdp,47463.558
2210409,São Miguel do Tapuio - PI,37,Produto Interno Bruto a preços correntes,2021,163378.244,municipal_gdp,163378.244
2210508,São Pedro do Piauí - PI,37,Produto Interno Bruto a preços correntes,2021,134836.357,municipal_gdp,134836.357
2210607,São Raimundo Nonato - PI,37,Produto Interno Bruto a preços correntes,2021,566295.112,municipal_gdp,566295.112
2210623,Sebastião Barros - PI,37,Produto Interno Bruto a preços correntes,2021,46712.454,municipal_gdp,46712.454
2210631,Sebastião Leal - PI,37,Produto Interno Bruto a preços correntes,2021,255418.007,municipal_gdp,255418.007
2210656,Sigefredo Pacheco - PI,37,Produto Interno Bruto a preços correntes,2021,78160.567,municipal_gdp,78160.567
2210706,Simões - PI,37,Produto Interno Bruto a preços correntes,2021,434505.359,municipal_gdp,434505.359
2210805,Simplício Mendes - PI,37,Produto Interno Bruto a preços correntes,2021,182911.528,municipal_gdp,182911.528
2210904,Socorro do Piauí - PI,37,Produto Interno Bruto a preços correntes,2021,41066.523,municipal_gdp,41066.523
2210938,Sussuapara - PI,37,Produto Interno Bruto a preços correntes,2021,76908.478,municipal_gdp,76908.478
2210953,Tamboril do Piauí - PI,37,Produto Interno Bruto a preços correntes,2021,30387.569,municipal_gdp,30387.569
2210979,Tanque do Piauí - PI,37,Produto Interno Bruto a preços correntes,2021,33180.530,municipal_gdp,33180.53
2211001,Teresina - PI,37,Produto Interno Bruto a preços correntes,2021,23954511.044,municipal_gdp,23954511.044
2211100,União - PI,37,Produto Interno Bruto a preços correntes,2021,420369.549,municipal_gdp,420369.549
2211209,Uruçuí - PI,37,Produto Interno Bruto a preços correntes,2021,2829979.498,municipal_gdp,2829979.498
2211308,Valença do Piauí - PI,37,Produto Interno Bruto a preços correntes,2021,289697.519,municipal_gdp,289697.519
2211357,Várzea Branca - PI,37,Produto Interno Bruto a preços correntes,2021,44540.612,municipal_gdp,44540.612
2211407,Várzea Grande - PI,37,Produto Interno Bruto a preços correntes,2021,40996.433,municipal_gdp,40996.433
2211506,Vera Mendes - PI,37,Produto Interno Bruto a preços correntes,2021,31077.818,municipal_gdp,31077.818
2211605,Vila Nova do Piauí - PI,37,Produto Interno Bruto a preços correntes,2021,37035.262,municipal_gdp,37035.262
2211704,Wall Ferraz - PI,37,Produto Interno Bruto a preços correntes,2021,38007.875,municipal_gdp,38007.875
2300101,Abaiara - CE,37,Produto Interno Bruto a preços correntes,2021,117970.960,municipal_gdp,117970.96
2300150,Acarape - CE,37,Produto Interno Bruto a preços correntes,2021,179994.282,municipal_gdp,179994.282
2300200,Acaraú - CE,37,Produto Interno Bruto a preços correntes,2021,1020200.581,municipal_gdp,1020200.581
2300309,Acopiara - CE,37,Produto Interno Bruto a preços correntes,2021,564519.851,municipal_gdp,564519.851
2300408,Aiuaba - CE,37,Produto Interno Bruto a preços correntes,2021,151596.307,municipal_gdp,151596.307
2300507,Alcântaras - CE,37,Produto Interno Bruto a preços correntes,2021,98201.759,municipal_gdp,98201.759
2300606,Altaneira - CE,37,Produto Interno Bruto a preços correntes,2021,74653.984,municipal_gdp,74653.984
2300705,Alto Santo - CE,37,Produto Interno Bruto a preços correntes,2021,232267.743,municipal_gdp,232267.743
2300754,Amontada - CE,37,Produto Interno Bruto a preços correntes,2021,665472.069,municipal_gdp,665472.069
2300804,Antonina do Norte - CE,37,Produto Interno Bruto a preços correntes,2021,78953.405,municipal_gdp,78953.405
2300903,Apuiarés - CE,37,Produto Interno Bruto a preços correntes,2021,120978.070,municipal_gdp,120978.07
2301000,Aquiraz - CE,37,Produto Interno Bruto a preços correntes,2021,3854400.667,municipal_gdp,3854400.667
2301109,Aracati - CE,37,Produto Interno Bruto a preços correntes,2021,1706227.209,municipal_gdp,1706227.209
2301208,Aracoiaba - CE,37,Produto Interno Bruto a preços correntes,2021,266421.718,municipal_gdp,266421.718
2301257,Ararendá - CE,37,Produto Interno Bruto a preços correntes,2021,106783.977,municipal_gdp,106783.977
2301307,Araripe - CE,37,Produto Interno Bruto a preços correntes,2021,207981.617,municipal_gdp,207981.617
2301406,Aratuba - CE,37,Produto Interno Bruto a preços correntes,2021,151644.922,municipal_gdp,151644.922
2301505,Arneiroz - CE,37,Produto Interno Bruto a preços correntes,2021,70223.605,municipal_gdp,70223.605
2301604,Assaré - CE,37,Produto Interno Bruto a preços correntes,2021,237259.073,municipal_gdp,237259.073
2301703,Aurora - CE,37,Produto Interno Bruto a preços correntes,2021,216792.136,municipal_gdp,216792.136
2301802,Baixio - CE,37,Produto Interno Bruto a preços correntes,2021,67540.636,municipal_gdp,67540.636
2301851,Banabuiú - CE,37,Produto Interno Bruto a preços correntes,2021,260030.930,municipal_gdp,260030.93
2301901,Barbalha - CE,37,Produto Interno Bruto a preços correntes,2021,1345204.816,municipal_gdp,1345204.816
2301950,Barreira - CE,37,Produto Interno Bruto a preços correntes,2021,240015.846,municipal_gdp,240015.846
2302008,Barro - CE,37,Produto Interno Bruto a preços correntes,2021,242027.169,municipal_gdp,242027.169
2302057,Barroquinha - CE,37,Produto Interno Bruto a preços correntes,2021,133335.168,municipal_gdp,133335.168
2302107,Baturité - CE,37,Produto Interno Bruto a preços correntes,2021,448272.412,municipal_gdp,448272.412
2302206,Beberibe - CE,37,Produto Interno Bruto a preços correntes,2021,1059005.939,municipal_gdp,1059005.939
2302305,Bela Cruz - CE,37,Produto Interno Bruto a preços correntes,2021,322243.971,municipal_gdp,322243.971
2302404,Boa Viagem - CE,37,Produto Interno Bruto a preços correntes,2021,539217.993,municipal_gdp,539217.993
2302503,Brejo Santo - CE,37,Produto Interno Bruto a preços correntes,2021,817034.098,municipal_gdp,817034.098
2302602,Camocim - CE,37,Produto Interno Bruto a preços correntes,2021,839500.311,municipal_gdp,839500.311
2302701,Campos Sales - CE,37,Produto Interno Bruto a preços correntes,2021,292357.305,municipal_gdp,292357.305
2302800,Canindé - CE,37,Produto Interno Bruto a preços correntes,2021,911356.214,municipal_gdp,911356.214
2302909,Capistrano - CE,37,Produto Interno Bruto a preços correntes,2021,176808.988,municipal_gdp,176808.988
2303006,Caridade - CE,37,Produto Interno Bruto a preços correntes,2021,186168.870,municipal_gdp,186168.87
2303105,Cariré - CE,37,Produto Interno Bruto a preços correntes,2021,193104.647,municipal_gdp,193104.647
2303204,Caririaçu - CE,37,Produto Interno Bruto a preços correntes,2021,253126.605,municipal_gdp,253126.605
2303303,Cariús - CE,37,Produto Interno Bruto a preços correntes,2021,180984.361,municipal_gdp,180984.361
2303402,Carnaubal - CE,37,Produto Interno Bruto a preços correntes,2021,166771.753,municipal_gdp,166771.753
2303501,Cascavel - CE,37,Produto Interno Bruto a preços correntes,2021,1074376.745,municipal_gdp,1074376.745
2303600,Catarina - CE,37,Produto Interno Bruto a preços correntes,2021,154108.256,municipal_gdp,154108.256
2303659,Catunda - CE,37,Produto Interno Bruto a preços correntes,2021,112081.350,municipal_gdp,112081.35
2303709,Caucaia - CE,37,Produto Interno Bruto a preços correntes,2021,10422700.763,municipal_gdp,10422700.763
2303808,Cedro - CE,37,Produto Interno Bruto a preços correntes,2021,247324.611,municipal_gdp,247324.611
2303907,Chaval - CE,37,Produto Interno Bruto a preços correntes,2021,110317.620,municipal_gdp,110317.62
2303931,Choró - CE,37,Produto Interno Bruto a preços correntes,2021,178988.780,municipal_gdp,178988.78
2303956,Chorozinho - CE,37,Produto Interno Bruto a preços correntes,2021,260273.272,municipal_gdp,260273.272
2304004,Coreaú - CE,37,Produto Interno Bruto a preços correntes,2021,225089.749,municipal_gdp,225089.749
2304103,Crateús - CE,37,Produto Interno Bruto a preços correntes,2021,952648.777,municipal_gdp,952648.777
2304202,Crato - CE,37,Produto Interno Bruto a preços correntes,2021,1871586.579,municipal_gdp,1871586.579
2304236,Croatá - CE,37,Produto Interno Bruto a preços correntes,2021,224436.588,municipal_gdp,224436.588
2304251,Cruz - CE,37,Produto Interno Bruto a preços correntes,2021,372681.319,municipal_gdp,372681.319
2304269,Deputado Irapuan Pinheiro - CE,37,Produto Interno Bruto a preços correntes,2021,100883.062,municipal_gdp,100883.062
2304277,Ereré - CE,37,Produto Interno Bruto a preços correntes,2021,80689.801,municipal_gdp,80689.801
2304285,Eusébio - CE,37,Produto Interno Bruto a preços correntes,2021,3577497.021,municipal_gdp,3577497.021
2304301,Farias Brito - CE,37,Produto Interno Bruto a preços correntes,2021,202247.598,municipal_gdp,202247.598
2304350,Forquilha - CE,37,Produto Interno Bruto a preços correntes,2021,304956.752,municipal_gdp,304956.752
2304400,Fortaleza - CE,37,Produto Interno Bruto a preços correntes,2021,73437738.924,municipal_gdp,73437738.924
2304459,Fortim - CE,37,Produto Interno Bruto a preços correntes,2021,312460.299,municipal_gdp,312460.299
2304509,Frecheirinha - CE,37,Produto Interno Bruto a preços correntes,2021,275921.164,municipal_gdp,275921.164
2304608,General Sampaio - CE,37,Produto Interno Bruto a preços correntes,2021,86962.802,municipal_gdp,86962.802
2304657,Graça - CE,37,Produto Interno Bruto a preços correntes,2021,129710.814,municipal_gdp,129710.814
2304707,Granja - CE,37,Produto Interno Bruto a preços correntes,2021,469407.088,municipal_gdp,469407.088
2304806,Granjeiro - CE,37,Produto Interno Bruto a preços correntes,2021,51336.706,municipal_gdp,51336.706
2304905,Groaíras - CE,37,Produto Interno Bruto a preços correntes,2021,110754.980,municipal_gdp,110754.98
2304954,Guaiúba - CE,37,Produto Interno Bruto a preços correntes,2021,231993.411,municipal_gdp,231993.411
2305001,Guaraciaba do Norte - CE,37,Produto Interno Bruto a preços correntes,2021,669208.927,municipal_gdp,669208.927
2305100,Guaramiranga - CE,37,Produto Interno Bruto a preços correntes,2021,80395.842,municipal_gdp,80395.842
2305209,Hidrolândia - CE,37,Produto Interno Bruto a preços correntes,2021,185024.638,municipal_gdp,185024.638
2305233,Horizonte - CE,37,Produto Interno Bruto a preços correntes,2021,2116782.482,municipal_gdp,2116782.482
2305266,Ibaretama - CE,37,Produto Interno Bruto a preços correntes,2021,132265.433,municipal_gdp,132265.433
2305308,Ibiapina - CE,37,Produto Interno Bruto a preços correntes,2021,348539.661,municipal_gdp,348539.661
2305332,Ibicuitinga - CE,37,Produto Interno Bruto a preços correntes,2021,124950.550,municipal_gdp,124950.55
2305357,Icapuí - CE,37,Produto Interno Bruto a preços correntes,2021,411021.425,municipal_gdp,411021.425
2305407,Icó - CE,37,Produto Interno Bruto a preços correntes,2021,737488.907,municipal_gdp,737488.907
2305506,Iguatu - CE,37,Produto Interno Bruto a preços correntes,2021,1904814.790,municipal_gdp,1904814.79
2305605,Independência - CE,37,Produto Interno Bruto a preços correntes,2021,306809.033,municipal_gdp,306809.033
2305654,Ipaporanga - CE,37,Produto Interno Bruto a preços correntes,2021,114127.411,municipal_gdp,114127.411
2305704,Ipaumirim - CE,37,Produto Interno Bruto a preços correntes,2021,143450.636,municipal_gdp,143450.636
2305803,Ipu - CE,37,Produto Interno Bruto a preços correntes,2021,519844.688,municipal_gdp,519844.688
2305902,Ipueiras - CE,37,Produto Interno Bruto a preços correntes,2021,328115.053,municipal_gdp,328115.053
2306009,Iracema - CE,37,Produto Interno Bruto a preços correntes,2021,195282.203,municipal_gdp,195282.203
2306108,Irauçuba - CE,37,Produto Interno Bruto a preços correntes,2021,220294.117,municipal_gdp,220294.117
2306207,Itaiçaba - CE,37,Produto Interno Bruto a preços correntes,2021,82854.556,municipal_gdp,82854.556
2306256,Itaitinga - CE,37,Produto Interno Bruto a preços correntes,2021,1258826.386,municipal_gdp,1258826.386
2306306,Itapajé - CE,37,Produto Interno Bruto a preços correntes,2021,594581.113,municipal_gdp,594581.113
2306405,Itapipoca - CE,37,Produto Interno Bruto a preços correntes,2021,1784006.658,municipal_gdp,1784006.658
2306504,Itapiúna - CE,37,Produto Interno Bruto a preços correntes,2021,170313.920,municipal_gdp,170313.92
2306553,Itarema - CE,37,Produto Interno Bruto a preços correntes,2021,766786.200,municipal_gdp,766786.2
2306603,Itatira - CE,37,Produto Interno Bruto a preços correntes,2021,174029.392,municipal_gdp,174029.392
2306702,Jaguaretama - CE,37,Produto Interno Bruto a preços correntes,2021,226643.899,municipal_gdp,226643.899
2306801,Jaguaribara - CE,37,Produto Interno Bruto a preços correntes,2021,154002.311,municipal_gdp,154002.311
2306900,Jaguaribe - CE,37,Produto Interno Bruto a preços correntes,2021,561174.778,municipal_gdp,561174.778
2307007,Jaguaruana - CE,37,Produto Interno Bruto a preços correntes,2021,566961.051,municipal_gdp,566961.051
2307106,Jardim - CE,37,Produto Interno Bruto a preços correntes,2021,294153.646,municipal_gdp,294153.646
2307205,Jati - CE,37,Produto Interno Bruto a preços correntes,2021,129728.660,municipal_gdp,129728.66
2307254,Jijoca de Jericoacoara - CE,37,Produto Interno Bruto a preços correntes,2021,551637.538,municipal_gdp,551637.538
2307304,Juazeiro do Norte - CE,37,Produto Interno Bruto a preços correntes,2021,5114785.978,municipal_gdp,5114785.978
2307403,Jucás - CE,37,Produto Interno Bruto a preços correntes,2021,319373.493,municipal_gdp,319373.493
2307502,Lavras da Mangabeira - CE,37,Produto Interno Bruto a preços correntes,2021,343303.548,municipal_gdp,343303.548
2307601,Limoeiro do Norte - CE,37,Produto Interno Bruto a preços correntes,2021,1423365.542,municipal_gdp,1423365.542
2307635,Madalena - CE,37,Produto Interno Bruto a preços correntes,2021,174830.573,municipal_gdp,174830.573
2307650,Maracanaú - CE,37,Produto Interno Bruto a preços correntes,2021,12336716.645,municipal_gdp,12336716.645
2307700,Maranguape - CE,37,Produto Interno Bruto a preços correntes,2021,1649527.970,municipal_gdp,1649527.97
2307809,Marco - CE,37,Produto Interno Bruto a preços correntes,2021,390968.799,municipal_gdp,390968.799
2307908,Martinópole - CE,37,Produto Interno Bruto a preços correntes,2021,96326.787,municipal_gdp,96326.787
2308005,Massapê - CE,37,Produto Interno Bruto a preços correntes,2021,378718.498,municipal_gdp,378718.498
2308104,Mauriti - CE,37,Produto Interno Bruto a preços correntes,2021,517495.879,municipal_gdp,517495.879
2308203,Meruoca - CE,37,Produto Interno Bruto a preços correntes,2021,129293.135,municipal_gdp,129293.135
2308302,Milagres - CE,37,Produto Interno Bruto a preços correntes,2021,287223.432,municipal_gdp,287223.432
2308351,Milhã - CE,37,Produto Interno Bruto a preços correntes,2021,195289.998,municipal_gdp,195289.998
2308377,Miraíma - CE,37,Produto Interno Bruto a preços correntes,2021,112599.052,municipal_gdp,112599.052
2308401,Missão Velha - CE,37,Produto Interno Bruto a preços correntes,2021,515936.722,municipal_gdp,515936.722
2308500,Mombaça - CE,37,Produto Interno Bruto a preços correntes,2021,446847.422,municipal_gdp,446847.422
2308609,Monsenhor Tabosa - CE,37,Produto Interno Bruto a preços correntes,2021,160699.121,municipal_gdp,160699.121
2308708,Morada Nova - CE,37,Produto Interno Bruto a preços correntes,2021,1276864.308,municipal_gdp,1276864.308
2308807,Moraújo - CE,37,Produto Interno Bruto a preços correntes,2021,75574.687,municipal_gdp,75574.687
2308906,Morrinhos - CE,37,Produto Interno Bruto a preços correntes,2021,193204.020,municipal_gdp,193204.02
2309003,Mucambo - CE,37,Produto Interno Bruto a preços correntes,2021,131291.770,municipal_gdp,131291.77
2309102,Mulungu - CE,37,Produto Interno Bruto a preços correntes,2021,123801.068,municipal_gdp,123801.068
2309201,Nova Olinda - CE,37,Produto Interno Bruto a preços correntes,2021,163380.546,municipal_gdp,163380.546
2309300,Nova Russas - CE,37,Produto Interno Bruto a preços correntes,2021,336930.448,municipal_gdp,336930.448
2309409,Novo Oriente - CE,37,Produto Interno Bruto a preços correntes,2021,283185.355,municipal_gdp,283185.355
2309458,Ocara - CE,37,Produto Interno Bruto a preços correntes,2021,284835.712,municipal_gdp,284835.712
2309508,Orós - CE,37,Produto Interno Bruto a preços correntes,2021,218899.304,municipal_gdp,218899.304
2309607,Pacajus - CE,37,Produto Interno Bruto a preços correntes,2021,1360535.180,municipal_gdp,1360535.18
2309706,Pacatuba - CE,37,Produto Interno Bruto a preços correntes,2021,1235176.460,municipal_gdp,1235176.46
2309805,Pacoti - CE,37,Produto Interno Bruto a preços correntes,2021,148366.251,municipal_gdp,148366.251
2309904,Pacujá - CE,37,Produto Interno Bruto a preços correntes,2021,59940.436,municipal_gdp,59940.436
2310001,Palhano - CE,37,Produto Interno Bruto a preços correntes,2021,98773.181,municipal_gdp,98773.181
2310100,Palmácia - CE,37,Produto Interno Bruto a preços correntes,2021,115123.989,municipal_gdp,115123.989
2310209,Paracuru - CE,37,Produto Interno Bruto a preços correntes,2021,555930.594,municipal_gdp,555930.594
2310258,Paraipaba - CE,37,Produto Interno Bruto a preços correntes,2021,535128.804,municipal_gdp,535128.804
2310308,Parambu - CE,37,Produto Interno Bruto a preços correntes,2021,288688.707,municipal_gdp,288688.707
2310407,Paramoti - CE,37,Produto Interno Bruto a preços correntes,2021,110908.416,municipal_gdp,110908.416
2310506,Pedra Branca - CE,37,Produto Interno Bruto a preços correntes,2021,389913.901,municipal_gdp,389913.901
2310605,Penaforte - CE,37,Produto Interno Bruto a preços correntes,2021,122161.945,municipal_gdp,122161.945
2310704,Pentecoste - CE,37,Produto Interno Bruto a preços correntes,2021,484760.119,municipal_gdp,484760.119
2310803,Pereiro - CE,37,Produto Interno Bruto a preços correntes,2021,560571.114,municipal_gdp,560571.114
2310852,Pindoretama - CE,37,Produto Interno Bruto a preços correntes,2021,274851.931,municipal_gdp,274851.931
2310902,Piquet Carneiro - CE,37,Produto Interno Bruto a preços correntes,2021,162091.883,municipal_gdp,162091.883
2310951,Pires Ferreira - CE,37,Produto Interno Bruto a preços correntes,2021,84230.034,municipal_gdp,84230.034
2311009,Poranga - CE,37,Produto Interno Bruto a preços correntes,2021,109401.553,municipal_gdp,109401.553
2311108,Porteiras - CE,37,Produto Interno Bruto a preços correntes,2021,186375.042,municipal_gdp,186375.042
2311207,Potengi - CE,37,Produto Interno Bruto a preços correntes,2021,110569.972,municipal_gdp,110569.972
2311231,Potiretama - CE,37,Produto Interno Bruto a preços correntes,2021,96815.605,municipal_gdp,96815.605
2311264,Quiterianópolis - CE,37,Produto Interno Bruto a preços correntes,2021,184720.064,municipal_gdp,184720.064
2311306,Quixadá - CE,37,Produto Interno Bruto a preços correntes,2021,1109868.568,municipal_gdp,1109868.568
2311355,Quixelô - CE,37,Produto Interno Bruto a preços correntes,2021,198819.976,municipal_gdp,198819.976
2311405,Quixeramobim - CE,37,Produto Interno Bruto a preços correntes,2021,1402460.802,municipal_gdp,1402460.802
2311504,Quixeré - CE,37,Produto Interno Bruto a preços correntes,2021,637015.418,municipal_gdp,637015.418
2311603,Redenção - CE,37,Produto Interno Bruto a preços correntes,2021,409866.661,municipal_gdp,409866.661
2311702,Reriutaba - CE,37,Produto Interno Bruto a preços correntes,2021,190709.672,municipal_gdp,190709.672
2311801,Russas - CE,37,Produto Interno Bruto a preços correntes,2021,1158523.296,municipal_gdp,1158523.296
2311900,Saboeiro - CE,37,Produto Interno Bruto a preços correntes,2021,169856.393,municipal_gdp,169856.393
2311959,Salitre - CE,37,Produto Interno Bruto a preços correntes,2021,159283.931,municipal_gdp,159283.931
2312007,Santana do Acaraú - CE,37,Produto Interno Bruto a preços correntes,2021,280072.452,municipal_gdp,280072.452
2312106,Santana do Cariri - CE,37,Produto Interno Bruto a preços correntes,2021,159277.378,municipal_gdp,159277.378
2312205,Santa Quitéria - CE,37,Produto Interno Bruto a preços correntes,2021,633709.937,municipal_gdp,633709.937
2312304,São Benedito - CE,37,Produto Interno Bruto a preços correntes,2021,627180.022,municipal_gdp,627180.022
2312403,São Gonçalo do Amarante - CE,37,Produto Interno Bruto a preços correntes,2021,8624986.628,municipal_gdp,8624986.628
2312502,São João do Jaguaribe - CE,37,Produto Interno Bruto a preços correntes,2021,107898.080,municipal_gdp,107898.08
2312601,São Luís do Curu - CE,37,Produto Interno Bruto a preços correntes,2021,133109.237,municipal_gdp,133109.237
2312700,Senador Pompeu - CE,37,Produto Interno Bruto a preços correntes,2021,352271.547,municipal_gdp,352271.547
2312809,Senador Sá - CE,37,Produto Interno Bruto a preços correntes,2021,62765.572,municipal_gdp,62765.572
2312908,Sobral - CE,37,Produto Interno Bruto a preços correntes,2021,5395130.171,municipal_gdp,5395130.171
2313005,Solonópole - CE,37,Produto Interno Bruto a preços correntes,2021,303283.676,municipal_gdp,303283.676
2313104,Tabuleiro do Norte - CE,37,Produto Interno Bruto a preços correntes,2021,450593.418,municipal_gdp,450593.418
2313203,Tamboril - CE,37,Produto Interno Bruto a preços correntes,2021,282246.661,municipal_gdp,282246.661
2313252,Tarrafas - CE,37,Produto Interno Bruto a preços correntes,2021,85682.029,municipal_gdp,85682.029
2313302,Tauá - CE,37,Produto Interno Bruto a preços correntes,2021,711835.952,municipal_gdp,711835.952
2313351,Tejuçuoca - CE,37,Produto Interno Bruto a preços correntes,2021,136987.601,municipal_gdp,136987.601
2313401,Tianguá - CE,37,Produto Interno Bruto a preços correntes,2021,1732690.100,municipal_gdp,1732690.1
2313500,Trairi - CE,37,Produto Interno Bruto a preços correntes,2021,1115143.708,municipal_gdp,1115143.708
2313559,Tururu - CE,37,Produto Interno Bruto a preços correntes,2021,138078.604,municipal_gdp,138078.604
2313609,Ubajara - CE,37,Produto Interno Bruto a preços correntes,2021,642046.082,municipal_gdp,642046.082
2313708,Umari - CE,37,Produto Interno Bruto a preços correntes,2021,69440.650,municipal_gdp,69440.65
2313757,Umirim - CE,37,Produto Interno Bruto a preços correntes,2021,172797.323,municipal_gdp,172797.323
2313807,Uruburetama - CE,37,Produto Interno Bruto a preços correntes,2021,299474.294,municipal_gdp,299474.294
2313906,Uruoca - CE,37,Produto Interno Bruto a preços correntes,2021,298207.058,municipal_gdp,298207.058
2313955,Varjota - CE,37,Produto Interno Bruto a preços correntes,2021,375819.126,municipal_gdp,375819.126
2314003,Várzea Alegre - CE,37,Produto Interno Bruto a preços correntes,2021,468100.919,municipal_gdp,468100.919
2314102,Viçosa do Ceará - CE,37,Produto Interno Bruto a preços correntes,2021,603320.912,municipal_gdp,603320.912
2400109,Acari - RN,37,Produto Interno Bruto a preços correntes,2021,141991.931,municipal_gdp,141991.931
2400208,Assú - RN,37,Produto Interno Bruto a preços correntes,2021,1467561.990,municipal_gdp,1467561.99
2400307,Afonso Bezerra - RN,37,Produto Interno Bruto a preços correntes,2021,138262.051,municipal_gdp,138262.051
2400406,Água Nova - RN,37,Produto Interno Bruto a preços correntes,2021,34552.095,municipal_gdp,34552.095
2400505,Alexandria - RN,37,Produto Interno Bruto a preços correntes,2021,150788.602,municipal_gdp,150788.602
2400604,Almino Afonso - RN,37,Produto Interno Bruto a preços correntes,2021,50061.102,municipal_gdp,50061.102
2400703,Alto do Rodrigues - RN,37,Produto Interno Bruto a preços correntes,2021,616322.331,municipal_gdp,616322.331
2400802,Angicos - RN,37,Produto Interno Bruto a preços correntes,2021,180163.149,municipal_gdp,180163.149
2400901,Antônio Martins - RN,37,Produto Interno Bruto a preços correntes,2021,65524.996,municipal_gdp,65524.996
2401008,Apodi - RN,37,Produto Interno Bruto a preços correntes,2021,709585.968,municipal_gdp,709585.968
2401107,Areia Branca - RN,37,Produto Interno Bruto a preços correntes,2021,935968.204,municipal_gdp,935968.204
2401206,Arez - RN,37,Produto Interno Bruto a preços correntes,2021,386630.977,municipal_gdp,386630.977
2401305,Campo Grande - RN,37,Produto Interno Bruto a preços correntes,2021,105354.051,municipal_gdp,105354.051
2401404,Baía Formosa - RN,37,Produto Interno Bruto a preços correntes,2021,325030.343,municipal_gdp,325030.343
2401453,Baraúna - RN,37,Produto Interno Bruto a preços correntes,2021,746395.219,municipal_gdp,746395.219
2401503,Barcelona - RN,37,Produto Interno Bruto a preços correntes,2021,45863.612,municipal_gdp,45863.612
2401602,Bento Fernandes - RN,37,Produto Interno Bruto a preços correntes,2021,88428.907,municipal_gdp,88428.907
2401651,Bodó - RN,37,Produto Interno Bruto a preços correntes,2021,286573.534,municipal_gdp,286573.534
2401701,Bom Jesus - RN,37,Produto Interno Bruto a preços correntes,2021,109335.973,municipal_gdp,109335.973
2401800,Brejinho - RN,37,Produto Interno Bruto a preços correntes,2021,139463.466,municipal_gdp,139463.466
2401859,Caiçara do Norte - RN,37,Produto Interno Bruto a preços correntes,2021,112176.100,municipal_gdp,112176.1
2401909,Caiçara do Rio do Vento - RN,37,Produto Interno Bruto a preços correntes,2021,60456.128,municipal_gdp,60456.128
2402006,Caicó - RN,37,Produto Interno Bruto a preços correntes,2021,1394837.913,municipal_gdp,1394837.913
2402105,Campo Redondo - RN,37,Produto Interno Bruto a preços correntes,2021,106965.093,municipal_gdp,106965.093
2402204,Canguaretama - RN,37,Produto Interno Bruto a preços correntes,2021,605672.818,municipal_gdp,605672.818
2402303,Caraúbas - RN,37,Produto Interno Bruto a preços correntes,2021,373656.696,municipal_gdp,373656.696
2402402,Carnaúba dos Dantas - RN,37,Produto Interno Bruto a preços correntes,2021,118371.830,municipal_gdp,118371.83
2402501,Carnaubais - RN,37,Produto Interno Bruto a preços correntes,2021,210948.098,municipal_gdp,210948.098
2402600,Ceará-Mirim - RN,37,Produto Interno Bruto a preços correntes,2021,1002193.003,municipal_gdp,1002193.003
2402709,Cerro Corá - RN,37,Produto Interno Bruto a preços correntes,2021,140410.065,municipal_gdp,140410.065
2402808,Coronel Ezequiel - RN,37,Produto Interno Bruto a preços correntes,2021,52505.974,municipal_gdp,52505.974
2402907,Coronel João Pessoa - RN,37,Produto Interno Bruto a preços correntes,2021,48166.228,municipal_gdp,48166.228
2403004,Cruzeta - RN,37,Produto Interno Bruto a preços correntes,2021,123140.711,municipal_gdp,123140.711
2403103,Currais Novos - RN,37,Produto Interno Bruto a preços correntes,2021,804224.220,municipal_gdp,804224.22
2403202,Doutor Severiano - RN,37,Produto Interno Bruto a preços correntes,2021,78554.809,municipal_gdp,78554.809
2403251,Parnamirim - RN,37,Produto Interno Bruto a preços correntes,2021,6845358.456,municipal_gdp,6845358.456
2403301,Encanto - RN,37,Produto Interno Bruto a preços correntes,2021,62291.545,municipal_gdp,62291.545
2403400,Equador - RN,37,Produto Interno Bruto a preços correntes,2021,81975.601,municipal_gdp,81975.601
2403509,Espírito Santo - RN,37,Produto Interno Bruto a preços correntes,2021,97584.237,municipal_gdp,97584.237
2403608,Extremoz - RN,37,Produto Interno Bruto a preços correntes,2021,570417.878,municipal_gdp,570417.878
2403707,Felipe Guerra - RN,37,Produto Interno Bruto a preços correntes,2021,173824.854,municipal_gdp,173824.854
2403756,Fernando Pedroza - RN,37,Produto Interno Bruto a preços correntes,2021,39068.822,municipal_gdp,39068.822
2403806,Florânia - RN,37,Produto Interno Bruto a preços correntes,2021,120491.664,municipal_gdp,120491.664
2403905,Francisco Dantas - RN,37,Produto Interno Bruto a preços correntes,2021,32757.665,municipal_gdp,32757.665
2404002,Frutuoso Gomes - RN,37,Produto Interno Bruto a preços correntes,2021,44911.035,municipal_gdp,44911.035
2404101,Galinhos - RN,37,Produto Interno Bruto a preços correntes,2021,162615.844,municipal_gdp,162615.844
2404200,Goianinha - RN,37,Produto Interno Bruto a preços correntes,2021,546569.827,municipal_gdp,546569.827
2404309,Governador Dix-Sept Rosado - RN,37,Produto Interno Bruto a preços correntes,2021,386258.856,municipal_gdp,386258.856
2404408,Grossos - RN,37,Produto Interno Bruto a preços correntes,2021,158307.973,municipal_gdp,158307.973
2404507,Guamaré - RN,37,Produto Interno Bruto a preços correntes,2021,2042132.536,municipal_gdp,2042132.536
2404606,Ielmo Marinho - RN,37,Produto Interno Bruto a preços correntes,2021,140718.395,municipal_gdp,140718.395
2404705,Ipanguaçu - RN,37,Produto Interno Bruto a preços correntes,2021,196498.337,municipal_gdp,196498.337
2404804,Ipueira - RN,37,Produto Interno Bruto a preços correntes,2021,34928.891,municipal_gdp,34928.891
2404853,Itajá - RN,37,Produto Interno Bruto a preços correntes,2021,99443.547,municipal_gdp,99443.547
2404903,Itaú - RN,37,Produto Interno Bruto a preços correntes,2021,73781.100,municipal_gdp,73781.1
2405009,Jaçanã - RN,37,Produto Interno Bruto a preços correntes,2021,86388.866,municipal_gdp,86388.866
2405108,Jandaíra - RN,37,Produto Interno Bruto a preços correntes,2021,101428.753,municipal_gdp,101428.753
2405207,Janduís - RN,37,Produto Interno Bruto a preços correntes,2021,84497.183,municipal_gdp,84497.183
2405306,Januário Cicco - RN,37,Produto Interno Bruto a preços correntes,2021,84898.647,municipal_gdp,84898.647
2405405,Japi - RN,37,Produto Interno Bruto a preços correntes,2021,51546.731,municipal_gdp,51546.731
2405504,Jardim de Angicos - RN,37,Produto Interno Bruto a preços correntes,2021,64390.780,municipal_gdp,64390.78
2405603,Jardim de Piranhas - RN,37,Produto Interno Bruto a preços correntes,2021,213313.206,municipal_gdp,213313.206
2405702,Jardim do Seridó - RN,37,Produto Interno Bruto a preços correntes,2021,207991.093,municipal_gdp,207991.093
2405801,João Câmara - RN,37,Produto Interno Bruto a preços correntes,2021,1269832.854,municipal_gdp,1269832.854
2405900,João Dias - RN,37,Produto Interno Bruto a preços correntes,2021,27990.632,municipal_gdp,27990.632
2406007,José da Penha - RN,37,Produto Interno Bruto a preços correntes,2021,67413.352,municipal_gdp,67413.352
2406106,Jucurutu - RN,37,Produto Interno Bruto a preços correntes,2021,315838.141,municipal_gdp,315838.141
2406155,Jundiá - RN,37,Produto Interno Bruto a preços correntes,2021,42146.913,municipal_gdp,42146.913
2406205,Lagoa d'Anta - RN,37,Produto Interno Bruto a preços correntes,2021,70837.262,municipal_gdp,70837.262
2406304,Lagoa de Pedras - RN,37,Produto Interno Bruto a preços correntes,2021,81380.779,municipal_gdp,81380.779
2406403,Lagoa de Velhos - RN,37,Produto Interno Bruto a preços correntes,2021,38240.437,municipal_gdp,38240.437
2406502,Lagoa Nova - RN,37,Produto Interno Bruto a preços correntes,2021,269032.449,municipal_gdp,269032.449
2406601,Lagoa Salgada - RN,37,Produto Interno Bruto a preços correntes,2021,94310.674,municipal_gdp,94310.674
2406700,Lajes - RN,37,Produto Interno Bruto a preços correntes,2021,165927.595,municipal_gdp,165927.595
2406809,Lajes Pintadas - RN,37,Produto Interno Bruto a preços correntes,2021,51593.421,municipal_gdp,51593.421
2406908,Lucrécia - RN,37,Produto Interno Bruto a preços correntes,2021,51509.206,municipal_gdp,51509.206
2407005,Luís Gomes - RN,37,Produto Interno Bruto a preços correntes,2021,87825.117,municipal_gdp,87825.117
2407104,Macaíba - RN,37,Produto Interno Bruto a preços correntes,2021,1828142.061,municipal_gdp,1828142.061
2407203,Macau - RN,37,Produto Interno Bruto a preços correntes,2021,1111117.526,municipal_gdp,1111117.526
2407252,Major Sales - RN,37,Produto Interno Bruto a preços correntes,2021,48002.880,municipal_gdp,48002.88
2407302,Marcelino Vieira - RN,37,Produto Interno Bruto a preços correntes,2021,82888.835,municipal_gdp,82888.835
2407401,Martins - RN,37,Produto Interno Bruto a preços correntes,2021,108193.727,municipal_gdp,108193.727
2407500,Maxaranguape - RN,37,Produto Interno Bruto a preços correntes,2021,134892.056,municipal_gdp,134892.056
2407609,Messias Targino - RN,37,Produto Interno Bruto a preços correntes,2021,55529.237,municipal_gdp,55529.237
2407708,Montanhas - RN,37,Produto Interno Bruto a preços correntes,2021,130282.289,municipal_gdp,130282.289
2407807,Monte Alegre - RN,37,Produto Interno Bruto a preços correntes,2021,271451.347,municipal_gdp,271451.347
2407906,Monte das Gameleiras - RN,37,Produto Interno Bruto a preços correntes,2021,32365.713,municipal_gdp,32365.713
2408003,Mossoró - RN,37,Produto Interno Bruto a preços correntes,2021,8071718.831,municipal_gdp,8071718.831
2408102,Natal - RN,37,Produto Interno Bruto a preços correntes,2021,24186139.008,municipal_gdp,24186139.008
2408201,Nísia Floresta - RN,37,Produto Interno Bruto a preços correntes,2021,474715.850,municipal_gdp,474715.85
2408300,Nova Cruz - RN,37,Produto Interno Bruto a preços correntes,2021,560495.035,municipal_gdp,560495.035
2408409,Olho d'Água do Borges - RN,37,Produto Interno Bruto a preços correntes,2021,47532.159,municipal_gdp,47532.159
2408508,Ouro Branco - RN,37,Produto Interno Bruto a preços correntes,2021,61703.283,municipal_gdp,61703.283
2408607,Paraná - RN,37,Produto Interno Bruto a preços correntes,2021,43930.329,municipal_gdp,43930.329
2408706,Paraú - RN,37,Produto Interno Bruto a preços correntes,2021,55256.393,municipal_gdp,55256.393
2408805,Parazinho - RN,37,Produto Interno Bruto a preços correntes,2021,606239.324,municipal_gdp,606239.324
2408904,Parelhas - RN,37,Produto Interno Bruto a preços correntes,2021,368923.531,municipal_gdp,368923.531
2408953,Rio do Fogo - RN,37,Produto Interno Bruto a preços correntes,2021,185589.707,municipal_gdp,185589.707
2409100,Passa e Fica - RN,37,Produto Interno Bruto a preços correntes,2021,152321.706,municipal_gdp,152321.706
2409209,Passagem - RN,37,Produto Interno Bruto a preços correntes,2021,46128.001,municipal_gdp,46128.001
2409308,Patu - RN,37,Produto Interno Bruto a preços correntes,2021,160911.859,municipal_gdp,160911.859
2409332,Santa Maria - RN,37,Produto Interno Bruto a preços correntes,2021,78031.177,municipal_gdp,78031.177
2409407,Pau dos Ferros - RN,37,Produto Interno Bruto a preços correntes,2021,709328.018,municipal_gdp,709328.018
2409506,Pedra Grande - RN,37,Produto Interno Bruto a preços correntes,2021,293282.636,municipal_gdp,293282.636
2409605,Pedra Preta - RN,37,Produto Interno Bruto a preços correntes,2021,36126.388,municipal_gdp,36126.388
2409704,Pedro Avelino - RN,37,Produto Interno Bruto a preços correntes,2021,79993.776,municipal_gdp,79993.776
2409803,Pedro Velho - RN,37,Produto Interno Bruto a preços correntes,2021,173615.156,municipal_gdp,173615.156
2409902,Pendências - RN,37,Produto Interno Bruto a preços correntes,2021,757490.693,municipal_gdp,757490.693
2410009,Pilões - RN,37,Produto Interno Bruto a preços correntes,2021,41828.534,municipal_gdp,41828.534
2410108,Poço Branco - RN,37,Produto Interno Bruto a preços correntes,2021,131859.278,municipal_gdp,131859.278
2410207,Portalegre - RN,37,Produto Interno Bruto a preços correntes,2021,78932.905,municipal_gdp,78932.905
2410256,Porto do Mangue - RN,37,Produto Interno Bruto a preços correntes,2021,149471.167,municipal_gdp,149471.167
2410306,Serra Caiada - RN,37,Produto Interno Bruto a preços correntes,2021,109305.752,municipal_gdp,109305.752
2410405,Pureza - RN,37,Produto Interno Bruto a preços correntes,2021,169428.175,municipal_gdp,169428.175
2410504,Rafael Fernandes - RN,37,Produto Interno Bruto a preços correntes,2021,53270.721,municipal_gdp,53270.721
2410603,Rafael Godeiro - RN,37,Produto Interno Bruto a preços correntes,2021,43450.248,municipal_gdp,43450.248
2410702,Riacho da Cruz - RN,37,Produto Interno Bruto a preços correntes,2021,37506.600,municipal_gdp,37506.6
2410801,Riacho de Santana - RN,37,Produto Interno Bruto a preços correntes,2021,43512.450,municipal_gdp,43512.45
2410900,Riachuelo - RN,37,Produto Interno Bruto a preços correntes,2021,192155.869,municipal_gdp,192155.869
2411007,Rodolfo Fernandes - RN,37,Produto Interno Bruto a preços correntes,2021,59192.112,municipal_gdp,59192.112
2411056,Tibau - RN,37,Produto Interno Bruto a preços correntes,2021,115022.291,municipal_gdp,115022.291
2411106,Ruy Barbosa - RN,37,Produto Interno Bruto a preços correntes,2021,126772.017,municipal_gdp,126772.017
2411205,Santa Cruz - RN,37,Produto Interno Bruto a preços correntes,2021,619036.156,municipal_gdp,619036.156
2411403,Santana do Matos - RN,37,Produto Interno Bruto a preços correntes,2021,147037.256,municipal_gdp,147037.256
2411429,Santana do Seridó - RN,37,Produto Interno Bruto a preços correntes,2021,36353.453,municipal_gdp,36353.453
2411502,Santo Antônio - RN,37,Produto Interno Bruto a preços correntes,2021,302532.522,municipal_gdp,302532.522
2411601,São Bento do Norte - RN,37,Produto Interno Bruto a preços correntes,2021,549241.307,municipal_gdp,549241.307
2411700,São Bento do Trairí - RN,37,Produto Interno Bruto a preços correntes,2021,45622.513,municipal_gdp,45622.513
2411809,São Fernando - RN,37,Produto Interno Bruto a preços correntes,2021,63596.419,municipal_gdp,63596.419
2411908,São Francisco do Oeste - RN,37,Produto Interno Bruto a preços correntes,2021,54446.801,municipal_gdp,54446.801
2412005,São Gonçalo do Amarante - RN,37,Produto Interno Bruto a preços correntes,2021,1905640.708,municipal_gdp,1905640.708
2412104,São João do Sabugi - RN,37,Produto Interno Bruto a preços correntes,2021,84585.211,municipal_gdp,84585.211
2412203,São José de Mipibu - RN,37,Produto Interno Bruto a preços correntes,2021,1040955.618,municipal_gdp,1040955.618
2412302,São José do Campestre - RN,37,Produto Interno Bruto a preços correntes,2021,125089.897,municipal_gdp,125089.897
2412401,São José do Seridó - RN,37,Produto Interno Bruto a preços correntes,2021,83853.885,municipal_gdp,83853.885
2412500,São Miguel - RN,37,Produto Interno Bruto a preços correntes,2021,319739.860,municipal_gdp,319739.86
2412559,São Miguel do Gostoso - RN,37,Produto Interno Bruto a preços correntes,2021,492637.037,municipal_gdp,492637.037
2412609,São Paulo do Potengi - RN,37,Produto Interno Bruto a preços correntes,2021,231551.940,municipal_gdp,231551.94
2412708,São Pedro - RN,37,Produto Interno Bruto a preços correntes,2021,55799.443,municipal_gdp,55799.443
2412807,São Rafael - RN,37,Produto Interno Bruto a preços correntes,2021,88674.342,municipal_gdp,88674.342
2412906,São Tomé - RN,37,Produto Interno Bruto a preços correntes,2021,111773.156,municipal_gdp,111773.156
2413003,São Vicente - RN,37,Produto Interno Bruto a preços correntes,2021,76920.408,municipal_gdp,76920.408
2413102,Senador Elói de Souza - RN,37,Produto Interno Bruto a preços correntes,2021,60474.830,municipal_gdp,60474.83
2413201,Senador Georgino Avelino - RN,37,Produto Interno Bruto a preços correntes,2021,116485.756,municipal_gdp,116485.756
2413300,Serra de São Bento - RN,37,Produto Interno Bruto a preços correntes,2021,57409.611,municipal_gdp,57409.611
2413359,Serra do Mel - RN,37,Produto Interno Bruto a preços correntes,2021,858720.705,municipal_gdp,858720.705
2413409,Serra Negra do Norte - RN,37,Produto Interno Bruto a preços correntes,2021,118874.306,municipal_gdp,118874.306
2413508,Serrinha - RN,37,Produto Interno Bruto a preços correntes,2021,71896.850,municipal_gdp,71896.85
2413557,Serrinha dos Pintos - RN,37,Produto Interno Bruto a preços correntes,2021,49786.348,municipal_gdp,49786.348
2413607,Severiano Melo - RN,37,Produto Interno Bruto a preços correntes,2021,63098.203,municipal_gdp,63098.203
2413706,Sítio Novo - RN,37,Produto Interno Bruto a preços correntes,2021,53783.104,municipal_gdp,53783.104
2413805,Taboleiro Grande - RN,37,Produto Interno Bruto a preços correntes,2021,32472.004,municipal_gdp,32472.004
2413904,Taipu - RN,37,Produto Interno Bruto a preços correntes,2021,155197.134,municipal_gdp,155197.134
2414001,Tangará - RN,37,Produto Interno Bruto a preços correntes,2021,201782.164,municipal_gdp,201782.164
2414100,Tenente Ananias - RN,37,Produto Interno Bruto a preços correntes,2021,113585.861,municipal_gdp,113585.861
2414159,Tenente Laurentino Cruz - RN,37,Produto Interno Bruto a preços correntes,2021,107283.971,municipal_gdp,107283.971
2414209,Tibau do Sul - RN,37,Produto Interno Bruto a preços correntes,2021,415828.650,municipal_gdp,415828.65
2414308,Timbaúba dos Batistas - RN,37,Produto Interno Bruto a preços correntes,2021,43617.334,municipal_gdp,43617.334
2414407,Touros - RN,37,Produto Interno Bruto a preços correntes,2021,814837.827,municipal_gdp,814837.827
2414456,Triunfo Potiguar - RN,37,Produto Interno Bruto a preços correntes,2021,45829.479,municipal_gdp,45829.479
2414506,Umarizal - RN,37,Produto Interno Bruto a preços correntes,2021,151205.386,municipal_gdp,151205.386
2414605,Upanema - RN,37,Produto Interno Bruto a preços correntes,2021,214152.413,municipal_gdp,214152.413
2414704,Várzea - RN,37,Produto Interno Bruto a preços correntes,2021,56555.177,municipal_gdp,56555.177
2414753,Venha-Ver - RN,37,Produto Interno Bruto a preços correntes,2021,43201.820,municipal_gdp,43201.82
2414803,Vera Cruz - RN,37,Produto Interno Bruto a preços correntes,2021,133469.110,municipal_gdp,133469.11
2414902,Viçosa - RN,37,Produto Interno Bruto a preços correntes,2021,23238.192,municipal_gdp,23238.192
2415008,Vila Flor - RN,37,Produto Interno Bruto a preços correntes,2021,44402.939,municipal_gdp,44402.939
2500106,Água Branca - PB,37,Produto Interno Bruto a preços correntes,2021,92268.329,municipal_gdp,92268.329
2500205,Aguiar - PB,37,Produto Interno Bruto a preços correntes,2021,60255.576,municipal_gdp,60255.576
2500304,Alagoa Grande - PB,37,Produto Interno Bruto a preços correntes,2021,300766.384,municipal_gdp,300766.384
2500403,Alagoa Nova - PB,37,Produto Interno Bruto a preços correntes,2021,335568.446,municipal_gdp,335568.446
2500502,Alagoinha - PB,37,Produto Interno Bruto a preços correntes,2021,138844.393,municipal_gdp,138844.393
2500536,Alcantil - PB,37,Produto Interno Bruto a preços correntes,2021,55221.414,municipal_gdp,55221.414
2500577,Algodão de Jandaíra - PB,37,Produto Interno Bruto a preços correntes,2021,28687.686,municipal_gdp,28687.686
2500601,Alhandra - PB,37,Produto Interno Bruto a preços correntes,2021,3391901.194,municipal_gdp,3391901.194
2500700,São João do Rio do Peixe - PB,37,Produto Interno Bruto a preços correntes,2021,226325.939,municipal_gdp,226325.939
2500734,Amparo - PB,37,Produto Interno Bruto a preços correntes,2021,29514.119,municipal_gdp,29514.119
2500775,Aparecida - PB,37,Produto Interno Bruto a preços correntes,2021,105562.098,municipal_gdp,105562.098
2500809,Araçagi - PB,37,Produto Interno Bruto a preços correntes,2021,186120.697,municipal_gdp,186120.697
2500908,Arara - PB,37,Produto Interno Bruto a preços correntes,2021,112505.436,municipal_gdp,112505.436
2501005,Araruna - PB,37,Produto Interno Bruto a preços correntes,2021,204617.850,municipal_gdp,204617.85
2501104,Areia - PB,37,Produto Interno Bruto a preços correntes,2021,258030.317,municipal_gdp,258030.317
2501153,Areia de Baraúnas - PB,37,Produto Interno Bruto a preços correntes,2021,26145.736,municipal_gdp,26145.736
2501203,Areial - PB,37,Produto Interno Bruto a preços correntes,2021,62685.654,municipal_gdp,62685.654
2501302,Aroeiras - PB,37,Produto Interno Bruto a preços correntes,2021,286086.029,municipal_gdp,286086.029
2501351,Assunção - PB,37,Produto Interno Bruto a preços correntes,2021,48604.696,municipal_gdp,48604.696
2501401,Baía da Traição - PB,37,Produto Interno Bruto a preços correntes,2021,108130.005,municipal_gdp,108130.005
2501500,Bananeiras - PB,37,Produto Interno Bruto a preços correntes,2021,279646.766,municipal_gdp,279646.766
2501534,Baraúna - PB,37,Produto Interno Bruto a preços correntes,2021,49872.389,municipal_gdp,49872.389
2501575,Barra de Santana - PB,37,Produto Interno Bruto a preços correntes,2021,90979.711,municipal_gdp,90979.711
2501609,Barra de Santa Rosa - PB,37,Produto Interno Bruto a preços correntes,2021,151139.756,municipal_gdp,151139.756
2501708,Barra de São Miguel - PB,37,Produto Interno Bruto a preços correntes,2021,85061.057,municipal_gdp,85061.057
2501807,Bayeux - PB,37,Produto Interno Bruto a preços correntes,2021,1367699.814,municipal_gdp,1367699.814
2501906,Belém - PB,37,Produto Interno Bruto a preços correntes,2021,217641.894,municipal_gdp,217641.894
2502003,Belém do Brejo do Cruz - PB,37,Produto Interno Bruto a preços correntes,2021,78753.671,municipal_gdp,78753.671
2502052,Bernardino Batista - PB,37,Produto Interno Bruto a preços correntes,2021,40114.689,municipal_gdp,40114.689
2502102,Boa Ventura - PB,37,Produto Interno Bruto a preços correntes,2021,51771.123,municipal_gdp,51771.123
2502151,Boa Vista - PB,37,Produto Interno Bruto a preços correntes,2021,203601.208,municipal_gdp,203601.208
2502201,Bom Jesus - PB,37,Produto Interno Bruto a preços correntes,2021,32154.436,municipal_gdp,32154.436
2502300,Bom Sucesso - PB,37,Produto Interno Bruto a preços correntes,2021,54737.575,municipal_gdp,54737.575
2502409,Bonito de Santa Fé - PB,37,Produto Interno Bruto a preços correntes,2021,96759.554,municipal_gdp,96759.554
2502508,Boqueirão - PB,37,Produto Interno Bruto a preços correntes,2021,260286.609,municipal_gdp,260286.609
2502607,Igaracy - PB,37,Produto Interno Bruto a preços correntes,2021,60876.703,municipal_gdp,60876.703
2502706,Borborema - PB,37,Produto Interno Bruto a preços correntes,2021,69315.430,municipal_gdp,69315.43
2502805,Brejo do Cruz - PB,37,Produto Interno Bruto a preços correntes,2021,147569.408,municipal_gdp,147569.408
2502904,Brejo dos Santos - PB,37,Produto Interno Bruto a preços correntes,2021,64523.189,municipal_gdp,64523.189
2503001,Caaporã - PB,37,Produto Interno Bruto a preços correntes,2021,416707.206,municipal_gdp,416707.206
2503100,Cabaceiras - PB,37,Produto Interno Bruto a preços correntes,2021,116783.766,municipal_gdp,116783.766
2503209,Cabedelo - PB,37,Produto Interno Bruto a preços correntes,2021,3137677.146,municipal_gdp,3137677.146
2503308,Cachoeira dos Índios - PB,37,Produto Interno Bruto a preços correntes,2021,125141.305,municipal_gdp,125141.305
2503407,Cacimba de Areia - PB,37,Produto Interno Bruto a preços correntes,2021,39216.719,municipal_gdp,39216.719
2503506,Cacimba de Dentro - PB,37,Produto Interno Bruto a preços correntes,2021,154292.868,municipal_gdp,154292.868
2503555,Cacimbas - PB,37,Produto Interno Bruto a preços correntes,2021,67250.752,municipal_gdp,67250.752
2503605,Caiçara - PB,37,Produto Interno Bruto a preços correntes,2021,65797.414,municipal_gdp,65797.414
2503704,Cajazeiras - PB,37,Produto Interno Bruto a preços correntes,2021,1231837.204,municipal_gdp,1231837.204
2503753,Cajazeirinhas - PB,37,Produto Interno Bruto a preços correntes,2021,42139.939,municipal_gdp,42139.939
2503803,Caldas Brandão - PB,37,Produto Interno Bruto a preços correntes,2021,74926.873,municipal_gdp,74926.873
2503902,Camalaú - PB,37,Produto Interno Bruto a preços correntes,2021,71860.250,municipal_gdp,71860.25
2504009,Campina Grande - PB,37,Produto Interno Bruto a preços correntes,2021,10349781.259,municipal_gdp,10349781.259
2504033,Capim - PB,37,Produto Interno Bruto a preços correntes,2021,75876.451,municipal_gdp,75876.451
2504074,Caraúbas - PB,37,Produto Interno Bruto a preços correntes,2021,42316.594,municipal_gdp,42316.594
2504108,Carrapateira - PB,37,Produto Interno Bruto a preços correntes,2021,31011.398,municipal_gdp,31011.398
2504157,Casserengue - PB,37,Produto Interno Bruto a preços correntes,2021,70121.843,municipal_gdp,70121.843
2504207,Catingueira - PB,37,Produto Interno Bruto a preços correntes,2021,53094.909,municipal_gdp,53094.909
2504306,Catolé do Rocha - PB,37,Produto Interno Bruto a preços correntes,2021,506808.837,municipal_gdp,506808.837
2504355,Caturité - PB,37,Produto Interno Bruto a preços correntes,2021,61814.279,municipal_gdp,61814.279
2504405,Conceição - PB,37,Produto Interno Bruto a preços correntes,2021,209556.099,municipal_gdp,209556.099
2504504,Condado - PB,37,Produto Interno Bruto a preços correntes,2021,90622.792,municipal_gdp,90622.792
2504603,Conde - PB,37,Produto Interno Bruto a preços correntes,2021,1274198.467,municipal_gdp,1274198.467
2504702,Congo - PB,37,Produto Interno Bruto a preços correntes,2021,61917.353,municipal_gdp,61917.353
2504801,Coremas - PB,37,Produto Interno Bruto a preços correntes,2021,250138.181,municipal_gdp,250138.181
2504850,Coxixola - PB,37,Produto Interno Bruto a preços correntes,2021,24115.038,municipal_gdp,24115.038
2504900,Cruz do Espírito Santo - PB,37,Produto Interno Bruto a preços correntes,2021,191763.519,municipal_gdp,191763.519
2505006,Cubati - PB,37,Produto Interno Bruto a preços correntes,2021,76970.307,municipal_gdp,76970.307
2505105,Cuité - PB,37,Produto Interno Bruto a preços correntes,2021,220942.764,municipal_gdp,220942.764
2505204,Cuitegi - PB,37,Produto Interno Bruto a preços correntes,2021,66816.871,municipal_gdp,66816.871
2505238,Cuité de Mamanguape - PB,37,Produto Interno Bruto a preços correntes,2021,74254.219,municipal_gdp,74254.219
2505279,Curral de Cima - PB,37,Produto Interno Bruto a preços correntes,2021,55713.980,municipal_gdp,55713.98
2505303,Curral Velho - PB,37,Produto Interno Bruto a preços correntes,2021,26853.330,municipal_gdp,26853.33
2505352,Damião - PB,37,Produto Interno Bruto a preços correntes,2021,50367.937,municipal_gdp,50367.937
2505402,Desterro - PB,37,Produto Interno Bruto a preços correntes,2021,72919.876,municipal_gdp,72919.876
2505501,Vista Serrana - PB,37,Produto Interno Bruto a preços correntes,2021,39511.310,municipal_gdp,39511.31
2505600,Diamante - PB,37,Produto Interno Bruto a preços correntes,2021,59526.827,municipal_gdp,59526.827
2505709,Dona Inês - PB,37,Produto Interno Bruto a preços correntes,2021,94022.083,municipal_gdp,94022.083
2505808,Duas Estradas - PB,37,Produto Interno Bruto a preços correntes,2021,45155.445,municipal_gdp,45155.445
2505907,Emas - PB,37,Produto Interno Bruto a preços correntes,2021,41741.393,municipal_gdp,41741.393
2506004,Esperança - PB,37,Produto Interno Bruto a preços correntes,2021,709828.042,municipal_gdp,709828.042
2506103,Fagundes - PB,37,Produto Interno Bruto a preços correntes,2021,105578.849,municipal_gdp,105578.849
2506202,Frei Martinho - PB,37,Produto Interno Bruto a preços correntes,2021,30352.454,municipal_gdp,30352.454
2506251,Gado Bravo - PB,37,Produto Interno Bruto a preços correntes,2021,76349.590,municipal_gdp,76349.59
2506301,Guarabira - PB,37,Produto Interno Bruto a preços correntes,2021,1778823.634,municipal_gdp,1778823.634
2506400,Gurinhém - PB,37,Produto Interno Bruto a preços correntes,2021,151393.058,municipal_gdp,151393.058
2506509,Gurjão - PB,37,Produto Interno Bruto a preços correntes,2021,38416.956,municipal_gdp,38416.956
2506608,Ibiara - PB,37,Produto Interno Bruto a preços correntes,2021,58012.330,municipal_gdp,58012.33
2506707,Imaculada - PB,37,Produto Interno Bruto a preços correntes,2021,98469.848,municipal_gdp,98469.848
2506806,Ingá - PB,37,Produto Interno Bruto a preços correntes,2021,195441.872,municipal_gdp,195441.872
2506905,Itabaiana - PB,37,Produto Interno Bruto a preços correntes,2021,336826.150,municipal_gdp,336826.15
2507002,Itaporanga - PB,37,Produto Interno Bruto a preços correntes,2021,342218.929,municipal_gdp,342218.929
2507101,Itapororoca - PB,37,Produto Interno Bruto a preços correntes,2021,206833.518,municipal_gdp,206833.518
2507200,Itatuba - PB,37,Produto Interno Bruto a preços correntes,2021,154473.656,municipal_gdp,154473.656
2507309,Jacaraú - PB,37,Produto Interno Bruto a preços correntes,2021,165480.781,municipal_gdp,165480.781
2507408,Jericó - PB,37,Produto Interno Bruto a preços correntes,2021,76561.037,municipal_gdp,76561.037
2507507,João Pessoa - PB,37,Produto Interno Bruto a preços correntes,2021,21865637.262,municipal_gdp,21865637.262
2507606,Juarez Távora - PB,37,Produto Interno Bruto a preços correntes,2021,73278.783,municipal_gdp,73278.783
2507705,Juazeirinho - PB,37,Produto Interno Bruto a preços correntes,2021,210737.821,municipal_gdp,210737.821
2507804,Junco do Seridó - PB,37,Produto Interno Bruto a preços correntes,2021,96810.665,municipal_gdp,96810.665
2507903,Juripiranga - PB,37,Produto Interno Bruto a preços correntes,2021,117630.635,municipal_gdp,117630.635
2508000,Juru - PB,37,Produto Interno Bruto a preços correntes,2021,87525.431,municipal_gdp,87525.431
2508109,Lagoa - PB,37,Produto Interno Bruto a preços correntes,2021,51363.875,municipal_gdp,51363.875
2508208,Lagoa de Dentro - PB,37,Produto Interno Bruto a preços correntes,2021,83715.713,municipal_gdp,83715.713
2508307,Lagoa Seca - PB,37,Produto Interno Bruto a preços correntes,2021,310520.156,municipal_gdp,310520.156
2508406,Lastro - PB,37,Produto Interno Bruto a preços correntes,2021,29567.105,municipal_gdp,29567.105
2508505,Livramento - PB,37,Produto Interno Bruto a preços correntes,2021,70181.883,municipal_gdp,70181.883
2508554,Logradouro - PB,37,Produto Interno Bruto a preços correntes,2021,48758.984,municipal_gdp,48758.984
2508604,Lucena - PB,37,Produto Interno Bruto a preços correntes,2021,222861.622,municipal_gdp,222861.622
2508703,Mãe d'Água - PB,37,Produto Interno Bruto a preços correntes,2021,38696.080,municipal_gdp,38696.08
2508802,Malta - PB,37,Produto Interno Bruto a preços correntes,2021,79950.894,municipal_gdp,79950.894
2508901,Mamanguape - PB,37,Produto Interno Bruto a preços correntes,2021,807656.620,municipal_gdp,807656.62
2509008,Manaíra - PB,37,Produto Interno Bruto a preços correntes,2021,101622.726,municipal_gdp,101622.726
2509057,Marcação - PB,37,Produto Interno Bruto a preços correntes,2021,104109.603,municipal_gdp,104109.603
2509107,Mari - PB,37,Produto Interno Bruto a preços correntes,2021,242495.905,municipal_gdp,242495.905
2509156,Marizópolis - PB,37,Produto Interno Bruto a preços correntes,2021,82150.794,municipal_gdp,82150.794
2509206,Massaranduba - PB,37,Produto Interno Bruto a preços correntes,2021,130597.301,municipal_gdp,130597.301
2509305,Mataraca - PB,37,Produto Interno Bruto a preços correntes,2021,229876.266,municipal_gdp,229876.266
2509339,Matinhas - PB,37,Produto Interno Bruto a preços correntes,2021,54111.170,municipal_gdp,54111.17
2509370,Mato Grosso - PB,37,Produto Interno Bruto a preços correntes,2021,31916.145,municipal_gdp,31916.145
2509396,Maturéia - PB,37,Produto Interno Bruto a preços correntes,2021,61961.897,municipal_gdp,61961.897
2509404,Mogeiro - PB,37,Produto Interno Bruto a preços correntes,2021,164587.968,municipal_gdp,164587.968
2509503,Montadas - PB,37,Produto Interno Bruto a preços correntes,2021,55404.905,municipal_gdp,55404.905
2509602,Monte Horebe - PB,37,Produto Interno Bruto a preços correntes,2021,48172.954,municipal_gdp,48172.954
2509701,Monteiro - PB,37,Produto Interno Bruto a preços correntes,2021,636488.171,municipal_gdp,636488.171
2509800,Mulungu - PB,37,Produto Interno Bruto a preços correntes,2021,98546.578,municipal_gdp,98546.578
2509909,Natuba - PB,37,Produto Interno Bruto a preços correntes,2021,95639.020,municipal_gdp,95639.02
2510006,Nazarezinho - PB,37,Produto Interno Bruto a preços correntes,2021,66198.385,municipal_gdp,66198.385
2510105,Nova Floresta - PB,37,Produto Interno Bruto a preços correntes,2021,99828.004,municipal_gdp,99828.004
2510204,Nova Olinda - PB,37,Produto Interno Bruto a preços correntes,2021,57973.233,municipal_gdp,57973.233
2510303,Nova Palmeira - PB,37,Produto Interno Bruto a preços correntes,2021,49110.651,municipal_gdp,49110.651
2510402,Olho d'Água - PB,37,Produto Interno Bruto a preços correntes,2021,62017.957,municipal_gdp,62017.957
2510501,Olivedos - PB,37,Produto Interno Bruto a preços correntes,2021,43664.376,municipal_gdp,43664.376
2510600,Ouro Velho - PB,37,Produto Interno Bruto a preços correntes,2021,38370.596,municipal_gdp,38370.596
2510659,Parari - PB,37,Produto Interno Bruto a preços correntes,2021,21547.024,municipal_gdp,21547.024
2510709,Passagem - PB,37,Produto Interno Bruto a preços correntes,2021,28934.734,municipal_gdp,28934.734
2510808,Patos - PB,37,Produto Interno Bruto a preços correntes,2021,1998301.563,municipal_gdp,1998301.563
2510907,Paulista - PB,37,Produto Interno Bruto a preços correntes,2021,157585.972,municipal_gdp,157585.972
2511004,Pedra Branca - PB,37,Produto Interno Bruto a preços correntes,2021,37568.346,municipal_gdp,37568.346
2511103,Pedra Lavrada - PB,37,Produto Interno Bruto a preços correntes,2021,80276.354,municipal_gdp,80276.354
2511202,Pedras de Fogo - PB,37,Produto Interno Bruto a preços correntes,2021,656965.579,municipal_gdp,656965.579
2511301,Piancó - PB,37,Produto Interno Bruto a preços correntes,2021,206945.862,municipal_gdp,206945.862
2511400,Picuí - PB,37,Produto Interno Bruto a preços correntes,2021,213731.075,municipal_gdp,213731.075
2511509,Pilar - PB,37,Produto Interno Bruto a preços correntes,2021,122046.864,municipal_gdp,122046.864
2511608,Pilões - PB,37,Produto Interno Bruto a preços correntes,2021,95608.755,municipal_gdp,95608.755
2511707,Pilõezinhos - PB,37,Produto Interno Bruto a preços correntes,2021,51324.387,municipal_gdp,51324.387
2511806,Pirpirituba - PB,37,Produto Interno Bruto a preços correntes,2021,95326.544,municipal_gdp,95326.544
2511905,Pitimbu - PB,37,Produto Interno Bruto a preços correntes,2021,431303.626,municipal_gdp,431303.626
2512002,Pocinhos - PB,37,Produto Interno Bruto a preços correntes,2021,285030.661,municipal_gdp,285030.661
2512036,Poço Dantas - PB,37,Produto Interno Bruto a preços correntes,2021,40317.935,municipal_gdp,40317.935
2512077,Poço de José de Moura - PB,37,Produto Interno Bruto a preços correntes,2021,46932.259,municipal_gdp,46932.259
2512101,Pombal - PB,37,Produto Interno Bruto a preços correntes,2021,466595.668,municipal_gdp,466595.668
2512200,Prata - PB,37,Produto Interno Bruto a preços correntes,2021,64814.204,municipal_gdp,64814.204
2512309,Princesa Isabel - PB,37,Produto Interno Bruto a preços correntes,2021,266953.660,municipal_gdp,266953.66
2512408,Puxinanã - PB,37,Produto Interno Bruto a preços correntes,2021,138075.032,municipal_gdp,138075.032
2512507,Queimadas - PB,37,Produto Interno Bruto a preços correntes,2021,607307.066,municipal_gdp,607307.066
2512606,Quixaba - PB,37,Produto Interno Bruto a preços correntes,2021,26817.522,municipal_gdp,26817.522
2512705,Remígio - PB,37,Produto Interno Bruto a preços correntes,2021,181633.355,municipal_gdp,181633.355
2512721,Pedro Régis - PB,37,Produto Interno Bruto a preços correntes,2021,57292.084,municipal_gdp,57292.084
2512747,Riachão - PB,37,Produto Interno Bruto a preços correntes,2021,36561.531,municipal_gdp,36561.531
2512754,Riachão do Bacamarte - PB,37,Produto Interno Bruto a preços correntes,2021,50199.291,municipal_gdp,50199.291
2512762,Riachão do Poço - PB,37,Produto Interno Bruto a preços correntes,2021,56333.872,municipal_gdp,56333.872
2512788,Riacho de Santo Antônio - PB,37,Produto Interno Bruto a preços correntes,2021,30615.624,municipal_gdp,30615.624
2512804,Riacho dos Cavalos - PB,37,Produto Interno Bruto a preços correntes,2021,92853.892,municipal_gdp,92853.892
2512903,Rio Tinto - PB,37,Produto Interno Bruto a preços correntes,2021,323318.100,municipal_gdp,323318.1
2513000,Salgadinho - PB,37,Produto Interno Bruto a preços correntes,2021,33512.935,municipal_gdp,33512.935
2513109,Salgado de São Félix - PB,37,Produto Interno Bruto a preços correntes,2021,129056.651,municipal_gdp,129056.651
2513158,Santa Cecília - PB,37,Produto Interno Bruto a preços correntes,2021,65825.547,municipal_gdp,65825.547
2513208,Santa Cruz - PB,37,Produto Interno Bruto a preços correntes,2021,62328.896,municipal_gdp,62328.896
2513307,Santa Helena - PB,37,Produto Interno Bruto a preços correntes,2021,62386.696,municipal_gdp,62386.696
2513356,Santa Inês - PB,37,Produto Interno Bruto a preços correntes,2021,36844.836,municipal_gdp,36844.836
2513406,Santa Luzia - PB,37,Produto Interno Bruto a preços correntes,2021,372902.523,municipal_gdp,372902.523
2513505,Santana de Mangueira - PB,37,Produto Interno Bruto a preços correntes,2021,51163.894,municipal_gdp,51163.894
2513604,Santana dos Garrotes - PB,37,Produto Interno Bruto a preços correntes,2021,67490.798,municipal_gdp,67490.798
2513653,Joca Claudino - PB,37,Produto Interno Bruto a preços correntes,2021,33077.336,municipal_gdp,33077.336
2513703,Santa Rita - PB,37,Produto Interno Bruto a preços correntes,2021,2580592.377,municipal_gdp,2580592.377
2513802,Santa Teresinha - PB,37,Produto Interno Bruto a preços correntes,2021,57291.597,municipal_gdp,57291.597
2513851,Santo André - PB,37,Produto Interno Bruto a preços correntes,2021,29441.149,municipal_gdp,29441.149
2513901,São Bento - PB,37,Produto Interno Bruto a preços correntes,2021,568730.730,municipal_gdp,568730.73
2513927,São Bentinho - PB,37,Produto Interno Bruto a preços correntes,2021,55646.963,municipal_gdp,55646.963
2513943,São Domingos do Cariri - PB,37,Produto Interno Bruto a preços correntes,2021,28820.694,municipal_gdp,28820.694
2513968,São Domingos - PB,37,Produto Interno Bruto a preços correntes,2021,36270.156,municipal_gdp,36270.156
2513984,São Francisco - PB,37,Produto Interno Bruto a preços correntes,2021,39305.466,municipal_gdp,39305.466
2514008,São João do Cariri - PB,37,Produto Interno Bruto a preços correntes,2021,55475.906,municipal_gdp,55475.906
2514107,São João do Tigre - PB,37,Produto Interno Bruto a preços correntes,2021,41003.915,municipal_gdp,41003.915
2514206,São José da Lagoa Tapada - PB,37,Produto Interno Bruto a preços correntes,2021,72191.667,municipal_gdp,72191.667
2514305,São José de Caiana - PB,37,Produto Interno Bruto a preços correntes,2021,55708.444,municipal_gdp,55708.444
2514404,São José de Espinharas - PB,37,Produto Interno Bruto a preços correntes,2021,55035.239,municipal_gdp,55035.239
2514453,São José dos Ramos - PB,37,Produto Interno Bruto a preços correntes,2021,86773.086,municipal_gdp,86773.086
2514503,São José de Piranhas - PB,37,Produto Interno Bruto a preços correntes,2021,230936.310,municipal_gdp,230936.31
2514552,São José de Princesa - PB,37,Produto Interno Bruto a preços correntes,2021,34093.356,municipal_gdp,34093.356
2514602,São José do Bonfim - PB,37,Produto Interno Bruto a preços correntes,2021,32491.339,municipal_gdp,32491.339
2514651,São José do Brejo do Cruz - PB,37,Produto Interno Bruto a preços correntes,2021,29166.476,municipal_gdp,29166.476
2514701,São José do Sabugi - PB,37,Produto Interno Bruto a preços correntes,2021,125303.005,municipal_gdp,125303.005
2514800,São José dos Cordeiros - PB,37,Produto Interno Bruto a preços correntes,2021,37037.158,municipal_gdp,37037.158
2514909,São Mamede - PB,37,Produto Interno Bruto a preços correntes,2021,82590.795,municipal_gdp,82590.795
2515005,São Miguel de Taipu - PB,37,Produto Interno Bruto a preços correntes,2021,82966.342,municipal_gdp,82966.342
2515104,São Sebastião de Lagoa de Roça - PB,37,Produto Interno Bruto a preços correntes,2021,106030.506,municipal_gdp,106030.506
2515203,São Sebastião do Umbuzeiro - PB,37,Produto Interno Bruto a preços correntes,2021,40497.124,municipal_gdp,40497.124
2515302,Sapé - PB,37,Produto Interno Bruto a preços correntes,2021,677858.353,municipal_gdp,677858.353
2515401,São Vicente do Seridó - PB,37,Produto Interno Bruto a preços correntes,2021,90035.124,municipal_gdp,90035.124
2515500,Serra Branca - PB,37,Produto Interno Bruto a preços correntes,2021,148075.963,municipal_gdp,148075.963
2515609,Serra da Raiz - PB,37,Produto Interno Bruto a preços correntes,2021,37106.652,municipal_gdp,37106.652
2515708,Serra Grande - PB,37,Produto Interno Bruto a preços correntes,2021,33250.514,municipal_gdp,33250.514
2515807,Serra Redonda - PB,37,Produto Interno Bruto a preços correntes,2021,71257.905,municipal_gdp,71257.905
2515906,Serraria - PB,37,Produto Interno Bruto a preços correntes,2021,67797.776,municipal_gdp,67797.776
2515930,Sertãozinho - PB,37,Produto Interno Bruto a preços correntes,2021,55027.005,municipal_gdp,55027.005
2515971,Sobrado - PB,37,Produto Interno Bruto a preços correntes,2021,113089.087,municipal_gdp,113089.087
2516003,Solânea - PB,37,Produto Interno Bruto a preços correntes,2021,353670.151,municipal_gdp,353670.151
2516102,Soledade - PB,37,Produto Interno Bruto a preços correntes,2021,253441.169,municipal_gdp,253441.169
2516151,Sossêgo - PB,37,Produto Interno Bruto a preços correntes,2021,38788.519,municipal_gdp,38788.519
2516201,Sousa - PB,37,Produto Interno Bruto a preços correntes,2021,1320172.533,municipal_gdp,1320172.533
2516300,Sumé - PB,37,Produto Interno Bruto a preços correntes,2021,201612.557,municipal_gdp,201612.557
2516409,Tacima - PB,37,Produto Interno Bruto a preços correntes,2021,91865.362,municipal_gdp,91865.362
2516508,Taperoá - PB,37,Produto Interno Bruto a preços correntes,2021,139501.419,municipal_gdp,139501.419
2516607,Tavares - PB,37,Produto Interno Bruto a preços correntes,2021,140211.081,municipal_gdp,140211.081
2516706,Teixeira - PB,37,Produto Interno Bruto a preços correntes,2021,169461.384,municipal_gdp,169461.384
2516755,Tenório - PB,37,Produto Interno Bruto a preços correntes,2021,34674.924,municipal_gdp,34674.924
2516805,Triunfo - PB,37,Produto Interno Bruto a preços correntes,2021,87702.477,municipal_gdp,87702.477
2516904,Uiraúna - PB,37,Produto Interno Bruto a preços correntes,2021,193070.808,municipal_gdp,193070.808
2517001,Umbuzeiro - PB,37,Produto Interno Bruto a preços correntes,2021,91269.936,municipal_gdp,91269.936
2517100,Várzea - PB,37,Produto Interno Bruto a preços correntes,2021,37673.128,municipal_gdp,37673.128
2517209,Vieirópolis - PB,37,Produto Interno Bruto a preços correntes,2021,52850.640,municipal_gdp,52850.64
2517407,Zabelê - PB,37,Produto Interno Bruto a preços correntes,2021,27047.587,municipal_gdp,27047.587
2600054,Abreu e Lima - PE,37,Produto Interno Bruto a preços correntes,2021,1724257.659,municipal_gdp,1724257.659
2600104,Afogados da Ingazeira - PE,37,Produto Interno Bruto a preços correntes,2021,541816.470,municipal_gdp,541816.47
2600203,Afrânio - PE,37,Produto Interno Bruto a preços correntes,2021,209814.557,municipal_gdp,209814.557
2600302,Agrestina - PE,37,Produto Interno Bruto a preços correntes,2021,352858.433,municipal_gdp,352858.433
2600401,Água Preta - PE,37,Produto Interno Bruto a preços correntes,2021,259866.491,municipal_gdp,259866.491
2600500,Águas Belas - PE,37,Produto Interno Bruto a preços correntes,2021,401110.734,municipal_gdp,401110.734
2600609,Alagoinha - PE,37,Produto Interno Bruto a preços correntes,2021,144944.925,municipal_gdp,144944.925
2600708,Aliança - PE,37,Produto Interno Bruto a preços correntes,2021,413314.494,municipal_gdp,413314.494
2600807,Altinho - PE,37,Produto Interno Bruto a preços correntes,2021,222588.795,municipal_gdp,222588.795
2600906,Amaraji - PE,37,Produto Interno Bruto a preços correntes,2021,294407.127,municipal_gdp,294407.127
2601003,Angelim - PE,37,Produto Interno Bruto a preços correntes,2021,142259.856,municipal_gdp,142259.856
2601052,Araçoiaba - PE,37,Produto Interno Bruto a preços correntes,2021,161884.451,municipal_gdp,161884.451
2601102,Araripina - PE,37,Produto Interno Bruto a preços correntes,2021,1272091.772,municipal_gdp,1272091.772
2601201,Arcoverde - PE,37,Produto Interno Bruto a preços correntes,2021,1215382.889,municipal_gdp,1215382.889
2601300,Barra de Guabiraba - PE,37,Produto Interno Bruto a preços correntes,2021,146942.971,municipal_gdp,146942.971
2601409,Barreiros - PE,37,Produto Interno Bruto a preços correntes,2021,503988.293,municipal_gdp,503988.293
2601508,Belém de Maria - PE,37,Produto Interno Bruto a preços correntes,2021,99499.448,municipal_gdp,99499.448
2601607,Belém do São Francisco - PE,37,Produto Interno Bruto a preços correntes,2021,366293.143,municipal_gdp,366293.143
2601706,Belo Jardim - PE,37,Produto Interno Bruto a preços correntes,2021,2765036.424,municipal_gdp,2765036.424
2601805,Betânia - PE,37,Produto Interno Bruto a preços correntes,2021,105307.489,municipal_gdp,105307.489
2601904,Bezerros - PE,37,Produto Interno Bruto a preços correntes,2021,962826.016,municipal_gdp,962826.016
2602001,Bodocó - PE,37,Produto Interno Bruto a preços correntes,2021,317010.407,municipal_gdp,317010.407
2602100,Bom Conselho - PE,37,Produto Interno Bruto a preços correntes,2021,643150.606,municipal_gdp,643150.606
2602209,Bom Jardim - PE,37,Produto Interno Bruto a preços correntes,2021,366987.870,municipal_gdp,366987.87
2602308,Bonito - PE,37,Produto Interno Bruto a preços correntes,2021,539340.172,municipal_gdp,539340.172
2602407,Brejão - PE,37,Produto Interno Bruto a preços correntes,2021,183678.548,municipal_gdp,183678.548
2602506,Brejinho - PE,37,Produto Interno Bruto a preços correntes,2021,83878.511,municipal_gdp,83878.511
2602605,Brejo da Madre de Deus - PE,37,Produto Interno Bruto a preços correntes,2021,461357.176,municipal_gdp,461357.176
2602704,Buenos Aires - PE,37,Produto Interno Bruto a preços correntes,2021,133151.668,municipal_gdp,133151.668
2602803,Buíque - PE,37,Produto Interno Bruto a preços correntes,2021,549014.687,municipal_gdp,549014.687
2602902,Cabo de Santo Agostinho - PE,37,Produto Interno Bruto a preços correntes,2021,13706388.877,municipal_gdp,13706388.877
2603009,Cabrobó - PE,37,Produto Interno Bruto a preços correntes,2021,440863.485,municipal_gdp,440863.485
2603108,Cachoeirinha - PE,37,Produto Interno Bruto a preços correntes,2021,254368.817,municipal_gdp,254368.817
2603207,Caetés - PE,37,Produto Interno Bruto a preços correntes,2021,423726.620,municipal_gdp,423726.62
2603306,Calçado - PE,37,Produto Interno Bruto a preços correntes,2021,115298.866,municipal_gdp,115298.866
2603405,Calumbi - PE,37,Produto Interno Bruto a preços correntes,2021,50299.999,municipal_gdp,50299.999
2603454,Camaragibe - PE,37,Produto Interno Bruto a preços correntes,2021,2229679.550,municipal_gdp,2229679.55
2603504,Camocim de São Félix - PE,37,Produto Interno Bruto a preços correntes,2021,181160.709,municipal_gdp,181160.709
2603603,Camutanga - PE,37,Produto Interno Bruto a preços correntes,2021,285368.854,municipal_gdp,285368.854
2603702,Canhotinho - PE,37,Produto Interno Bruto a preços correntes,2021,253171.467,municipal_gdp,253171.467
2603801,Capoeiras - PE,37,Produto Interno Bruto a preços correntes,2021,244053.554,municipal_gdp,244053.554
2603900,Carnaíba - PE,37,Produto Interno Bruto a preços correntes,2021,193545.510,municipal_gdp,193545.51
2603926,Carnaubeira da Penha - PE,37,Produto Interno Bruto a preços correntes,2021,83422.735,municipal_gdp,83422.735
2604007,Carpina - PE,37,Produto Interno Bruto a preços correntes,2021,1744915.053,municipal_gdp,1744915.053
2604106,Caruaru - PE,37,Produto Interno Bruto a preços correntes,2021,8663524.838,municipal_gdp,8663524.838
2604155,Casinhas - PE,37,Produto Interno Bruto a preços correntes,2021,101521.112,municipal_gdp,101521.112
2604205,Catende - PE,37,Produto Interno Bruto a preços correntes,2021,360566.492,municipal_gdp,360566.492
2604304,Cedro - PE,37,Produto Interno Bruto a preços correntes,2021,125401.266,municipal_gdp,125401.266
2604403,Chã de Alegria - PE,37,Produto Interno Bruto a preços correntes,2021,168757.841,municipal_gdp,168757.841
2604502,Chã Grande - PE,37,Produto Interno Bruto a preços correntes,2021,251192.832,municipal_gdp,251192.832
2604601,Condado - PE,37,Produto Interno Bruto a preços correntes,2021,250915.369,municipal_gdp,250915.369
2604700,Correntes - PE,37,Produto Interno Bruto a preços correntes,2021,192015.502,municipal_gdp,192015.502
2604809,Cortês - PE,37,Produto Interno Bruto a preços correntes,2021,121502.409,municipal_gdp,121502.409
2604908,Cumaru - PE,37,Produto Interno Bruto a preços correntes,2021,109260.119,municipal_gdp,109260.119
2605004,Cupira - PE,37,Produto Interno Bruto a preços correntes,2021,283576.106,municipal_gdp,283576.106
2605103,Custódia - PE,37,Produto Interno Bruto a preços correntes,2021,593879.930,municipal_gdp,593879.93
2605152,Dormentes - PE,37,Produto Interno Bruto a preços correntes,2021,246022.559,municipal_gdp,246022.559
2605202,Escada - PE,37,Produto Interno Bruto a preços correntes,2021,1306431.048,municipal_gdp,1306431.048
2605301,Exu - PE,37,Produto Interno Bruto a preços correntes,2021,325117.198,municipal_gdp,325117.198
2605400,Feira Nova - PE,37,Produto Interno Bruto a preços correntes,2021,247549.736,municipal_gdp,247549.736
2605459,Fernando de Noronha - PE,37,Produto Interno Bruto a preços correntes,2021,229561.042,municipal_gdp,229561.042
2605509,Ferreiros - PE,37,Produto Interno Bruto a preços correntes,2021,132502.788,municipal_gdp,132502.788
2605608,Flores - PE,37,Produto Interno Bruto a preços correntes,2021,192901.673,municipal_gdp,192901.673
2605707,Floresta - PE,37,Produto Interno Bruto a preços correntes,2021,445213.144,municipal_gdp,445213.144
2605806,Frei Miguelinho - PE,37,Produto Interno Bruto a preços correntes,2021,131441.259,municipal_gdp,131441.259
2605905,Gameleira - PE,37,Produto Interno Bruto a preços correntes,2021,274257.646,municipal_gdp,274257.646
2606002,Garanhuns - PE,37,Produto Interno Bruto a preços correntes,2021,3077111.825,municipal_gdp,3077111.825
2606101,Glória do Goitá - PE,37,Produto Interno Bruto a preços correntes,2021,554616.349,municipal_gdp,554616.349
2606200,Goiana - PE,37,Produto Interno Bruto a preços correntes,2021,10662963.847,municipal_gdp,10662963.847
2606309,Granito - PE,37,Produto Interno Bruto a preços correntes,2021,78431.653,municipal_gdp,78431.653
2606408,Gravatá - PE,37,Produto Interno Bruto a preços correntes,2021,1359681.438,municipal_gdp,1359681.438
2606507,Iati - PE,37,Produto Interno Bruto a preços correntes,2021,195800.310,municipal_gdp,195800.31
2606606,Ibimirim - PE,37,Produto Interno Bruto a preços correntes,2021,330118.945,municipal_gdp,330118.945
2606705,Ibirajuba - PE,37,Produto Interno Bruto a preços correntes,2021,85527.388,municipal_gdp,85527.388
2606804,Igarassu - PE,37,Produto Interno Bruto a preços correntes,2021,3471426.905,municipal_gdp,3471426.905
2606903,Iguaracy - PE,37,Produto Interno Bruto a preços correntes,2021,112369.307,municipal_gdp,112369.307
2607000,Inajá - PE,37,Produto Interno Bruto a preços correntes,2021,196879.956,municipal_gdp,196879.956
2607109,Ingazeira - PE,37,Produto Interno Bruto a preços correntes,2021,50497.190,municipal_gdp,50497.19
2607208,Ipojuca - PE,37,Produto Interno Bruto a preços correntes,2021,14929346.492,municipal_gdp,14929346.492
2607307,Ipubi - PE,37,Produto Interno Bruto a preços correntes,2021,340374.467,municipal_gdp,340374.467
2607406,Itacuruba - PE,37,Produto Interno Bruto a preços correntes,2021,71285.977,municipal_gdp,71285.977
2607505,Itaíba - PE,37,Produto Interno Bruto a preços correntes,2021,283413.471,municipal_gdp,283413.471
2607604,Ilha de Itamaracá - PE,37,Produto Interno Bruto a preços correntes,2021,299232.343,municipal_gdp,299232.343
2607653,Itambé - PE,37,Produto Interno Bruto a preços correntes,2021,522657.422,municipal_gdp,522657.422
2607703,Itapetim - PE,37,Produto Interno Bruto a preços correntes,2021,139873.235,municipal_gdp,139873.235
2607752,Itapissuma - PE,37,Produto Interno Bruto a preços correntes,2021,2383640.539,municipal_gdp,2383640.539
2607802,Itaquitinga - PE,37,Produto Interno Bruto a preços correntes,2021,160856.660,municipal_gdp,160856.66
2607901,Jaboatão dos Guararapes - PE,37,Produto Interno Bruto a preços correntes,2021,16133556.245,municipal_gdp,16133556.245
2607950,Jaqueira - PE,37,Produto Interno Bruto a preços correntes,2021,111801.470,municipal_gdp,111801.47
2608008,Jataúba - PE,37,Produto Interno Bruto a preços correntes,2021,154862.064,municipal_gdp,154862.064
2608057,Jatobá - PE,37,Produto Interno Bruto a preços correntes,2021,153792.815,municipal_gdp,153792.815
2608107,João Alfredo - PE,37,Produto Interno Bruto a preços correntes,2021,316644.152,municipal_gdp,316644.152
2608206,Joaquim Nabuco - PE,37,Produto Interno Bruto a preços correntes,2021,181310.255,municipal_gdp,181310.255
2608255,Jucati - PE,37,Produto Interno Bruto a preços correntes,2021,129269.988,municipal_gdp,129269.988
2608305,Jupi - PE,37,Produto Interno Bruto a preços correntes,2021,214224.309,municipal_gdp,214224.309
2608404,Jurema - PE,37,Produto Interno Bruto a preços correntes,2021,132839.971,municipal_gdp,132839.971
2608453,Lagoa do Carro - PE,37,Produto Interno Bruto a preços correntes,2021,300634.520,municipal_gdp,300634.52
2608503,Lagoa de Itaenga - PE,37,Produto Interno Bruto a preços correntes,2021,482858.549,municipal_gdp,482858.549
2608602,Lagoa do Ouro - PE,37,Produto Interno Bruto a preços correntes,2021,139223.059,municipal_gdp,139223.059
2608701,Lagoa dos Gatos - PE,37,Produto Interno Bruto a preços correntes,2021,135442.681,municipal_gdp,135442.681
2608750,Lagoa Grande - PE,37,Produto Interno Bruto a preços correntes,2021,456843.601,municipal_gdp,456843.601
2608800,Lajedo - PE,37,Produto Interno Bruto a preços correntes,2021,585575.816,municipal_gdp,585575.816
2608909,Limoeiro - PE,37,Produto Interno Bruto a preços correntes,2021,838342.782,municipal_gdp,838342.782
2609006,Macaparana - PE,37,Produto Interno Bruto a preços correntes,2021,283578.090,municipal_gdp,283578.09
2609105,Machados - PE,37,Produto Interno Bruto a preços correntes,2021,216295.270,municipal_gdp,216295.27
2609154,Manari - PE,37,Produto Interno Bruto a preços correntes,2021,139153.111,municipal_gdp,139153.111
2609204,Maraial - PE,37,Produto Interno Bruto a preços correntes,2021,92489.611,municipal_gdp,92489.611
2609303,Mirandiba - PE,37,Produto Interno Bruto a preços correntes,2021,163405.618,municipal_gdp,163405.618
2609402,Moreno - PE,37,Produto Interno Bruto a preços correntes,2021,892506.355,municipal_gdp,892506.355
2609501,Nazaré da Mata - PE,37,Produto Interno Bruto a preços correntes,2021,688467.949,municipal_gdp,688467.949
2609600,Olinda - PE,37,Produto Interno Bruto a preços correntes,2021,5788249.961,municipal_gdp,5788249.961
2609709,Orobó - PE,37,Produto Interno Bruto a preços correntes,2021,398794.429,municipal_gdp,398794.429
2609808,Orocó - PE,37,Produto Interno Bruto a preços correntes,2021,186447.620,municipal_gdp,186447.62
2609907,Ouricuri - PE,37,Produto Interno Bruto a preços correntes,2021,780512.688,municipal_gdp,780512.688
2610004,Palmares - PE,37,Produto Interno Bruto a preços correntes,2021,924145.709,municipal_gdp,924145.709
2610103,Palmeirina - PE,37,Produto Interno Bruto a preços correntes,2021,79959.020,municipal_gdp,79959.02
2610202,Panelas - PE,37,Produto Interno Bruto a preços correntes,2021,229556.335,municipal_gdp,229556.335
2610301,Paranatama - PE,37,Produto Interno Bruto a preços correntes,2021,285773.328,municipal_gdp,285773.328
2610400,Parnamirim - PE,37,Produto Interno Bruto a preços correntes,2021,213190.379,municipal_gdp,213190.379
2610509,Passira - PE,37,Produto Interno Bruto a preços correntes,2021,264546.745,municipal_gdp,264546.745
2610608,Paudalho - PE,37,Produto Interno Bruto a preços correntes,2021,926328.024,municipal_gdp,926328.024
2610707,Paulista - PE,37,Produto Interno Bruto a preços correntes,2021,5591651.533,municipal_gdp,5591651.533
2610806,Pedra - PE,37,Produto Interno Bruto a preços correntes,2021,306398.452,municipal_gdp,306398.452
2610905,Pesqueira - PE,37,Produto Interno Bruto a preços correntes,2021,869650.980,municipal_gdp,869650.98
2611002,Petrolândia - PE,37,Produto Interno Bruto a preços correntes,2021,1675876.169,municipal_gdp,1675876.169
2611101,Petrolina - PE,37,Produto Interno Bruto a preços correntes,2021,7994040.267,municipal_gdp,7994040.267
2611200,Poção - PE,37,Produto Interno Bruto a preços correntes,2021,102107.077,municipal_gdp,102107.077
2611309,Pombos - PE,37,Produto Interno Bruto a preços correntes,2021,532583.088,municipal_gdp,532583.088
2611408,Primavera - PE,37,Produto Interno Bruto a preços correntes,2021,291695.706,municipal_gdp,291695.706
2611507,Quipapá - PE,37,Produto Interno Bruto a preços correntes,2021,192324.987,municipal_gdp,192324.987
2611533,Quixaba - PE,37,Produto Interno Bruto a preços correntes,2021,67064.241,municipal_gdp,67064.241
2611606,Recife - PE,37,Produto Interno Bruto a preços correntes,2021,54970302.116,municipal_gdp,54970302.116
2611705,Riacho das Almas - PE,37,Produto Interno Bruto a preços correntes,2021,260563.146,municipal_gdp,260563.146
2611804,Ribeirão - PE,37,Produto Interno Bruto a preços correntes,2021,576406.602,municipal_gdp,576406.602
2611903,Rio Formoso - PE,37,Produto Interno Bruto a preços correntes,2021,379871.384,municipal_gdp,379871.384
2612000,Sairé - PE,37,Produto Interno Bruto a preços correntes,2021,176225.317,municipal_gdp,176225.317
2612109,Salgadinho - PE,37,Produto Interno Bruto a preços correntes,2021,80938.432,municipal_gdp,80938.432
2612208,Salgueiro - PE,37,Produto Interno Bruto a preços correntes,2021,1002105.382,municipal_gdp,1002105.382
2612307,Saloá - PE,37,Produto Interno Bruto a preços correntes,2021,171050.925,municipal_gdp,171050.925
2612406,Sanharó - PE,37,Produto Interno Bruto a preços correntes,2021,248264.475,municipal_gdp,248264.475
2612455,Santa Cruz - PE,37,Produto Interno Bruto a preços correntes,2021,133591.622,municipal_gdp,133591.622
2612471,Santa Cruz da Baixa Verde - PE,37,Produto Interno Bruto a preços correntes,2021,113553.794,municipal_gdp,113553.794
2612505,Santa Cruz do Capibaribe - PE,37,Produto Interno Bruto a preços correntes,2021,1925733.505,municipal_gdp,1925733.505
2612554,Santa Filomena - PE,37,Produto Interno Bruto a preços correntes,2021,111829.714,municipal_gdp,111829.714
2612604,Santa Maria da Boa Vista - PE,37,Produto Interno Bruto a preços correntes,2021,563999.761,municipal_gdp,563999.761
2612703,Santa Maria do Cambucá - PE,37,Produto Interno Bruto a preços correntes,2021,122261.918,municipal_gdp,122261.918
2612802,Santa Terezinha - PE,37,Produto Interno Bruto a preços correntes,2021,114824.154,municipal_gdp,114824.154
2612901,São Benedito do Sul - PE,37,Produto Interno Bruto a preços correntes,2021,117016.666,municipal_gdp,117016.666
2613008,São Bento do Una - PE,37,Produto Interno Bruto a preços correntes,2021,1485705.930,municipal_gdp,1485705.93
2613107,São Caitano - PE,37,Produto Interno Bruto a preços correntes,2021,447678.660,municipal_gdp,447678.66
2613206,São João - PE,37,Produto Interno Bruto a preços correntes,2021,390210.544,municipal_gdp,390210.544
2613305,São Joaquim do Monte - PE,37,Produto Interno Bruto a preços correntes,2021,185466.682,municipal_gdp,185466.682
2613404,São José da Coroa Grande - PE,37,Produto Interno Bruto a preços correntes,2021,291007.407,municipal_gdp,291007.407
2613503,São José do Belmonte - PE,37,Produto Interno Bruto a preços correntes,2021,341543.949,municipal_gdp,341543.949
2613602,São José do Egito - PE,37,Produto Interno Bruto a preços correntes,2021,441117.369,municipal_gdp,441117.369
2613701,São Lourenço da Mata - PE,37,Produto Interno Bruto a preços correntes,2021,1444200.155,municipal_gdp,1444200.155
2613800,São Vicente Férrer - PE,37,Produto Interno Bruto a preços correntes,2021,209528.124,municipal_gdp,209528.124
2613909,Serra Talhada - PE,37,Produto Interno Bruto a preços correntes,2021,1693347.290,municipal_gdp,1693347.29
2614006,Serrita - PE,37,Produto Interno Bruto a preços correntes,2021,161152.641,municipal_gdp,161152.641
2614105,Sertânia - PE,37,Produto Interno Bruto a preços correntes,2021,367388.668,municipal_gdp,367388.668
2614204,Sirinhaém - PE,37,Produto Interno Bruto a preços correntes,2021,722495.019,municipal_gdp,722495.019
2614303,Moreilândia - PE,37,Produto Interno Bruto a preços correntes,2021,90987.135,municipal_gdp,90987.135
2614402,Solidão - PE,37,Produto Interno Bruto a preços correntes,2021,56660.704,municipal_gdp,56660.704
2614501,Surubim - PE,37,Produto Interno Bruto a preços correntes,2021,915557.836,municipal_gdp,915557.836
2614600,Tabira - PE,37,Produto Interno Bruto a preços correntes,2021,314902.854,municipal_gdp,314902.854
2614709,Tacaimbó - PE,37,Produto Interno Bruto a preços correntes,2021,149158.911,municipal_gdp,149158.911
2614808,Tacaratu - PE,37,Produto Interno Bruto a preços correntes,2021,251978.426,municipal_gdp,251978.426
2614857,Tamandaré - PE,37,Produto Interno Bruto a preços correntes,2021,395834.250,municipal_gdp,395834.25
2615003,Taquaritinga do Norte - PE,37,Produto Interno Bruto a preços correntes,2021,334641.961,municipal_gdp,334641.961
2615102,Terezinha - PE,37,Produto Interno Bruto a preços correntes,2021,75618.355,municipal_gdp,75618.355
2615201,Terra Nova - PE,37,Produto Interno Bruto a preços correntes,2021,95262.232,municipal_gdp,95262.232
2615300,Timbaúba - PE,37,Produto Interno Bruto a preços correntes,2021,746606.922,municipal_gdp,746606.922
2615409,Toritama - PE,37,Produto Interno Bruto a preços correntes,2021,764572.350,municipal_gdp,764572.35
2615508,Tracunhaém - PE,37,Produto Interno Bruto a preços correntes,2021,176619.046,municipal_gdp,176619.046
2615607,Trindade - PE,37,Produto Interno Bruto a preços correntes,2021,419024.450,municipal_gdp,419024.45
2615706,Triunfo - PE,37,Produto Interno Bruto a preços correntes,2021,157357.628,municipal_gdp,157357.628
2615805,Tupanatinga - PE,37,Produto Interno Bruto a preços correntes,2021,227130.162,municipal_gdp,227130.162
2615904,Tuparetama - PE,37,Produto Interno Bruto a preços correntes,2021,89138.565,municipal_gdp,89138.565
2616001,Venturosa - PE,37,Produto Interno Bruto a preços correntes,2021,247348.959,municipal_gdp,247348.959
2616100,Verdejante - PE,37,Produto Interno Bruto a preços correntes,2021,80930.642,municipal_gdp,80930.642
2616183,Vertente do Lério - PE,37,Produto Interno Bruto a preços correntes,2021,74060.297,municipal_gdp,74060.297
2616209,Vertentes - PE,37,Produto Interno Bruto a preços correntes,2021,194510.533,municipal_gdp,194510.533
2616308,Vicência - PE,37,Produto Interno Bruto a preços correntes,2021,519425.664,municipal_gdp,519425.664
2616407,Vitória de Santo Antão - PE,37,Produto Interno Bruto a preços correntes,2021,4551843.195,municipal_gdp,4551843.195
2616506,Xexéu - PE,37,Produto Interno Bruto a preços correntes,2021,141411.218,municipal_gdp,141411.218
2700102,Água Branca - AL,37,Produto Interno Bruto a preços correntes,2021,202705.020,municipal_gdp,202705.02
2700201,Anadia - AL,37,Produto Interno Bruto a preços correntes,2021,250500.324,municipal_gdp,250500.324
2700300,Arapiraca - AL,37,Produto Interno Bruto a preços correntes,2021,5916237.941,municipal_gdp,5916237.941
2700409,Atalaia - AL,37,Produto Interno Bruto a preços correntes,2021,1500459.650,municipal_gdp,1500459.65
2700508,Barra de Santo Antônio - AL,37,Produto Interno Bruto a preços correntes,2021,262046.828,municipal_gdp,262046.828
2700607,Barra de São Miguel - AL,37,Produto Interno Bruto a preços correntes,2021,238456.185,municipal_gdp,238456.185
2700706,Batalha - AL,37,Produto Interno Bruto a preços correntes,2021,229982.453,municipal_gdp,229982.453
2700805,Belém - AL,37,Produto Interno Bruto a preços correntes,2021,191336.348,municipal_gdp,191336.348
2700904,Belo Monte - AL,37,Produto Interno Bruto a preços correntes,2021,151407.058,municipal_gdp,151407.058
2701001,Boca da Mata - AL,37,Produto Interno Bruto a preços correntes,2021,506080.912,municipal_gdp,506080.912
2701100,Branquinha - AL,37,Produto Interno Bruto a preços correntes,2021,775435.380,municipal_gdp,775435.38
2701209,Cacimbinhas - AL,37,Produto Interno Bruto a preços correntes,2021,140486.703,municipal_gdp,140486.703
2701308,Cajueiro - AL,37,Produto Interno Bruto a preços correntes,2021,207919.190,municipal_gdp,207919.19
2701357,Campestre - AL,37,Produto Interno Bruto a preços correntes,2021,87777.208,municipal_gdp,87777.208
2701407,Campo Alegre - AL,37,Produto Interno Bruto a preços correntes,2021,734765.521,municipal_gdp,734765.521
2701506,Campo Grande - AL,37,Produto Interno Bruto a preços correntes,2021,106141.611,municipal_gdp,106141.611
2701605,Canapi - AL,37,Produto Interno Bruto a preços correntes,2021,166520.676,municipal_gdp,166520.676
2701704,Capela - AL,37,Produto Interno Bruto a preços correntes,2021,248032.377,municipal_gdp,248032.377
2701803,Carneiros - AL,37,Produto Interno Bruto a preços correntes,2021,90803.352,municipal_gdp,90803.352
2701902,Chã Preta - AL,37,Produto Interno Bruto a preços correntes,2021,175488.923,municipal_gdp,175488.923
2702009,Coité do Nóia - AL,37,Produto Interno Bruto a preços correntes,2021,211513.572,municipal_gdp,211513.572
2702108,Colônia Leopoldina - AL,37,Produto Interno Bruto a preços correntes,2021,397415.249,municipal_gdp,397415.249
2702207,Coqueiro Seco - AL,37,Produto Interno Bruto a preços correntes,2021,96055.729,municipal_gdp,96055.729
2702306,Coruripe - AL,37,Produto Interno Bruto a preços correntes,2021,1782567.867,municipal_gdp,1782567.867
2702355,Craíbas - AL,37,Produto Interno Bruto a preços correntes,2021,480752.965,municipal_gdp,480752.965
2702405,Delmiro Gouveia - AL,37,Produto Interno Bruto a preços correntes,2021,673914.883,municipal_gdp,673914.883
2702504,Dois Riachos - AL,37,Produto Interno Bruto a preços correntes,2021,105272.253,municipal_gdp,105272.253
2702553,Estrela de Alagoas - AL,37,Produto Interno Bruto a preços correntes,2021,154358.938,municipal_gdp,154358.938
2702603,Feira Grande - AL,37,Produto Interno Bruto a preços correntes,2021,427597.687,municipal_gdp,427597.687
2702702,Feliz Deserto - AL,37,Produto Interno Bruto a preços correntes,2021,164033.924,municipal_gdp,164033.924
2702801,Flexeiras - AL,37,Produto Interno Bruto a preços correntes,2021,297791.222,municipal_gdp,297791.222
2702900,Girau do Ponciano - AL,37,Produto Interno Bruto a preços correntes,2021,549599.688,municipal_gdp,549599.688
2703007,Ibateguara - AL,37,Produto Interno Bruto a preços correntes,2021,196489.103,municipal_gdp,196489.103
2703106,Igaci - AL,37,Produto Interno Bruto a preços correntes,2021,311967.150,municipal_gdp,311967.15
2703205,Igreja Nova - AL,37,Produto Interno Bruto a preços correntes,2021,571876.699,municipal_gdp,571876.699
2703304,Inhapi - AL,37,Produto Interno Bruto a preços correntes,2021,174776.462,municipal_gdp,174776.462
2703403,Jacaré dos Homens - AL,37,Produto Interno Bruto a preços correntes,2021,74960.150,municipal_gdp,74960.15
2703502,Jacuípe - AL,37,Produto Interno Bruto a preços correntes,2021,194530.693,municipal_gdp,194530.693
2703601,Japaratinga - AL,37,Produto Interno Bruto a preços correntes,2021,252001.542,municipal_gdp,252001.542
2703700,Jaramataia - AL,37,Produto Interno Bruto a preços correntes,2021,77897.040,municipal_gdp,77897.04
2703759,Jequiá da Praia - AL,37,Produto Interno Bruto a preços correntes,2021,382025.458,municipal_gdp,382025.458
2703809,Joaquim Gomes - AL,37,Produto Interno Bruto a preços correntes,2021,520994.182,municipal_gdp,520994.182
2703908,Jundiá - AL,37,Produto Interno Bruto a preços correntes,2021,54800.717,municipal_gdp,54800.717
2704005,Junqueiro - AL,37,Produto Interno Bruto a preços correntes,2021,550086.587,municipal_gdp,550086.587
2704104,Lagoa da Canoa - AL,37,Produto Interno Bruto a preços correntes,2021,273062.184,municipal_gdp,273062.184
2704203,Limoeiro de Anadia - AL,37,Produto Interno Bruto a preços correntes,2021,685194.090,municipal_gdp,685194.09
2704302,Maceió - AL,37,Produto Interno Bruto a preços correntes,2021,27485310.648,municipal_gdp,27485310.648
2704401,Major Isidoro - AL,37,Produto Interno Bruto a preços correntes,2021,283475.135,municipal_gdp,283475.135
2704500,Maragogi - AL,37,Produto Interno Bruto a preços correntes,2021,1118907.812,municipal_gdp,1118907.812
2704609,Maravilha - AL,37,Produto Interno Bruto a preços correntes,2021,90757.694,municipal_gdp,90757.694
2704708,Marechal Deodoro - AL,37,Produto Interno Bruto a preços correntes,2021,3409647.910,municipal_gdp,3409647.91
2704807,Maribondo - AL,37,Produto Interno Bruto a preços correntes,2021,188010.286,municipal_gdp,188010.286
2704906,Mar Vermelho - AL,37,Produto Interno Bruto a preços correntes,2021,50950.945,municipal_gdp,50950.945
2705002,Mata Grande - AL,37,Produto Interno Bruto a preços correntes,2021,354640.684,municipal_gdp,354640.684
2705101,Matriz de Camaragibe - AL,37,Produto Interno Bruto a preços correntes,2021,385919.668,municipal_gdp,385919.668
2705200,Messias - AL,37,Produto Interno Bruto a preços correntes,2021,221130.770,municipal_gdp,221130.77
2705309,Minador do Negrão - AL,37,Produto Interno Bruto a preços correntes,2021,74515.226,municipal_gdp,74515.226
2705408,Monteirópolis - AL,37,Produto Interno Bruto a preços correntes,2021,78347.202,municipal_gdp,78347.202
2705507,Murici - AL,37,Produto Interno Bruto a preços correntes,2021,588158.283,municipal_gdp,588158.283
2705606,Novo Lino - AL,37,Produto Interno Bruto a preços correntes,2021,187255.861,municipal_gdp,187255.861
2705705,Olho d'Água das Flores - AL,37,Produto Interno Bruto a preços correntes,2021,271809.230,municipal_gdp,271809.23
2705804,Olho d'Água do Casado - AL,37,Produto Interno Bruto a preços correntes,2021,92958.501,municipal_gdp,92958.501
2705903,Olho d'Água Grande - AL,37,Produto Interno Bruto a preços correntes,2021,70179.070,municipal_gdp,70179.07
2706000,Olivença - AL,37,Produto Interno Bruto a preços correntes,2021,108872.461,municipal_gdp,108872.461
2706109,Ouro Branco - AL,37,Produto Interno Bruto a preços correntes,2021,110474.764,municipal_gdp,110474.764
2706208,Palestina - AL,37,Produto Interno Bruto a preços correntes,2021,45926.894,municipal_gdp,45926.894
2706307,Palmeira dos Índios - AL,37,Produto Interno Bruto a preços correntes,2021,1181612.450,municipal_gdp,1181612.45
2706406,Pão de Açúcar - AL,37,Produto Interno Bruto a preços correntes,2021,266647.141,municipal_gdp,266647.141
2706422,Pariconha - AL,37,Produto Interno Bruto a preços correntes,2021,145004.028,municipal_gdp,145004.028
2706448,Paripueira - AL,37,Produto Interno Bruto a preços correntes,2021,236831.286,municipal_gdp,236831.286
2706505,Passo de Camaragibe - AL,37,Produto Interno Bruto a preços correntes,2021,337360.219,municipal_gdp,337360.219
2706604,Paulo Jacinto - AL,37,Produto Interno Bruto a preços correntes,2021,105575.590,municipal_gdp,105575.59
2706703,Penedo - AL,37,Produto Interno Bruto a preços correntes,2021,983959.279,municipal_gdp,983959.279
2706802,Piaçabuçu - AL,37,Produto Interno Bruto a preços correntes,2021,458415.712,municipal_gdp,458415.712
2706901,Pilar - AL,37,Produto Interno Bruto a preços correntes,2021,676236.229,municipal_gdp,676236.229
2707008,Pindoba - AL,37,Produto Interno Bruto a preços correntes,2021,59445.116,municipal_gdp,59445.116
2707107,Piranhas - AL,37,Produto Interno Bruto a preços correntes,2021,344069.282,municipal_gdp,344069.282
2707206,Poço das Trincheiras - AL,37,Produto Interno Bruto a preços correntes,2021,125628.471,municipal_gdp,125628.471
2707305,Porto Calvo - AL,37,Produto Interno Bruto a preços correntes,2021,412902.600,municipal_gdp,412902.6
2707404,Porto de Pedras - AL,37,Produto Interno Bruto a preços correntes,2021,333230.868,municipal_gdp,333230.868
2707503,Porto Real do Colégio - AL,37,Produto Interno Bruto a preços correntes,2021,268907.285,municipal_gdp,268907.285
2707602,Quebrangulo - AL,37,Produto Interno Bruto a preços correntes,2021,189080.885,municipal_gdp,189080.885
2707701,Rio Largo - AL,37,Produto Interno Bruto a preços correntes,2021,1423072.189,municipal_gdp,1423072.189
2707800,Roteiro - AL,37,Produto Interno Bruto a preços correntes,2021,204148.817,municipal_gdp,204148.817
2707909,Santa Luzia do Norte - AL,37,Produto Interno Bruto a preços correntes,2021,277405.028,municipal_gdp,277405.028
2708006,Santana do Ipanema - AL,37,Produto Interno Bruto a preços correntes,2021,646335.776,municipal_gdp,646335.776
2708105,Santana do Mundaú - AL,37,Produto Interno Bruto a preços correntes,2021,1408592.374,municipal_gdp,1408592.374
2708204,São Brás - AL,37,Produto Interno Bruto a preços correntes,2021,129339.940,municipal_gdp,129339.94
2708303,São José da Laje - AL,37,Produto Interno Bruto a preços correntes,2021,588009.328,municipal_gdp,588009.328
2708402,São José da Tapera - AL,37,Produto Interno Bruto a preços correntes,2021,332853.752,municipal_gdp,332853.752
2708501,São Luís do Quitunde - AL,37,Produto Interno Bruto a preços correntes,2021,943729.274,municipal_gdp,943729.274
2708600,São Miguel dos Campos - AL,37,Produto Interno Bruto a preços correntes,2021,1373076.813,municipal_gdp,1373076.813
2708709,São Miguel dos Milagres - AL,37,Produto Interno Bruto a preços correntes,2021,243494.885,municipal_gdp,243494.885
2708808,São Sebastião - AL,37,Produto Interno Bruto a preços correntes,2021,858875.773,municipal_gdp,858875.773
2708907,Satuba - AL,37,Produto Interno Bruto a preços correntes,2021,261004.244,municipal_gdp,261004.244
2708956,Senador Rui Palmeira - AL,37,Produto Interno Bruto a preços correntes,2021,121201.031,municipal_gdp,121201.031
2709004,Tanque d'Arca - AL,37,Produto Interno Bruto a preços correntes,2021,92174.872,municipal_gdp,92174.872
2709103,Taquarana - AL,37,Produto Interno Bruto a preços correntes,2021,510845.665,municipal_gdp,510845.665
2709152,Teotônio Vilela - AL,37,Produto Interno Bruto a preços correntes,2021,1357797.917,municipal_gdp,1357797.917
2709202,Traipu - AL,37,Produto Interno Bruto a preços correntes,2021,297000.125,municipal_gdp,297000.125
2709301,União dos Palmares - AL,37,Produto Interno Bruto a preços correntes,2021,1416192.612,municipal_gdp,1416192.612
2709400,Viçosa - AL,37,Produto Interno Bruto a preços correntes,2021,594194.696,municipal_gdp,594194.696
2800100,Amparo do São Francisco - SE,37,Produto Interno Bruto a preços correntes,2021,37966.816,municipal_gdp,37966.816
2800209,Aquidabã - SE,37,Produto Interno Bruto a preços correntes,2021,287874.395,municipal_gdp,287874.395
2800308,Aracaju - SE,37,Produto Interno Bruto a preços correntes,2021,18405677.788,municipal_gdp,18405677.788
2800407,Arauá - SE,37,Produto Interno Bruto a preços correntes,2021,140121.885,municipal_gdp,140121.885
2800506,Areia Branca - SE,37,Produto Interno Bruto a preços correntes,2021,252263.149,municipal_gdp,252263.149
2800605,Barra dos Coqueiros - SE,37,Produto Interno Bruto a preços correntes,2021,2581591.798,municipal_gdp,2581591.798
2800670,Boquim - SE,37,Produto Interno Bruto a preços correntes,2021,333080.032,municipal_gdp,333080.032
2800704,Brejo Grande - SE,37,Produto Interno Bruto a preços correntes,2021,95886.083,municipal_gdp,95886.083
2801009,Campo do Brito - SE,37,Produto Interno Bruto a preços correntes,2021,237677.001,municipal_gdp,237677.001
2801108,Canhoba - SE,37,Produto Interno Bruto a preços correntes,2021,84436.411,municipal_gdp,84436.411
2801207,Canindé de São Francisco - SE,37,Produto Interno Bruto a preços correntes,2021,2895221.780,municipal_gdp,2895221.78
2801306,Capela - SE,37,Produto Interno Bruto a preços correntes,2021,385290.499,municipal_gdp,385290.499
2801405,Carira - SE,37,Produto Interno Bruto a preços correntes,2021,379817.764,municipal_gdp,379817.764
2801504,Carmópolis - SE,37,Produto Interno Bruto a preços correntes,2021,422600.834,municipal_gdp,422600.834
2801603,Cedro de São João - SE,37,Produto Interno Bruto a preços correntes,2021,64293.401,municipal_gdp,64293.401
2801702,Cristinápolis - SE,37,Produto Interno Bruto a preços correntes,2021,250777.220,municipal_gdp,250777.22
2801900,Cumbe - SE,37,Produto Interno Bruto a preços correntes,2021,69489.148,municipal_gdp,69489.148
2802007,Divina Pastora - SE,37,Produto Interno Bruto a preços correntes,2021,188619.161,municipal_gdp,188619.161
2802106,Estância - SE,37,Produto Interno Bruto a preços correntes,2021,2126563.415,municipal_gdp,2126563.415
2802205,Feira Nova - SE,37,Produto Interno Bruto a preços correntes,2021,114918.377,municipal_gdp,114918.377
2802304,Frei Paulo - SE,37,Produto Interno Bruto a preços correntes,2021,324740.673,municipal_gdp,324740.673
2802403,Gararu - SE,37,Produto Interno Bruto a preços correntes,2021,179510.515,municipal_gdp,179510.515
2802502,General Maynard - SE,37,Produto Interno Bruto a preços correntes,2021,43532.067,municipal_gdp,43532.067
2802601,Graccho Cardoso - SE,37,Produto Interno Bruto a preços correntes,2021,100982.469,municipal_gdp,100982.469
2802700,Ilha das Flores - SE,37,Produto Interno Bruto a preços correntes,2021,101814.795,municipal_gdp,101814.795
2802809,Indiaroba - SE,37,Produto Interno Bruto a preços correntes,2021,229669.731,municipal_gdp,229669.731
2802908,Itabaiana - SE,37,Produto Interno Bruto a preços correntes,2021,2213274.573,municipal_gdp,2213274.573
2803005,Itabaianinha - SE,37,Produto Interno Bruto a preços correntes,2021,535796.555,municipal_gdp,535796.555
2803104,Itabi - SE,37,Produto Interno Bruto a preços correntes,2021,81127.364,municipal_gdp,81127.364
2803203,Itaporanga d'Ajuda - SE,37,Produto Interno Bruto a preços correntes,2021,880245.443,municipal_gdp,880245.443
2803302,Japaratuba - SE,37,Produto Interno Bruto a preços correntes,2021,527939.243,municipal_gdp,527939.243
2803401,Japoatã - SE,37,Produto Interno Bruto a preços correntes,2021,210653.588,municipal_gdp,210653.588
2803500,Lagarto - SE,37,Produto Interno Bruto a preços correntes,2021,1798319.172,municipal_gdp,1798319.172
2803609,Laranjeiras - SE,37,Produto Interno Bruto a preços correntes,2021,1162006.538,municipal_gdp,1162006.538
2803708,Macambira - SE,37,Produto Interno Bruto a preços correntes,2021,89534.571,municipal_gdp,89534.571
2803807,Malhada dos Bois - SE,37,Produto Interno Bruto a preços correntes,2021,52759.619,municipal_gdp,52759.619
2803906,Malhador - SE,37,Produto Interno Bruto a preços correntes,2021,173217.785,municipal_gdp,173217.785
2804003,Maruim - SE,37,Produto Interno Bruto a preços correntes,2021,448413.882,municipal_gdp,448413.882
2804102,Moita Bonita - SE,37,Produto Interno Bruto a preços correntes,2021,206468.242,municipal_gdp,206468.242
2804201,Monte Alegre de Sergipe - SE,37,Produto Interno Bruto a preços correntes,2021,218952.565,municipal_gdp,218952.565
2804300,Muribeca - SE,37,Produto Interno Bruto a preços correntes,2021,96660.396,municipal_gdp,96660.396
2804409,Neópolis - SE,37,Produto Interno Bruto a preços correntes,2021,330965.807,municipal_gdp,330965.807
2804458,Nossa Senhora Aparecida - SE,37,Produto Interno Bruto a preços correntes,2021,109900.468,municipal_gdp,109900.468
2804508,Nossa Senhora da Glória - SE,37,Produto Interno Bruto a preços correntes,2021,790790.161,municipal_gdp,790790.161
2804607,Nossa Senhora das Dores - SE,37,Produto Interno Bruto a preços correntes,2021,415736.180,municipal_gdp,415736.18
2804706,Nossa Senhora de Lourdes - SE,37,Produto Interno Bruto a preços correntes,2021,91164.828,municipal_gdp,91164.828
2804805,Nossa Senhora do Socorro - SE,37,Produto Interno Bruto a preços correntes,2021,3232697.918,municipal_gdp,3232697.918
2804904,Pacatuba - SE,37,Produto Interno Bruto a preços correntes,2021,236642.649,municipal_gdp,236642.649
2805000,Pedra Mole - SE,37,Produto Interno Bruto a preços correntes,2021,48011.710,municipal_gdp,48011.71
2805109,Pedrinhas - SE,37,Produto Interno Bruto a preços correntes,2021,98935.679,municipal_gdp,98935.679
2805208,Pinhão - SE,37,Produto Interno Bruto a preços correntes,2021,91574.102,municipal_gdp,91574.102
2805307,Pirambu - SE,37,Produto Interno Bruto a preços correntes,2021,137921.589,municipal_gdp,137921.589
2805406,Poço Redondo - SE,37,Produto Interno Bruto a preços correntes,2021,416245.130,municipal_gdp,416245.13
2805505,Poço Verde - SE,37,Produto Interno Bruto a preços correntes,2021,322301.775,municipal_gdp,322301.775
2805604,Porto da Folha - SE,37,Produto Interno Bruto a preços correntes,2021,366553.464,municipal_gdp,366553.464
2805703,Propriá - SE,37,Produto Interno Bruto a preços correntes,2021,554299.192,municipal_gdp,554299.192
2805802,Riachão do Dantas - SE,37,Produto Interno Bruto a preços correntes,2021,328904.479,municipal_gdp,328904.479
2805901,Riachuelo - SE,37,Produto Interno Bruto a preços correntes,2021,222400.947,municipal_gdp,222400.947
2806008,Ribeirópolis - SE,37,Produto Interno Bruto a preços correntes,2021,339443.050,municipal_gdp,339443.05
2806107,Rosário do Catete - SE,37,Produto Interno Bruto a preços correntes,2021,468956.060,municipal_gdp,468956.06
2806206,Salgado - SE,37,Produto Interno Bruto a preços correntes,2021,217519.174,municipal_gdp,217519.174
2806305,Santa Luzia do Itanhy - SE,37,Produto Interno Bruto a preços correntes,2021,192689.917,municipal_gdp,192689.917
2806404,Santana do São Francisco - SE,37,Produto Interno Bruto a preços correntes,2021,106772.621,municipal_gdp,106772.621
2806503,Santa Rosa de Lima - SE,37,Produto Interno Bruto a preços correntes,2021,55083.536,municipal_gdp,55083.536
2806602,Santo Amaro das Brotas - SE,37,Produto Interno Bruto a preços correntes,2021,167665.266,municipal_gdp,167665.266
2806701,São Cristóvão - SE,37,Produto Interno Bruto a preços correntes,2021,1031740.474,municipal_gdp,1031740.474
2806800,São Domingos - SE,37,Produto Interno Bruto a preços correntes,2021,135226.821,municipal_gdp,135226.821
2806909,São Francisco - SE,37,Produto Interno Bruto a preços correntes,2021,56033.562,municipal_gdp,56033.562
2807006,São Miguel do Aleixo - SE,37,Produto Interno Bruto a preços correntes,2021,49842.493,municipal_gdp,49842.493
2807105,Simão Dias - SE,37,Produto Interno Bruto a preços correntes,2021,790408.245,municipal_gdp,790408.245
2807204,Siriri - SE,37,Produto Interno Bruto a preços correntes,2021,176735.571,municipal_gdp,176735.571
2807303,Telha - SE,37,Produto Interno Bruto a preços correntes,2021,44121.433,municipal_gdp,44121.433
2807402,Tobias Barreto - SE,37,Produto Interno Bruto a preços correntes,2021,655791.184,municipal_gdp,655791.184
2807501,Tomar do Geru - SE,37,Produto Interno Bruto a preços correntes,2021,146965.409,municipal_gdp,146965.409
2807600,Umbaúba - SE,37,Produto Interno Bruto a preços correntes,2021,401569.249,municipal_gdp,401569.249
2900108,Abaíra - BA,37,Produto Interno Bruto a preços correntes,2021,70036.719,municipal_gdp,70036.719
2900207,Abaré - BA,37,Produto Interno Bruto a preços correntes,2021,208481.098,municipal_gdp,208481.098
2900306,Acajutiba - BA,37,Produto Interno Bruto a preços correntes,2021,144340.890,municipal_gdp,144340.89
2900355,Adustina - BA,37,Produto Interno Bruto a preços correntes,2021,240507.055,municipal_gdp,240507.055
2900405,Água Fria - BA,37,Produto Interno Bruto a preços correntes,2021,158357.102,municipal_gdp,158357.102
2900504,Érico Cardoso - BA,37,Produto Interno Bruto a preços correntes,2021,77947.069,municipal_gdp,77947.069
2900603,Aiquara - BA,37,Produto Interno Bruto a preços correntes,2021,53699.466,municipal_gdp,53699.466
2900702,Alagoinhas - BA,37,Produto Interno Bruto a preços correntes,2021,4533419.568,municipal_gdp,4533419.568
2900801,Alcobaça - BA,37,Produto Interno Bruto a preços correntes,2021,347521.385,municipal_gdp,347521.385
2900900,Almadina - BA,37,Produto Interno Bruto a preços correntes,2021,62839.100,municipal_gdp,62839.1
2901007,Amargosa - BA,37,Produto Interno Bruto a preços correntes,2021,463245.567,municipal_gdp,463245.567
2901106,Amélia Rodrigues - BA,37,Produto Interno Bruto a preços correntes,2021,437827.407,municipal_gdp,437827.407
2901155,América Dourada - BA,37,Produto Interno Bruto a preços correntes,2021,167875.859,municipal_gdp,167875.859
2901205,Anagé - BA,37,Produto Interno Bruto a preços correntes,2021,224788.357,municipal_gdp,224788.357
2901304,Andaraí - BA,37,Produto Interno Bruto a preços correntes,2021,134354.237,municipal_gdp,134354.237
2901353,Andorinha - BA,37,Produto Interno Bruto a preços correntes,2021,223254.503,municipal_gdp,223254.503
2901403,Angical - BA,37,Produto Interno Bruto a preços correntes,2021,190379.176,municipal_gdp,190379.176
2901502,Anguera - BA,37,Produto Interno Bruto a preços correntes,2021,78771.040,municipal_gdp,78771.04
2901601,Antas - BA,37,Produto Interno Bruto a preços correntes,2021,160610.695,municipal_gdp,160610.695
2901700,Antônio Cardoso - BA,37,Produto Interno Bruto a preços correntes,2021,124245.921,municipal_gdp,124245.921
2901809,Antônio Gonçalves - BA,37,Produto Interno Bruto a preços correntes,2021,82589.056,municipal_gdp,82589.056
2901908,Aporá - BA,37,Produto Interno Bruto a preços correntes,2021,148459.991,municipal_gdp,148459.991
2901957,Apuarema - BA,37,Produto Interno Bruto a preços correntes,2021,74215.883,municipal_gdp,74215.883
2902005,Aracatu - BA,37,Produto Interno Bruto a preços correntes,2021,145622.002,municipal_gdp,145622.002
2902054,Araçás - BA,37,Produto Interno Bruto a preços correntes,2021,298903.454,municipal_gdp,298903.454
2902104,Araci - BA,37,Produto Interno Bruto a preços correntes,2021,490958.077,municipal_gdp,490958.077
2902203,Aramari - BA,37,Produto Interno Bruto a preços correntes,2021,103680.002,municipal_gdp,103680.002
2902252,Arataca - BA,37,Produto Interno Bruto a preços correntes,2021,101344.436,municipal_gdp,101344.436
2902302,Aratuípe - BA,37,Produto Interno Bruto a preços correntes,2021,79991.847,municipal_gdp,79991.847
2902401,Aurelino Leal - BA,37,Produto Interno Bruto a preços correntes,2021,136886.378,municipal_gdp,136886.378
2902500,Baianópolis - BA,37,Produto Interno Bruto a preços correntes,2021,263674.989,municipal_gdp,263674.989
2902609,Baixa Grande - BA,37,Produto Interno Bruto a preços correntes,2021,194473.942,municipal_gdp,194473.942
2902658,Banzaê - BA,37,Produto Interno Bruto a preços correntes,2021,113492.974,municipal_gdp,113492.974
2902708,Barra - BA,37,Produto Interno Bruto a preços correntes,2021,430282.251,municipal_gdp,430282.251
2902807,Barra da Estiva - BA,37,Produto Interno Bruto a preços correntes,2021,376925.906,municipal_gdp,376925.906
2902906,Barra do Choça - BA,37,Produto Interno Bruto a preços correntes,2021,573206.782,municipal_gdp,573206.782
2903003,Barra do Mendes - BA,37,Produto Interno Bruto a preços correntes,2021,115644.469,municipal_gdp,115644.469
2903102,Barra do Rocha - BA,37,Produto Interno Bruto a preços correntes,2021,77839.046,municipal_gdp,77839.046
2903201,Barreiras - BA,37,Produto Interno Bruto a preços correntes,2021,7007583.279,municipal_gdp,7007583.279
2903235,Barro Alto - BA,37,Produto Interno Bruto a preços correntes,2021,112747.118,municipal_gdp,112747.118
2903276,Barrocas - BA,37,Produto Interno Bruto a preços correntes,2021,345869.490,municipal_gdp,345869.49
2903300,Barro Preto - BA,37,Produto Interno Bruto a preços correntes,2021,79870.302,municipal_gdp,79870.302
2903409,Belmonte - BA,37,Produto Interno Bruto a preços correntes,2021,373616.295,municipal_gdp,373616.295
2903508,Belo Campo - BA,37,Produto Interno Bruto a preços correntes,2021,169333.707,municipal_gdp,169333.707
2903607,Biritinga - BA,37,Produto Interno Bruto a preços correntes,2021,145253.690,municipal_gdp,145253.69
2903706,Boa Nova - BA,37,Produto Interno Bruto a preços correntes,2021,111524.710,municipal_gdp,111524.71
2903805,Boa Vista do Tupim - BA,37,Produto Interno Bruto a preços correntes,2021,155182.102,municipal_gdp,155182.102
2903904,Bom Jesus da Lapa - BA,37,Produto Interno Bruto a preços correntes,2021,1357111.410,municipal_gdp,1357111.41
2903953,Bom Jesus da Serra - BA,37,Produto Interno Bruto a preços correntes,2021,69906.437,municipal_gdp,69906.437
2904001,Boninal - BA,37,Produto Interno Bruto a preços correntes,2021,117753.016,municipal_gdp,117753.016
2904050,Bonito - BA,37,Produto Interno Bruto a preços correntes,2021,270623.768,municipal_gdp,270623.768
2904100,Boquira - BA,37,Produto Interno Bruto a preços correntes,2021,188737.454,municipal_gdp,188737.454
2904209,Botuporã - BA,37,Produto Interno Bruto a preços correntes,2021,109883.732,municipal_gdp,109883.732
2904308,Brejões - BA,37,Produto Interno Bruto a preços correntes,2021,144196.045,municipal_gdp,144196.045
2904407,Brejolândia - BA,37,Produto Interno Bruto a preços correntes,2021,126160.936,municipal_gdp,126160.936
2904506,Brotas de Macaúbas - BA,37,Produto Interno Bruto a preços correntes,2021,96352.323,municipal_gdp,96352.323
2904605,Brumado - BA,37,Produto Interno Bruto a preços correntes,2021,1781801.763,municipal_gdp,1781801.763
2904704,Buerarema - BA,37,Produto Interno Bruto a preços correntes,2021,209116.867,municipal_gdp,209116.867
2904753,Buritirama - BA,37,Produto Interno Bruto a preços correntes,2021,154804.668,municipal_gdp,154804.668
2904803,Caatiba - BA,37,Produto Interno Bruto a preços correntes,2021,77335.558,municipal_gdp,77335.558
2904852,Cabaceiras do Paraguaçu - BA,37,Produto Interno Bruto a preços correntes,2021,141050.367,municipal_gdp,141050.367
2904902,Cachoeira - BA,37,Produto Interno Bruto a preços correntes,2021,479137.837,municipal_gdp,479137.837
2905008,Caculé - BA,37,Produto Interno Bruto a preços correntes,2021,363603.087,municipal_gdp,363603.087
2905107,Caém - BA,37,Produto Interno Bruto a preços correntes,2021,92224.070,municipal_gdp,92224.07
2905156,Caetanos - BA,37,Produto Interno Bruto a preços correntes,2021,102467.523,municipal_gdp,102467.523
2905206,Caetité - BA,37,Produto Interno Bruto a preços correntes,2021,1098343.675,municipal_gdp,1098343.675
2905305,Cafarnaum - BA,37,Produto Interno Bruto a preços correntes,2021,217329.401,municipal_gdp,217329.401
2905404,Cairu - BA,37,Produto Interno Bruto a preços correntes,2021,1508841.953,municipal_gdp,1508841.953
2905503,Caldeirão Grande - BA,37,Produto Interno Bruto a preços correntes,2021,101885.428,municipal_gdp,101885.428
2905602,Camacan - BA,37,Produto Interno Bruto a preços correntes,2021,354111.339,municipal_gdp,354111.339
2905701,Camaçari - BA,37,Produto Interno Bruto a preços correntes,2021,33990889.950,municipal_gdp,33990889.95
2905800,Camamu - BA,37,Produto Interno Bruto a preços correntes,2021,468116.934,municipal_gdp,468116.934
2905909,Campo Alegre de Lourdes - BA,37,Produto Interno Bruto a preços correntes,2021,295119.140,municipal_gdp,295119.14
2906006,Campo Formoso - BA,37,Produto Interno Bruto a preços correntes,2021,2072120.743,municipal_gdp,2072120.743
2906105,Canápolis - BA,37,Produto Interno Bruto a preços correntes,2021,84822.921,municipal_gdp,84822.921
2906204,Canarana - BA,37,Produto Interno Bruto a preços correntes,2021,258494.023,municipal_gdp,258494.023
2906303,Canavieiras - BA,37,Produto Interno Bruto a preços correntes,2021,394907.243,municipal_gdp,394907.243
2906402,Candeal - BA,37,Produto Interno Bruto a preços correntes,2021,67739.498,municipal_gdp,67739.498
2906501,Candeias - BA,37,Produto Interno Bruto a preços correntes,2021,6824935.046,municipal_gdp,6824935.046
2906600,Candiba - BA,37,Produto Interno Bruto a preços correntes,2021,140512.987,municipal_gdp,140512.987
2906709,Cândido Sales - BA,37,Produto Interno Bruto a preços correntes,2021,244447.967,municipal_gdp,244447.967
2906808,Cansanção - BA,37,Produto Interno Bruto a preços correntes,2021,352264.826,municipal_gdp,352264.826
2906824,Canudos - BA,37,Produto Interno Bruto a preços correntes,2021,152935.361,municipal_gdp,152935.361
2906857,Capela do Alto Alegre - BA,37,Produto Interno Bruto a preços correntes,2021,129341.543,municipal_gdp,129341.543
2906873,Capim Grosso - BA,37,Produto Interno Bruto a preços correntes,2021,579389.688,municipal_gdp,579389.688
2906899,Caraíbas - BA,37,Produto Interno Bruto a preços correntes,2021,86125.164,municipal_gdp,86125.164
2906907,Caravelas - BA,37,Produto Interno Bruto a preços correntes,2021,357854.613,municipal_gdp,357854.613
2907004,Cardeal da Silva - BA,37,Produto Interno Bruto a preços correntes,2021,117843.839,municipal_gdp,117843.839
2907103,Carinhanha - BA,37,Produto Interno Bruto a preços correntes,2021,288403.486,municipal_gdp,288403.486
2907202,Casa Nova - BA,37,Produto Interno Bruto a preços correntes,2021,874879.232,municipal_gdp,874879.232
2907301,Castro Alves - BA,37,Produto Interno Bruto a preços correntes,2021,316840.460,municipal_gdp,316840.46
2907400,Catolândia - BA,37,Produto Interno Bruto a preços correntes,2021,80904.042,municipal_gdp,80904.042
2907509,Catu - BA,37,Produto Interno Bruto a preços correntes,2021,695020.716,municipal_gdp,695020.716
2907558,Caturama - BA,37,Produto Interno Bruto a preços correntes,2021,78181.384,municipal_gdp,78181.384
2907608,Central - BA,37,Produto Interno Bruto a preços correntes,2021,154454.399,municipal_gdp,154454.399
2907707,Chorrochó - BA,37,Produto Interno Bruto a preços correntes,2021,105377.296,municipal_gdp,105377.296
2907806,Cícero Dantas - BA,37,Produto Interno Bruto a preços correntes,2021,399479.828,municipal_gdp,399479.828
2907905,Cipó - BA,37,Produto Interno Bruto a preços correntes,2021,155099.909,municipal_gdp,155099.909
2908002,Coaraci - BA,37,Produto Interno Bruto a preços correntes,2021,190857.091,municipal_gdp,190857.091
2908101,Cocos - BA,37,Produto Interno Bruto a preços correntes,2021,559255.161,municipal_gdp,559255.161
2908200,Conceição da Feira - BA,37,Produto Interno Bruto a preços correntes,2021,375844.599,municipal_gdp,375844.599
2908309,Conceição do Almeida - BA,37,Produto Interno Bruto a preços correntes,2021,200105.353,municipal_gdp,200105.353
2908408,Conceição do Coité - BA,37,Produto Interno Bruto a preços correntes,2021,883549.569,municipal_gdp,883549.569
2908507,Conceição do Jacuípe - BA,37,Produto Interno Bruto a preços correntes,2021,2761494.696,municipal_gdp,2761494.696
2908606,Conde - BA,37,Produto Interno Bruto a preços correntes,2021,288431.692,municipal_gdp,288431.692
2908705,Condeúba - BA,37,Produto Interno Bruto a preços correntes,2021,170758.268,municipal_gdp,170758.268
2908804,Contendas do Sincorá - BA,37,Produto Interno Bruto a preços correntes,2021,50705.258,municipal_gdp,50705.258
2908903,Coração de Maria - BA,37,Produto Interno Bruto a preços correntes,2021,225909.027,municipal_gdp,225909.027
2909000,Cordeiros - BA,37,Produto Interno Bruto a preços correntes,2021,70615.999,municipal_gdp,70615.999
2909109,Coribe - BA,37,Produto Interno Bruto a preços correntes,2021,168998.983,municipal_gdp,168998.983
2909208,Coronel João Sá - BA,37,Produto Interno Bruto a preços correntes,2021,175063.321,municipal_gdp,175063.321
2909307,Correntina - BA,37,Produto Interno Bruto a preços correntes,2021,3280616.967,municipal_gdp,3280616.967
2909406,Cotegipe - BA,37,Produto Interno Bruto a preços correntes,2021,171260.553,municipal_gdp,171260.553
2909505,Cravolândia - BA,37,Produto Interno Bruto a preços correntes,2021,45855.921,municipal_gdp,45855.921
2909604,Crisópolis - BA,37,Produto Interno Bruto a preços correntes,2021,205808.587,municipal_gdp,205808.587
2909703,Cristópolis - BA,37,Produto Interno Bruto a preços correntes,2021,157828.802,municipal_gdp,157828.802
2909802,Cruz das Almas - BA,37,Produto Interno Bruto a preços correntes,2021,1041984.133,municipal_gdp,1041984.133
2909901,Curaçá - BA,37,Produto Interno Bruto a preços correntes,2021,354901.487,municipal_gdp,354901.487
2910008,Dário Meira - BA,37,Produto Interno Bruto a preços correntes,2021,126034.763,municipal_gdp,126034.763
2910057,Dias d'Ávila - BA,37,Produto Interno Bruto a preços correntes,2021,3052172.706,municipal_gdp,3052172.706
2910107,Dom Basílio - BA,37,Produto Interno Bruto a preços correntes,2021,142114.382,municipal_gdp,142114.382
2910206,Dom Macedo Costa - BA,37,Produto Interno Bruto a preços correntes,2021,43268.314,municipal_gdp,43268.314
2910305,Elísio Medrado - BA,37,Produto Interno Bruto a preços correntes,2021,76576.731,municipal_gdp,76576.731
2910404,Encruzilhada - BA,37,Produto Interno Bruto a preços correntes,2021,255982.486,municipal_gdp,255982.486
2910503,Entre Rios - BA,37,Produto Interno Bruto a preços correntes,2021,680874.564,municipal_gdp,680874.564
2910602,Esplanada - BA,37,Produto Interno Bruto a preços correntes,2021,731443.459,municipal_gdp,731443.459
2910701,Euclides da Cunha - BA,37,Produto Interno Bruto a preços correntes,2021,794576.024,municipal_gdp,794576.024
2910727,Eunápolis - BA,37,Produto Interno Bruto a preços correntes,2021,3204764.489,municipal_gdp,3204764.489
2910750,Fátima - BA,37,Produto Interno Bruto a preços correntes,2021,279796.681,municipal_gdp,279796.681
2910776,Feira da Mata - BA,37,Produto Interno Bruto a preços correntes,2021,63005.594,municipal_gdp,63005.594
2910800,Feira de Santana - BA,37,Produto Interno Bruto a preços correntes,2021,17287745.832,municipal_gdp,17287745.832
2910859,Filadélfia - BA,37,Produto Interno Bruto a preços correntes,2021,139019.214,municipal_gdp,139019.214
2910909,Firmino Alves - BA,37,Produto Interno Bruto a preços correntes,2021,70961.224,municipal_gdp,70961.224
2911006,Floresta Azul - BA,37,Produto Interno Bruto a preços correntes,2021,101470.306,municipal_gdp,101470.306
2911105,Formosa do Rio Preto - BA,37,Produto Interno Bruto a preços correntes,2021,4609105.455,municipal_gdp,4609105.455
2911204,Gandu - BA,37,Produto Interno Bruto a preços correntes,2021,460710.116,municipal_gdp,460710.116
2911253,Gavião - BA,37,Produto Interno Bruto a preços correntes,2021,49891.620,municipal_gdp,49891.62
2911303,Gentio do Ouro - BA,37,Produto Interno Bruto a preços correntes,2021,133421.322,municipal_gdp,133421.322
2911402,Glória - BA,37,Produto Interno Bruto a preços correntes,2021,254115.812,municipal_gdp,254115.812
2911501,Gongogi - BA,37,Produto Interno Bruto a preços correntes,2021,76383.694,municipal_gdp,76383.694
2911600,Governador Mangabeira - BA,37,Produto Interno Bruto a preços correntes,2021,221824.172,municipal_gdp,221824.172
2911659,Guajeru - BA,37,Produto Interno Bruto a preços correntes,2021,68553.065,municipal_gdp,68553.065
2911709,Guanambi - BA,37,Produto Interno Bruto a preços correntes,2021,1652173.969,municipal_gdp,1652173.969
2911808,Guaratinga - BA,37,Produto Interno Bruto a preços correntes,2021,279298.061,municipal_gdp,279298.061
2911857,Heliópolis - BA,37,Produto Interno Bruto a preços correntes,2021,140496.916,municipal_gdp,140496.916
2911907,Iaçu - BA,37,Produto Interno Bruto a preços correntes,2021,236733.195,municipal_gdp,236733.195
2912004,Ibiassucê - BA,37,Produto Interno Bruto a preços correntes,2021,98695.612,municipal_gdp,98695.612
2912103,Ibicaraí - BA,37,Produto Interno Bruto a preços correntes,2021,206487.826,municipal_gdp,206487.826
2912202,Ibicoara - BA,37,Produto Interno Bruto a preços correntes,2021,442996.133,municipal_gdp,442996.133
2912301,Ibicuí - BA,37,Produto Interno Bruto a preços correntes,2021,196040.760,municipal_gdp,196040.76
2912400,Ibipeba - BA,37,Produto Interno Bruto a preços correntes,2021,177642.709,municipal_gdp,177642.709
2912509,Ibipitanga - BA,37,Produto Interno Bruto a preços correntes,2021,117147.439,municipal_gdp,117147.439
2912608,Ibiquera - BA,37,Produto Interno Bruto a preços correntes,2021,37301.787,municipal_gdp,37301.787
2912707,Ibirapitanga - BA,37,Produto Interno Bruto a preços correntes,2021,285725.307,municipal_gdp,285725.307
2912806,Ibirapuã - BA,37,Produto Interno Bruto a preços correntes,2021,450753.904,municipal_gdp,450753.904
2912905,Ibirataia - BA,37,Produto Interno Bruto a preços correntes,2021,206991.156,municipal_gdp,206991.156
2913002,Ibitiara - BA,37,Produto Interno Bruto a preços correntes,2021,113539.327,municipal_gdp,113539.327
2913101,Ibititá - BA,37,Produto Interno Bruto a preços correntes,2021,155356.267,municipal_gdp,155356.267
2913200,Ibotirama - BA,37,Produto Interno Bruto a preços correntes,2021,415175.858,municipal_gdp,415175.858
2913309,Ichu - BA,37,Produto Interno Bruto a preços correntes,2021,56325.859,municipal_gdp,56325.859
2913408,Igaporã - BA,37,Produto Interno Bruto a preços correntes,2021,198181.025,municipal_gdp,198181.025
2913457,Igrapiúna - BA,37,Produto Interno Bruto a preços correntes,2021,211118.123,municipal_gdp,211118.123
2913507,Iguaí - BA,37,Produto Interno Bruto a preços correntes,2021,246106.570,municipal_gdp,246106.57
2913606,Ilhéus - BA,37,Produto Interno Bruto a preços correntes,2021,5165434.324,municipal_gdp,5165434.324
2913705,Inhambupe - BA,37,Produto Interno Bruto a preços correntes,2021,625516.441,municipal_gdp,625516.441
2913804,Ipecaetá - BA,37,Produto Interno Bruto a preços correntes,2021,105038.518,municipal_gdp,105038.518
2913903,Ipiaú - BA,37,Produto Interno Bruto a preços correntes,2021,567652.162,municipal_gdp,567652.162
2914000,Ipirá - BA,37,Produto Interno Bruto a preços correntes,2021,664073.768,municipal_gdp,664073.768
2914109,Ipupiara - BA,37,Produto Interno Bruto a preços correntes,2021,100297.666,municipal_gdp,100297.666
2914208,Irajuba - BA,37,Produto Interno Bruto a preços correntes,2021,77968.460,municipal_gdp,77968.46
2914307,Iramaia - BA,37,Produto Interno Bruto a preços correntes,2021,102574.500,municipal_gdp,102574.5
2914406,Iraquara - BA,37,Produto Interno Bruto a preços correntes,2021,897724.291,municipal_gdp,897724.291
2914505,Irará - BA,37,Produto Interno Bruto a preços correntes,2021,285797.274,municipal_gdp,285797.274
2914604,Irecê - BA,37,Produto Interno Bruto a preços correntes,2021,1531591.894,municipal_gdp,1531591.894
2914653,Itabela - BA,37,Produto Interno Bruto a preços correntes,2021,513989.054,municipal_gdp,513989.054
2914703,Itaberaba - BA,37,Produto Interno Bruto a preços correntes,2021,995761.242,municipal_gdp,995761.242
2914802,Itabuna - BA,37,Produto Interno Bruto a preços correntes,2021,4200886.994,municipal_gdp,4200886.994
2914901,Itacaré - BA,37,Produto Interno Bruto a preços correntes,2021,427089.995,municipal_gdp,427089.995
2915007,Itaeté - BA,37,Produto Interno Bruto a preços correntes,2021,126614.759,municipal_gdp,126614.759
2915106,Itagi - BA,37,Produto Interno Bruto a preços correntes,2021,128429.463,municipal_gdp,128429.463
2915205,Itagibá - BA,37,Produto Interno Bruto a preços correntes,2021,1102618.488,municipal_gdp,1102618.488
2915304,Itagimirim - BA,37,Produto Interno Bruto a preços correntes,2021,127477.598,municipal_gdp,127477.598
2915353,Itaguaçu da Bahia - BA,37,Produto Interno Bruto a preços correntes,2021,152645.862,municipal_gdp,152645.862
2915403,Itaju do Colônia - BA,37,Produto Interno Bruto a preços correntes,2021,89468.026,municipal_gdp,89468.026
2915502,Itajuípe - BA,37,Produto Interno Bruto a preços correntes,2021,255369.353,municipal_gdp,255369.353
2915601,Itamaraju - BA,37,Produto Interno Bruto a preços correntes,2021,1109786.486,municipal_gdp,1109786.486
2915700,Itamari - BA,37,Produto Interno Bruto a preços correntes,2021,103342.802,municipal_gdp,103342.802
2915809,Itambé - BA,37,Produto Interno Bruto a preços correntes,2021,294534.299,municipal_gdp,294534.299
2915908,Itanagra - BA,37,Produto Interno Bruto a preços correntes,2021,81828.586,municipal_gdp,81828.586
2916005,Itanhém - BA,37,Produto Interno Bruto a preços correntes,2021,293429.271,municipal_gdp,293429.271
2916104,Itaparica - BA,37,Produto Interno Bruto a preços correntes,2021,246765.254,municipal_gdp,246765.254
2916203,Itapé - BA,37,Produto Interno Bruto a preços correntes,2021,106332.518,municipal_gdp,106332.518
2916302,Itapebi - BA,37,Produto Interno Bruto a preços correntes,2021,335600.745,municipal_gdp,335600.745
2916401,Itapetinga - BA,37,Produto Interno Bruto a preços correntes,2021,1466168.786,municipal_gdp,1466168.786
2916500,Itapicuru - BA,37,Produto Interno Bruto a preços correntes,2021,438659.815,municipal_gdp,438659.815
2916609,Itapitanga - BA,37,Produto Interno Bruto a preços correntes,2021,94612.058,municipal_gdp,94612.058
2916708,Itaquara - BA,37,Produto Interno Bruto a preços correntes,2021,100679.075,municipal_gdp,100679.075
2916807,Itarantim - BA,37,Produto Interno Bruto a preços correntes,2021,330772.091,municipal_gdp,330772.091
2916856,Itatim - BA,37,Produto Interno Bruto a preços correntes,2021,430368.690,municipal_gdp,430368.69
2916906,Itiruçu - BA,37,Produto Interno Bruto a preços correntes,2021,120555.966,municipal_gdp,120555.966
2917003,Itiúba - BA,37,Produto Interno Bruto a preços correntes,2021,351480.498,municipal_gdp,351480.498
2917102,Itororó - BA,37,Produto Interno Bruto a preços correntes,2021,250715.086,municipal_gdp,250715.086
2917201,Ituaçu - BA,37,Produto Interno Bruto a preços correntes,2021,256553.803,municipal_gdp,256553.803
2917300,Ituberá - BA,37,Produto Interno Bruto a preços correntes,2021,367366.711,municipal_gdp,367366.711
2917334,Iuiu - BA,37,Produto Interno Bruto a preços correntes,2021,133298.729,municipal_gdp,133298.729
2917359,Jaborandi - BA,37,Produto Interno Bruto a preços correntes,2021,1344176.128,municipal_gdp,1344176.128
2917409,Jacaraci - BA,37,Produto Interno Bruto a preços correntes,2021,122733.957,municipal_gdp,122733.957
2917508,Jacobina - BA,37,Produto Interno Bruto a preços correntes,2021,1866381.690,municipal_gdp,1866381.69
2917607,Jaguaquara - BA,37,Produto Interno Bruto a preços correntes,2021,677732.009,municipal_gdp,677732.009
2917706,Jaguarari - BA,37,Produto Interno Bruto a preços correntes,2021,1197314.953,municipal_gdp,1197314.953
2917805,Jaguaripe - BA,37,Produto Interno Bruto a preços correntes,2021,206796.046,municipal_gdp,206796.046
2917904,Jandaíra - BA,37,Produto Interno Bruto a preços correntes,2021,168105.668,municipal_gdp,168105.668
2918001,Jequié - BA,37,Produto Interno Bruto a preços correntes,2021,3175606.984,municipal_gdp,3175606.984
2918100,Jeremoabo - BA,37,Produto Interno Bruto a preços correntes,2021,501168.694,municipal_gdp,501168.694
2918209,Jiquiriçá - BA,37,Produto Interno Bruto a preços correntes,2021,150224.960,municipal_gdp,150224.96
2918308,Jitaúna - BA,37,Produto Interno Bruto a preços correntes,2021,175500.919,municipal_gdp,175500.919
2918357,João Dourado - BA,37,Produto Interno Bruto a preços correntes,2021,296791.840,municipal_gdp,296791.84
2918407,Juazeiro - BA,37,Produto Interno Bruto a preços correntes,2021,5182686.052,municipal_gdp,5182686.052
2918456,Jucuruçu - BA,37,Produto Interno Bruto a preços correntes,2021,127605.021,municipal_gdp,127605.021
2918506,Jussara - BA,37,Produto Interno Bruto a preços correntes,2021,113551.501,municipal_gdp,113551.501
2918555,Jussari - BA,37,Produto Interno Bruto a preços correntes,2021,71425.797,municipal_gdp,71425.797
2918605,Jussiape - BA,37,Produto Interno Bruto a preços correntes,2021,68637.100,municipal_gdp,68637.1
2918704,Lafaiete Coutinho - BA,37,Produto Interno Bruto a preços correntes,2021,55228.295,municipal_gdp,55228.295
2918753,Lagoa Real - BA,37,Produto Interno Bruto a preços correntes,2021,119480.291,municipal_gdp,119480.291
2918803,Laje - BA,37,Produto Interno Bruto a preços correntes,2021,292273.856,municipal_gdp,292273.856
2918902,Lajedão - BA,37,Produto Interno Bruto a preços correntes,2021,112925.176,municipal_gdp,112925.176
2919009,Lajedinho - BA,37,Produto Interno Bruto a preços correntes,2021,60929.234,municipal_gdp,60929.234
2919058,Lajedo do Tabocal - BA,37,Produto Interno Bruto a preços correntes,2021,78267.435,municipal_gdp,78267.435
2919108,Lamarão - BA,37,Produto Interno Bruto a preços correntes,2021,64992.206,municipal_gdp,64992.206
2919157,Lapão - BA,37,Produto Interno Bruto a preços correntes,2021,302184.363,municipal_gdp,302184.363
2919207,Lauro de Freitas - BA,37,Produto Interno Bruto a preços correntes,2021,7322788.256,municipal_gdp,7322788.256
2919306,Lençóis - BA,37,Produto Interno Bruto a preços correntes,2021,170247.503,municipal_gdp,170247.503
2919405,Licínio de Almeida - BA,37,Produto Interno Bruto a preços correntes,2021,157144.806,municipal_gdp,157144.806
2919504,Livramento de Nossa Senhora - BA,37,Produto Interno Bruto a preços correntes,2021,574693.079,municipal_gdp,574693.079
2919553,Luís Eduardo Magalhães - BA,37,Produto Interno Bruto a preços correntes,2021,8833178.599,municipal_gdp,8833178.599
2919603,Macajuba - BA,37,Produto Interno Bruto a preços correntes,2021,90666.233,municipal_gdp,90666.233
2919702,Macarani - BA,37,Produto Interno Bruto a preços correntes,2021,226871.918,municipal_gdp,226871.918
2919801,Macaúbas - BA,37,Produto Interno Bruto a preços correntes,2021,430547.894,municipal_gdp,430547.894
2919900,Macururé - BA,37,Produto Interno Bruto a preços correntes,2021,67455.388,municipal_gdp,67455.388
2919926,Madre de Deus - BA,37,Produto Interno Bruto a preços correntes,2021,515753.054,municipal_gdp,515753.054
2919959,Maetinga - BA,37,Produto Interno Bruto a preços correntes,2021,50031.436,municipal_gdp,50031.436
2920007,Maiquinique - BA,37,Produto Interno Bruto a preços correntes,2021,204964.456,municipal_gdp,204964.456
2920106,Mairi - BA,37,Produto Interno Bruto a preços correntes,2021,158649.330,municipal_gdp,158649.33
2920205,Malhada - BA,37,Produto Interno Bruto a preços correntes,2021,187955.492,municipal_gdp,187955.492
2920304,Malhada de Pedras - BA,37,Produto Interno Bruto a preços correntes,2021,80500.863,municipal_gdp,80500.863
2920403,Manoel Vitorino - BA,37,Produto Interno Bruto a preços correntes,2021,139733.487,municipal_gdp,139733.487
2920452,Mansidão - BA,37,Produto Interno Bruto a preços correntes,2021,93634.642,municipal_gdp,93634.642
2920502,Maracás - BA,37,Produto Interno Bruto a preços correntes,2021,655864.918,municipal_gdp,655864.918
2920601,Maragogipe - BA,37,Produto Interno Bruto a preços correntes,2021,402216.465,municipal_gdp,402216.465
2920700,Maraú - BA,37,Produto Interno Bruto a preços correntes,2021,343434.794,municipal_gdp,343434.794
2920809,Marcionílio Souza - BA,37,Produto Interno Bruto a preços correntes,2021,94273.352,municipal_gdp,94273.352
2920908,Mascote - BA,37,Produto Interno Bruto a preços correntes,2021,161322.423,municipal_gdp,161322.423
2921005,Mata de São João - BA,37,Produto Interno Bruto a preços correntes,2021,1307567.229,municipal_gdp,1307567.229
2921054,Matina - BA,37,Produto Interno Bruto a preços correntes,2021,91645.996,municipal_gdp,91645.996
2921104,Medeiros Neto - BA,37,Produto Interno Bruto a preços correntes,2021,514264.277,municipal_gdp,514264.277
2921203,Miguel Calmon - BA,37,Produto Interno Bruto a preços correntes,2021,272751.442,municipal_gdp,272751.442
2921302,Milagres - BA,37,Produto Interno Bruto a preços correntes,2021,144021.218,municipal_gdp,144021.218
2921401,Mirangaba - BA,37,Produto Interno Bruto a preços correntes,2021,141313.667,municipal_gdp,141313.667
2921450,Mirante - BA,37,Produto Interno Bruto a preços correntes,2021,78529.471,municipal_gdp,78529.471
2921500,Monte Santo - BA,37,Produto Interno Bruto a preços correntes,2021,459587.202,municipal_gdp,459587.202
2921609,Morpará - BA,37,Produto Interno Bruto a preços correntes,2021,78575.990,municipal_gdp,78575.99
2921708,Morro do Chapéu - BA,37,Produto Interno Bruto a preços correntes,2021,626444.238,municipal_gdp,626444.238
2921807,Mortugaba - BA,37,Produto Interno Bruto a preços correntes,2021,106586.873,municipal_gdp,106586.873
2921906,Mucugê - BA,37,Produto Interno Bruto a preços correntes,2021,774984.078,municipal_gdp,774984.078
2922003,Mucuri - BA,37,Produto Interno Bruto a preços correntes,2021,2213928.590,municipal_gdp,2213928.59
2922052,Mulungu do Morro - BA,37,Produto Interno Bruto a preços correntes,2021,212754.385,municipal_gdp,212754.385
2922102,Mundo Novo - BA,37,Produto Interno Bruto a preços correntes,2021,198985.330,municipal_gdp,198985.33
2922201,Muniz Ferreira - BA,37,Produto Interno Bruto a preços correntes,2021,66760.323,municipal_gdp,66760.323
2922250,Muquém do São Francisco - BA,37,Produto Interno Bruto a preços correntes,2021,210271.605,municipal_gdp,210271.605
2922300,Muritiba - BA,37,Produto Interno Bruto a preços correntes,2021,276521.966,municipal_gdp,276521.966
2922409,Mutuípe - BA,37,Produto Interno Bruto a preços correntes,2021,470758.290,municipal_gdp,470758.29
2922508,Nazaré - BA,37,Produto Interno Bruto a preços correntes,2021,330398.755,municipal_gdp,330398.755
2922607,Nilo Peçanha - BA,37,Produto Interno Bruto a preços correntes,2021,185841.836,municipal_gdp,185841.836
2922656,Nordestina - BA,37,Produto Interno Bruto a preços correntes,2021,160703.648,municipal_gdp,160703.648
2922706,Nova Canaã - BA,37,Produto Interno Bruto a preços correntes,2021,174011.367,municipal_gdp,174011.367
2922730,Nova Fátima - BA,37,Produto Interno Bruto a preços correntes,2021,95116.243,municipal_gdp,95116.243
2922755,Nova Ibiá - BA,37,Produto Interno Bruto a preços correntes,2021,101835.051,municipal_gdp,101835.051
2922805,Nova Itarana - BA,37,Produto Interno Bruto a preços correntes,2021,73231.460,municipal_gdp,73231.46
2922854,Nova Redenção - BA,37,Produto Interno Bruto a preços correntes,2021,75482.213,municipal_gdp,75482.213
2922904,Nova Soure - BA,37,Produto Interno Bruto a preços correntes,2021,271385.396,municipal_gdp,271385.396
2923001,Nova Viçosa - BA,37,Produto Interno Bruto a preços correntes,2021,575878.974,municipal_gdp,575878.974
2923035,Novo Horizonte - BA,37,Produto Interno Bruto a preços correntes,2021,105116.854,municipal_gdp,105116.854
2923050,Novo Triunfo - BA,37,Produto Interno Bruto a preços correntes,2021,103839.633,municipal_gdp,103839.633
2923100,Olindina - BA,37,Produto Interno Bruto a preços correntes,2021,241904.724,municipal_gdp,241904.724
2923209,Oliveira dos Brejinhos - BA,37,Produto Interno Bruto a preços correntes,2021,291777.973,municipal_gdp,291777.973
2923308,Ouriçangas - BA,37,Produto Interno Bruto a preços correntes,2021,80572.147,municipal_gdp,80572.147
2923357,Ourolândia - BA,37,Produto Interno Bruto a preços correntes,2021,279796.496,municipal_gdp,279796.496
2923407,Palmas de Monte Alto - BA,37,Produto Interno Bruto a preços correntes,2021,237973.062,municipal_gdp,237973.062
2923506,Palmeiras - BA,37,Produto Interno Bruto a preços correntes,2021,107771.653,municipal_gdp,107771.653
2923605,Paramirim - BA,37,Produto Interno Bruto a preços correntes,2021,270521.752,municipal_gdp,270521.752
2923704,Paratinga - BA,37,Produto Interno Bruto a preços correntes,2021,260302.103,municipal_gdp,260302.103
2923803,Paripiranga - BA,37,Produto Interno Bruto a preços correntes,2021,454228.621,municipal_gdp,454228.621
2923902,Pau Brasil - BA,37,Produto Interno Bruto a preços correntes,2021,105693.515,municipal_gdp,105693.515
2924009,Paulo Afonso - BA,37,Produto Interno Bruto a preços correntes,2021,3964728.890,municipal_gdp,3964728.89
2924058,Pé de Serra - BA,37,Produto Interno Bruto a preços correntes,2021,131267.676,municipal_gdp,131267.676
2924108,Pedrão - BA,37,Produto Interno Bruto a preços correntes,2021,52230.026,municipal_gdp,52230.026
2924207,Pedro Alexandre - BA,37,Produto Interno Bruto a preços correntes,2021,119243.321,municipal_gdp,119243.321
2924306,Piatã - BA,37,Produto Interno Bruto a preços correntes,2021,242589.100,municipal_gdp,242589.1
2924405,Pilão Arcado - BA,37,Produto Interno Bruto a preços correntes,2021,291130.780,municipal_gdp,291130.78
2924504,Pindaí - BA,37,Produto Interno Bruto a preços correntes,2021,296448.545,municipal_gdp,296448.545
2924603,Pindobaçu - BA,37,Produto Interno Bruto a preços correntes,2021,156836.489,municipal_gdp,156836.489
2924652,Pintadas - BA,37,Produto Interno Bruto a preços correntes,2021,109215.668,municipal_gdp,109215.668
2924678,Piraí do Norte - BA,37,Produto Interno Bruto a preços correntes,2021,116890.746,municipal_gdp,116890.746
2924702,Piripá - BA,37,Produto Interno Bruto a preços correntes,2021,79283.314,municipal_gdp,79283.314
2924801,Piritiba - BA,37,Produto Interno Bruto a preços correntes,2021,187716.866,municipal_gdp,187716.866
2924900,Planaltino - BA,37,Produto Interno Bruto a preços correntes,2021,79136.412,municipal_gdp,79136.412
2925006,Planalto - BA,37,Produto Interno Bruto a preços correntes,2021,309692.462,municipal_gdp,309692.462
2925105,Poções - BA,37,Produto Interno Bruto a preços correntes,2021,572944.012,municipal_gdp,572944.012
2925204,Pojuca - BA,37,Produto Interno Bruto a preços correntes,2021,1843254.642,municipal_gdp,1843254.642
2925253,Ponto Novo - BA,37,Produto Interno Bruto a preços correntes,2021,142450.028,municipal_gdp,142450.028
2925303,Porto Seguro - BA,37,Produto Interno Bruto a preços correntes,2021,3775002.986,municipal_gdp,3775002.986
2925402,Potiraguá - BA,37,Produto Interno Bruto a preços correntes,2021,114890.461,municipal_gdp,114890.461
2925501,Prado - BA,37,Produto Interno Bruto a preços correntes,2021,625402.518,municipal_gdp,625402.518
2925600,Presidente Dutra - BA,37,Produto Interno Bruto a preços correntes,2021,132057.902,municipal_gdp,132057.902
2925709,Presidente Jânio Quadros - BA,37,Produto Interno Bruto a preços correntes,2021,100235.127,municipal_gdp,100235.127
2925758,Presidente Tancredo Neves - BA,37,Produto Interno Bruto a preços correntes,2021,337994.131,municipal_gdp,337994.131
2925808,Queimadas - BA,37,Produto Interno Bruto a preços correntes,2021,257594.736,municipal_gdp,257594.736
2925907,Quijingue - BA,37,Produto Interno Bruto a preços correntes,2021,227708.365,municipal_gdp,227708.365
2925931,Quixabeira - BA,37,Produto Interno Bruto a preços correntes,2021,76980.332,municipal_gdp,76980.332
2925956,Rafael Jambeiro - BA,37,Produto Interno Bruto a preços correntes,2021,396592.665,municipal_gdp,396592.665
2926004,Remanso - BA,37,Produto Interno Bruto a preços correntes,2021,486106.719,municipal_gdp,486106.719
2926103,Retirolândia - BA,37,Produto Interno Bruto a preços correntes,2021,149703.947,municipal_gdp,149703.947
2926202,Riachão das Neves - BA,37,Produto Interno Bruto a preços correntes,2021,1539858.671,municipal_gdp,1539858.671
2926301,Riachão do Jacuípe - BA,37,Produto Interno Bruto a preços correntes,2021,409526.624,municipal_gdp,409526.624
2926400,Riacho de Santana - BA,37,Produto Interno Bruto a preços correntes,2021,317645.282,municipal_gdp,317645.282
2926509,Ribeira do Amparo - BA,37,Produto Interno Bruto a preços correntes,2021,192311.456,municipal_gdp,192311.456
2926608,Ribeira do Pombal - BA,37,Produto Interno Bruto a preços correntes,2021,715512.208,municipal_gdp,715512.208
2926657,Ribeirão do Largo - BA,37,Produto Interno Bruto a preços correntes,2021,110953.512,municipal_gdp,110953.512
2926707,Rio de Contas - BA,37,Produto Interno Bruto a preços correntes,2021,155831.467,municipal_gdp,155831.467
2926806,Rio do Antônio - BA,37,Produto Interno Bruto a preços correntes,2021,115514.947,municipal_gdp,115514.947
2926905,Rio do Pires - BA,37,Produto Interno Bruto a preços correntes,2021,100333.281,municipal_gdp,100333.281
2927002,Rio Real - BA,37,Produto Interno Bruto a preços correntes,2021,1030914.613,municipal_gdp,1030914.613
2927101,Rodelas - BA,37,Produto Interno Bruto a preços correntes,2021,143383.123,municipal_gdp,143383.123
2927200,Ruy Barbosa - BA,37,Produto Interno Bruto a preços correntes,2021,392237.614,municipal_gdp,392237.614
2927309,Salinas da Margarida - BA,37,Produto Interno Bruto a preços correntes,2021,201345.116,municipal_gdp,201345.116
2927408,Salvador - BA,37,Produto Interno Bruto a preços correntes,2021,62981325.915,municipal_gdp,62981325.915
2927507,Santa Bárbara - BA,37,Produto Interno Bruto a preços correntes,2021,180434.309,municipal_gdp,180434.309
2927606,Santa Brígida - BA,37,Produto Interno Bruto a preços correntes,2021,119246.262,municipal_gdp,119246.262
2927705,Santa Cruz Cabrália - BA,37,Produto Interno Bruto a preços correntes,2021,549712.599,municipal_gdp,549712.599
2927804,Santa Cruz da Vitória - BA,37,Produto Interno Bruto a preços correntes,2021,71168.765,municipal_gdp,71168.765
2927903,Santa Inês - BA,37,Produto Interno Bruto a preços correntes,2021,76084.975,municipal_gdp,76084.975
2928000,Santaluz - BA,37,Produto Interno Bruto a preços correntes,2021,521837.737,municipal_gdp,521837.737
2928059,Santa Luzia - BA,37,Produto Interno Bruto a preços correntes,2021,124187.262,municipal_gdp,124187.262
2928109,Santa Maria da Vitória - BA,37,Produto Interno Bruto a preços correntes,2021,600084.818,municipal_gdp,600084.818
2928208,Santana - BA,37,Produto Interno Bruto a preços correntes,2021,343471.421,municipal_gdp,343471.421
2928307,Santanópolis - BA,37,Produto Interno Bruto a preços correntes,2021,68800.227,municipal_gdp,68800.227
2928406,Santa Rita de Cássia - BA,37,Produto Interno Bruto a preços correntes,2021,285735.891,municipal_gdp,285735.891
2928505,Santa Terezinha - BA,37,Produto Interno Bruto a preços correntes,2021,101309.393,municipal_gdp,101309.393
2928604,Santo Amaro - BA,37,Produto Interno Bruto a preços correntes,2021,1137499.279,municipal_gdp,1137499.279
2928703,Santo Antônio de Jesus - BA,37,Produto Interno Bruto a preços correntes,2021,2449482.451,municipal_gdp,2449482.451
2928802,Santo Estêvão - BA,37,Produto Interno Bruto a preços correntes,2021,913473.457,municipal_gdp,913473.457
2928901,São Desidério - BA,37,Produto Interno Bruto a preços correntes,2021,5846223.785,municipal_gdp,5846223.785
2928950,São Domingos - BA,37,Produto Interno Bruto a preços correntes,2021,88332.832,municipal_gdp,88332.832
2929008,São Félix - BA,37,Produto Interno Bruto a preços correntes,2021,172669.261,municipal_gdp,172669.261
2929057,São Félix do Coribe - BA,37,Produto Interno Bruto a preços correntes,2021,238008.929,municipal_gdp,238008.929
2929107,São Felipe - BA,37,Produto Interno Bruto a preços correntes,2021,211989.161,municipal_gdp,211989.161
2929206,São Francisco do Conde - BA,37,Produto Interno Bruto a preços correntes,2021,13095066.580,municipal_gdp,13095066.58
2929255,São Gabriel - BA,37,Produto Interno Bruto a preços correntes,2021,152707.320,municipal_gdp,152707.32
2929305,São Gonçalo dos Campos - BA,37,Produto Interno Bruto a preços correntes,2021,1156471.536,municipal_gdp,1156471.536
2929354,São José da Vitória - BA,37,Produto Interno Bruto a preços correntes,2021,67106.899,municipal_gdp,67106.899
2929370,São José do Jacuípe - BA,37,Produto Interno Bruto a preços correntes,2021,126577.096,municipal_gdp,126577.096
2929404,São Miguel das Matas - BA,37,Produto Interno Bruto a preços correntes,2021,176577.603,municipal_gdp,176577.603
2929503,São Sebastião do Passé - BA,37,Produto Interno Bruto a preços correntes,2021,849766.492,municipal_gdp,849766.492
2929602,Sapeaçu - BA,37,Produto Interno Bruto a preços correntes,2021,213065.498,municipal_gdp,213065.498
2929701,Sátiro Dias - BA,37,Produto Interno Bruto a preços correntes,2021,257706.121,municipal_gdp,257706.121
2929750,Saubara - BA,37,Produto Interno Bruto a preços correntes,2021,146219.114,municipal_gdp,146219.114
2929800,Saúde - BA,37,Produto Interno Bruto a preços correntes,2021,102998.965,municipal_gdp,102998.965
2929909,Seabra - BA,37,Produto Interno Bruto a preços correntes,2021,625080.486,municipal_gdp,625080.486
2930006,Sebastião Laranjeiras - BA,37,Produto Interno Bruto a preços correntes,2021,107168.399,municipal_gdp,107168.399
2930105,Senhor do Bonfim - BA,37,Produto Interno Bruto a preços correntes,2021,997788.034,municipal_gdp,997788.034
2930154,Serra do Ramalho - BA,37,Produto Interno Bruto a preços correntes,2021,411278.669,municipal_gdp,411278.669
2930204,Sento Sé - BA,37,Produto Interno Bruto a preços correntes,2021,1714710.739,municipal_gdp,1714710.739
2930303,Serra Dourada - BA,37,Produto Interno Bruto a preços correntes,2021,199802.106,municipal_gdp,199802.106
2930402,Serra Preta - BA,37,Produto Interno Bruto a preços correntes,2021,138170.858,municipal_gdp,138170.858
2930501,Serrinha - BA,37,Produto Interno Bruto a preços correntes,2021,1085465.219,municipal_gdp,1085465.219
2930600,Serrolândia - BA,37,Produto Interno Bruto a preços correntes,2021,118127.036,municipal_gdp,118127.036
2930709,Simões Filho - BA,37,Produto Interno Bruto a preços correntes,2021,6340237.079,municipal_gdp,6340237.079
2930758,Sítio do Mato - BA,37,Produto Interno Bruto a preços correntes,2021,119915.707,municipal_gdp,119915.707
2930766,Sítio do Quinto - BA,37,Produto Interno Bruto a preços correntes,2021,103226.938,municipal_gdp,103226.938
2930774,Sobradinho - BA,37,Produto Interno Bruto a preços correntes,2021,842991.870,municipal_gdp,842991.87
2930808,Souto Soares - BA,37,Produto Interno Bruto a preços correntes,2021,135851.075,municipal_gdp,135851.075
2930907,Tabocas do Brejo Velho - BA,37,Produto Interno Bruto a preços correntes,2021,268070.508,municipal_gdp,268070.508
2931004,Tanhaçu - BA,37,Produto Interno Bruto a preços correntes,2021,252998.731,municipal_gdp,252998.731
2931053,Tanque Novo - BA,37,Produto Interno Bruto a preços correntes,2021,182571.852,municipal_gdp,182571.852
2931103,Tanquinho - BA,37,Produto Interno Bruto a preços correntes,2021,66751.666,municipal_gdp,66751.666
2931202,Taperoá - BA,37,Produto Interno Bruto a preços correntes,2021,221529.593,municipal_gdp,221529.593
2931301,Tapiramutá - BA,37,Produto Interno Bruto a preços correntes,2021,148710.307,municipal_gdp,148710.307
2931350,Teixeira de Freitas - BA,37,Produto Interno Bruto a preços correntes,2021,2875559.634,municipal_gdp,2875559.634
2931400,Teodoro Sampaio - BA,37,Produto Interno Bruto a preços correntes,2021,177343.261,municipal_gdp,177343.261
2931509,Teofilândia - BA,37,Produto Interno Bruto a preços correntes,2021,191244.409,municipal_gdp,191244.409
2931608,Teolândia - BA,37,Produto Interno Bruto a preços correntes,2021,216596.892,municipal_gdp,216596.892
2931707,Terra Nova - BA,37,Produto Interno Bruto a preços correntes,2021,170368.667,municipal_gdp,170368.667
2931806,Tremedal - BA,37,Produto Interno Bruto a preços correntes,2021,133571.391,municipal_gdp,133571.391
2931905,Tucano - BA,37,Produto Interno Bruto a preços correntes,2021,544589.495,municipal_gdp,544589.495
2932002,Uauá - BA,37,Produto Interno Bruto a preços correntes,2021,234752.044,municipal_gdp,234752.044
2932101,Ubaíra - BA,37,Produto Interno Bruto a preços correntes,2021,228976.039,municipal_gdp,228976.039
2932200,Ubaitaba - BA,37,Produto Interno Bruto a preços correntes,2021,244474.941,municipal_gdp,244474.941
2932309,Ubatã - BA,37,Produto Interno Bruto a preços correntes,2021,223668.990,municipal_gdp,223668.99
2932408,Uibaí - BA,37,Produto Interno Bruto a preços correntes,2021,175916.249,municipal_gdp,175916.249
2932457,Umburanas - BA,37,Produto Interno Bruto a preços correntes,2021,263227.509,municipal_gdp,263227.509
2932507,Una - BA,37,Produto Interno Bruto a preços correntes,2021,333869.650,municipal_gdp,333869.65
2932606,Urandi - BA,37,Produto Interno Bruto a preços correntes,2021,199656.309,municipal_gdp,199656.309
2932705,Uruçuca - BA,37,Produto Interno Bruto a preços correntes,2021,296010.635,municipal_gdp,296010.635
2932804,Utinga - BA,37,Produto Interno Bruto a preços correntes,2021,185676.462,municipal_gdp,185676.462
2932903,Valença - BA,37,Produto Interno Bruto a preços correntes,2021,1740628.987,municipal_gdp,1740628.987
2933000,Valente - BA,37,Produto Interno Bruto a preços correntes,2021,268417.804,municipal_gdp,268417.804
2933059,Várzea da Roça - BA,37,Produto Interno Bruto a preços correntes,2021,111965.066,municipal_gdp,111965.066
2933109,Várzea do Poço - BA,37,Produto Interno Bruto a preços correntes,2021,116184.520,municipal_gdp,116184.52
2933158,Várzea Nova - BA,37,Produto Interno Bruto a preços correntes,2021,231719.282,municipal_gdp,231719.282
2933174,Varzedo - BA,37,Produto Interno Bruto a preços correntes,2021,135058.638,municipal_gdp,135058.638
2933208,Vera Cruz - BA,37,Produto Interno Bruto a preços correntes,2021,601815.994,municipal_gdp,601815.994
2933257,Vereda - BA,37,Produto Interno Bruto a preços correntes,2021,92690.066,municipal_gdp,92690.066
2933307,Vitória da Conquista - BA,37,Produto Interno Bruto a preços correntes,2021,8218063.440,municipal_gdp,8218063.44
2933406,Wagner - BA,37,Produto Interno Bruto a preços correntes,2021,89462.421,municipal_gdp,89462.421
2933455,Wanderley - BA,37,Produto Interno Bruto a preços correntes,2021,167533.659,municipal_gdp,167533.659
2933505,Wenceslau Guimarães - BA,37,Produto Interno Bruto a preços correntes,2021,331450.842,municipal_gdp,331450.842
2933604,Xique-Xique - BA,37,Produto Interno Bruto a preços correntes,2021,460816.688,municipal_gdp,460816.688
3100104,Abadia dos Dourados - MG,37,Produto Interno Bruto a preços correntes,2021,176730.073,municipal_gdp,176730.073
3100203,Abaeté - MG,37,Produto Interno Bruto a preços correntes,2021,541135.868,municipal_gdp,541135.868
3100302,Abre Campo - MG,37,Produto Interno Bruto a preços correntes,2021,262668.330,municipal_gdp,262668.33
3100401,Acaiaca - MG,37,Produto Interno Bruto a preços correntes,2021,64892.356,municipal_gdp,64892.356
3100500,Açucena - MG,37,Produto Interno Bruto a preços correntes,2021,165795.990,municipal_gdp,165795.99
3100609,Água Boa - MG,37,Produto Interno Bruto a preços correntes,2021,192064.905,municipal_gdp,192064.905
3100708,Água Comprida - MG,37,Produto Interno Bruto a preços correntes,2021,230005.138,municipal_gdp,230005.138
3100807,Aguanil - MG,37,Produto Interno Bruto a preços correntes,2021,94598.101,municipal_gdp,94598.101
3100906,Águas Formosas - MG,37,Produto Interno Bruto a preços correntes,2021,287546.392,municipal_gdp,287546.392
3101003,Águas Vermelhas - MG,37,Produto Interno Bruto a preços correntes,2021,236693.731,municipal_gdp,236693.731
3101102,Aimorés - MG,37,Produto Interno Bruto a preços correntes,2021,637982.739,municipal_gdp,637982.739
3101201,Aiuruoca - MG,37,Produto Interno Bruto a preços correntes,2021,128545.751,municipal_gdp,128545.751
3101300,Alagoa - MG,37,Produto Interno Bruto a preços correntes,2021,47699.152,municipal_gdp,47699.152
3101409,Albertina - MG,37,Produto Interno Bruto a preços correntes,2021,153934.928,municipal_gdp,153934.928
3101508,Além Paraíba - MG,37,Produto Interno Bruto a preços correntes,2021,971558.229,municipal_gdp,971558.229
3101607,Alfenas - MG,37,Produto Interno Bruto a preços correntes,2021,3486906.669,municipal_gdp,3486906.669
3101631,Alfredo Vasconcelos - MG,37,Produto Interno Bruto a preços correntes,2021,150571.429,municipal_gdp,150571.429
3101706,Almenara - MG,37,Produto Interno Bruto a preços correntes,2021,674814.982,municipal_gdp,674814.982
3101805,Alpercata - MG,37,Produto Interno Bruto a preços correntes,2021,94681.749,municipal_gdp,94681.749
3101904,Alpinópolis - MG,37,Produto Interno Bruto a preços correntes,2021,524181.772,municipal_gdp,524181.772
3102001,Alterosa - MG,37,Produto Interno Bruto a preços correntes,2021,296492.030,municipal_gdp,296492.03
3102050,Alto Caparaó - MG,37,Produto Interno Bruto a preços correntes,2021,97092.315,municipal_gdp,97092.315
3102100,Alto Rio Doce - MG,37,Produto Interno Bruto a preços correntes,2021,180094.627,municipal_gdp,180094.627
3102209,Alvarenga - MG,37,Produto Interno Bruto a preços correntes,2021,54645.245,municipal_gdp,54645.245
3102308,Alvinópolis - MG,37,Produto Interno Bruto a preços correntes,2021,340110.153,municipal_gdp,340110.153
3102407,Alvorada de Minas - MG,37,Produto Interno Bruto a preços correntes,2021,64841.285,municipal_gdp,64841.285
3102506,Amparo do Serra - MG,37,Produto Interno Bruto a preços correntes,2021,55909.591,municipal_gdp,55909.591
3102605,Andradas - MG,37,Produto Interno Bruto a preços correntes,2021,1183259.133,municipal_gdp,1183259.133
3102704,Cachoeira de Pajeú - MG,37,Produto Interno Bruto a preços correntes,2021,125619.851,municipal_gdp,125619.851
3102803,Andrelândia - MG,37,Produto Interno Bruto a preços correntes,2021,292393.578,municipal_gdp,292393.578
3102852,Angelândia - MG,37,Produto Interno Bruto a preços correntes,2021,144549.106,municipal_gdp,144549.106
3102902,Antônio Carlos - MG,37,Produto Interno Bruto a preços correntes,2021,242348.277,municipal_gdp,242348.277
3103009,Antônio Dias - MG,37,Produto Interno Bruto a preços correntes,2021,894601.229,municipal_gdp,894601.229
3103108,Antônio Prado de Minas - MG,37,Produto Interno Bruto a preços correntes,2021,28555.650,municipal_gdp,28555.65
3103207,Araçaí - MG,37,Produto Interno Bruto a preços correntes,2021,60662.309,municipal_gdp,60662.309
3103306,Aracitaba - MG,37,Produto Interno Bruto a preços correntes,2021,31370.762,municipal_gdp,31370.762
3103405,Araçuaí - MG,37,Produto Interno Bruto a preços correntes,2021,519973.761,municipal_gdp,519973.761
3103504,Araguari - MG,37,Produto Interno Bruto a preços correntes,2021,5836329.304,municipal_gdp,5836329.304
3103603,Arantina - MG,37,Produto Interno Bruto a preços correntes,2021,88536.227,municipal_gdp,88536.227
3103702,Araponga - MG,37,Produto Interno Bruto a preços correntes,2021,122267.339,municipal_gdp,122267.339
3103751,Araporã - MG,37,Produto Interno Bruto a preços correntes,2021,1294623.562,municipal_gdp,1294623.562
3103801,Arapuá - MG,37,Produto Interno Bruto a preços correntes,2021,172745.240,municipal_gdp,172745.24
3103900,Araújos - MG,37,Produto Interno Bruto a preços correntes,2021,474403.537,municipal_gdp,474403.537
3104007,Araxá - MG,37,Produto Interno Bruto a preços correntes,2021,8950199.701,municipal_gdp,8950199.701
3104106,Arceburgo - MG,37,Produto Interno Bruto a preços correntes,2021,346405.109,municipal_gdp,346405.109
3104205,Arcos - MG,37,Produto Interno Bruto a preços correntes,2021,2345874.338,municipal_gdp,2345874.338
3104304,Areado - MG,37,Produto Interno Bruto a preços correntes,2021,309330.041,municipal_gdp,309330.041
3104403,Argirita - MG,37,Produto Interno Bruto a preços correntes,2021,40066.896,municipal_gdp,40066.896
3104452,Aricanduva - MG,37,Produto Interno Bruto a preços correntes,2021,67088.495,municipal_gdp,67088.495
3104502,Arinos - MG,37,Produto Interno Bruto a preços correntes,2021,318814.801,municipal_gdp,318814.801
3104601,Astolfo Dutra - MG,37,Produto Interno Bruto a preços correntes,2021,291865.542,municipal_gdp,291865.542
3104700,Ataléia - MG,37,Produto Interno Bruto a preços correntes,2021,198960.488,municipal_gdp,198960.488
3104809,Augusto de Lima - MG,37,Produto Interno Bruto a preços correntes,2021,89054.488,municipal_gdp,89054.488
3104908,Baependi - MG,37,Produto Interno Bruto a preços correntes,2021,380866.399,municipal_gdp,380866.399
3105004,Baldim - MG,37,Produto Interno Bruto a preços correntes,2021,201271.578,municipal_gdp,201271.578
3105103,Bambuí - MG,37,Produto Interno Bruto a preços correntes,2021,779906.390,municipal_gdp,779906.39
3105202,Bandeira - MG,37,Produto Interno Bruto a preços correntes,2021,59093.101,municipal_gdp,59093.101
3105301,Bandeira do Sul - MG,37,Produto Interno Bruto a preços correntes,2021,86571.538,municipal_gdp,86571.538
3105400,Barão de Cocais - MG,37,Produto Interno Bruto a preços correntes,2021,2438852.091,municipal_gdp,2438852.091
3105509,Barão do Monte Alto - MG,37,Produto Interno Bruto a preços correntes,2021,63070.684,municipal_gdp,63070.684
3105608,Barbacena - MG,37,Produto Interno Bruto a preços correntes,2021,3521229.065,municipal_gdp,3521229.065
3105707,Barra Longa - MG,37,Produto Interno Bruto a preços correntes,2021,81928.238,municipal_gdp,81928.238
3105905,Barroso - MG,37,Produto Interno Bruto a preços correntes,2021,608479.713,municipal_gdp,608479.713
3106002,Bela Vista de Minas - MG,37,Produto Interno Bruto a preços correntes,2021,568233.696,municipal_gdp,568233.696
3106101,Belmiro Braga - MG,37,Produto Interno Bruto a preços correntes,2021,61557.352,municipal_gdp,61557.352
3106200,Belo Horizonte - MG,37,Produto Interno Bruto a preços correntes,2021,105920858.653,municipal_gdp,105920858.653
3106309,Belo Oriente - MG,37,Produto Interno Bruto a preços correntes,2021,2089749.896,municipal_gdp,2089749.896
3106408,Belo Vale - MG,37,Produto Interno Bruto a preços correntes,2021,279867.823,municipal_gdp,279867.823
3106507,Berilo - MG,37,Produto Interno Bruto a preços correntes,2021,112833.282,municipal_gdp,112833.282
3106606,Bertópolis - MG,37,Produto Interno Bruto a preços correntes,2021,53770.091,municipal_gdp,53770.091
3106655,Berizal - MG,37,Produto Interno Bruto a preços correntes,2021,61006.299,municipal_gdp,61006.299
3106705,Betim - MG,37,Produto Interno Bruto a preços correntes,2021,33125377.767,municipal_gdp,33125377.767
3106804,Bias Fortes - MG,37,Produto Interno Bruto a preços correntes,2021,41582.589,municipal_gdp,41582.589
3106903,Bicas - MG,37,Produto Interno Bruto a preços correntes,2021,277715.129,municipal_gdp,277715.129
3107000,Biquinhas - MG,37,Produto Interno Bruto a preços correntes,2021,64472.888,municipal_gdp,64472.888
3107109,Boa Esperança - MG,37,Produto Interno Bruto a preços correntes,2021,1058479.721,municipal_gdp,1058479.721
3107208,Bocaina de Minas - MG,37,Produto Interno Bruto a preços correntes,2021,80210.574,municipal_gdp,80210.574
3107307,Bocaiúva - MG,37,Produto Interno Bruto a preços correntes,2021,1224913.798,municipal_gdp,1224913.798
3107406,Bom Despacho - MG,37,Produto Interno Bruto a preços correntes,2021,1814549.771,municipal_gdp,1814549.771
3107505,Bom Jardim de Minas - MG,37,Produto Interno Bruto a preços correntes,2021,127743.333,municipal_gdp,127743.333
3107604,Bom Jesus da Penha - MG,37,Produto Interno Bruto a preços correntes,2021,196073.807,municipal_gdp,196073.807
3107703,Bom Jesus do Amparo - MG,37,Produto Interno Bruto a preços correntes,2021,160390.079,municipal_gdp,160390.079
3107802,Bom Jesus do Galho - MG,37,Produto Interno Bruto a preços correntes,2021,171083.507,municipal_gdp,171083.507
3107901,Bom Repouso - MG,37,Produto Interno Bruto a preços correntes,2021,160231.832,municipal_gdp,160231.832
3108008,Bom Sucesso - MG,37,Produto Interno Bruto a preços correntes,2021,445214.281,municipal_gdp,445214.281
3108107,Bonfim - MG,37,Produto Interno Bruto a preços correntes,2021,135421.514,municipal_gdp,135421.514
3108206,Bonfinópolis de Minas - MG,37,Produto Interno Bruto a preços correntes,2021,458898.263,municipal_gdp,458898.263
3108255,Bonito de Minas - MG,37,Produto Interno Bruto a preços correntes,2021,101045.218,municipal_gdp,101045.218
3108305,Borda da Mata - MG,37,Produto Interno Bruto a preços correntes,2021,374715.963,municipal_gdp,374715.963
3108404,Botelhos - MG,37,Produto Interno Bruto a preços correntes,2021,325977.531,municipal_gdp,325977.531
3108503,Botumirim - MG,37,Produto Interno Bruto a preços correntes,2021,75744.453,municipal_gdp,75744.453
3108552,Brasilândia de Minas - MG,37,Produto Interno Bruto a preços correntes,2021,415060.833,municipal_gdp,415060.833
3108602,Brasília de Minas - MG,37,Produto Interno Bruto a preços correntes,2021,377410.410,municipal_gdp,377410.41
3108701,Brás Pires - MG,37,Produto Interno Bruto a preços correntes,2021,50031.931,municipal_gdp,50031.931
3108800,Braúnas - MG,37,Produto Interno Bruto a preços correntes,2021,213072.155,municipal_gdp,213072.155
3108909,Brazópolis - MG,37,Produto Interno Bruto a preços correntes,2021,198123.272,municipal_gdp,198123.272
3109006,Brumadinho - MG,37,Produto Interno Bruto a preços correntes,2021,4624729.058,municipal_gdp,4624729.058
3109105,Bueno Brandão - MG,37,Produto Interno Bruto a preços correntes,2021,240684.045,municipal_gdp,240684.045
3109204,Buenópolis - MG,37,Produto Interno Bruto a preços correntes,2021,180714.345,municipal_gdp,180714.345
3109253,Bugre - MG,37,Produto Interno Bruto a preços correntes,2021,47547.535,municipal_gdp,47547.535
3109303,Buritis - MG,37,Produto Interno Bruto a preços correntes,2021,1163750.487,municipal_gdp,1163750.487
3109402,Buritizeiro - MG,37,Produto Interno Bruto a preços correntes,2021,735993.917,municipal_gdp,735993.917
3109451,Cabeceira Grande - MG,37,Produto Interno Bruto a preços correntes,2021,477331.539,municipal_gdp,477331.539
3109501,Cabo Verde - MG,37,Produto Interno Bruto a preços correntes,2021,290817.450,municipal_gdp,290817.45
3109600,Cachoeira da Prata - MG,37,Produto Interno Bruto a preços correntes,2021,51886.001,municipal_gdp,51886.001
3109709,Cachoeira de Minas - MG,37,Produto Interno Bruto a preços correntes,2021,536511.930,municipal_gdp,536511.93
3109808,Cachoeira Dourada - MG,37,Produto Interno Bruto a preços correntes,2021,131487.170,municipal_gdp,131487.17
3109907,Caetanópolis - MG,37,Produto Interno Bruto a preços correntes,2021,315208.237,municipal_gdp,315208.237
3110004,Caeté - MG,37,Produto Interno Bruto a preços correntes,2021,1074947.112,municipal_gdp,1074947.112
3110103,Caiana - MG,37,Produto Interno Bruto a preços correntes,2021,88660.684,municipal_gdp,88660.684
3110202,Cajuri - MG,37,Produto Interno Bruto a preços correntes,2021,97287.292,municipal_gdp,97287.292
3110301,Caldas - MG,37,Produto Interno Bruto a preços correntes,2021,337630.432,municipal_gdp,337630.432
3110400,Camacho - MG,37,Produto Interno Bruto a preços correntes,2021,70858.411,municipal_gdp,70858.411
3110509,Camanducaia - MG,37,Produto Interno Bruto a preços correntes,2021,987747.099,municipal_gdp,987747.099
3110608,Cambuí - MG,37,Produto Interno Bruto a preços correntes,2021,1864549.399,municipal_gdp,1864549.399
3110707,Cambuquira - MG,37,Produto Interno Bruto a preços correntes,2021,370830.035,municipal_gdp,370830.035
3110806,Campanário - MG,37,Produto Interno Bruto a preços correntes,2021,53457.815,municipal_gdp,53457.815
3110905,Campanha - MG,37,Produto Interno Bruto a preços correntes,2021,439921.353,municipal_gdp,439921.353
3111002,Campestre - MG,37,Produto Interno Bruto a preços correntes,2021,486409.555,municipal_gdp,486409.555
3111101,Campina Verde - MG,37,Produto Interno Bruto a preços correntes,2021,536761.379,municipal_gdp,536761.379
3111150,Campo Azul - MG,37,Produto Interno Bruto a preços correntes,2021,40651.172,municipal_gdp,40651.172
3111200,Campo Belo - MG,37,Produto Interno Bruto a preços correntes,2021,1242918.006,municipal_gdp,1242918.006
3111309,Campo do Meio - MG,37,Produto Interno Bruto a preços correntes,2021,231123.873,municipal_gdp,231123.873
3111408,Campo Florido - MG,37,Produto Interno Bruto a preços correntes,2021,710761.859,municipal_gdp,710761.859
3111507,Campos Altos - MG,37,Produto Interno Bruto a preços correntes,2021,434229.067,municipal_gdp,434229.067
3111606,Campos Gerais - MG,37,Produto Interno Bruto a preços correntes,2021,704524.700,municipal_gdp,704524.7
3111705,Canaã - MG,37,Produto Interno Bruto a preços correntes,2021,77436.816,municipal_gdp,77436.816
3111804,Canápolis - MG,37,Produto Interno Bruto a preços correntes,2021,677858.345,municipal_gdp,677858.345
3111903,Cana Verde - MG,37,Produto Interno Bruto a preços correntes,2021,80057.324,municipal_gdp,80057.324
3112000,Candeias - MG,37,Produto Interno Bruto a preços correntes,2021,371166.103,municipal_gdp,371166.103
3112059,Cantagalo - MG,37,Produto Interno Bruto a preços correntes,2021,56752.368,municipal_gdp,56752.368
3112109,Caparaó - MG,37,Produto Interno Bruto a preços correntes,2021,97643.190,municipal_gdp,97643.19
3112208,Capela Nova - MG,37,Produto Interno Bruto a preços correntes,2021,62458.118,municipal_gdp,62458.118
3112307,Capelinha - MG,37,Produto Interno Bruto a preços correntes,2021,887590.260,municipal_gdp,887590.26
3112406,Capetinga - MG,37,Produto Interno Bruto a preços correntes,2021,207247.831,municipal_gdp,207247.831
3112505,Capim Branco - MG,37,Produto Interno Bruto a preços correntes,2021,123368.567,municipal_gdp,123368.567
3112604,Capinópolis - MG,37,Produto Interno Bruto a preços correntes,2021,666436.501,municipal_gdp,666436.501
3112653,Capitão Andrade - MG,37,Produto Interno Bruto a preços correntes,2021,60791.774,municipal_gdp,60791.774
3112703,Capitão Enéas - MG,37,Produto Interno Bruto a preços correntes,2021,501415.480,municipal_gdp,501415.48
3112802,Capitólio - MG,37,Produto Interno Bruto a preços correntes,2021,328593.834,municipal_gdp,328593.834
3112901,Caputira - MG,37,Produto Interno Bruto a preços correntes,2021,143709.109,municipal_gdp,143709.109
3113008,Caraí - MG,37,Produto Interno Bruto a preços correntes,2021,210367.062,municipal_gdp,210367.062
3113107,Caranaíba - MG,37,Produto Interno Bruto a preços correntes,2021,41464.600,municipal_gdp,41464.6
3113206,Carandaí - MG,37,Produto Interno Bruto a preços correntes,2021,751464.877,municipal_gdp,751464.877
3113305,Carangola - MG,37,Produto Interno Bruto a preços correntes,2021,639119.400,municipal_gdp,639119.4
3113404,Caratinga - MG,37,Produto Interno Bruto a preços correntes,2021,2283105.290,municipal_gdp,2283105.29
3113503,Carbonita - MG,37,Produto Interno Bruto a preços correntes,2021,220651.953,municipal_gdp,220651.953
3113602,Careaçu - MG,37,Produto Interno Bruto a preços correntes,2021,174237.688,municipal_gdp,174237.688
3113701,Carlos Chagas - MG,37,Produto Interno Bruto a preços correntes,2021,474668.638,municipal_gdp,474668.638
3113800,Carmésia - MG,37,Produto Interno Bruto a preços correntes,2021,39784.623,municipal_gdp,39784.623
3113909,Carmo da Cachoeira - MG,37,Produto Interno Bruto a preços correntes,2021,321614.480,municipal_gdp,321614.48
3114006,Carmo da Mata - MG,37,Produto Interno Bruto a preços correntes,2021,265586.209,municipal_gdp,265586.209
3114105,Carmo de Minas - MG,37,Produto Interno Bruto a preços correntes,2021,290552.709,municipal_gdp,290552.709
3114204,Carmo do Cajuru - MG,37,Produto Interno Bruto a preços correntes,2021,627198.732,municipal_gdp,627198.732
3114303,Carmo do Paranaíba - MG,37,Produto Interno Bruto a preços correntes,2021,1060015.283,municipal_gdp,1060015.283
3114402,Carmo do Rio Claro - MG,37,Produto Interno Bruto a preços correntes,2021,694496.823,municipal_gdp,694496.823
3114501,Carmópolis de Minas - MG,37,Produto Interno Bruto a preços correntes,2021,461514.728,municipal_gdp,461514.728
3114550,Carneirinho - MG,37,Produto Interno Bruto a preços correntes,2021,406710.011,municipal_gdp,406710.011
3114600,Carrancas - MG,37,Produto Interno Bruto a preços correntes,2021,177635.925,municipal_gdp,177635.925
3114709,Carvalhópolis - MG,37,Produto Interno Bruto a preços correntes,2021,71383.976,municipal_gdp,71383.976
3114808,Carvalhos - MG,37,Produto Interno Bruto a preços correntes,2021,80681.819,municipal_gdp,80681.819
3114907,Casa Grande - MG,37,Produto Interno Bruto a preços correntes,2021,69227.776,municipal_gdp,69227.776
3115003,Cascalho Rico - MG,37,Produto Interno Bruto a preços correntes,2021,79984.125,municipal_gdp,79984.125
3115102,Cássia - MG,37,Produto Interno Bruto a preços correntes,2021,436340.926,municipal_gdp,436340.926
3115201,Conceição da Barra de Minas - MG,37,Produto Interno Bruto a preços correntes,2021,68717.423,municipal_gdp,68717.423
3115300,Cataguases - MG,37,Produto Interno Bruto a preços correntes,2021,1650830.841,municipal_gdp,1650830.841
3115359,Catas Altas - MG,37,Produto Interno Bruto a preços correntes,2021,5032326.985,municipal_gdp,5032326.985
3115409,Catas Altas da Noruega - MG,37,Produto Interno Bruto a preços correntes,2021,40784.593,municipal_gdp,40784.593
3115458,Catuji - MG,37,Produto Interno Bruto a preços correntes,2021,83308.243,municipal_gdp,83308.243
3115474,Catuti - MG,37,Produto Interno Bruto a preços correntes,2021,56837.881,municipal_gdp,56837.881
3115508,Caxambu - MG,37,Produto Interno Bruto a preços correntes,2021,371251.642,municipal_gdp,371251.642
3115607,Cedro do Abaeté - MG,37,Produto Interno Bruto a preços correntes,2021,22396.128,municipal_gdp,22396.128
3115706,Central de Minas - MG,37,Produto Interno Bruto a preços correntes,2021,87042.746,municipal_gdp,87042.746
3115805,Centralina - MG,37,Produto Interno Bruto a preços correntes,2021,351125.237,municipal_gdp,351125.237
3115904,Chácara - MG,37,Produto Interno Bruto a preços correntes,2021,47144.785,municipal_gdp,47144.785
3116001,Chalé - MG,37,Produto Interno Bruto a preços correntes,2021,114190.871,municipal_gdp,114190.871
3116100,Chapada do Norte - MG,37,Produto Interno Bruto a preços correntes,2021,111106.167,municipal_gdp,111106.167
3116159,Chapada Gaúcha - MG,37,Produto Interno Bruto a preços correntes,2021,403132.561,municipal_gdp,403132.561
3116209,Chiador - MG,37,Produto Interno Bruto a preços correntes,2021,37246.518,municipal_gdp,37246.518
3116308,Cipotânea - MG,37,Produto Interno Bruto a preços correntes,2021,73286.980,municipal_gdp,73286.98
3116407,Claraval - MG,37,Produto Interno Bruto a preços correntes,2021,181971.492,municipal_gdp,181971.492
3116506,Claro dos Poções - MG,37,Produto Interno Bruto a preços correntes,2021,83711.607,municipal_gdp,83711.607
3116605,Cláudio - MG,37,Produto Interno Bruto a preços correntes,2021,1117593.155,municipal_gdp,1117593.155
3116704,Coimbra - MG,37,Produto Interno Bruto a preços correntes,2021,139786.795,municipal_gdp,139786.795
3116803,Coluna - MG,37,Produto Interno Bruto a preços correntes,2021,121199.153,municipal_gdp,121199.153
3116902,Comendador Gomes - MG,37,Produto Interno Bruto a preços correntes,2021,154777.439,municipal_gdp,154777.439
3117009,Comercinho - MG,37,Produto Interno Bruto a preços correntes,2021,68103.583,municipal_gdp,68103.583
3117108,Conceição da Aparecida - MG,37,Produto Interno Bruto a preços correntes,2021,274187.309,municipal_gdp,274187.309
3117207,Conceição das Pedras - MG,37,Produto Interno Bruto a preços correntes,2021,61046.910,municipal_gdp,61046.91
3117306,Conceição das Alagoas - MG,37,Produto Interno Bruto a preços correntes,2021,1318008.968,municipal_gdp,1318008.968
3117405,Conceição de Ipanema - MG,37,Produto Interno Bruto a preços correntes,2021,81006.463,municipal_gdp,81006.463
3117504,Conceição do Mato Dentro - MG,37,Produto Interno Bruto a preços correntes,2021,9050952.928,municipal_gdp,9050952.928
3117603,Conceição do Pará - MG,37,Produto Interno Bruto a preços correntes,2021,493948.377,municipal_gdp,493948.377
3117702,Conceição do Rio Verde - MG,37,Produto Interno Bruto a preços correntes,2021,343556.228,municipal_gdp,343556.228
3117801,Conceição dos Ouros - MG,37,Produto Interno Bruto a preços correntes,2021,224989.825,municipal_gdp,224989.825
3117836,Cônego Marinho - MG,37,Produto Interno Bruto a preços correntes,2021,63477.594,municipal_gdp,63477.594
3117876,Confins - MG,37,Produto Interno Bruto a preços correntes,2021,485672.189,municipal_gdp,485672.189
3117900,Congonhal - MG,37,Produto Interno Bruto a preços correntes,2021,220463.772,municipal_gdp,220463.772
3118007,Congonhas - MG,37,Produto Interno Bruto a preços correntes,2021,7677447.326,municipal_gdp,7677447.326
3118106,Congonhas do Norte - MG,37,Produto Interno Bruto a preços correntes,2021,49287.970,municipal_gdp,49287.97
3118205,Conquista - MG,37,Produto Interno Bruto a preços correntes,2021,490051.082,municipal_gdp,490051.082
3118304,Conselheiro Lafaiete - MG,37,Produto Interno Bruto a preços correntes,2021,3117736.194,municipal_gdp,3117736.194
3118403,Conselheiro Pena - MG,37,Produto Interno Bruto a preços correntes,2021,383757.235,municipal_gdp,383757.235
3118502,Consolação - MG,37,Produto Interno Bruto a preços correntes,2021,31441.493,municipal_gdp,31441.493
3118601,Contagem - MG,37,Produto Interno Bruto a preços correntes,2021,36478510.812,municipal_gdp,36478510.812
3118700,Coqueiral - MG,37,Produto Interno Bruto a preços correntes,2021,234159.016,municipal_gdp,234159.016
3118809,Coração de Jesus - MG,37,Produto Interno Bruto a preços correntes,2021,272831.598,municipal_gdp,272831.598
3118908,Cordisburgo - MG,37,Produto Interno Bruto a preços correntes,2021,146188.136,municipal_gdp,146188.136
3119005,Cordislândia - MG,37,Produto Interno Bruto a preços correntes,2021,113743.073,municipal_gdp,113743.073
3119104,Corinto - MG,37,Produto Interno Bruto a preços correntes,2021,608967.047,municipal_gdp,608967.047
3119203,Coroaci - MG,37,Produto Interno Bruto a preços correntes,2021,125595.771,municipal_gdp,125595.771
3119302,Coromandel - MG,37,Produto Interno Bruto a preços correntes,2021,1535202.818,municipal_gdp,1535202.818
3119401,Coronel Fabriciano - MG,37,Produto Interno Bruto a preços correntes,2021,1995524.656,municipal_gdp,1995524.656
3119500,Coronel Murta - MG,37,Produto Interno Bruto a preços correntes,2021,119826.419,municipal_gdp,119826.419
3119609,Coronel Pacheco - MG,37,Produto Interno Bruto a preços correntes,2021,60101.018,municipal_gdp,60101.018
3119708,Coronel Xavier Chaves - MG,37,Produto Interno Bruto a preços correntes,2021,90931.942,municipal_gdp,90931.942
3119807,Córrego Danta - MG,37,Produto Interno Bruto a preços correntes,2021,165719.080,municipal_gdp,165719.08
3119906,Córrego do Bom Jesus - MG,37,Produto Interno Bruto a preços correntes,2021,45602.563,municipal_gdp,45602.563
3119955,Córrego Fundo - MG,37,Produto Interno Bruto a preços correntes,2021,320483.227,municipal_gdp,320483.227
3120003,Córrego Novo - MG,37,Produto Interno Bruto a preços correntes,2021,38520.810,municipal_gdp,38520.81
3120102,Couto de Magalhães de Minas - MG,37,Produto Interno Bruto a preços correntes,2021,63266.102,municipal_gdp,63266.102
3120151,Crisólita - MG,37,Produto Interno Bruto a preços correntes,2021,76402.740,municipal_gdp,76402.74
3120201,Cristais - MG,37,Produto Interno Bruto a preços correntes,2021,295629.763,municipal_gdp,295629.763
3120300,Cristália - MG,37,Produto Interno Bruto a preços correntes,2021,59160.155,municipal_gdp,59160.155
3120409,Cristiano Otoni - MG,37,Produto Interno Bruto a preços correntes,2021,123677.587,municipal_gdp,123677.587
3120508,Cristina - MG,37,Produto Interno Bruto a preços correntes,2021,233176.654,municipal_gdp,233176.654
3120607,Crucilândia - MG,37,Produto Interno Bruto a preços correntes,2021,83063.591,municipal_gdp,83063.591
3120706,Cruzeiro da Fortaleza - MG,37,Produto Interno Bruto a preços correntes,2021,184033.369,municipal_gdp,184033.369
3120805,Cruzília - MG,37,Produto Interno Bruto a preços correntes,2021,317648.567,municipal_gdp,317648.567
3120839,Cuparaque - MG,37,Produto Interno Bruto a preços correntes,2021,74036.886,municipal_gdp,74036.886
3120870,Curral de Dentro - MG,37,Produto Interno Bruto a preços correntes,2021,80420.022,municipal_gdp,80420.022
3120904,Curvelo - MG,37,Produto Interno Bruto a preços correntes,2021,2228065.903,municipal_gdp,2228065.903
3121001,Datas - MG,37,Produto Interno Bruto a preços correntes,2021,73978.200,municipal_gdp,73978.2
3121100,Delfim Moreira - MG,37,Produto Interno Bruto a preços correntes,2021,125697.353,municipal_gdp,125697.353
3121209,Delfinópolis - MG,37,Produto Interno Bruto a preços correntes,2021,247288.997,municipal_gdp,247288.997
3121258,Delta - MG,37,Produto Interno Bruto a preços correntes,2021,466554.697,municipal_gdp,466554.697
3121308,Descoberto - MG,37,Produto Interno Bruto a preços correntes,2021,81649.305,municipal_gdp,81649.305
3121407,Desterro de Entre Rios - MG,37,Produto Interno Bruto a preços correntes,2021,261189.174,municipal_gdp,261189.174
3121506,Desterro do Melo - MG,37,Produto Interno Bruto a preços correntes,2021,50610.460,municipal_gdp,50610.46
3121605,Diamantina - MG,37,Produto Interno Bruto a preços correntes,2021,984231.313,municipal_gdp,984231.313
3121704,Diogo de Vasconcelos - MG,37,Produto Interno Bruto a preços correntes,2021,42932.392,municipal_gdp,42932.392
3121803,Dionísio - MG,37,Produto Interno Bruto a preços correntes,2021,90864.556,municipal_gdp,90864.556
3121902,Divinésia - MG,37,Produto Interno Bruto a preços correntes,2021,63670.837,municipal_gdp,63670.837
3122009,Divino - MG,37,Produto Interno Bruto a preços correntes,2021,319452.715,municipal_gdp,319452.715
3122108,Divino das Laranjeiras - MG,37,Produto Interno Bruto a preços correntes,2021,61679.620,municipal_gdp,61679.62
3122207,Divinolândia de Minas - MG,37,Produto Interno Bruto a preços correntes,2021,82271.854,municipal_gdp,82271.854
3122306,Divinópolis - MG,37,Produto Interno Bruto a preços correntes,2021,8328419.738,municipal_gdp,8328419.738
3122355,Divisa Alegre - MG,37,Produto Interno Bruto a preços correntes,2021,178201.595,municipal_gdp,178201.595
3122405,Divisa Nova - MG,37,Produto Interno Bruto a preços correntes,2021,129920.755,municipal_gdp,129920.755
3122454,Divisópolis - MG,37,Produto Interno Bruto a preços correntes,2021,93183.437,municipal_gdp,93183.437
3122470,Dom Bosco - MG,37,Produto Interno Bruto a preços correntes,2021,69488.079,municipal_gdp,69488.079
3122504,Dom Cavati - MG,37,Produto Interno Bruto a preços correntes,2021,69617.629,municipal_gdp,69617.629
3122603,Dom Joaquim - MG,37,Produto Interno Bruto a preços correntes,2021,67800.082,municipal_gdp,67800.082
3122702,Dom Silvério - MG,37,Produto Interno Bruto a preços correntes,2021,108260.435,municipal_gdp,108260.435
3122801,Dom Viçoso - MG,37,Produto Interno Bruto a preços correntes,2021,39045.971,municipal_gdp,39045.971
3122900,Dona Euzébia - MG,37,Produto Interno Bruto a preços correntes,2021,109853.981,municipal_gdp,109853.981
3123007,Dores de Campos - MG,37,Produto Interno Bruto a preços correntes,2021,320072.006,municipal_gdp,320072.006
3123106,Dores de Guanhães - MG,37,Produto Interno Bruto a preços correntes,2021,190688.686,municipal_gdp,190688.686
3123205,Dores do Indaiá - MG,37,Produto Interno Bruto a preços correntes,2021,352243.163,municipal_gdp,352243.163
3123304,Dores do Turvo - MG,37,Produto Interno Bruto a preços correntes,2021,67068.986,municipal_gdp,67068.986
3123403,Doresópolis - MG,37,Produto Interno Bruto a preços correntes,2021,84085.291,municipal_gdp,84085.291
3123502,Douradoquara - MG,37,Produto Interno Bruto a preços correntes,2021,79306.236,municipal_gdp,79306.236
3123528,Durandé - MG,37,Produto Interno Bruto a preços correntes,2021,122872.750,municipal_gdp,122872.75
3123601,Elói Mendes - MG,37,Produto Interno Bruto a preços correntes,2021,705287.929,municipal_gdp,705287.929
3123700,Engenheiro Caldas - MG,37,Produto Interno Bruto a preços correntes,2021,157011.752,municipal_gdp,157011.752
3123809,Engenheiro Navarro - MG,37,Produto Interno Bruto a preços correntes,2021,92057.378,municipal_gdp,92057.378
3123858,Entre Folhas - MG,37,Produto Interno Bruto a preços correntes,2021,64894.890,municipal_gdp,64894.89
3123908,Entre Rios de Minas - MG,37,Produto Interno Bruto a preços correntes,2021,270169.703,municipal_gdp,270169.703
3124005,Ervália - MG,37,Produto Interno Bruto a preços correntes,2021,409382.613,municipal_gdp,409382.613
3124104,Esmeraldas - MG,37,Produto Interno Bruto a preços correntes,2021,973278.234,municipal_gdp,973278.234
3124203,Espera Feliz - MG,37,Produto Interno Bruto a preços correntes,2021,411015.827,municipal_gdp,411015.827
3124302,Espinosa - MG,37,Produto Interno Bruto a preços correntes,2021,364023.403,municipal_gdp,364023.403
3124401,Espírito Santo do Dourado - MG,37,Produto Interno Bruto a preços correntes,2021,122219.331,municipal_gdp,122219.331
3124500,Estiva - MG,37,Produto Interno Bruto a preços correntes,2021,601828.708,municipal_gdp,601828.708
3124609,Estrela Dalva - MG,37,Produto Interno Bruto a preços correntes,2021,42891.357,municipal_gdp,42891.357
3124708,Estrela do Indaiá - MG,37,Produto Interno Bruto a preços correntes,2021,165337.982,municipal_gdp,165337.982
3124807,Estrela do Sul - MG,37,Produto Interno Bruto a preços correntes,2021,351210.713,municipal_gdp,351210.713
3124906,Eugenópolis - MG,37,Produto Interno Bruto a preços correntes,2021,221740.940,municipal_gdp,221740.94
3125002,Ewbank da Câmara - MG,37,Produto Interno Bruto a preços correntes,2021,54345.122,municipal_gdp,54345.122
3125101,Extrema - MG,37,Produto Interno Bruto a preços correntes,2021,13653880.394,municipal_gdp,13653880.394
3125200,Fama - MG,37,Produto Interno Bruto a preços correntes,2021,58616.647,municipal_gdp,58616.647
3125309,Faria Lemos - MG,37,Produto Interno Bruto a preços correntes,2021,64355.137,municipal_gdp,64355.137
3125408,Felício dos Santos - MG,37,Produto Interno Bruto a preços correntes,2021,73737.510,municipal_gdp,73737.51
3125507,São Gonçalo do Rio Preto - MG,37,Produto Interno Bruto a preços correntes,2021,48741.790,municipal_gdp,48741.79
3125606,Felisburgo - MG,37,Produto Interno Bruto a preços correntes,2021,75698.782,municipal_gdp,75698.782
3125705,Felixlândia - MG,37,Produto Interno Bruto a preços correntes,2021,281135.599,municipal_gdp,281135.599
3125804,Fernandes Tourinho - MG,37,Produto Interno Bruto a preços correntes,2021,45852.472,municipal_gdp,45852.472
3125903,Ferros - MG,37,Produto Interno Bruto a preços correntes,2021,147934.904,municipal_gdp,147934.904
3125952,Fervedouro - MG,37,Produto Interno Bruto a preços correntes,2021,156871.962,municipal_gdp,156871.962
3126000,Florestal - MG,37,Produto Interno Bruto a preços correntes,2021,142774.991,municipal_gdp,142774.991
3126109,Formiga - MG,37,Produto Interno Bruto a preços correntes,2021,2212488.597,municipal_gdp,2212488.597
3126208,Formoso - MG,37,Produto Interno Bruto a preços correntes,2021,314877.224,municipal_gdp,314877.224
3126307,Fortaleza de Minas - MG,37,Produto Interno Bruto a preços correntes,2021,111240.628,municipal_gdp,111240.628
3126406,Fortuna de Minas - MG,37,Produto Interno Bruto a preços correntes,2021,51258.553,municipal_gdp,51258.553
3126505,Francisco Badaró - MG,37,Produto Interno Bruto a preços correntes,2021,77801.215,municipal_gdp,77801.215
3126604,Francisco Dumont - MG,37,Produto Interno Bruto a preços correntes,2021,75589.243,municipal_gdp,75589.243
3126703,Francisco Sá - MG,37,Produto Interno Bruto a preços correntes,2021,452039.744,municipal_gdp,452039.744
3126752,Franciscópolis - MG,37,Produto Interno Bruto a preços correntes,2021,101190.431,municipal_gdp,101190.431
3126802,Frei Gaspar - MG,37,Produto Interno Bruto a preços correntes,2021,80089.325,municipal_gdp,80089.325
3126901,Frei Inocêncio - MG,37,Produto Interno Bruto a preços correntes,2021,150514.469,municipal_gdp,150514.469
3126950,Frei Lagonegro - MG,37,Produto Interno Bruto a preços correntes,2021,35557.969,municipal_gdp,35557.969
3127008,Fronteira - MG,37,Produto Interno Bruto a preços correntes,2021,935386.424,municipal_gdp,935386.424
3127057,Fronteira dos Vales - MG,37,Produto Interno Bruto a preços correntes,2021,48923.593,municipal_gdp,48923.593
3127073,Fruta de Leite - MG,37,Produto Interno Bruto a preços correntes,2021,47074.935,municipal_gdp,47074.935
3127107,Frutal - MG,37,Produto Interno Bruto a preços correntes,2021,2472972.017,municipal_gdp,2472972.017
3127206,Funilândia - MG,37,Produto Interno Bruto a preços correntes,2021,83299.850,municipal_gdp,83299.85
3127305,Galiléia - MG,37,Produto Interno Bruto a preços correntes,2021,113698.807,municipal_gdp,113698.807
3127339,Gameleiras - MG,37,Produto Interno Bruto a preços correntes,2021,57342.391,municipal_gdp,57342.391
3127354,Glaucilândia - MG,37,Produto Interno Bruto a preços correntes,2021,41125.695,municipal_gdp,41125.695
3127370,Goiabeira - MG,37,Produto Interno Bruto a preços correntes,2021,49897.749,municipal_gdp,49897.749
3127388,Goianá - MG,37,Produto Interno Bruto a preços correntes,2021,62242.302,municipal_gdp,62242.302
3127404,Gonçalves - MG,37,Produto Interno Bruto a preços correntes,2021,94304.714,municipal_gdp,94304.714
3127503,Gonzaga - MG,37,Produto Interno Bruto a preços correntes,2021,68965.001,municipal_gdp,68965.001
3127602,Gouveia - MG,37,Produto Interno Bruto a preços correntes,2021,198843.315,municipal_gdp,198843.315
3127701,Governador Valadares - MG,37,Produto Interno Bruto a preços correntes,2021,7382103.923,municipal_gdp,7382103.923
3127800,Grão Mogol - MG,37,Produto Interno Bruto a preços correntes,2021,770835.526,municipal_gdp,770835.526
3127909,Grupiara - MG,37,Produto Interno Bruto a preços correntes,2021,44192.988,municipal_gdp,44192.988
3128006,Guanhães - MG,37,Produto Interno Bruto a preços correntes,2021,996792.245,municipal_gdp,996792.245
3128105,Guapé - MG,37,Produto Interno Bruto a preços correntes,2021,390740.979,municipal_gdp,390740.979
3128204,Guaraciaba - MG,37,Produto Interno Bruto a preços correntes,2021,115210.781,municipal_gdp,115210.781
3128253,Guaraciama - MG,37,Produto Interno Bruto a preços correntes,2021,78006.391,municipal_gdp,78006.391
3128303,Guaranésia - MG,37,Produto Interno Bruto a preços correntes,2021,549497.746,municipal_gdp,549497.746
3128402,Guarani - MG,37,Produto Interno Bruto a preços correntes,2021,173382.665,municipal_gdp,173382.665
3128501,Guarará - MG,37,Produto Interno Bruto a preços correntes,2021,57624.309,municipal_gdp,57624.309
3128600,Guarda-Mor - MG,37,Produto Interno Bruto a preços correntes,2021,750764.846,municipal_gdp,750764.846
3128709,Guaxupé - MG,37,Produto Interno Bruto a preços correntes,2021,2806751.376,municipal_gdp,2806751.376
3128808,Guidoval - MG,37,Produto Interno Bruto a preços correntes,2021,123261.670,municipal_gdp,123261.67
3128907,Guimarânia - MG,37,Produto Interno Bruto a preços correntes,2021,327591.513,municipal_gdp,327591.513
3129004,Guiricema - MG,37,Produto Interno Bruto a preços correntes,2021,114327.227,municipal_gdp,114327.227
3129103,Gurinhatã - MG,37,Produto Interno Bruto a preços correntes,2021,180788.045,municipal_gdp,180788.045
3129202,Heliodora - MG,37,Produto Interno Bruto a preços correntes,2021,133434.540,municipal_gdp,133434.54
3129301,Iapu - MG,37,Produto Interno Bruto a preços correntes,2021,176379.627,municipal_gdp,176379.627
3129400,Ibertioga - MG,37,Produto Interno Bruto a preços correntes,2021,103540.030,municipal_gdp,103540.03
3129509,Ibiá - MG,37,Produto Interno Bruto a preços correntes,2021,1534623.779,municipal_gdp,1534623.779
3129608,Ibiaí - MG,37,Produto Interno Bruto a preços correntes,2021,114948.035,municipal_gdp,114948.035
3129657,Ibiracatu - MG,37,Produto Interno Bruto a preços correntes,2021,51252.323,municipal_gdp,51252.323
3129707,Ibiraci - MG,37,Produto Interno Bruto a preços correntes,2021,728232.156,municipal_gdp,728232.156
3129806,Ibirité - MG,37,Produto Interno Bruto a preços correntes,2021,3202480.113,municipal_gdp,3202480.113
3129905,Ibitiúra de Minas - MG,37,Produto Interno Bruto a preços correntes,2021,77622.484,municipal_gdp,77622.484
3130002,Ibituruna - MG,37,Produto Interno Bruto a preços correntes,2021,59365.491,municipal_gdp,59365.491
3130051,Icaraí de Minas - MG,37,Produto Interno Bruto a preços correntes,2021,111419.448,municipal_gdp,111419.448
3130101,Igarapé - MG,37,Produto Interno Bruto a preços correntes,2021,966978.336,municipal_gdp,966978.336
3130200,Igaratinga - MG,37,Produto Interno Bruto a preços correntes,2021,577884.474,municipal_gdp,577884.474
3130309,Iguatama - MG,37,Produto Interno Bruto a preços correntes,2021,586931.284,municipal_gdp,586931.284
3130408,Ijaci - MG,37,Produto Interno Bruto a preços correntes,2021,494349.183,municipal_gdp,494349.183
3130507,Ilicínea - MG,37,Produto Interno Bruto a preços correntes,2021,265457.276,municipal_gdp,265457.276
3130556,Imbé de Minas - MG,37,Produto Interno Bruto a preços correntes,2021,101195.736,municipal_gdp,101195.736
3130606,Inconfidentes - MG,37,Produto Interno Bruto a preços correntes,2021,132560.090,municipal_gdp,132560.09
3130655,Indaiabira - MG,37,Produto Interno Bruto a preços correntes,2021,87299.551,municipal_gdp,87299.551
3130705,Indianópolis - MG,37,Produto Interno Bruto a preços correntes,2021,875623.444,municipal_gdp,875623.444
3130804,Ingaí - MG,37,Produto Interno Bruto a preços correntes,2021,115688.894,municipal_gdp,115688.894
3130903,Inhapim - MG,37,Produto Interno Bruto a preços correntes,2021,404765.944,municipal_gdp,404765.944
3131000,Inhaúma - MG,37,Produto Interno Bruto a preços correntes,2021,145760.514,municipal_gdp,145760.514
3131109,Inimutaba - MG,37,Produto Interno Bruto a preços correntes,2021,90714.035,municipal_gdp,90714.035
3131158,Ipaba - MG,37,Produto Interno Bruto a preços correntes,2021,180272.402,municipal_gdp,180272.402
3131208,Ipanema - MG,37,Produto Interno Bruto a preços correntes,2021,344482.084,municipal_gdp,344482.084
3131307,Ipatinga - MG,37,Produto Interno Bruto a preços correntes,2021,17607739.764,municipal_gdp,17607739.764
3131406,Ipiaçu - MG,37,Produto Interno Bruto a preços correntes,2021,183042.644,municipal_gdp,183042.644
3131505,Ipuiúna - MG,37,Produto Interno Bruto a preços correntes,2021,188546.522,municipal_gdp,188546.522
3131604,Iraí de Minas - MG,37,Produto Interno Bruto a preços correntes,2021,301449.639,municipal_gdp,301449.639
3131703,Itabira - MG,37,Produto Interno Bruto a preços correntes,2021,14971550.437,municipal_gdp,14971550.437
3131802,Itabirinha - MG,37,Produto Interno Bruto a preços correntes,2021,136366.420,municipal_gdp,136366.42
3131901,Itabirito - MG,37,Produto Interno Bruto a preços correntes,2021,13139281.552,municipal_gdp,13139281.552
3132008,Itacambira - MG,37,Produto Interno Bruto a preços correntes,2021,61709.441,municipal_gdp,61709.441
3132107,Itacarambi - MG,37,Produto Interno Bruto a preços correntes,2021,226687.431,municipal_gdp,226687.431
3132206,Itaguara - MG,37,Produto Interno Bruto a preços correntes,2021,402203.951,municipal_gdp,402203.951
3132305,Itaipé - MG,37,Produto Interno Bruto a preços correntes,2021,121610.639,municipal_gdp,121610.639
3132404,Itajubá - MG,37,Produto Interno Bruto a preços correntes,2021,3611716.284,municipal_gdp,3611716.284
3132503,Itamarandiba - MG,37,Produto Interno Bruto a preços correntes,2021,647442.593,municipal_gdp,647442.593
3132602,Itamarati de Minas - MG,37,Produto Interno Bruto a preços correntes,2021,67305.096,municipal_gdp,67305.096
3132701,Itambacuri - MG,37,Produto Interno Bruto a preços correntes,2021,341003.497,municipal_gdp,341003.497
3132800,Itambé do Mato Dentro - MG,37,Produto Interno Bruto a preços correntes,2021,35862.511,municipal_gdp,35862.511
3132909,Itamogi - MG,37,Produto Interno Bruto a preços correntes,2021,236282.895,municipal_gdp,236282.895
3133006,Itamonte - MG,37,Produto Interno Bruto a preços correntes,2021,1181670.936,municipal_gdp,1181670.936
3133105,Itanhandu - MG,37,Produto Interno Bruto a preços correntes,2021,470089.292,municipal_gdp,470089.292
3133204,Itanhomi - MG,37,Produto Interno Bruto a preços correntes,2021,151255.998,municipal_gdp,151255.998
3133303,Itaobim - MG,37,Produto Interno Bruto a preços correntes,2021,308689.765,municipal_gdp,308689.765
3133402,Itapagipe - MG,37,Produto Interno Bruto a preços correntes,2021,514170.000,municipal_gdp,514170.0
3133501,Itapecerica - MG,37,Produto Interno Bruto a preços correntes,2021,628984.710,municipal_gdp,628984.71
3133600,Itapeva - MG,37,Produto Interno Bruto a preços correntes,2021,849148.449,municipal_gdp,849148.449
3133709,Itatiaiuçu - MG,37,Produto Interno Bruto a preços correntes,2021,6934361.709,municipal_gdp,6934361.709
3133758,Itaú de Minas - MG,37,Produto Interno Bruto a preços correntes,2021,724062.181,municipal_gdp,724062.181
3133808,Itaúna - MG,37,Produto Interno Bruto a preços correntes,2021,5082301.980,municipal_gdp,5082301.98
3133907,Itaverava - MG,37,Produto Interno Bruto a preços correntes,2021,71363.054,municipal_gdp,71363.054
3134004,Itinga - MG,37,Produto Interno Bruto a preços correntes,2021,148251.202,municipal_gdp,148251.202
3134103,Itueta - MG,37,Produto Interno Bruto a preços correntes,2021,122237.522,municipal_gdp,122237.522
3134202,Ituiutaba - MG,37,Produto Interno Bruto a preços correntes,2021,3797167.358,municipal_gdp,3797167.358
3134301,Itumirim - MG,37,Produto Interno Bruto a preços correntes,2021,91595.651,municipal_gdp,91595.651
3134400,Iturama - MG,37,Produto Interno Bruto a preços correntes,2021,2016961.901,municipal_gdp,2016961.901
3134509,Itutinga - MG,37,Produto Interno Bruto a preços correntes,2021,172517.553,municipal_gdp,172517.553
3134608,Jaboticatubas - MG,37,Produto Interno Bruto a preços correntes,2021,297804.467,municipal_gdp,297804.467
3134707,Jacinto - MG,37,Produto Interno Bruto a preços correntes,2021,131533.509,municipal_gdp,131533.509
3134806,Jacuí - MG,37,Produto Interno Bruto a preços correntes,2021,150927.788,municipal_gdp,150927.788
3134905,Jacutinga - MG,37,Produto Interno Bruto a preços correntes,2021,1143674.230,municipal_gdp,1143674.23
3135001,Jaguaraçu - MG,37,Produto Interno Bruto a preços correntes,2021,109803.214,municipal_gdp,109803.214
3135050,Jaíba - MG,37,Produto Interno Bruto a preços correntes,2021,849077.896,municipal_gdp,849077.896
3135076,Jampruca - MG,37,Produto Interno Bruto a preços correntes,2021,82525.666,municipal_gdp,82525.666
3135100,Janaúba - MG,37,Produto Interno Bruto a preços correntes,2021,1603604.651,municipal_gdp,1603604.651
3135209,Januária - MG,37,Produto Interno Bruto a preços correntes,2021,824553.286,municipal_gdp,824553.286
3135308,Japaraíba - MG,37,Produto Interno Bruto a preços correntes,2021,101344.906,municipal_gdp,101344.906
3135357,Japonvar - MG,37,Produto Interno Bruto a preços correntes,2021,77418.326,municipal_gdp,77418.326
3135407,Jeceaba - MG,37,Produto Interno Bruto a preços correntes,2021,1952716.357,municipal_gdp,1952716.357
3135456,Jenipapo de Minas - MG,37,Produto Interno Bruto a preços correntes,2021,79485.599,municipal_gdp,79485.599
3135506,Jequeri - MG,37,Produto Interno Bruto a preços correntes,2021,193976.079,municipal_gdp,193976.079
3135605,Jequitaí - MG,37,Produto Interno Bruto a preços correntes,2021,130435.841,municipal_gdp,130435.841
3135704,Jequitibá - MG,37,Produto Interno Bruto a preços correntes,2021,126107.620,municipal_gdp,126107.62
3135803,Jequitinhonha - MG,37,Produto Interno Bruto a preços correntes,2021,274884.619,municipal_gdp,274884.619
3135902,Jesuânia - MG,37,Produto Interno Bruto a preços correntes,2021,104191.610,municipal_gdp,104191.61
3136009,Joaíma - MG,37,Produto Interno Bruto a preços correntes,2021,162645.132,municipal_gdp,162645.132
3136108,Joanésia - MG,37,Produto Interno Bruto a preços correntes,2021,110201.459,municipal_gdp,110201.459
3136207,João Monlevade - MG,37,Produto Interno Bruto a preços correntes,2021,4852509.786,municipal_gdp,4852509.786
3136306,João Pinheiro - MG,37,Produto Interno Bruto a preços correntes,2021,2156345.263,municipal_gdp,2156345.263
3136405,Joaquim Felício - MG,37,Produto Interno Bruto a preços correntes,2021,72279.075,municipal_gdp,72279.075
3136504,Jordânia - MG,37,Produto Interno Bruto a preços correntes,2021,107126.746,municipal_gdp,107126.746
3136520,José Gonçalves de Minas - MG,37,Produto Interno Bruto a preços correntes,2021,51739.301,municipal_gdp,51739.301
3136553,José Raydan - MG,37,Produto Interno Bruto a preços correntes,2021,72329.520,municipal_gdp,72329.52
3136579,Josenópolis - MG,37,Produto Interno Bruto a preços correntes,2021,58016.757,municipal_gdp,58016.757
3136603,Nova União - MG,37,Produto Interno Bruto a preços correntes,2021,107483.410,municipal_gdp,107483.41
3136652,Juatuba - MG,37,Produto Interno Bruto a preços correntes,2021,1436347.194,municipal_gdp,1436347.194
3136702,Juiz de Fora - MG,37,Produto Interno Bruto a preços correntes,2021,20281698.377,municipal_gdp,20281698.377
3136801,Juramento - MG,37,Produto Interno Bruto a preços correntes,2021,51590.583,municipal_gdp,51590.583
3136900,Juruaia - MG,37,Produto Interno Bruto a preços correntes,2021,274079.031,municipal_gdp,274079.031
3136959,Juvenília - MG,37,Produto Interno Bruto a preços correntes,2021,65619.107,municipal_gdp,65619.107
3137007,Ladainha - MG,37,Produto Interno Bruto a preços correntes,2021,147335.314,municipal_gdp,147335.314
3137106,Lagamar - MG,37,Produto Interno Bruto a preços correntes,2021,242478.231,municipal_gdp,242478.231
3137205,Lagoa da Prata - MG,37,Produto Interno Bruto a preços correntes,2021,1984774.207,municipal_gdp,1984774.207
3137304,Lagoa dos Patos - MG,37,Produto Interno Bruto a preços correntes,2021,59595.164,municipal_gdp,59595.164
3137403,Lagoa Dourada - MG,37,Produto Interno Bruto a preços correntes,2021,345374.295,municipal_gdp,345374.295
3137502,Lagoa Formosa - MG,37,Produto Interno Bruto a preços correntes,2021,565538.929,municipal_gdp,565538.929
3137536,Lagoa Grande - MG,37,Produto Interno Bruto a preços correntes,2021,292472.298,municipal_gdp,292472.298
3137601,Lagoa Santa - MG,37,Produto Interno Bruto a preços correntes,2021,2187874.863,municipal_gdp,2187874.863
3137700,Lajinha - MG,37,Produto Interno Bruto a preços correntes,2021,399767.038,municipal_gdp,399767.038
3137809,Lambari - MG,37,Produto Interno Bruto a preços correntes,2021,405228.682,municipal_gdp,405228.682
3137908,Lamim - MG,37,Produto Interno Bruto a preços correntes,2021,52121.453,municipal_gdp,52121.453
3138005,Laranjal - MG,37,Produto Interno Bruto a preços correntes,2021,95736.447,municipal_gdp,95736.447
3138104,Lassance - MG,37,Produto Interno Bruto a preços correntes,2021,192531.083,municipal_gdp,192531.083
3138203,Lavras - MG,37,Produto Interno Bruto a preços correntes,2021,2941307.978,municipal_gdp,2941307.978
3138302,Leandro Ferreira - MG,37,Produto Interno Bruto a preços correntes,2021,55488.241,municipal_gdp,55488.241
3138351,Leme do Prado - MG,37,Produto Interno Bruto a preços correntes,2021,66185.206,municipal_gdp,66185.206
3138401,Leopoldina - MG,37,Produto Interno Bruto a preços correntes,2021,1112638.912,municipal_gdp,1112638.912
3138500,Liberdade - MG,37,Produto Interno Bruto a preços correntes,2021,107623.129,municipal_gdp,107623.129
3138609,Lima Duarte - MG,37,Produto Interno Bruto a preços correntes,2021,339218.657,municipal_gdp,339218.657
3138625,Limeira do Oeste - MG,37,Produto Interno Bruto a preços correntes,2021,462720.443,municipal_gdp,462720.443
3138658,Lontra - MG,37,Produto Interno Bruto a preços correntes,2021,93829.353,municipal_gdp,93829.353
3138674,Luisburgo - MG,37,Produto Interno Bruto a preços correntes,2021,132764.781,municipal_gdp,132764.781
3138682,Luislândia - MG,37,Produto Interno Bruto a preços correntes,2021,65469.093,municipal_gdp,65469.093
3138708,Luminárias - MG,37,Produto Interno Bruto a preços correntes,2021,149049.071,municipal_gdp,149049.071
3138807,Luz - MG,37,Produto Interno Bruto a preços correntes,2021,657535.006,municipal_gdp,657535.006
3138906,Machacalis - MG,37,Produto Interno Bruto a preços correntes,2021,112414.488,municipal_gdp,112414.488
3139003,Machado - MG,37,Produto Interno Bruto a preços correntes,2021,1373895.592,municipal_gdp,1373895.592
3139102,Madre de Deus de Minas - MG,37,Produto Interno Bruto a preços correntes,2021,301964.566,municipal_gdp,301964.566
3139201,Malacacheta - MG,37,Produto Interno Bruto a preços correntes,2021,235786.341,municipal_gdp,235786.341
3139250,Mamonas - MG,37,Produto Interno Bruto a preços correntes,2021,60080.494,municipal_gdp,60080.494
3139300,Manga - MG,37,Produto Interno Bruto a preços correntes,2021,243335.800,municipal_gdp,243335.8
3139409,Manhuaçu - MG,37,Produto Interno Bruto a preços correntes,2021,3277777.545,municipal_gdp,3277777.545
3139508,Manhumirim - MG,37,Produto Interno Bruto a preços correntes,2021,563358.125,municipal_gdp,563358.125
3139607,Mantena - MG,37,Produto Interno Bruto a preços correntes,2021,476839.118,municipal_gdp,476839.118
3139706,Maravilhas - MG,37,Produto Interno Bruto a preços correntes,2021,233073.196,municipal_gdp,233073.196
3139805,Mar de Espanha - MG,37,Produto Interno Bruto a preços correntes,2021,227481.603,municipal_gdp,227481.603
3139904,Maria da Fé - MG,37,Produto Interno Bruto a preços correntes,2021,203119.330,municipal_gdp,203119.33
3140001,Mariana - MG,37,Produto Interno Bruto a preços correntes,2021,7367033.318,municipal_gdp,7367033.318
3140100,Marilac - MG,37,Produto Interno Bruto a preços correntes,2021,57772.340,municipal_gdp,57772.34
3140159,Mário Campos - MG,37,Produto Interno Bruto a preços correntes,2021,197956.538,municipal_gdp,197956.538
3140209,Maripá de Minas - MG,37,Produto Interno Bruto a preços correntes,2021,74901.505,municipal_gdp,74901.505
3140308,Marliéria - MG,37,Produto Interno Bruto a preços correntes,2021,60417.198,municipal_gdp,60417.198
3140407,Marmelópolis - MG,37,Produto Interno Bruto a preços correntes,2021,42789.614,municipal_gdp,42789.614
3140506,Martinho Campos - MG,37,Produto Interno Bruto a preços correntes,2021,474366.573,municipal_gdp,474366.573
3140530,Martins Soares - MG,37,Produto Interno Bruto a preços correntes,2021,215620.660,municipal_gdp,215620.66
3140555,Mata Verde - MG,37,Produto Interno Bruto a preços correntes,2021,91547.003,municipal_gdp,91547.003
3140605,Materlândia - MG,37,Produto Interno Bruto a preços correntes,2021,60525.840,municipal_gdp,60525.84
3140704,Mateus Leme - MG,37,Produto Interno Bruto a preços correntes,2021,1078989.225,municipal_gdp,1078989.225
3140803,Matias Barbosa - MG,37,Produto Interno Bruto a preços correntes,2021,627997.327,municipal_gdp,627997.327
3140852,Matias Cardoso - MG,37,Produto Interno Bruto a preços correntes,2021,158429.103,municipal_gdp,158429.103
3140902,Matipó - MG,37,Produto Interno Bruto a preços correntes,2021,425174.495,municipal_gdp,425174.495
3141009,Mato Verde - MG,37,Produto Interno Bruto a preços correntes,2021,157529.823,municipal_gdp,157529.823
3141108,Matozinhos - MG,37,Produto Interno Bruto a preços correntes,2021,1505457.589,municipal_gdp,1505457.589
3141207,Matutina - MG,37,Produto Interno Bruto a preços correntes,2021,97184.289,municipal_gdp,97184.289
3141306,Medeiros - MG,37,Produto Interno Bruto a preços correntes,2021,247287.544,municipal_gdp,247287.544
3141405,Medina - MG,37,Produto Interno Bruto a preços correntes,2021,252979.460,municipal_gdp,252979.46
3141504,Mendes Pimentel - MG,37,Produto Interno Bruto a preços correntes,2021,77406.829,municipal_gdp,77406.829
3141603,Mercês - MG,37,Produto Interno Bruto a preços correntes,2021,151704.978,municipal_gdp,151704.978
3141702,Mesquita - MG,37,Produto Interno Bruto a preços correntes,2021,59432.646,municipal_gdp,59432.646
3141801,Minas Novas - MG,37,Produto Interno Bruto a preços correntes,2021,350037.855,municipal_gdp,350037.855
3141900,Minduri - MG,37,Produto Interno Bruto a preços correntes,2021,163759.848,municipal_gdp,163759.848
3142007,Mirabela - MG,37,Produto Interno Bruto a preços correntes,2021,162986.776,municipal_gdp,162986.776
3142106,Miradouro - MG,37,Produto Interno Bruto a preços correntes,2021,173968.075,municipal_gdp,173968.075
3142205,Miraí - MG,37,Produto Interno Bruto a preços correntes,2021,333953.148,municipal_gdp,333953.148
3142254,Miravânia - MG,37,Produto Interno Bruto a preços correntes,2021,46796.388,municipal_gdp,46796.388
3142304,Moeda - MG,37,Produto Interno Bruto a preços correntes,2021,76858.736,municipal_gdp,76858.736
3142403,Moema - MG,37,Produto Interno Bruto a preços correntes,2021,152625.764,municipal_gdp,152625.764
3142502,Monjolos - MG,37,Produto Interno Bruto a preços correntes,2021,46800.992,municipal_gdp,46800.992
3142601,Monsenhor Paulo - MG,37,Produto Interno Bruto a preços correntes,2021,228126.020,municipal_gdp,228126.02
3142700,Montalvânia - MG,37,Produto Interno Bruto a preços correntes,2021,165406.313,municipal_gdp,165406.313
3142809,Monte Alegre de Minas - MG,37,Produto Interno Bruto a preços correntes,2021,758376.257,municipal_gdp,758376.257
3142908,Monte Azul - MG,37,Produto Interno Bruto a preços correntes,2021,256072.177,municipal_gdp,256072.177
3143005,Monte Belo - MG,37,Produto Interno Bruto a preços correntes,2021,366218.446,municipal_gdp,366218.446
3143104,Monte Carmelo - MG,37,Produto Interno Bruto a preços correntes,2021,1559201.810,municipal_gdp,1559201.81
3143153,Monte Formoso - MG,37,Produto Interno Bruto a preços correntes,2021,44092.997,municipal_gdp,44092.997
3143203,Monte Santo de Minas - MG,37,Produto Interno Bruto a preços correntes,2021,483171.922,municipal_gdp,483171.922
3143302,Montes Claros - MG,37,Produto Interno Bruto a preços correntes,2021,10799485.803,municipal_gdp,10799485.803
3143401,Monte Sião - MG,37,Produto Interno Bruto a preços correntes,2021,605891.629,municipal_gdp,605891.629
3143450,Montezuma - MG,37,Produto Interno Bruto a preços correntes,2021,91045.991,municipal_gdp,91045.991
3143500,Morada Nova de Minas - MG,37,Produto Interno Bruto a preços correntes,2021,541501.521,municipal_gdp,541501.521
3143609,Morro da Garça - MG,37,Produto Interno Bruto a preços correntes,2021,51051.917,municipal_gdp,51051.917
3143708,Morro do Pilar - MG,37,Produto Interno Bruto a preços correntes,2021,44096.986,municipal_gdp,44096.986
3143807,Munhoz - MG,37,Produto Interno Bruto a preços correntes,2021,128214.848,municipal_gdp,128214.848
3143906,Muriaé - MG,37,Produto Interno Bruto a preços correntes,2021,2654177.047,municipal_gdp,2654177.047
3144003,Mutum - MG,37,Produto Interno Bruto a preços correntes,2021,508860.402,municipal_gdp,508860.402
3144102,Muzambinho - MG,37,Produto Interno Bruto a preços correntes,2021,535415.379,municipal_gdp,535415.379
3144201,Nacip Raydan - MG,37,Produto Interno Bruto a preços correntes,2021,37373.303,municipal_gdp,37373.303
3144300,Nanuque - MG,37,Produto Interno Bruto a preços correntes,2021,808450.077,municipal_gdp,808450.077
3144359,Naque - MG,37,Produto Interno Bruto a preços correntes,2021,90146.900,municipal_gdp,90146.9
3144375,Natalândia - MG,37,Produto Interno Bruto a preços correntes,2021,75162.643,municipal_gdp,75162.643
3144409,Natércia - MG,37,Produto Interno Bruto a preços correntes,2021,115391.503,municipal_gdp,115391.503
3144508,Nazareno - MG,37,Produto Interno Bruto a preços correntes,2021,668803.532,municipal_gdp,668803.532
3144607,Nepomuceno - MG,37,Produto Interno Bruto a preços correntes,2021,618030.810,municipal_gdp,618030.81
3144656,Ninheira - MG,37,Produto Interno Bruto a preços correntes,2021,126348.884,municipal_gdp,126348.884
3144672,Nova Belém - MG,37,Produto Interno Bruto a preços correntes,2021,83433.719,municipal_gdp,83433.719
3144706,Nova Era - MG,37,Produto Interno Bruto a preços correntes,2021,432758.087,municipal_gdp,432758.087
3144805,Nova Lima - MG,37,Produto Interno Bruto a preços correntes,2021,21040765.730,municipal_gdp,21040765.73
3144904,Nova Módica - MG,37,Produto Interno Bruto a preços correntes,2021,58648.721,municipal_gdp,58648.721
3145000,Nova Ponte - MG,37,Produto Interno Bruto a preços correntes,2021,1115948.816,municipal_gdp,1115948.816
3145059,Nova Porteirinha - MG,37,Produto Interno Bruto a preços correntes,2021,116345.919,municipal_gdp,116345.919
3145109,Nova Resende - MG,37,Produto Interno Bruto a preços correntes,2021,385621.702,municipal_gdp,385621.702
3145208,Nova Serrana - MG,37,Produto Interno Bruto a preços correntes,2021,2634272.394,municipal_gdp,2634272.394
3145307,Novo Cruzeiro - MG,37,Produto Interno Bruto a preços correntes,2021,330389.681,municipal_gdp,330389.681
3145356,Novo Oriente de Minas - MG,37,Produto Interno Bruto a preços correntes,2021,121559.971,municipal_gdp,121559.971
3145372,Novorizonte - MG,37,Produto Interno Bruto a preços correntes,2021,70395.077,municipal_gdp,70395.077
3145406,Olaria - MG,37,Produto Interno Bruto a preços correntes,2021,31904.411,municipal_gdp,31904.411
3145455,Olhos-d'Água - MG,37,Produto Interno Bruto a preços correntes,2021,211917.383,municipal_gdp,211917.383
3145505,Olímpio Noronha - MG,37,Produto Interno Bruto a preços correntes,2021,43923.538,municipal_gdp,43923.538
3145604,Oliveira - MG,37,Produto Interno Bruto a preços correntes,2021,1108062.858,municipal_gdp,1108062.858
3145703,Oliveira Fortes - MG,37,Produto Interno Bruto a preços correntes,2021,40519.190,municipal_gdp,40519.19
3145802,Onça de Pitangui - MG,37,Produto Interno Bruto a preços correntes,2021,64912.868,municipal_gdp,64912.868
3145851,Oratórios - MG,37,Produto Interno Bruto a preços correntes,2021,70840.540,municipal_gdp,70840.54
3145877,Orizânia - MG,37,Produto Interno Bruto a preços correntes,2021,122067.504,municipal_gdp,122067.504
3145901,Ouro Branco - MG,37,Produto Interno Bruto a preços correntes,2021,5276139.182,municipal_gdp,5276139.182
3146008,Ouro Fino - MG,37,Produto Interno Bruto a preços correntes,2021,934049.144,municipal_gdp,934049.144
3146107,Ouro Preto - MG,37,Produto Interno Bruto a preços correntes,2021,9518796.768,municipal_gdp,9518796.768
3146206,Ouro Verde de Minas - MG,37,Produto Interno Bruto a preços correntes,2021,67791.642,municipal_gdp,67791.642
3146255,Padre Carvalho - MG,37,Produto Interno Bruto a preços correntes,2021,58182.877,municipal_gdp,58182.877
3146305,Padre Paraíso - MG,37,Produto Interno Bruto a preços correntes,2021,213888.145,municipal_gdp,213888.145
3146404,Paineiras - MG,37,Produto Interno Bruto a preços correntes,2021,82804.356,municipal_gdp,82804.356
3146503,Pains - MG,37,Produto Interno Bruto a preços correntes,2021,531120.331,municipal_gdp,531120.331
3146552,Pai Pedro - MG,37,Produto Interno Bruto a preços correntes,2021,58641.870,municipal_gdp,58641.87
3146602,Paiva - MG,37,Produto Interno Bruto a preços correntes,2021,27292.181,municipal_gdp,27292.181
3146701,Palma - MG,37,Produto Interno Bruto a preços correntes,2021,103635.903,municipal_gdp,103635.903
3146750,Palmópolis - MG,37,Produto Interno Bruto a preços correntes,2021,63836.925,municipal_gdp,63836.925
3146909,Papagaios - MG,37,Produto Interno Bruto a preços correntes,2021,374384.057,municipal_gdp,374384.057
3147006,Paracatu - MG,37,Produto Interno Bruto a preços correntes,2021,7198750.924,municipal_gdp,7198750.924
3147105,Pará de Minas - MG,37,Produto Interno Bruto a preços correntes,2021,4024573.632,municipal_gdp,4024573.632
3147204,Paraguaçu - MG,37,Produto Interno Bruto a preços correntes,2021,650844.451,municipal_gdp,650844.451
3147303,Paraisópolis - MG,37,Produto Interno Bruto a preços correntes,2021,592506.172,municipal_gdp,592506.172
3147402,Paraopeba - MG,37,Produto Interno Bruto a preços correntes,2021,918654.955,municipal_gdp,918654.955
3147501,Passabém - MG,37,Produto Interno Bruto a preços correntes,2021,23587.941,municipal_gdp,23587.941
3147600,Passa Quatro - MG,37,Produto Interno Bruto a preços correntes,2021,471565.482,municipal_gdp,471565.482
3147709,Passa Tempo - MG,37,Produto Interno Bruto a preços correntes,2021,481059.485,municipal_gdp,481059.485
3147808,Passa Vinte - MG,37,Produto Interno Bruto a preços correntes,2021,42075.257,municipal_gdp,42075.257
3147907,Passos - MG,37,Produto Interno Bruto a preços correntes,2021,3023765.638,municipal_gdp,3023765.638
3147956,Patis - MG,37,Produto Interno Bruto a preços correntes,2021,55024.658,municipal_gdp,55024.658
3148004,Patos de Minas - MG,37,Produto Interno Bruto a preços correntes,2021,6146246.831,municipal_gdp,6146246.831
3148103,Patrocínio - MG,37,Produto Interno Bruto a preços correntes,2021,3679638.131,municipal_gdp,3679638.131
3148202,Patrocínio do Muriaé - MG,37,Produto Interno Bruto a preços correntes,2021,116017.332,municipal_gdp,116017.332
3148301,Paula Cândido - MG,37,Produto Interno Bruto a preços correntes,2021,136789.909,municipal_gdp,136789.909
3148400,Paulistas - MG,37,Produto Interno Bruto a preços correntes,2021,67345.922,municipal_gdp,67345.922
3148509,Pavão - MG,37,Produto Interno Bruto a preços correntes,2021,93054.393,municipal_gdp,93054.393
3148608,Peçanha - MG,37,Produto Interno Bruto a preços correntes,2021,270117.525,municipal_gdp,270117.525
3148707,Pedra Azul - MG,37,Produto Interno Bruto a preços correntes,2021,401335.187,municipal_gdp,401335.187
3148756,Pedra Bonita - MG,37,Produto Interno Bruto a preços correntes,2021,96487.748,municipal_gdp,96487.748
3148806,Pedra do Anta - MG,37,Produto Interno Bruto a preços correntes,2021,57703.173,municipal_gdp,57703.173
3148905,Pedra do Indaiá - MG,37,Produto Interno Bruto a preços correntes,2021,116111.770,municipal_gdp,116111.77
3149002,Pedra Dourada - MG,37,Produto Interno Bruto a preços correntes,2021,42272.782,municipal_gdp,42272.782
3149101,Pedralva - MG,37,Produto Interno Bruto a preços correntes,2021,182673.322,municipal_gdp,182673.322
3149150,Pedras de Maria da Cruz - MG,37,Produto Interno Bruto a preços correntes,2021,109623.575,municipal_gdp,109623.575
3149200,Pedrinópolis - MG,37,Produto Interno Bruto a preços correntes,2021,204095.370,municipal_gdp,204095.37
3149309,Pedro Leopoldo - MG,37,Produto Interno Bruto a preços correntes,2021,1938133.871,municipal_gdp,1938133.871
3149408,Pedro Teixeira - MG,37,Produto Interno Bruto a preços correntes,2021,30258.636,municipal_gdp,30258.636
3149507,Pequeri - MG,37,Produto Interno Bruto a preços correntes,2021,62510.150,municipal_gdp,62510.15
3149606,Pequi - MG,37,Produto Interno Bruto a preços correntes,2021,85499.627,municipal_gdp,85499.627
3149705,Perdigão - MG,37,Produto Interno Bruto a preços correntes,2021,234679.931,municipal_gdp,234679.931
3149804,Perdizes - MG,37,Produto Interno Bruto a preços correntes,2021,1629149.392,municipal_gdp,1629149.392
3149903,Perdões - MG,37,Produto Interno Bruto a preços correntes,2021,626987.288,municipal_gdp,626987.288
3149952,Periquito - MG,37,Produto Interno Bruto a preços correntes,2021,111676.559,municipal_gdp,111676.559
3150000,Pescador - MG,37,Produto Interno Bruto a preços correntes,2021,47074.727,municipal_gdp,47074.727
3150109,Piau - MG,37,Produto Interno Bruto a preços correntes,2021,92644.520,municipal_gdp,92644.52
3150158,Piedade de Caratinga - MG,37,Produto Interno Bruto a preços correntes,2021,140805.478,municipal_gdp,140805.478
3150208,Piedade de Ponte Nova - MG,37,Produto Interno Bruto a preços correntes,2021,62725.465,municipal_gdp,62725.465
3150307,Piedade do Rio Grande - MG,37,Produto Interno Bruto a preços correntes,2021,110390.303,municipal_gdp,110390.303
3150406,Piedade dos Gerais - MG,37,Produto Interno Bruto a preços correntes,2021,89788.642,municipal_gdp,89788.642
3150505,Pimenta - MG,37,Produto Interno Bruto a preços correntes,2021,281707.248,municipal_gdp,281707.248
3150539,Pingo-d'Água - MG,37,Produto Interno Bruto a preços correntes,2021,52693.461,municipal_gdp,52693.461
3150570,Pintópolis - MG,37,Produto Interno Bruto a preços correntes,2021,71109.030,municipal_gdp,71109.03
3150604,Piracema - MG,37,Produto Interno Bruto a preços correntes,2021,303140.414,municipal_gdp,303140.414
3150703,Pirajuba - MG,37,Produto Interno Bruto a preços correntes,2021,403701.585,municipal_gdp,403701.585
3150802,Piranga - MG,37,Produto Interno Bruto a preços correntes,2021,200152.082,municipal_gdp,200152.082
3150901,Piranguçu - MG,37,Produto Interno Bruto a preços correntes,2021,78363.453,municipal_gdp,78363.453
3151008,Piranguinho - MG,37,Produto Interno Bruto a preços correntes,2021,136133.485,municipal_gdp,136133.485
3151107,Pirapetinga - MG,37,Produto Interno Bruto a preços correntes,2021,633595.034,municipal_gdp,633595.034
3151206,Pirapora - MG,37,Produto Interno Bruto a preços correntes,2021,2871585.438,municipal_gdp,2871585.438
3151305,Piraúba - MG,37,Produto Interno Bruto a preços correntes,2021,200320.535,municipal_gdp,200320.535
3151404,Pitangui - MG,37,Produto Interno Bruto a preços correntes,2021,741272.741,municipal_gdp,741272.741
3151503,Piumhi - MG,37,Produto Interno Bruto a preços correntes,2021,1280616.626,municipal_gdp,1280616.626
3151602,Planura - MG,37,Produto Interno Bruto a preços correntes,2021,574229.731,municipal_gdp,574229.731
3151701,Poço Fundo - MG,37,Produto Interno Bruto a preços correntes,2021,403831.570,municipal_gdp,403831.57
3151800,Poços de Caldas - MG,37,Produto Interno Bruto a preços correntes,2021,8526941.834,municipal_gdp,8526941.834
3151909,Pocrane - MG,37,Produto Interno Bruto a preços correntes,2021,121700.531,municipal_gdp,121700.531
3152006,Pompéu - MG,37,Produto Interno Bruto a preços correntes,2021,1170319.055,municipal_gdp,1170319.055
3152105,Ponte Nova - MG,37,Produto Interno Bruto a preços correntes,2021,2142078.158,municipal_gdp,2142078.158
3152131,Ponto Chique - MG,37,Produto Interno Bruto a preços correntes,2021,52084.361,municipal_gdp,52084.361
3152170,Ponto dos Volantes - MG,37,Produto Interno Bruto a preços correntes,2021,122519.626,municipal_gdp,122519.626
3152204,Porteirinha - MG,37,Produto Interno Bruto a preços correntes,2021,526973.227,municipal_gdp,526973.227
3152303,Porto Firme - MG,37,Produto Interno Bruto a preços correntes,2021,130225.729,municipal_gdp,130225.729
3152402,Poté - MG,37,Produto Interno Bruto a preços correntes,2021,168767.017,municipal_gdp,168767.017
3152501,Pouso Alegre - MG,37,Produto Interno Bruto a preços correntes,2021,10718150.481,municipal_gdp,10718150.481
3152600,Pouso Alto - MG,37,Produto Interno Bruto a preços correntes,2021,277394.563,municipal_gdp,277394.563
3152709,Prados - MG,37,Produto Interno Bruto a preços correntes,2021,229055.251,municipal_gdp,229055.251
3152808,Prata - MG,37,Produto Interno Bruto a preços correntes,2021,1292807.344,municipal_gdp,1292807.344
3152907,Pratápolis - MG,37,Produto Interno Bruto a preços correntes,2021,228619.457,municipal_gdp,228619.457
3153004,Pratinha - MG,37,Produto Interno Bruto a preços correntes,2021,154717.678,municipal_gdp,154717.678
3153103,Presidente Bernardes - MG,37,Produto Interno Bruto a preços correntes,2021,67749.052,municipal_gdp,67749.052
3153202,Presidente Juscelino - MG,37,Produto Interno Bruto a preços correntes,2021,49103.720,municipal_gdp,49103.72
3153301,Presidente Kubitschek - MG,37,Produto Interno Bruto a preços correntes,2021,36192.761,municipal_gdp,36192.761
3153400,Presidente Olegário - MG,37,Produto Interno Bruto a preços correntes,2021,731424.966,municipal_gdp,731424.966
3153509,Alto Jequitibá - MG,37,Produto Interno Bruto a preços correntes,2021,125572.560,municipal_gdp,125572.56
3153608,Prudente de Morais - MG,37,Produto Interno Bruto a preços correntes,2021,203095.720,municipal_gdp,203095.72
3153707,Quartel Geral - MG,37,Produto Interno Bruto a preços correntes,2021,77606.466,municipal_gdp,77606.466
3153806,Queluzito - MG,37,Produto Interno Bruto a preços correntes,2021,40046.217,municipal_gdp,40046.217
3153905,Raposos - MG,37,Produto Interno Bruto a preços correntes,2021,193683.706,municipal_gdp,193683.706
3154002,Raul Soares - MG,37,Produto Interno Bruto a preços correntes,2021,423329.981,municipal_gdp,423329.981
3154101,Recreio - MG,37,Produto Interno Bruto a preços correntes,2021,123246.546,municipal_gdp,123246.546
3154150,Reduto - MG,37,Produto Interno Bruto a preços correntes,2021,121181.924,municipal_gdp,121181.924
3154200,Resende Costa - MG,37,Produto Interno Bruto a preços correntes,2021,207472.971,municipal_gdp,207472.971
3154309,Resplendor - MG,37,Produto Interno Bruto a preços correntes,2021,277790.153,municipal_gdp,277790.153
3154408,Ressaquinha - MG,37,Produto Interno Bruto a preços correntes,2021,372865.782,municipal_gdp,372865.782
3154457,Riachinho - MG,37,Produto Interno Bruto a preços correntes,2021,157241.596,municipal_gdp,157241.596
3154507,Riacho dos Machados - MG,37,Produto Interno Bruto a preços correntes,2021,532552.056,municipal_gdp,532552.056
3154606,Ribeirão das Neves - MG,37,Produto Interno Bruto a preços correntes,2021,5180189.078,municipal_gdp,5180189.078
3154705,Ribeirão Vermelho - MG,37,Produto Interno Bruto a preços correntes,2021,105345.881,municipal_gdp,105345.881
3154804,Rio Acima - MG,37,Produto Interno Bruto a preços correntes,2021,472402.325,municipal_gdp,472402.325
3154903,Rio Casca - MG,37,Produto Interno Bruto a preços correntes,2021,237323.754,municipal_gdp,237323.754
3155009,Rio Doce - MG,37,Produto Interno Bruto a preços correntes,2021,51851.310,municipal_gdp,51851.31
3155108,Rio do Prado - MG,37,Produto Interno Bruto a preços correntes,2021,52654.169,municipal_gdp,52654.169
3155207,Rio Espera - MG,37,Produto Interno Bruto a preços correntes,2021,59583.143,municipal_gdp,59583.143
3155306,Rio Manso - MG,37,Produto Interno Bruto a preços correntes,2021,113750.292,municipal_gdp,113750.292
3155405,Rio Novo - MG,37,Produto Interno Bruto a preços correntes,2021,120045.415,municipal_gdp,120045.415
3155504,Rio Paranaíba - MG,37,Produto Interno Bruto a preços correntes,2021,906411.869,municipal_gdp,906411.869
3155603,Rio Pardo de Minas - MG,37,Produto Interno Bruto a preços correntes,2021,345428.279,municipal_gdp,345428.279
3155702,Rio Piracicaba - MG,37,Produto Interno Bruto a preços correntes,2021,1339655.886,municipal_gdp,1339655.886
3155801,Rio Pomba - MG,37,Produto Interno Bruto a preços correntes,2021,417244.335,municipal_gdp,417244.335
3155900,Rio Preto - MG,37,Produto Interno Bruto a preços correntes,2021,69135.360,municipal_gdp,69135.36
3156007,Rio Vermelho - MG,37,Produto Interno Bruto a preços correntes,2021,140756.775,municipal_gdp,140756.775
3156106,Ritápolis - MG,37,Produto Interno Bruto a preços correntes,2021,90330.223,municipal_gdp,90330.223
3156205,Rochedo de Minas - MG,37,Produto Interno Bruto a preços correntes,2021,114660.416,municipal_gdp,114660.416
3156304,Rodeiro - MG,37,Produto Interno Bruto a preços correntes,2021,544656.187,municipal_gdp,544656.187
3156403,Romaria - MG,37,Produto Interno Bruto a preços correntes,2021,271626.759,municipal_gdp,271626.759
3156452,Rosário da Limeira - MG,37,Produto Interno Bruto a preços correntes,2021,67723.314,municipal_gdp,67723.314
3156502,Rubelita - MG,37,Produto Interno Bruto a preços correntes,2021,80083.742,municipal_gdp,80083.742
3156601,Rubim - MG,37,Produto Interno Bruto a preços correntes,2021,111693.119,municipal_gdp,111693.119
3156700,Sabará - MG,37,Produto Interno Bruto a preços correntes,2021,4201931.680,municipal_gdp,4201931.68
3156809,Sabinópolis - MG,37,Produto Interno Bruto a preços correntes,2021,334726.643,municipal_gdp,334726.643
3156908,Sacramento - MG,37,Produto Interno Bruto a preços correntes,2021,2090841.083,municipal_gdp,2090841.083
3157005,Salinas - MG,37,Produto Interno Bruto a preços correntes,2021,667282.456,municipal_gdp,667282.456
3157104,Salto da Divisa - MG,37,Produto Interno Bruto a preços correntes,2021,132014.548,municipal_gdp,132014.548
3157203,Santa Bárbara - MG,37,Produto Interno Bruto a preços correntes,2021,1628347.376,municipal_gdp,1628347.376
3157252,Santa Bárbara do Leste - MG,37,Produto Interno Bruto a preços correntes,2021,111674.055,municipal_gdp,111674.055
3157278,Santa Bárbara do Monte Verde - MG,37,Produto Interno Bruto a preços correntes,2021,56260.636,municipal_gdp,56260.636
3157302,Santa Bárbara do Tugúrio - MG,37,Produto Interno Bruto a preços correntes,2021,70602.427,municipal_gdp,70602.427
3157336,Santa Cruz de Minas - MG,37,Produto Interno Bruto a preços correntes,2021,103452.892,municipal_gdp,103452.892
3157377,Santa Cruz de Salinas - MG,37,Produto Interno Bruto a preços correntes,2021,48998.011,municipal_gdp,48998.011
3157401,Santa Cruz do Escalvado - MG,37,Produto Interno Bruto a preços correntes,2021,76982.243,municipal_gdp,76982.243
3157500,Santa Efigênia de Minas - MG,37,Produto Interno Bruto a preços correntes,2021,51007.865,municipal_gdp,51007.865
3157609,Santa Fé de Minas - MG,37,Produto Interno Bruto a preços correntes,2021,59926.411,municipal_gdp,59926.411
3157658,Santa Helena de Minas - MG,37,Produto Interno Bruto a preços correntes,2021,57927.071,municipal_gdp,57927.071
3157708,Santa Juliana - MG,37,Produto Interno Bruto a preços correntes,2021,860296.319,municipal_gdp,860296.319
3157807,Santa Luzia - MG,37,Produto Interno Bruto a preços correntes,2021,5287596.733,municipal_gdp,5287596.733
3157906,Santa Margarida - MG,37,Produto Interno Bruto a preços correntes,2021,353994.896,municipal_gdp,353994.896
3158003,Santa Maria de Itabira - MG,37,Produto Interno Bruto a preços correntes,2021,269093.836,municipal_gdp,269093.836
3158102,Santa Maria do Salto - MG,37,Produto Interno Bruto a preços correntes,2021,49982.525,municipal_gdp,49982.525
3158201,Santa Maria do Suaçuí - MG,37,Produto Interno Bruto a preços correntes,2021,170803.166,municipal_gdp,170803.166
3158300,Santana da Vargem - MG,37,Produto Interno Bruto a preços correntes,2021,243281.986,municipal_gdp,243281.986
3158409,Santana de Cataguases - MG,37,Produto Interno Bruto a preços correntes,2021,49901.016,municipal_gdp,49901.016
3158508,Santana de Pirapama - MG,37,Produto Interno Bruto a preços correntes,2021,116826.219,municipal_gdp,116826.219
3158607,Santana do Deserto - MG,37,Produto Interno Bruto a preços correntes,2021,47354.938,municipal_gdp,47354.938
3158706,Santana do Garambéu - MG,37,Produto Interno Bruto a preços correntes,2021,39151.502,municipal_gdp,39151.502
3158805,Santana do Jacaré - MG,37,Produto Interno Bruto a preços correntes,2021,105811.533,municipal_gdp,105811.533
3158904,Santana do Manhuaçu - MG,37,Produto Interno Bruto a preços correntes,2021,189821.927,municipal_gdp,189821.927
3158953,Santana do Paraíso - MG,37,Produto Interno Bruto a preços correntes,2021,749701.607,municipal_gdp,749701.607
3159001,Santana do Riacho - MG,37,Produto Interno Bruto a preços correntes,2021,103769.993,municipal_gdp,103769.993
3159100,Santana dos Montes - MG,37,Produto Interno Bruto a preços correntes,2021,49866.757,municipal_gdp,49866.757
3159209,Santa Rita de Caldas - MG,37,Produto Interno Bruto a preços correntes,2021,227927.742,municipal_gdp,227927.742
3159308,Santa Rita de Jacutinga - MG,37,Produto Interno Bruto a preços correntes,2021,74797.746,municipal_gdp,74797.746
3159357,Santa Rita de Minas - MG,37,Produto Interno Bruto a preços correntes,2021,151780.901,municipal_gdp,151780.901
3159407,Santa Rita de Ibitipoca - MG,37,Produto Interno Bruto a preços correntes,2021,61997.751,municipal_gdp,61997.751
3159506,Santa Rita do Itueto - MG,37,Produto Interno Bruto a preços correntes,2021,179106.862,municipal_gdp,179106.862
3159605,Santa Rita do Sapucaí - MG,37,Produto Interno Bruto a preços correntes,2021,1944044.507,municipal_gdp,1944044.507
3159704,Santa Rosa da Serra - MG,37,Produto Interno Bruto a preços correntes,2021,102017.101,municipal_gdp,102017.101
3159803,Santa Vitória - MG,37,Produto Interno Bruto a preços correntes,2021,802576.263,municipal_gdp,802576.263
3159902,Santo Antônio do Amparo - MG,37,Produto Interno Bruto a preços correntes,2021,354377.976,municipal_gdp,354377.976
3160009,Santo Antônio do Aventureiro - MG,37,Produto Interno Bruto a preços correntes,2021,67888.308,municipal_gdp,67888.308
3160108,Santo Antônio do Grama - MG,37,Produto Interno Bruto a preços correntes,2021,85507.708,municipal_gdp,85507.708
3160207,Santo Antônio do Itambé - MG,37,Produto Interno Bruto a preços correntes,2021,44719.814,municipal_gdp,44719.814
3160306,Santo Antônio do Jacinto - MG,37,Produto Interno Bruto a preços correntes,2021,114521.804,municipal_gdp,114521.804
3160405,Santo Antônio do Monte - MG,37,Produto Interno Bruto a preços correntes,2021,842861.705,municipal_gdp,842861.705
3160454,Santo Antônio do Retiro - MG,37,Produto Interno Bruto a preços correntes,2021,70751.759,municipal_gdp,70751.759
3160504,Santo Antônio do Rio Abaixo - MG,37,Produto Interno Bruto a preços correntes,2021,28487.364,municipal_gdp,28487.364
3160603,Santo Hipólito - MG,37,Produto Interno Bruto a preços correntes,2021,50190.473,municipal_gdp,50190.473
3160702,Santos Dumont - MG,37,Produto Interno Bruto a preços correntes,2021,1101637.428,municipal_gdp,1101637.428
3160801,São Bento Abade - MG,37,Produto Interno Bruto a preços correntes,2021,89288.980,municipal_gdp,89288.98
3160900,São Brás do Suaçuí - MG,37,Produto Interno Bruto a preços correntes,2021,80485.097,municipal_gdp,80485.097
3160959,São Domingos das Dores - MG,37,Produto Interno Bruto a preços correntes,2021,91424.170,municipal_gdp,91424.17
3161007,São Domingos do Prata - MG,37,Produto Interno Bruto a preços correntes,2021,313454.213,municipal_gdp,313454.213
3161056,São Félix de Minas - MG,37,Produto Interno Bruto a preços correntes,2021,43890.239,municipal_gdp,43890.239
3161106,São Francisco - MG,37,Produto Interno Bruto a preços correntes,2021,648147.820,municipal_gdp,648147.82
3161205,São Francisco de Paula - MG,37,Produto Interno Bruto a preços correntes,2021,150493.084,municipal_gdp,150493.084
3161304,São Francisco de Sales - MG,37,Produto Interno Bruto a preços correntes,2021,193829.048,municipal_gdp,193829.048
3161403,São Francisco do Glória - MG,37,Produto Interno Bruto a preços correntes,2021,72558.566,municipal_gdp,72558.566
3161502,São Geraldo - MG,37,Produto Interno Bruto a preços correntes,2021,263232.564,municipal_gdp,263232.564
3161601,São Geraldo da Piedade - MG,37,Produto Interno Bruto a preços correntes,2021,44803.139,municipal_gdp,44803.139
3161650,São Geraldo do Baixio - MG,37,Produto Interno Bruto a preços correntes,2021,49928.102,municipal_gdp,49928.102
3161700,São Gonçalo do Abaeté - MG,37,Produto Interno Bruto a preços correntes,2021,325636.805,municipal_gdp,325636.805
3161809,São Gonçalo do Pará - MG,37,Produto Interno Bruto a preços correntes,2021,311146.881,municipal_gdp,311146.881
3161908,São Gonçalo do Rio Abaixo - MG,37,Produto Interno Bruto a preços correntes,2021,7603788.203,municipal_gdp,7603788.203
3162005,São Gonçalo do Sapucaí - MG,37,Produto Interno Bruto a preços correntes,2021,986478.332,municipal_gdp,986478.332
3162104,São Gotardo - MG,37,Produto Interno Bruto a preços correntes,2021,1189028.466,municipal_gdp,1189028.466
3162203,São João Batista do Glória - MG,37,Produto Interno Bruto a preços correntes,2021,268081.503,municipal_gdp,268081.503
3162252,São João da Lagoa - MG,37,Produto Interno Bruto a preços correntes,2021,60401.717,municipal_gdp,60401.717
3162302,São João da Mata - MG,37,Produto Interno Bruto a preços correntes,2021,55080.701,municipal_gdp,55080.701
3162401,São João da Ponte - MG,37,Produto Interno Bruto a preços correntes,2021,269275.132,municipal_gdp,269275.132
3162450,São João das Missões - MG,37,Produto Interno Bruto a preços correntes,2021,92410.154,municipal_gdp,92410.154
3162500,São João del Rei - MG,37,Produto Interno Bruto a preços correntes,2021,3003941.600,municipal_gdp,3003941.6
3162559,São João do Manhuaçu - MG,37,Produto Interno Bruto a preços correntes,2021,183076.429,municipal_gdp,183076.429
3162575,São João do Manteninha - MG,37,Produto Interno Bruto a preços correntes,2021,81209.524,municipal_gdp,81209.524
3162609,São João do Oriente - MG,37,Produto Interno Bruto a preços correntes,2021,101830.184,municipal_gdp,101830.184
3162658,São João do Pacuí - MG,37,Produto Interno Bruto a preços correntes,2021,44650.785,municipal_gdp,44650.785
3162708,São João do Paraíso - MG,37,Produto Interno Bruto a preços correntes,2021,285026.405,municipal_gdp,285026.405
3162807,São João Evangelista - MG,37,Produto Interno Bruto a preços correntes,2021,253189.474,municipal_gdp,253189.474
3162906,São João Nepomuceno - MG,37,Produto Interno Bruto a preços correntes,2021,506005.125,municipal_gdp,506005.125
3162922,São Joaquim de Bicas - MG,37,Produto Interno Bruto a preços correntes,2021,1083055.953,municipal_gdp,1083055.953
3162948,São José da Barra - MG,37,Produto Interno Bruto a preços correntes,2021,891414.149,municipal_gdp,891414.149
3162955,São José da Lapa - MG,37,Produto Interno Bruto a preços correntes,2021,624432.332,municipal_gdp,624432.332
3163003,São José da Safira - MG,37,Produto Interno Bruto a preços correntes,2021,49537.836,municipal_gdp,49537.836
3163102,São José da Varginha - MG,37,Produto Interno Bruto a preços correntes,2021,114569.087,municipal_gdp,114569.087
3163201,São José do Alegre - MG,37,Produto Interno Bruto a preços correntes,2021,57941.277,municipal_gdp,57941.277
3163300,São José do Divino - MG,37,Produto Interno Bruto a preços correntes,2021,53034.752,municipal_gdp,53034.752
3163409,São José do Goiabal - MG,37,Produto Interno Bruto a preços correntes,2021,67368.513,municipal_gdp,67368.513
3163508,São José do Jacuri - MG,37,Produto Interno Bruto a preços correntes,2021,99879.802,municipal_gdp,99879.802
3163607,São José do Mantimento - MG,37,Produto Interno Bruto a preços correntes,2021,44164.700,municipal_gdp,44164.7
3163706,São Lourenço - MG,37,Produto Interno Bruto a preços correntes,2021,1177794.992,municipal_gdp,1177794.992
3163805,São Miguel do Anta - MG,37,Produto Interno Bruto a preços correntes,2021,105060.082,municipal_gdp,105060.082
3163904,São Pedro da União - MG,37,Produto Interno Bruto a preços correntes,2021,148146.756,municipal_gdp,148146.756
3164001,São Pedro dos Ferros - MG,37,Produto Interno Bruto a preços correntes,2021,134364.400,municipal_gdp,134364.4
3164100,São Pedro do Suaçuí - MG,37,Produto Interno Bruto a preços correntes,2021,81768.753,municipal_gdp,81768.753
3164209,São Romão - MG,37,Produto Interno Bruto a preços correntes,2021,243070.340,municipal_gdp,243070.34
3164308,São Roque de Minas - MG,37,Produto Interno Bruto a preços correntes,2021,323179.269,municipal_gdp,323179.269
3164407,São Sebastião da Bela Vista - MG,37,Produto Interno Bruto a preços correntes,2021,442551.617,municipal_gdp,442551.617
3164431,São Sebastião da Vargem Alegre - MG,37,Produto Interno Bruto a preços correntes,2021,66795.985,municipal_gdp,66795.985
3164472,São Sebastião do Anta - MG,37,Produto Interno Bruto a preços correntes,2021,104236.016,municipal_gdp,104236.016
3164506,São Sebastião do Maranhão - MG,37,Produto Interno Bruto a preços correntes,2021,100804.467,municipal_gdp,100804.467
3164605,São Sebastião do Oeste - MG,37,Produto Interno Bruto a preços correntes,2021,596666.967,municipal_gdp,596666.967
3164704,São Sebastião do Paraíso - MG,37,Produto Interno Bruto a preços correntes,2021,2234340.970,municipal_gdp,2234340.97
3164803,São Sebastião do Rio Preto - MG,37,Produto Interno Bruto a preços correntes,2021,25964.834,municipal_gdp,25964.834
3164902,São Sebastião do Rio Verde - MG,37,Produto Interno Bruto a preços correntes,2021,35674.909,municipal_gdp,35674.909
3165008,São Tiago - MG,37,Produto Interno Bruto a preços correntes,2021,246013.098,municipal_gdp,246013.098
3165107,São Tomás de Aquino - MG,37,Produto Interno Bruto a preços correntes,2021,195195.791,municipal_gdp,195195.791
3165206,São Tomé das Letras - MG,37,Produto Interno Bruto a preços correntes,2021,137340.844,municipal_gdp,137340.844
3165305,São Vicente de Minas - MG,37,Produto Interno Bruto a preços correntes,2021,206079.557,municipal_gdp,206079.557
3165404,Sapucaí-Mirim - MG,37,Produto Interno Bruto a preços correntes,2021,110258.164,municipal_gdp,110258.164
3165503,Sardoá - MG,37,Produto Interno Bruto a preços correntes,2021,68811.222,municipal_gdp,68811.222
3165537,Sarzedo - MG,37,Produto Interno Bruto a preços correntes,2021,2190345.971,municipal_gdp,2190345.971
3165552,Setubinha - MG,37,Produto Interno Bruto a preços correntes,2021,122712.798,municipal_gdp,122712.798
3165560,Sem-Peixe - MG,37,Produto Interno Bruto a preços correntes,2021,36659.681,municipal_gdp,36659.681
3165578,Senador Amaral - MG,37,Produto Interno Bruto a preços correntes,2021,89403.684,municipal_gdp,89403.684
3165602,Senador Cortes - MG,37,Produto Interno Bruto a preços correntes,2021,38032.805,municipal_gdp,38032.805
3165701,Senador Firmino - MG,37,Produto Interno Bruto a preços correntes,2021,106704.397,municipal_gdp,106704.397
3165800,Senador José Bento - MG,37,Produto Interno Bruto a preços correntes,2021,35501.088,municipal_gdp,35501.088
3165909,Senador Modestino Gonçalves - MG,37,Produto Interno Bruto a preços correntes,2021,92203.567,municipal_gdp,92203.567
3166006,Senhora de Oliveira - MG,37,Produto Interno Bruto a preços correntes,2021,81065.132,municipal_gdp,81065.132
3166105,Senhora do Porto - MG,37,Produto Interno Bruto a preços correntes,2021,49707.906,municipal_gdp,49707.906
3166204,Senhora dos Remédios - MG,37,Produto Interno Bruto a preços correntes,2021,115730.758,municipal_gdp,115730.758
3166303,Sericita - MG,37,Produto Interno Bruto a preços correntes,2021,104954.255,municipal_gdp,104954.255
3166402,Seritinga - MG,37,Produto Interno Bruto a preços correntes,2021,45220.542,municipal_gdp,45220.542
3166501,Serra Azul de Minas - MG,37,Produto Interno Bruto a preços correntes,2021,45048.177,municipal_gdp,45048.177
3166600,Serra da Saudade - MG,37,Produto Interno Bruto a preços correntes,2021,21916.026,municipal_gdp,21916.026
3166709,Serra dos Aimorés - MG,37,Produto Interno Bruto a preços correntes,2021,93121.949,municipal_gdp,93121.949
3166808,Serra do Salitre - MG,37,Produto Interno Bruto a preços correntes,2021,983425.484,municipal_gdp,983425.484
3166907,Serrania - MG,37,Produto Interno Bruto a preços correntes,2021,161679.666,municipal_gdp,161679.666
3166956,Serranópolis de Minas - MG,37,Produto Interno Bruto a preços correntes,2021,47444.978,municipal_gdp,47444.978
3167004,Serranos - MG,37,Produto Interno Bruto a preços correntes,2021,38551.231,municipal_gdp,38551.231
3167103,Serro - MG,37,Produto Interno Bruto a preços correntes,2021,292377.507,municipal_gdp,292377.507
3167202,Sete Lagoas - MG,37,Produto Interno Bruto a preços correntes,2021,12655800.107,municipal_gdp,12655800.107
3167301,Silveirânia - MG,37,Produto Interno Bruto a preços correntes,2021,35130.650,municipal_gdp,35130.65
3167400,Silvianópolis - MG,37,Produto Interno Bruto a preços correntes,2021,141499.830,municipal_gdp,141499.83
3167509,Simão Pereira - MG,37,Produto Interno Bruto a preços correntes,2021,103932.604,municipal_gdp,103932.604
3167608,Simonésia - MG,37,Produto Interno Bruto a preços correntes,2021,285218.741,municipal_gdp,285218.741
3167707,Sobrália - MG,37,Produto Interno Bruto a preços correntes,2021,67350.421,municipal_gdp,67350.421
3167806,Soledade de Minas - MG,37,Produto Interno Bruto a preços correntes,2021,81837.055,municipal_gdp,81837.055
3167905,Tabuleiro - MG,37,Produto Interno Bruto a preços correntes,2021,65696.603,municipal_gdp,65696.603
3168002,Taiobeiras - MG,37,Produto Interno Bruto a preços correntes,2021,557220.600,municipal_gdp,557220.6
3168051,Taparuba - MG,37,Produto Interno Bruto a preços correntes,2021,49070.654,municipal_gdp,49070.654
3168101,Tapira - MG,37,Produto Interno Bruto a preços correntes,2021,688691.867,municipal_gdp,688691.867
3168200,Tapiraí - MG,37,Produto Interno Bruto a preços correntes,2021,56049.629,municipal_gdp,56049.629
3168309,Taquaraçu de Minas - MG,37,Produto Interno Bruto a preços correntes,2021,65922.909,municipal_gdp,65922.909
3168408,Tarumirim - MG,37,Produto Interno Bruto a preços correntes,2021,188289.065,municipal_gdp,188289.065
3168507,Teixeiras - MG,37,Produto Interno Bruto a preços correntes,2021,191264.350,municipal_gdp,191264.35
3168606,Teófilo Otoni - MG,37,Produto Interno Bruto a preços correntes,2021,2952019.650,municipal_gdp,2952019.65
3168705,Timóteo - MG,37,Produto Interno Bruto a preços correntes,2021,5609602.225,municipal_gdp,5609602.225
3168804,Tiradentes - MG,37,Produto Interno Bruto a preços correntes,2021,205615.225,municipal_gdp,205615.225
3168903,Tiros - MG,37,Produto Interno Bruto a preços correntes,2021,379852.300,municipal_gdp,379852.3
3169000,Tocantins - MG,37,Produto Interno Bruto a preços correntes,2021,349350.947,municipal_gdp,349350.947
3169059,Tocos do Moji - MG,37,Produto Interno Bruto a preços correntes,2021,70715.390,municipal_gdp,70715.39
3169109,Toledo - MG,37,Produto Interno Bruto a preços correntes,2021,107093.190,municipal_gdp,107093.19
3169208,Tombos - MG,37,Produto Interno Bruto a preços correntes,2021,130946.218,municipal_gdp,130946.218
3169307,Três Corações - MG,37,Produto Interno Bruto a preços correntes,2021,2958951.736,municipal_gdp,2958951.736
3169356,Três Marias - MG,37,Produto Interno Bruto a preços correntes,2021,3149734.427,municipal_gdp,3149734.427
3169406,Três Pontas - MG,37,Produto Interno Bruto a preços correntes,2021,1877754.237,municipal_gdp,1877754.237
3169505,Tumiritinga - MG,37,Produto Interno Bruto a preços correntes,2021,83257.787,municipal_gdp,83257.787
3169604,Tupaciguara - MG,37,Produto Interno Bruto a preços correntes,2021,946265.629,municipal_gdp,946265.629
3169703,Turmalina - MG,37,Produto Interno Bruto a preços correntes,2021,443537.432,municipal_gdp,443537.432
3169802,Turvolândia - MG,37,Produto Interno Bruto a preços correntes,2021,139822.548,municipal_gdp,139822.548
3169901,Ubá - MG,37,Produto Interno Bruto a preços correntes,2021,3557763.689,municipal_gdp,3557763.689
3170008,Ubaí - MG,37,Produto Interno Bruto a preços correntes,2021,117186.953,municipal_gdp,117186.953
3170057,Ubaporanga - MG,37,Produto Interno Bruto a preços correntes,2021,167976.020,municipal_gdp,167976.02
3170107,Uberaba - MG,37,Produto Interno Bruto a preços correntes,2021,20384264.564,municipal_gdp,20384264.564
3170206,Uberlândia - MG,37,Produto Interno Bruto a preços correntes,2021,43030884.689,municipal_gdp,43030884.689
3170305,Umburatiba - MG,37,Produto Interno Bruto a preços correntes,2021,44152.354,municipal_gdp,44152.354
3170404,Unaí - MG,37,Produto Interno Bruto a preços correntes,2021,4316723.443,municipal_gdp,4316723.443
3170438,União de Minas - MG,37,Produto Interno Bruto a preços correntes,2021,130399.803,municipal_gdp,130399.803
3170479,Uruana de Minas - MG,37,Produto Interno Bruto a preços correntes,2021,97089.356,municipal_gdp,97089.356
3170503,Urucânia - MG,37,Produto Interno Bruto a preços correntes,2021,239903.930,municipal_gdp,239903.93
3170529,Urucuia - MG,37,Produto Interno Bruto a preços correntes,2021,193217.875,municipal_gdp,193217.875
3170578,Vargem Alegre - MG,37,Produto Interno Bruto a preços correntes,2021,77359.483,municipal_gdp,77359.483
3170602,Vargem Bonita - MG,37,Produto Interno Bruto a preços correntes,2021,87623.596,municipal_gdp,87623.596
3170651,Vargem Grande do Rio Pardo - MG,37,Produto Interno Bruto a preços correntes,2021,68131.958,municipal_gdp,68131.958
3170701,Varginha - MG,37,Produto Interno Bruto a preços correntes,2021,8093503.912,municipal_gdp,8093503.912
3170750,Varjão de Minas - MG,37,Produto Interno Bruto a preços correntes,2021,316497.730,municipal_gdp,316497.73
3170800,Várzea da Palma - MG,37,Produto Interno Bruto a preços correntes,2021,1087380.297,municipal_gdp,1087380.297
3170909,Varzelândia - MG,37,Produto Interno Bruto a preços correntes,2021,187195.121,municipal_gdp,187195.121
3171006,Vazante - MG,37,Produto Interno Bruto a preços correntes,2021,1168799.631,municipal_gdp,1168799.631
3171030,Verdelândia - MG,37,Produto Interno Bruto a preços correntes,2021,115439.653,municipal_gdp,115439.653
3171071,Veredinha - MG,37,Produto Interno Bruto a preços correntes,2021,133099.679,municipal_gdp,133099.679
3171105,Veríssimo - MG,37,Produto Interno Bruto a preços correntes,2021,170415.753,municipal_gdp,170415.753
3171154,Vermelho Novo - MG,37,Produto Interno Bruto a preços correntes,2021,64212.469,municipal_gdp,64212.469
3171204,Vespasiano - MG,37,Produto Interno Bruto a preços correntes,2021,3019113.566,municipal_gdp,3019113.566
3171303,Viçosa - MG,37,Produto Interno Bruto a preços correntes,2021,1811350.039,municipal_gdp,1811350.039
3171402,Vieiras - MG,37,Produto Interno Bruto a preços correntes,2021,53435.529,municipal_gdp,53435.529
3171501,Mathias Lobato - MG,37,Produto Interno Bruto a preços correntes,2021,43983.398,municipal_gdp,43983.398
3171600,Virgem da Lapa - MG,37,Produto Interno Bruto a preços correntes,2021,131570.486,municipal_gdp,131570.486
3171709,Virgínia - MG,37,Produto Interno Bruto a preços correntes,2021,180395.822,municipal_gdp,180395.822
3171808,Virginópolis - MG,37,Produto Interno Bruto a preços correntes,2021,183971.884,municipal_gdp,183971.884
3171907,Virgolândia - MG,37,Produto Interno Bruto a preços correntes,2021,62673.430,municipal_gdp,62673.43
3172004,Visconde do Rio Branco - MG,37,Produto Interno Bruto a preços correntes,2021,1349239.473,municipal_gdp,1349239.473
3172103,Volta Grande - MG,37,Produto Interno Bruto a preços correntes,2021,139852.420,municipal_gdp,139852.42
3172202,Wenceslau Braz - MG,37,Produto Interno Bruto a preços correntes,2021,33069.628,municipal_gdp,33069.628
3200102,Afonso Cláudio - ES,37,Produto Interno Bruto a preços correntes,2021,569778.046,municipal_gdp,569778.046
3200136,Águia Branca - ES,37,Produto Interno Bruto a preços correntes,2021,246002.446,municipal_gdp,246002.446
3200169,Água Doce do Norte - ES,37,Produto Interno Bruto a preços correntes,2021,184399.688,municipal_gdp,184399.688
3200201,Alegre - ES,37,Produto Interno Bruto a preços correntes,2021,575149.145,municipal_gdp,575149.145
3200300,Alfredo Chaves - ES,37,Produto Interno Bruto a preços correntes,2021,457722.918,municipal_gdp,457722.918
3200359,Alto Rio Novo - ES,37,Produto Interno Bruto a preços correntes,2021,113032.919,municipal_gdp,113032.919
3200409,Anchieta - ES,37,Produto Interno Bruto a preços correntes,2021,5764186.103,municipal_gdp,5764186.103
3200508,Apiacá - ES,37,Produto Interno Bruto a preços correntes,2021,118191.414,municipal_gdp,118191.414
3200607,Aracruz - ES,37,Produto Interno Bruto a preços correntes,2021,5313108.839,municipal_gdp,5313108.839
3200706,Atílio Vivácqua - ES,37,Produto Interno Bruto a preços correntes,2021,360868.696,municipal_gdp,360868.696
3200805,Baixo Guandu - ES,37,Produto Interno Bruto a preços correntes,2021,928257.930,municipal_gdp,928257.93
3200904,Barra de São Francisco - ES,37,Produto Interno Bruto a preços correntes,2021,1164996.859,municipal_gdp,1164996.859
3201001,Boa Esperança - ES,37,Produto Interno Bruto a preços correntes,2021,271045.672,municipal_gdp,271045.672
3201100,Bom Jesus do Norte - ES,37,Produto Interno Bruto a preços correntes,2021,186829.835,municipal_gdp,186829.835
3201159,Brejetuba - ES,37,Produto Interno Bruto a preços correntes,2021,294748.857,municipal_gdp,294748.857
3201209,Cachoeiro de Itapemirim - ES,37,Produto Interno Bruto a preços correntes,2021,6146964.834,municipal_gdp,6146964.834
3201308,Cariacica - ES,37,Produto Interno Bruto a preços correntes,2021,13698898.983,municipal_gdp,13698898.983
3201407,Castelo - ES,37,Produto Interno Bruto a preços correntes,2021,1170583.934,municipal_gdp,1170583.934
3201506,Colatina - ES,37,Produto Interno Bruto a preços correntes,2021,4378290.192,municipal_gdp,4378290.192
3201605,Conceição da Barra - ES,37,Produto Interno Bruto a preços correntes,2021,607064.319,municipal_gdp,607064.319
3201704,Conceição do Castelo - ES,37,Produto Interno Bruto a preços correntes,2021,279074.054,municipal_gdp,279074.054
3201803,Divino de São Lourenço - ES,37,Produto Interno Bruto a preços correntes,2021,82577.364,municipal_gdp,82577.364
3201902,Domingos Martins - ES,37,Produto Interno Bruto a preços correntes,2021,957718.297,municipal_gdp,957718.297
3202009,Dores do Rio Preto - ES,37,Produto Interno Bruto a preços correntes,2021,159783.600,municipal_gdp,159783.6
3202108,Ecoporanga - ES,37,Produto Interno Bruto a preços correntes,2021,411088.445,municipal_gdp,411088.445
3202207,Fundão - ES,37,Produto Interno Bruto a preços correntes,2021,468483.499,municipal_gdp,468483.499
3202256,Governador Lindenberg - ES,37,Produto Interno Bruto a preços correntes,2021,334325.449,municipal_gdp,334325.449
3202306,Guaçuí - ES,37,Produto Interno Bruto a preços correntes,2021,612498.648,municipal_gdp,612498.648
3202405,Guarapari - ES,37,Produto Interno Bruto a preços correntes,2021,2537476.766,municipal_gdp,2537476.766
3202454,Ibatiba - ES,37,Produto Interno Bruto a preços correntes,2021,450082.553,municipal_gdp,450082.553
3202504,Ibiraçu - ES,37,Produto Interno Bruto a preços correntes,2021,289513.435,municipal_gdp,289513.435
3202553,Ibitirama - ES,37,Produto Interno Bruto a preços correntes,2021,171979.730,municipal_gdp,171979.73
3202603,Iconha - ES,37,Produto Interno Bruto a preços correntes,2021,314848.520,municipal_gdp,314848.52
3202652,Irupi - ES,37,Produto Interno Bruto a preços correntes,2021,236221.447,municipal_gdp,236221.447
3202702,Itaguaçu - ES,37,Produto Interno Bruto a preços correntes,2021,325863.566,municipal_gdp,325863.566
3202801,Itapemirim - ES,37,Produto Interno Bruto a preços correntes,2021,5744177.305,municipal_gdp,5744177.305
3202900,Itarana - ES,37,Produto Interno Bruto a preços correntes,2021,266024.672,municipal_gdp,266024.672
3203007,Iúna - ES,37,Produto Interno Bruto a preços correntes,2021,538441.533,municipal_gdp,538441.533
3203056,Jaguaré - ES,37,Produto Interno Bruto a preços correntes,2021,963633.340,municipal_gdp,963633.34
3203106,Jerônimo Monteiro - ES,37,Produto Interno Bruto a preços correntes,2021,172122.219,municipal_gdp,172122.219
3203130,João Neiva - ES,37,Produto Interno Bruto a preços correntes,2021,646256.710,municipal_gdp,646256.71
3203163,Laranja da Terra - ES,37,Produto Interno Bruto a preços correntes,2021,187685.628,municipal_gdp,187685.628
3203205,Linhares - ES,37,Produto Interno Bruto a preços correntes,2021,8036036.677,municipal_gdp,8036036.677
3203304,Mantenópolis - ES,37,Produto Interno Bruto a preços correntes,2021,203072.901,municipal_gdp,203072.901
3203320,Marataízes - ES,37,Produto Interno Bruto a preços correntes,2021,6659690.622,municipal_gdp,6659690.622
3203346,Marechal Floriano - ES,37,Produto Interno Bruto a preços correntes,2021,516899.514,municipal_gdp,516899.514
3203353,Marilândia - ES,37,Produto Interno Bruto a preços correntes,2021,312889.980,municipal_gdp,312889.98
3203403,Mimoso do Sul - ES,37,Produto Interno Bruto a preços correntes,2021,607403.058,municipal_gdp,607403.058
3203502,Montanha - ES,37,Produto Interno Bruto a preços correntes,2021,410502.145,municipal_gdp,410502.145
3203601,Mucurici - ES,37,Produto Interno Bruto a preços correntes,2021,96747.778,municipal_gdp,96747.778
3203700,Muniz Freire - ES,37,Produto Interno Bruto a preços correntes,2021,383337.009,municipal_gdp,383337.009
3203809,Muqui - ES,37,Produto Interno Bruto a preços correntes,2021,234317.944,municipal_gdp,234317.944
3203908,Nova Venécia - ES,37,Produto Interno Bruto a preços correntes,2021,1339628.557,municipal_gdp,1339628.557
3204005,Pancas - ES,37,Produto Interno Bruto a preços correntes,2021,358499.114,municipal_gdp,358499.114
3204054,Pedro Canário - ES,37,Produto Interno Bruto a preços correntes,2021,401434.566,municipal_gdp,401434.566
3204104,Pinheiros - ES,37,Produto Interno Bruto a preços correntes,2021,861688.770,municipal_gdp,861688.77
3204203,Piúma - ES,37,Produto Interno Bruto a preços correntes,2021,876047.630,municipal_gdp,876047.63
3204252,Ponto Belo - ES,37,Produto Interno Bruto a preços correntes,2021,107547.265,municipal_gdp,107547.265
3204302,Presidente Kennedy - ES,37,Produto Interno Bruto a preços correntes,2021,6811823.205,municipal_gdp,6811823.205
3204351,Rio Bananal - ES,37,Produto Interno Bruto a preços correntes,2021,525681.107,municipal_gdp,525681.107
3204401,Rio Novo do Sul - ES,37,Produto Interno Bruto a preços correntes,2021,229880.925,municipal_gdp,229880.925
3204500,Santa Leopoldina - ES,37,Produto Interno Bruto a preços correntes,2021,330157.047,municipal_gdp,330157.047
3204559,Santa Maria de Jetibá - ES,37,Produto Interno Bruto a preços correntes,2021,1631411.538,municipal_gdp,1631411.538
3204609,Santa Teresa - ES,37,Produto Interno Bruto a preços correntes,2021,577198.455,municipal_gdp,577198.455
3204658,São Domingos do Norte - ES,37,Produto Interno Bruto a preços correntes,2021,331338.381,municipal_gdp,331338.381
3204708,São Gabriel da Palha - ES,37,Produto Interno Bruto a preços correntes,2021,762077.910,municipal_gdp,762077.91
3204807,São José do Calçado - ES,37,Produto Interno Bruto a preços correntes,2021,203594.089,municipal_gdp,203594.089
3204906,São Mateus - ES,37,Produto Interno Bruto a preços correntes,2021,2947650.103,municipal_gdp,2947650.103
3204955,São Roque do Canaã - ES,37,Produto Interno Bruto a preços correntes,2021,228984.853,municipal_gdp,228984.853
3205002,Serra - ES,37,Produto Interno Bruto a preços correntes,2021,37279144.225,municipal_gdp,37279144.225
3205010,Sooretama - ES,37,Produto Interno Bruto a preços correntes,2021,667553.731,municipal_gdp,667553.731
3205036,Vargem Alta - ES,37,Produto Interno Bruto a preços correntes,2021,430103.260,municipal_gdp,430103.26
3205069,Venda Nova do Imigrante - ES,37,Produto Interno Bruto a preços correntes,2021,702150.382,municipal_gdp,702150.382
3205101,Viana - ES,37,Produto Interno Bruto a preços correntes,2021,4227430.220,municipal_gdp,4227430.22
3205150,Vila Pavão - ES,37,Produto Interno Bruto a preços correntes,2021,180641.332,municipal_gdp,180641.332
3205176,Vila Valério - ES,37,Produto Interno Bruto a preços correntes,2021,434063.613,municipal_gdp,434063.613
3205200,Vila Velha - ES,37,Produto Interno Bruto a preços correntes,2021,16305900.564,municipal_gdp,16305900.564
3205309,Vitória - ES,37,Produto Interno Bruto a preços correntes,2021,31423977.893,municipal_gdp,31423977.893
3300100,Angra dos Reis - RJ,37,Produto Interno Bruto a preços correntes,2021,11194156.559,municipal_gdp,11194156.559
3300159,Aperibé - RJ,37,Produto Interno Bruto a preços correntes,2021,249118.566,municipal_gdp,249118.566
3300209,Araruama - RJ,37,Produto Interno Bruto a preços correntes,2021,4234216.841,municipal_gdp,4234216.841
3300225,Areal - RJ,37,Produto Interno Bruto a preços correntes,2021,427436.369,municipal_gdp,427436.369
3300233,Armação dos Búzios - RJ,37,Produto Interno Bruto a preços correntes,2021,2970296.615,municipal_gdp,2970296.615
3300258,Arraial do Cabo - RJ,37,Produto Interno Bruto a preços correntes,2021,2705449.583,municipal_gdp,2705449.583
3300308,Barra do Piraí - RJ,37,Produto Interno Bruto a preços correntes,2021,2713889.710,municipal_gdp,2713889.71
3300407,Barra Mansa - RJ,37,Produto Interno Bruto a preços correntes,2021,6449269.604,municipal_gdp,6449269.604
3300456,Belford Roxo - RJ,37,Produto Interno Bruto a preços correntes,2021,8839736.389,municipal_gdp,8839736.389
3300506,Bom Jardim - RJ,37,Produto Interno Bruto a preços correntes,2021,887295.416,municipal_gdp,887295.416
3300605,Bom Jesus do Itabapoana - RJ,37,Produto Interno Bruto a preços correntes,2021,908156.381,municipal_gdp,908156.381
3300704,Cabo Frio - RJ,37,Produto Interno Bruto a preços correntes,2021,12359509.137,municipal_gdp,12359509.137
3300803,Cachoeiras de Macacu - RJ,37,Produto Interno Bruto a preços correntes,2021,1305498.488,municipal_gdp,1305498.488
3300902,Cambuci - RJ,37,Produto Interno Bruto a preços correntes,2021,399846.596,municipal_gdp,399846.596
3300936,Carapebus - RJ,37,Produto Interno Bruto a preços correntes,2021,726756.040,municipal_gdp,726756.04
3300951,Comendador Levy Gasparian - RJ,37,Produto Interno Bruto a preços correntes,2021,603969.248,municipal_gdp,603969.248
3301009,Campos dos Goytacazes - RJ,37,Produto Interno Bruto a preços correntes,2021,37179716.335,municipal_gdp,37179716.335
3301108,Cantagalo - RJ,37,Produto Interno Bruto a preços correntes,2021,841412.936,municipal_gdp,841412.936
3301157,Cardoso Moreira - RJ,37,Produto Interno Bruto a preços correntes,2021,395475.741,municipal_gdp,395475.741
3301207,Carmo - RJ,37,Produto Interno Bruto a preços correntes,2021,561273.169,municipal_gdp,561273.169
3301306,Casimiro de Abreu - RJ,37,Produto Interno Bruto a preços correntes,2021,2352144.561,municipal_gdp,2352144.561
3301405,Conceição de Macabu - RJ,37,Produto Interno Bruto a preços correntes,2021,434134.758,municipal_gdp,434134.758
3301504,Cordeiro - RJ,37,Produto Interno Bruto a preços correntes,2021,456167.744,municipal_gdp,456167.744
3301603,Duas Barras - RJ,37,Produto Interno Bruto a preços correntes,2021,249214.314,municipal_gdp,249214.314
3301702,Duque de Caxias - RJ,37,Produto Interno Bruto a preços correntes,2021,53136503.853,municipal_gdp,53136503.853
3301801,Engenheiro Paulo de Frontin - RJ,37,Produto Interno Bruto a preços correntes,2021,406734.577,municipal_gdp,406734.577
3301850,Guapimirim - RJ,37,Produto Interno Bruto a preços correntes,2021,1363991.779,municipal_gdp,1363991.779
3301876,Iguaba Grande - RJ,37,Produto Interno Bruto a preços correntes,2021,631392.527,municipal_gdp,631392.527
3301900,Itaboraí - RJ,37,Produto Interno Bruto a preços correntes,2021,5640678.050,municipal_gdp,5640678.05
3302007,Itaguaí - RJ,37,Produto Interno Bruto a preços correntes,2021,10502682.395,municipal_gdp,10502682.395
3302056,Italva - RJ,37,Produto Interno Bruto a preços correntes,2021,418758.834,municipal_gdp,418758.834
3302106,Itaocara - RJ,37,Produto Interno Bruto a preços correntes,2021,635888.195,municipal_gdp,635888.195
3302205,Itaperuna - RJ,37,Produto Interno Bruto a preços correntes,2021,3394940.342,municipal_gdp,3394940.342
3302254,Itatiaia - RJ,37,Produto Interno Bruto a preços correntes,2021,6893408.051,municipal_gdp,6893408.051
3302270,Japeri - RJ,37,Produto Interno Bruto a preços correntes,2021,1530183.077,municipal_gdp,1530183.077
3302304,Laje do Muriaé - RJ,37,Produto Interno Bruto a preços correntes,2021,184160.120,municipal_gdp,184160.12
3302403,Macaé - RJ,37,Produto Interno Bruto a preços correntes,2021,17746786.572,municipal_gdp,17746786.572
3302452,Macuco - RJ,37,Produto Interno Bruto a preços correntes,2021,214869.911,municipal_gdp,214869.911
3302502,Magé - RJ,37,Produto Interno Bruto a preços correntes,2021,4765780.915,municipal_gdp,4765780.915
3302601,Mangaratiba - RJ,37,Produto Interno Bruto a preços correntes,2021,3211861.002,municipal_gdp,3211861.002
3302700,Maricá - RJ,37,Produto Interno Bruto a preços correntes,2021,85814187.756,municipal_gdp,85814187.756
3302809,Mendes - RJ,37,Produto Interno Bruto a preços correntes,2021,357688.323,municipal_gdp,357688.323
3302858,Mesquita - RJ,37,Produto Interno Bruto a preços correntes,2021,2619211.853,municipal_gdp,2619211.853
3302908,Miguel Pereira - RJ,37,Produto Interno Bruto a preços correntes,2021,632497.683,municipal_gdp,632497.683
3303005,Miracema - RJ,37,Produto Interno Bruto a preços correntes,2021,662180.113,municipal_gdp,662180.113
3303104,Natividade - RJ,37,Produto Interno Bruto a preços correntes,2021,324260.528,municipal_gdp,324260.528
3303203,Nilópolis - RJ,37,Produto Interno Bruto a preços correntes,2021,3059458.706,municipal_gdp,3059458.706
3303302,Niterói - RJ,37,Produto Interno Bruto a preços correntes,2021,66345487.878,municipal_gdp,66345487.878
3303401,Nova Friburgo - RJ,37,Produto Interno Bruto a preços correntes,2021,6324876.969,municipal_gdp,6324876.969
3303500,Nova Iguaçu - RJ,37,Produto Interno Bruto a preços correntes,2021,17794451.520,municipal_gdp,17794451.52
3303609,Paracambi - RJ,37,Produto Interno Bruto a preços correntes,2021,1162874.727,municipal_gdp,1162874.727
3303708,Paraíba do Sul - RJ,37,Produto Interno Bruto a preços correntes,2021,1253016.761,municipal_gdp,1253016.761
3303807,Paraty - RJ,37,Produto Interno Bruto a preços correntes,2021,1955280.105,municipal_gdp,1955280.105
3303856,Paty do Alferes - RJ,37,Produto Interno Bruto a preços correntes,2021,684851.120,municipal_gdp,684851.12
3303906,Petrópolis - RJ,37,Produto Interno Bruto a preços correntes,2021,15665370.158,municipal_gdp,15665370.158
3303955,Pinheiral - RJ,37,Produto Interno Bruto a preços correntes,2021,1452638.311,municipal_gdp,1452638.311
3304003,Piraí - RJ,37,Produto Interno Bruto a preços correntes,2021,2449973.157,municipal_gdp,2449973.157
3304102,Porciúncula - RJ,37,Produto Interno Bruto a preços correntes,2021,415942.606,municipal_gdp,415942.606
3304110,Porto Real - RJ,37,Produto Interno Bruto a preços correntes,2021,4245725.384,municipal_gdp,4245725.384
3304128,Quatis - RJ,37,Produto Interno Bruto a preços correntes,2021,305010.131,municipal_gdp,305010.131
3304144,Queimados - RJ,37,Produto Interno Bruto a preços correntes,2021,4361683.666,municipal_gdp,4361683.666
3304151,Quissamã - RJ,37,Produto Interno Bruto a preços correntes,2021,5996886.398,municipal_gdp,5996886.398
3304201,Resende - RJ,37,Produto Interno Bruto a preços correntes,2021,10754357.172,municipal_gdp,10754357.172
3304300,Rio Bonito - RJ,37,Produto Interno Bruto a preços correntes,2021,1831391.413,municipal_gdp,1831391.413
3304409,Rio Claro - RJ,37,Produto Interno Bruto a preços correntes,2021,435959.322,municipal_gdp,435959.322
3304508,Rio das Flores - RJ,37,Produto Interno Bruto a preços correntes,2021,294383.587,municipal_gdp,294383.587
3304524,Rio das Ostras - RJ,37,Produto Interno Bruto a preços correntes,2021,8948996.273,municipal_gdp,8948996.273
3304557,Rio de Janeiro - RJ,37,Produto Interno Bruto a preços correntes,2021,359632647.656,municipal_gdp,359632647.656
3304607,Santa Maria Madalena - RJ,37,Produto Interno Bruto a preços correntes,2021,234575.115,municipal_gdp,234575.115
3304706,Santo Antônio de Pádua - RJ,37,Produto Interno Bruto a preços correntes,2021,1284632.206,municipal_gdp,1284632.206
3304755,São Francisco de Itabapoana - RJ,37,Produto Interno Bruto a preços correntes,2021,1184513.238,municipal_gdp,1184513.238
3304805,São Fidélis - RJ,37,Produto Interno Bruto a preços correntes,2021,845178.453,municipal_gdp,845178.453
3304904,São Gonçalo - RJ,37,Produto Interno Bruto a preços correntes,2021,20324752.154,municipal_gdp,20324752.154
3305000,São João da Barra - RJ,37,Produto Interno Bruto a preços correntes,2021,9886848.907,municipal_gdp,9886848.907
3305109,São João de Meriti - RJ,37,Produto Interno Bruto a preços correntes,2021,8963715.545,municipal_gdp,8963715.545
3305133,São José de Ubá - RJ,37,Produto Interno Bruto a preços correntes,2021,196857.495,municipal_gdp,196857.495
3305158,São José do Vale do Rio Preto - RJ,37,Produto Interno Bruto a preços correntes,2021,744333.908,municipal_gdp,744333.908
3305208,São Pedro da Aldeia - RJ,37,Produto Interno Bruto a preços correntes,2021,2743637.366,municipal_gdp,2743637.366
3305307,São Sebastião do Alto - RJ,37,Produto Interno Bruto a preços correntes,2021,241281.134,municipal_gdp,241281.134
3305406,Sapucaia - RJ,37,Produto Interno Bruto a preços correntes,2021,1000567.276,municipal_gdp,1000567.276
3305505,Saquarema - RJ,37,Produto Interno Bruto a preços correntes,2021,42178159.132,municipal_gdp,42178159.132
3305554,Seropédica - RJ,37,Produto Interno Bruto a preços correntes,2021,4777005.423,municipal_gdp,4777005.423
3305604,Silva Jardim - RJ,37,Produto Interno Bruto a preços correntes,2021,602627.267,municipal_gdp,602627.267
3305703,Sumidouro - RJ,37,Produto Interno Bruto a preços correntes,2021,600249.613,municipal_gdp,600249.613
3305752,Tanguá - RJ,37,Produto Interno Bruto a preços correntes,2021,694534.307,municipal_gdp,694534.307
3305802,Teresópolis - RJ,37,Produto Interno Bruto a preços correntes,2021,5923899.314,municipal_gdp,5923899.314
3305901,Trajano de Moraes - RJ,37,Produto Interno Bruto a preços correntes,2021,242013.252,municipal_gdp,242013.252
3306008,Três Rios - RJ,37,Produto Interno Bruto a preços correntes,2021,6348139.819,municipal_gdp,6348139.819
3306107,Valença - RJ,37,Produto Interno Bruto a preços correntes,2021,3122592.298,municipal_gdp,3122592.298
3306156,Varre-Sai - RJ,37,Produto Interno Bruto a preços correntes,2021,264148.878,municipal_gdp,264148.878
3306206,Vassouras - RJ,37,Produto Interno Bruto a preços correntes,2021,1321254.423,municipal_gdp,1321254.423
3306305,Volta Redonda - RJ,37,Produto Interno Bruto a preços correntes,2021,19671203.292,municipal_gdp,19671203.292
3500105,Adamantina - SP,37,Produto Interno Bruto a preços correntes,2021,1370865.929,municipal_gdp,1370865.929
3500204,Adolfo - SP,37,Produto Interno Bruto a preços correntes,2021,115489.988,municipal_gdp,115489.988
3500303,Aguaí - SP,37,Produto Interno Bruto a preços correntes,2021,1314737.257,municipal_gdp,1314737.257
3500402,Águas da Prata - SP,37,Produto Interno Bruto a preços correntes,2021,209003.992,municipal_gdp,209003.992
3500501,Águas de Lindóia - SP,37,Produto Interno Bruto a preços correntes,2021,585603.941,municipal_gdp,585603.941
3500550,Águas de Santa Bárbara - SP,37,Produto Interno Bruto a preços correntes,2021,217295.581,municipal_gdp,217295.581
3500600,Águas de São Pedro - SP,37,Produto Interno Bruto a preços correntes,2021,147855.135,municipal_gdp,147855.135
3500709,Agudos - SP,37,Produto Interno Bruto a preços correntes,2021,2638622.611,municipal_gdp,2638622.611
3500758,Alambari - SP,37,Produto Interno Bruto a preços correntes,2021,129389.561,municipal_gdp,129389.561
3500808,Alfredo Marcondes - SP,37,Produto Interno Bruto a preços correntes,2021,120354.905,municipal_gdp,120354.905
3500907,Altair - SP,37,Produto Interno Bruto a preços correntes,2021,112274.385,municipal_gdp,112274.385
3501004,Altinópolis - SP,37,Produto Interno Bruto a preços correntes,2021,833396.279,municipal_gdp,833396.279
3501103,Alto Alegre - SP,37,Produto Interno Bruto a preços correntes,2021,113584.879,municipal_gdp,113584.879
3501152,Alumínio - SP,37,Produto Interno Bruto a preços correntes,2021,3982313.077,municipal_gdp,3982313.077
3501202,Álvares Florence - SP,37,Produto Interno Bruto a preços correntes,2021,124350.991,municipal_gdp,124350.991
3501301,Álvares Machado - SP,37,Produto Interno Bruto a preços correntes,2021,709875.985,municipal_gdp,709875.985
3501400,Álvaro de Carvalho - SP,37,Produto Interno Bruto a preços correntes,2021,58586.473,municipal_gdp,58586.473
3501509,Alvinlândia - SP,37,Produto Interno Bruto a preços correntes,2021,58404.989,municipal_gdp,58404.989
3501608,Americana - SP,37,Produto Interno Bruto a preços correntes,2021,15217279.783,municipal_gdp,15217279.783
3501707,Américo Brasiliense - SP,37,Produto Interno Bruto a preços correntes,2021,1230443.649,municipal_gdp,1230443.649
3501806,Américo de Campos - SP,37,Produto Interno Bruto a preços correntes,2021,126802.294,municipal_gdp,126802.294
3501905,Amparo - SP,37,Produto Interno Bruto a preços correntes,2021,5152155.514,municipal_gdp,5152155.514
3502002,Analândia - SP,37,Produto Interno Bruto a preços correntes,2021,208314.004,municipal_gdp,208314.004
3502101,Andradina - SP,37,Produto Interno Bruto a preços correntes,2021,2845285.223,municipal_gdp,2845285.223
3502200,Angatuba - SP,37,Produto Interno Bruto a preços correntes,2021,1474152.000,municipal_gdp,1474152.0
3502309,Anhembi - SP,37,Produto Interno Bruto a preços correntes,2021,169558.184,municipal_gdp,169558.184
3502408,Anhumas - SP,37,Produto Interno Bruto a preços correntes,2021,105620.787,municipal_gdp,105620.787
3502507,Aparecida - SP,37,Produto Interno Bruto a preços correntes,2021,1041067.256,municipal_gdp,1041067.256
3502606,Aparecida d'Oeste - SP,37,Produto Interno Bruto a preços correntes,2021,151539.639,municipal_gdp,151539.639
3502705,Apiaí - SP,37,Produto Interno Bruto a preços correntes,2021,897712.778,municipal_gdp,897712.778
3502754,Araçariguama - SP,37,Produto Interno Bruto a preços correntes,2021,4814503.906,municipal_gdp,4814503.906
3502804,Araçatuba - SP,37,Produto Interno Bruto a preços correntes,2021,9017953.471,municipal_gdp,9017953.471
3502903,Araçoiaba da Serra - SP,37,Produto Interno Bruto a preços correntes,2021,1205883.673,municipal_gdp,1205883.673
3503000,Aramina - SP,37,Produto Interno Bruto a preços correntes,2021,150276.697,municipal_gdp,150276.697
3503109,Arandu - SP,37,Produto Interno Bruto a preços correntes,2021,194817.975,municipal_gdp,194817.975
3503158,Arapeí - SP,37,Produto Interno Bruto a preços correntes,2021,45568.033,municipal_gdp,45568.033
3503208,Araraquara - SP,37,Produto Interno Bruto a preços correntes,2021,11953237.471,municipal_gdp,11953237.471
3503307,Araras - SP,37,Produto Interno Bruto a preços correntes,2021,6942567.272,municipal_gdp,6942567.272
3503356,Arco-Íris - SP,37,Produto Interno Bruto a preços correntes,2021,62095.903,municipal_gdp,62095.903
3503406,Arealva - SP,37,Produto Interno Bruto a preços correntes,2021,227079.326,municipal_gdp,227079.326
3503505,Areias - SP,37,Produto Interno Bruto a preços correntes,2021,58113.412,municipal_gdp,58113.412
3503604,Areiópolis - SP,37,Produto Interno Bruto a preços correntes,2021,163060.489,municipal_gdp,163060.489
3503703,Ariranha - SP,37,Produto Interno Bruto a preços correntes,2021,1136911.240,municipal_gdp,1136911.24
3503802,Artur Nogueira - SP,37,Produto Interno Bruto a preços correntes,2021,1721737.239,municipal_gdp,1721737.239
3503901,Arujá - SP,37,Produto Interno Bruto a preços correntes,2021,8293370.162,municipal_gdp,8293370.162
3503950,Aspásia - SP,37,Produto Interno Bruto a preços correntes,2021,39545.858,municipal_gdp,39545.858
3504008,Assis - SP,37,Produto Interno Bruto a preços correntes,2021,4082515.789,municipal_gdp,4082515.789
3504107,Atibaia - SP,37,Produto Interno Bruto a preços correntes,2021,8361032.444,municipal_gdp,8361032.444
3504206,Auriflama - SP,37,Produto Interno Bruto a preços correntes,2021,358543.955,municipal_gdp,358543.955
3504305,Avaí - SP,37,Produto Interno Bruto a preços correntes,2021,376093.832,municipal_gdp,376093.832
3504404,Avanhandava - SP,37,Produto Interno Bruto a preços correntes,2021,199389.023,municipal_gdp,199389.023
3504503,Avaré - SP,37,Produto Interno Bruto a preços correntes,2021,3278921.999,municipal_gdp,3278921.999
3504602,Bady Bassitt - SP,37,Produto Interno Bruto a preços correntes,2021,551848.518,municipal_gdp,551848.518
3504701,Balbinos - SP,37,Produto Interno Bruto a preços correntes,2021,65400.429,municipal_gdp,65400.429
3504800,Bálsamo - SP,37,Produto Interno Bruto a preços correntes,2021,278641.735,municipal_gdp,278641.735
3504909,Bananal - SP,37,Produto Interno Bruto a preços correntes,2021,216018.384,municipal_gdp,216018.384
3505005,Barão de Antonina - SP,37,Produto Interno Bruto a preços correntes,2021,74956.416,municipal_gdp,74956.416
3505104,Barbosa - SP,37,Produto Interno Bruto a preços correntes,2021,109124.812,municipal_gdp,109124.812
3505203,Bariri - SP,37,Produto Interno Bruto a preços correntes,2021,1623405.551,municipal_gdp,1623405.551
3505302,Barra Bonita - SP,37,Produto Interno Bruto a preços correntes,2021,1515652.893,municipal_gdp,1515652.893
3505351,Barra do Chapéu - SP,37,Produto Interno Bruto a preços correntes,2021,133738.024,municipal_gdp,133738.024
3505401,Barra do Turvo - SP,37,Produto Interno Bruto a preços correntes,2021,125820.885,municipal_gdp,125820.885
3505500,Barretos - SP,37,Produto Interno Bruto a preços correntes,2021,5903515.961,municipal_gdp,5903515.961
3505609,Barrinha - SP,37,Produto Interno Bruto a preços correntes,2021,624816.297,municipal_gdp,624816.297
3505708,Barueri - SP,37,Produto Interno Bruto a preços correntes,2021,58027666.618,municipal_gdp,58027666.618
3505807,Bastos - SP,37,Produto Interno Bruto a preços correntes,2021,1067216.916,municipal_gdp,1067216.916
3505906,Batatais - SP,37,Produto Interno Bruto a preços correntes,2021,2416802.575,municipal_gdp,2416802.575
3506003,Bauru - SP,37,Produto Interno Bruto a preços correntes,2021,16721368.423,municipal_gdp,16721368.423
3506102,Bebedouro - SP,37,Produto Interno Bruto a preços correntes,2021,4080484.537,municipal_gdp,4080484.537
3506201,Bento de Abreu - SP,37,Produto Interno Bruto a preços correntes,2021,210459.776,municipal_gdp,210459.776
3506300,Bernardino de Campos - SP,37,Produto Interno Bruto a preços correntes,2021,377950.244,municipal_gdp,377950.244
3506359,Bertioga - SP,37,Produto Interno Bruto a preços correntes,2021,2067677.070,municipal_gdp,2067677.07
3506409,Bilac - SP,37,Produto Interno Bruto a preços correntes,2021,292576.746,municipal_gdp,292576.746
3506508,Birigui - SP,37,Produto Interno Bruto a preços correntes,2021,3947388.396,municipal_gdp,3947388.396
3506607,Biritiba Mirim - SP,37,Produto Interno Bruto a preços correntes,2021,971015.868,municipal_gdp,971015.868
3506706,Boa Esperança do Sul - SP,37,Produto Interno Bruto a preços correntes,2021,380753.261,municipal_gdp,380753.261
3506805,Bocaina - SP,37,Produto Interno Bruto a preços correntes,2021,281963.936,municipal_gdp,281963.936
3506904,Bofete - SP,37,Produto Interno Bruto a preços correntes,2021,212434.109,municipal_gdp,212434.109
3507001,Boituva - SP,37,Produto Interno Bruto a preços correntes,2021,3393228.685,municipal_gdp,3393228.685
3507100,Bom Jesus dos Perdões - SP,37,Produto Interno Bruto a preços correntes,2021,1463036.180,municipal_gdp,1463036.18
3507159,Bom Sucesso de Itararé - SP,37,Produto Interno Bruto a preços correntes,2021,63856.520,municipal_gdp,63856.52
3507209,Borá - SP,37,Produto Interno Bruto a preços correntes,2021,74195.054,municipal_gdp,74195.054
3507308,Boracéia - SP,37,Produto Interno Bruto a preços correntes,2021,519153.445,municipal_gdp,519153.445
3507407,Borborema - SP,37,Produto Interno Bruto a preços correntes,2021,518182.236,municipal_gdp,518182.236
3507456,Borebi - SP,37,Produto Interno Bruto a preços correntes,2021,73943.332,municipal_gdp,73943.332
3507506,Botucatu - SP,37,Produto Interno Bruto a preços correntes,2021,5979359.062,municipal_gdp,5979359.062
3507605,Bragança Paulista - SP,37,Produto Interno Bruto a preços correntes,2021,7954300.053,municipal_gdp,7954300.053
3507704,Braúna - SP,37,Produto Interno Bruto a preços correntes,2021,120686.813,municipal_gdp,120686.813
3507753,Brejo Alegre - SP,37,Produto Interno Bruto a preços correntes,2021,75675.127,municipal_gdp,75675.127
3507803,Brodowski - SP,37,Produto Interno Bruto a preços correntes,2021,894830.751,municipal_gdp,894830.751
3507902,Brotas - SP,37,Produto Interno Bruto a preços correntes,2021,1123986.566,municipal_gdp,1123986.566
3508009,Buri - SP,37,Produto Interno Bruto a preços correntes,2021,684130.186,municipal_gdp,684130.186
3508108,Buritama - SP,37,Produto Interno Bruto a preços correntes,2021,627565.183,municipal_gdp,627565.183
3508207,Buritizal - SP,37,Produto Interno Bruto a preços correntes,2021,244488.126,municipal_gdp,244488.126
3508306,Cabrália Paulista - SP,37,Produto Interno Bruto a preços correntes,2021,102881.808,municipal_gdp,102881.808
3508405,Cabreúva - SP,37,Produto Interno Bruto a preços correntes,2021,5961333.424,municipal_gdp,5961333.424
3508504,Caçapava - SP,37,Produto Interno Bruto a preços correntes,2021,5214553.271,municipal_gdp,5214553.271
3508603,Cachoeira Paulista - SP,37,Produto Interno Bruto a preços correntes,2021,673632.424,municipal_gdp,673632.424
3508702,Caconde - SP,37,Produto Interno Bruto a preços correntes,2021,574394.938,municipal_gdp,574394.938
3508801,Cafelândia - SP,37,Produto Interno Bruto a preços correntes,2021,682544.490,municipal_gdp,682544.49
3508900,Caiabu - SP,37,Produto Interno Bruto a preços correntes,2021,69806.400,municipal_gdp,69806.4
3509007,Caieiras - SP,37,Produto Interno Bruto a preços correntes,2021,4858858.148,municipal_gdp,4858858.148
3509106,Caiuá - SP,37,Produto Interno Bruto a preços correntes,2021,96254.924,municipal_gdp,96254.924
3509205,Cajamar - SP,37,Produto Interno Bruto a preços correntes,2021,22713160.274,municipal_gdp,22713160.274
3509254,Cajati - SP,37,Produto Interno Bruto a preços correntes,2021,1755226.467,municipal_gdp,1755226.467
3509304,Cajobi - SP,37,Produto Interno Bruto a preços correntes,2021,170916.324,municipal_gdp,170916.324
3509403,Cajuru - SP,37,Produto Interno Bruto a preços correntes,2021,761749.163,municipal_gdp,761749.163
3509452,Campina do Monte Alegre - SP,37,Produto Interno Bruto a preços correntes,2021,151086.917,municipal_gdp,151086.917
3509502,Campinas - SP,37,Produto Interno Bruto a preços correntes,2021,72946910.167,municipal_gdp,72946910.167
3509601,Campo Limpo Paulista - SP,37,Produto Interno Bruto a preços correntes,2021,2530950.088,municipal_gdp,2530950.088
3509700,Campos do Jordão - SP,37,Produto Interno Bruto a preços correntes,2021,1449808.277,municipal_gdp,1449808.277
3509809,Campos Novos Paulista - SP,37,Produto Interno Bruto a preços correntes,2021,194705.131,municipal_gdp,194705.131
3509908,Cananéia - SP,37,Produto Interno Bruto a preços correntes,2021,264410.437,municipal_gdp,264410.437
3509957,Canas - SP,37,Produto Interno Bruto a preços correntes,2021,130060.455,municipal_gdp,130060.455
3510005,Cândido Mota - SP,37,Produto Interno Bruto a preços correntes,2021,1518347.017,municipal_gdp,1518347.017
3510104,Cândido Rodrigues - SP,37,Produto Interno Bruto a preços correntes,2021,107107.735,municipal_gdp,107107.735
3510153,Canitar - SP,37,Produto Interno Bruto a preços correntes,2021,164318.829,municipal_gdp,164318.829
3510203,Capão Bonito - SP,37,Produto Interno Bruto a preços correntes,2021,1269097.445,municipal_gdp,1269097.445
3510302,Capela do Alto - SP,37,Produto Interno Bruto a preços correntes,2021,392353.724,municipal_gdp,392353.724
3510401,Capivari - SP,37,Produto Interno Bruto a preços correntes,2021,2990809.569,municipal_gdp,2990809.569
3510500,Caraguatatuba - SP,37,Produto Interno Bruto a preços correntes,2021,4532235.511,municipal_gdp,4532235.511
3510609,Carapicuíba - SP,37,Produto Interno Bruto a preços correntes,2021,6854705.734,municipal_gdp,6854705.734
3510708,Cardoso - SP,37,Produto Interno Bruto a preços correntes,2021,321119.823,municipal_gdp,321119.823
3510807,Casa Branca - SP,37,Produto Interno Bruto a preços correntes,2021,1179141.595,municipal_gdp,1179141.595
3510906,Cássia dos Coqueiros - SP,37,Produto Interno Bruto a preços correntes,2021,293111.124,municipal_gdp,293111.124
3511003,Castilho - SP,37,Produto Interno Bruto a preços correntes,2021,1388287.047,municipal_gdp,1388287.047
3511102,Catanduva - SP,37,Produto Interno Bruto a preços correntes,2021,5218361.311,municipal_gdp,5218361.311
3511201,Catiguá - SP,37,Produto Interno Bruto a preços correntes,2021,152901.809,municipal_gdp,152901.809
3511300,Cedral - SP,37,Produto Interno Bruto a preços correntes,2021,533104.147,municipal_gdp,533104.147
3511409,Cerqueira César - SP,37,Produto Interno Bruto a preços correntes,2021,956913.985,municipal_gdp,956913.985
3511508,Cerquilho - SP,37,Produto Interno Bruto a preços correntes,2021,2343905.897,municipal_gdp,2343905.897
3511607,Cesário Lange - SP,37,Produto Interno Bruto a preços correntes,2021,740569.082,municipal_gdp,740569.082
3511706,Charqueada - SP,37,Produto Interno Bruto a preços correntes,2021,515122.578,municipal_gdp,515122.578
3511904,Clementina - SP,37,Produto Interno Bruto a preços correntes,2021,186410.592,municipal_gdp,186410.592
3512001,Colina - SP,37,Produto Interno Bruto a preços correntes,2021,1541673.004,municipal_gdp,1541673.004
3512100,Colômbia - SP,37,Produto Interno Bruto a preços correntes,2021,373218.645,municipal_gdp,373218.645
3512209,Conchal - SP,37,Produto Interno Bruto a preços correntes,2021,859274.273,municipal_gdp,859274.273
3512308,Conchas - SP,37,Produto Interno Bruto a preços correntes,2021,432993.289,municipal_gdp,432993.289
3512407,Cordeirópolis - SP,37,Produto Interno Bruto a preços correntes,2021,4107826.495,municipal_gdp,4107826.495
3512506,Coroados - SP,37,Produto Interno Bruto a preços correntes,2021,218777.214,municipal_gdp,218777.214
3512605,Coronel Macedo - SP,37,Produto Interno Bruto a preços correntes,2021,141157.631,municipal_gdp,141157.631
3512704,Corumbataí - SP,37,Produto Interno Bruto a preços correntes,2021,345025.593,municipal_gdp,345025.593
3512803,Cosmópolis - SP,37,Produto Interno Bruto a preços correntes,2021,2109639.730,municipal_gdp,2109639.73
3512902,Cosmorama - SP,37,Produto Interno Bruto a preços correntes,2021,506809.049,municipal_gdp,506809.049
3513009,Cotia - SP,37,Produto Interno Bruto a preços correntes,2021,16114164.611,municipal_gdp,16114164.611
3513108,Cravinhos - SP,37,Produto Interno Bruto a preços correntes,2021,1753136.873,municipal_gdp,1753136.873
3513207,Cristais Paulista - SP,37,Produto Interno Bruto a preços correntes,2021,346565.911,municipal_gdp,346565.911
3513306,Cruzália - SP,37,Produto Interno Bruto a preços correntes,2021,137663.972,municipal_gdp,137663.972
3513405,Cruzeiro - SP,37,Produto Interno Bruto a preços correntes,2021,3182372.784,municipal_gdp,3182372.784
3513504,Cubatão - SP,37,Produto Interno Bruto a preços correntes,2021,21946471.662,municipal_gdp,21946471.662
3513603,Cunha - SP,37,Produto Interno Bruto a preços correntes,2021,326362.259,municipal_gdp,326362.259
3513702,Descalvado - SP,37,Produto Interno Bruto a preços correntes,2021,2081161.879,municipal_gdp,2081161.879
3513801,Diadema - SP,37,Produto Interno Bruto a preços correntes,2021,18484355.533,municipal_gdp,18484355.533
3513850,Dirce Reis - SP,37,Produto Interno Bruto a preços correntes,2021,69826.774,municipal_gdp,69826.774
3513900,Divinolândia - SP,37,Produto Interno Bruto a preços correntes,2021,491457.375,municipal_gdp,491457.375
3514007,Dobrada - SP,37,Produto Interno Bruto a preços correntes,2021,138926.575,municipal_gdp,138926.575
3514106,Dois Córregos - SP,37,Produto Interno Bruto a preços correntes,2021,835299.134,municipal_gdp,835299.134
3514205,Dolcinópolis - SP,37,Produto Interno Bruto a preços correntes,2021,58946.794,municipal_gdp,58946.794
3514304,Dourado - SP,37,Produto Interno Bruto a preços correntes,2021,802299.144,municipal_gdp,802299.144
3514403,Dracena - SP,37,Produto Interno Bruto a preços correntes,2021,1444977.941,municipal_gdp,1444977.941
3514502,Duartina - SP,37,Produto Interno Bruto a preços correntes,2021,252625.675,municipal_gdp,252625.675
3514601,Dumont - SP,37,Produto Interno Bruto a preços correntes,2021,342331.605,municipal_gdp,342331.605
3514700,Echaporã - SP,37,Produto Interno Bruto a preços correntes,2021,152431.541,municipal_gdp,152431.541
3514809,Eldorado - SP,37,Produto Interno Bruto a preços correntes,2021,329349.074,municipal_gdp,329349.074
3514908,Elias Fausto - SP,37,Produto Interno Bruto a preços correntes,2021,1004655.097,municipal_gdp,1004655.097
3514924,Elisiário - SP,37,Produto Interno Bruto a preços correntes,2021,76050.806,municipal_gdp,76050.806
3514957,Embaúba - SP,37,Produto Interno Bruto a preços correntes,2021,57200.220,municipal_gdp,57200.22
3515004,Embu das Artes - SP,37,Produto Interno Bruto a preços correntes,2021,14314753.758,municipal_gdp,14314753.758
3515103,Embu-Guaçu - SP,37,Produto Interno Bruto a preços correntes,2021,1456125.367,municipal_gdp,1456125.367
3515129,Emilianópolis - SP,37,Produto Interno Bruto a preços correntes,2021,79174.834,municipal_gdp,79174.834
3515152,Engenheiro Coelho - SP,37,Produto Interno Bruto a preços correntes,2021,661053.173,municipal_gdp,661053.173
3515186,Espírito Santo do Pinhal - SP,37,Produto Interno Bruto a preços correntes,2021,2065823.762,municipal_gdp,2065823.762
3515194,Espírito Santo do Turvo - SP,37,Produto Interno Bruto a preços correntes,2021,91772.493,municipal_gdp,91772.493
3515202,Estrela d'Oeste - SP,37,Produto Interno Bruto a preços correntes,2021,753257.368,municipal_gdp,753257.368
3515301,Estrela do Norte - SP,37,Produto Interno Bruto a preços correntes,2021,62446.432,municipal_gdp,62446.432
3515350,Euclides da Cunha Paulista - SP,37,Produto Interno Bruto a preços correntes,2021,136498.422,municipal_gdp,136498.422
3515400,Fartura - SP,37,Produto Interno Bruto a preços correntes,2021,473712.304,municipal_gdp,473712.304
3515509,Fernandópolis - SP,37,Produto Interno Bruto a preços correntes,2021,2468766.330,municipal_gdp,2468766.33
3515608,Fernando Prestes - SP,37,Produto Interno Bruto a preços correntes,2021,205593.634,municipal_gdp,205593.634
3515657,Fernão - SP,37,Produto Interno Bruto a preços correntes,2021,80954.108,municipal_gdp,80954.108
3515707,Ferraz de Vasconcelos - SP,37,Produto Interno Bruto a preços correntes,2021,4740673.305,municipal_gdp,4740673.305
3515806,Flora Rica - SP,37,Produto Interno Bruto a preços correntes,2021,42156.144,municipal_gdp,42156.144
3515905,Floreal - SP,37,Produto Interno Bruto a preços correntes,2021,81886.090,municipal_gdp,81886.09
3516002,Flórida Paulista - SP,37,Produto Interno Bruto a preços correntes,2021,264841.457,municipal_gdp,264841.457
3516101,Florínea - SP,37,Produto Interno Bruto a preços correntes,2021,171948.578,municipal_gdp,171948.578
3516200,Franca - SP,37,Produto Interno Bruto a preços correntes,2021,11276086.013,municipal_gdp,11276086.013
3516309,Francisco Morato - SP,37,Produto Interno Bruto a preços correntes,2021,1872466.812,municipal_gdp,1872466.812
3516408,Franco da Rocha - SP,37,Produto Interno Bruto a preços correntes,2021,4297870.725,municipal_gdp,4297870.725
3516507,Gabriel Monteiro - SP,37,Produto Interno Bruto a preços correntes,2021,93704.899,municipal_gdp,93704.899
3516606,Gália - SP,37,Produto Interno Bruto a preços correntes,2021,172719.377,municipal_gdp,172719.377
3516705,Garça - SP,37,Produto Interno Bruto a preços correntes,2021,1725227.785,municipal_gdp,1725227.785
3516804,Gastão Vidigal - SP,37,Produto Interno Bruto a preços correntes,2021,85828.068,municipal_gdp,85828.068
3516853,Gavião Peixoto - SP,37,Produto Interno Bruto a preços correntes,2021,1184185.051,municipal_gdp,1184185.051
3516903,General Salgado - SP,37,Produto Interno Bruto a preços correntes,2021,275099.291,municipal_gdp,275099.291
3517000,Getulina - SP,37,Produto Interno Bruto a preços correntes,2021,215987.576,municipal_gdp,215987.576
3517109,Glicério - SP,37,Produto Interno Bruto a preços correntes,2021,125314.106,municipal_gdp,125314.106
3517208,Guaiçara - SP,37,Produto Interno Bruto a preços correntes,2021,232240.952,municipal_gdp,232240.952
3517307,Guaimbê - SP,37,Produto Interno Bruto a preços correntes,2021,442961.861,municipal_gdp,442961.861
3517406,Guaíra - SP,37,Produto Interno Bruto a preços correntes,2021,2704845.256,municipal_gdp,2704845.256
3517505,Guapiaçu - SP,37,Produto Interno Bruto a preços correntes,2021,896415.279,municipal_gdp,896415.279
3517604,Guapiara - SP,37,Produto Interno Bruto a preços correntes,2021,439111.528,municipal_gdp,439111.528
3517703,Guará - SP,37,Produto Interno Bruto a preços correntes,2021,618205.494,municipal_gdp,618205.494
3517802,Guaraçaí - SP,37,Produto Interno Bruto a preços correntes,2021,326571.664,municipal_gdp,326571.664
3517901,Guaraci - SP,37,Produto Interno Bruto a preços correntes,2021,375452.790,municipal_gdp,375452.79
3518008,Guarani d'Oeste - SP,37,Produto Interno Bruto a preços correntes,2021,37039.506,municipal_gdp,37039.506
3518107,Guarantã - SP,37,Produto Interno Bruto a preços correntes,2021,196318.761,municipal_gdp,196318.761
3518206,Guararapes - SP,37,Produto Interno Bruto a preços correntes,2021,1199677.625,municipal_gdp,1199677.625
3518305,Guararema - SP,37,Produto Interno Bruto a preços correntes,2021,1546741.266,municipal_gdp,1546741.266
3518404,Guaratinguetá - SP,37,Produto Interno Bruto a preços correntes,2021,7877882.192,municipal_gdp,7877882.192
3518503,Guareí - SP,37,Produto Interno Bruto a preços correntes,2021,313680.631,municipal_gdp,313680.631
3518602,Guariba - SP,37,Produto Interno Bruto a preços correntes,2021,1135133.627,municipal_gdp,1135133.627
3518701,Guarujá - SP,37,Produto Interno Bruto a preços correntes,2021,10494252.383,municipal_gdp,10494252.383
3518800,Guarulhos - SP,37,Produto Interno Bruto a preços correntes,2021,77376425.117,municipal_gdp,77376425.117
3518859,Guatapará - SP,37,Produto Interno Bruto a preços correntes,2021,245363.012,municipal_gdp,245363.012
3518909,Guzolândia - SP,37,Produto Interno Bruto a preços correntes,2021,93585.019,municipal_gdp,93585.019
3519006,Herculândia - SP,37,Produto Interno Bruto a preços correntes,2021,355955.455,municipal_gdp,355955.455
3519055,Holambra - SP,37,Produto Interno Bruto a preços correntes,2021,1463401.405,municipal_gdp,1463401.405
3519071,Hortolândia - SP,37,Produto Interno Bruto a preços correntes,2021,18377821.724,municipal_gdp,18377821.724
3519105,Iacanga - SP,37,Produto Interno Bruto a preços correntes,2021,658009.942,municipal_gdp,658009.942
3519204,Iacri - SP,37,Produto Interno Bruto a preços correntes,2021,316795.432,municipal_gdp,316795.432
3519253,Iaras - SP,37,Produto Interno Bruto a preços correntes,2021,168922.260,municipal_gdp,168922.26
3519303,Ibaté - SP,37,Produto Interno Bruto a preços correntes,2021,1159253.485,municipal_gdp,1159253.485
3519402,Ibirá - SP,37,Produto Interno Bruto a preços correntes,2021,318126.274,municipal_gdp,318126.274
3519501,Ibirarema - SP,37,Produto Interno Bruto a preços correntes,2021,244614.399,municipal_gdp,244614.399
3519600,Ibitinga - SP,37,Produto Interno Bruto a preços correntes,2021,1965222.526,municipal_gdp,1965222.526
3519709,Ibiúna - SP,37,Produto Interno Bruto a preços correntes,2021,2370585.551,municipal_gdp,2370585.551
3519808,Icém - SP,37,Produto Interno Bruto a preços correntes,2021,209289.094,municipal_gdp,209289.094
3519907,Iepê - SP,37,Produto Interno Bruto a preços correntes,2021,434355.825,municipal_gdp,434355.825
3520004,Igaraçu do Tietê - SP,37,Produto Interno Bruto a preços correntes,2021,381184.503,municipal_gdp,381184.503
3520103,Igarapava - SP,37,Produto Interno Bruto a preços correntes,2021,1299637.242,municipal_gdp,1299637.242
3520202,Igaratá - SP,37,Produto Interno Bruto a preços correntes,2021,240165.471,municipal_gdp,240165.471
3520301,Iguape - SP,37,Produto Interno Bruto a preços correntes,2021,1588620.440,municipal_gdp,1588620.44
3520400,Ilhabela - SP,37,Produto Interno Bruto a preços correntes,2021,13956618.262,municipal_gdp,13956618.262
3520426,Ilha Comprida - SP,37,Produto Interno Bruto a preços correntes,2021,1363561.107,municipal_gdp,1363561.107
3520442,Ilha Solteira - SP,37,Produto Interno Bruto a preços correntes,2021,706074.949,municipal_gdp,706074.949
3520509,Indaiatuba - SP,37,Produto Interno Bruto a preços correntes,2021,22817116.886,municipal_gdp,22817116.886
3520608,Indiana - SP,37,Produto Interno Bruto a preços correntes,2021,86968.231,municipal_gdp,86968.231
3520707,Indiaporã - SP,37,Produto Interno Bruto a preços correntes,2021,111102.983,municipal_gdp,111102.983
3520806,Inúbia Paulista - SP,37,Produto Interno Bruto a preços correntes,2021,136680.861,municipal_gdp,136680.861
3520905,Ipaussu - SP,37,Produto Interno Bruto a preços correntes,2021,499098.585,municipal_gdp,499098.585
3521002,Iperó - SP,37,Produto Interno Bruto a preços correntes,2021,969693.824,municipal_gdp,969693.824
3521101,Ipeúna - SP,37,Produto Interno Bruto a preços correntes,2021,947911.795,municipal_gdp,947911.795
3521150,Ipiguá - SP,37,Produto Interno Bruto a preços correntes,2021,124258.756,municipal_gdp,124258.756
3521200,Iporanga - SP,37,Produto Interno Bruto a preços correntes,2021,63459.365,municipal_gdp,63459.365
3521309,Ipuã - SP,37,Produto Interno Bruto a preços correntes,2021,442715.064,municipal_gdp,442715.064
3521408,Iracemápolis - SP,37,Produto Interno Bruto a preços correntes,2021,2127925.258,municipal_gdp,2127925.258
3521507,Irapuã - SP,37,Produto Interno Bruto a preços correntes,2021,186223.417,municipal_gdp,186223.417
3521606,Irapuru - SP,37,Produto Interno Bruto a preços correntes,2021,109595.224,municipal_gdp,109595.224
3521705,Itaberá - SP,37,Produto Interno Bruto a preços correntes,2021,1016119.036,municipal_gdp,1016119.036
3521804,Itaí - SP,37,Produto Interno Bruto a preços correntes,2021,924896.722,municipal_gdp,924896.722
3521903,Itajobi - SP,37,Produto Interno Bruto a preços correntes,2021,935219.794,municipal_gdp,935219.794
3522000,Itaju - SP,37,Produto Interno Bruto a preços correntes,2021,232256.500,municipal_gdp,232256.5
3522109,Itanhaém - SP,37,Produto Interno Bruto a preços correntes,2021,2369274.752,municipal_gdp,2369274.752
3522158,Itaoca - SP,37,Produto Interno Bruto a preços correntes,2021,53345.253,municipal_gdp,53345.253
3522208,Itapecerica da Serra - SP,37,Produto Interno Bruto a preços correntes,2021,4909298.748,municipal_gdp,4909298.748
3522307,Itapetininga - SP,37,Produto Interno Bruto a preços correntes,2021,6359722.596,municipal_gdp,6359722.596
3522406,Itapeva - SP,37,Produto Interno Bruto a preços correntes,2021,3788992.478,municipal_gdp,3788992.478
3522505,Itapevi - SP,37,Produto Interno Bruto a preços correntes,2021,12854995.018,municipal_gdp,12854995.018
3522604,Itapira - SP,37,Produto Interno Bruto a preços correntes,2021,4756331.426,municipal_gdp,4756331.426
3522653,Itapirapuã Paulista - SP,37,Produto Interno Bruto a preços correntes,2021,52590.208,municipal_gdp,52590.208
3522703,Itápolis - SP,37,Produto Interno Bruto a preços correntes,2021,1630819.908,municipal_gdp,1630819.908
3522802,Itaporanga - SP,37,Produto Interno Bruto a preços correntes,2021,305514.254,municipal_gdp,305514.254
3522901,Itapuí - SP,37,Produto Interno Bruto a preços correntes,2021,1003728.987,municipal_gdp,1003728.987
3523008,Itapura - SP,37,Produto Interno Bruto a preços correntes,2021,104627.589,municipal_gdp,104627.589
3523107,Itaquaquecetuba - SP,37,Produto Interno Bruto a preços correntes,2021,9519617.706,municipal_gdp,9519617.706
3523206,Itararé - SP,37,Produto Interno Bruto a preços correntes,2021,1182424.012,municipal_gdp,1182424.012
3523305,Itariri - SP,37,Produto Interno Bruto a preços correntes,2021,438980.463,municipal_gdp,438980.463
3523404,Itatiba - SP,37,Produto Interno Bruto a preços correntes,2021,8245497.584,municipal_gdp,8245497.584
3523503,Itatinga - SP,37,Produto Interno Bruto a preços correntes,2021,396659.517,municipal_gdp,396659.517
3523602,Itirapina - SP,37,Produto Interno Bruto a preços correntes,2021,1273183.850,municipal_gdp,1273183.85
3523701,Itirapuã - SP,37,Produto Interno Bruto a preços correntes,2021,161834.767,municipal_gdp,161834.767
3523800,Itobi - SP,37,Produto Interno Bruto a preços correntes,2021,198366.051,municipal_gdp,198366.051
3523909,Itu - SP,37,Produto Interno Bruto a preços correntes,2021,10540812.918,municipal_gdp,10540812.918
3524006,Itupeva - SP,37,Produto Interno Bruto a preços correntes,2021,8423278.988,municipal_gdp,8423278.988
3524105,Ituverava - SP,37,Produto Interno Bruto a preços correntes,2021,1907193.117,municipal_gdp,1907193.117
3524204,Jaborandi - SP,37,Produto Interno Bruto a preços correntes,2021,153277.993,municipal_gdp,153277.993
3524303,Jaboticabal - SP,37,Produto Interno Bruto a preços correntes,2021,3601183.190,municipal_gdp,3601183.19
3524402,Jacareí - SP,37,Produto Interno Bruto a preços correntes,2021,16080493.543,municipal_gdp,16080493.543
3524501,Jaci - SP,37,Produto Interno Bruto a preços correntes,2021,676808.092,municipal_gdp,676808.092
3524600,Jacupiranga - SP,37,Produto Interno Bruto a preços correntes,2021,531089.163,municipal_gdp,531089.163
3524709,Jaguariúna - SP,37,Produto Interno Bruto a preços correntes,2021,13981301.517,municipal_gdp,13981301.517
3524808,Jales - SP,37,Produto Interno Bruto a preços correntes,2021,1982125.374,municipal_gdp,1982125.374
3524907,Jambeiro - SP,37,Produto Interno Bruto a preços correntes,2021,352904.037,municipal_gdp,352904.037
3525003,Jandira - SP,37,Produto Interno Bruto a preços correntes,2021,4908360.238,municipal_gdp,4908360.238
3525102,Jardinópolis - SP,37,Produto Interno Bruto a preços correntes,2021,1580760.481,municipal_gdp,1580760.481
3525201,Jarinu - SP,37,Produto Interno Bruto a preços correntes,2021,2997399.556,municipal_gdp,2997399.556
3525300,Jaú - SP,37,Produto Interno Bruto a preços correntes,2021,5582394.761,municipal_gdp,5582394.761
3525409,Jeriquara - SP,37,Produto Interno Bruto a preços correntes,2021,168937.393,municipal_gdp,168937.393
3525508,Joanópolis - SP,37,Produto Interno Bruto a preços correntes,2021,261557.616,municipal_gdp,261557.616
3525607,João Ramalho - SP,37,Produto Interno Bruto a preços correntes,2021,148675.330,municipal_gdp,148675.33
3525706,José Bonifácio - SP,37,Produto Interno Bruto a preços correntes,2021,1381751.014,municipal_gdp,1381751.014
3525805,Júlio Mesquita - SP,37,Produto Interno Bruto a preços correntes,2021,58842.947,municipal_gdp,58842.947
3525854,Jumirim - SP,37,Produto Interno Bruto a preços correntes,2021,213999.554,municipal_gdp,213999.554
3525904,Jundiaí - SP,37,Produto Interno Bruto a preços correntes,2021,57670892.685,municipal_gdp,57670892.685
3526001,Junqueirópolis - SP,37,Produto Interno Bruto a preços correntes,2021,807879.163,municipal_gdp,807879.163
3526100,Juquiá - SP,37,Produto Interno Bruto a preços correntes,2021,366459.396,municipal_gdp,366459.396
3526209,Juquitiba - SP,37,Produto Interno Bruto a preços correntes,2021,573997.220,municipal_gdp,573997.22
3526308,Lagoinha - SP,37,Produto Interno Bruto a preços correntes,2021,73967.039,municipal_gdp,73967.039
3526407,Laranjal Paulista - SP,37,Produto Interno Bruto a preços correntes,2021,1411101.003,municipal_gdp,1411101.003
3526506,Lavínia - SP,37,Produto Interno Bruto a preços correntes,2021,184895.988,municipal_gdp,184895.988
3526605,Lavrinhas - SP,37,Produto Interno Bruto a preços correntes,2021,133317.098,municipal_gdp,133317.098
3526704,Leme - SP,37,Produto Interno Bruto a preços correntes,2021,4101866.544,municipal_gdp,4101866.544
3526803,Lençóis Paulista - SP,37,Produto Interno Bruto a preços correntes,2021,4924228.119,municipal_gdp,4924228.119
3526902,Limeira - SP,37,Produto Interno Bruto a preços correntes,2021,16060738.811,municipal_gdp,16060738.811
3527009,Lindóia - SP,37,Produto Interno Bruto a preços correntes,2021,246178.779,municipal_gdp,246178.779
3527108,Lins - SP,37,Produto Interno Bruto a preços correntes,2021,6763890.055,municipal_gdp,6763890.055
3527207,Lorena - SP,37,Produto Interno Bruto a preços correntes,2021,3876663.467,municipal_gdp,3876663.467
3527256,Lourdes - SP,37,Produto Interno Bruto a preços correntes,2021,43489.176,municipal_gdp,43489.176
3527306,Louveira - SP,37,Produto Interno Bruto a preços correntes,2021,19677150.590,municipal_gdp,19677150.59
3527405,Lucélia - SP,37,Produto Interno Bruto a preços correntes,2021,584271.282,municipal_gdp,584271.282
3527504,Lucianópolis - SP,37,Produto Interno Bruto a preços correntes,2021,70465.375,municipal_gdp,70465.375
3527603,Luís Antônio - SP,37,Produto Interno Bruto a preços correntes,2021,1556606.521,municipal_gdp,1556606.521
3527702,Luiziânia - SP,37,Produto Interno Bruto a preços correntes,2021,93808.712,municipal_gdp,93808.712
3527801,Lupércio - SP,37,Produto Interno Bruto a preços correntes,2021,98336.886,municipal_gdp,98336.886
3527900,Lutécia - SP,37,Produto Interno Bruto a preços correntes,2021,101173.117,municipal_gdp,101173.117
3528007,Macatuba - SP,37,Produto Interno Bruto a preços correntes,2021,643782.915,municipal_gdp,643782.915
3528106,Macaubal - SP,37,Produto Interno Bruto a preços correntes,2021,196951.791,municipal_gdp,196951.791
3528205,Macedônia - SP,37,Produto Interno Bruto a preços correntes,2021,90930.779,municipal_gdp,90930.779
3528304,Magda - SP,37,Produto Interno Bruto a preços correntes,2021,104128.024,municipal_gdp,104128.024
3528403,Mairinque - SP,37,Produto Interno Bruto a preços correntes,2021,2695115.819,municipal_gdp,2695115.819
3528502,Mairiporã - SP,37,Produto Interno Bruto a preços correntes,2021,2288091.621,municipal_gdp,2288091.621
3528601,Manduri - SP,37,Produto Interno Bruto a preços correntes,2021,291908.192,municipal_gdp,291908.192
3528700,Marabá Paulista - SP,37,Produto Interno Bruto a preços correntes,2021,157010.990,municipal_gdp,157010.99
3528809,Maracaí - SP,37,Produto Interno Bruto a preços correntes,2021,517397.816,municipal_gdp,517397.816
3528858,Marapoama - SP,37,Produto Interno Bruto a preços correntes,2021,119694.406,municipal_gdp,119694.406
3528908,Mariápolis - SP,37,Produto Interno Bruto a preços correntes,2021,76481.673,municipal_gdp,76481.673
3529005,Marília - SP,37,Produto Interno Bruto a preços correntes,2021,9756006.261,municipal_gdp,9756006.261
3529104,Marinópolis - SP,37,Produto Interno Bruto a preços correntes,2021,40066.938,municipal_gdp,40066.938
3529203,Martinópolis - SP,37,Produto Interno Bruto a preços correntes,2021,754950.447,municipal_gdp,754950.447
3529302,Matão - SP,37,Produto Interno Bruto a preços correntes,2021,5356571.323,municipal_gdp,5356571.323
3529401,Mauá - SP,37,Produto Interno Bruto a preços correntes,2021,20776212.745,municipal_gdp,20776212.745
3529500,Mendonça - SP,37,Produto Interno Bruto a preços correntes,2021,374784.785,municipal_gdp,374784.785
3529609,Meridiano - SP,37,Produto Interno Bruto a preços correntes,2021,393842.471,municipal_gdp,393842.471
3529658,Mesópolis - SP,37,Produto Interno Bruto a preços correntes,2021,81615.128,municipal_gdp,81615.128
3529708,Miguelópolis - SP,37,Produto Interno Bruto a preços correntes,2021,1016136.928,municipal_gdp,1016136.928
3529807,Mineiros do Tietê - SP,37,Produto Interno Bruto a preços correntes,2021,226257.409,municipal_gdp,226257.409
3529906,Miracatu - SP,37,Produto Interno Bruto a preços correntes,2021,456953.057,municipal_gdp,456953.057
3530003,Mira Estrela - SP,37,Produto Interno Bruto a preços correntes,2021,70361.627,municipal_gdp,70361.627
3530102,Mirandópolis - SP,37,Produto Interno Bruto a preços correntes,2021,738742.240,municipal_gdp,738742.24
3530201,Mirante do Paranapanema - SP,37,Produto Interno Bruto a preços correntes,2021,606917.474,municipal_gdp,606917.474
3530300,Mirassol - SP,37,Produto Interno Bruto a preços correntes,2021,2660334.032,municipal_gdp,2660334.032
3530409,Mirassolândia - SP,37,Produto Interno Bruto a preços correntes,2021,213294.971,municipal_gdp,213294.971
3530508,Mococa - SP,37,Produto Interno Bruto a preços correntes,2021,3043691.898,municipal_gdp,3043691.898
3530607,Mogi das Cruzes - SP,37,Produto Interno Bruto a preços correntes,2021,19604517.461,municipal_gdp,19604517.461
3530706,Mogi Guaçu - SP,37,Produto Interno Bruto a preços correntes,2021,6865386.209,municipal_gdp,6865386.209
3530805,Mogi Mirim - SP,37,Produto Interno Bruto a preços correntes,2021,6313563.842,municipal_gdp,6313563.842
3530904,Mombuca - SP,37,Produto Interno Bruto a preços correntes,2021,124517.473,municipal_gdp,124517.473
3531001,Monções - SP,37,Produto Interno Bruto a preços correntes,2021,58262.056,municipal_gdp,58262.056
3531100,Mongaguá - SP,37,Produto Interno Bruto a preços correntes,2021,1254605.285,municipal_gdp,1254605.285
3531209,Monte Alegre do Sul - SP,37,Produto Interno Bruto a preços correntes,2021,252217.893,municipal_gdp,252217.893
3531308,Monte Alto - SP,37,Produto Interno Bruto a preços correntes,2021,2435240.075,municipal_gdp,2435240.075
3531407,Monte Aprazível - SP,37,Produto Interno Bruto a preços correntes,2021,766600.054,municipal_gdp,766600.054
3531506,Monte Azul Paulista - SP,37,Produto Interno Bruto a preços correntes,2021,639162.497,municipal_gdp,639162.497
3531605,Monte Castelo - SP,37,Produto Interno Bruto a preços correntes,2021,128087.826,municipal_gdp,128087.826
3531704,Monteiro Lobato - SP,37,Produto Interno Bruto a preços correntes,2021,83030.469,municipal_gdp,83030.469
3531803,Monte Mor - SP,37,Produto Interno Bruto a preços correntes,2021,4317763.585,municipal_gdp,4317763.585
3531902,Morro Agudo - SP,37,Produto Interno Bruto a preços correntes,2021,1225918.089,municipal_gdp,1225918.089
3532009,Morungaba - SP,37,Produto Interno Bruto a preços correntes,2021,633323.989,municipal_gdp,633323.989
3532058,Motuca - SP,37,Produto Interno Bruto a preços correntes,2021,120695.871,municipal_gdp,120695.871
3532108,Murutinga do Sul - SP,37,Produto Interno Bruto a preços correntes,2021,88027.071,municipal_gdp,88027.071
3532157,Nantes - SP,37,Produto Interno Bruto a preços correntes,2021,142300.887,municipal_gdp,142300.887
3532207,Narandiba - SP,37,Produto Interno Bruto a preços correntes,2021,639075.516,municipal_gdp,639075.516
3532306,Natividade da Serra - SP,37,Produto Interno Bruto a preços correntes,2021,93391.138,municipal_gdp,93391.138
3532405,Nazaré Paulista - SP,37,Produto Interno Bruto a preços correntes,2021,465370.933,municipal_gdp,465370.933
3532504,Neves Paulista - SP,37,Produto Interno Bruto a preços correntes,2021,276247.695,municipal_gdp,276247.695
3532603,Nhandeara - SP,37,Produto Interno Bruto a preços correntes,2021,367776.641,municipal_gdp,367776.641
3532702,Nipoã - SP,37,Produto Interno Bruto a preços correntes,2021,95891.822,municipal_gdp,95891.822
3532801,Nova Aliança - SP,37,Produto Interno Bruto a preços correntes,2021,325932.690,municipal_gdp,325932.69
3532827,Nova Campina - SP,37,Produto Interno Bruto a preços correntes,2021,221079.280,municipal_gdp,221079.28
3532843,Nova Canaã Paulista - SP,37,Produto Interno Bruto a preços correntes,2021,46304.606,municipal_gdp,46304.606
3532868,Nova Castilho - SP,37,Produto Interno Bruto a preços correntes,2021,60664.975,municipal_gdp,60664.975
3532900,Nova Europa - SP,37,Produto Interno Bruto a preços correntes,2021,377460.822,municipal_gdp,377460.822
3533007,Nova Granada - SP,37,Produto Interno Bruto a preços correntes,2021,512828.707,municipal_gdp,512828.707
3533106,Nova Guataporanga - SP,37,Produto Interno Bruto a preços correntes,2021,36774.792,municipal_gdp,36774.792
3533205,Nova Independência - SP,37,Produto Interno Bruto a preços correntes,2021,213154.675,municipal_gdp,213154.675
3533254,Novais - SP,37,Produto Interno Bruto a preços correntes,2021,78660.446,municipal_gdp,78660.446
3533304,Nova Luzitânia - SP,37,Produto Interno Bruto a preços correntes,2021,60213.767,municipal_gdp,60213.767
3533403,Nova Odessa - SP,37,Produto Interno Bruto a preços correntes,2021,4020494.254,municipal_gdp,4020494.254
3533502,Novo Horizonte - SP,37,Produto Interno Bruto a preços correntes,2021,1585955.121,municipal_gdp,1585955.121
3533601,Nuporanga - SP,37,Produto Interno Bruto a preços correntes,2021,868091.613,municipal_gdp,868091.613
3533700,Ocauçu - SP,37,Produto Interno Bruto a preços correntes,2021,141366.238,municipal_gdp,141366.238
3533809,Óleo - SP,37,Produto Interno Bruto a preços correntes,2021,128271.549,municipal_gdp,128271.549
3533908,Olímpia - SP,37,Produto Interno Bruto a preços correntes,2021,2551144.674,municipal_gdp,2551144.674
3534005,Onda Verde - SP,37,Produto Interno Bruto a preços correntes,2021,205635.802,municipal_gdp,205635.802
3534104,Oriente - SP,37,Produto Interno Bruto a preços correntes,2021,129763.028,municipal_gdp,129763.028
3534203,Orindiúva - SP,37,Produto Interno Bruto a preços correntes,2021,640841.175,municipal_gdp,640841.175
3534302,Orlândia - SP,37,Produto Interno Bruto a preços correntes,2021,2579406.068,municipal_gdp,2579406.068
3534401,Osasco - SP,37,Produto Interno Bruto a preços correntes,2021,86111259.991,municipal_gdp,86111259.991
3534500,Oscar Bressane - SP,37,Produto Interno Bruto a preços correntes,2021,112881.755,municipal_gdp,112881.755
3534609,Osvaldo Cruz - SP,37,Produto Interno Bruto a preços correntes,2021,1087489.589,municipal_gdp,1087489.589
3534708,Ourinhos - SP,37,Produto Interno Bruto a preços correntes,2021,3961570.958,municipal_gdp,3961570.958
3534757,Ouroeste - SP,37,Produto Interno Bruto a preços correntes,2021,548740.254,municipal_gdp,548740.254
3534807,Ouro Verde - SP,37,Produto Interno Bruto a preços correntes,2021,134985.780,municipal_gdp,134985.78
3534906,Pacaembu - SP,37,Produto Interno Bruto a preços correntes,2021,217694.932,municipal_gdp,217694.932
3535002,Palestina - SP,37,Produto Interno Bruto a preços correntes,2021,420419.963,municipal_gdp,420419.963
3535101,Palmares Paulista - SP,37,Produto Interno Bruto a preços correntes,2021,136418.658,municipal_gdp,136418.658
3535200,Palmeira d'Oeste - SP,37,Produto Interno Bruto a preços correntes,2021,215050.397,municipal_gdp,215050.397
3535309,Palmital - SP,37,Produto Interno Bruto a preços correntes,2021,900626.568,municipal_gdp,900626.568
3535408,Panorama - SP,37,Produto Interno Bruto a preços correntes,2021,317825.589,municipal_gdp,317825.589
3535507,Paraguaçu Paulista - SP,37,Produto Interno Bruto a preços correntes,2021,1801748.006,municipal_gdp,1801748.006
3535606,Paraibuna - SP,37,Produto Interno Bruto a preços correntes,2021,352397.922,municipal_gdp,352397.922
3535705,Paraíso - SP,37,Produto Interno Bruto a preços correntes,2021,275312.652,municipal_gdp,275312.652
3535804,Paranapanema - SP,37,Produto Interno Bruto a preços correntes,2021,945145.306,municipal_gdp,945145.306
3535903,Paranapuã - SP,37,Produto Interno Bruto a preços correntes,2021,133064.949,municipal_gdp,133064.949
3536000,Parapuã - SP,37,Produto Interno Bruto a preços correntes,2021,741785.799,municipal_gdp,741785.799
3536109,Pardinho - SP,37,Produto Interno Bruto a preços correntes,2021,368270.938,municipal_gdp,368270.938
3536208,Pariquera-Açu - SP,37,Produto Interno Bruto a preços correntes,2021,586023.644,municipal_gdp,586023.644
3536257,Parisi - SP,37,Produto Interno Bruto a preços correntes,2021,53619.890,municipal_gdp,53619.89
3536307,Patrocínio Paulista - SP,37,Produto Interno Bruto a preços correntes,2021,1360808.588,municipal_gdp,1360808.588
3536406,Paulicéia - SP,37,Produto Interno Bruto a preços correntes,2021,200144.750,municipal_gdp,200144.75
3536505,Paulínia - SP,37,Produto Interno Bruto a preços correntes,2021,52389436.509,municipal_gdp,52389436.509
3536570,Paulistânia - SP,37,Produto Interno Bruto a preços correntes,2021,48636.690,municipal_gdp,48636.69
3536604,Paulo de Faria - SP,37,Produto Interno Bruto a preços correntes,2021,269674.996,municipal_gdp,269674.996
3536703,Pederneiras - SP,37,Produto Interno Bruto a preços correntes,2021,3066260.985,municipal_gdp,3066260.985
3536802,Pedra Bela - SP,37,Produto Interno Bruto a preços correntes,2021,118076.036,municipal_gdp,118076.036
3536901,Pedranópolis - SP,37,Produto Interno Bruto a preços correntes,2021,79886.711,municipal_gdp,79886.711
3537008,Pedregulho - SP,37,Produto Interno Bruto a preços correntes,2021,1731363.803,municipal_gdp,1731363.803
3537107,Pedreira - SP,37,Produto Interno Bruto a preços correntes,2021,1502007.810,municipal_gdp,1502007.81
3537156,Pedrinhas Paulista - SP,37,Produto Interno Bruto a preços correntes,2021,176652.401,municipal_gdp,176652.401
3537206,Pedro de Toledo - SP,37,Produto Interno Bruto a preços correntes,2021,178608.884,municipal_gdp,178608.884
3537305,Penápolis - SP,37,Produto Interno Bruto a preços correntes,2021,2082458.291,municipal_gdp,2082458.291
3537404,Pereira Barreto - SP,37,Produto Interno Bruto a preços correntes,2021,1087485.494,municipal_gdp,1087485.494
3537503,Pereiras - SP,37,Produto Interno Bruto a preços correntes,2021,317964.199,municipal_gdp,317964.199
3537602,Peruíbe - SP,37,Produto Interno Bruto a preços correntes,2021,1966247.303,municipal_gdp,1966247.303
3537701,Piacatu - SP,37,Produto Interno Bruto a preços correntes,2021,119024.810,municipal_gdp,119024.81
3537800,Piedade - SP,37,Produto Interno Bruto a preços correntes,2021,1597083.415,municipal_gdp,1597083.415
3537909,Pilar do Sul - SP,37,Produto Interno Bruto a preços correntes,2021,1276179.945,municipal_gdp,1276179.945
3538006,Pindamonhangaba - SP,37,Produto Interno Bruto a preços correntes,2021,13742498.486,municipal_gdp,13742498.486
3538105,Pindorama - SP,37,Produto Interno Bruto a preços correntes,2021,498800.901,municipal_gdp,498800.901
3538204,Pinhalzinho - SP,37,Produto Interno Bruto a preços correntes,2021,314651.306,municipal_gdp,314651.306
3538303,Piquerobi - SP,37,Produto Interno Bruto a preços correntes,2021,67093.357,municipal_gdp,67093.357
3538501,Piquete - SP,37,Produto Interno Bruto a preços correntes,2021,197854.114,municipal_gdp,197854.114
3538600,Piracaia - SP,37,Produto Interno Bruto a preços correntes,2021,661695.603,municipal_gdp,661695.603
3538709,Piracicaba - SP,37,Produto Interno Bruto a preços correntes,2021,34555723.850,municipal_gdp,34555723.85
3538808,Piraju - SP,37,Produto Interno Bruto a preços correntes,2021,926203.349,municipal_gdp,926203.349
3538907,Pirajuí - SP,37,Produto Interno Bruto a preços correntes,2021,540057.892,municipal_gdp,540057.892
3539004,Pirangi - SP,37,Produto Interno Bruto a preços correntes,2021,364797.710,municipal_gdp,364797.71
3539103,Pirapora do Bom Jesus - SP,37,Produto Interno Bruto a preços correntes,2021,826672.314,municipal_gdp,826672.314
3539202,Pirapozinho - SP,37,Produto Interno Bruto a preços correntes,2021,927781.106,municipal_gdp,927781.106
3539301,Pirassununga - SP,37,Produto Interno Bruto a preços correntes,2021,3312332.240,municipal_gdp,3312332.24
3539400,Piratininga - SP,37,Produto Interno Bruto a preços correntes,2021,278466.987,municipal_gdp,278466.987
3539509,Pitangueiras - SP,37,Produto Interno Bruto a preços correntes,2021,1389560.822,municipal_gdp,1389560.822
3539608,Planalto - SP,37,Produto Interno Bruto a preços correntes,2021,193761.556,municipal_gdp,193761.556
3539707,Platina - SP,37,Produto Interno Bruto a preços correntes,2021,120018.909,municipal_gdp,120018.909
3539806,Poá - SP,37,Produto Interno Bruto a preços correntes,2021,3769347.372,municipal_gdp,3769347.372
3539905,Poloni - SP,37,Produto Interno Bruto a preços correntes,2021,154422.732,municipal_gdp,154422.732
3540002,Pompéia - SP,37,Produto Interno Bruto a preços correntes,2021,1951861.434,municipal_gdp,1951861.434
3540101,Pongaí - SP,37,Produto Interno Bruto a preços correntes,2021,94398.934,municipal_gdp,94398.934
3540200,Pontal - SP,37,Produto Interno Bruto a preços correntes,2021,1462864.886,municipal_gdp,1462864.886
3540259,Pontalinda - SP,37,Produto Interno Bruto a preços correntes,2021,98029.534,municipal_gdp,98029.534
3540309,Pontes Gestal - SP,37,Produto Interno Bruto a preços correntes,2021,126662.711,municipal_gdp,126662.711
3540408,Populina - SP,37,Produto Interno Bruto a preços correntes,2021,117259.827,municipal_gdp,117259.827
3540507,Porangaba - SP,37,Produto Interno Bruto a preços correntes,2021,233734.267,municipal_gdp,233734.267
3540606,Porto Feliz - SP,37,Produto Interno Bruto a preços correntes,2021,3754665.663,municipal_gdp,3754665.663
3540705,Porto Ferreira - SP,37,Produto Interno Bruto a preços correntes,2021,2495873.112,municipal_gdp,2495873.112
3540754,Potim - SP,37,Produto Interno Bruto a preços correntes,2021,308459.434,municipal_gdp,308459.434
3540804,Potirendaba - SP,37,Produto Interno Bruto a preços correntes,2021,620168.928,municipal_gdp,620168.928
3540853,Pracinha - SP,37,Produto Interno Bruto a preços correntes,2021,40969.449,municipal_gdp,40969.449
3540903,Pradópolis - SP,37,Produto Interno Bruto a preços correntes,2021,1096525.583,municipal_gdp,1096525.583
3541000,Praia Grande - SP,37,Produto Interno Bruto a preços correntes,2021,8727831.468,municipal_gdp,8727831.468
3541059,Pratânia - SP,37,Produto Interno Bruto a preços correntes,2021,126366.892,municipal_gdp,126366.892
3541109,Presidente Alves - SP,37,Produto Interno Bruto a preços correntes,2021,77332.792,municipal_gdp,77332.792
3541208,Presidente Bernardes - SP,37,Produto Interno Bruto a preços correntes,2021,331914.146,municipal_gdp,331914.146
3541307,Presidente Epitácio - SP,37,Produto Interno Bruto a preços correntes,2021,1325522.126,municipal_gdp,1325522.126
3541406,Presidente Prudente - SP,37,Produto Interno Bruto a preços correntes,2021,9242189.133,municipal_gdp,9242189.133
3541505,Presidente Venceslau - SP,37,Produto Interno Bruto a preços correntes,2021,823130.043,municipal_gdp,823130.043
3541604,Promissão - SP,37,Produto Interno Bruto a preços correntes,2021,2115365.137,municipal_gdp,2115365.137
3541653,Quadra - SP,37,Produto Interno Bruto a preços correntes,2021,144522.602,municipal_gdp,144522.602
3541703,Quatá - SP,37,Produto Interno Bruto a preços correntes,2021,821158.912,municipal_gdp,821158.912
3541802,Queiroz - SP,37,Produto Interno Bruto a preços correntes,2021,684733.345,municipal_gdp,684733.345
3541901,Queluz - SP,37,Produto Interno Bruto a preços correntes,2021,388523.141,municipal_gdp,388523.141
3542008,Quintana - SP,37,Produto Interno Bruto a preços correntes,2021,276283.799,municipal_gdp,276283.799
3542107,Rafard - SP,37,Produto Interno Bruto a preços correntes,2021,442882.500,municipal_gdp,442882.5
3542206,Rancharia - SP,37,Produto Interno Bruto a preços correntes,2021,1381836.350,municipal_gdp,1381836.35
3542305,Redenção da Serra - SP,37,Produto Interno Bruto a preços correntes,2021,66824.941,municipal_gdp,66824.941
3542404,Regente Feijó - SP,37,Produto Interno Bruto a preços correntes,2021,983725.278,municipal_gdp,983725.278
3542503,Reginópolis - SP,37,Produto Interno Bruto a preços correntes,2021,184875.117,municipal_gdp,184875.117
3542602,Registro - SP,37,Produto Interno Bruto a preços correntes,2021,2357409.327,municipal_gdp,2357409.327
3542701,Restinga - SP,37,Produto Interno Bruto a preços correntes,2021,211751.731,municipal_gdp,211751.731
3542800,Ribeira - SP,37,Produto Interno Bruto a preços correntes,2021,62081.261,municipal_gdp,62081.261
3542909,Ribeirão Bonito - SP,37,Produto Interno Bruto a preços correntes,2021,371778.478,municipal_gdp,371778.478
3543006,Ribeirão Branco - SP,37,Produto Interno Bruto a preços correntes,2021,595498.967,municipal_gdp,595498.967
3543105,Ribeirão Corrente - SP,37,Produto Interno Bruto a preços correntes,2021,319057.831,municipal_gdp,319057.831
3543204,Ribeirão do Sul - SP,37,Produto Interno Bruto a preços correntes,2021,224362.519,municipal_gdp,224362.519
3543238,Ribeirão dos Índios - SP,37,Produto Interno Bruto a preços correntes,2021,47000.592,municipal_gdp,47000.592
3543253,Ribeirão Grande - SP,37,Produto Interno Bruto a preços correntes,2021,116991.720,municipal_gdp,116991.72
3543303,Ribeirão Pires - SP,37,Produto Interno Bruto a preços correntes,2021,3891002.630,municipal_gdp,3891002.63
3543402,Ribeirão Preto - SP,37,Produto Interno Bruto a preços correntes,2021,39955305.609,municipal_gdp,39955305.609
3543501,Riversul - SP,37,Produto Interno Bruto a preços correntes,2021,92796.330,municipal_gdp,92796.33
3543600,Rifaina - SP,37,Produto Interno Bruto a preços correntes,2021,191157.710,municipal_gdp,191157.71
3543709,Rincão - SP,37,Produto Interno Bruto a preços correntes,2021,226043.187,municipal_gdp,226043.187
3543808,Rinópolis - SP,37,Produto Interno Bruto a preços correntes,2021,349025.974,municipal_gdp,349025.974
3543907,Rio Claro - SP,37,Produto Interno Bruto a preços correntes,2021,13245335.958,municipal_gdp,13245335.958
3544004,Rio das Pedras - SP,37,Produto Interno Bruto a preços correntes,2021,1787681.408,municipal_gdp,1787681.408
3544103,Rio Grande da Serra - SP,37,Produto Interno Bruto a preços correntes,2021,960727.232,municipal_gdp,960727.232
3544202,Riolândia - SP,37,Produto Interno Bruto a preços correntes,2021,268963.075,municipal_gdp,268963.075
3544251,Rosana - SP,37,Produto Interno Bruto a preços correntes,2021,1941771.839,municipal_gdp,1941771.839
3544301,Roseira - SP,37,Produto Interno Bruto a preços correntes,2021,374786.246,municipal_gdp,374786.246
3544400,Rubiácea - SP,37,Produto Interno Bruto a preços correntes,2021,78950.332,municipal_gdp,78950.332
3544509,Rubinéia - SP,37,Produto Interno Bruto a preços correntes,2021,102856.803,municipal_gdp,102856.803
3544608,Sabino - SP,37,Produto Interno Bruto a preços correntes,2021,175475.616,municipal_gdp,175475.616
3544707,Sagres - SP,37,Produto Interno Bruto a preços correntes,2021,54769.352,municipal_gdp,54769.352
3544806,Sales - SP,37,Produto Interno Bruto a preços correntes,2021,169480.032,municipal_gdp,169480.032
3544905,Sales Oliveira - SP,37,Produto Interno Bruto a preços correntes,2021,417237.490,municipal_gdp,417237.49
3545001,Salesópolis - SP,37,Produto Interno Bruto a preços correntes,2021,251751.908,municipal_gdp,251751.908
3545100,Salmourão - SP,37,Produto Interno Bruto a preços correntes,2021,96894.972,municipal_gdp,96894.972
3545159,Saltinho - SP,37,Produto Interno Bruto a preços correntes,2021,377871.414,municipal_gdp,377871.414
3545209,Salto - SP,37,Produto Interno Bruto a preços correntes,2021,9303486.748,municipal_gdp,9303486.748
3545308,Salto de Pirapora - SP,37,Produto Interno Bruto a preços correntes,2021,2221476.714,municipal_gdp,2221476.714
3545407,Salto Grande - SP,37,Produto Interno Bruto a preços correntes,2021,273943.204,municipal_gdp,273943.204
3545506,Sandovalina - SP,37,Produto Interno Bruto a preços correntes,2021,318809.778,municipal_gdp,318809.778
3545605,Santa Adélia - SP,37,Produto Interno Bruto a preços correntes,2021,382545.565,municipal_gdp,382545.565
3545704,Santa Albertina - SP,37,Produto Interno Bruto a preços correntes,2021,214790.792,municipal_gdp,214790.792
3545803,Santa Bárbara d'Oeste - SP,37,Produto Interno Bruto a preços correntes,2021,7825506.502,municipal_gdp,7825506.502
3546009,Santa Branca - SP,37,Produto Interno Bruto a preços correntes,2021,312818.584,municipal_gdp,312818.584
3546108,Santa Clara d'Oeste - SP,37,Produto Interno Bruto a preços correntes,2021,96783.316,municipal_gdp,96783.316
3546207,Santa Cruz da Conceição - SP,37,Produto Interno Bruto a preços correntes,2021,161650.680,municipal_gdp,161650.68
3546256,Santa Cruz da Esperança - SP,37,Produto Interno Bruto a preços correntes,2021,63456.694,municipal_gdp,63456.694
3546306,Santa Cruz das Palmeiras - SP,37,Produto Interno Bruto a preços correntes,2021,655974.339,municipal_gdp,655974.339
3546405,Santa Cruz do Rio Pardo - SP,37,Produto Interno Bruto a preços correntes,2021,2786906.107,municipal_gdp,2786906.107
3546504,Santa Ernestina - SP,37,Produto Interno Bruto a preços correntes,2021,104372.706,municipal_gdp,104372.706
3546603,Santa Fé do Sul - SP,37,Produto Interno Bruto a preços correntes,2021,1344880.815,municipal_gdp,1344880.815
3546702,Santa Gertrudes - SP,37,Produto Interno Bruto a preços correntes,2021,3895817.986,municipal_gdp,3895817.986
3546801,Santa Isabel - SP,37,Produto Interno Bruto a preços correntes,2021,1658732.668,municipal_gdp,1658732.668
3546900,Santa Lúcia - SP,37,Produto Interno Bruto a preços correntes,2021,131127.832,municipal_gdp,131127.832
3547007,Santa Maria da Serra - SP,37,Produto Interno Bruto a preços correntes,2021,153023.631,municipal_gdp,153023.631
3547106,Santa Mercedes - SP,37,Produto Interno Bruto a preços correntes,2021,69067.532,municipal_gdp,69067.532
3547205,Santana da Ponte Pensa - SP,37,Produto Interno Bruto a preços correntes,2021,39913.179,municipal_gdp,39913.179
3547304,Santana de Parnaíba - SP,37,Produto Interno Bruto a preços correntes,2021,11544903.483,municipal_gdp,11544903.483
3547403,Santa Rita d'Oeste - SP,37,Produto Interno Bruto a preços correntes,2021,68134.763,municipal_gdp,68134.763
3547502,Santa Rita do Passa Quatro - SP,37,Produto Interno Bruto a preços correntes,2021,825834.738,municipal_gdp,825834.738
3547601,Santa Rosa de Viterbo - SP,37,Produto Interno Bruto a preços correntes,2021,833444.100,municipal_gdp,833444.1
3547650,Santa Salete - SP,37,Produto Interno Bruto a preços correntes,2021,42106.248,municipal_gdp,42106.248
3547700,Santo Anastácio - SP,37,Produto Interno Bruto a preços correntes,2021,555800.928,municipal_gdp,555800.928
3547809,Santo André - SP,37,Produto Interno Bruto a preços correntes,2021,32620294.592,municipal_gdp,32620294.592
3547908,Santo Antônio da Alegria - SP,37,Produto Interno Bruto a preços correntes,2021,211521.905,municipal_gdp,211521.905
3548005,Santo Antônio de Posse - SP,37,Produto Interno Bruto a preços correntes,2021,1870734.354,municipal_gdp,1870734.354
3548054,Santo Antônio do Aracanguá - SP,37,Produto Interno Bruto a preços correntes,2021,289678.137,municipal_gdp,289678.137
3548104,Santo Antônio do Jardim - SP,37,Produto Interno Bruto a preços correntes,2021,222832.584,municipal_gdp,222832.584
3548203,Santo Antônio do Pinhal - SP,37,Produto Interno Bruto a preços correntes,2021,148429.124,municipal_gdp,148429.124
3548302,Santo Expedito - SP,37,Produto Interno Bruto a preços correntes,2021,47273.391,municipal_gdp,47273.391
3548401,Santópolis do Aguapeí - SP,37,Produto Interno Bruto a preços correntes,2021,80653.418,municipal_gdp,80653.418
3548500,Santos - SP,37,Produto Interno Bruto a preços correntes,2021,24090173.097,municipal_gdp,24090173.097
3548609,São Bento do Sapucaí - SP,37,Produto Interno Bruto a preços correntes,2021,406647.208,municipal_gdp,406647.208
3548708,São Bernardo do Campo - SP,37,Produto Interno Bruto a preços correntes,2021,58277014.065,municipal_gdp,58277014.065
3548807,São Caetano do Sul - SP,37,Produto Interno Bruto a preços correntes,2021,15566768.386,municipal_gdp,15566768.386
3548906,São Carlos - SP,37,Produto Interno Bruto a preços correntes,2021,14141854.369,municipal_gdp,14141854.369
3549003,São Francisco - SP,37,Produto Interno Bruto a preços correntes,2021,51167.786,municipal_gdp,51167.786
3549102,São João da Boa Vista - SP,37,Produto Interno Bruto a preços correntes,2021,4135189.744,municipal_gdp,4135189.744
3549201,São João das Duas Pontes - SP,37,Produto Interno Bruto a preços correntes,2021,52612.013,municipal_gdp,52612.013
3549250,São João de Iracema - SP,37,Produto Interno Bruto a preços correntes,2021,51478.104,municipal_gdp,51478.104
3549300,São João do Pau d'Alho - SP,37,Produto Interno Bruto a preços correntes,2021,58492.972,municipal_gdp,58492.972
3549409,São Joaquim da Barra - SP,37,Produto Interno Bruto a preços correntes,2021,2191085.894,municipal_gdp,2191085.894
3549508,São José da Bela Vista - SP,37,Produto Interno Bruto a preços correntes,2021,231517.142,municipal_gdp,231517.142
3549607,São José do Barreiro - SP,37,Produto Interno Bruto a preços correntes,2021,63347.210,municipal_gdp,63347.21
3549706,São José do Rio Pardo - SP,37,Produto Interno Bruto a preços correntes,2021,2375167.083,municipal_gdp,2375167.083
3549805,São José do Rio Preto - SP,37,Produto Interno Bruto a preços correntes,2021,20962614.976,municipal_gdp,20962614.976
3549904,São José dos Campos - SP,37,Produto Interno Bruto a preços correntes,2021,45208807.937,municipal_gdp,45208807.937
3549953,São Lourenço da Serra - SP,37,Produto Interno Bruto a preços correntes,2021,285411.765,municipal_gdp,285411.765
3550001,São Luiz do Paraitinga - SP,37,Produto Interno Bruto a preços correntes,2021,204219.190,municipal_gdp,204219.19
3550100,São Manuel - SP,37,Produto Interno Bruto a preços correntes,2021,1340317.267,municipal_gdp,1340317.267
3550209,São Miguel Arcanjo - SP,37,Produto Interno Bruto a preços correntes,2021,954225.102,municipal_gdp,954225.102
3550308,São Paulo - SP,37,Produto Interno Bruto a preços correntes,2021,828980746.586,municipal_gdp,828980746.586
3550407,São Pedro - SP,37,Produto Interno Bruto a preços correntes,2021,886335.955,municipal_gdp,886335.955
3550506,São Pedro do Turvo - SP,37,Produto Interno Bruto a preços correntes,2021,234364.608,municipal_gdp,234364.608
3550605,São Roque - SP,37,Produto Interno Bruto a preços correntes,2021,3450778.678,municipal_gdp,3450778.678
3550704,São Sebastião - SP,37,Produto Interno Bruto a preços correntes,2021,16008645.421,municipal_gdp,16008645.421
3550803,São Sebastião da Grama - SP,37,Produto Interno Bruto a preços correntes,2021,428491.854,municipal_gdp,428491.854
3550902,São Simão - SP,37,Produto Interno Bruto a preços correntes,2021,501326.889,municipal_gdp,501326.889
3551009,São Vicente - SP,37,Produto Interno Bruto a preços correntes,2021,6121259.100,municipal_gdp,6121259.1
3551108,Sarapuí - SP,37,Produto Interno Bruto a preços correntes,2021,203910.875,municipal_gdp,203910.875
3551207,Sarutaiá - SP,37,Produto Interno Bruto a preços correntes,2021,96557.722,municipal_gdp,96557.722
3551306,Sebastianópolis do Sul - SP,37,Produto Interno Bruto a preços correntes,2021,417498.625,municipal_gdp,417498.625
3551405,Serra Azul - SP,37,Produto Interno Bruto a preços correntes,2021,195523.134,municipal_gdp,195523.134
3551504,Serrana - SP,37,Produto Interno Bruto a preços correntes,2021,1349050.264,municipal_gdp,1349050.264
3551603,Serra Negra - SP,37,Produto Interno Bruto a preços correntes,2021,845122.360,municipal_gdp,845122.36
3551702,Sertãozinho - SP,37,Produto Interno Bruto a preços correntes,2021,7109021.763,municipal_gdp,7109021.763
3551801,Sete Barras - SP,37,Produto Interno Bruto a preços correntes,2021,379170.022,municipal_gdp,379170.022
3551900,Severínia - SP,37,Produto Interno Bruto a preços correntes,2021,271911.501,municipal_gdp,271911.501
3552007,Silveiras - SP,37,Produto Interno Bruto a preços correntes,2021,92558.565,municipal_gdp,92558.565
3552106,Socorro - SP,37,Produto Interno Bruto a preços correntes,2021,1120219.486,municipal_gdp,1120219.486
3552205,Sorocaba - SP,37,Produto Interno Bruto a preços correntes,2021,44533398.241,municipal_gdp,44533398.241
3552304,Sud Mennucci - SP,37,Produto Interno Bruto a preços correntes,2021,226784.378,municipal_gdp,226784.378
3552403,Sumaré - SP,37,Produto Interno Bruto a preços correntes,2021,16179891.951,municipal_gdp,16179891.951
3552502,Suzano - SP,37,Produto Interno Bruto a preços correntes,2021,14811513.691,municipal_gdp,14811513.691
3552551,Suzanápolis - SP,37,Produto Interno Bruto a preços correntes,2021,341980.906,municipal_gdp,341980.906
3552601,Tabapuã - SP,37,Produto Interno Bruto a preços correntes,2021,287136.559,municipal_gdp,287136.559
3552700,Tabatinga - SP,37,Produto Interno Bruto a preços correntes,2021,340423.445,municipal_gdp,340423.445
3552809,Taboão da Serra - SP,37,Produto Interno Bruto a preços correntes,2021,10291072.498,municipal_gdp,10291072.498
3552908,Taciba - SP,37,Produto Interno Bruto a preços correntes,2021,186412.175,municipal_gdp,186412.175
3553005,Taguaí - SP,37,Produto Interno Bruto a preços correntes,2021,343427.748,municipal_gdp,343427.748
3553104,Taiaçu - SP,37,Produto Interno Bruto a preços correntes,2021,109907.367,municipal_gdp,109907.367
3553203,Taiúva - SP,37,Produto Interno Bruto a preços correntes,2021,139651.101,municipal_gdp,139651.101
3553302,Tambaú - SP,37,Produto Interno Bruto a preços correntes,2021,700419.073,municipal_gdp,700419.073
3553401,Tanabi - SP,37,Produto Interno Bruto a preços correntes,2021,1323569.967,municipal_gdp,1323569.967
3553500,Tapiraí - SP,37,Produto Interno Bruto a preços correntes,2021,185138.411,municipal_gdp,185138.411
3553609,Tapiratiba - SP,37,Produto Interno Bruto a preços correntes,2021,301184.818,municipal_gdp,301184.818
3553658,Taquaral - SP,37,Produto Interno Bruto a preços correntes,2021,46861.863,municipal_gdp,46861.863
3553708,Taquaritinga - SP,37,Produto Interno Bruto a preços correntes,2021,1660014.384,municipal_gdp,1660014.384
3553807,Taquarituba - SP,37,Produto Interno Bruto a preços correntes,2021,988151.947,municipal_gdp,988151.947
3553856,Taquarivaí - SP,37,Produto Interno Bruto a preços correntes,2021,367323.698,municipal_gdp,367323.698
3553906,Tarabai - SP,37,Produto Interno Bruto a preços correntes,2021,168350.324,municipal_gdp,168350.324
3553955,Tarumã - SP,37,Produto Interno Bruto a preços correntes,2021,897036.192,municipal_gdp,897036.192
3554003,Tatuí - SP,37,Produto Interno Bruto a preços correntes,2021,5076192.938,municipal_gdp,5076192.938
3554102,Taubaté - SP,37,Produto Interno Bruto a preços correntes,2021,16199985.933,municipal_gdp,16199985.933
3554201,Tejupá - SP,37,Produto Interno Bruto a preços correntes,2021,138116.334,municipal_gdp,138116.334
3554300,Teodoro Sampaio - SP,37,Produto Interno Bruto a preços correntes,2021,627028.261,municipal_gdp,627028.261
3554409,Terra Roxa - SP,37,Produto Interno Bruto a preços correntes,2021,174935.246,municipal_gdp,174935.246
3554508,Tietê - SP,37,Produto Interno Bruto a preços correntes,2021,2158402.234,municipal_gdp,2158402.234
3554607,Timburi - SP,37,Produto Interno Bruto a preços correntes,2021,66301.280,municipal_gdp,66301.28
3554656,Torre de Pedra - SP,37,Produto Interno Bruto a preços correntes,2021,37756.621,municipal_gdp,37756.621
3554706,Torrinha - SP,37,Produto Interno Bruto a preços correntes,2021,284592.255,municipal_gdp,284592.255
3554755,Trabiju - SP,37,Produto Interno Bruto a preços correntes,2021,44919.531,municipal_gdp,44919.531
3554805,Tremembé - SP,37,Produto Interno Bruto a preços correntes,2021,896633.754,municipal_gdp,896633.754
3554904,Três Fronteiras - SP,37,Produto Interno Bruto a preços correntes,2021,122035.537,municipal_gdp,122035.537
3554953,Tuiuti - SP,37,Produto Interno Bruto a preços correntes,2021,181790.461,municipal_gdp,181790.461
3555000,Tupã - SP,37,Produto Interno Bruto a preços correntes,2021,2213337.240,municipal_gdp,2213337.24
3555109,Tupi Paulista - SP,37,Produto Interno Bruto a preços correntes,2021,340357.291,municipal_gdp,340357.291
3555208,Turiúba - SP,37,Produto Interno Bruto a preços correntes,2021,56424.618,municipal_gdp,56424.618
3555307,Turmalina - SP,37,Produto Interno Bruto a preços correntes,2021,73691.514,municipal_gdp,73691.514
3555356,Ubarana - SP,37,Produto Interno Bruto a preços correntes,2021,212639.004,municipal_gdp,212639.004
3555406,Ubatuba - SP,37,Produto Interno Bruto a preços correntes,2021,2705941.156,municipal_gdp,2705941.156
3555505,Ubirajara - SP,37,Produto Interno Bruto a preços correntes,2021,114467.732,municipal_gdp,114467.732
3555604,Uchoa - SP,37,Produto Interno Bruto a preços correntes,2021,401840.509,municipal_gdp,401840.509
3555703,União Paulista - SP,37,Produto Interno Bruto a preços correntes,2021,57594.759,municipal_gdp,57594.759
3555802,Urânia - SP,37,Produto Interno Bruto a preços correntes,2021,286014.199,municipal_gdp,286014.199
3555901,Uru - SP,37,Produto Interno Bruto a preços correntes,2021,46392.065,municipal_gdp,46392.065
3556008,Urupês - SP,37,Produto Interno Bruto a preços correntes,2021,483324.505,municipal_gdp,483324.505
3556107,Valentim Gentil - SP,37,Produto Interno Bruto a preços correntes,2021,437546.287,municipal_gdp,437546.287
3556206,Valinhos - SP,37,Produto Interno Bruto a preços correntes,2021,7969199.991,municipal_gdp,7969199.991
3556305,Valparaíso - SP,37,Produto Interno Bruto a preços correntes,2021,1236296.888,municipal_gdp,1236296.888
3556354,Vargem - SP,37,Produto Interno Bruto a preços correntes,2021,153401.480,municipal_gdp,153401.48
3556404,Vargem Grande do Sul - SP,37,Produto Interno Bruto a preços correntes,2021,1287338.885,municipal_gdp,1287338.885
3556453,Vargem Grande Paulista - SP,37,Produto Interno Bruto a preços correntes,2021,2898202.787,municipal_gdp,2898202.787
3556503,Várzea Paulista - SP,37,Produto Interno Bruto a preços correntes,2021,3965839.453,municipal_gdp,3965839.453
3556602,Vera Cruz - SP,37,Produto Interno Bruto a preços correntes,2021,240193.450,municipal_gdp,240193.45
3556701,Vinhedo - SP,37,Produto Interno Bruto a preços correntes,2021,12557908.972,municipal_gdp,12557908.972
3556800,Viradouro - SP,37,Produto Interno Bruto a preços correntes,2021,443704.352,municipal_gdp,443704.352
3556909,Vista Alegre do Alto - SP,37,Produto Interno Bruto a preços correntes,2021,425057.809,municipal_gdp,425057.809
3556958,Vitória Brasil - SP,37,Produto Interno Bruto a preços correntes,2021,45178.636,municipal_gdp,45178.636
3557006,Votorantim - SP,37,Produto Interno Bruto a preços correntes,2021,3919236.248,municipal_gdp,3919236.248
3557105,Votuporanga - SP,37,Produto Interno Bruto a preços correntes,2021,3862539.651,municipal_gdp,3862539.651
3557154,Zacarias - SP,37,Produto Interno Bruto a preços correntes,2021,130188.730,municipal_gdp,130188.73
3557204,Chavantes - SP,37,Produto Interno Bruto a preços correntes,2021,266344.771,municipal_gdp,266344.771
3557303,Estiva Gerbi - SP,37,Produto Interno Bruto a preços correntes,2021,389432.135,municipal_gdp,389432.135
4100103,Abatiá - PR,37,Produto Interno Bruto a preços correntes,2021,221816.638,municipal_gdp,221816.638
4100202,Adrianópolis - PR,37,Produto Interno Bruto a preços correntes,2021,368853.702,municipal_gdp,368853.702
4100301,Agudos do Sul - PR,37,Produto Interno Bruto a preços correntes,2021,216903.776,municipal_gdp,216903.776
4100400,Almirante Tamandaré - PR,37,Produto Interno Bruto a preços correntes,2021,1936254.916,municipal_gdp,1936254.916
4100459,Altamira do Paraná - PR,37,Produto Interno Bruto a preços correntes,2021,96207.266,municipal_gdp,96207.266
4100509,Altônia - PR,37,Produto Interno Bruto a preços correntes,2021,462492.851,municipal_gdp,462492.851
4100608,Alto Paraná - PR,37,Produto Interno Bruto a preços correntes,2021,436261.407,municipal_gdp,436261.407
4100707,Alto Piquiri - PR,37,Produto Interno Bruto a preços correntes,2021,410779.606,municipal_gdp,410779.606
4100806,Alvorada do Sul - PR,37,Produto Interno Bruto a preços correntes,2021,338358.675,municipal_gdp,338358.675
4100905,Amaporã - PR,37,Produto Interno Bruto a preços correntes,2021,121114.300,municipal_gdp,121114.3
4101002,Ampére - PR,37,Produto Interno Bruto a preços correntes,2021,750363.843,municipal_gdp,750363.843
4101051,Anahy - PR,37,Produto Interno Bruto a preços correntes,2021,115042.263,municipal_gdp,115042.263
4101101,Andirá - PR,37,Produto Interno Bruto a preços correntes,2021,816503.278,municipal_gdp,816503.278
4101150,Ângulo - PR,37,Produto Interno Bruto a preços correntes,2021,154196.936,municipal_gdp,154196.936
4101200,Antonina - PR,37,Produto Interno Bruto a preços correntes,2021,700870.923,municipal_gdp,700870.923
4101309,Antônio Olinto - PR,37,Produto Interno Bruto a preços correntes,2021,233345.083,municipal_gdp,233345.083
4101408,Apucarana - PR,37,Produto Interno Bruto a preços correntes,2021,3874079.812,municipal_gdp,3874079.812
4101507,Arapongas - PR,37,Produto Interno Bruto a preços correntes,2021,4953988.715,municipal_gdp,4953988.715
4101606,Arapoti - PR,37,Produto Interno Bruto a preços correntes,2021,1447430.590,municipal_gdp,1447430.59
4101655,Arapuã - PR,37,Produto Interno Bruto a preços correntes,2021,152145.582,municipal_gdp,152145.582
4101705,Araruna - PR,37,Produto Interno Bruto a preços correntes,2021,547353.084,municipal_gdp,547353.084
4101804,Araucária - PR,37,Produto Interno Bruto a preços correntes,2021,25266761.323,municipal_gdp,25266761.323
4101853,Ariranha do Ivaí - PR,37,Produto Interno Bruto a preços correntes,2021,128973.650,municipal_gdp,128973.65
4101903,Assaí - PR,37,Produto Interno Bruto a preços correntes,2021,539552.010,municipal_gdp,539552.01
4102000,Assis Chateaubriand - PR,37,Produto Interno Bruto a preços correntes,2021,1633259.865,municipal_gdp,1633259.865
4102109,Astorga - PR,37,Produto Interno Bruto a preços correntes,2021,882919.587,municipal_gdp,882919.587
4102208,Atalaia - PR,37,Produto Interno Bruto a preços correntes,2021,177303.990,municipal_gdp,177303.99
4102307,Balsa Nova - PR,37,Produto Interno Bruto a preços correntes,2021,926184.931,municipal_gdp,926184.931
4102406,Bandeirantes - PR,37,Produto Interno Bruto a preços correntes,2021,1033467.845,municipal_gdp,1033467.845
4102505,Barbosa Ferraz - PR,37,Produto Interno Bruto a preços correntes,2021,299362.963,municipal_gdp,299362.963
4102604,Barracão - PR,37,Produto Interno Bruto a preços correntes,2021,264230.092,municipal_gdp,264230.092
4102703,Barra do Jacaré - PR,37,Produto Interno Bruto a preços correntes,2021,150148.218,municipal_gdp,150148.218
4102752,Bela Vista da Caroba - PR,37,Produto Interno Bruto a preços correntes,2021,106923.656,municipal_gdp,106923.656
4102802,Bela Vista do Paraíso - PR,37,Produto Interno Bruto a preços correntes,2021,523791.495,municipal_gdp,523791.495
4102901,Bituruna - PR,37,Produto Interno Bruto a preços correntes,2021,552341.717,municipal_gdp,552341.717
4103008,Boa Esperança - PR,37,Produto Interno Bruto a preços correntes,2021,285688.871,municipal_gdp,285688.871
4103024,Boa Esperança do Iguaçu - PR,37,Produto Interno Bruto a preços correntes,2021,142607.147,municipal_gdp,142607.147
4103040,Boa Ventura de São Roque - PR,37,Produto Interno Bruto a preços correntes,2021,361489.538,municipal_gdp,361489.538
4103057,Boa Vista da Aparecida - PR,37,Produto Interno Bruto a preços correntes,2021,185314.758,municipal_gdp,185314.758
4103107,Bocaiúva do Sul - PR,37,Produto Interno Bruto a preços correntes,2021,280327.122,municipal_gdp,280327.122
4103156,Bom Jesus do Sul - PR,37,Produto Interno Bruto a preços correntes,2021,115669.950,municipal_gdp,115669.95
4103206,Bom Sucesso - PR,37,Produto Interno Bruto a preços correntes,2021,157269.378,municipal_gdp,157269.378
4103222,Bom Sucesso do Sul - PR,37,Produto Interno Bruto a preços correntes,2021,300056.492,municipal_gdp,300056.492
4103305,Borrazópolis - PR,37,Produto Interno Bruto a preços correntes,2021,245672.903,municipal_gdp,245672.903
4103354,Braganey - PR,37,Produto Interno Bruto a preços correntes,2021,241525.967,municipal_gdp,241525.967
4103370,Brasilândia do Sul - PR,37,Produto Interno Bruto a preços correntes,2021,275949.479,municipal_gdp,275949.479
4103404,Cafeara - PR,37,Produto Interno Bruto a preços correntes,2021,114049.222,municipal_gdp,114049.222
4103453,Cafelândia - PR,37,Produto Interno Bruto a preços correntes,2021,1949225.990,municipal_gdp,1949225.99
4103479,Cafezal do Sul - PR,37,Produto Interno Bruto a preços correntes,2021,148982.512,municipal_gdp,148982.512
4103503,Califórnia - PR,37,Produto Interno Bruto a preços correntes,2021,253204.679,municipal_gdp,253204.679
4103602,Cambará - PR,37,Produto Interno Bruto a preços correntes,2021,819036.014,municipal_gdp,819036.014
4103701,Cambé - PR,37,Produto Interno Bruto a preços correntes,2021,5029902.157,municipal_gdp,5029902.157
4103800,Cambira - PR,37,Produto Interno Bruto a preços correntes,2021,280211.459,municipal_gdp,280211.459
4103909,Campina da Lagoa - PR,37,Produto Interno Bruto a preços correntes,2021,578372.719,municipal_gdp,578372.719
4103958,Campina do Simão - PR,37,Produto Interno Bruto a preços correntes,2021,150370.495,municipal_gdp,150370.495
4104006,Campina Grande do Sul - PR,37,Produto Interno Bruto a preços correntes,2021,2176023.716,municipal_gdp,2176023.716
4104055,Campo Bonito - PR,37,Produto Interno Bruto a preços correntes,2021,224660.788,municipal_gdp,224660.788
4104105,Campo do Tenente - PR,37,Produto Interno Bruto a preços correntes,2021,261270.416,municipal_gdp,261270.416
4104204,Campo Largo - PR,37,Produto Interno Bruto a preços correntes,2021,5733187.097,municipal_gdp,5733187.097
4104253,Campo Magro - PR,37,Produto Interno Bruto a preços correntes,2021,541601.254,municipal_gdp,541601.254
4104303,Campo Mourão - PR,37,Produto Interno Bruto a preços correntes,2021,5147309.893,municipal_gdp,5147309.893
4104402,Cândido de Abreu - PR,37,Produto Interno Bruto a preços correntes,2021,421636.526,municipal_gdp,421636.526
4104428,Candói - PR,37,Produto Interno Bruto a preços correntes,2021,850048.142,municipal_gdp,850048.142
4104451,Cantagalo - PR,37,Produto Interno Bruto a preços correntes,2021,335943.888,municipal_gdp,335943.888
4104501,Capanema - PR,37,Produto Interno Bruto a preços correntes,2021,1106692.308,municipal_gdp,1106692.308
4104600,Capitão Leônidas Marques - PR,37,Produto Interno Bruto a preços correntes,2021,1255526.163,municipal_gdp,1255526.163
4104659,Carambeí - PR,37,Produto Interno Bruto a preços correntes,2021,1578832.686,municipal_gdp,1578832.686
4104709,Carlópolis - PR,37,Produto Interno Bruto a preços correntes,2021,458637.566,municipal_gdp,458637.566
4104808,Cascavel - PR,37,Produto Interno Bruto a preços correntes,2021,15786905.039,municipal_gdp,15786905.039
4104907,Castro - PR,37,Produto Interno Bruto a preços correntes,2021,3631155.505,municipal_gdp,3631155.505
4105003,Catanduvas - PR,37,Produto Interno Bruto a preços correntes,2021,355951.072,municipal_gdp,355951.072
4105102,Centenário do Sul - PR,37,Produto Interno Bruto a preços correntes,2021,440498.981,municipal_gdp,440498.981
4105201,Cerro Azul - PR,37,Produto Interno Bruto a preços correntes,2021,405085.693,municipal_gdp,405085.693
4105300,Céu Azul - PR,37,Produto Interno Bruto a preços correntes,2021,942758.299,municipal_gdp,942758.299
4105409,Chopinzinho - PR,37,Produto Interno Bruto a preços correntes,2021,909271.377,municipal_gdp,909271.377
4105508,Cianorte - PR,37,Produto Interno Bruto a preços correntes,2021,3039715.513,municipal_gdp,3039715.513
4105607,Cidade Gaúcha - PR,37,Produto Interno Bruto a preços correntes,2021,431472.615,municipal_gdp,431472.615
4105706,Clevelândia - PR,37,Produto Interno Bruto a preços correntes,2021,837980.193,municipal_gdp,837980.193
4105805,Colombo - PR,37,Produto Interno Bruto a preços correntes,2021,5693870.124,municipal_gdp,5693870.124
4105904,Colorado - PR,37,Produto Interno Bruto a preços correntes,2021,796267.257,municipal_gdp,796267.257
4106001,Congonhinhas - PR,37,Produto Interno Bruto a preços correntes,2021,285617.152,municipal_gdp,285617.152
4106100,Conselheiro Mairinck - PR,37,Produto Interno Bruto a preços correntes,2021,152425.118,municipal_gdp,152425.118
4106209,Contenda - PR,37,Produto Interno Bruto a preços correntes,2021,557577.079,municipal_gdp,557577.079
4106308,Corbélia - PR,37,Produto Interno Bruto a preços correntes,2021,1064177.188,municipal_gdp,1064177.188
4106407,Cornélio Procópio - PR,37,Produto Interno Bruto a preços correntes,2021,1812202.152,municipal_gdp,1812202.152
4106456,Coronel Domingos Soares - PR,37,Produto Interno Bruto a preços correntes,2021,323716.001,municipal_gdp,323716.001
4106506,Coronel Vivida - PR,37,Produto Interno Bruto a preços correntes,2021,887309.136,municipal_gdp,887309.136
4106555,Corumbataí do Sul - PR,37,Produto Interno Bruto a preços correntes,2021,87683.113,municipal_gdp,87683.113
4106571,Cruzeiro do Iguaçu - PR,37,Produto Interno Bruto a preços correntes,2021,177172.753,municipal_gdp,177172.753
4106605,Cruzeiro do Oeste - PR,37,Produto Interno Bruto a preços correntes,2021,859367.890,municipal_gdp,859367.89
4106704,Cruzeiro do Sul - PR,37,Produto Interno Bruto a preços correntes,2021,205350.678,municipal_gdp,205350.678
4106803,Cruz Machado - PR,37,Produto Interno Bruto a preços correntes,2021,505065.548,municipal_gdp,505065.548
4106852,Cruzmaltina - PR,37,Produto Interno Bruto a preços correntes,2021,151165.232,municipal_gdp,151165.232
4106902,Curitiba - PR,37,Produto Interno Bruto a preços correntes,2021,98000490.695,municipal_gdp,98000490.695
4107009,Curiúva - PR,37,Produto Interno Bruto a preços correntes,2021,276028.647,municipal_gdp,276028.647
4107108,Diamante do Norte - PR,37,Produto Interno Bruto a preços correntes,2021,298206.751,municipal_gdp,298206.751
4107124,Diamante do Sul - PR,37,Produto Interno Bruto a preços correntes,2021,74735.850,municipal_gdp,74735.85
4107157,Diamante D'Oeste - PR,37,Produto Interno Bruto a preços correntes,2021,128031.058,municipal_gdp,128031.058
4107207,Dois Vizinhos - PR,37,Produto Interno Bruto a preços correntes,2021,2026447.426,municipal_gdp,2026447.426
4107256,Douradina - PR,37,Produto Interno Bruto a preços correntes,2021,841228.334,municipal_gdp,841228.334
4107306,Doutor Camargo - PR,37,Produto Interno Bruto a preços correntes,2021,200365.462,municipal_gdp,200365.462
4107405,Enéas Marques - PR,37,Produto Interno Bruto a preços correntes,2021,311320.716,municipal_gdp,311320.716
4107504,Engenheiro Beltrão - PR,37,Produto Interno Bruto a preços correntes,2021,566606.447,municipal_gdp,566606.447
4107520,Esperança Nova - PR,37,Produto Interno Bruto a preços correntes,2021,65235.789,municipal_gdp,65235.789
4107538,Entre Rios do Oeste - PR,37,Produto Interno Bruto a preços correntes,2021,313142.570,municipal_gdp,313142.57
4107546,Espigão Alto do Iguaçu - PR,37,Produto Interno Bruto a preços correntes,2021,162811.235,municipal_gdp,162811.235
4107553,Farol - PR,37,Produto Interno Bruto a preços correntes,2021,215732.124,municipal_gdp,215732.124
4107603,Faxinal - PR,37,Produto Interno Bruto a preços correntes,2021,500121.583,municipal_gdp,500121.583
4107652,Fazenda Rio Grande - PR,37,Produto Interno Bruto a preços correntes,2021,3322418.468,municipal_gdp,3322418.468
4107702,Fênix - PR,37,Produto Interno Bruto a preços correntes,2021,212862.115,municipal_gdp,212862.115
4107736,Fernandes Pinheiro - PR,37,Produto Interno Bruto a preços correntes,2021,253837.763,municipal_gdp,253837.763
4107751,Figueira - PR,37,Produto Interno Bruto a preços correntes,2021,161491.752,municipal_gdp,161491.752
4107801,Floraí - PR,37,Produto Interno Bruto a preços correntes,2021,239257.249,municipal_gdp,239257.249
4107850,Flor da Serra do Sul - PR,37,Produto Interno Bruto a preços correntes,2021,182642.865,municipal_gdp,182642.865
4107900,Floresta - PR,37,Produto Interno Bruto a preços correntes,2021,271124.032,municipal_gdp,271124.032
4108007,Florestópolis - PR,37,Produto Interno Bruto a preços correntes,2021,400284.885,municipal_gdp,400284.885
4108106,Flórida - PR,37,Produto Interno Bruto a preços correntes,2021,80572.574,municipal_gdp,80572.574
4108205,Formosa do Oeste - PR,37,Produto Interno Bruto a preços correntes,2021,370767.205,municipal_gdp,370767.205
4108304,Foz do Iguaçu - PR,37,Produto Interno Bruto a preços correntes,2021,18969029.436,municipal_gdp,18969029.436
4108320,Francisco Alves - PR,37,Produto Interno Bruto a preços correntes,2021,290544.096,municipal_gdp,290544.096
4108403,Francisco Beltrão - PR,37,Produto Interno Bruto a preços correntes,2021,3694538.715,municipal_gdp,3694538.715
4108452,Foz do Jordão - PR,37,Produto Interno Bruto a preços correntes,2021,184044.064,municipal_gdp,184044.064
4108502,General Carneiro - PR,37,Produto Interno Bruto a preços correntes,2021,445472.058,municipal_gdp,445472.058
4108551,Godoy Moreira - PR,37,Produto Interno Bruto a preços correntes,2021,72425.899,municipal_gdp,72425.899
4108601,Goioerê - PR,37,Produto Interno Bruto a preços correntes,2021,1074370.115,municipal_gdp,1074370.115
4108650,Goioxim - PR,37,Produto Interno Bruto a preços correntes,2021,309145.193,municipal_gdp,309145.193
4108700,Grandes Rios - PR,37,Produto Interno Bruto a preços correntes,2021,172727.618,municipal_gdp,172727.618
4108809,Guaíra - PR,37,Produto Interno Bruto a preços correntes,2021,1139934.324,municipal_gdp,1139934.324
4108908,Guairaçá - PR,37,Produto Interno Bruto a preços correntes,2021,273735.642,municipal_gdp,273735.642
4108957,Guamiranga - PR,37,Produto Interno Bruto a preços correntes,2021,295065.123,municipal_gdp,295065.123
4109005,Guapirama - PR,37,Produto Interno Bruto a preços correntes,2021,176952.362,municipal_gdp,176952.362
4109104,Guaporema - PR,37,Produto Interno Bruto a preços correntes,2021,78139.324,municipal_gdp,78139.324
4109203,Guaraci - PR,37,Produto Interno Bruto a preços correntes,2021,223862.859,municipal_gdp,223862.859
4109302,Guaraniaçu - PR,37,Produto Interno Bruto a preços correntes,2021,512014.492,municipal_gdp,512014.492
4109401,Guarapuava - PR,37,Produto Interno Bruto a preços correntes,2021,8309024.064,municipal_gdp,8309024.064
4109500,Guaraqueçaba - PR,37,Produto Interno Bruto a preços correntes,2021,118152.355,municipal_gdp,118152.355
4109609,Guaratuba - PR,37,Produto Interno Bruto a preços correntes,2021,982124.975,municipal_gdp,982124.975
4109658,Honório Serpa - PR,37,Produto Interno Bruto a preços correntes,2021,298545.619,municipal_gdp,298545.619
4109708,Ibaiti - PR,37,Produto Interno Bruto a preços correntes,2021,878433.814,municipal_gdp,878433.814
4109757,Ibema - PR,37,Produto Interno Bruto a preços correntes,2021,182341.261,municipal_gdp,182341.261
4109807,Ibiporã - PR,37,Produto Interno Bruto a preços correntes,2021,3313394.225,municipal_gdp,3313394.225
4109906,Icaraíma - PR,37,Produto Interno Bruto a preços correntes,2021,249549.760,municipal_gdp,249549.76
4110003,Iguaraçu - PR,37,Produto Interno Bruto a preços correntes,2021,212504.794,municipal_gdp,212504.794
4110052,Iguatu - PR,37,Produto Interno Bruto a preços correntes,2021,83996.237,municipal_gdp,83996.237
4110078,Imbaú - PR,37,Produto Interno Bruto a preços correntes,2021,276155.718,municipal_gdp,276155.718
4110102,Imbituva - PR,37,Produto Interno Bruto a preços correntes,2021,1290790.080,municipal_gdp,1290790.08
4110201,Inácio Martins - PR,37,Produto Interno Bruto a preços correntes,2021,265709.397,municipal_gdp,265709.397
4110300,Inajá - PR,37,Produto Interno Bruto a preços correntes,2021,58312.051,municipal_gdp,58312.051
4110409,Indianópolis - PR,37,Produto Interno Bruto a preços correntes,2021,507444.081,municipal_gdp,507444.081
4110508,Ipiranga - PR,37,Produto Interno Bruto a preços correntes,2021,615189.596,municipal_gdp,615189.596
4110607,Iporã - PR,37,Produto Interno Bruto a preços correntes,2021,597061.644,municipal_gdp,597061.644
4110656,Iracema do Oeste - PR,37,Produto Interno Bruto a preços correntes,2021,194365.944,municipal_gdp,194365.944
4110706,Irati - PR,37,Produto Interno Bruto a preços correntes,2021,2286210.966,municipal_gdp,2286210.966
4110805,Iretama - PR,37,Produto Interno Bruto a preços correntes,2021,354163.214,municipal_gdp,354163.214
4110904,Itaguajé - PR,37,Produto Interno Bruto a preços correntes,2021,121777.881,municipal_gdp,121777.881
4110953,Itaipulândia - PR,37,Produto Interno Bruto a preços correntes,2021,524784.160,municipal_gdp,524784.16
4111001,Itambaracá - PR,37,Produto Interno Bruto a preços correntes,2021,223621.876,municipal_gdp,223621.876
4111100,Itambé - PR,37,Produto Interno Bruto a preços correntes,2021,228333.062,municipal_gdp,228333.062
4111209,Itapejara d'Oeste - PR,37,Produto Interno Bruto a preços correntes,2021,753013.970,municipal_gdp,753013.97
4111258,Itaperuçu - PR,37,Produto Interno Bruto a preços correntes,2021,626927.443,municipal_gdp,626927.443
4111308,Itaúna do Sul - PR,37,Produto Interno Bruto a preços correntes,2021,87749.678,municipal_gdp,87749.678
4111407,Ivaí - PR,37,Produto Interno Bruto a preços correntes,2021,497706.998,municipal_gdp,497706.998
4111506,Ivaiporã - PR,37,Produto Interno Bruto a preços correntes,2021,947820.979,municipal_gdp,947820.979
4111555,Ivaté - PR,37,Produto Interno Bruto a preços correntes,2021,203929.737,municipal_gdp,203929.737
4111605,Ivatuba - PR,37,Produto Interno Bruto a preços correntes,2021,143593.268,municipal_gdp,143593.268
4111704,Jaboti - PR,37,Produto Interno Bruto a preços correntes,2021,160051.166,municipal_gdp,160051.166
4111803,Jacarezinho - PR,37,Produto Interno Bruto a preços correntes,2021,1598028.734,municipal_gdp,1598028.734
4111902,Jaguapitã - PR,37,Produto Interno Bruto a preços correntes,2021,1049381.706,municipal_gdp,1049381.706
4112009,Jaguariaíva - PR,37,Produto Interno Bruto a preços correntes,2021,1788852.542,municipal_gdp,1788852.542
4112108,Jandaia do Sul - PR,37,Produto Interno Bruto a preços correntes,2021,790155.332,municipal_gdp,790155.332
4112207,Janiópolis - PR,37,Produto Interno Bruto a preços correntes,2021,241935.564,municipal_gdp,241935.564
4112306,Japira - PR,37,Produto Interno Bruto a preços correntes,2021,163418.385,municipal_gdp,163418.385
4112405,Japurá - PR,37,Produto Interno Bruto a preços correntes,2021,321177.772,municipal_gdp,321177.772
4112504,Jardim Alegre - PR,37,Produto Interno Bruto a preços correntes,2021,374098.815,municipal_gdp,374098.815
4112603,Jardim Olinda - PR,37,Produto Interno Bruto a preços correntes,2021,57043.743,municipal_gdp,57043.743
4112702,Jataizinho - PR,37,Produto Interno Bruto a preços correntes,2021,282675.897,municipal_gdp,282675.897
4112751,Jesuítas - PR,37,Produto Interno Bruto a preços correntes,2021,441971.667,municipal_gdp,441971.667
4112801,Joaquim Távora - PR,37,Produto Interno Bruto a preços correntes,2021,680976.769,municipal_gdp,680976.769
4112900,Jundiaí do Sul - PR,37,Produto Interno Bruto a preços correntes,2021,128060.072,municipal_gdp,128060.072
4112959,Juranda - PR,37,Produto Interno Bruto a preços correntes,2021,440930.587,municipal_gdp,440930.587
4113007,Jussara - PR,37,Produto Interno Bruto a preços correntes,2021,405133.100,municipal_gdp,405133.1
4113106,Kaloré - PR,37,Produto Interno Bruto a preços correntes,2021,165649.930,municipal_gdp,165649.93
4113205,Lapa - PR,37,Produto Interno Bruto a preços correntes,2021,2841178.919,municipal_gdp,2841178.919
4113254,Laranjal - PR,37,Produto Interno Bruto a preços correntes,2021,113016.057,municipal_gdp,113016.057
4113304,Laranjeiras do Sul - PR,37,Produto Interno Bruto a preços correntes,2021,1027729.173,municipal_gdp,1027729.173
4113403,Leópolis - PR,37,Produto Interno Bruto a preços correntes,2021,227372.252,municipal_gdp,227372.252
4113429,Lidianópolis - PR,37,Produto Interno Bruto a preços correntes,2021,125681.099,municipal_gdp,125681.099
4113452,Lindoeste - PR,37,Produto Interno Bruto a preços correntes,2021,200870.941,municipal_gdp,200870.941
4113502,Loanda - PR,37,Produto Interno Bruto a preços correntes,2021,697949.589,municipal_gdp,697949.589
4113601,Lobato - PR,37,Produto Interno Bruto a preços correntes,2021,215563.727,municipal_gdp,215563.727
4113700,Londrina - PR,37,Produto Interno Bruto a preços correntes,2021,23603697.769,municipal_gdp,23603697.769
4113734,Luiziana - PR,37,Produto Interno Bruto a preços correntes,2021,546858.495,municipal_gdp,546858.495
4113759,Lunardelli - PR,37,Produto Interno Bruto a preços correntes,2021,142209.830,municipal_gdp,142209.83
4113809,Lupionópolis - PR,37,Produto Interno Bruto a preços correntes,2021,131497.619,municipal_gdp,131497.619
4113908,Mallet - PR,37,Produto Interno Bruto a preços correntes,2021,758396.598,municipal_gdp,758396.598
4114005,Mamborê - PR,37,Produto Interno Bruto a preços correntes,2021,793176.968,municipal_gdp,793176.968
4114104,Mandaguaçu - PR,37,Produto Interno Bruto a preços correntes,2021,687732.583,municipal_gdp,687732.583
4114203,Mandaguari - PR,37,Produto Interno Bruto a preços correntes,2021,1835705.759,municipal_gdp,1835705.759
4114302,Mandirituba - PR,37,Produto Interno Bruto a preços correntes,2021,665013.361,municipal_gdp,665013.361
4114351,Manfrinópolis - PR,37,Produto Interno Bruto a preços correntes,2021,81471.745,municipal_gdp,81471.745
4114401,Mangueirinha - PR,37,Produto Interno Bruto a preços correntes,2021,1773267.653,municipal_gdp,1773267.653
4114500,Manoel Ribas - PR,37,Produto Interno Bruto a preços correntes,2021,531488.432,municipal_gdp,531488.432
4114609,Marechal Cândido Rondon - PR,37,Produto Interno Bruto a preços correntes,2021,2923748.758,municipal_gdp,2923748.758
4114708,Maria Helena - PR,37,Produto Interno Bruto a preços correntes,2021,134442.814,municipal_gdp,134442.814
4114807,Marialva - PR,37,Produto Interno Bruto a preços correntes,2021,2654432.981,municipal_gdp,2654432.981
4114906,Marilândia do Sul - PR,37,Produto Interno Bruto a preços correntes,2021,466433.330,municipal_gdp,466433.33
4115002,Marilena - PR,37,Produto Interno Bruto a preços correntes,2021,174490.253,municipal_gdp,174490.253
4115101,Mariluz - PR,37,Produto Interno Bruto a preços correntes,2021,284358.876,municipal_gdp,284358.876
4115200,Maringá - PR,37,Produto Interno Bruto a preços correntes,2021,22655737.622,municipal_gdp,22655737.622
4115309,Mariópolis - PR,37,Produto Interno Bruto a preços correntes,2021,439910.968,municipal_gdp,439910.968
4115358,Maripá - PR,37,Produto Interno Bruto a preços correntes,2021,478110.087,municipal_gdp,478110.087
4115408,Marmeleiro - PR,37,Produto Interno Bruto a preços correntes,2021,635103.979,municipal_gdp,635103.979
4115457,Marquinho - PR,37,Produto Interno Bruto a preços correntes,2021,111453.673,municipal_gdp,111453.673
4115507,Marumbi - PR,37,Produto Interno Bruto a preços correntes,2021,103450.896,municipal_gdp,103450.896
4115606,Matelândia - PR,37,Produto Interno Bruto a preços correntes,2021,1096365.724,municipal_gdp,1096365.724
4115705,Matinhos - PR,37,Produto Interno Bruto a preços correntes,2021,892231.734,municipal_gdp,892231.734
4115739,Mato Rico - PR,37,Produto Interno Bruto a preços correntes,2021,123186.692,municipal_gdp,123186.692
4115754,Mauá da Serra - PR,37,Produto Interno Bruto a preços correntes,2021,373698.444,municipal_gdp,373698.444
4115804,Medianeira - PR,37,Produto Interno Bruto a preços correntes,2021,2442039.620,municipal_gdp,2442039.62
4115853,Mercedes - PR,37,Produto Interno Bruto a preços correntes,2021,278211.310,municipal_gdp,278211.31
4115903,Mirador - PR,37,Produto Interno Bruto a preços correntes,2021,126634.554,municipal_gdp,126634.554
4116000,Miraselva - PR,37,Produto Interno Bruto a preços correntes,2021,52323.939,municipal_gdp,52323.939
4116059,Missal - PR,37,Produto Interno Bruto a preços correntes,2021,466419.767,municipal_gdp,466419.767
4116109,Moreira Sales - PR,37,Produto Interno Bruto a preços correntes,2021,306144.078,municipal_gdp,306144.078
4116208,Morretes - PR,37,Produto Interno Bruto a preços correntes,2021,389210.593,municipal_gdp,389210.593
4116307,Munhoz de Melo - PR,37,Produto Interno Bruto a preços correntes,2021,136928.671,municipal_gdp,136928.671
4116406,Nossa Senhora das Graças - PR,37,Produto Interno Bruto a preços correntes,2021,99515.465,municipal_gdp,99515.465
4116505,Nova Aliança do Ivaí - PR,37,Produto Interno Bruto a preços correntes,2021,51926.168,municipal_gdp,51926.168
4116604,Nova América da Colina - PR,37,Produto Interno Bruto a preços correntes,2021,97599.777,municipal_gdp,97599.777
4116703,Nova Aurora - PR,37,Produto Interno Bruto a preços correntes,2021,819755.130,municipal_gdp,819755.13
4116802,Nova Cantu - PR,37,Produto Interno Bruto a preços correntes,2021,348087.333,municipal_gdp,348087.333
4116901,Nova Esperança - PR,37,Produto Interno Bruto a preços correntes,2021,943181.172,municipal_gdp,943181.172
4116950,Nova Esperança do Sudoeste - PR,37,Produto Interno Bruto a preços correntes,2021,164792.007,municipal_gdp,164792.007
4117008,Nova Fátima - PR,37,Produto Interno Bruto a preços correntes,2021,314928.090,municipal_gdp,314928.09
4117057,Nova Laranjeiras - PR,37,Produto Interno Bruto a preços correntes,2021,308283.982,municipal_gdp,308283.982
4117107,Nova Londrina - PR,37,Produto Interno Bruto a preços correntes,2021,442935.123,municipal_gdp,442935.123
4117206,Nova Olímpia - PR,37,Produto Interno Bruto a preços correntes,2021,109207.309,municipal_gdp,109207.309
4117214,Nova Santa Bárbara - PR,37,Produto Interno Bruto a preços correntes,2021,110741.688,municipal_gdp,110741.688
4117222,Nova Santa Rosa - PR,37,Produto Interno Bruto a preços correntes,2021,439747.217,municipal_gdp,439747.217
4117255,Nova Prata do Iguaçu - PR,37,Produto Interno Bruto a preços correntes,2021,492498.387,municipal_gdp,492498.387
4117271,Nova Tebas - PR,37,Produto Interno Bruto a preços correntes,2021,189787.742,municipal_gdp,189787.742
4117297,Novo Itacolomi - PR,37,Produto Interno Bruto a preços correntes,2021,91406.773,municipal_gdp,91406.773
4117305,Ortigueira - PR,37,Produto Interno Bruto a preços correntes,2021,2726429.788,municipal_gdp,2726429.788
4117404,Ourizona - PR,37,Produto Interno Bruto a preços correntes,2021,166695.524,municipal_gdp,166695.524
4117453,Ouro Verde do Oeste - PR,37,Produto Interno Bruto a preços correntes,2021,318622.099,municipal_gdp,318622.099
4117503,Paiçandu - PR,37,Produto Interno Bruto a preços correntes,2021,1057696.252,municipal_gdp,1057696.252
4117602,Palmas - PR,37,Produto Interno Bruto a preços correntes,2021,1616524.984,municipal_gdp,1616524.984
4117701,Palmeira - PR,37,Produto Interno Bruto a preços correntes,2021,1642025.795,municipal_gdp,1642025.795
4117800,Palmital - PR,37,Produto Interno Bruto a preços correntes,2021,330836.945,municipal_gdp,330836.945
4117909,Palotina - PR,37,Produto Interno Bruto a preços correntes,2021,2815814.961,municipal_gdp,2815814.961
4118006,Paraíso do Norte - PR,37,Produto Interno Bruto a preços correntes,2021,377239.361,municipal_gdp,377239.361
4118105,Paranacity - PR,37,Produto Interno Bruto a preços correntes,2021,325522.446,municipal_gdp,325522.446
4118204,Paranaguá - PR,37,Produto Interno Bruto a preços correntes,2021,13646907.618,municipal_gdp,13646907.618
4118303,Paranapoema - PR,37,Produto Interno Bruto a preços correntes,2021,92021.007,municipal_gdp,92021.007
4118402,Paranavaí - PR,37,Produto Interno Bruto a preços correntes,2021,3179797.793,municipal_gdp,3179797.793
4118451,Pato Bragado - PR,37,Produto Interno Bruto a preços correntes,2021,243482.555,municipal_gdp,243482.555
4118501,Pato Branco - PR,37,Produto Interno Bruto a preços correntes,2021,4548085.634,municipal_gdp,4548085.634
4118600,Paula Freitas - PR,37,Produto Interno Bruto a preços correntes,2021,439961.842,municipal_gdp,439961.842
4118709,Paulo Frontin - PR,37,Produto Interno Bruto a preços correntes,2021,396724.318,municipal_gdp,396724.318
4118808,Peabiru - PR,37,Produto Interno Bruto a preços correntes,2021,454228.595,municipal_gdp,454228.595
4118857,Perobal - PR,37,Produto Interno Bruto a preços correntes,2021,281883.029,municipal_gdp,281883.029
4118907,Pérola - PR,37,Produto Interno Bruto a preços correntes,2021,359685.256,municipal_gdp,359685.256
4119004,Pérola d'Oeste - PR,37,Produto Interno Bruto a preços correntes,2021,237951.966,municipal_gdp,237951.966
4119103,Piên - PR,37,Produto Interno Bruto a preços correntes,2021,919728.788,municipal_gdp,919728.788
4119152,Pinhais - PR,37,Produto Interno Bruto a preços correntes,2021,7962953.714,municipal_gdp,7962953.714
4119202,Pinhalão - PR,37,Produto Interno Bruto a preços correntes,2021,251475.037,municipal_gdp,251475.037
4119251,Pinhal de São Bento - PR,37,Produto Interno Bruto a preços correntes,2021,80246.248,municipal_gdp,80246.248
4119301,Pinhão - PR,37,Produto Interno Bruto a preços correntes,2021,1794773.096,municipal_gdp,1794773.096
4119400,Piraí do Sul - PR,37,Produto Interno Bruto a preços correntes,2021,1191670.094,municipal_gdp,1191670.094
4119509,Piraquara - PR,37,Produto Interno Bruto a preços correntes,2021,1543846.668,municipal_gdp,1543846.668
4119608,Pitanga - PR,37,Produto Interno Bruto a preços correntes,2021,1140789.943,municipal_gdp,1140789.943
4119657,Pitangueiras - PR,37,Produto Interno Bruto a preços correntes,2021,121843.059,municipal_gdp,121843.059
4119707,Planaltina do Paraná - PR,37,Produto Interno Bruto a preços correntes,2021,103914.117,municipal_gdp,103914.117
4119806,Planalto - PR,37,Produto Interno Bruto a preços correntes,2021,425325.992,municipal_gdp,425325.992
4119905,Ponta Grossa - PR,37,Produto Interno Bruto a preços correntes,2021,19490249.029,municipal_gdp,19490249.029
4119954,Pontal do Paraná - PR,37,Produto Interno Bruto a preços correntes,2021,653317.140,municipal_gdp,653317.14
4120002,Porecatu - PR,37,Produto Interno Bruto a preços correntes,2021,554196.448,municipal_gdp,554196.448
4120101,Porto Amazonas - PR,37,Produto Interno Bruto a preços correntes,2021,163130.609,municipal_gdp,163130.609
4120150,Porto Barreiro - PR,37,Produto Interno Bruto a preços correntes,2021,170012.504,municipal_gdp,170012.504
4120200,Porto Rico - PR,37,Produto Interno Bruto a preços correntes,2021,108610.676,municipal_gdp,108610.676
4120309,Porto Vitória - PR,37,Produto Interno Bruto a preços correntes,2021,98738.280,municipal_gdp,98738.28
4120333,Prado Ferreira - PR,37,Produto Interno Bruto a preços correntes,2021,170927.492,municipal_gdp,170927.492
4120358,Pranchita - PR,37,Produto Interno Bruto a preços correntes,2021,329443.205,municipal_gdp,329443.205
4120408,Presidente Castelo Branco - PR,37,Produto Interno Bruto a preços correntes,2021,147400.187,municipal_gdp,147400.187
4120507,Primeiro de Maio - PR,37,Produto Interno Bruto a preços correntes,2021,371262.272,municipal_gdp,371262.272
4120606,Prudentópolis - PR,37,Produto Interno Bruto a preços correntes,2021,1571729.702,municipal_gdp,1571729.702
4120655,Quarto Centenário - PR,37,Produto Interno Bruto a preços correntes,2021,363003.241,municipal_gdp,363003.241
4120705,Quatiguá - PR,37,Produto Interno Bruto a preços correntes,2021,212113.508,municipal_gdp,212113.508
4120804,Quatro Barras - PR,37,Produto Interno Bruto a preços correntes,2021,1941119.710,municipal_gdp,1941119.71
4120853,Quatro Pontes - PR,37,Produto Interno Bruto a preços correntes,2021,253566.971,municipal_gdp,253566.971
4120903,Quedas do Iguaçu - PR,37,Produto Interno Bruto a preços correntes,2021,1466516.773,municipal_gdp,1466516.773
4121000,Querência do Norte - PR,37,Produto Interno Bruto a preços correntes,2021,261215.656,municipal_gdp,261215.656
4121109,Quinta do Sol - PR,37,Produto Interno Bruto a preços correntes,2021,257470.657,municipal_gdp,257470.657
4121208,Quitandinha - PR,37,Produto Interno Bruto a preços correntes,2021,509136.952,municipal_gdp,509136.952
4121257,Ramilândia - PR,37,Produto Interno Bruto a preços correntes,2021,113773.899,municipal_gdp,113773.899
4121307,Rancho Alegre - PR,37,Produto Interno Bruto a preços correntes,2021,185650.888,municipal_gdp,185650.888
4121356,Rancho Alegre D'Oeste - PR,37,Produto Interno Bruto a preços correntes,2021,234807.489,municipal_gdp,234807.489
4121406,Realeza - PR,37,Produto Interno Bruto a preços correntes,2021,743081.796,municipal_gdp,743081.796
4121505,Rebouças - PR,37,Produto Interno Bruto a preços correntes,2021,536431.983,municipal_gdp,536431.983
4121604,Renascença - PR,37,Produto Interno Bruto a preços correntes,2021,422523.253,municipal_gdp,422523.253
4121703,Reserva - PR,37,Produto Interno Bruto a preços correntes,2021,757377.691,municipal_gdp,757377.691
4121752,Reserva do Iguaçu - PR,37,Produto Interno Bruto a preços correntes,2021,260028.165,municipal_gdp,260028.165
4121802,Ribeirão Claro - PR,37,Produto Interno Bruto a preços correntes,2021,383690.811,municipal_gdp,383690.811
4121901,Ribeirão do Pinhal - PR,37,Produto Interno Bruto a preços correntes,2021,338041.270,municipal_gdp,338041.27
4122008,Rio Azul - PR,37,Produto Interno Bruto a preços correntes,2021,729564.104,municipal_gdp,729564.104
4122107,Rio Bom - PR,37,Produto Interno Bruto a preços correntes,2021,104362.268,municipal_gdp,104362.268
4122156,Rio Bonito do Iguaçu - PR,37,Produto Interno Bruto a preços correntes,2021,441513.901,municipal_gdp,441513.901
4122172,Rio Branco do Ivaí - PR,37,Produto Interno Bruto a preços correntes,2021,115553.596,municipal_gdp,115553.596
4122206,Rio Branco do Sul - PR,37,Produto Interno Bruto a preços correntes,2021,1375599.077,municipal_gdp,1375599.077
4122305,Rio Negro - PR,37,Produto Interno Bruto a preços correntes,2021,1298354.286,municipal_gdp,1298354.286
4122404,Rolândia - PR,37,Produto Interno Bruto a preços correntes,2021,3574944.697,municipal_gdp,3574944.697
4122503,Roncador - PR,37,Produto Interno Bruto a preços correntes,2021,598091.415,municipal_gdp,598091.415
4122602,Rondon - PR,37,Produto Interno Bruto a preços correntes,2021,350063.589,municipal_gdp,350063.589
4122651,Rosário do Ivaí - PR,37,Produto Interno Bruto a preços correntes,2021,129867.926,municipal_gdp,129867.926
4122701,Sabáudia - PR,37,Produto Interno Bruto a preços correntes,2021,705317.693,municipal_gdp,705317.693
4122800,Salgado Filho - PR,37,Produto Interno Bruto a preços correntes,2021,124340.658,municipal_gdp,124340.658
4122909,Salto do Itararé - PR,37,Produto Interno Bruto a preços correntes,2021,103655.531,municipal_gdp,103655.531
4123006,Salto do Lontra - PR,37,Produto Interno Bruto a preços correntes,2021,529891.174,municipal_gdp,529891.174
4123105,Santa Amélia - PR,37,Produto Interno Bruto a preços correntes,2021,100856.439,municipal_gdp,100856.439
4123204,Santa Cecília do Pavão - PR,37,Produto Interno Bruto a preços correntes,2021,153510.076,municipal_gdp,153510.076
4123303,Santa Cruz de Monte Castelo - PR,37,Produto Interno Bruto a preços correntes,2021,375095.755,municipal_gdp,375095.755
4123402,Santa Fé - PR,37,Produto Interno Bruto a preços correntes,2021,319673.941,municipal_gdp,319673.941
4123501,Santa Helena - PR,37,Produto Interno Bruto a preços correntes,2021,1465190.723,municipal_gdp,1465190.723
4123600,Santa Inês - PR,37,Produto Interno Bruto a preços correntes,2021,51485.304,municipal_gdp,51485.304
4123709,Santa Isabel do Ivaí - PR,37,Produto Interno Bruto a preços correntes,2021,253122.708,municipal_gdp,253122.708
4123808,Santa Izabel do Oeste - PR,37,Produto Interno Bruto a preços correntes,2021,466992.004,municipal_gdp,466992.004
4123824,Santa Lúcia - PR,37,Produto Interno Bruto a preços correntes,2021,140108.196,municipal_gdp,140108.196
4123857,Santa Maria do Oeste - PR,37,Produto Interno Bruto a preços correntes,2021,267309.565,municipal_gdp,267309.565
4123907,Santa Mariana - PR,37,Produto Interno Bruto a preços correntes,2021,493066.450,municipal_gdp,493066.45
4123956,Santa Mônica - PR,37,Produto Interno Bruto a preços correntes,2021,91009.448,municipal_gdp,91009.448
4124004,Santana do Itararé - PR,37,Produto Interno Bruto a preços correntes,2021,171601.241,municipal_gdp,171601.241
4124020,Santa Tereza do Oeste - PR,37,Produto Interno Bruto a preços correntes,2021,582094.990,municipal_gdp,582094.99
4124053,Santa Terezinha de Itaipu - PR,37,Produto Interno Bruto a preços correntes,2021,687337.384,municipal_gdp,687337.384
4124103,Santo Antônio da Platina - PR,37,Produto Interno Bruto a preços correntes,2021,1505597.098,municipal_gdp,1505597.098
4124202,Santo Antônio do Caiuá - PR,37,Produto Interno Bruto a preços correntes,2021,54056.272,municipal_gdp,54056.272
4124301,Santo Antônio do Paraíso - PR,37,Produto Interno Bruto a preços correntes,2021,106891.728,municipal_gdp,106891.728
4124400,Santo Antônio do Sudoeste - PR,37,Produto Interno Bruto a preços correntes,2021,648290.483,municipal_gdp,648290.483
4124509,Santo Inácio - PR,37,Produto Interno Bruto a preços correntes,2021,532112.095,municipal_gdp,532112.095
4124608,São Carlos do Ivaí - PR,37,Produto Interno Bruto a preços correntes,2021,396026.150,municipal_gdp,396026.15
4124707,São Jerônimo da Serra - PR,37,Produto Interno Bruto a preços correntes,2021,322890.800,municipal_gdp,322890.8
4124806,São João - PR,37,Produto Interno Bruto a preços correntes,2021,890618.086,municipal_gdp,890618.086
4124905,São João do Caiuá - PR,37,Produto Interno Bruto a preços correntes,2021,154592.159,municipal_gdp,154592.159
4125001,São João do Ivaí - PR,37,Produto Interno Bruto a preços correntes,2021,361196.527,municipal_gdp,361196.527
4125100,São João do Triunfo - PR,37,Produto Interno Bruto a preços correntes,2021,579555.327,municipal_gdp,579555.327
4125209,São Jorge d'Oeste - PR,37,Produto Interno Bruto a preços correntes,2021,473334.492,municipal_gdp,473334.492
4125308,São Jorge do Ivaí - PR,37,Produto Interno Bruto a preços correntes,2021,401315.432,municipal_gdp,401315.432
4125357,São Jorge do Patrocínio - PR,37,Produto Interno Bruto a preços correntes,2021,145367.402,municipal_gdp,145367.402
4125407,São José da Boa Vista - PR,37,Produto Interno Bruto a preços correntes,2021,229784.755,municipal_gdp,229784.755
4125456,São José das Palmeiras - PR,37,Produto Interno Bruto a preços correntes,2021,99024.445,municipal_gdp,99024.445
4125506,São José dos Pinhais - PR,37,Produto Interno Bruto a preços correntes,2021,27008910.460,municipal_gdp,27008910.46
4125555,São Manoel do Paraná - PR,37,Produto Interno Bruto a preços correntes,2021,62337.796,municipal_gdp,62337.796
4125605,São Mateus do Sul - PR,37,Produto Interno Bruto a preços correntes,2021,1516857.792,municipal_gdp,1516857.792
4125704,São Miguel do Iguaçu - PR,37,Produto Interno Bruto a preços correntes,2021,1470080.600,municipal_gdp,1470080.6
4125753,São Pedro do Iguaçu - PR,37,Produto Interno Bruto a preços correntes,2021,247153.768,municipal_gdp,247153.768
4125803,São Pedro do Ivaí - PR,37,Produto Interno Bruto a preços correntes,2021,370121.142,municipal_gdp,370121.142
4125902,São Pedro do Paraná - PR,37,Produto Interno Bruto a preços correntes,2021,90322.814,municipal_gdp,90322.814
4126009,São Sebastião da Amoreira - PR,37,Produto Interno Bruto a preços correntes,2021,300151.913,municipal_gdp,300151.913
4126108,São Tomé - PR,37,Produto Interno Bruto a preços correntes,2021,163463.025,municipal_gdp,163463.025
4126207,Sapopema - PR,37,Produto Interno Bruto a preços correntes,2021,153879.679,municipal_gdp,153879.679
4126256,Sarandi - PR,37,Produto Interno Bruto a preços correntes,2021,2072734.634,municipal_gdp,2072734.634
4126272,Saudade do Iguaçu - PR,37,Produto Interno Bruto a preços correntes,2021,786318.103,municipal_gdp,786318.103
4126306,Sengés - PR,37,Produto Interno Bruto a preços correntes,2021,664789.659,municipal_gdp,664789.659
4126355,Serranópolis do Iguaçu - PR,37,Produto Interno Bruto a preços correntes,2021,291329.027,municipal_gdp,291329.027
4126405,Sertaneja - PR,37,Produto Interno Bruto a preços correntes,2021,416451.057,municipal_gdp,416451.057
4126504,Sertanópolis - PR,37,Produto Interno Bruto a preços correntes,2021,690779.648,municipal_gdp,690779.648
4126603,Siqueira Campos - PR,37,Produto Interno Bruto a preços correntes,2021,706556.119,municipal_gdp,706556.119
4126652,Sulina - PR,37,Produto Interno Bruto a preços correntes,2021,158519.504,municipal_gdp,158519.504
4126678,Tamarana - PR,37,Produto Interno Bruto a preços correntes,2021,391581.275,municipal_gdp,391581.275
4126702,Tamboara - PR,37,Produto Interno Bruto a preços correntes,2021,126316.066,municipal_gdp,126316.066
4126801,Tapejara - PR,37,Produto Interno Bruto a preços correntes,2021,496649.622,municipal_gdp,496649.622
4126900,Tapira - PR,37,Produto Interno Bruto a preços correntes,2021,153423.045,municipal_gdp,153423.045
4127007,Teixeira Soares - PR,37,Produto Interno Bruto a preços correntes,2021,616404.008,municipal_gdp,616404.008
4127106,Telêmaco Borba - PR,37,Produto Interno Bruto a preços correntes,2021,4913441.099,municipal_gdp,4913441.099
4127205,Terra Boa - PR,37,Produto Interno Bruto a preços correntes,2021,569416.046,municipal_gdp,569416.046
4127304,Terra Rica - PR,37,Produto Interno Bruto a preços correntes,2021,376154.902,municipal_gdp,376154.902
4127403,Terra Roxa - PR,37,Produto Interno Bruto a preços correntes,2021,896105.258,municipal_gdp,896105.258
4127502,Tibagi - PR,37,Produto Interno Bruto a preços correntes,2021,1440059.820,municipal_gdp,1440059.82
4127601,Tijucas do Sul - PR,37,Produto Interno Bruto a preços correntes,2021,576383.832,municipal_gdp,576383.832
4127700,Toledo - PR,37,Produto Interno Bruto a preços correntes,2021,7482189.950,municipal_gdp,7482189.95
4127809,Tomazina - PR,37,Produto Interno Bruto a preços correntes,2021,324155.918,municipal_gdp,324155.918
4127858,Três Barras do Paraná - PR,37,Produto Interno Bruto a preços correntes,2021,435955.600,municipal_gdp,435955.6
4127882,Tunas do Paraná - PR,37,Produto Interno Bruto a preços correntes,2021,144128.876,municipal_gdp,144128.876
4127908,Tuneiras do Oeste - PR,37,Produto Interno Bruto a preços correntes,2021,233721.136,municipal_gdp,233721.136
4127957,Tupãssi - PR,37,Produto Interno Bruto a preços correntes,2021,431426.640,municipal_gdp,431426.64
4127965,Turvo - PR,37,Produto Interno Bruto a preços correntes,2021,601621.885,municipal_gdp,601621.885
4128005,Ubiratã - PR,37,Produto Interno Bruto a preços correntes,2021,1713942.145,municipal_gdp,1713942.145
4128104,Umuarama - PR,37,Produto Interno Bruto a preços correntes,2021,4103610.112,municipal_gdp,4103610.112
4128203,União da Vitória - PR,37,Produto Interno Bruto a preços correntes,2021,1959155.034,municipal_gdp,1959155.034
4128302,Uniflor - PR,37,Produto Interno Bruto a preços correntes,2021,99878.239,municipal_gdp,99878.239
4128401,Uraí - PR,37,Produto Interno Bruto a preços correntes,2021,367845.614,municipal_gdp,367845.614
4128500,Wenceslau Braz - PR,37,Produto Interno Bruto a preços correntes,2021,711220.509,municipal_gdp,711220.509
4128534,Ventania - PR,37,Produto Interno Bruto a preços correntes,2021,347602.648,municipal_gdp,347602.648
4128559,Vera Cruz do Oeste - PR,37,Produto Interno Bruto a preços correntes,2021,341108.333,municipal_gdp,341108.333
4128609,Verê - PR,37,Produto Interno Bruto a preços correntes,2021,499727.511,municipal_gdp,499727.511
4128625,Alto Paraíso - PR,37,Produto Interno Bruto a preços correntes,2021,113661.355,municipal_gdp,113661.355
4128633,Doutor Ulysses - PR,37,Produto Interno Bruto a preços correntes,2021,99207.086,municipal_gdp,99207.086
4128658,Virmond - PR,37,Produto Interno Bruto a preços correntes,2021,189727.713,municipal_gdp,189727.713
4128708,Vitorino - PR,37,Produto Interno Bruto a preços correntes,2021,498333.695,municipal_gdp,498333.695
4128807,Xambrê - PR,37,Produto Interno Bruto a preços correntes,2021,119630.566,municipal_gdp,119630.566
4200051,Abdon Batista - SC,37,Produto Interno Bruto a preços correntes,2021,75130.849,municipal_gdp,75130.849
4200101,Abelardo Luz - SC,37,Produto Interno Bruto a preços correntes,2021,785908.066,municipal_gdp,785908.066
4200200,Agrolândia - SC,37,Produto Interno Bruto a preços correntes,2021,396148.384,municipal_gdp,396148.384
4200309,Agronômica - SC,37,Produto Interno Bruto a preços correntes,2021,232893.071,municipal_gdp,232893.071
4200408,Água Doce - SC,37,Produto Interno Bruto a preços correntes,2021,651091.671,municipal_gdp,651091.671
4200507,Águas de Chapecó - SC,37,Produto Interno Bruto a preços correntes,2021,137706.696,municipal_gdp,137706.696
4200556,Águas Frias - SC,37,Produto Interno Bruto a preços correntes,2021,163075.085,municipal_gdp,163075.085
4200606,Águas Mornas - SC,37,Produto Interno Bruto a preços correntes,2021,199589.555,municipal_gdp,199589.555
4200705,Alfredo Wagner - SC,37,Produto Interno Bruto a preços correntes,2021,336468.535,municipal_gdp,336468.535
4200754,Alto Bela Vista - SC,37,Produto Interno Bruto a preços correntes,2021,78996.026,municipal_gdp,78996.026
4200804,Anchieta - SC,37,Produto Interno Bruto a preços correntes,2021,203805.111,municipal_gdp,203805.111
4200903,Angelina - SC,37,Produto Interno Bruto a preços correntes,2021,174561.296,municipal_gdp,174561.296
4201000,Anita Garibaldi - SC,37,Produto Interno Bruto a preços correntes,2021,231506.848,municipal_gdp,231506.848
4201109,Anitápolis - SC,37,Produto Interno Bruto a preços correntes,2021,84567.856,municipal_gdp,84567.856
4201208,Antônio Carlos - SC,37,Produto Interno Bruto a preços correntes,2021,796530.665,municipal_gdp,796530.665
4201257,Apiúna - SC,37,Produto Interno Bruto a preços correntes,2021,442459.788,municipal_gdp,442459.788
4201273,Arabutã - SC,37,Produto Interno Bruto a preços correntes,2021,284413.836,municipal_gdp,284413.836
4201307,Araquari - SC,37,Produto Interno Bruto a preços correntes,2021,7487999.648,municipal_gdp,7487999.648
4201406,Araranguá - SC,37,Produto Interno Bruto a preços correntes,2021,2385270.069,municipal_gdp,2385270.069
4201505,Armazém - SC,37,Produto Interno Bruto a preços correntes,2021,272105.707,municipal_gdp,272105.707
4201604,Arroio Trinta - SC,37,Produto Interno Bruto a preços correntes,2021,125952.959,municipal_gdp,125952.959
4201653,Arvoredo - SC,37,Produto Interno Bruto a preços correntes,2021,203871.883,municipal_gdp,203871.883
4201703,Ascurra - SC,37,Produto Interno Bruto a preços correntes,2021,244991.080,municipal_gdp,244991.08
4201802,Atalanta - SC,37,Produto Interno Bruto a preços correntes,2021,125980.531,municipal_gdp,125980.531
4201901,Aurora - SC,37,Produto Interno Bruto a preços correntes,2021,406918.387,municipal_gdp,406918.387
4201950,Balneário Arroio do Silva - SC,37,Produto Interno Bruto a preços correntes,2021,221906.845,municipal_gdp,221906.845
4202008,Balneário Camboriú - SC,37,Produto Interno Bruto a preços correntes,2021,7358668.959,municipal_gdp,7358668.959
4202057,Balneário Barra do Sul - SC,37,Produto Interno Bruto a preços correntes,2021,254639.120,municipal_gdp,254639.12
4202073,Balneário Gaivota - SC,37,Produto Interno Bruto a preços correntes,2021,216995.498,municipal_gdp,216995.498
4202081,Bandeirante - SC,37,Produto Interno Bruto a preços correntes,2021,102211.895,municipal_gdp,102211.895
4202099,Barra Bonita - SC,37,Produto Interno Bruto a preços correntes,2021,52280.698,municipal_gdp,52280.698
4202107,Barra Velha - SC,37,Produto Interno Bruto a preços correntes,2021,2372445.256,municipal_gdp,2372445.256
4202131,Bela Vista do Toldo - SC,37,Produto Interno Bruto a preços correntes,2021,196847.460,municipal_gdp,196847.46
4202156,Belmonte - SC,37,Produto Interno Bruto a preços correntes,2021,57652.351,municipal_gdp,57652.351
4202206,Benedito Novo - SC,37,Produto Interno Bruto a preços correntes,2021,470160.185,municipal_gdp,470160.185
4202305,Biguaçu - SC,37,Produto Interno Bruto a preços correntes,2021,2670278.406,municipal_gdp,2670278.406
4202404,Blumenau - SC,37,Produto Interno Bruto a preços correntes,2021,20579489.926,municipal_gdp,20579489.926
4202438,Bocaina do Sul - SC,37,Produto Interno Bruto a preços correntes,2021,135898.464,municipal_gdp,135898.464
4202453,Bombinhas - SC,37,Produto Interno Bruto a preços correntes,2021,877594.115,municipal_gdp,877594.115
4202503,Bom Jardim da Serra - SC,37,Produto Interno Bruto a preços correntes,2021,371657.948,municipal_gdp,371657.948
4202537,Bom Jesus - SC,37,Produto Interno Bruto a preços correntes,2021,159057.296,municipal_gdp,159057.296
4202578,Bom Jesus do Oeste - SC,37,Produto Interno Bruto a preços correntes,2021,73701.571,municipal_gdp,73701.571
4202602,Bom Retiro - SC,37,Produto Interno Bruto a preços correntes,2021,422363.462,municipal_gdp,422363.462
4202701,Botuverá - SC,37,Produto Interno Bruto a preços correntes,2021,430641.064,municipal_gdp,430641.064
4202800,Braço do Norte - SC,37,Produto Interno Bruto a preços correntes,2021,1745016.783,municipal_gdp,1745016.783
4202859,Braço do Trombudo - SC,37,Produto Interno Bruto a preços correntes,2021,250150.765,municipal_gdp,250150.765
4202875,Brunópolis - SC,37,Produto Interno Bruto a preços correntes,2021,137959.227,municipal_gdp,137959.227
4202909,Brusque - SC,37,Produto Interno Bruto a preços correntes,2021,8724534.162,municipal_gdp,8724534.162
4203006,Caçador - SC,37,Produto Interno Bruto a preços correntes,2021,4703416.329,municipal_gdp,4703416.329
4203105,Caibi - SC,37,Produto Interno Bruto a preços correntes,2021,316774.558,municipal_gdp,316774.558
4203154,Calmon - SC,37,Produto Interno Bruto a preços correntes,2021,97691.198,municipal_gdp,97691.198
4203204,Camboriú - SC,37,Produto Interno Bruto a preços correntes,2021,2242671.529,municipal_gdp,2242671.529
4203253,Capão Alto - SC,37,Produto Interno Bruto a preços correntes,2021,235019.490,municipal_gdp,235019.49
4203303,Campo Alegre - SC,37,Produto Interno Bruto a preços correntes,2021,699702.975,municipal_gdp,699702.975
4203402,Campo Belo do Sul - SC,37,Produto Interno Bruto a preços correntes,2021,333024.021,municipal_gdp,333024.021
4203501,Campo Erê - SC,37,Produto Interno Bruto a preços correntes,2021,437828.568,municipal_gdp,437828.568
4203600,Campos Novos - SC,37,Produto Interno Bruto a preços correntes,2021,2610346.588,municipal_gdp,2610346.588
4203709,Canelinha - SC,37,Produto Interno Bruto a preços correntes,2021,295662.498,municipal_gdp,295662.498
4203808,Canoinhas - SC,37,Produto Interno Bruto a preços correntes,2021,2203147.006,municipal_gdp,2203147.006
4203907,Capinzal - SC,37,Produto Interno Bruto a preços correntes,2021,1070739.935,municipal_gdp,1070739.935
4203956,Capivari de Baixo - SC,37,Produto Interno Bruto a preços correntes,2021,1348603.350,municipal_gdp,1348603.35
4204004,Catanduvas - SC,37,Produto Interno Bruto a preços correntes,2021,530880.731,municipal_gdp,530880.731
4204103,Caxambu do Sul - SC,37,Produto Interno Bruto a preços correntes,2021,164148.108,municipal_gdp,164148.108
4204152,Celso Ramos - SC,37,Produto Interno Bruto a preços correntes,2021,65903.292,municipal_gdp,65903.292
4204178,Cerro Negro - SC,37,Produto Interno Bruto a preços correntes,2021,141415.813,municipal_gdp,141415.813
4204194,Chapadão do Lageado - SC,37,Produto Interno Bruto a preços correntes,2021,97931.662,municipal_gdp,97931.662
4204202,Chapecó - SC,37,Produto Interno Bruto a preços correntes,2021,13694779.507,municipal_gdp,13694779.507
4204251,Cocal do Sul - SC,37,Produto Interno Bruto a preços correntes,2021,888493.104,municipal_gdp,888493.104
4204301,Concórdia - SC,37,Produto Interno Bruto a preços correntes,2021,4559829.025,municipal_gdp,4559829.025
4204350,Cordilheira Alta - SC,37,Produto Interno Bruto a preços correntes,2021,434572.746,municipal_gdp,434572.746
4204400,Coronel Freitas - SC,37,Produto Interno Bruto a preços correntes,2021,381582.577,municipal_gdp,381582.577
4204459,Coronel Martins - SC,37,Produto Interno Bruto a preços correntes,2021,57378.062,municipal_gdp,57378.062
4204509,Corupá - SC,37,Produto Interno Bruto a preços correntes,2021,797604.513,municipal_gdp,797604.513
4204558,Correia Pinto - SC,37,Produto Interno Bruto a preços correntes,2021,591364.311,municipal_gdp,591364.311
4204608,Criciúma - SC,37,Produto Interno Bruto a preços correntes,2021,10065323.051,municipal_gdp,10065323.051
4204707,Cunha Porã - SC,37,Produto Interno Bruto a preços correntes,2021,927562.198,municipal_gdp,927562.198
4204756,Cunhataí - SC,37,Produto Interno Bruto a preços correntes,2021,66625.103,municipal_gdp,66625.103
4204806,Curitibanos - SC,37,Produto Interno Bruto a preços correntes,2021,1875347.794,municipal_gdp,1875347.794
4204905,Descanso - SC,37,Produto Interno Bruto a preços correntes,2021,299005.534,municipal_gdp,299005.534
4205001,Dionísio Cerqueira - SC,37,Produto Interno Bruto a preços correntes,2021,636297.338,municipal_gdp,636297.338
4205100,Dona Emma - SC,37,Produto Interno Bruto a preços correntes,2021,165733.246,municipal_gdp,165733.246
4205159,Doutor Pedrinho - SC,37,Produto Interno Bruto a preços correntes,2021,175716.334,municipal_gdp,175716.334
4205175,Entre Rios - SC,37,Produto Interno Bruto a preços correntes,2021,60605.602,municipal_gdp,60605.602
4205191,Ermo - SC,37,Produto Interno Bruto a preços correntes,2021,176552.303,municipal_gdp,176552.303
4205209,Erval Velho - SC,37,Produto Interno Bruto a preços correntes,2021,183148.747,municipal_gdp,183148.747
4205308,Faxinal dos Guedes - SC,37,Produto Interno Bruto a preços correntes,2021,758371.392,municipal_gdp,758371.392
4205357,Flor do Sertão - SC,37,Produto Interno Bruto a preços correntes,2021,64277.694,municipal_gdp,64277.694
4205407,Florianópolis - SC,37,Produto Interno Bruto a preços correntes,2021,23559946.530,municipal_gdp,23559946.53
4205431,Formosa do Sul - SC,37,Produto Interno Bruto a preços correntes,2021,78636.998,municipal_gdp,78636.998
4205456,Forquilhinha - SC,37,Produto Interno Bruto a preços correntes,2021,1224547.814,municipal_gdp,1224547.814
4205506,Fraiburgo - SC,37,Produto Interno Bruto a preços correntes,2021,1273658.568,municipal_gdp,1273658.568
4205555,Frei Rogério - SC,37,Produto Interno Bruto a preços correntes,2021,102097.904,municipal_gdp,102097.904
4205605,Galvão - SC,37,Produto Interno Bruto a preços correntes,2021,99962.901,municipal_gdp,99962.901
4205704,Garopaba - SC,37,Produto Interno Bruto a preços correntes,2021,773365.453,municipal_gdp,773365.453
4205803,Garuva - SC,37,Produto Interno Bruto a preços correntes,2021,2033242.159,municipal_gdp,2033242.159
4205902,Gaspar - SC,37,Produto Interno Bruto a preços correntes,2021,4157382.576,municipal_gdp,4157382.576
4206009,Governador Celso Ramos - SC,37,Produto Interno Bruto a preços correntes,2021,449767.859,municipal_gdp,449767.859
4206108,Grão-Pará - SC,37,Produto Interno Bruto a preços correntes,2021,329165.919,municipal_gdp,329165.919
4206207,Gravatal - SC,37,Produto Interno Bruto a preços correntes,2021,387303.669,municipal_gdp,387303.669
4206306,Guabiruba - SC,37,Produto Interno Bruto a preços correntes,2021,1262926.124,municipal_gdp,1262926.124
4206405,Guaraciaba - SC,37,Produto Interno Bruto a preços correntes,2021,454636.503,municipal_gdp,454636.503
4206504,Guaramirim - SC,37,Produto Interno Bruto a preços correntes,2021,2514409.984,municipal_gdp,2514409.984
4206603,Guarujá do Sul - SC,37,Produto Interno Bruto a preços correntes,2021,202565.371,municipal_gdp,202565.371
4206652,Guatambú - SC,37,Produto Interno Bruto a preços correntes,2021,354999.366,municipal_gdp,354999.366
4206702,Herval d'Oeste - SC,37,Produto Interno Bruto a preços correntes,2021,624023.233,municipal_gdp,624023.233
4206751,Ibiam - SC,37,Produto Interno Bruto a preços correntes,2021,75608.041,municipal_gdp,75608.041
4206801,Ibicaré - SC,37,Produto Interno Bruto a preços correntes,2021,145417.704,municipal_gdp,145417.704
4206900,Ibirama - SC,37,Produto Interno Bruto a preços correntes,2021,599218.638,municipal_gdp,599218.638
4207007,Içara - SC,37,Produto Interno Bruto a preços correntes,2021,3521709.778,municipal_gdp,3521709.778
4207106,Ilhota - SC,37,Produto Interno Bruto a preços correntes,2021,1215355.675,municipal_gdp,1215355.675
4207205,Imaruí - SC,37,Produto Interno Bruto a preços correntes,2021,252843.029,municipal_gdp,252843.029
4207304,Imbituba - SC,37,Produto Interno Bruto a preços correntes,2021,2502978.422,municipal_gdp,2502978.422
4207403,Imbuia - SC,37,Produto Interno Bruto a preços correntes,2021,260686.901,municipal_gdp,260686.901
4207502,Indaial - SC,37,Produto Interno Bruto a preços correntes,2021,3675993.288,municipal_gdp,3675993.288
4207577,Iomerê - SC,37,Produto Interno Bruto a preços correntes,2021,227779.969,municipal_gdp,227779.969
4207601,Ipira - SC,37,Produto Interno Bruto a preços correntes,2021,107134.918,municipal_gdp,107134.918
4207650,Iporã do Oeste - SC,37,Produto Interno Bruto a preços correntes,2021,381311.080,municipal_gdp,381311.08
4207684,Ipuaçu - SC,37,Produto Interno Bruto a preços correntes,2021,321242.512,municipal_gdp,321242.512
4207700,Ipumirim - SC,37,Produto Interno Bruto a preços correntes,2021,465730.067,municipal_gdp,465730.067
4207759,Iraceminha - SC,37,Produto Interno Bruto a preços correntes,2021,133805.952,municipal_gdp,133805.952
4207809,Irani - SC,37,Produto Interno Bruto a preços correntes,2021,282689.951,municipal_gdp,282689.951
4207858,Irati - SC,37,Produto Interno Bruto a preços correntes,2021,56618.622,municipal_gdp,56618.622
4207908,Irineópolis - SC,37,Produto Interno Bruto a preços correntes,2021,458977.286,municipal_gdp,458977.286
4208005,Itá - SC,37,Produto Interno Bruto a preços correntes,2021,404731.702,municipal_gdp,404731.702
4208104,Itaiópolis - SC,37,Produto Interno Bruto a preços correntes,2021,1047674.635,municipal_gdp,1047674.635
4208203,Itajaí - SC,37,Produto Interno Bruto a preços correntes,2021,47757206.618,municipal_gdp,47757206.618
4208302,Itapema - SC,37,Produto Interno Bruto a preços correntes,2021,2889464.364,municipal_gdp,2889464.364
4208401,Itapiranga - SC,37,Produto Interno Bruto a preços correntes,2021,1064833.334,municipal_gdp,1064833.334
4208450,Itapoá - SC,37,Produto Interno Bruto a preços correntes,2021,1688955.169,municipal_gdp,1688955.169
4208500,Ituporanga - SC,37,Produto Interno Bruto a preços correntes,2021,1399717.486,municipal_gdp,1399717.486
4208609,Jaborá - SC,37,Produto Interno Bruto a preços correntes,2021,181353.593,municipal_gdp,181353.593
4208708,Jacinto Machado - SC,37,Produto Interno Bruto a preços correntes,2021,529784.590,municipal_gdp,529784.59
4208807,Jaguaruna - SC,37,Produto Interno Bruto a preços correntes,2021,852029.138,municipal_gdp,852029.138
4208906,Jaraguá do Sul - SC,37,Produto Interno Bruto a preços correntes,2021,12053538.705,municipal_gdp,12053538.705
4208955,Jardinópolis - SC,37,Produto Interno Bruto a preços correntes,2021,67321.491,municipal_gdp,67321.491
4209003,Joaçaba - SC,37,Produto Interno Bruto a preços correntes,2021,2381233.814,municipal_gdp,2381233.814
4209102,Joinville - SC,37,Produto Interno Bruto a preços correntes,2021,45074734.617,municipal_gdp,45074734.617
4209151,José Boiteux - SC,37,Produto Interno Bruto a preços correntes,2021,130477.132,municipal_gdp,130477.132
4209177,Jupiá - SC,37,Produto Interno Bruto a preços correntes,2021,88239.748,municipal_gdp,88239.748
4209201,Lacerdópolis - SC,37,Produto Interno Bruto a preços correntes,2021,137761.050,municipal_gdp,137761.05
4209300,Lages - SC,37,Produto Interno Bruto a preços correntes,2021,6577420.391,municipal_gdp,6577420.391
4209409,Laguna - SC,37,Produto Interno Bruto a preços correntes,2021,1093923.160,municipal_gdp,1093923.16
4209458,Lajeado Grande - SC,37,Produto Interno Bruto a preços correntes,2021,59138.731,municipal_gdp,59138.731
4209508,Laurentino - SC,37,Produto Interno Bruto a preços correntes,2021,444804.117,municipal_gdp,444804.117
4209607,Lauro Müller - SC,37,Produto Interno Bruto a preços correntes,2021,418821.316,municipal_gdp,418821.316
4209706,Lebon Régis - SC,37,Produto Interno Bruto a preços correntes,2021,416799.839,municipal_gdp,416799.839
4209805,Leoberto Leal - SC,37,Produto Interno Bruto a preços correntes,2021,119785.227,municipal_gdp,119785.227
4209854,Lindóia do Sul - SC,37,Produto Interno Bruto a preços correntes,2021,151920.221,municipal_gdp,151920.221
4209904,Lontras - SC,37,Produto Interno Bruto a preços correntes,2021,466218.077,municipal_gdp,466218.077
4210001,Luiz Alves - SC,37,Produto Interno Bruto a preços correntes,2021,792774.535,municipal_gdp,792774.535
4210035,Luzerna - SC,37,Produto Interno Bruto a preços correntes,2021,292995.148,municipal_gdp,292995.148
4210050,Macieira - SC,37,Produto Interno Bruto a preços correntes,2021,59146.838,municipal_gdp,59146.838
4210100,Mafra - SC,37,Produto Interno Bruto a preços correntes,2021,2490227.212,municipal_gdp,2490227.212
4210209,Major Gercino - SC,37,Produto Interno Bruto a preços correntes,2021,62143.680,municipal_gdp,62143.68
4210308,Major Vieira - SC,37,Produto Interno Bruto a preços correntes,2021,300319.059,municipal_gdp,300319.059
4210407,Maracajá - SC,37,Produto Interno Bruto a preços correntes,2021,273081.312,municipal_gdp,273081.312
4210506,Maravilha - SC,37,Produto Interno Bruto a preços correntes,2021,1794179.067,municipal_gdp,1794179.067
4210555,Marema - SC,37,Produto Interno Bruto a preços correntes,2021,97311.841,municipal_gdp,97311.841
4210605,Massaranduba - SC,37,Produto Interno Bruto a preços correntes,2021,751874.012,municipal_gdp,751874.012
4210704,Matos Costa - SC,37,Produto Interno Bruto a preços correntes,2021,62589.530,municipal_gdp,62589.53
4210803,Meleiro - SC,37,Produto Interno Bruto a preços correntes,2021,340386.062,municipal_gdp,340386.062
4210852,Mirim Doce - SC,37,Produto Interno Bruto a preços correntes,2021,89443.905,municipal_gdp,89443.905
4210902,Modelo - SC,37,Produto Interno Bruto a preços correntes,2021,170305.626,municipal_gdp,170305.626
4211009,Mondaí - SC,37,Produto Interno Bruto a preços correntes,2021,1089189.108,municipal_gdp,1089189.108
4211058,Monte Carlo - SC,37,Produto Interno Bruto a preços correntes,2021,233427.237,municipal_gdp,233427.237
4211108,Monte Castelo - SC,37,Produto Interno Bruto a preços correntes,2021,237436.610,municipal_gdp,237436.61
4211207,Morro da Fumaça - SC,37,Produto Interno Bruto a preços correntes,2021,922591.542,municipal_gdp,922591.542
4211256,Morro Grande - SC,37,Produto Interno Bruto a preços correntes,2021,145129.597,municipal_gdp,145129.597
4211306,Navegantes - SC,37,Produto Interno Bruto a preços correntes,2021,6143029.433,municipal_gdp,6143029.433
4211405,Nova Erechim - SC,37,Produto Interno Bruto a preços correntes,2021,248376.626,municipal_gdp,248376.626
4211454,Nova Itaberaba - SC,37,Produto Interno Bruto a preços correntes,2021,189438.609,municipal_gdp,189438.609
4211504,Nova Trento - SC,37,Produto Interno Bruto a preços correntes,2021,691558.991,municipal_gdp,691558.991
4211603,Nova Veneza - SC,37,Produto Interno Bruto a preços correntes,2021,1074610.270,municipal_gdp,1074610.27
4211652,Novo Horizonte - SC,37,Produto Interno Bruto a preços correntes,2021,119843.694,municipal_gdp,119843.694
4211702,Orleans - SC,37,Produto Interno Bruto a preços correntes,2021,1188043.986,municipal_gdp,1188043.986
4211751,Otacílio Costa - SC,37,Produto Interno Bruto a preços correntes,2021,998100.361,municipal_gdp,998100.361
4211801,Ouro - SC,37,Produto Interno Bruto a preços correntes,2021,252631.351,municipal_gdp,252631.351
4211850,Ouro Verde - SC,37,Produto Interno Bruto a preços correntes,2021,137266.498,municipal_gdp,137266.498
4211876,Paial - SC,37,Produto Interno Bruto a preços correntes,2021,58313.816,municipal_gdp,58313.816
4211892,Painel - SC,37,Produto Interno Bruto a preços correntes,2021,84940.762,municipal_gdp,84940.762
4211900,Palhoça - SC,37,Produto Interno Bruto a preços correntes,2021,8210037.213,municipal_gdp,8210037.213
4212007,Palma Sola - SC,37,Produto Interno Bruto a preços correntes,2021,332286.617,municipal_gdp,332286.617
4212056,Palmeira - SC,37,Produto Interno Bruto a preços correntes,2021,187896.540,municipal_gdp,187896.54
4212106,Palmitos - SC,37,Produto Interno Bruto a preços correntes,2021,913812.689,municipal_gdp,913812.689
4212205,Papanduva - SC,37,Produto Interno Bruto a preços correntes,2021,853825.629,municipal_gdp,853825.629
4212239,Paraíso - SC,37,Produto Interno Bruto a preços correntes,2021,143301.458,municipal_gdp,143301.458
4212254,Passo de Torres - SC,37,Produto Interno Bruto a preços correntes,2021,237368.224,municipal_gdp,237368.224
4212270,Passos Maia - SC,37,Produto Interno Bruto a preços correntes,2021,175185.287,municipal_gdp,175185.287
4212304,Paulo Lopes - SC,37,Produto Interno Bruto a preços correntes,2021,250072.785,municipal_gdp,250072.785
4212403,Pedras Grandes - SC,37,Produto Interno Bruto a preços correntes,2021,243931.210,municipal_gdp,243931.21
4212502,Penha - SC,37,Produto Interno Bruto a preços correntes,2021,1037152.613,municipal_gdp,1037152.613
4212601,Peritiba - SC,37,Produto Interno Bruto a preços correntes,2021,120957.018,municipal_gdp,120957.018
4212650,Pescaria Brava - SC,37,Produto Interno Bruto a preços correntes,2021,119467.627,municipal_gdp,119467.627
4212700,Petrolândia - SC,37,Produto Interno Bruto a preços correntes,2021,223564.253,municipal_gdp,223564.253
4212809,Balneário Piçarras - SC,37,Produto Interno Bruto a preços correntes,2021,1513947.496,municipal_gdp,1513947.496
4212908,Pinhalzinho - SC,37,Produto Interno Bruto a preços correntes,2021,1514219.441,municipal_gdp,1514219.441
4213005,Pinheiro Preto - SC,37,Produto Interno Bruto a preços correntes,2021,227281.515,municipal_gdp,227281.515
4213104,Piratuba - SC,37,Produto Interno Bruto a preços correntes,2021,801158.678,municipal_gdp,801158.678
4213153,Planalto Alegre - SC,37,Produto Interno Bruto a preços correntes,2021,141935.084,municipal_gdp,141935.084
4213203,Pomerode - SC,37,Produto Interno Bruto a preços correntes,2021,2806452.879,municipal_gdp,2806452.879
4213302,Ponte Alta - SC,37,Produto Interno Bruto a preços correntes,2021,175776.261,municipal_gdp,175776.261
4213351,Ponte Alta do Norte - SC,37,Produto Interno Bruto a preços correntes,2021,166641.327,municipal_gdp,166641.327
4213401,Ponte Serrada - SC,37,Produto Interno Bruto a preços correntes,2021,291075.288,municipal_gdp,291075.288
4213500,Porto Belo - SC,37,Produto Interno Bruto a preços correntes,2021,1472148.818,municipal_gdp,1472148.818
4213609,Porto União - SC,37,Produto Interno Bruto a preços correntes,2021,1149833.435,municipal_gdp,1149833.435
4213708,Pouso Redondo - SC,37,Produto Interno Bruto a preços correntes,2021,719080.676,municipal_gdp,719080.676
4213807,Praia Grande - SC,37,Produto Interno Bruto a preços correntes,2021,223278.882,municipal_gdp,223278.882
4213906,Presidente Castello Branco - SC,37,Produto Interno Bruto a preços correntes,2021,75922.983,municipal_gdp,75922.983
4214003,Presidente Getúlio - SC,37,Produto Interno Bruto a preços correntes,2021,985125.186,municipal_gdp,985125.186
4214102,Presidente Nereu - SC,37,Produto Interno Bruto a preços correntes,2021,62744.222,municipal_gdp,62744.222
4214151,Princesa - SC,37,Produto Interno Bruto a preços correntes,2021,135910.565,municipal_gdp,135910.565
4214201,Quilombo - SC,37,Produto Interno Bruto a preços correntes,2021,462641.713,municipal_gdp,462641.713
4214300,Rancho Queimado - SC,37,Produto Interno Bruto a preços correntes,2021,165750.944,municipal_gdp,165750.944
4214409,Rio das Antas - SC,37,Produto Interno Bruto a preços correntes,2021,288090.395,municipal_gdp,288090.395
4214508,Rio do Campo - SC,37,Produto Interno Bruto a preços correntes,2021,212940.736,municipal_gdp,212940.736
4214607,Rio do Oeste - SC,37,Produto Interno Bruto a preços correntes,2021,276135.741,municipal_gdp,276135.741
4214706,Rio dos Cedros - SC,37,Produto Interno Bruto a preços correntes,2021,475004.798,municipal_gdp,475004.798
4214805,Rio do Sul - SC,37,Produto Interno Bruto a preços correntes,2021,3690347.019,municipal_gdp,3690347.019
4214904,Rio Fortuna - SC,37,Produto Interno Bruto a preços correntes,2021,302785.144,municipal_gdp,302785.144
4215000,Rio Negrinho - SC,37,Produto Interno Bruto a preços correntes,2021,1614642.813,municipal_gdp,1614642.813
4215059,Rio Rufino - SC,37,Produto Interno Bruto a preços correntes,2021,70066.429,municipal_gdp,70066.429
4215075,Riqueza - SC,37,Produto Interno Bruto a preços correntes,2021,147664.822,municipal_gdp,147664.822
4215109,Rodeio - SC,37,Produto Interno Bruto a preços correntes,2021,390081.080,municipal_gdp,390081.08
4215208,Romelândia - SC,37,Produto Interno Bruto a preços correntes,2021,111332.805,municipal_gdp,111332.805
4215307,Salete - SC,37,Produto Interno Bruto a preços correntes,2021,318173.816,municipal_gdp,318173.816
4215356,Saltinho - SC,37,Produto Interno Bruto a preços correntes,2021,93630.124,municipal_gdp,93630.124
4215406,Salto Veloso - SC,37,Produto Interno Bruto a preços correntes,2021,266923.340,municipal_gdp,266923.34
4215455,Sangão - SC,37,Produto Interno Bruto a preços correntes,2021,466691.592,municipal_gdp,466691.592
4215505,Santa Cecília - SC,37,Produto Interno Bruto a preços correntes,2021,662060.300,municipal_gdp,662060.3
4215554,Santa Helena - SC,37,Produto Interno Bruto a preços correntes,2021,103612.985,municipal_gdp,103612.985
4215604,Santa Rosa de Lima - SC,37,Produto Interno Bruto a preços correntes,2021,72830.020,municipal_gdp,72830.02
4215653,Santa Rosa do Sul - SC,37,Produto Interno Bruto a preços correntes,2021,199093.560,municipal_gdp,199093.56
4215679,Santa Terezinha - SC,37,Produto Interno Bruto a preços correntes,2021,268987.889,municipal_gdp,268987.889
4215687,Santa Terezinha do Progresso - SC,37,Produto Interno Bruto a preços correntes,2021,65118.802,municipal_gdp,65118.802
4215695,Santiago do Sul - SC,37,Produto Interno Bruto a preços correntes,2021,48481.683,municipal_gdp,48481.683
4215703,Santo Amaro da Imperatriz - SC,37,Produto Interno Bruto a preços correntes,2021,1256506.631,municipal_gdp,1256506.631
4215752,São Bernardino - SC,37,Produto Interno Bruto a preços correntes,2021,88164.024,municipal_gdp,88164.024
4215802,São Bento do Sul - SC,37,Produto Interno Bruto a preços correntes,2021,4697510.537,municipal_gdp,4697510.537
4215901,São Bonifácio - SC,37,Produto Interno Bruto a preços correntes,2021,112431.565,municipal_gdp,112431.565
4216008,São Carlos - SC,37,Produto Interno Bruto a preços correntes,2021,520825.076,municipal_gdp,520825.076
4216057,São Cristóvão do Sul - SC,37,Produto Interno Bruto a preços correntes,2021,219812.268,municipal_gdp,219812.268
4216107,São Domingos - SC,37,Produto Interno Bruto a preços correntes,2021,450004.216,municipal_gdp,450004.216
4216206,São Francisco do Sul - SC,37,Produto Interno Bruto a preços correntes,2021,8516614.709,municipal_gdp,8516614.709
4216255,São João do Oeste - SC,37,Produto Interno Bruto a preços correntes,2021,353230.205,municipal_gdp,353230.205
4216305,São João Batista - SC,37,Produto Interno Bruto a preços correntes,2021,1029818.998,municipal_gdp,1029818.998
4216354,São João do Itaperiú - SC,37,Produto Interno Bruto a preços correntes,2021,338152.428,municipal_gdp,338152.428
4216404,São João do Sul - SC,37,Produto Interno Bruto a preços correntes,2021,282920.264,municipal_gdp,282920.264
4216503,São Joaquim - SC,37,Produto Interno Bruto a preços correntes,2021,1133377.656,municipal_gdp,1133377.656
4216602,São José - SC,37,Produto Interno Bruto a preços correntes,2021,13840194.700,municipal_gdp,13840194.7
4216701,São José do Cedro - SC,37,Produto Interno Bruto a preços correntes,2021,568199.725,municipal_gdp,568199.725
4216800,São José do Cerrito - SC,37,Produto Interno Bruto a preços correntes,2021,318823.866,municipal_gdp,318823.866
4216909,São Lourenço do Oeste - SC,37,Produto Interno Bruto a preços correntes,2021,1389520.744,municipal_gdp,1389520.744
4217006,São Ludgero - SC,37,Produto Interno Bruto a preços correntes,2021,929265.153,municipal_gdp,929265.153
4217105,São Martinho - SC,37,Produto Interno Bruto a preços correntes,2021,109265.510,municipal_gdp,109265.51
4217154,São Miguel da Boa Vista - SC,37,Produto Interno Bruto a preços correntes,2021,50299.691,municipal_gdp,50299.691
4217204,São Miguel do Oeste - SC,37,Produto Interno Bruto a preços correntes,2021,2174479.840,municipal_gdp,2174479.84
4217253,São Pedro de Alcântara - SC,37,Produto Interno Bruto a preços correntes,2021,101139.775,municipal_gdp,101139.775
4217303,Saudades - SC,37,Produto Interno Bruto a preços correntes,2021,527168.233,municipal_gdp,527168.233
4217402,Schroeder - SC,37,Produto Interno Bruto a preços correntes,2021,759499.228,municipal_gdp,759499.228
4217501,Seara - SC,37,Produto Interno Bruto a preços correntes,2021,1178643.916,municipal_gdp,1178643.916
4217550,Serra Alta - SC,37,Produto Interno Bruto a preços correntes,2021,118038.145,municipal_gdp,118038.145
4217600,Siderópolis - SC,37,Produto Interno Bruto a preços correntes,2021,679557.005,municipal_gdp,679557.005
4217709,Sombrio - SC,37,Produto Interno Bruto a preços correntes,2021,910385.849,municipal_gdp,910385.849
4217758,Sul Brasil - SC,37,Produto Interno Bruto a preços correntes,2021,83394.824,municipal_gdp,83394.824
4217808,Taió - SC,37,Produto Interno Bruto a preços correntes,2021,844678.391,municipal_gdp,844678.391
4217907,Tangará - SC,37,Produto Interno Bruto a preços correntes,2021,600872.170,municipal_gdp,600872.17
4217956,Tigrinhos - SC,37,Produto Interno Bruto a preços correntes,2021,65553.687,municipal_gdp,65553.687
4218004,Tijucas - SC,37,Produto Interno Bruto a preços correntes,2021,2438156.377,municipal_gdp,2438156.377
4218103,Timbé do Sul - SC,37,Produto Interno Bruto a preços correntes,2021,154884.569,municipal_gdp,154884.569
4218202,Timbó - SC,37,Produto Interno Bruto a preços correntes,2021,2534741.041,municipal_gdp,2534741.041
4218251,Timbó Grande - SC,37,Produto Interno Bruto a preços correntes,2021,303296.122,municipal_gdp,303296.122
4218301,Três Barras - SC,37,Produto Interno Bruto a preços correntes,2021,1522852.302,municipal_gdp,1522852.302
4218350,Treviso - SC,37,Produto Interno Bruto a preços correntes,2021,232256.933,municipal_gdp,232256.933
4218400,Treze de Maio - SC,37,Produto Interno Bruto a preços correntes,2021,199732.000,municipal_gdp,199732.0
4218509,Treze Tílias - SC,37,Produto Interno Bruto a preços correntes,2021,829531.908,municipal_gdp,829531.908
4218608,Trombudo Central - SC,37,Produto Interno Bruto a preços correntes,2021,437964.649,municipal_gdp,437964.649
4218707,Tubarão - SC,37,Produto Interno Bruto a preços correntes,2021,4817595.577,municipal_gdp,4817595.577
4218756,Tunápolis - SC,37,Produto Interno Bruto a preços correntes,2021,182315.835,municipal_gdp,182315.835
4218806,Turvo - SC,37,Produto Interno Bruto a preços correntes,2021,737916.019,municipal_gdp,737916.019
4218855,União do Oeste - SC,37,Produto Interno Bruto a preços correntes,2021,85131.946,municipal_gdp,85131.946
4218905,Urubici - SC,37,Produto Interno Bruto a preços correntes,2021,356315.297,municipal_gdp,356315.297
4218954,Urupema - SC,37,Produto Interno Bruto a preços correntes,2021,88458.900,municipal_gdp,88458.9
4219002,Urussanga - SC,37,Produto Interno Bruto a preços correntes,2021,1087691.420,municipal_gdp,1087691.42
4219101,Vargeão - SC,37,Produto Interno Bruto a preços correntes,2021,201009.745,municipal_gdp,201009.745
4219150,Vargem - SC,37,Produto Interno Bruto a preços correntes,2021,116146.444,municipal_gdp,116146.444
4219176,Vargem Bonita - SC,37,Produto Interno Bruto a preços correntes,2021,539920.021,municipal_gdp,539920.021
4219200,Vidal Ramos - SC,37,Produto Interno Bruto a preços correntes,2021,354849.280,municipal_gdp,354849.28
4219309,Videira - SC,37,Produto Interno Bruto a preços correntes,2021,3456102.140,municipal_gdp,3456102.14
4219358,Vitor Meireles - SC,37,Produto Interno Bruto a preços correntes,2021,142287.674,municipal_gdp,142287.674
4219408,Witmarsum - SC,37,Produto Interno Bruto a preços correntes,2021,175207.745,municipal_gdp,175207.745
4219507,Xanxerê - SC,37,Produto Interno Bruto a preços correntes,2021,2639976.938,municipal_gdp,2639976.938
4219606,Xavantina - SC,37,Produto Interno Bruto a preços correntes,2021,211879.818,municipal_gdp,211879.818
4219705,Xaxim - SC,37,Produto Interno Bruto a preços correntes,2021,1471922.481,municipal_gdp,1471922.481
4219853,Zortéa - SC,37,Produto Interno Bruto a preços correntes,2021,103656.515,municipal_gdp,103656.515
4220000,Balneário Rincão - SC,37,Produto Interno Bruto a preços correntes,2021,294751.343,municipal_gdp,294751.343
4300034,Aceguá - RS,37,Produto Interno Bruto a preços correntes,2021,458226.355,municipal_gdp,458226.355
4300059,Água Santa - RS,37,Produto Interno Bruto a preços correntes,2021,547412.925,municipal_gdp,547412.925
4300109,Agudo - RS,37,Produto Interno Bruto a preços correntes,2021,667876.901,municipal_gdp,667876.901
4300208,Ajuricaba - RS,37,Produto Interno Bruto a preços correntes,2021,521060.490,municipal_gdp,521060.49
4300307,Alecrim - RS,37,Produto Interno Bruto a preços correntes,2021,162073.239,municipal_gdp,162073.239
4300406,Alegrete - RS,37,Produto Interno Bruto a preços correntes,2021,3079885.857,municipal_gdp,3079885.857
4300455,Alegria - RS,37,Produto Interno Bruto a preços correntes,2021,156623.193,municipal_gdp,156623.193
4300471,Almirante Tamandaré do Sul - RS,37,Produto Interno Bruto a preços correntes,2021,276411.847,municipal_gdp,276411.847
4300505,Alpestre - RS,37,Produto Interno Bruto a preços correntes,2021,196383.735,municipal_gdp,196383.735
4300554,Alto Alegre - RS,37,Produto Interno Bruto a preços correntes,2021,106141.567,municipal_gdp,106141.567
4300570,Alto Feliz - RS,37,Produto Interno Bruto a preços correntes,2021,161548.892,municipal_gdp,161548.892
4300604,Alvorada - RS,37,Produto Interno Bruto a preços correntes,2021,3302273.337,municipal_gdp,3302273.337
4300638,Amaral Ferrador - RS,37,Produto Interno Bruto a preços correntes,2021,147633.404,municipal_gdp,147633.404
4300646,Ametista do Sul - RS,37,Produto Interno Bruto a preços correntes,2021,177771.981,municipal_gdp,177771.981
4300661,André da Rocha - RS,37,Produto Interno Bruto a preços correntes,2021,193089.736,municipal_gdp,193089.736
4300703,Anta Gorda - RS,37,Produto Interno Bruto a preços correntes,2021,322292.755,municipal_gdp,322292.755
4300802,Antônio Prado - RS,37,Produto Interno Bruto a preços correntes,2021,797512.764,municipal_gdp,797512.764
4300851,Arambaré - RS,37,Produto Interno Bruto a preços correntes,2021,285089.122,municipal_gdp,285089.122
4300877,Araricá - RS,37,Produto Interno Bruto a preços correntes,2021,236432.380,municipal_gdp,236432.38
4300901,Aratiba - RS,37,Produto Interno Bruto a preços correntes,2021,946971.906,municipal_gdp,946971.906
4301008,Arroio do Meio - RS,37,Produto Interno Bruto a preços correntes,2021,1536560.062,municipal_gdp,1536560.062
4301057,Arroio do Sal - RS,37,Produto Interno Bruto a preços correntes,2021,285580.398,municipal_gdp,285580.398
4301073,Arroio do Padre - RS,37,Produto Interno Bruto a preços correntes,2021,76784.699,municipal_gdp,76784.699
4301107,Arroio dos Ratos - RS,37,Produto Interno Bruto a preços correntes,2021,357347.875,municipal_gdp,357347.875
4301206,Arroio do Tigre - RS,37,Produto Interno Bruto a preços correntes,2021,429273.362,municipal_gdp,429273.362
4301305,Arroio Grande - RS,37,Produto Interno Bruto a preços correntes,2021,1131511.845,municipal_gdp,1131511.845
4301404,Arvorezinha - RS,37,Produto Interno Bruto a preços correntes,2021,336248.132,municipal_gdp,336248.132
4301503,Augusto Pestana - RS,37,Produto Interno Bruto a preços correntes,2021,504184.310,municipal_gdp,504184.31
4301552,Áurea - RS,37,Produto Interno Bruto a preços correntes,2021,163439.240,municipal_gdp,163439.24
4301602,Bagé - RS,37,Produto Interno Bruto a preços correntes,2021,3748436.997,municipal_gdp,3748436.997
4301636,Balneário Pinhal - RS,37,Produto Interno Bruto a preços correntes,2021,312094.778,municipal_gdp,312094.778
4301651,Barão - RS,37,Produto Interno Bruto a preços correntes,2021,308102.420,municipal_gdp,308102.42
4301701,Barão de Cotegipe - RS,37,Produto Interno Bruto a preços correntes,2021,341673.550,municipal_gdp,341673.55
4301750,Barão do Triunfo - RS,37,Produto Interno Bruto a preços correntes,2021,142319.419,municipal_gdp,142319.419
4301800,Barracão - RS,37,Produto Interno Bruto a preços correntes,2021,317084.779,municipal_gdp,317084.779
4301859,Barra do Guarita - RS,37,Produto Interno Bruto a preços correntes,2021,56811.540,municipal_gdp,56811.54
4301875,Barra do Quaraí - RS,37,Produto Interno Bruto a preços correntes,2021,386182.598,municipal_gdp,386182.598
4301909,Barra do Ribeiro - RS,37,Produto Interno Bruto a preços correntes,2021,507428.189,municipal_gdp,507428.189
4301925,Barra do Rio Azul - RS,37,Produto Interno Bruto a preços correntes,2021,80747.795,municipal_gdp,80747.795
4301958,Barra Funda - RS,37,Produto Interno Bruto a preços correntes,2021,165030.035,municipal_gdp,165030.035
4302006,Barros Cassal - RS,37,Produto Interno Bruto a preços correntes,2021,244514.468,municipal_gdp,244514.468
4302055,Benjamin Constant do Sul - RS,37,Produto Interno Bruto a preços correntes,2021,49313.673,municipal_gdp,49313.673
4302105,Bento Gonçalves - RS,37,Produto Interno Bruto a preços correntes,2021,7498525.294,municipal_gdp,7498525.294
4302154,Boa Vista das Missões - RS,37,Produto Interno Bruto a preços correntes,2021,238521.958,municipal_gdp,238521.958
4302204,Boa Vista do Buricá - RS,37,Produto Interno Bruto a preços correntes,2021,326886.614,municipal_gdp,326886.614
4302220,Boa Vista do Cadeado - RS,37,Produto Interno Bruto a preços correntes,2021,468751.666,municipal_gdp,468751.666
4302238,Boa Vista do Incra - RS,37,Produto Interno Bruto a preços correntes,2021,384173.957,municipal_gdp,384173.957
4302253,Boa Vista do Sul - RS,37,Produto Interno Bruto a preços correntes,2021,120127.489,municipal_gdp,120127.489
4302303,Bom Jesus - RS,37,Produto Interno Bruto a preços correntes,2021,613624.298,municipal_gdp,613624.298
4302352,Bom Princípio - RS,37,Produto Interno Bruto a preços correntes,2021,906595.961,municipal_gdp,906595.961
4302378,Bom Progresso - RS,37,Produto Interno Bruto a preços correntes,2021,86280.406,municipal_gdp,86280.406
4302402,Bom Retiro do Sul - RS,37,Produto Interno Bruto a preços correntes,2021,403056.098,municipal_gdp,403056.098
4302451,Boqueirão do Leão - RS,37,Produto Interno Bruto a preços correntes,2021,150394.643,municipal_gdp,150394.643
4302501,Bossoroca - RS,37,Produto Interno Bruto a preços correntes,2021,490599.017,municipal_gdp,490599.017
4302584,Bozano - RS,37,Produto Interno Bruto a preços correntes,2021,227410.127,municipal_gdp,227410.127
4302600,Braga - RS,37,Produto Interno Bruto a preços correntes,2021,130948.737,municipal_gdp,130948.737
4302659,Brochier - RS,37,Produto Interno Bruto a preços correntes,2021,117700.928,municipal_gdp,117700.928
4302709,Butiá - RS,37,Produto Interno Bruto a preços correntes,2021,543350.848,municipal_gdp,543350.848
4302808,Caçapava do Sul - RS,37,Produto Interno Bruto a preços correntes,2021,1122673.641,municipal_gdp,1122673.641
4302907,Cacequi - RS,37,Produto Interno Bruto a preços correntes,2021,623088.146,municipal_gdp,623088.146
4303004,Cachoeira do Sul - RS,37,Produto Interno Bruto a preços correntes,2021,3542706.333,municipal_gdp,3542706.333
4303103,Cachoeirinha - RS,37,Produto Interno Bruto a preços correntes,2021,6458503.943,municipal_gdp,6458503.943
4303202,Cacique Doble - RS,37,Produto Interno Bruto a preços correntes,2021,169235.943,municipal_gdp,169235.943
4303301,Caibaté - RS,37,Produto Interno Bruto a preços correntes,2021,264916.499,municipal_gdp,264916.499
4303400,Caiçara - RS,37,Produto Interno Bruto a preços correntes,2021,149121.997,municipal_gdp,149121.997
4303509,Camaquã - RS,37,Produto Interno Bruto a preços correntes,2021,2723674.452,municipal_gdp,2723674.452
4303558,Camargo - RS,37,Produto Interno Bruto a preços correntes,2021,520482.605,municipal_gdp,520482.605
4303608,Cambará do Sul - RS,37,Produto Interno Bruto a preços correntes,2021,242578.337,municipal_gdp,242578.337
4303673,Campestre da Serra - RS,37,Produto Interno Bruto a preços correntes,2021,204703.304,municipal_gdp,204703.304
4303707,Campina das Missões - RS,37,Produto Interno Bruto a preços correntes,2021,239169.628,municipal_gdp,239169.628
4303806,Campinas do Sul - RS,37,Produto Interno Bruto a preços correntes,2021,399404.256,municipal_gdp,399404.256
4303905,Campo Bom - RS,37,Produto Interno Bruto a preços correntes,2021,3600083.042,municipal_gdp,3600083.042
4304002,Campo Novo - RS,37,Produto Interno Bruto a preços correntes,2021,325739.678,municipal_gdp,325739.678
4304101,Campos Borges - RS,37,Produto Interno Bruto a preços correntes,2021,150033.640,municipal_gdp,150033.64
4304200,Candelária - RS,37,Produto Interno Bruto a preços correntes,2021,1078190.999,municipal_gdp,1078190.999
4304309,Cândido Godói - RS,37,Produto Interno Bruto a preços correntes,2021,358437.798,municipal_gdp,358437.798
4304358,Candiota - RS,37,Produto Interno Bruto a preços correntes,2021,2744010.195,municipal_gdp,2744010.195
4304408,Canela - RS,37,Produto Interno Bruto a preços correntes,2021,1595265.167,municipal_gdp,1595265.167
4304507,Canguçu - RS,37,Produto Interno Bruto a preços correntes,2021,1660011.425,municipal_gdp,1660011.425
4304606,Canoas - RS,37,Produto Interno Bruto a preços correntes,2021,21995417.891,municipal_gdp,21995417.891
4304614,Canudos do Vale - RS,37,Produto Interno Bruto a preços correntes,2021,67987.692,municipal_gdp,67987.692
4304622,Capão Bonito do Sul - RS,37,Produto Interno Bruto a preços correntes,2021,342053.357,municipal_gdp,342053.357
4304630,Capão da Canoa - RS,37,Produto Interno Bruto a preços correntes,2021,1966028.128,municipal_gdp,1966028.128
4304655,Capão do Cipó - RS,37,Produto Interno Bruto a preços correntes,2021,644965.498,municipal_gdp,644965.498
4304663,Capão do Leão - RS,37,Produto Interno Bruto a preços correntes,2021,830088.424,municipal_gdp,830088.424
4304671,Capivari do Sul - RS,37,Produto Interno Bruto a preços correntes,2021,386833.547,municipal_gdp,386833.547
4304689,Capela de Santana - RS,37,Produto Interno Bruto a preços correntes,2021,298587.995,municipal_gdp,298587.995
4304697,Capitão - RS,37,Produto Interno Bruto a preços correntes,2021,95379.058,municipal_gdp,95379.058
4304705,Carazinho - RS,37,Produto Interno Bruto a preços correntes,2021,3846857.510,municipal_gdp,3846857.51
4304713,Caraá - RS,37,Produto Interno Bruto a preços correntes,2021,165660.850,municipal_gdp,165660.85
4304804,Carlos Barbosa - RS,37,Produto Interno Bruto a preços correntes,2021,3529584.152,municipal_gdp,3529584.152
4304853,Carlos Gomes - RS,37,Produto Interno Bruto a preços correntes,2021,70447.289,municipal_gdp,70447.289
4304903,Casca - RS,37,Produto Interno Bruto a preços correntes,2021,717921.359,municipal_gdp,717921.359
4304952,Caseiros - RS,37,Produto Interno Bruto a preços correntes,2021,199197.079,municipal_gdp,199197.079
4305009,Catuípe - RS,37,Produto Interno Bruto a preços correntes,2021,638111.603,municipal_gdp,638111.603
4305108,Caxias do Sul - RS,37,Produto Interno Bruto a preços correntes,2021,31688551.690,municipal_gdp,31688551.69
4305116,Centenário - RS,37,Produto Interno Bruto a preços correntes,2021,120778.779,municipal_gdp,120778.779
4305124,Cerrito - RS,37,Produto Interno Bruto a preços correntes,2021,161328.242,municipal_gdp,161328.242
4305132,Cerro Branco - RS,37,Produto Interno Bruto a preços correntes,2021,90159.336,municipal_gdp,90159.336
4305157,Cerro Grande - RS,37,Produto Interno Bruto a preços correntes,2021,74182.326,municipal_gdp,74182.326
4305173,Cerro Grande do Sul - RS,37,Produto Interno Bruto a preços correntes,2021,203184.440,municipal_gdp,203184.44
4305207,Cerro Largo - RS,37,Produto Interno Bruto a preços correntes,2021,796777.353,municipal_gdp,796777.353
4305306,Chapada - RS,37,Produto Interno Bruto a preços correntes,2021,741827.744,municipal_gdp,741827.744
4305355,Charqueadas - RS,37,Produto Interno Bruto a preços correntes,2021,1736982.796,municipal_gdp,1736982.796
4305371,Charrua - RS,37,Produto Interno Bruto a preços correntes,2021,149351.766,municipal_gdp,149351.766
4305405,Chiapetta - RS,37,Produto Interno Bruto a preços correntes,2021,388836.373,municipal_gdp,388836.373
4305439,Chuí - RS,37,Produto Interno Bruto a preços correntes,2021,370302.672,municipal_gdp,370302.672
4305447,Chuvisca - RS,37,Produto Interno Bruto a preços correntes,2021,129740.739,municipal_gdp,129740.739
4305454,Cidreira - RS,37,Produto Interno Bruto a preços correntes,2021,362063.294,municipal_gdp,362063.294
4305504,Ciríaco - RS,37,Produto Interno Bruto a preços correntes,2021,264361.122,municipal_gdp,264361.122
4305587,Colinas - RS,37,Produto Interno Bruto a preços correntes,2021,87209.730,municipal_gdp,87209.73
4305603,Colorado - RS,37,Produto Interno Bruto a preços correntes,2021,338157.962,municipal_gdp,338157.962
4305702,Condor - RS,37,Produto Interno Bruto a preços correntes,2021,624707.056,municipal_gdp,624707.056
4305801,Constantina - RS,37,Produto Interno Bruto a preços correntes,2021,432349.568,municipal_gdp,432349.568
4305835,Coqueiro Baixo - RS,37,Produto Interno Bruto a preços correntes,2021,52163.969,municipal_gdp,52163.969
4305850,Coqueiros do Sul - RS,37,Produto Interno Bruto a preços correntes,2021,190144.917,municipal_gdp,190144.917
4305871,Coronel Barros - RS,37,Produto Interno Bruto a preços correntes,2021,226126.290,municipal_gdp,226126.29
4305900,Coronel Bicaco - RS,37,Produto Interno Bruto a preços correntes,2021,515154.268,municipal_gdp,515154.268
4305934,Coronel Pilar - RS,37,Produto Interno Bruto a preços correntes,2021,49059.731,municipal_gdp,49059.731
4305959,Cotiporã - RS,37,Produto Interno Bruto a preços correntes,2021,167928.673,municipal_gdp,167928.673
4305975,Coxilha - RS,37,Produto Interno Bruto a preços correntes,2021,422465.072,municipal_gdp,422465.072
4306007,Crissiumal - RS,37,Produto Interno Bruto a preços correntes,2021,508978.591,municipal_gdp,508978.591
4306056,Cristal - RS,37,Produto Interno Bruto a preços correntes,2021,308908.082,municipal_gdp,308908.082
4306072,Cristal do Sul - RS,37,Produto Interno Bruto a preços correntes,2021,94741.385,municipal_gdp,94741.385
4306106,Cruz Alta - RS,37,Produto Interno Bruto a preços correntes,2021,4609396.587,municipal_gdp,4609396.587
4306130,Cruzaltense - RS,37,Produto Interno Bruto a preços correntes,2021,144764.246,municipal_gdp,144764.246
4306205,Cruzeiro do Sul - RS,37,Produto Interno Bruto a preços correntes,2021,533004.442,municipal_gdp,533004.442
4306304,David Canabarro - RS,37,Produto Interno Bruto a preços correntes,2021,229363.650,municipal_gdp,229363.65
4306320,Derrubadas - RS,37,Produto Interno Bruto a preços correntes,2021,148407.867,municipal_gdp,148407.867
4306353,Dezesseis de Novembro - RS,37,Produto Interno Bruto a preços correntes,2021,57174.927,municipal_gdp,57174.927
4306379,Dilermando de Aguiar - RS,37,Produto Interno Bruto a preços correntes,2021,267902.110,municipal_gdp,267902.11
4306403,Dois Irmãos - RS,37,Produto Interno Bruto a preços correntes,2021,2188545.430,municipal_gdp,2188545.43
4306429,Dois Irmãos das Missões - RS,37,Produto Interno Bruto a preços correntes,2021,199195.051,municipal_gdp,199195.051
4306452,Dois Lajeados - RS,37,Produto Interno Bruto a preços correntes,2021,172601.617,municipal_gdp,172601.617
4306502,Dom Feliciano - RS,37,Produto Interno Bruto a preços correntes,2021,356859.868,municipal_gdp,356859.868
4306551,Dom Pedro de Alcântara - RS,37,Produto Interno Bruto a preços correntes,2021,65533.689,municipal_gdp,65533.689
4306601,Dom Pedrito - RS,37,Produto Interno Bruto a preços correntes,2021,2210948.446,municipal_gdp,2210948.446
4306700,Dona Francisca - RS,37,Produto Interno Bruto a preços correntes,2021,106596.454,municipal_gdp,106596.454
4306734,Doutor Maurício Cardoso - RS,37,Produto Interno Bruto a preços correntes,2021,260796.991,municipal_gdp,260796.991
4306759,Doutor Ricardo - RS,37,Produto Interno Bruto a preços correntes,2021,78890.781,municipal_gdp,78890.781
4306767,Eldorado do Sul - RS,37,Produto Interno Bruto a preços correntes,2021,2120268.870,municipal_gdp,2120268.87
4306809,Encantado - RS,37,Produto Interno Bruto a preços correntes,2021,1168357.678,municipal_gdp,1168357.678
4306908,Encruzilhada do Sul - RS,37,Produto Interno Bruto a preços correntes,2021,1080948.656,municipal_gdp,1080948.656
4306924,Engenho Velho - RS,37,Produto Interno Bruto a preços correntes,2021,73214.261,municipal_gdp,73214.261
4306932,Entre-Ijuís - RS,37,Produto Interno Bruto a preços correntes,2021,687578.061,municipal_gdp,687578.061
4306957,Entre Rios do Sul - RS,37,Produto Interno Bruto a preços correntes,2021,207517.071,municipal_gdp,207517.071
4306973,Erebango - RS,37,Produto Interno Bruto a preços correntes,2021,180479.152,municipal_gdp,180479.152
4307005,Erechim - RS,37,Produto Interno Bruto a preços correntes,2021,6882629.057,municipal_gdp,6882629.057
4307054,Ernestina - RS,37,Produto Interno Bruto a preços correntes,2021,265549.330,municipal_gdp,265549.33
4307104,Herval - RS,37,Produto Interno Bruto a preços correntes,2021,253607.506,municipal_gdp,253607.506
4307203,Erval Grande - RS,37,Produto Interno Bruto a preços correntes,2021,150883.195,municipal_gdp,150883.195
4307302,Erval Seco - RS,37,Produto Interno Bruto a preços correntes,2021,353968.247,municipal_gdp,353968.247
4307401,Esmeralda - RS,37,Produto Interno Bruto a preços correntes,2021,392860.080,municipal_gdp,392860.08
4307450,Esperança do Sul - RS,37,Produto Interno Bruto a preços correntes,2021,116731.453,municipal_gdp,116731.453
4307500,Espumoso - RS,37,Produto Interno Bruto a preços correntes,2021,1113105.663,municipal_gdp,1113105.663
4307559,Estação - RS,37,Produto Interno Bruto a preços correntes,2021,350708.237,municipal_gdp,350708.237
4307609,Estância Velha - RS,37,Produto Interno Bruto a preços correntes,2021,1875498.487,municipal_gdp,1875498.487
4307708,Esteio - RS,37,Produto Interno Bruto a preços correntes,2021,3749900.460,municipal_gdp,3749900.46
4307807,Estrela - RS,37,Produto Interno Bruto a preços correntes,2021,2171447.255,municipal_gdp,2171447.255
4307815,Estrela Velha - RS,37,Produto Interno Bruto a preços correntes,2021,197415.205,municipal_gdp,197415.205
4307831,Eugênio de Castro - RS,37,Produto Interno Bruto a preços correntes,2021,405443.863,municipal_gdp,405443.863
4307864,Fagundes Varela - RS,37,Produto Interno Bruto a preços correntes,2021,197919.259,municipal_gdp,197919.259
4307906,Farroupilha - RS,37,Produto Interno Bruto a preços correntes,2021,4398457.494,municipal_gdp,4398457.494
4308003,Faxinal do Soturno - RS,37,Produto Interno Bruto a preços correntes,2021,270105.956,municipal_gdp,270105.956
4308052,Faxinalzinho - RS,37,Produto Interno Bruto a preços correntes,2021,103166.464,municipal_gdp,103166.464
4308078,Fazenda Vilanova - RS,37,Produto Interno Bruto a preços correntes,2021,140823.742,municipal_gdp,140823.742
4308102,Feliz - RS,37,Produto Interno Bruto a preços correntes,2021,589354.788,municipal_gdp,589354.788
4308201,Flores da Cunha - RS,37,Produto Interno Bruto a preços correntes,2021,2538141.763,municipal_gdp,2538141.763
4308250,Floriano Peixoto - RS,37,Produto Interno Bruto a preços correntes,2021,103059.087,municipal_gdp,103059.087
4308300,Fontoura Xavier - RS,37,Produto Interno Bruto a preços correntes,2021,227470.055,municipal_gdp,227470.055
4308409,Formigueiro - RS,37,Produto Interno Bruto a preços correntes,2021,302800.503,municipal_gdp,302800.503
4308433,Forquetinha - RS,37,Produto Interno Bruto a preços correntes,2021,58939.919,municipal_gdp,58939.919
4308458,Fortaleza dos Valos - RS,37,Produto Interno Bruto a preços correntes,2021,564772.879,municipal_gdp,564772.879
4308508,Frederico Westphalen - RS,37,Produto Interno Bruto a preços correntes,2021,1430610.907,municipal_gdp,1430610.907
4308607,Garibaldi - RS,37,Produto Interno Bruto a preços correntes,2021,2997968.987,municipal_gdp,2997968.987
4308656,Garruchos - RS,37,Produto Interno Bruto a preços correntes,2021,200967.158,municipal_gdp,200967.158
4308706,Gaurama - RS,37,Produto Interno Bruto a preços correntes,2021,282772.690,municipal_gdp,282772.69
4308805,General Câmara - RS,37,Produto Interno Bruto a preços correntes,2021,276374.035,municipal_gdp,276374.035
4308854,Gentil - RS,37,Produto Interno Bruto a preços correntes,2021,190648.254,municipal_gdp,190648.254
4308904,Getúlio Vargas - RS,37,Produto Interno Bruto a preços correntes,2021,793664.010,municipal_gdp,793664.01
4309001,Giruá - RS,37,Produto Interno Bruto a preços correntes,2021,1202945.141,municipal_gdp,1202945.141
4309050,Glorinha - RS,37,Produto Interno Bruto a preços correntes,2021,461887.610,municipal_gdp,461887.61
4309100,Gramado - RS,37,Produto Interno Bruto a preços correntes,2021,2658033.852,municipal_gdp,2658033.852
4309126,Gramado dos Loureiros - RS,37,Produto Interno Bruto a preços correntes,2021,94579.680,municipal_gdp,94579.68
4309159,Gramado Xavier - RS,37,Produto Interno Bruto a preços correntes,2021,109482.549,municipal_gdp,109482.549
4309209,Gravataí - RS,37,Produto Interno Bruto a preços correntes,2021,10261655.797,municipal_gdp,10261655.797
4309258,Guabiju - RS,37,Produto Interno Bruto a preços correntes,2021,132787.951,municipal_gdp,132787.951
4309308,Guaíba - RS,37,Produto Interno Bruto a preços correntes,2021,8284825.478,municipal_gdp,8284825.478
4309407,Guaporé - RS,37,Produto Interno Bruto a preços correntes,2021,1149054.946,municipal_gdp,1149054.946
4309506,Guarani das Missões - RS,37,Produto Interno Bruto a preços correntes,2021,362624.685,municipal_gdp,362624.685
4309555,Harmonia - RS,37,Produto Interno Bruto a preços correntes,2021,245497.391,municipal_gdp,245497.391
4309571,Herveiras - RS,37,Produto Interno Bruto a preços correntes,2021,71143.122,municipal_gdp,71143.122
4309605,Horizontina - RS,37,Produto Interno Bruto a preços correntes,2021,2608198.333,municipal_gdp,2608198.333
4309654,Hulha Negra - RS,37,Produto Interno Bruto a preços correntes,2021,314488.195,municipal_gdp,314488.195
4309704,Humaitá - RS,37,Produto Interno Bruto a preços correntes,2021,229248.974,municipal_gdp,229248.974
4309753,Ibarama - RS,37,Produto Interno Bruto a preços correntes,2021,112227.259,municipal_gdp,112227.259
4309803,Ibiaçá - RS,37,Produto Interno Bruto a preços correntes,2021,367295.169,municipal_gdp,367295.169
4309902,Ibiraiaras - RS,37,Produto Interno Bruto a preços correntes,2021,399692.523,municipal_gdp,399692.523
4309951,Ibirapuitã - RS,37,Produto Interno Bruto a preços correntes,2021,213522.468,municipal_gdp,213522.468
4310009,Ibirubá - RS,37,Produto Interno Bruto a preços correntes,2021,1722057.075,municipal_gdp,1722057.075
4310108,Igrejinha - RS,37,Produto Interno Bruto a preços correntes,2021,1888887.333,municipal_gdp,1888887.333
4310207,Ijuí - RS,37,Produto Interno Bruto a preços correntes,2021,5190405.144,municipal_gdp,5190405.144
4310306,Ilópolis - RS,37,Produto Interno Bruto a preços correntes,2021,140570.202,municipal_gdp,140570.202
4310330,Imbé - RS,37,Produto Interno Bruto a preços correntes,2021,626822.788,municipal_gdp,626822.788
4310363,Imigrante - RS,37,Produto Interno Bruto a preços correntes,2021,519189.710,municipal_gdp,519189.71
4310405,Independência - RS,37,Produto Interno Bruto a preços correntes,2021,494165.875,municipal_gdp,494165.875
4310413,Inhacorá - RS,37,Produto Interno Bruto a preços correntes,2021,110556.688,municipal_gdp,110556.688
4310439,Ipê - RS,37,Produto Interno Bruto a preços correntes,2021,298582.796,municipal_gdp,298582.796
4310462,Ipiranga do Sul - RS,37,Produto Interno Bruto a preços correntes,2021,177628.988,municipal_gdp,177628.988
4310504,Iraí - RS,37,Produto Interno Bruto a preços correntes,2021,254492.118,municipal_gdp,254492.118
4310538,Itaara - RS,37,Produto Interno Bruto a preços correntes,2021,286659.228,municipal_gdp,286659.228
4310553,Itacurubi - RS,37,Produto Interno Bruto a preços correntes,2021,246286.552,municipal_gdp,246286.552
4310579,Itapuca - RS,37,Produto Interno Bruto a preços correntes,2021,94234.684,municipal_gdp,94234.684
4310603,Itaqui - RS,37,Produto Interno Bruto a preços correntes,2021,2186928.783,municipal_gdp,2186928.783
4310652,Itati - RS,37,Produto Interno Bruto a preços correntes,2021,86738.630,municipal_gdp,86738.63
4310702,Itatiba do Sul - RS,37,Produto Interno Bruto a preços correntes,2021,81707.352,municipal_gdp,81707.352
4310751,Ivorá - RS,37,Produto Interno Bruto a preços correntes,2021,71911.272,municipal_gdp,71911.272
4310801,Ivoti - RS,37,Produto Interno Bruto a preços correntes,2021,1180386.953,municipal_gdp,1180386.953
4310850,Jaboticaba - RS,37,Produto Interno Bruto a preços correntes,2021,136729.808,municipal_gdp,136729.808
4310876,Jacuizinho - RS,37,Produto Interno Bruto a preços correntes,2021,224026.966,municipal_gdp,224026.966
4310900,Jacutinga - RS,37,Produto Interno Bruto a preços correntes,2021,232300.833,municipal_gdp,232300.833
4311007,Jaguarão - RS,37,Produto Interno Bruto a preços correntes,2021,1059396.276,municipal_gdp,1059396.276
4311106,Jaguari - RS,37,Produto Interno Bruto a preços correntes,2021,378020.116,municipal_gdp,378020.116
4311122,Jaquirana - RS,37,Produto Interno Bruto a preços correntes,2021,94041.661,municipal_gdp,94041.661
4311130,Jari - RS,37,Produto Interno Bruto a preços correntes,2021,469005.939,municipal_gdp,469005.939
4311155,Jóia - RS,37,Produto Interno Bruto a preços correntes,2021,975409.574,municipal_gdp,975409.574
4311205,Júlio de Castilhos - RS,37,Produto Interno Bruto a preços correntes,2021,1925175.310,municipal_gdp,1925175.31
4311239,Lagoa Bonita do Sul - RS,37,Produto Interno Bruto a preços correntes,2021,68915.543,municipal_gdp,68915.543
4311254,Lagoão - RS,37,Produto Interno Bruto a preços correntes,2021,154690.477,municipal_gdp,154690.477
4311270,Lagoa dos Três Cantos - RS,37,Produto Interno Bruto a preços correntes,2021,157140.100,municipal_gdp,157140.1
4311304,Lagoa Vermelha - RS,37,Produto Interno Bruto a preços correntes,2021,1513404.145,municipal_gdp,1513404.145
4311403,Lajeado - RS,37,Produto Interno Bruto a preços correntes,2021,5596182.875,municipal_gdp,5596182.875
4311429,Lajeado do Bugre - RS,37,Produto Interno Bruto a preços correntes,2021,74875.079,municipal_gdp,74875.079
4311502,Lavras do Sul - RS,37,Produto Interno Bruto a preços correntes,2021,497628.613,municipal_gdp,497628.613
4311601,Liberato Salzano - RS,37,Produto Interno Bruto a preços correntes,2021,172443.483,municipal_gdp,172443.483
4311627,Lindolfo Collor - RS,37,Produto Interno Bruto a preços correntes,2021,365849.514,municipal_gdp,365849.514
4311643,Linha Nova - RS,37,Produto Interno Bruto a preços correntes,2021,65579.420,municipal_gdp,65579.42
4311700,Machadinho - RS,37,Produto Interno Bruto a preços correntes,2021,272824.173,municipal_gdp,272824.173
4311718,Maçambará - RS,37,Produto Interno Bruto a preços correntes,2021,582042.535,municipal_gdp,582042.535
4311734,Mampituba - RS,37,Produto Interno Bruto a preços correntes,2021,70214.236,municipal_gdp,70214.236
4311759,Manoel Viana - RS,37,Produto Interno Bruto a preços correntes,2021,546972.463,municipal_gdp,546972.463
4311775,Maquiné - RS,37,Produto Interno Bruto a preços correntes,2021,190484.311,municipal_gdp,190484.311
4311791,Maratá - RS,37,Produto Interno Bruto a preços correntes,2021,80817.415,municipal_gdp,80817.415
4311809,Marau - RS,37,Produto Interno Bruto a preços correntes,2021,3060022.140,municipal_gdp,3060022.14
4311908,Marcelino Ramos - RS,37,Produto Interno Bruto a preços correntes,2021,167824.965,municipal_gdp,167824.965
4311981,Mariana Pimentel - RS,37,Produto Interno Bruto a preços correntes,2021,104496.157,municipal_gdp,104496.157
4312005,Mariano Moro - RS,37,Produto Interno Bruto a preços correntes,2021,72887.986,municipal_gdp,72887.986
4312054,Marques de Souza - RS,37,Produto Interno Bruto a preços correntes,2021,124135.324,municipal_gdp,124135.324
4312104,Mata - RS,37,Produto Interno Bruto a preços correntes,2021,169006.469,municipal_gdp,169006.469
4312138,Mato Castelhano - RS,37,Produto Interno Bruto a preços correntes,2021,168254.860,municipal_gdp,168254.86
4312153,Mato Leitão - RS,37,Produto Interno Bruto a preços correntes,2021,180537.064,municipal_gdp,180537.064
4312179,Mato Queimado - RS,37,Produto Interno Bruto a preços correntes,2021,88446.376,municipal_gdp,88446.376
4312203,Maximiliano de Almeida - RS,37,Produto Interno Bruto a preços correntes,2021,161123.342,municipal_gdp,161123.342
4312252,Minas do Leão - RS,37,Produto Interno Bruto a preços correntes,2021,279177.366,municipal_gdp,279177.366
4312302,Miraguaí - RS,37,Produto Interno Bruto a preços correntes,2021,190386.336,municipal_gdp,190386.336
4312351,Montauri - RS,37,Produto Interno Bruto a preços correntes,2021,98137.833,municipal_gdp,98137.833
4312377,Monte Alegre dos Campos - RS,37,Produto Interno Bruto a preços correntes,2021,109729.989,municipal_gdp,109729.989
4312385,Monte Belo do Sul - RS,37,Produto Interno Bruto a preços correntes,2021,94435.146,municipal_gdp,94435.146
4312401,Montenegro - RS,37,Produto Interno Bruto a preços correntes,2021,5752344.640,municipal_gdp,5752344.64
4312427,Mormaço - RS,37,Produto Interno Bruto a preços correntes,2021,153333.932,municipal_gdp,153333.932
4312443,Morrinhos do Sul - RS,37,Produto Interno Bruto a preços correntes,2021,81465.793,municipal_gdp,81465.793
4312450,Morro Redondo - RS,37,Produto Interno Bruto a preços correntes,2021,132444.650,municipal_gdp,132444.65
4312476,Morro Reuter - RS,37,Produto Interno Bruto a preços correntes,2021,274167.428,municipal_gdp,274167.428
4312500,Mostardas - RS,37,Produto Interno Bruto a preços correntes,2021,643325.586,municipal_gdp,643325.586
4312609,Muçum - RS,37,Produto Interno Bruto a preços correntes,2021,301851.969,municipal_gdp,301851.969
4312617,Muitos Capões - RS,37,Produto Interno Bruto a preços correntes,2021,1122085.559,municipal_gdp,1122085.559
4312625,Muliterno - RS,37,Produto Interno Bruto a preços correntes,2021,91988.394,municipal_gdp,91988.394
4312658,Não-Me-Toque - RS,37,Produto Interno Bruto a preços correntes,2021,2207534.783,municipal_gdp,2207534.783
4312674,Nicolau Vergueiro - RS,37,Produto Interno Bruto a preços correntes,2021,146251.896,municipal_gdp,146251.896
4312708,Nonoai - RS,37,Produto Interno Bruto a preços correntes,2021,525506.508,municipal_gdp,525506.508
4312757,Nova Alvorada - RS,37,Produto Interno Bruto a preços correntes,2021,236575.421,municipal_gdp,236575.421
4312807,Nova Araçá - RS,37,Produto Interno Bruto a preços correntes,2021,327226.422,municipal_gdp,327226.422
4312906,Nova Bassano - RS,37,Produto Interno Bruto a preços correntes,2021,802207.384,municipal_gdp,802207.384
4312955,Nova Boa Vista - RS,37,Produto Interno Bruto a preços correntes,2021,145342.946,municipal_gdp,145342.946
4313003,Nova Bréscia - RS,37,Produto Interno Bruto a preços correntes,2021,141144.092,municipal_gdp,141144.092
4313011,Nova Candelária - RS,37,Produto Interno Bruto a preços correntes,2021,229431.453,municipal_gdp,229431.453
4313037,Nova Esperança do Sul - RS,37,Produto Interno Bruto a preços correntes,2021,172365.831,municipal_gdp,172365.831
4313060,Nova Hartz - RS,37,Produto Interno Bruto a preços correntes,2021,805697.885,municipal_gdp,805697.885
4313086,Nova Pádua - RS,37,Produto Interno Bruto a preços correntes,2021,100211.425,municipal_gdp,100211.425
4313102,Nova Palma - RS,37,Produto Interno Bruto a preços correntes,2021,382688.782,municipal_gdp,382688.782
4313201,Nova Petrópolis - RS,37,Produto Interno Bruto a preços correntes,2021,972688.767,municipal_gdp,972688.767
4313300,Nova Prata - RS,37,Produto Interno Bruto a preços correntes,2021,1730043.315,municipal_gdp,1730043.315
4313334,Nova Ramada - RS,37,Produto Interno Bruto a preços correntes,2021,304678.132,municipal_gdp,304678.132
4313359,Nova Roma do Sul - RS,37,Produto Interno Bruto a preços correntes,2021,169305.176,municipal_gdp,169305.176
4313375,Nova Santa Rita - RS,37,Produto Interno Bruto a preços correntes,2021,2487522.375,municipal_gdp,2487522.375
4313391,Novo Cabrais - RS,37,Produto Interno Bruto a preços correntes,2021,133171.676,municipal_gdp,133171.676
4313409,Novo Hamburgo - RS,37,Produto Interno Bruto a preços correntes,2021,10037922.921,municipal_gdp,10037922.921
4313425,Novo Machado - RS,37,Produto Interno Bruto a preços correntes,2021,186354.643,municipal_gdp,186354.643
4313441,Novo Tiradentes - RS,37,Produto Interno Bruto a preços correntes,2021,74728.666,municipal_gdp,74728.666
4313466,Novo Xingu - RS,37,Produto Interno Bruto a preços correntes,2021,75033.685,municipal_gdp,75033.685
4313490,Novo Barreiro - RS,37,Produto Interno Bruto a preços correntes,2021,135200.085,municipal_gdp,135200.085
4313508,Osório - RS,37,Produto Interno Bruto a preços correntes,2021,1819038.270,municipal_gdp,1819038.27
4313607,Paim Filho - RS,37,Produto Interno Bruto a preços correntes,2021,167645.571,municipal_gdp,167645.571
4313656,Palmares do Sul - RS,37,Produto Interno Bruto a preços correntes,2021,735606.463,municipal_gdp,735606.463
4313706,Palmeira das Missões - RS,37,Produto Interno Bruto a preços correntes,2021,2215056.907,municipal_gdp,2215056.907
4313805,Palmitinho - RS,37,Produto Interno Bruto a preços correntes,2021,271642.607,municipal_gdp,271642.607
4313904,Panambi - RS,37,Produto Interno Bruto a preços correntes,2021,3167751.973,municipal_gdp,3167751.973
4313953,Pantano Grande - RS,37,Produto Interno Bruto a preços correntes,2021,533689.393,municipal_gdp,533689.393
4314001,Paraí - RS,37,Produto Interno Bruto a preços correntes,2021,424446.847,municipal_gdp,424446.847
4314027,Paraíso do Sul - RS,37,Produto Interno Bruto a preços correntes,2021,207385.922,municipal_gdp,207385.922
4314035,Pareci Novo - RS,37,Produto Interno Bruto a preços correntes,2021,136434.855,municipal_gdp,136434.855
4314050,Parobé - RS,37,Produto Interno Bruto a preços correntes,2021,1390320.469,municipal_gdp,1390320.469
4314068,Passa Sete - RS,37,Produto Interno Bruto a preços correntes,2021,132983.397,municipal_gdp,132983.397
4314076,Passo do Sobrado - RS,37,Produto Interno Bruto a preços correntes,2021,229641.338,municipal_gdp,229641.338
4314100,Passo Fundo - RS,37,Produto Interno Bruto a preços correntes,2021,12552866.647,municipal_gdp,12552866.647
4314134,Paulo Bento - RS,37,Produto Interno Bruto a preços correntes,2021,195870.201,municipal_gdp,195870.201
4314159,Paverama - RS,37,Produto Interno Bruto a preços correntes,2021,242457.974,municipal_gdp,242457.974
4314175,Pedras Altas - RS,37,Produto Interno Bruto a preços correntes,2021,386190.228,municipal_gdp,386190.228
4314209,Pedro Osório - RS,37,Produto Interno Bruto a preços correntes,2021,270651.352,municipal_gdp,270651.352
4314308,Pejuçara - RS,37,Produto Interno Bruto a preços correntes,2021,464212.340,municipal_gdp,464212.34
4314407,Pelotas - RS,37,Produto Interno Bruto a preços correntes,2021,10778176.433,municipal_gdp,10778176.433
4314423,Picada Café - RS,37,Produto Interno Bruto a preços correntes,2021,386452.843,municipal_gdp,386452.843
4314456,Pinhal - RS,37,Produto Interno Bruto a preços correntes,2021,123341.742,municipal_gdp,123341.742
4314464,Pinhal da Serra - RS,37,Produto Interno Bruto a preços correntes,2021,304724.814,municipal_gdp,304724.814
4314472,Pinhal Grande - RS,37,Produto Interno Bruto a preços correntes,2021,931834.039,municipal_gdp,931834.039
4314498,Pinheirinho do Vale - RS,37,Produto Interno Bruto a preços correntes,2021,131548.700,municipal_gdp,131548.7
4314506,Pinheiro Machado - RS,37,Produto Interno Bruto a preços correntes,2021,397725.540,municipal_gdp,397725.54
4314548,Pinto Bandeira - RS,37,Produto Interno Bruto a preços correntes,2021,74285.516,municipal_gdp,74285.516
4314555,Pirapó - RS,37,Produto Interno Bruto a preços correntes,2021,94671.544,municipal_gdp,94671.544
4314605,Piratini - RS,37,Produto Interno Bruto a preços correntes,2021,880277.054,municipal_gdp,880277.054
4314704,Planalto - RS,37,Produto Interno Bruto a preços correntes,2021,252508.190,municipal_gdp,252508.19
4314753,Poço das Antas - RS,37,Produto Interno Bruto a preços correntes,2021,131757.135,municipal_gdp,131757.135
4314779,Pontão - RS,37,Produto Interno Bruto a preços correntes,2021,403317.288,municipal_gdp,403317.288
4314787,Ponte Preta - RS,37,Produto Interno Bruto a preços correntes,2021,96048.857,municipal_gdp,96048.857
4314803,Portão - RS,37,Produto Interno Bruto a preços correntes,2021,1662403.405,municipal_gdp,1662403.405
4314902,Porto Alegre - RS,37,Produto Interno Bruto a preços correntes,2021,81563063.461,municipal_gdp,81563063.461
4315008,Porto Lucena - RS,37,Produto Interno Bruto a preços correntes,2021,135662.020,municipal_gdp,135662.02
4315057,Porto Mauá - RS,37,Produto Interno Bruto a preços correntes,2021,89350.093,municipal_gdp,89350.093
4315073,Porto Vera Cruz - RS,37,Produto Interno Bruto a preços correntes,2021,45212.119,municipal_gdp,45212.119
4315107,Porto Xavier - RS,37,Produto Interno Bruto a preços correntes,2021,210927.252,municipal_gdp,210927.252
4315131,Pouso Novo - RS,37,Produto Interno Bruto a preços correntes,2021,61420.195,municipal_gdp,61420.195
4315149,Presidente Lucena - RS,37,Produto Interno Bruto a preços correntes,2021,213813.066,municipal_gdp,213813.066
4315156,Progresso - RS,37,Produto Interno Bruto a preços correntes,2021,166517.474,municipal_gdp,166517.474
4315172,Protásio Alves - RS,37,Produto Interno Bruto a preços correntes,2021,93263.320,municipal_gdp,93263.32
4315206,Putinga - RS,37,Produto Interno Bruto a preços correntes,2021,133442.659,municipal_gdp,133442.659
4315305,Quaraí - RS,37,Produto Interno Bruto a preços correntes,2021,625752.379,municipal_gdp,625752.379
4315313,Quatro Irmãos - RS,37,Produto Interno Bruto a preços correntes,2021,185963.125,municipal_gdp,185963.125
4315321,Quevedos - RS,37,Produto Interno Bruto a preços correntes,2021,299303.714,municipal_gdp,299303.714
4315354,Quinze de Novembro - RS,37,Produto Interno Bruto a preços correntes,2021,255121.101,municipal_gdp,255121.101
4315404,Redentora - RS,37,Produto Interno Bruto a preços correntes,2021,232904.289,municipal_gdp,232904.289
4315453,Relvado - RS,37,Produto Interno Bruto a preços correntes,2021,82687.271,municipal_gdp,82687.271
4315503,Restinga Sêca - RS,37,Produto Interno Bruto a preços correntes,2021,673422.787,municipal_gdp,673422.787
4315552,Rio dos Índios - RS,37,Produto Interno Bruto a preços correntes,2021,136485.517,municipal_gdp,136485.517
4315602,Rio Grande - RS,37,Produto Interno Bruto a preços correntes,2021,13282201.438,municipal_gdp,13282201.438
4315701,Rio Pardo - RS,37,Produto Interno Bruto a preços correntes,2021,1390524.912,municipal_gdp,1390524.912
4315750,Riozinho - RS,37,Produto Interno Bruto a preços correntes,2021,155849.301,municipal_gdp,155849.301
4315800,Roca Sales - RS,37,Produto Interno Bruto a preços correntes,2021,576083.233,municipal_gdp,576083.233
4315909,Rodeio Bonito - RS,37,Produto Interno Bruto a preços correntes,2021,279279.531,municipal_gdp,279279.531
4315958,Rolador - RS,37,Produto Interno Bruto a preços correntes,2021,161913.636,municipal_gdp,161913.636
4316006,Rolante - RS,37,Produto Interno Bruto a preços correntes,2021,731610.966,municipal_gdp,731610.966
4316105,Ronda Alta - RS,37,Produto Interno Bruto a preços correntes,2021,471553.637,municipal_gdp,471553.637
4316204,Rondinha - RS,37,Produto Interno Bruto a preços correntes,2021,268874.423,municipal_gdp,268874.423
4316303,Roque Gonzales - RS,37,Produto Interno Bruto a preços correntes,2021,437026.241,municipal_gdp,437026.241
4316402,Rosário do Sul - RS,37,Produto Interno Bruto a preços correntes,2021,1381975.671,municipal_gdp,1381975.671
4316428,Sagrada Família - RS,37,Produto Interno Bruto a preços correntes,2021,82616.031,municipal_gdp,82616.031
4316436,Saldanha Marinho - RS,37,Produto Interno Bruto a preços correntes,2021,254248.495,municipal_gdp,254248.495
4316451,Salto do Jacuí - RS,37,Produto Interno Bruto a preços correntes,2021,1213457.710,municipal_gdp,1213457.71
4316477,Salvador das Missões - RS,37,Produto Interno Bruto a preços correntes,2021,178469.506,municipal_gdp,178469.506
4316501,Salvador do Sul - RS,37,Produto Interno Bruto a preços correntes,2021,337662.858,municipal_gdp,337662.858
4316600,Sananduva - RS,37,Produto Interno Bruto a preços correntes,2021,843826.291,municipal_gdp,843826.291
4316709,Santa Bárbara do Sul - RS,37,Produto Interno Bruto a preços correntes,2021,1336030.058,municipal_gdp,1336030.058
4316733,Santa Cecília do Sul - RS,37,Produto Interno Bruto a preços correntes,2021,143880.074,municipal_gdp,143880.074
4316758,Santa Clara do Sul - RS,37,Produto Interno Bruto a preços correntes,2021,339107.076,municipal_gdp,339107.076
4316808,Santa Cruz do Sul - RS,37,Produto Interno Bruto a preços correntes,2021,9815200.528,municipal_gdp,9815200.528
4316907,Santa Maria - RS,37,Produto Interno Bruto a preços correntes,2021,9562065.760,municipal_gdp,9562065.76
4316956,Santa Maria do Herval - RS,37,Produto Interno Bruto a preços correntes,2021,279409.025,municipal_gdp,279409.025
4316972,Santa Margarida do Sul - RS,37,Produto Interno Bruto a preços correntes,2021,361015.792,municipal_gdp,361015.792
4317004,Santana da Boa Vista - RS,37,Produto Interno Bruto a preços correntes,2021,364901.024,municipal_gdp,364901.024
4317103,Sant'Ana do Livramento - RS,37,Produto Interno Bruto a preços correntes,2021,2823927.505,municipal_gdp,2823927.505
4317202,Santa Rosa - RS,37,Produto Interno Bruto a preços correntes,2021,3732053.349,municipal_gdp,3732053.349
4317251,Santa Tereza - RS,37,Produto Interno Bruto a preços correntes,2021,49851.093,municipal_gdp,49851.093
4317301,Santa Vitória do Palmar - RS,37,Produto Interno Bruto a preços correntes,2021,1755631.465,municipal_gdp,1755631.465
4317400,Santiago - RS,37,Produto Interno Bruto a preços correntes,2021,2021450.931,municipal_gdp,2021450.931
4317509,Santo Ângelo - RS,37,Produto Interno Bruto a preços correntes,2021,3180273.497,municipal_gdp,3180273.497
4317558,Santo Antônio do Palma - RS,37,Produto Interno Bruto a preços correntes,2021,119797.325,municipal_gdp,119797.325
4317608,Santo Antônio da Patrulha - RS,37,Produto Interno Bruto a preços correntes,2021,1680504.515,municipal_gdp,1680504.515
4317707,Santo Antônio das Missões - RS,37,Produto Interno Bruto a preços correntes,2021,673946.023,municipal_gdp,673946.023
4317756,Santo Antônio do Planalto - RS,37,Produto Interno Bruto a preços correntes,2021,189469.866,municipal_gdp,189469.866
4317806,Santo Augusto - RS,37,Produto Interno Bruto a preços correntes,2021,848438.805,municipal_gdp,848438.805
4317905,Santo Cristo - RS,37,Produto Interno Bruto a preços correntes,2021,784070.634,municipal_gdp,784070.634
4317954,Santo Expedito do Sul - RS,37,Produto Interno Bruto a preços correntes,2021,128953.434,municipal_gdp,128953.434
4318002,São Borja - RS,37,Produto Interno Bruto a preços correntes,2021,2570766.452,municipal_gdp,2570766.452
4318051,São Domingos do Sul - RS,37,Produto Interno Bruto a preços correntes,2021,123436.188,municipal_gdp,123436.188
4318101,São Francisco de Assis - RS,37,Produto Interno Bruto a preços correntes,2021,804123.538,municipal_gdp,804123.538
4318200,São Francisco de Paula - RS,37,Produto Interno Bruto a preços correntes,2021,1026517.633,municipal_gdp,1026517.633
4318309,São Gabriel - RS,37,Produto Interno Bruto a preços correntes,2021,2723192.851,municipal_gdp,2723192.851
4318408,São Jerônimo - RS,37,Produto Interno Bruto a preços correntes,2021,667014.089,municipal_gdp,667014.089
4318424,São João da Urtiga - RS,37,Produto Interno Bruto a preços correntes,2021,184149.401,municipal_gdp,184149.401
4318432,São João do Polêsine - RS,37,Produto Interno Bruto a preços correntes,2021,104817.588,municipal_gdp,104817.588
4318440,São Jorge - RS,37,Produto Interno Bruto a preços correntes,2021,133331.460,municipal_gdp,133331.46
4318457,São José das Missões - RS,37,Produto Interno Bruto a preços correntes,2021,93351.402,municipal_gdp,93351.402
4318465,São José do Herval - RS,37,Produto Interno Bruto a preços correntes,2021,59112.891,municipal_gdp,59112.891
4318481,São José do Hortêncio - RS,37,Produto Interno Bruto a preços correntes,2021,117866.320,municipal_gdp,117866.32
4318499,São José do Inhacorá - RS,37,Produto Interno Bruto a preços correntes,2021,183794.024,municipal_gdp,183794.024
4318507,São José do Norte - RS,37,Produto Interno Bruto a preços correntes,2021,792704.131,municipal_gdp,792704.131
4318606,São José do Ouro - RS,37,Produto Interno Bruto a preços correntes,2021,463017.948,municipal_gdp,463017.948
4318614,São José do Sul - RS,37,Produto Interno Bruto a preços correntes,2021,94019.297,municipal_gdp,94019.297
4318622,São José dos Ausentes - RS,37,Produto Interno Bruto a preços correntes,2021,155632.438,municipal_gdp,155632.438
4318705,São Leopoldo - RS,37,Produto Interno Bruto a preços correntes,2021,10855414.196,municipal_gdp,10855414.196
4318804,São Lourenço do Sul - RS,37,Produto Interno Bruto a preços correntes,2021,1701071.096,municipal_gdp,1701071.096
4318903,São Luiz Gonzaga - RS,37,Produto Interno Bruto a preços correntes,2021,1903782.677,municipal_gdp,1903782.677
4319000,São Marcos - RS,37,Produto Interno Bruto a preços correntes,2021,1145393.172,municipal_gdp,1145393.172
4319109,São Martinho - RS,37,Produto Interno Bruto a preços correntes,2021,354029.704,municipal_gdp,354029.704
4319125,São Martinho da Serra - RS,37,Produto Interno Bruto a preços correntes,2021,336099.765,municipal_gdp,336099.765
4319158,São Miguel das Missões - RS,37,Produto Interno Bruto a preços correntes,2021,867930.023,municipal_gdp,867930.023
4319208,São Nicolau - RS,37,Produto Interno Bruto a preços correntes,2021,228046.547,municipal_gdp,228046.547
4319307,São Paulo das Missões - RS,37,Produto Interno Bruto a preços correntes,2021,200548.895,municipal_gdp,200548.895
4319356,São Pedro da Serra - RS,37,Produto Interno Bruto a preços correntes,2021,113228.481,municipal_gdp,113228.481
4319364,São Pedro das Missões - RS,37,Produto Interno Bruto a preços correntes,2021,114178.451,municipal_gdp,114178.451
4319372,São Pedro do Butiá - RS,37,Produto Interno Bruto a preços correntes,2021,161664.594,municipal_gdp,161664.594
4319406,São Pedro do Sul - RS,37,Produto Interno Bruto a preços correntes,2021,532258.126,municipal_gdp,532258.126
4319505,São Sebastião do Caí - RS,37,Produto Interno Bruto a preços correntes,2021,899461.375,municipal_gdp,899461.375
4319604,São Sepé - RS,37,Produto Interno Bruto a preços correntes,2021,1331321.195,municipal_gdp,1331321.195
4319703,São Valentim - RS,37,Produto Interno Bruto a preços correntes,2021,135540.820,municipal_gdp,135540.82
4319711,São Valentim do Sul - RS,37,Produto Interno Bruto a preços correntes,2021,95576.034,municipal_gdp,95576.034
4319737,São Valério do Sul - RS,37,Produto Interno Bruto a preços correntes,2021,90429.573,municipal_gdp,90429.573
4319752,São Vendelino - RS,37,Produto Interno Bruto a preços correntes,2021,95747.930,municipal_gdp,95747.93
4319802,São Vicente do Sul - RS,37,Produto Interno Bruto a preços correntes,2021,730554.837,municipal_gdp,730554.837
4319901,Sapiranga - RS,37,Produto Interno Bruto a preços correntes,2021,3615599.007,municipal_gdp,3615599.007
4320008,Sapucaia do Sul - RS,37,Produto Interno Bruto a preços correntes,2021,4204086.389,municipal_gdp,4204086.389
4320107,Sarandi - RS,37,Produto Interno Bruto a preços correntes,2021,1299139.021,municipal_gdp,1299139.021
4320206,Seberi - RS,37,Produto Interno Bruto a preços correntes,2021,617245.447,municipal_gdp,617245.447
4320230,Sede Nova - RS,37,Produto Interno Bruto a preços correntes,2021,157534.955,municipal_gdp,157534.955
4320263,Segredo - RS,37,Produto Interno Bruto a preços correntes,2021,163088.173,municipal_gdp,163088.173
4320305,Selbach - RS,37,Produto Interno Bruto a preços correntes,2021,375174.279,municipal_gdp,375174.279
4320321,Senador Salgado Filho - RS,37,Produto Interno Bruto a preços correntes,2021,149059.603,municipal_gdp,149059.603
4320354,Sentinela do Sul - RS,37,Produto Interno Bruto a preços correntes,2021,136267.289,municipal_gdp,136267.289
4320404,Serafina Corrêa - RS,37,Produto Interno Bruto a preços correntes,2021,782302.678,municipal_gdp,782302.678
4320453,Sério - RS,37,Produto Interno Bruto a preços correntes,2021,59571.578,municipal_gdp,59571.578
4320503,Sertão - RS,37,Produto Interno Bruto a preços correntes,2021,534503.189,municipal_gdp,534503.189
4320552,Sertão Santana - RS,37,Produto Interno Bruto a preços correntes,2021,314767.751,municipal_gdp,314767.751
4320578,Sete de Setembro - RS,37,Produto Interno Bruto a preços correntes,2021,105651.704,municipal_gdp,105651.704
4320602,Severiano de Almeida - RS,37,Produto Interno Bruto a preços correntes,2021,149413.809,municipal_gdp,149413.809
4320651,Silveira Martins - RS,37,Produto Interno Bruto a preços correntes,2021,86630.915,municipal_gdp,86630.915
4320677,Sinimbu - RS,37,Produto Interno Bruto a preços correntes,2021,213481.977,municipal_gdp,213481.977
4320701,Sobradinho - RS,37,Produto Interno Bruto a preços correntes,2021,438643.874,municipal_gdp,438643.874
4320800,Soledade - RS,37,Produto Interno Bruto a preços correntes,2021,1405196.472,municipal_gdp,1405196.472
4320859,Tabaí - RS,37,Produto Interno Bruto a preços correntes,2021,142086.634,municipal_gdp,142086.634
4320909,Tapejara - RS,37,Produto Interno Bruto a preços correntes,2021,1644547.577,municipal_gdp,1644547.577
4321006,Tapera - RS,37,Produto Interno Bruto a preços correntes,2021,640274.997,municipal_gdp,640274.997
4321105,Tapes - RS,37,Produto Interno Bruto a preços correntes,2021,603914.039,municipal_gdp,603914.039
4321204,Taquara - RS,37,Produto Interno Bruto a preços correntes,2021,1568879.819,municipal_gdp,1568879.819
4321303,Taquari - RS,37,Produto Interno Bruto a preços correntes,2021,1094083.427,municipal_gdp,1094083.427
4321329,Taquaruçu do Sul - RS,37,Produto Interno Bruto a preços correntes,2021,188857.718,municipal_gdp,188857.718
4321352,Tavares - RS,37,Produto Interno Bruto a preços correntes,2021,124254.218,municipal_gdp,124254.218
4321402,Tenente Portela - RS,37,Produto Interno Bruto a preços correntes,2021,579215.207,municipal_gdp,579215.207
4321436,Terra de Areia - RS,37,Produto Interno Bruto a preços correntes,2021,291340.236,municipal_gdp,291340.236
4321451,Teutônia - RS,37,Produto Interno Bruto a preços correntes,2021,1576010.970,municipal_gdp,1576010.97
4321469,Tio Hugo - RS,37,Produto Interno Bruto a preços correntes,2021,174783.916,municipal_gdp,174783.916
4321477,Tiradentes do Sul - RS,37,Produto Interno Bruto a preços correntes,2021,196242.688,municipal_gdp,196242.688
4321493,Toropi - RS,37,Produto Interno Bruto a preços correntes,2021,101333.696,municipal_gdp,101333.696
4321501,Torres - RS,37,Produto Interno Bruto a preços correntes,2021,1382106.936,municipal_gdp,1382106.936
4321600,Tramandaí - RS,37,Produto Interno Bruto a preços correntes,2021,1234555.638,municipal_gdp,1234555.638
4321626,Travesseiro - RS,37,Produto Interno Bruto a preços correntes,2021,78087.622,municipal_gdp,78087.622
4321634,Três Arroios - RS,37,Produto Interno Bruto a preços correntes,2021,141196.660,municipal_gdp,141196.66
4321667,Três Cachoeiras - RS,37,Produto Interno Bruto a preços correntes,2021,308569.617,municipal_gdp,308569.617
4321709,Três Coroas - RS,37,Produto Interno Bruto a preços correntes,2021,805149.122,municipal_gdp,805149.122
4321808,Três de Maio - RS,37,Produto Interno Bruto a preços correntes,2021,1353675.659,municipal_gdp,1353675.659
4321832,Três Forquilhas - RS,37,Produto Interno Bruto a preços correntes,2021,64219.229,municipal_gdp,64219.229
4321857,Três Palmeiras - RS,37,Produto Interno Bruto a preços correntes,2021,178529.898,municipal_gdp,178529.898
4321907,Três Passos - RS,37,Produto Interno Bruto a preços correntes,2021,1033033.997,municipal_gdp,1033033.997
4321956,Trindade do Sul - RS,37,Produto Interno Bruto a preços correntes,2021,351370.562,municipal_gdp,351370.562
4322004,Triunfo - RS,37,Produto Interno Bruto a preços correntes,2021,12982403.916,municipal_gdp,12982403.916
4322103,Tucunduva - RS,37,Produto Interno Bruto a preços correntes,2021,259331.502,municipal_gdp,259331.502
4322152,Tunas - RS,37,Produto Interno Bruto a preços correntes,2021,120844.574,municipal_gdp,120844.574
4322186,Tupanci do Sul - RS,37,Produto Interno Bruto a preços correntes,2021,94727.582,municipal_gdp,94727.582
4322202,Tupanciretã - RS,37,Produto Interno Bruto a preços correntes,2021,2052014.726,municipal_gdp,2052014.726
4322251,Tupandi - RS,37,Produto Interno Bruto a preços correntes,2021,533593.469,municipal_gdp,533593.469
4322301,Tuparendi - RS,37,Produto Interno Bruto a preços correntes,2021,383534.613,municipal_gdp,383534.613
4322327,Turuçu - RS,37,Produto Interno Bruto a preços correntes,2021,163727.492,municipal_gdp,163727.492
4322343,Ubiretama - RS,37,Produto Interno Bruto a preços correntes,2021,110732.498,municipal_gdp,110732.498
4322350,União da Serra - RS,37,Produto Interno Bruto a preços correntes,2021,91173.884,municipal_gdp,91173.884
4322376,Unistalda - RS,37,Produto Interno Bruto a preços correntes,2021,149067.231,municipal_gdp,149067.231
4322400,Uruguaiana - RS,37,Produto Interno Bruto a preços correntes,2021,3717112.957,municipal_gdp,3717112.957
4322509,Vacaria - RS,37,Produto Interno Bruto a preços correntes,2021,3245679.024,municipal_gdp,3245679.024
4322525,Vale Verde - RS,37,Produto Interno Bruto a preços correntes,2021,130452.824,municipal_gdp,130452.824
4322533,Vale do Sol - RS,37,Produto Interno Bruto a preços correntes,2021,272714.173,municipal_gdp,272714.173
4322541,Vale Real - RS,37,Produto Interno Bruto a preços correntes,2021,198293.989,municipal_gdp,198293.989
4322558,Vanini - RS,37,Produto Interno Bruto a preços correntes,2021,94776.466,municipal_gdp,94776.466
4322608,Venâncio Aires - RS,37,Produto Interno Bruto a preços correntes,2021,3732042.120,municipal_gdp,3732042.12
4322707,Vera Cruz - RS,37,Produto Interno Bruto a preços correntes,2021,826721.756,municipal_gdp,826721.756
4322806,Veranópolis - RS,37,Produto Interno Bruto a preços correntes,2021,1738705.951,municipal_gdp,1738705.951
4322855,Vespasiano Corrêa - RS,37,Produto Interno Bruto a preços correntes,2021,119439.667,municipal_gdp,119439.667
4322905,Viadutos - RS,37,Produto Interno Bruto a preços correntes,2021,204581.595,municipal_gdp,204581.595
4323002,Viamão - RS,37,Produto Interno Bruto a preços correntes,2021,4335081.083,municipal_gdp,4335081.083
4323101,Vicente Dutra - RS,37,Produto Interno Bruto a preços correntes,2021,126514.694,municipal_gdp,126514.694
4323200,Victor Graeff - RS,37,Produto Interno Bruto a preços correntes,2021,295871.559,municipal_gdp,295871.559
4323309,Vila Flores - RS,37,Produto Interno Bruto a preços correntes,2021,297552.916,municipal_gdp,297552.916
4323358,Vila Lângaro - RS,37,Produto Interno Bruto a preços correntes,2021,168932.547,municipal_gdp,168932.547
4323408,Vila Maria - RS,37,Produto Interno Bruto a preços correntes,2021,389406.637,municipal_gdp,389406.637
4323457,Vila Nova do Sul - RS,37,Produto Interno Bruto a preços correntes,2021,195942.606,municipal_gdp,195942.606
4323507,Vista Alegre - RS,37,Produto Interno Bruto a preços correntes,2021,137064.206,municipal_gdp,137064.206
4323606,Vista Alegre do Prata - RS,37,Produto Interno Bruto a preços correntes,2021,85228.829,municipal_gdp,85228.829
4323705,Vista Gaúcha - RS,37,Produto Interno Bruto a preços correntes,2021,103512.560,municipal_gdp,103512.56
4323754,Vitória das Missões - RS,37,Produto Interno Bruto a preços correntes,2021,159528.014,municipal_gdp,159528.014
4323770,Westfália - RS,37,Produto Interno Bruto a preços correntes,2021,264839.915,municipal_gdp,264839.915
4323804,Xangri-lá - RS,37,Produto Interno Bruto a preços correntes,2021,733160.396,municipal_gdp,733160.396
5000203,Água Clara - MS,37,Produto Interno Bruto a preços correntes,2021,1211925.182,municipal_gdp,1211925.182
5000252,Alcinópolis - MS,37,Produto Interno Bruto a preços correntes,2021,237904.410,municipal_gdp,237904.41
5000609,Amambai - MS,37,Produto Interno Bruto a preços correntes,2021,2033694.680,municipal_gdp,2033694.68
5000708,Anastácio - MS,37,Produto Interno Bruto a preços correntes,2021,609913.447,municipal_gdp,609913.447
5000807,Anaurilândia - MS,37,Produto Interno Bruto a preços correntes,2021,410374.498,municipal_gdp,410374.498
5000856,Angélica - MS,37,Produto Interno Bruto a preços correntes,2021,883913.460,municipal_gdp,883913.46
5000906,Antônio João - MS,37,Produto Interno Bruto a preços correntes,2021,866590.014,municipal_gdp,866590.014
5001003,Aparecida do Taboado - MS,37,Produto Interno Bruto a preços correntes,2021,1660199.249,municipal_gdp,1660199.249
5001102,Aquidauana - MS,37,Produto Interno Bruto a preços correntes,2021,1116844.160,municipal_gdp,1116844.16
5001243,Aral Moreira - MS,37,Produto Interno Bruto a preços correntes,2021,1255600.930,municipal_gdp,1255600.93
5001508,Bandeirantes - MS,37,Produto Interno Bruto a preços correntes,2021,780113.614,municipal_gdp,780113.614
5001904,Bataguassu - MS,37,Produto Interno Bruto a preços correntes,2021,1055097.238,municipal_gdp,1055097.238
5002001,Batayporã - MS,37,Produto Interno Bruto a preços correntes,2021,603790.351,municipal_gdp,603790.351
5002100,Bela Vista - MS,37,Produto Interno Bruto a preços correntes,2021,931638.335,municipal_gdp,931638.335
5002159,Bodoquena - MS,37,Produto Interno Bruto a preços correntes,2021,332560.558,municipal_gdp,332560.558
5002209,Bonito - MS,37,Produto Interno Bruto a preços correntes,2021,1130066.674,municipal_gdp,1130066.674
5002308,Brasilândia - MS,37,Produto Interno Bruto a preços correntes,2021,833888.844,municipal_gdp,833888.844
5002407,Caarapó - MS,37,Produto Interno Bruto a preços correntes,2021,1967107.904,municipal_gdp,1967107.904
5002605,Camapuã - MS,37,Produto Interno Bruto a preços correntes,2021,607829.764,municipal_gdp,607829.764
5002704,Campo Grande - MS,37,Produto Interno Bruto a preços correntes,2021,35187898.694,municipal_gdp,35187898.694
5002803,Caracol - MS,37,Produto Interno Bruto a preços correntes,2021,174648.938,municipal_gdp,174648.938
5002902,Cassilândia - MS,37,Produto Interno Bruto a preços correntes,2021,712341.401,municipal_gdp,712341.401
5002951,Chapadão do Sul - MS,37,Produto Interno Bruto a preços correntes,2021,2655074.589,municipal_gdp,2655074.589
5003108,Corguinho - MS,37,Produto Interno Bruto a preços correntes,2021,144629.980,municipal_gdp,144629.98
5003157,Coronel Sapucaia - MS,37,Produto Interno Bruto a preços correntes,2021,336177.673,municipal_gdp,336177.673
5003207,Corumbá - MS,37,Produto Interno Bruto a preços correntes,2021,3847164.808,municipal_gdp,3847164.808
5003256,Costa Rica - MS,37,Produto Interno Bruto a preços correntes,2021,2556158.567,municipal_gdp,2556158.567
5003306,Coxim - MS,37,Produto Interno Bruto a preços correntes,2021,1225785.160,municipal_gdp,1225785.16
5003454,Deodápolis - MS,37,Produto Interno Bruto a preços correntes,2021,461295.440,municipal_gdp,461295.44
5003488,Dois Irmãos do Buriti - MS,37,Produto Interno Bruto a preços correntes,2021,310922.579,municipal_gdp,310922.579
5003504,Douradina - MS,37,Produto Interno Bruto a preços correntes,2021,214591.531,municipal_gdp,214591.531
5003702,Dourados - MS,37,Produto Interno Bruto a preços correntes,2021,12300148.810,municipal_gdp,12300148.81
5003751,Eldorado - MS,37,Produto Interno Bruto a preços correntes,2021,524690.873,municipal_gdp,524690.873
5003801,Fátima do Sul - MS,37,Produto Interno Bruto a preços correntes,2021,699103.137,municipal_gdp,699103.137
5003900,Figueirão - MS,37,Produto Interno Bruto a preços correntes,2021,142133.312,municipal_gdp,142133.312
5004007,Glória de Dourados - MS,37,Produto Interno Bruto a preços correntes,2021,280100.740,municipal_gdp,280100.74
5004106,Guia Lopes da Laguna - MS,37,Produto Interno Bruto a preços correntes,2021,350227.616,municipal_gdp,350227.616
5004304,Iguatemi - MS,37,Produto Interno Bruto a preços correntes,2021,788190.550,municipal_gdp,788190.55
5004403,Inocência - MS,37,Produto Interno Bruto a preços correntes,2021,406133.073,municipal_gdp,406133.073
5004502,Itaporã - MS,37,Produto Interno Bruto a preços correntes,2021,1124125.325,municipal_gdp,1124125.325
5004601,Itaquiraí - MS,37,Produto Interno Bruto a preços correntes,2021,1258878.268,municipal_gdp,1258878.268
5004700,Ivinhema - MS,37,Produto Interno Bruto a preços correntes,2021,1461628.382,municipal_gdp,1461628.382
5004809,Japorã - MS,37,Produto Interno Bruto a preços correntes,2021,165050.279,municipal_gdp,165050.279
5004908,Jaraguari - MS,37,Produto Interno Bruto a preços correntes,2021,370993.645,municipal_gdp,370993.645
5005004,Jardim - MS,37,Produto Interno Bruto a preços correntes,2021,930097.641,municipal_gdp,930097.641
5005103,Jateí - MS,37,Produto Interno Bruto a preços correntes,2021,474839.715,municipal_gdp,474839.715
5005152,Juti - MS,37,Produto Interno Bruto a preços correntes,2021,483742.575,municipal_gdp,483742.575
5005202,Ladário - MS,37,Produto Interno Bruto a preços correntes,2021,371027.873,municipal_gdp,371027.873
5005251,Laguna Carapã - MS,37,Produto Interno Bruto a preços correntes,2021,1097291.727,municipal_gdp,1097291.727
5005400,Maracaju - MS,37,Produto Interno Bruto a preços correntes,2021,4517627.497,municipal_gdp,4517627.497
5005608,Miranda - MS,37,Produto Interno Bruto a preços correntes,2021,631601.903,municipal_gdp,631601.903
5005681,Mundo Novo - MS,37,Produto Interno Bruto a preços correntes,2021,942239.257,municipal_gdp,942239.257
5005707,Naviraí - MS,37,Produto Interno Bruto a preços correntes,2021,2901634.701,municipal_gdp,2901634.701
5005806,Nioaque - MS,37,Produto Interno Bruto a preços correntes,2021,447264.968,municipal_gdp,447264.968
5006002,Nova Alvorada do Sul - MS,37,Produto Interno Bruto a preços correntes,2021,2282707.353,municipal_gdp,2282707.353
5006200,Nova Andradina - MS,37,Produto Interno Bruto a preços correntes,2021,3281854.930,municipal_gdp,3281854.93
5006259,Novo Horizonte do Sul - MS,37,Produto Interno Bruto a preços correntes,2021,279116.891,municipal_gdp,279116.891
5006275,Paraíso das Águas - MS,37,Produto Interno Bruto a preços correntes,2021,1296593.635,municipal_gdp,1296593.635
5006309,Paranaíba - MS,37,Produto Interno Bruto a preços correntes,2021,1587294.798,municipal_gdp,1587294.798
5006358,Paranhos - MS,37,Produto Interno Bruto a preços correntes,2021,286014.382,municipal_gdp,286014.382
5006408,Pedro Gomes - MS,37,Produto Interno Bruto a preços correntes,2021,268952.844,municipal_gdp,268952.844
5006606,Ponta Porã - MS,37,Produto Interno Bruto a preços correntes,2021,4771499.682,municipal_gdp,4771499.682
5006903,Porto Murtinho - MS,37,Produto Interno Bruto a preços correntes,2021,464125.297,municipal_gdp,464125.297
5007109,Ribas do Rio Pardo - MS,37,Produto Interno Bruto a preços correntes,2021,1965364.416,municipal_gdp,1965364.416
5007208,Rio Brilhante - MS,37,Produto Interno Bruto a preços correntes,2021,3298706.772,municipal_gdp,3298706.772
5007307,Rio Negro - MS,37,Produto Interno Bruto a preços correntes,2021,130213.078,municipal_gdp,130213.078
5007406,Rio Verde de Mato Grosso - MS,37,Produto Interno Bruto a preços correntes,2021,601958.447,municipal_gdp,601958.447
5007505,Rochedo - MS,37,Produto Interno Bruto a preços correntes,2021,231963.666,municipal_gdp,231963.666
5007554,Santa Rita do Pardo - MS,37,Produto Interno Bruto a preços correntes,2021,467080.260,municipal_gdp,467080.26
5007695,São Gabriel do Oeste - MS,37,Produto Interno Bruto a preços correntes,2021,2185644.211,municipal_gdp,2185644.211
5007703,Sete Quedas - MS,37,Produto Interno Bruto a preços correntes,2021,418189.362,municipal_gdp,418189.362
5007802,Selvíria - MS,37,Produto Interno Bruto a preços correntes,2021,1721432.233,municipal_gdp,1721432.233
5007901,Sidrolândia - MS,37,Produto Interno Bruto a preços correntes,2021,3327696.301,municipal_gdp,3327696.301
5007935,Sonora - MS,37,Produto Interno Bruto a preços correntes,2021,1024260.939,municipal_gdp,1024260.939
5007950,Tacuru - MS,37,Produto Interno Bruto a preços correntes,2021,313035.055,municipal_gdp,313035.055
5007976,Taquarussu - MS,37,Produto Interno Bruto a preços correntes,2021,181312.947,municipal_gdp,181312.947
5008008,Terenos - MS,37,Produto Interno Bruto a preços correntes,2021,717675.216,municipal_gdp,717675.216
5008305,Três Lagoas - MS,37,Produto Interno Bruto a preços correntes,2021,11704743.416,municipal_gdp,11704743.416
5008404,Vicentina - MS,37,Produto Interno Bruto a preços correntes,2021,371815.759,municipal_gdp,371815.759
5100102,Acorizal - MT,37,Produto Interno Bruto a preços correntes,2021,109140.223,municipal_gdp,109140.223
5100201,Água Boa - MT,37,Produto Interno Bruto a preços correntes,2021,2000534.810,municipal_gdp,2000534.81
5100250,Alta Floresta - MT,37,Produto Interno Bruto a preços correntes,2021,2111630.290,municipal_gdp,2111630.29
5100300,Alto Araguaia - MT,37,Produto Interno Bruto a preços correntes,2021,1172813.645,municipal_gdp,1172813.645
5100359,Alto Boa Vista - MT,37,Produto Interno Bruto a preços correntes,2021,263999.716,municipal_gdp,263999.716
5100409,Alto Garças - MT,37,Produto Interno Bruto a preços correntes,2021,1197571.995,municipal_gdp,1197571.995
5100508,Alto Paraguai - MT,37,Produto Interno Bruto a preços correntes,2021,166609.592,municipal_gdp,166609.592
5100607,Alto Taquari - MT,37,Produto Interno Bruto a preços correntes,2021,1295709.939,municipal_gdp,1295709.939
5100805,Apiacás - MT,37,Produto Interno Bruto a preços correntes,2021,233789.589,municipal_gdp,233789.589
5101001,Araguaiana - MT,37,Produto Interno Bruto a preços correntes,2021,126561.189,municipal_gdp,126561.189
5101209,Araguainha - MT,37,Produto Interno Bruto a preços correntes,2021,28024.685,municipal_gdp,28024.685
5101258,Araputanga - MT,37,Produto Interno Bruto a preços correntes,2021,655065.754,municipal_gdp,655065.754
5101308,Arenápolis - MT,37,Produto Interno Bruto a preços correntes,2021,232216.153,municipal_gdp,232216.153
5101407,Aripuanã - MT,37,Produto Interno Bruto a preços correntes,2021,1445988.251,municipal_gdp,1445988.251
5101605,Barão de Melgaço - MT,37,Produto Interno Bruto a preços correntes,2021,124583.271,municipal_gdp,124583.271
5101704,Barra do Bugres - MT,37,Produto Interno Bruto a preços correntes,2021,1568772.100,municipal_gdp,1568772.1
5101803,Barra do Garças - MT,37,Produto Interno Bruto a preços correntes,2021,2578984.296,municipal_gdp,2578984.296
5101852,Bom Jesus do Araguaia - MT,37,Produto Interno Bruto a preços correntes,2021,769105.896,municipal_gdp,769105.896
5101902,Brasnorte - MT,37,Produto Interno Bruto a preços correntes,2021,2087054.379,municipal_gdp,2087054.379
5102504,Cáceres - MT,37,Produto Interno Bruto a preços correntes,2021,2264298.078,municipal_gdp,2264298.078
5102603,Campinápolis - MT,37,Produto Interno Bruto a preços correntes,2021,437257.830,municipal_gdp,437257.83
5102637,Campo Novo do Parecis - MT,37,Produto Interno Bruto a preços correntes,2021,6910184.615,municipal_gdp,6910184.615
5102678,Campo Verde - MT,37,Produto Interno Bruto a preços correntes,2021,4992842.447,municipal_gdp,4992842.447
5102686,Campos de Júlio - MT,37,Produto Interno Bruto a preços correntes,2021,3302451.395,municipal_gdp,3302451.395
5102694,Canabrava do Norte - MT,37,Produto Interno Bruto a preços correntes,2021,267164.558,municipal_gdp,267164.558
5102702,Canarana - MT,37,Produto Interno Bruto a preços correntes,2021,2931363.028,municipal_gdp,2931363.028
5102793,Carlinda - MT,37,Produto Interno Bruto a preços correntes,2021,299341.415,municipal_gdp,299341.415
5102850,Castanheira - MT,37,Produto Interno Bruto a preços correntes,2021,215078.345,municipal_gdp,215078.345
5103007,Chapada dos Guimarães - MT,37,Produto Interno Bruto a preços correntes,2021,1214477.817,municipal_gdp,1214477.817
5103056,Cláudia - MT,37,Produto Interno Bruto a preços correntes,2021,1068338.300,municipal_gdp,1068338.3
5103106,Cocalinho - MT,37,Produto Interno Bruto a preços correntes,2021,297647.718,municipal_gdp,297647.718
5103205,Colíder - MT,37,Produto Interno Bruto a preços correntes,2021,1269285.735,municipal_gdp,1269285.735
5103254,Colniza - MT,37,Produto Interno Bruto a preços correntes,2021,849011.185,municipal_gdp,849011.185
5103304,Comodoro - MT,37,Produto Interno Bruto a preços correntes,2021,1258117.210,municipal_gdp,1258117.21
5103353,Confresa - MT,37,Produto Interno Bruto a preços correntes,2021,1536915.686,municipal_gdp,1536915.686
5103361,Conquista D'Oeste - MT,37,Produto Interno Bruto a preços correntes,2021,143168.902,municipal_gdp,143168.902
5103379,Cotriguaçu - MT,37,Produto Interno Bruto a preços correntes,2021,324390.583,municipal_gdp,324390.583
5103403,Cuiabá - MT,37,Produto Interno Bruto a preços correntes,2021,29743721.917,municipal_gdp,29743721.917
5103437,Curvelândia - MT,37,Produto Interno Bruto a preços correntes,2021,123824.063,municipal_gdp,123824.063
5103452,Denise - MT,37,Produto Interno Bruto a preços correntes,2021,529572.452,municipal_gdp,529572.452
5103502,Diamantino - MT,37,Produto Interno Bruto a preços correntes,2021,5746756.340,municipal_gdp,5746756.34
5103601,Dom Aquino - MT,37,Produto Interno Bruto a preços correntes,2021,673288.594,municipal_gdp,673288.594
5103700,Feliz Natal - MT,37,Produto Interno Bruto a preços correntes,2021,1044833.993,municipal_gdp,1044833.993
5103809,Figueirópolis D'Oeste - MT,37,Produto Interno Bruto a preços correntes,2021,83602.851,municipal_gdp,83602.851
5103858,Gaúcha do Norte - MT,37,Produto Interno Bruto a preços correntes,2021,1290849.503,municipal_gdp,1290849.503
5103908,General Carneiro - MT,37,Produto Interno Bruto a preços correntes,2021,481705.340,municipal_gdp,481705.34
5103957,Glória D'Oeste - MT,37,Produto Interno Bruto a preços correntes,2021,89215.027,municipal_gdp,89215.027
5104104,Guarantã do Norte - MT,37,Produto Interno Bruto a preços correntes,2021,1099091.891,municipal_gdp,1099091.891
5104203,Guiratinga - MT,37,Produto Interno Bruto a preços correntes,2021,727106.516,municipal_gdp,727106.516
5104500,Indiavaí - MT,37,Produto Interno Bruto a preços correntes,2021,103575.558,municipal_gdp,103575.558
5104526,Ipiranga do Norte - MT,37,Produto Interno Bruto a preços correntes,2021,1924820.841,municipal_gdp,1924820.841
5104542,Itanhangá - MT,37,Produto Interno Bruto a preços correntes,2021,721419.519,municipal_gdp,721419.519
5104559,Itaúba - MT,37,Produto Interno Bruto a preços correntes,2021,418990.405,municipal_gdp,418990.405
5104609,Itiquira - MT,37,Produto Interno Bruto a preços correntes,2021,2144680.075,municipal_gdp,2144680.075
5104807,Jaciara - MT,37,Produto Interno Bruto a preços correntes,2021,1197725.423,municipal_gdp,1197725.423
5104906,Jangada - MT,37,Produto Interno Bruto a preços correntes,2021,188751.905,municipal_gdp,188751.905
5105002,Jauru - MT,37,Produto Interno Bruto a preços correntes,2021,348767.341,municipal_gdp,348767.341
5105101,Juara - MT,37,Produto Interno Bruto a preços correntes,2021,1365472.563,municipal_gdp,1365472.563
5105150,Juína - MT,37,Produto Interno Bruto a preços correntes,2021,1332790.406,municipal_gdp,1332790.406
5105176,Juruena - MT,37,Produto Interno Bruto a preços correntes,2021,297859.063,municipal_gdp,297859.063
5105200,Juscimeira - MT,37,Produto Interno Bruto a preços correntes,2021,528595.082,municipal_gdp,528595.082
5105234,Lambari D'Oeste - MT,37,Produto Interno Bruto a preços correntes,2021,244948.227,municipal_gdp,244948.227
5105259,Lucas do Rio Verde - MT,37,Produto Interno Bruto a preços correntes,2021,6891172.469,municipal_gdp,6891172.469
5105309,Luciara - MT,37,Produto Interno Bruto a preços correntes,2021,41158.019,municipal_gdp,41158.019
5105507,Vila Bela da Santíssima Trindade - MT,37,Produto Interno Bruto a preços correntes,2021,639026.795,municipal_gdp,639026.795
5105580,Marcelândia - MT,37,Produto Interno Bruto a preços correntes,2021,674525.304,municipal_gdp,674525.304
5105606,Matupá - MT,37,Produto Interno Bruto a preços correntes,2021,1282799.801,municipal_gdp,1282799.801
5105622,Mirassol d'Oeste - MT,37,Produto Interno Bruto a preços correntes,2021,835565.983,municipal_gdp,835565.983
5105903,Nobres - MT,37,Produto Interno Bruto a preços correntes,2021,1114841.770,municipal_gdp,1114841.77
5106000,Nortelândia - MT,37,Produto Interno Bruto a preços correntes,2021,325635.000,municipal_gdp,325635.0
5106109,Nossa Senhora do Livramento - MT,37,Produto Interno Bruto a preços correntes,2021,387788.336,municipal_gdp,387788.336
5106158,Nova Bandeirantes - MT,37,Produto Interno Bruto a preços correntes,2021,343301.829,municipal_gdp,343301.829
5106174,Nova Nazaré - MT,37,Produto Interno Bruto a preços correntes,2021,140562.206,municipal_gdp,140562.206
5106182,Nova Lacerda - MT,37,Produto Interno Bruto a preços correntes,2021,445567.912,municipal_gdp,445567.912
5106190,Nova Santa Helena - MT,37,Produto Interno Bruto a preços correntes,2021,333225.534,municipal_gdp,333225.534
5106208,Nova Brasilândia - MT,37,Produto Interno Bruto a preços correntes,2021,109109.848,municipal_gdp,109109.848
5106216,Nova Canaã do Norte - MT,37,Produto Interno Bruto a preços correntes,2021,909100.546,municipal_gdp,909100.546
5106224,Nova Mutum - MT,37,Produto Interno Bruto a preços correntes,2021,6036492.186,municipal_gdp,6036492.186
5106232,Nova Olímpia - MT,37,Produto Interno Bruto a preços correntes,2021,732047.352,municipal_gdp,732047.352
5106240,Nova Ubiratã - MT,37,Produto Interno Bruto a preços correntes,2021,3270099.963,municipal_gdp,3270099.963
5106257,Nova Xavantina - MT,37,Produto Interno Bruto a preços correntes,2021,1033179.781,municipal_gdp,1033179.781
5106265,Novo Mundo - MT,37,Produto Interno Bruto a preços correntes,2021,486221.653,municipal_gdp,486221.653
5106273,Novo Horizonte do Norte - MT,37,Produto Interno Bruto a preços correntes,2021,101475.981,municipal_gdp,101475.981
5106281,Novo São Joaquim - MT,37,Produto Interno Bruto a preços correntes,2021,862982.632,municipal_gdp,862982.632
5106299,Paranaíta - MT,37,Produto Interno Bruto a preços correntes,2021,796133.555,municipal_gdp,796133.555
5106307,Paranatinga - MT,37,Produto Interno Bruto a preços correntes,2021,2135754.915,municipal_gdp,2135754.915
5106315,Novo Santo Antônio - MT,37,Produto Interno Bruto a preços correntes,2021,56622.058,municipal_gdp,56622.058
5106372,Pedra Preta - MT,37,Produto Interno Bruto a preços correntes,2021,1575720.303,municipal_gdp,1575720.303
5106422,Peixoto de Azevedo - MT,37,Produto Interno Bruto a preços correntes,2021,918432.461,municipal_gdp,918432.461
5106455,Planalto da Serra - MT,37,Produto Interno Bruto a preços correntes,2021,231865.440,municipal_gdp,231865.44
5106505,Poconé - MT,37,Produto Interno Bruto a preços correntes,2021,709415.434,municipal_gdp,709415.434
5106653,Pontal do Araguaia - MT,37,Produto Interno Bruto a preços correntes,2021,123202.761,municipal_gdp,123202.761
5106703,Ponte Branca - MT,37,Produto Interno Bruto a preços correntes,2021,31216.866,municipal_gdp,31216.866
5106752,Pontes e Lacerda - MT,37,Produto Interno Bruto a preços correntes,2021,2436062.511,municipal_gdp,2436062.511
5106778,Porto Alegre do Norte - MT,37,Produto Interno Bruto a preços correntes,2021,568643.737,municipal_gdp,568643.737
5106802,Porto dos Gaúchos - MT,37,Produto Interno Bruto a preços correntes,2021,1318753.153,municipal_gdp,1318753.153
5106828,Porto Esperidião - MT,37,Produto Interno Bruto a preços correntes,2021,308567.470,municipal_gdp,308567.47
5106851,Porto Estrela - MT,37,Produto Interno Bruto a preços correntes,2021,83532.198,municipal_gdp,83532.198
5107008,Poxoréu - MT,37,Produto Interno Bruto a preços correntes,2021,1077680.398,municipal_gdp,1077680.398
5107040,Primavera do Leste - MT,37,Produto Interno Bruto a preços correntes,2021,6964815.486,municipal_gdp,6964815.486
5107065,Querência - MT,37,Produto Interno Bruto a preços correntes,2021,4259260.961,municipal_gdp,4259260.961
5107107,São José dos Quatro Marcos - MT,37,Produto Interno Bruto a preços correntes,2021,448461.800,municipal_gdp,448461.8
5107156,Reserva do Cabaçal - MT,37,Produto Interno Bruto a preços correntes,2021,47445.862,municipal_gdp,47445.862
5107180,Ribeirão Cascalheira - MT,37,Produto Interno Bruto a preços correntes,2021,756775.901,municipal_gdp,756775.901
5107198,Ribeirãozinho - MT,37,Produto Interno Bruto a preços correntes,2021,188967.532,municipal_gdp,188967.532
5107206,Rio Branco - MT,37,Produto Interno Bruto a preços correntes,2021,107188.296,municipal_gdp,107188.296
5107248,Santa Carmem - MT,37,Produto Interno Bruto a preços correntes,2021,1032284.899,municipal_gdp,1032284.899
5107263,Santo Afonso - MT,37,Produto Interno Bruto a preços correntes,2021,161534.116,municipal_gdp,161534.116
5107297,São José do Povo - MT,37,Produto Interno Bruto a preços correntes,2021,58942.212,municipal_gdp,58942.212
5107305,São José do Rio Claro - MT,37,Produto Interno Bruto a preços correntes,2021,1465535.910,municipal_gdp,1465535.91
5107354,São José do Xingu - MT,37,Produto Interno Bruto a preços correntes,2021,934646.094,municipal_gdp,934646.094
5107404,São Pedro da Cipa - MT,37,Produto Interno Bruto a preços correntes,2021,69262.639,municipal_gdp,69262.639
5107578,Rondolândia - MT,37,Produto Interno Bruto a preços correntes,2021,114345.462,municipal_gdp,114345.462
5107602,Rondonópolis - MT,37,Produto Interno Bruto a preços correntes,2021,17294385.665,municipal_gdp,17294385.665
5107701,Rosário Oeste - MT,37,Produto Interno Bruto a preços correntes,2021,534979.064,municipal_gdp,534979.064
5107743,Santa Cruz do Xingu - MT,37,Produto Interno Bruto a preços correntes,2021,320545.789,municipal_gdp,320545.789
5107750,Salto do Céu - MT,37,Produto Interno Bruto a preços correntes,2021,94294.296,municipal_gdp,94294.296
5107768,Santa Rita do Trivelato - MT,37,Produto Interno Bruto a preços correntes,2021,1236019.042,municipal_gdp,1236019.042
5107776,Santa Terezinha - MT,37,Produto Interno Bruto a preços correntes,2021,300548.532,municipal_gdp,300548.532
5107792,Santo Antônio do Leste - MT,37,Produto Interno Bruto a preços correntes,2021,1019937.728,municipal_gdp,1019937.728
5107800,Santo Antônio de Leverger - MT,37,Produto Interno Bruto a preços correntes,2021,820042.040,municipal_gdp,820042.04
5107859,São Félix do Araguaia - MT,37,Produto Interno Bruto a preços correntes,2021,1622829.696,municipal_gdp,1622829.696
5107875,Sapezal - MT,37,Produto Interno Bruto a preços correntes,2021,6978522.133,municipal_gdp,6978522.133
5107883,Serra Nova Dourada - MT,37,Produto Interno Bruto a preços correntes,2021,75359.497,municipal_gdp,75359.497
5107909,Sinop - MT,37,Produto Interno Bruto a preços correntes,2021,9623193.063,municipal_gdp,9623193.063
5107925,Sorriso - MT,37,Produto Interno Bruto a preços correntes,2021,12522102.139,municipal_gdp,12522102.139
5107941,Tabaporã - MT,37,Produto Interno Bruto a preços correntes,2021,1319769.912,municipal_gdp,1319769.912
5107958,Tangará da Serra - MT,37,Produto Interno Bruto a preços correntes,2021,5584811.937,municipal_gdp,5584811.937
5108006,Tapurah - MT,37,Produto Interno Bruto a preços correntes,2021,2007622.954,municipal_gdp,2007622.954
5108055,Terra Nova do Norte - MT,37,Produto Interno Bruto a preços correntes,2021,502243.067,municipal_gdp,502243.067
5108105,Tesouro - MT,37,Produto Interno Bruto a preços correntes,2021,312770.102,municipal_gdp,312770.102
5108204,Torixoréu - MT,37,Produto Interno Bruto a preços correntes,2021,211334.119,municipal_gdp,211334.119
5108303,União do Sul - MT,37,Produto Interno Bruto a preços correntes,2021,504201.832,municipal_gdp,504201.832
5108352,Vale de São Domingos - MT,37,Produto Interno Bruto a preços correntes,2021,77127.743,municipal_gdp,77127.743
5108402,Várzea Grande - MT,37,Produto Interno Bruto a preços correntes,2021,9916032.198,municipal_gdp,9916032.198
5108501,Vera - MT,37,Produto Interno Bruto a preços correntes,2021,1291884.467,municipal_gdp,1291884.467
5108600,Vila Rica - MT,37,Produto Interno Bruto a preços correntes,2021,879111.703,municipal_gdp,879111.703
5108808,Nova Guarita - MT,37,Produto Interno Bruto a preços correntes,2021,167409.607,municipal_gdp,167409.607
5108857,Nova Marilândia - MT,37,Produto Interno Bruto a preços correntes,2021,422820.351,municipal_gdp,422820.351
5108907,Nova Maringá - MT,37,Produto Interno Bruto a preços correntes,2021,1204704.173,municipal_gdp,1204704.173
5108956,Nova Monte Verde - MT,37,Produto Interno Bruto a preços correntes,2021,367192.946,municipal_gdp,367192.946
5200050,Abadia de Goiás - GO,37,Produto Interno Bruto a preços correntes,2021,353748.126,municipal_gdp,353748.126
5200100,Abadiânia - GO,37,Produto Interno Bruto a preços correntes,2021,445368.652,municipal_gdp,445368.652
5200134,Acreúna - GO,37,Produto Interno Bruto a preços correntes,2021,1051903.257,municipal_gdp,1051903.257
5200159,Adelândia - GO,37,Produto Interno Bruto a preços correntes,2021,48809.836,municipal_gdp,48809.836
5200175,Água Fria de Goiás - GO,37,Produto Interno Bruto a preços correntes,2021,533255.861,municipal_gdp,533255.861
5200209,Água Limpa - GO,37,Produto Interno Bruto a preços correntes,2021,63866.678,municipal_gdp,63866.678
5200258,Águas Lindas de Goiás - GO,37,Produto Interno Bruto a preços correntes,2021,2463487.799,municipal_gdp,2463487.799
5200308,Alexânia - GO,37,Produto Interno Bruto a preços correntes,2021,1128156.013,municipal_gdp,1128156.013
5200506,Aloândia - GO,37,Produto Interno Bruto a preços correntes,2021,63742.508,municipal_gdp,63742.508
5200555,Alto Horizonte - GO,37,Produto Interno Bruto a preços correntes,2021,1280308.333,municipal_gdp,1280308.333
5200605,Alto Paraíso de Goiás - GO,37,Produto Interno Bruto a preços correntes,2021,297039.160,municipal_gdp,297039.16
5200803,Alvorada do Norte - GO,37,Produto Interno Bruto a preços correntes,2021,173153.313,municipal_gdp,173153.313
5200829,Amaralina - GO,37,Produto Interno Bruto a preços correntes,2021,109092.872,municipal_gdp,109092.872
5200852,Americano do Brasil - GO,37,Produto Interno Bruto a preços correntes,2021,91419.073,municipal_gdp,91419.073
5200902,Amorinópolis - GO,37,Produto Interno Bruto a preços correntes,2021,118919.946,municipal_gdp,118919.946
5201108,Anápolis - GO,37,Produto Interno Bruto a preços correntes,2021,17789473.967,municipal_gdp,17789473.967
5201207,Anhanguera - GO,37,Produto Interno Bruto a preços correntes,2021,21701.672,municipal_gdp,21701.672
5201306,Anicuns - GO,37,Produto Interno Bruto a preços correntes,2021,512611.847,municipal_gdp,512611.847
5201405,Aparecida de Goiânia - GO,37,Produto Interno Bruto a preços correntes,2021,16981187.791,municipal_gdp,16981187.791
5201454,Aparecida do Rio Doce - GO,37,Produto Interno Bruto a preços correntes,2021,110094.353,municipal_gdp,110094.353
5201504,Aporé - GO,37,Produto Interno Bruto a preços correntes,2021,395753.605,municipal_gdp,395753.605
5201603,Araçu - GO,37,Produto Interno Bruto a preços correntes,2021,73510.273,municipal_gdp,73510.273
5201702,Aragarças - GO,37,Produto Interno Bruto a preços correntes,2021,277756.341,municipal_gdp,277756.341
5201801,Aragoiânia - GO,37,Produto Interno Bruto a preços correntes,2021,174344.011,municipal_gdp,174344.011
5202155,Araguapaz - GO,37,Produto Interno Bruto a preços correntes,2021,180146.177,municipal_gdp,180146.177
5202353,Arenópolis - GO,37,Produto Interno Bruto a preços correntes,2021,222600.319,municipal_gdp,222600.319
5202502,Aruanã - GO,37,Produto Interno Bruto a preços correntes,2021,291985.419,municipal_gdp,291985.419
5202601,Aurilândia - GO,37,Produto Interno Bruto a preços correntes,2021,81584.910,municipal_gdp,81584.91
5202809,Avelinópolis - GO,37,Produto Interno Bruto a preços correntes,2021,68067.469,municipal_gdp,68067.469
5203104,Baliza - GO,37,Produto Interno Bruto a preços correntes,2021,123256.671,municipal_gdp,123256.671
5203203,Barro Alto - GO,37,Produto Interno Bruto a preços correntes,2021,1573640.546,municipal_gdp,1573640.546
5203302,Bela Vista de Goiás - GO,37,Produto Interno Bruto a preços correntes,2021,1481063.952,municipal_gdp,1481063.952
5203401,Bom Jardim de Goiás - GO,37,Produto Interno Bruto a preços correntes,2021,257678.878,municipal_gdp,257678.878
5203500,Bom Jesus de Goiás - GO,37,Produto Interno Bruto a preços correntes,2021,1229697.252,municipal_gdp,1229697.252
5203559,Bonfinópolis - GO,37,Produto Interno Bruto a preços correntes,2021,121159.103,municipal_gdp,121159.103
5203575,Bonópolis - GO,37,Produto Interno Bruto a preços correntes,2021,156647.911,municipal_gdp,156647.911
5203609,Brazabrantes - GO,37,Produto Interno Bruto a preços correntes,2021,93846.610,municipal_gdp,93846.61
5203807,Britânia - GO,37,Produto Interno Bruto a preços correntes,2021,198124.816,municipal_gdp,198124.816
5203906,Buriti Alegre - GO,37,Produto Interno Bruto a preços correntes,2021,467747.609,municipal_gdp,467747.609
5203939,Buriti de Goiás - GO,37,Produto Interno Bruto a preços correntes,2021,56929.804,municipal_gdp,56929.804
5203962,Buritinópolis - GO,37,Produto Interno Bruto a preços correntes,2021,88916.082,municipal_gdp,88916.082
5204003,Cabeceiras - GO,37,Produto Interno Bruto a preços correntes,2021,475971.038,municipal_gdp,475971.038
5204102,Cachoeira Alta - GO,37,Produto Interno Bruto a preços correntes,2021,281719.518,municipal_gdp,281719.518
5204201,Cachoeira de Goiás - GO,37,Produto Interno Bruto a preços correntes,2021,38880.439,municipal_gdp,38880.439
5204250,Cachoeira Dourada - GO,37,Produto Interno Bruto a preços correntes,2021,69504.796,municipal_gdp,69504.796
5204300,Caçu - GO,37,Produto Interno Bruto a preços correntes,2021,912900.812,municipal_gdp,912900.812
5204409,Caiapônia - GO,37,Produto Interno Bruto a preços correntes,2021,821714.722,municipal_gdp,821714.722
5204508,Caldas Novas - GO,37,Produto Interno Bruto a preços correntes,2021,3001267.797,municipal_gdp,3001267.797
5204557,Caldazinha - GO,37,Produto Interno Bruto a preços correntes,2021,84657.118,municipal_gdp,84657.118
5204607,Campestre de Goiás - GO,37,Produto Interno Bruto a preços correntes,2021,72754.135,municipal_gdp,72754.135
5204656,Campinaçu - GO,37,Produto Interno Bruto a preços correntes,2021,110527.898,municipal_gdp,110527.898
5204706,Campinorte - GO,37,Produto Interno Bruto a preços correntes,2021,333043.266,municipal_gdp,333043.266
5204805,Campo Alegre de Goiás - GO,37,Produto Interno Bruto a preços correntes,2021,846765.541,municipal_gdp,846765.541
5204854,Campo Limpo de Goiás - GO,37,Produto Interno Bruto a preços correntes,2021,165123.491,municipal_gdp,165123.491
5204904,Campos Belos - GO,37,Produto Interno Bruto a preços correntes,2021,315341.740,municipal_gdp,315341.74
5204953,Campos Verdes - GO,37,Produto Interno Bruto a preços correntes,2021,56359.388,municipal_gdp,56359.388
5205000,Carmo do Rio Verde - GO,37,Produto Interno Bruto a preços correntes,2021,488110.289,municipal_gdp,488110.289
5205059,Castelândia - GO,37,Produto Interno Bruto a preços correntes,2021,91630.229,municipal_gdp,91630.229
5205109,Catalão - GO,37,Produto Interno Bruto a preços correntes,2021,9916889.644,municipal_gdp,9916889.644
5205208,Caturaí - GO,37,Produto Interno Bruto a preços correntes,2021,100786.616,municipal_gdp,100786.616
5205307,Cavalcante - GO,37,Produto Interno Bruto a preços correntes,2021,383048.306,municipal_gdp,383048.306
5205406,Ceres - GO,37,Produto Interno Bruto a preços correntes,2021,734718.541,municipal_gdp,734718.541
5205455,Cezarina - GO,37,Produto Interno Bruto a preços correntes,2021,385019.617,municipal_gdp,385019.617
5205471,Chapadão do Céu - GO,37,Produto Interno Bruto a preços correntes,2021,2188780.243,municipal_gdp,2188780.243
5205497,Cidade Ocidental - GO,37,Produto Interno Bruto a preços correntes,2021,1006341.278,municipal_gdp,1006341.278
5205513,Cocalzinho de Goiás - GO,37,Produto Interno Bruto a preços correntes,2021,436380.201,municipal_gdp,436380.201
5205521,Colinas do Sul - GO,37,Produto Interno Bruto a preços correntes,2021,70463.487,municipal_gdp,70463.487
5205703,Córrego do Ouro - GO,37,Produto Interno Bruto a preços correntes,2021,74386.554,municipal_gdp,74386.554
5205802,Corumbá de Goiás - GO,37,Produto Interno Bruto a preços correntes,2021,260271.167,municipal_gdp,260271.167
5205901,Corumbaíba - GO,37,Produto Interno Bruto a preços correntes,2021,709290.375,municipal_gdp,709290.375
5206206,Cristalina - GO,37,Produto Interno Bruto a preços correntes,2021,4602540.728,municipal_gdp,4602540.728
5206305,Cristianópolis - GO,37,Produto Interno Bruto a preços correntes,2021,120120.024,municipal_gdp,120120.024
5206404,Crixás - GO,37,Produto Interno Bruto a preços correntes,2021,699386.422,municipal_gdp,699386.422
5206503,Cromínia - GO,37,Produto Interno Bruto a preços correntes,2021,99575.553,municipal_gdp,99575.553
5206602,Cumari - GO,37,Produto Interno Bruto a preços correntes,2021,96879.552,municipal_gdp,96879.552
5206701,Damianópolis - GO,37,Produto Interno Bruto a preços correntes,2021,44989.294,municipal_gdp,44989.294
5206800,Damolândia - GO,37,Produto Interno Bruto a preços correntes,2021,52509.212,municipal_gdp,52509.212
5206909,Davinópolis - GO,37,Produto Interno Bruto a preços correntes,2021,583107.489,municipal_gdp,583107.489
5207105,Diorama - GO,37,Produto Interno Bruto a preços correntes,2021,96858.664,municipal_gdp,96858.664
5207253,Doverlândia - GO,37,Produto Interno Bruto a preços correntes,2021,400905.133,municipal_gdp,400905.133
5207352,Edealina - GO,37,Produto Interno Bruto a preços correntes,2021,405228.316,municipal_gdp,405228.316
5207402,Edéia - GO,37,Produto Interno Bruto a preços correntes,2021,923374.920,municipal_gdp,923374.92
5207501,Estrela do Norte - GO,37,Produto Interno Bruto a preços correntes,2021,74810.619,municipal_gdp,74810.619
5207535,Faina - GO,37,Produto Interno Bruto a preços correntes,2021,167617.966,municipal_gdp,167617.966
5207600,Fazenda Nova - GO,37,Produto Interno Bruto a preços correntes,2021,152416.164,municipal_gdp,152416.164
5207808,Firminópolis - GO,37,Produto Interno Bruto a preços correntes,2021,272141.888,municipal_gdp,272141.888
5207907,Flores de Goiás - GO,37,Produto Interno Bruto a preços correntes,2021,250971.773,municipal_gdp,250971.773
5208004,Formosa - GO,37,Produto Interno Bruto a preços correntes,2021,3248096.789,municipal_gdp,3248096.789
5208103,Formoso - GO,37,Produto Interno Bruto a preços correntes,2021,111687.492,municipal_gdp,111687.492
5208152,Gameleira de Goiás - GO,37,Produto Interno Bruto a preços correntes,2021,312545.465,municipal_gdp,312545.465
5208301,Divinópolis de Goiás - GO,37,Produto Interno Bruto a preços correntes,2021,91720.057,municipal_gdp,91720.057
5208400,Goianápolis - GO,37,Produto Interno Bruto a preços correntes,2021,294419.541,municipal_gdp,294419.541
5208509,Goiandira - GO,37,Produto Interno Bruto a preços correntes,2021,202210.124,municipal_gdp,202210.124
5208608,Goianésia - GO,37,Produto Interno Bruto a preços correntes,2021,1888440.090,municipal_gdp,1888440.09
5208707,Goiânia - GO,37,Produto Interno Bruto a preços correntes,2021,59870498.596,municipal_gdp,59870498.596
5208806,Goianira - GO,37,Produto Interno Bruto a preços correntes,2021,1102804.593,municipal_gdp,1102804.593
5208905,Goiás - GO,37,Produto Interno Bruto a preços correntes,2021,763778.659,municipal_gdp,763778.659
5209101,Goiatuba - GO,37,Produto Interno Bruto a preços correntes,2021,2169650.236,municipal_gdp,2169650.236
5209150,Gouvelândia - GO,37,Produto Interno Bruto a preços correntes,2021,169400.417,municipal_gdp,169400.417
5209200,Guapó - GO,37,Produto Interno Bruto a preços correntes,2021,347724.615,municipal_gdp,347724.615
5209291,Guaraíta - GO,37,Produto Interno Bruto a preços correntes,2021,52186.069,municipal_gdp,52186.069
5209408,Guarani de Goiás - GO,37,Produto Interno Bruto a preços correntes,2021,86104.154,municipal_gdp,86104.154
5209457,Guarinos - GO,37,Produto Interno Bruto a preços correntes,2021,64355.812,municipal_gdp,64355.812
5209606,Heitoraí - GO,37,Produto Interno Bruto a preços correntes,2021,83890.271,municipal_gdp,83890.271
5209705,Hidrolândia - GO,37,Produto Interno Bruto a preços correntes,2021,1329218.145,municipal_gdp,1329218.145
5209804,Hidrolina - GO,37,Produto Interno Bruto a preços correntes,2021,87757.210,municipal_gdp,87757.21
5209903,Iaciara - GO,37,Produto Interno Bruto a preços correntes,2021,226552.050,municipal_gdp,226552.05
5209937,Inaciolândia - GO,37,Produto Interno Bruto a preços correntes,2021,237549.562,municipal_gdp,237549.562
5209952,Indiara - GO,37,Produto Interno Bruto a preços correntes,2021,656345.130,municipal_gdp,656345.13
5210000,Inhumas - GO,37,Produto Interno Bruto a preços correntes,2021,1406365.170,municipal_gdp,1406365.17
5210109,Ipameri - GO,37,Produto Interno Bruto a preços correntes,2021,2429509.165,municipal_gdp,2429509.165
5210158,Ipiranga de Goiás - GO,37,Produto Interno Bruto a preços correntes,2021,69954.362,municipal_gdp,69954.362
5210208,Iporá - GO,37,Produto Interno Bruto a preços correntes,2021,876399.161,municipal_gdp,876399.161
5210307,Israelândia - GO,37,Produto Interno Bruto a preços correntes,2021,71478.706,municipal_gdp,71478.706
5210406,Itaberaí - GO,37,Produto Interno Bruto a preços correntes,2021,1805074.512,municipal_gdp,1805074.512
5210562,Itaguari - GO,37,Produto Interno Bruto a preços correntes,2021,98151.455,municipal_gdp,98151.455
5210604,Itaguaru - GO,37,Produto Interno Bruto a preços correntes,2021,104100.470,municipal_gdp,104100.47
5210802,Itajá - GO,37,Produto Interno Bruto a preços correntes,2021,131521.076,municipal_gdp,131521.076
5210901,Itapaci - GO,37,Produto Interno Bruto a preços correntes,2021,547603.022,municipal_gdp,547603.022
5211008,Itapirapuã - GO,37,Produto Interno Bruto a preços correntes,2021,222293.143,municipal_gdp,222293.143
5211206,Itapuranga - GO,37,Produto Interno Bruto a preços correntes,2021,553624.989,municipal_gdp,553624.989
5211305,Itarumã - GO,37,Produto Interno Bruto a preços correntes,2021,324864.117,municipal_gdp,324864.117
5211404,Itauçu - GO,37,Produto Interno Bruto a preços correntes,2021,219255.736,municipal_gdp,219255.736
5211503,Itumbiara - GO,37,Produto Interno Bruto a preços correntes,2021,5324712.276,municipal_gdp,5324712.276
5211602,Ivolândia - GO,37,Produto Interno Bruto a preços correntes,2021,139635.196,municipal_gdp,139635.196
5211701,Jandaia - GO,37,Produto Interno Bruto a preços correntes,2021,426843.294,municipal_gdp,426843.294
5211800,Jaraguá - GO,37,Produto Interno Bruto a preços correntes,2021,919842.873,municipal_gdp,919842.873
5211909,Jataí - GO,37,Produto Interno Bruto a preços correntes,2021,7997057.279,municipal_gdp,7997057.279
5212006,Jaupaci - GO,37,Produto Interno Bruto a preços correntes,2021,83166.033,municipal_gdp,83166.033
5212055,Jesúpolis - GO,37,Produto Interno Bruto a preços correntes,2021,39675.131,municipal_gdp,39675.131
5212105,Joviânia - GO,37,Produto Interno Bruto a preços correntes,2021,342154.792,municipal_gdp,342154.792
5212204,Jussara - GO,37,Produto Interno Bruto a preços correntes,2021,693525.830,municipal_gdp,693525.83
5212253,Lagoa Santa - GO,37,Produto Interno Bruto a preços correntes,2021,51869.992,municipal_gdp,51869.992
5212303,Leopoldo de Bulhões - GO,37,Produto Interno Bruto a preços correntes,2021,343235.764,municipal_gdp,343235.764
5212501,Luziânia - GO,37,Produto Interno Bruto a preços correntes,2021,5400879.110,municipal_gdp,5400879.11
5212600,Mairipotaba - GO,37,Produto Interno Bruto a preços correntes,2021,88307.045,municipal_gdp,88307.045
5212709,Mambaí - GO,37,Produto Interno Bruto a preços correntes,2021,107552.110,municipal_gdp,107552.11
5212808,Mara Rosa - GO,37,Produto Interno Bruto a preços correntes,2021,291277.665,municipal_gdp,291277.665
5212907,Marzagão - GO,37,Produto Interno Bruto a preços correntes,2021,68549.810,municipal_gdp,68549.81
5212956,Matrinchã - GO,37,Produto Interno Bruto a preços correntes,2021,170668.916,municipal_gdp,170668.916
5213004,Maurilândia - GO,37,Produto Interno Bruto a preços correntes,2021,247923.480,municipal_gdp,247923.48
5213053,Mimoso de Goiás - GO,37,Produto Interno Bruto a preços correntes,2021,247571.865,municipal_gdp,247571.865
5213087,Minaçu - GO,37,Produto Interno Bruto a preços correntes,2021,1296752.817,municipal_gdp,1296752.817
5213103,Mineiros - GO,37,Produto Interno Bruto a preços correntes,2021,3288959.050,municipal_gdp,3288959.05
5213400,Moiporá - GO,37,Produto Interno Bruto a preços correntes,2021,53255.171,municipal_gdp,53255.171
5213509,Monte Alegre de Goiás - GO,37,Produto Interno Bruto a preços correntes,2021,120282.434,municipal_gdp,120282.434
5213707,Montes Claros de Goiás - GO,37,Produto Interno Bruto a preços correntes,2021,498815.696,municipal_gdp,498815.696
5213756,Montividiu - GO,37,Produto Interno Bruto a preços correntes,2021,1604454.100,municipal_gdp,1604454.1
5213772,Montividiu do Norte - GO,37,Produto Interno Bruto a preços correntes,2021,108844.745,municipal_gdp,108844.745
5213806,Morrinhos - GO,37,Produto Interno Bruto a preços correntes,2021,1857571.382,municipal_gdp,1857571.382
5213855,Morro Agudo de Goiás - GO,37,Produto Interno Bruto a preços correntes,2021,54837.331,municipal_gdp,54837.331
5213905,Mossâmedes - GO,37,Produto Interno Bruto a preços correntes,2021,131844.928,municipal_gdp,131844.928
5214002,Mozarlândia - GO,37,Produto Interno Bruto a preços correntes,2021,1025089.438,municipal_gdp,1025089.438
5214051,Mundo Novo - GO,37,Produto Interno Bruto a preços correntes,2021,180855.766,municipal_gdp,180855.766
5214101,Mutunópolis - GO,37,Produto Interno Bruto a preços correntes,2021,86431.244,municipal_gdp,86431.244
5214408,Nazário - GO,37,Produto Interno Bruto a preços correntes,2021,276930.716,municipal_gdp,276930.716
5214507,Nerópolis - GO,37,Produto Interno Bruto a preços correntes,2021,1021268.677,municipal_gdp,1021268.677
5214606,Niquelândia - GO,37,Produto Interno Bruto a preços correntes,2021,1291840.640,municipal_gdp,1291840.64
5214705,Nova América - GO,37,Produto Interno Bruto a preços correntes,2021,48893.204,municipal_gdp,48893.204
5214804,Nova Aurora - GO,37,Produto Interno Bruto a preços correntes,2021,71041.986,municipal_gdp,71041.986
5214838,Nova Crixás - GO,37,Produto Interno Bruto a preços correntes,2021,628583.598,municipal_gdp,628583.598
5214861,Nova Glória - GO,37,Produto Interno Bruto a preços correntes,2021,141181.170,municipal_gdp,141181.17
5214879,Nova Iguaçu de Goiás - GO,37,Produto Interno Bruto a preços correntes,2021,61476.931,municipal_gdp,61476.931
5214903,Nova Roma - GO,37,Produto Interno Bruto a preços correntes,2021,66588.789,municipal_gdp,66588.789
5215009,Nova Veneza - GO,37,Produto Interno Bruto a preços correntes,2021,197285.218,municipal_gdp,197285.218
5215207,Novo Brasil - GO,37,Produto Interno Bruto a preços correntes,2021,85247.333,municipal_gdp,85247.333
5215231,Novo Gama - GO,37,Produto Interno Bruto a preços correntes,2021,1154253.387,municipal_gdp,1154253.387
5215256,Novo Planalto - GO,37,Produto Interno Bruto a preços correntes,2021,160466.920,municipal_gdp,160466.92
5215306,Orizona - GO,37,Produto Interno Bruto a preços correntes,2021,938191.802,municipal_gdp,938191.802
5215405,Ouro Verde de Goiás - GO,37,Produto Interno Bruto a preços correntes,2021,150021.830,municipal_gdp,150021.83
5215504,Ouvidor - GO,37,Produto Interno Bruto a preços correntes,2021,765439.790,municipal_gdp,765439.79
5215603,Padre Bernardo - GO,37,Produto Interno Bruto a preços correntes,2021,1052237.698,municipal_gdp,1052237.698
5215652,Palestina de Goiás - GO,37,Produto Interno Bruto a preços correntes,2021,173212.380,municipal_gdp,173212.38
5215702,Palmeiras de Goiás - GO,37,Produto Interno Bruto a preços correntes,2021,1770857.539,municipal_gdp,1770857.539
5215801,Palmelo - GO,37,Produto Interno Bruto a preços correntes,2021,55763.746,municipal_gdp,55763.746
5215900,Palminópolis - GO,37,Produto Interno Bruto a preços correntes,2021,220065.700,municipal_gdp,220065.7
5216007,Panamá - GO,37,Produto Interno Bruto a preços correntes,2021,109642.946,municipal_gdp,109642.946
5216304,Paranaiguara - GO,37,Produto Interno Bruto a preços correntes,2021,236711.780,municipal_gdp,236711.78
5216403,Paraúna - GO,37,Produto Interno Bruto a preços correntes,2021,1559971.186,municipal_gdp,1559971.186
5216452,Perolândia - GO,37,Produto Interno Bruto a preços correntes,2021,708422.554,municipal_gdp,708422.554
5216809,Petrolina de Goiás - GO,37,Produto Interno Bruto a preços correntes,2021,178795.994,municipal_gdp,178795.994
5216908,Pilar de Goiás - GO,37,Produto Interno Bruto a preços correntes,2021,192760.680,municipal_gdp,192760.68
5217104,Piracanjuba - GO,37,Produto Interno Bruto a preços correntes,2021,1239086.415,municipal_gdp,1239086.415
5217203,Piranhas - GO,37,Produto Interno Bruto a preços correntes,2021,609417.803,municipal_gdp,609417.803
5217302,Pirenópolis - GO,37,Produto Interno Bruto a preços correntes,2021,640388.004,municipal_gdp,640388.004
5217401,Pires do Rio - GO,37,Produto Interno Bruto a preços correntes,2021,1405175.390,municipal_gdp,1405175.39
5217609,Planaltina - GO,37,Produto Interno Bruto a preços correntes,2021,1453269.910,municipal_gdp,1453269.91
5217708,Pontalina - GO,37,Produto Interno Bruto a preços correntes,2021,717260.589,municipal_gdp,717260.589
5218003,Porangatu - GO,37,Produto Interno Bruto a preços correntes,2021,1430254.087,municipal_gdp,1430254.087
5218052,Porteirão - GO,37,Produto Interno Bruto a preços correntes,2021,222488.042,municipal_gdp,222488.042
5218102,Portelândia - GO,37,Produto Interno Bruto a preços correntes,2021,367303.020,municipal_gdp,367303.02
5218300,Posse - GO,37,Produto Interno Bruto a preços correntes,2021,703662.752,municipal_gdp,703662.752
5218391,Professor Jamil - GO,37,Produto Interno Bruto a preços correntes,2021,72101.483,municipal_gdp,72101.483
5218508,Quirinópolis - GO,37,Produto Interno Bruto a preços correntes,2021,2147675.942,municipal_gdp,2147675.942
5218607,Rialma - GO,37,Produto Interno Bruto a preços correntes,2021,314517.066,municipal_gdp,314517.066
5218706,Rianápolis - GO,37,Produto Interno Bruto a preços correntes,2021,83234.229,municipal_gdp,83234.229
5218789,Rio Quente - GO,37,Produto Interno Bruto a preços correntes,2021,326140.575,municipal_gdp,326140.575
5218805,Rio Verde - GO,37,Produto Interno Bruto a preços correntes,2021,16307342.211,municipal_gdp,16307342.211
5218904,Rubiataba - GO,37,Produto Interno Bruto a preços correntes,2021,565947.831,municipal_gdp,565947.831
5219001,Sanclerlândia - GO,37,Produto Interno Bruto a preços correntes,2021,217581.632,municipal_gdp,217581.632
5219100,Santa Bárbara de Goiás - GO,37,Produto Interno Bruto a preços correntes,2021,154125.634,municipal_gdp,154125.634
5219209,Santa Cruz de Goiás - GO,37,Produto Interno Bruto a preços correntes,2021,295258.423,municipal_gdp,295258.423
5219258,Santa Fé de Goiás - GO,37,Produto Interno Bruto a preços correntes,2021,260185.774,municipal_gdp,260185.774
5219308,Santa Helena de Goiás - GO,37,Produto Interno Bruto a preços correntes,2021,1621078.016,municipal_gdp,1621078.016
5219357,Santa Isabel - GO,37,Produto Interno Bruto a preços correntes,2021,123190.630,municipal_gdp,123190.63
5219407,Santa Rita do Araguaia - GO,37,Produto Interno Bruto a preços correntes,2021,204972.028,municipal_gdp,204972.028
5219456,Santa Rita do Novo Destino - GO,37,Produto Interno Bruto a preços correntes,2021,110073.158,municipal_gdp,110073.158
5219506,Santa Rosa de Goiás - GO,37,Produto Interno Bruto a preços correntes,2021,68318.068,municipal_gdp,68318.068
5219605,Santa Tereza de Goiás - GO,37,Produto Interno Bruto a preços correntes,2021,87582.925,municipal_gdp,87582.925
5219704,Santa Terezinha de Goiás - GO,37,Produto Interno Bruto a preços correntes,2021,190867.011,municipal_gdp,190867.011
5219712,Santo Antônio da Barra - GO,37,Produto Interno Bruto a preços correntes,2021,321015.346,municipal_gdp,321015.346
5219738,Santo Antônio de Goiás - GO,37,Produto Interno Bruto a preços correntes,2021,154853.397,municipal_gdp,154853.397
5219753,Santo Antônio do Descoberto - GO,37,Produto Interno Bruto a preços correntes,2021,825809.178,municipal_gdp,825809.178
5219803,São Domingos - GO,37,Produto Interno Bruto a preços correntes,2021,206272.546,municipal_gdp,206272.546
5219902,São Francisco de Goiás - GO,37,Produto Interno Bruto a preços correntes,2021,130603.103,municipal_gdp,130603.103
5220009,São João d'Aliança - GO,37,Produto Interno Bruto a preços correntes,2021,570027.447,municipal_gdp,570027.447
5220058,São João da Paraúna - GO,37,Produto Interno Bruto a preços correntes,2021,139628.724,municipal_gdp,139628.724
5220108,São Luís de Montes Belos - GO,37,Produto Interno Bruto a preços correntes,2021,1486991.836,municipal_gdp,1486991.836
5220157,São Luiz do Norte - GO,37,Produto Interno Bruto a preços correntes,2021,137418.100,municipal_gdp,137418.1
5220207,São Miguel do Araguaia - GO,37,Produto Interno Bruto a preços correntes,2021,691658.553,municipal_gdp,691658.553
5220264,São Miguel do Passa Quatro - GO,37,Produto Interno Bruto a preços correntes,2021,316743.470,municipal_gdp,316743.47
5220280,São Patrício - GO,37,Produto Interno Bruto a preços correntes,2021,53463.888,municipal_gdp,53463.888
5220405,São Simão - GO,37,Produto Interno Bruto a preços correntes,2021,1432950.623,municipal_gdp,1432950.623
5220454,Senador Canedo - GO,37,Produto Interno Bruto a preços correntes,2021,4765630.279,municipal_gdp,4765630.279
5220504,Serranópolis - GO,37,Produto Interno Bruto a preços correntes,2021,652613.492,municipal_gdp,652613.492
5220603,Silvânia - GO,37,Produto Interno Bruto a preços correntes,2021,1315612.055,municipal_gdp,1315612.055
5220686,Simolândia - GO,37,Produto Interno Bruto a preços correntes,2021,173336.646,municipal_gdp,173336.646
5220702,Sítio d'Abadia - GO,37,Produto Interno Bruto a preços correntes,2021,75928.209,municipal_gdp,75928.209
5221007,Taquaral de Goiás - GO,37,Produto Interno Bruto a preços correntes,2021,89316.649,municipal_gdp,89316.649
5221080,Teresina de Goiás - GO,37,Produto Interno Bruto a preços correntes,2021,39135.697,municipal_gdp,39135.697
5221197,Terezópolis de Goiás - GO,37,Produto Interno Bruto a preços correntes,2021,211092.366,municipal_gdp,211092.366
5221304,Três Ranchos - GO,37,Produto Interno Bruto a preços correntes,2021,63880.692,municipal_gdp,63880.692
5221403,Trindade - GO,37,Produto Interno Bruto a preços correntes,2021,2666873.839,municipal_gdp,2666873.839
5221452,Trombas - GO,37,Produto Interno Bruto a preços correntes,2021,70142.532,municipal_gdp,70142.532
5221502,Turvânia - GO,37,Produto Interno Bruto a preços correntes,2021,204402.000,municipal_gdp,204402.0
5221551,Turvelândia - GO,37,Produto Interno Bruto a preços correntes,2021,566499.023,municipal_gdp,566499.023
5221577,Uirapuru - GO,37,Produto Interno Bruto a preços correntes,2021,77434.561,municipal_gdp,77434.561
5221601,Uruaçu - GO,37,Produto Interno Bruto a preços correntes,2021,1299992.524,municipal_gdp,1299992.524
5221700,Uruana - GO,37,Produto Interno Bruto a preços correntes,2021,294393.802,municipal_gdp,294393.802
5221809,Urutaí - GO,37,Produto Interno Bruto a preços correntes,2021,164818.414,municipal_gdp,164818.414
5221858,Valparaíso de Goiás - GO,37,Produto Interno Bruto a preços correntes,2021,2964938.478,municipal_gdp,2964938.478
5221908,Varjão - GO,37,Produto Interno Bruto a preços correntes,2021,105104.958,municipal_gdp,105104.958
5222005,Vianópolis - GO,37,Produto Interno Bruto a preços correntes,2021,858016.090,municipal_gdp,858016.09
5222054,Vicentinópolis - GO,37,Produto Interno Bruto a preços correntes,2021,480210.090,municipal_gdp,480210.09
5222203,Vila Boa - GO,37,Produto Interno Bruto a preços correntes,2021,179923.862,municipal_gdp,179923.862
5222302,Vila Propício - GO,37,Produto Interno Bruto a preços correntes,2021,308035.080,municipal_gdp,308035.08
5300108,Brasília - DF,37,Produto Interno Bruto a preços correntes,2021,286943782.027,municipal_gdp,286943782.027
