municipality_code,municipality_name,variable_code,variable_name,period,value_raw,source,value
1100015,Alta Floresta D'Oeste - RO,9324,População residente estimada,2024,22853,population_estimate,22853.0
1100023,Ariquemes - RO,9324,População residente estimada,2024,108573,population_estimate,108573.0
1100031,Cabixi - RO,9324,População residente estimada,2024,5690,population_estimate,5690.0
1100049,Cacoal - RO,9324,População residente estimada,2024,97637,population_estimate,97637.0
1100056,Cerejeiras - RO,9324,População residente estimada,2024,16975,population_estimate,16975.0
1100064,Colorado do Oeste - RO,9324,População residente estimada,2024,16588,population_estimate,16588.0
1100072,Corumbiara - RO,9324,População residente estimada,2024,8001,population_estimate,8001.0
1100080,Costa Marques - RO,9324,População residente estimada,2024,13522,population_estimate,13522.0
1100098,Espigão D'Oeste - RO,9324,População residente estimada,2024,32717,population_estimate,32717.0
1100106,Guajará-Mirim - RO,9324,População residente estimada,2024,43553,population_estimate,43553.0
1100114,Jaru - RO,9324,População residente estimada,2024,55583,population_estimate,55583.0
1100122,Ji-Paraná - RO,9324,População residente estimada,2024,139359,population_estimate,139359.0
1100130,Machadinho D'Oeste - RO,9324,População residente estimada,2024,34063,population_estimate,34063.0
1100148,Nova Brasilândia D'Oeste - RO,9324,População residente estimada,2024,16504,population_estimate,16504.0
1100155,Ouro Preto do Oeste - RO,9324,População residente estimada,2024,38681,population_estimate,38681.0
1100189,Pimenta Bueno - RO,9324,População residente estimada,2024,39053,population_estimate,39053.0
1100205,Porto Velho - RO,9324,População residente estimada,2024,514873,population_estimate,514873.0
1100254,Presidente Médici - RO,9324,População residente estimada,2024,20518,population_estimate,20518.0
1100262,Rio Crespo - RO,9324,População residente estimada,2024,3753,population_estimate,3753.0
1100288,Rolim de Moura - RO,9324,População residente estimada,2024,62559,population_estimate,62559.0
1100296,Santa Luzia D'Oeste - RO,9324,População residente estimada,2024,7877,population_estimate,7877.0
1100304,Vilhena - RO,9324,População residente estimada,2024,108528,population_estimate,108528.0
1100320,São Miguel do Guaporé - RO,9324,População residente estimada,2024,22267,population_estimate,22267.0
1100338,Nova Mamoré - RO,9324,População residente estimada,2024,28496,population_estimate,28496.0
1100346,Alvorada D'Oeste - RO,9324,População residente estimada,2024,13837,population_estimate,13837.0
1100379,Alto Alegre dos Parecis - RO,9324,População residente estimada,2024,12263,population_estimate,12263.0
1100403,Alto Paraíso - RO,9324,População residente estimada,2024,17463,population_estimate,17463.0
1100452,Buritis - RO,9324,População residente estimada,2024,30729,population_estimate,30729.0
1100502,Novo Horizonte do Oeste - RO,9324,População residente estimada,2024,8056,population_estimate,8056.0
1100601,Cacaulândia - RO,9324,População residente estimada,2024,4345,population_estimate,4345.0
1100700,Campo Novo de Rondônia - RO,9324,População residente estimada,2024,9225,population_estimate,9225.0
1100809,Candeias do Jamari - RO,9324,População residente estimada,2024,24163,population_estimate,24163.0
1100908,Castanheiras - RO,9324,População residente estimada,2024,3456,population_estimate,3456.0
1100924,Chupinguaia - RO,9324,População residente estimada,2024,10129,population_estimate,10129.0
1100940,Cujubim - RO,9324,População residente estimada,2024,15883,population_estimate,15883.0
1101005,Governador Jorge Teixeira - RO,9324,População residente estimada,2024,8420,population_estimate,8420.0
1101104,Itapuã do Oeste - RO,9324,População residente estimada,2024,9209,population_estimate,9209.0
1101203,Ministro Andreazza - RO,9324,População residente estimada,2024,6657,population_estimate,6657.0
1101302,Mirante da Serra - RO,9324,População residente estimada,2024,9740,population_estimate,9740.0
1101401,Monte Negro - RO,9324,População residente estimada,2024,12241,population_estimate,12241.0
1101435,Nova União - RO,9324,População residente estimada,2024,6577,population_estimate,6577.0
1101450,Parecis - RO,9324,População residente estimada,2024,4390,population_estimate,4390.0
1101468,Pimenteiras do Oeste - RO,9324,População residente estimada,2024,2311,population_estimate,2311.0
1101476,Primavera de Rondônia - RO,9324,População residente estimada,2024,3279,population_estimate,3279.0
1101484,São Felipe D'Oeste - RO,9324,População residente estimada,2024,5605,population_estimate,5605.0
1101492,São Francisco do Guaporé - RO,9324,População residente estimada,2024,17511,population_estimate,17511.0
1101500,Seringueiras - RO,9324,População residente estimada,2024,12954,population_estimate,12954.0
1101559,Teixeirópolis - RO,9324,População residente estimada,2024,4536,population_estimate,4536.0
1101609,Theobroma - RO,9324,População residente estimada,2024,8540,population_estimate,8540.0
1101708,Urupá - RO,9324,População residente estimada,2024,11377,population_estimate,11377.0
1101757,Vale do Anari - RO,9324,População residente estimada,2024,8265,population_estimate,8265.0
1101807,Vale do Paraíso - RO,9324,População residente estimada,2024,6843,population_estimate,6843.0
1200013,Acrelândia - AC,9324,População residente estimada,2024,14657,population_estimate,14657.0
1200054,Assis Brasil - AC,9324,População residente estimada,2024,8573,population_estimate,8573.0
1200104,Brasiléia - AC,9324,População residente estimada,2024,27841,population_estimate,27841.0
1200138,Bujari - AC,9324,População residente estimada,2024,13766,population_estimate,13766.0
1200179,Capixaba - AC,9324,População residente estimada,2024,10922,population_estimate,10922.0
1200203,Cruzeiro do Sul - AC,9324,População residente estimada,2024,98382,population_estimate,98382.0
1200252,Epitaciolândia - AC,9324,População residente estimada,2024,19739,population_estimate,19739.0
1200302,Feijó - AC,9324,População residente estimada,2024,37644,population_estimate,37644.0
1200328,Jordão - AC,9324,População residente estimada,2024,9787,population_estimate,9787.0
1200336,Mâncio Lima - AC,9324,População residente estimada,2024,20329,population_estimate,20329.0
1200344,Manoel Urbano - AC,9324,População residente estimada,2024,12776,population_estimate,12776.0
1200351,Marechal Thaumaturgo - AC,9324,População residente estimada,2024,17951,population_estimate,17951.0
1200385,Plácido de Castro - AC,9324,População residente estimada,2024,17127,population_estimate,17127.0
1200393,Porto Walter - AC,9324,População residente estimada,2024,11275,population_estimate,11275.0
1200401,Rio Branco - AC,9324,População residente estimada,2024,387852,population_estimate,387852.0
1200427,Rodrigues Alves - AC,9324,População residente estimada,2024,15537,population_estimate,15537.0
1200435,Santa Rosa do Purus - AC,9324,População residente estimada,2024,7143,population_estimate,7143.0
1200450,Senador Guiomard - AC,9324,População residente estimada,2024,22352,population_estimate,22352.0
1200500,Sena Madureira - AC,9324,População residente estimada,2024,43916,population_estimate,43916.0
1200609,Tarauacá - AC,9324,População residente estimada,2024,46517,population_estimate,46517.0
1200708,Xapuri - AC,9324,População residente estimada,2024,19090,population_estimate,19090.0
1200807,Porto Acre - AC,9324,População residente estimada,2024,17455,population_estimate,17455.0
1300029,Alvarães - AM,9324,População residente estimada,2024,16670,population_estimate,16670.0
1300060,Amaturá - AM,9324,População residente estimada,2024,11411,population_estimate,11411.0
1300086,Anamã - AM,9324,População residente estimada,2024,10318,population_estimate,10318.0
1300102,Anori - AM,9324,População residente estimada,2024,17932,population_estimate,17932.0
1300144,Apuí - AM,9324,População residente estimada,2024,21735,population_estimate,21735.0
1300201,Atalaia do Norte - AM,9324,População residente estimada,2024,15892,population_estimate,15892.0
1300300,Autazes - AM,9324,População residente estimada,2024,45328,population_estimate,45328.0
1300409,Barcelos - AM,9324,População residente estimada,2024,18626,population_estimate,18626.0
1300508,Barreirinha - AM,9324,População residente estimada,2024,33436,population_estimate,33436.0
1300607,Benjamin Constant - AM,9324,População residente estimada,2024,40509,population_estimate,40509.0
1300631,Beruri - AM,9324,População residente estimada,2024,22136,population_estimate,22136.0
1300680,Boa Vista do Ramos - AM,9324,População residente estimada,2024,25769,population_estimate,25769.0
1300706,Boca do Acre - AM,9324,População residente estimada,2024,38246,population_estimate,38246.0
1300805,Borba - AM,9324,População residente estimada,2024,34879,population_estimate,34879.0
1300839,Caapiranga - AM,9324,População residente estimada,2024,14310,population_estimate,14310.0
1300904,Canutama - AM,9324,População residente estimada,2024,17885,population_estimate,17885.0
1301001,Carauari - AM,9324,População residente estimada,2024,30892,population_estimate,30892.0
1301100,Careiro - AM,9324,População residente estimada,2024,32442,population_estimate,32442.0
1301159,Careiro da Várzea - AM,9324,População residente estimada,2024,19809,population_estimate,19809.0
1301209,Coari - AM,9324,População residente estimada,2024,73820,population_estimate,73820.0
1301308,Codajás - AM,9324,População residente estimada,2024,24451,population_estimate,24451.0
1301407,Eirunepé - AM,9324,População residente estimada,2024,35534,population_estimate,35534.0
1301506,Envira - AM,9324,População residente estimada,2024,17920,population_estimate,17920.0
1301605,Fonte Boa - AM,9324,População residente estimada,2024,27875,population_estimate,27875.0
1301654,Guajará - AM,9324,População residente estimada,2024,14332,population_estimate,14332.0
1301704,Humaitá - AM,9324,População residente estimada,2024,62312,population_estimate,62312.0
1301803,Ipixuna - AM,9324,População residente estimada,2024,25458,population_estimate,25458.0
1301852,Iranduba - AM,9324,População residente estimada,2024,67114,population_estimate,67114.0
1301902,Itacoatiara - AM,9324,População residente estimada,2024,112520,population_estimate,112520.0
1301951,Itamarati - AM,9324,População residente estimada,2024,11730,population_estimate,11730.0
1302009,Itapiranga - AM,9324,População residente estimada,2024,10805,population_estimate,10805.0
1302108,Japurá - AM,9324,População residente estimada,2024,9397,population_estimate,9397.0
1302207,Juruá - AM,9324,População residente estimada,2024,11152,population_estimate,11152.0
1302306,Jutaí - AM,9324,População residente estimada,2024,27656,population_estimate,27656.0
1302405,Lábrea - AM,9324,População residente estimada,2024,48927,population_estimate,48927.0
1302504,Manacapuru - AM,9324,População residente estimada,2024,110691,population_estimate,110691.0
1302553,Manaquiri - AM,9324,População residente estimada,2024,17009,population_estimate,17009.0
1302603,Manaus - AM,9324,População residente estimada,2024,2279686,population_estimate,2279686.0
1302702,Manicoré - AM,9324,População residente estimada,2024,57758,population_estimate,57758.0
1302801,Maraã - AM,9324,População residente estimada,2024,15843,population_estimate,15843.0
1302900,Maués - AM,9324,População residente estimada,2024,65714,population_estimate,65714.0
1303007,Nhamundá - AM,9324,População residente estimada,2024,21106,population_estimate,21106.0
1303106,Nova Olinda do Norte - AM,9324,População residente estimada,2024,28267,population_estimate,28267.0
1303205,Novo Airão - AM,9324,População residente estimada,2024,16467,population_estimate,16467.0
1303304,Novo Aripuanã - AM,9324,População residente estimada,2024,24987,population_estimate,24987.0
1303403,Parintins - AM,9324,População residente estimada,2024,101956,population_estimate,101956.0
1303502,Pauini - AM,9324,População residente estimada,2024,20232,population_estimate,20232.0
1303536,Presidente Figueiredo - AM,9324,População residente estimada,2024,33004,population_estimate,33004.0
1303569,Rio Preto da Eva - AM,9324,População residente estimada,2024,25723,population_estimate,25723.0
1303601,Santa Isabel do Rio Negro - AM,9324,População residente estimada,2024,14176,population_estimate,14176.0
1303700,Santo Antônio do Içá - AM,9324,População residente estimada,2024,30448,population_estimate,30448.0
1303809,São Gabriel da Cachoeira - AM,9324,População residente estimada,2024,56406,population_estimate,56406.0
1303908,São Paulo de Olivença - AM,9324,População residente estimada,2024,35196,population_estimate,35196.0
1303957,São Sebastião do Uatumã - AM,9324,População residente estimada,2024,12247,population_estimate,12247.0
1304005,Silves - AM,9324,População residente estimada,2024,12404,population_estimate,12404.0
1304062,Tabatinga - AM,9324,População residente estimada,2024,72283,population_estimate,72283.0
1304104,Tapauá - AM,9324,População residente estimada,2024,20501,population_estimate,20501.0
1304203,Tefé - AM,9324,População residente estimada,2024,79278,population_estimate,79278.0
1304237,Tonantins - AM,9324,População residente estimada,2024,20224,population_estimate,20224.0
1304260,Uarini - AM,9324,População residente estimada,2024,15278,population_estimate,15278.0
1304302,Urucará - AM,9324,População residente estimada,2024,19505,population_estimate,19505.0
1304401,Urucurituba - AM,9324,População residente estimada,2024,25592,population_estimate,25592.0
1400027,Amajari - RR,9324,População residente estimada,2024,15583,population_estimate,15583.0
1400050,Alto Alegre - RR,9324,População residente estimada,2024,23049,population_estimate,23049.0
1400100,Boa Vista - RR,9324,População residente estimada,2024,470169,population_estimate,470169.0
1400159,Bonfim - RR,9324,População residente estimada,2024,15222,population_estimate,15222.0
1400175,Cantá - RR,9324,População residente estimada,2024,20552,population_estimate,20552.0
1400209,Caracaraí - RR,9324,População residente estimada,2024,22443,population_estimate,22443.0
1400233,Caroebe - RR,9324,População residente estimada,2024,11708,population_estimate,11708.0
1400282,Iracema - RR,9324,População residente estimada,2024,10778,population_estimate,10778.0
1400308,Mucajaí - RR,9324,População residente estimada,2024,19619,population_estimate,19619.0
1400407,Normandia - RR,9324,População residente estimada,2024,15744,population_estimate,15744.0
1400456,Pacaraima - RR,9324,População residente estimada,2024,22104,population_estimate,22104.0
1400472,Rorainópolis - RR,9324,População residente estimada,2024,36747,population_estimate,36747.0
1400506,São João da Baliza - RR,9324,População residente estimada,2024,9727,population_estimate,9727.0
1400605,São Luiz do Anauá - RR,9324,População residente estimada,2024,7777,population_estimate,7777.0
1400704,Uiramutã - RR,9324,População residente estimada,2024,15571,population_estimate,15571.0
1500107,Abaetetuba - PA,9324,População residente estimada,2024,170999,population_estimate,170999.0
1500131,Abel Figueiredo - PA,9324,População residente estimada,2024,6302,population_estimate,6302.0
1500206,Acará - PA,9324,População residente estimada,2024,62701,population_estimate,62701.0
1500305,Afuá - PA,9324,População residente estimada,2024,40246,population_estimate,40246.0
1500347,Água Azul do Norte - PA,9324,População residente estimada,2024,17960,population_estimate,17960.0
1500404,Alenquer - PA,9324,População residente estimada,2024,74836,population_estimate,74836.0
1500503,Almeirim - PA,9324,População residente estimada,2024,36334,population_estimate,36334.0
1500602,Altamira - PA,9324,População residente estimada,2024,136982,population_estimate,136982.0
1500701,Anajás - PA,9324,População residente estimada,2024,30003,population_estimate,30003.0
1500800,Ananindeua - PA,9324,População residente estimada,2024,507838,population_estimate,507838.0
1500859,Anapu - PA,9324,População residente estimada,2024,34947,population_estimate,34947.0
1500909,Augusto Corrêa - PA,9324,População residente estimada,2024,47596,population_estimate,47596.0
1500958,Aurora do Pará - PA,9324,População residente estimada,2024,24321,population_estimate,24321.0
1501006,Aveiro - PA,9324,População residente estimada,2024,19223,population_estimate,19223.0
1501105,Bagre - PA,9324,População residente estimada,2024,34633,population_estimate,34633.0
1501204,Baião - PA,9324,População residente estimada,2024,55949,population_estimate,55949.0
1501253,Bannach - PA,9324,População residente estimada,2024,4252,population_estimate,4252.0
1501303,Barcarena - PA,9324,População residente estimada,2024,137331,population_estimate,137331.0
1501402,Belém - PA,9324,População residente estimada,2024,1398531,population_estimate,1398531.0
1501451,Belterra - PA,9324,População residente estimada,2024,18954,population_estimate,18954.0
1501501,Benevides - PA,9324,População residente estimada,2024,68191,population_estimate,68191.0
1501576,Bom Jesus do Tocantins - PA,9324,População residente estimada,2024,18958,population_estimate,18958.0
1501600,Bonito - PA,9324,População residente estimada,2024,12998,population_estimate,12998.0
1501709,Bragança - PA,9324,População residente estimada,2024,131679,population_estimate,131679.0
1501725,Brasil Novo - PA,9324,População residente estimada,2024,26606,population_estimate,26606.0
1501758,Brejo Grande do Araguaia - PA,9324,População residente estimada,2024,6985,population_estimate,6985.0
1501782,Breu Branco - PA,9324,População residente estimada,2024,47351,population_estimate,47351.0
1501808,Breves - PA,9324,População residente estimada,2024,115051,population_estimate,115051.0
1501907,Bujaru - PA,9324,População residente estimada,2024,25112,population_estimate,25112.0
1501956,Cachoeira do Piriá - PA,9324,População residente estimada,2024,19578,population_estimate,19578.0
1502004,Cachoeira do Arari - PA,9324,População residente estimada,2024,25243,population_estimate,25243.0
1502103,Cametá - PA,9324,População residente estimada,2024,143837,population_estimate,143837.0
1502152,Canaã dos Carajás - PA,9324,População residente estimada,2024,86629,population_estimate,86629.0
1502202,Capanema - PA,9324,População residente estimada,2024,74808,population_estimate,74808.0
1502301,Capitão Poço - PA,9324,População residente estimada,2024,59960,population_estimate,59960.0
1502400,Castanhal - PA,9324,População residente estimada,2024,207603,population_estimate,207603.0
1502509,Chaves - PA,9324,População residente estimada,2024,21487,population_estimate,21487.0
1502608,Colares - PA,9324,População residente estimada,2024,13526,population_estimate,13526.0
1502707,Conceição do Araguaia - PA,9324,População residente estimada,2024,47099,population_estimate,47099.0
1502756,Concórdia do Pará - PA,9324,População residente estimada,2024,28287,population_estimate,28287.0
1502764,Cumaru do Norte - PA,9324,População residente estimada,2024,14937,population_estimate,14937.0
1502772,Curionópolis - PA,9324,População residente estimada,2024,20859,population_estimate,20859.0
1502806,Curralinho - PA,9324,População residente estimada,2024,36451,population_estimate,36451.0
1502855,Curuá - PA,9324,População residente estimada,2024,14834,population_estimate,14834.0
1502905,Curuçá - PA,9324,População residente estimada,2024,44413,population_estimate,44413.0
1502939,Dom Eliseu - PA,9324,População residente estimada,2024,62322,population_estimate,62322.0
1502954,Eldorado do Carajás - PA,9324,População residente estimada,2024,29425,population_estimate,29425.0
1503002,Faro - PA,9324,População residente estimada,2024,9125,population_estimate,9125.0
1503044,Floresta do Araguaia - PA,9324,População residente estimada,2024,18565,population_estimate,18565.0
1503077,Garrafão do Norte - PA,9324,População residente estimada,2024,25552,population_estimate,25552.0
1503093,Goianésia do Pará - PA,9324,População residente estimada,2024,27059,population_estimate,27059.0
1503101,Gurupá - PA,9324,População residente estimada,2024,33922,population_estimate,33922.0
1503200,Igarapé-Açu - PA,9324,População residente estimada,2024,37855,population_estimate,37855.0
1503309,Igarapé-Miri - PA,9324,População residente estimada,2024,68955,population_estimate,68955.0
1503408,Inhangapi - PA,9324,População residente estimada,2024,10754,population_estimate,10754.0
1503457,Ipixuna do Pará - PA,9324,População residente estimada,2024,30158,population_estimate,30158.0
1503507,Irituia - PA,9324,População residente estimada,2024,32698,population_estimate,32698.0
1503606,Itaituba - PA,9324,População residente estimada,2024,133684,population_estimate,133684.0
1503705,Itupiranga - PA,9324,População residente estimada,2024,52187,population_estimate,52187.0
1503754,Jacareacanga - PA,9324,População residente estimada,2024,26006,population_estimate,26006.0
1503804,Jacundá - PA,9324,População residente estimada,2024,38391,population_estimate,38391.0
1503903,Juruti - PA,9324,População residente estimada,2024,53952,population_estimate,53952.0
1504000,Limoeiro do Ajuru - PA,9324,População residente estimada,2024,31778,population_estimate,31778.0
1504059,Mãe do Rio - PA,9324,População residente estimada,2024,37048,population_estimate,37048.0
1504109,Magalhães Barata - PA,9324,População residente estimada,2024,8428,population_estimate,8428.0
1504208,Marabá - PA,9324,População residente estimada,2024,288513,population_estimate,288513.0
1504307,Maracanã - PA,9324,População residente estimada,2024,27207,population_estimate,27207.0
1504406,Marapanim - PA,9324,População residente estimada,2024,28105,population_estimate,28105.0
1504422,Marituba - PA,9324,População residente estimada,2024,118998,population_estimate,118998.0
1504455,Medicilândia - PA,9324,População residente estimada,2024,28633,population_estimate,28633.0
1504505,Melgaço - PA,9324,População residente estimada,2024,29846,population_estimate,29846.0
1504604,Mocajuba - PA,9324,População residente estimada,2024,28821,population_estimate,28821.0
1504703,Moju - PA,9324,População residente estimada,2024,90795,population_estimate,90795.0
1504752,Mojuí dos Campos - PA,9324,População residente estimada,2024,25312,population_estimate,25312.0
1504802,Monte Alegre - PA,9324,População residente estimada,2024,63641,population_estimate,63641.0
1504901,Muaná - PA,9324,População residente estimada,2024,48955,population_estimate,48955.0
1504950,Nova Esperança do Piriá - PA,9324,População residente estimada,2024,21259,population_estimate,21259.0
1504976,Nova Ipixuna - PA,9324,População residente estimada,2024,14417,population_estimate,14417.0
1505007,Nova Timboteua - PA,9324,População residente estimada,2024,13204,population_estimate,13204.0
1505031,Novo Progresso - PA,9324,População residente estimada,2024,36518,population_estimate,36518.0
1505064,Novo Repartimento - PA,9324,População residente estimada,2024,63754,population_estimate,63754.0
1505106,Óbidos - PA,9324,População residente estimada,2024,55271,population_estimate,55271.0
1505205,Oeiras do Pará - PA,9324,População residente estimada,2024,36377,population_estimate,36377.0
1505304,Oriximiná - PA,9324,População residente estimada,2024,72460,population_estimate,72460.0
1505403,Ourém - PA,9324,População residente estimada,2024,18675,population_estimate,18675.0
1505437,Ourilândia do Norte - PA,9324,População residente estimada,2024,34905,population_estimate,34905.0
1505486,Pacajá - PA,9324,População residente estimada,2024,43594,population_estimate,43594.0
1505494,Palestina do Pará - PA,9324,População residente estimada,2024,7086,population_estimate,7086.0
1505502,Paragominas - PA,9324,População residente estimada,2024,112843,population_estimate,112843.0
1505536,Parauapebas - PA,9324,População residente estimada,2024,298854,population_estimate,298854.0
1505551,Pau D'Arco - PA,9324,População residente estimada,2024,7296,population_estimate,7296.0
1505601,Peixe-Boi - PA,9324,População residente estimada,2024,8651,population_estimate,8651.0
1505635,Piçarra - PA,9324,População residente estimada,2024,13341,population_estimate,13341.0
1505650,Placas - PA,9324,População residente estimada,2024,18772,population_estimate,18772.0
1505700,Ponta de Pedras - PA,9324,População residente estimada,2024,25767,population_estimate,25767.0
1505809,Portel - PA,9324,População residente estimada,2024,66898,population_estimate,66898.0
1505908,Porto de Moz - PA,9324,População residente estimada,2024,43673,population_estimate,43673.0
1506005,Prainha - PA,9324,População residente estimada,2024,38318,population_estimate,38318.0
1506104,Primavera - PA,9324,População residente estimada,2024,11332,population_estimate,11332.0
1506112,Quatipuru - PA,9324,População residente estimada,2024,11870,population_estimate,11870.0
1506138,Redenção - PA,9324,População residente estimada,2024,91947,population_estimate,91947.0
1506161,Rio Maria - PA,9324,População residente estimada,2024,19129,population_estimate,19129.0
1506187,Rondon do Pará - PA,9324,População residente estimada,2024,56593,population_estimate,56593.0
1506195,Rurópolis - PA,9324,População residente estimada,2024,37360,population_estimate,37360.0
1506203,Salinópolis - PA,9324,População residente estimada,2024,48168,population_estimate,48168.0
1506302,Salvaterra - PA,9324,População residente estimada,2024,25441,population_estimate,25441.0
1506351,Santa Bárbara do Pará - PA,9324,População residente estimada,2024,22288,population_estimate,22288.0
1506401,Santa Cruz do Arari - PA,9324,População residente estimada,2024,7654,population_estimate,7654.0
1506500,Santa Izabel do Pará - PA,9324,População residente estimada,2024,78317,population_estimate,78317.0
1506559,Santa Luzia do Pará - PA,9324,População residente estimada,2024,21217,population_estimate,21217.0
1506583,Santa Maria das Barreiras - PA,9324,População residente estimada,2024,17079,population_estimate,17079.0
1506609,Santa Maria do Pará - PA,9324,População residente estimada,2024,25696,population_estimate,25696.0
1506708,Santana do Araguaia - PA,9324,População residente estimada,2024,31683,population_estimate,31683.0
1506807,Santarém - PA,9324,População residente estimada,2024,357311,population_estimate,357311.0
1506906,Santarém Novo - PA,9324,População residente estimada,2024,6348,population_estimate,6348.0
1507003,Santo Antônio do Tauá - PA,9324,População residente estimada,2024,29134,population_estimate,29134.0
1507102,São Caetano de Odivelas - PA,9324,População residente estimada,2024,17248,population_estimate,17248.0
1507151,São Domingos do Araguaia - PA,9324,População residente estimada,2024,21638,population_estimate,21638.0
1507201,São Domingos do Capim - PA,9324,População residente estimada,2024,32449,population_estimate,32449.0
1507300,São Félix do Xingu - PA,9324,População residente estimada,2024,65957,population_estimate,65957.0
1507409,São Francisco do Pará - PA,9324,População residente estimada,2024,15418,population_estimate,15418.0
1507458,São Geraldo do Araguaia - PA,9324,População residente estimada,2024,24978,population_estimate,24978.0
1507466,São João da Ponta - PA,9324,População residente estimada,2024,4509,population_estimate,4509.0
1507474,São João de Pirabas - PA,9324,População residente estimada,2024,21447,population_estimate,21447.0
1507508,São João do Araguaia - PA,9324,População residente estimada,2024,14246,population_estimate,14246.0
1507607,São Miguel do Guamá - PA,9324,População residente estimada,2024,55798,population_estimate,55798.0
1507706,São Sebastião da Boa Vista - PA,9324,População residente estimada,2024,27441,population_estimate,27441.0
1507755,Sapucaia - PA,9324,População residente estimada,2024,6160,population_estimate,6160.0
1507805,Senador José Porfírio - PA,9324,População residente estimada,2024,24441,population_estimate,24441.0
1507904,Soure - PA,9324,População residente estimada,2024,25218,population_estimate,25218.0
1507953,Tailândia - PA,9324,População residente estimada,2024,75526,population_estimate,75526.0
1507961,Terra Alta - PA,9324,População residente estimada,2024,10815,population_estimate,10815.0
1507979,Terra Santa - PA,9324,População residente estimada,2024,19667,population_estimate,19667.0
1508001,Tomé-Açu - PA,9324,População residente estimada,2024,72326,population_estimate,72326.0
1508035,Tracuateua - PA,9324,População residente estimada,2024,30373,population_estimate,30373.0
1508050,Trairão - PA,9324,População residente estimada,2024,15619,population_estimate,15619.0
1508084,Tucumã - PA,9324,População residente estimada,2024,42480,population_estimate,42480.0
1508100,Tucuruí - PA,9324,População residente estimada,2024,96238,population_estimate,96238.0
1508126,Ulianópolis - PA,9324,População residente estimada,2024,39576,population_estimate,39576.0
1508159,Uruará - PA,9324,População residente estimada,2024,45939,population_estimate,45939.0
1508209,Vigia - PA,9324,População residente estimada,2024,53806,population_estimate,53806.0
1508308,Viseu - PA,9324,População residente estimada,2024,61970,population_estimate,61970.0
1508357,Vitória do Xingu - PA,9324,População residente estimada,2024,16414,population_estimate,16414.0
1508407,Xinguara - PA,9324,População residente estimada,2024,56999,population_estimate,56999.0
1600055,Serra do Navio - AP,9324,População residente estimada,2024,4986,population_estimate,4986.0
1600105,Amapá - AP,9324,População residente estimada,2024,8434,population_estimate,8434.0
1600154,Pedra Branca do Amapari - AP,9324,População residente estimada,2024,13798,population_estimate,13798.0
1600204,Calçoene - AP,9324,População residente estimada,2024,11391,population_estimate,11391.0
1600212,Cutias - AP,9324,População residente estimada,2024,4725,population_estimate,4725.0
1600238,Ferreira Gomes - AP,9324,População residente estimada,2024,7145,population_estimate,7145.0
1600253,Itaubal - AP,9324,População residente estimada,2024,6043,population_estimate,6043.0
1600279,Laranjal do Jari - AP,9324,População residente estimada,2024,37969,population_estimate,37969.0
1600303,Macapá - AP,9324,População residente estimada,2024,487200,population_estimate,487200.0
1600402,Mazagão - AP,9324,População residente estimada,2024,23575,population_estimate,23575.0
1600501,Oiapoque - AP,9324,População residente estimada,2024,30481,population_estimate,30481.0
1600535,Porto Grande - AP,9324,População residente estimada,2024,18988,population_estimate,18988.0
1600550,Pracuúba - AP,9324,População residente estimada,2024,4042,population_estimate,4042.0
1600600,Santana - AP,9324,População residente estimada,2024,118353,population_estimate,118353.0
1600709,Tartarugalzinho - AP,9324,População residente estimada,2024,13785,population_estimate,13785.0
1600808,Vitória do Jari - AP,9324,População residente estimada,2024,11922,population_estimate,11922.0
1700251,Abreulândia - TO,9324,População residente estimada,2024,2668,population_estimate,2668.0
1700301,Aguiarnópolis - TO,9324,População residente estimada,2024,4537,population_estimate,4537.0
1700350,Aliança do Tocantins - TO,9324,População residente estimada,2024,5222,population_estimate,5222.0
1700400,Almas - TO,9324,População residente estimada,2024,6542,population_estimate,6542.0
1700707,Alvorada - TO,9324,População residente estimada,2024,9094,population_estimate,9094.0
1701002,Ananás - TO,9324,População residente estimada,2024,10662,population_estimate,10662.0
1701051,Angico - TO,9324,População residente estimada,2024,2918,population_estimate,2918.0
1701101,Aparecida do Rio Negro - TO,9324,População residente estimada,2024,5067,population_estimate,5067.0
1701309,Aragominas - TO,9324,População residente estimada,2024,5360,population_estimate,5360.0
1701903,Araguacema - TO,9324,População residente estimada,2024,6039,population_estimate,6039.0
1702000,Araguaçu - TO,9324,População residente estimada,2024,8273,population_estimate,8273.0
1702109,Araguaína - TO,9324,População residente estimada,2024,181493,population_estimate,181493.0
1702158,Araguanã - TO,9324,População residente estimada,2024,4338,population_estimate,4338.0
1702208,Araguatins - TO,9324,População residente estimada,2024,33205,population_estimate,33205.0
1702307,Arapoema - TO,9324,População residente estimada,2024,5553,population_estimate,5553.0
1702406,Arraias - TO,9324,População residente estimada,2024,10522,population_estimate,10522.0
1702554,Augustinópolis - TO,9324,População residente estimada,2024,18128,population_estimate,18128.0
1702703,Aurora do Tocantins - TO,9324,População residente estimada,2024,3420,population_estimate,3420.0
1702901,Axixá do Tocantins - TO,9324,População residente estimada,2024,10663,population_estimate,10663.0
1703008,Babaçulândia - TO,9324,População residente estimada,2024,7779,population_estimate,7779.0
1703057,Bandeirantes do Tocantins - TO,9324,População residente estimada,2024,3534,population_estimate,3534.0
1703073,Barra do Ouro - TO,9324,População residente estimada,2024,4641,population_estimate,4641.0
1703107,Barrolândia - TO,9324,População residente estimada,2024,4915,population_estimate,4915.0
1703206,Bernardo Sayão - TO,9324,População residente estimada,2024,4316,population_estimate,4316.0
1703305,Bom Jesus do Tocantins - TO,9324,População residente estimada,2024,4181,population_estimate,4181.0
1703602,Brasilândia do Tocantins - TO,9324,População residente estimada,2024,2016,population_estimate,2016.0
1703701,Brejinho de Nazaré - TO,9324,População residente estimada,2024,4796,population_estimate,4796.0
1703800,Buriti do Tocantins - TO,9324,População residente estimada,2024,10654,population_estimate,10654.0
1703826,Cachoeirinha - TO,9324,População residente estimada,2024,1991,population_estimate,1991.0
1703842,Campos Lindos - TO,9324,População residente estimada,2024,8951,population_estimate,8951.0
1703867,Cariri do Tocantins - TO,9324,População residente estimada,2024,4147,population_estimate,4147.0
1703883,Carmolândia - TO,9324,População residente estimada,2024,2246,population_estimate,2246.0
1703891,Carrasco Bonito - TO,9324,População residente estimada,2024,3362,population_estimate,3362.0
1703909,Caseara - TO,9324,População residente estimada,2024,5009,population_estimate,5009.0
1704105,Centenário - TO,9324,População residente estimada,2024,2135,population_estimate,2135.0
1704600,Chapada de Areia - TO,9324,População residente estimada,2024,1563,population_estimate,1563.0
1705102,Chapada da Natividade - TO,9324,População residente estimada,2024,3182,population_estimate,3182.0
1705508,Colinas do Tocantins - TO,9324,População residente estimada,2024,35957,population_estimate,35957.0
1705557,Combinado - TO,9324,População residente estimada,2024,4896,population_estimate,4896.0
1705607,Conceição do Tocantins - TO,9324,População residente estimada,2024,3956,population_estimate,3956.0
1706001,Couto Magalhães - TO,9324,População residente estimada,2024,5515,population_estimate,5515.0
1706100,Cristalândia - TO,9324,População residente estimada,2024,6437,population_estimate,6437.0
1706258,Crixás do Tocantins - TO,9324,População residente estimada,2024,1499,population_estimate,1499.0
1706506,Darcinópolis - TO,9324,População residente estimada,2024,6054,population_estimate,6054.0
1707009,Dianópolis - TO,9324,População residente estimada,2024,18031,population_estimate,18031.0
1707108,Divinópolis do Tocantins - TO,9324,População residente estimada,2024,7297,population_estimate,7297.0
1707207,Dois Irmãos do Tocantins - TO,9324,População residente estimada,2024,6395,population_estimate,6395.0
1707306,Dueré - TO,9324,População residente estimada,2024,4321,population_estimate,4321.0
1707405,Esperantina - TO,9324,População residente estimada,2024,7493,population_estimate,7493.0
1707553,Fátima - TO,9324,População residente estimada,2024,3520,population_estimate,3520.0
1707652,Figueirópolis - TO,9324,População residente estimada,2024,5336,population_estimate,5336.0
1707702,Filadélfia - TO,9324,População residente estimada,2024,7823,population_estimate,7823.0
1708205,Formoso do Araguaia - TO,9324,População residente estimada,2024,19428,population_estimate,19428.0
1708254,Tabocão - TO,9324,População residente estimada,2024,3676,population_estimate,3676.0
1708304,Goianorte - TO,9324,População residente estimada,2024,4840,population_estimate,4840.0
1709005,Goiatins - TO,9324,População residente estimada,2024,12816,population_estimate,12816.0
1709302,Guaraí - TO,9324,População residente estimada,2024,25681,population_estimate,25681.0
1709500,Gurupi - TO,9324,População residente estimada,2024,89574,population_estimate,89574.0
1709807,Ipueiras - TO,9324,População residente estimada,2024,1627,population_estimate,1627.0
1710508,Itacajá - TO,9324,População residente estimada,2024,6969,population_estimate,6969.0
1710706,Itaguatins - TO,9324,População residente estimada,2024,5206,population_estimate,5206.0
1710904,Itapiratins - TO,9324,População residente estimada,2024,3679,population_estimate,3679.0
1711100,Itaporã do Tocantins - TO,9324,População residente estimada,2024,2464,population_estimate,2464.0
1711506,Jaú do Tocantins - TO,9324,População residente estimada,2024,3403,population_estimate,3403.0
1711803,Juarina - TO,9324,População residente estimada,2024,2305,population_estimate,2305.0
1711902,Lagoa da Confusão - TO,9324,População residente estimada,2024,16312,population_estimate,16312.0
1711951,Lagoa do Tocantins - TO,9324,População residente estimada,2024,3610,population_estimate,3610.0
1712009,Lajeado - TO,9324,População residente estimada,2024,3520,population_estimate,3520.0
1712157,Lavandeira - TO,9324,População residente estimada,2024,1673,population_estimate,1673.0
1712405,Lizarda - TO,9324,População residente estimada,2024,2991,population_estimate,2991.0
1712454,Luzinópolis - TO,9324,População residente estimada,2024,2803,population_estimate,2803.0
1712504,Marianópolis do Tocantins - TO,9324,População residente estimada,2024,4772,population_estimate,4772.0
1712702,Mateiros - TO,9324,População residente estimada,2024,2888,population_estimate,2888.0
1712801,Maurilândia do Tocantins - TO,9324,População residente estimada,2024,3171,population_estimate,3171.0
1713205,Miracema do Tocantins - TO,9324,População residente estimada,2024,18787,population_estimate,18787.0
1713304,Miranorte - TO,9324,População residente estimada,2024,13056,population_estimate,13056.0
1713601,Monte do Carmo - TO,9324,População residente estimada,2024,5722,population_estimate,5722.0
1713700,Monte Santo do Tocantins - TO,9324,População residente estimada,2024,2500,population_estimate,2500.0
1713809,Palmeiras do Tocantins - TO,9324,População residente estimada,2024,4897,population_estimate,4897.0
1713957,Muricilândia - TO,9324,População residente estimada,2024,3485,population_estimate,3485.0
1714203,Natividade - TO,9324,População residente estimada,2024,8961,population_estimate,8961.0
1714302,Nazaré - TO,9324,População residente estimada,2024,4660,population_estimate,4660.0
1714880,Nova Olinda - TO,9324,População residente estimada,2024,10609,population_estimate,10609.0
1715002,Nova Rosalândia - TO,9324,População residente estimada,2024,3403,population_estimate,3403.0
1715101,Novo Acordo - TO,9324,População residente estimada,2024,4102,population_estimate,4102.0
1715150,Novo Alegre - TO,9324,População residente estimada,2024,1841,population_estimate,1841.0
1715259,Novo Jardim - TO,9324,População residente estimada,2024,2263,population_estimate,2263.0
1715507,Oliveira de Fátima - TO,9324,População residente estimada,2024,1211,population_estimate,1211.0
1715705,Palmeirante - TO,9324,População residente estimada,2024,4909,population_estimate,4909.0
1715754,Palmeirópolis - TO,9324,População residente estimada,2024,7119,population_estimate,7119.0
1716109,Paraíso do Tocantins - TO,9324,População residente estimada,2024,55164,population_estimate,55164.0
1716208,Paranã - TO,9324,População residente estimada,2024,10854,population_estimate,10854.0
1716307,Pau D'Arco - TO,9324,População residente estimada,2024,4085,population_estimate,4085.0
1716505,Pedro Afonso - TO,9324,População residente estimada,2024,14731,population_estimate,14731.0
1716604,Peixe - TO,9324,População residente estimada,2024,9438,population_estimate,9438.0
1716653,Pequizeiro - TO,9324,População residente estimada,2024,5038,population_estimate,5038.0
1716703,Colméia - TO,9324,População residente estimada,2024,9158,population_estimate,9158.0
1717008,Pindorama do Tocantins - TO,9324,População residente estimada,2024,4596,population_estimate,4596.0
1717206,Piraquê - TO,9324,População residente estimada,2024,2265,population_estimate,2265.0
1717503,Pium - TO,9324,População residente estimada,2024,7375,population_estimate,7375.0
1717800,Ponte Alta do Bom Jesus - TO,9324,População residente estimada,2024,4295,population_estimate,4295.0
1717909,Ponte Alta do Tocantins - TO,9324,População residente estimada,2024,7842,population_estimate,7842.0
1718006,Porto Alegre do Tocantins - TO,9324,População residente estimada,2024,2953,population_estimate,2953.0
1718204,Porto Nacional - TO,9324,População residente estimada,2024,68555,population_estimate,68555.0
1718303,Praia Norte - TO,9324,População residente estimada,2024,9460,population_estimate,9460.0
1718402,Presidente Kennedy - TO,9324,População residente estimada,2024,3051,population_estimate,3051.0
1718451,Pugmil - TO,9324,População residente estimada,2024,2231,population_estimate,2231.0
1718501,Recursolândia - TO,9324,População residente estimada,2024,3471,population_estimate,3471.0
1718550,Riachinho - TO,9324,População residente estimada,2024,4039,population_estimate,4039.0
1718659,Rio da Conceição - TO,9324,População residente estimada,2024,1822,population_estimate,1822.0
1718709,Rio dos Bois - TO,9324,População residente estimada,2024,2833,population_estimate,2833.0
1718758,Rio Sono - TO,9324,População residente estimada,2024,4798,population_estimate,4798.0
1718808,Sampaio - TO,9324,População residente estimada,2024,4372,population_estimate,4372.0
1718840,Sandolândia - TO,9324,População residente estimada,2024,3873,population_estimate,3873.0
1718865,Santa Fé do Araguaia - TO,9324,População residente estimada,2024,7489,population_estimate,7489.0
1718881,Santa Maria do Tocantins - TO,9324,População residente estimada,2024,2726,population_estimate,2726.0
1718899,Santa Rita do Tocantins - TO,9324,População residente estimada,2024,2291,population_estimate,2291.0
1718907,Santa Rosa do Tocantins - TO,9324,População residente estimada,2024,4789,population_estimate,4789.0
1719004,Santa Tereza do Tocantins - TO,9324,População residente estimada,2024,2889,population_estimate,2889.0
1720002,Santa Terezinha do Tocantins - TO,9324,População residente estimada,2024,2463,population_estimate,2463.0
1720101,São Bento do Tocantins - TO,9324,População residente estimada,2024,5936,population_estimate,5936.0
1720150,São Félix do Tocantins - TO,9324,População residente estimada,2024,1875,population_estimate,1875.0
1720200,São Miguel do Tocantins - TO,9324,População residente estimada,2024,13939,population_estimate,13939.0
1720259,São Salvador do Tocantins - TO,9324,População residente estimada,2024,2385,population_estimate,2385.0
1720309,São Sebastião do Tocantins - TO,9324,População residente estimada,2024,4189,population_estimate,4189.0
1720499,São Valério - TO,9324,População residente estimada,2024,4547,population_estimate,4547.0
1720655,Silvanópolis - TO,9324,População residente estimada,2024,5252,population_estimate,5252.0
1720804,Sítio Novo do Tocantins - TO,9324,População residente estimada,2024,11334,population_estimate,11334.0
1720853,Sucupira - TO,9324,População residente estimada,2024,1599,population_estimate,1599.0
1720903,Taguatinga - TO,9324,População residente estimada,2024,14247,population_estimate,14247.0
1720937,Taipas do Tocantins - TO,9324,População residente estimada,2024,2086,population_estimate,2086.0
1720978,Talismã - TO,9324,População residente estimada,2024,2509,population_estimate,2509.0
1721000,Palmas - TO,9324,População residente estimada,2024,323625,population_estimate,323625.0
1721109,Tocantínia - TO,9324,População residente estimada,2024,7751,population_estimate,7751.0
1721208,Tocantinópolis - TO,9324,População residente estimada,2024,23203,population_estimate,23203.0
1721257,Tupirama - TO,9324,População residente estimada,2024,2003,population_estimate,2003.0
1721307,Tupiratins - TO,9324,População residente estimada,2024,1897,population_estimate,1897.0
1722081,Wanderlândia - TO,9324,População residente estimada,2024,10751,population_estimate,10751.0
1722107,Xambioá - TO,9324,População residente estimada,2024,10683,population_estimate,10683.0
2100055,Açailândia - MA,9324,População residente estimada,2024,110506,population_estimate,110506.0
2100105,Afonso Cunha - MA,9324,População residente estimada,2024,6296,population_estimate,6296.0
2100154,Água Doce do Maranhão - MA,9324,População residente estimada,2024,12446,population_estimate,12446.0
2100204,Alcântara - MA,9324,População residente estimada,2024,18774,population_estimate,18774.0
2100303,Aldeias Altas - MA,9324,População residente estimada,2024,23782,population_estimate,23782.0
2100402,Altamira do Maranhão - MA,9324,População residente estimada,2024,6565,population_estimate,6565.0
2100436,Alto Alegre do Maranhão - MA,9324,População residente estimada,2024,24543,population_estimate,24543.0
2100477,Alto Alegre do Pindaré - MA,9324,População residente estimada,2024,26411,population_estimate,26411.0
2100501,Alto Parnaíba - MA,9324,População residente estimada,2024,11382,population_estimate,11382.0
2100550,Amapá do Maranhão - MA,9324,População residente estimada,2024,7364,population_estimate,7364.0
2100600,Amarante do Maranhão - MA,9324,População residente estimada,2024,38333,population_estimate,38333.0
2100709,Anajatuba - MA,9324,População residente estimada,2024,26221,population_estimate,26221.0
2100808,Anapurus - MA,9324,População residente estimada,2024,14111,population_estimate,14111.0
2100832,Apicum-Açu - MA,9324,População residente estimada,2024,17984,population_estimate,17984.0
2100873,Araguanã - MA,9324,População residente estimada,2024,11347,population_estimate,11347.0
2100907,Araioses - MA,9324,População residente estimada,2024,40278,population_estimate,40278.0
2100956,Arame - MA,9324,População residente estimada,2024,26191,population_estimate,26191.0
2101004,Arari - MA,9324,População residente estimada,2024,30521,population_estimate,30521.0
2101103,Axixá - MA,9324,População residente estimada,2024,12079,population_estimate,12079.0
2101202,Bacabal - MA,9324,População residente estimada,2024,107620,population_estimate,107620.0
2101251,Bacabeira - MA,9324,População residente estimada,2024,17414,population_estimate,17414.0
2101301,Bacuri - MA,9324,População residente estimada,2024,16610,population_estimate,16610.0
2101350,Bacurituba - MA,9324,População residente estimada,2024,5374,population_estimate,5374.0
2101400,Balsas - MA,9324,População residente estimada,2024,106094,population_estimate,106094.0
2101509,Barão de Grajaú - MA,9324,População residente estimada,2024,19458,population_estimate,19458.0
2101608,Barra do Corda - MA,9324,População residente estimada,2024,87672,population_estimate,87672.0
2101707,Barreirinhas - MA,9324,População residente estimada,2024,67999,population_estimate,67999.0
2101731,Belágua - MA,9324,População residente estimada,2024,8716,population_estimate,8716.0
2101772,Bela Vista do Maranhão - MA,9324,População residente estimada,2024,12073,population_estimate,12073.0
2101806,Benedito Leite - MA,9324,População residente estimada,2024,5597,population_estimate,5597.0
2101905,Bequimão - MA,9324,População residente estimada,2024,19983,population_estimate,19983.0
2101939,Bernardo do Mearim - MA,9324,População residente estimada,2024,5983,population_estimate,5983.0
2101970,Boa Vista do Gurupi - MA,9324,População residente estimada,2024,7769,population_estimate,7769.0
2102002,Bom Jardim - MA,9324,População residente estimada,2024,34035,population_estimate,34035.0
2102036,Bom Jesus das Selvas - MA,9324,População residente estimada,2024,29588,population_estimate,29588.0
2102077,Bom Lugar - MA,9324,População residente estimada,2024,12414,population_estimate,12414.0
2102101,Brejo - MA,9324,População residente estimada,2024,35322,population_estimate,35322.0
2102150,Brejo de Areia - MA,9324,População residente estimada,2024,9387,population_estimate,9387.0
2102200,Buriti - MA,9324,População residente estimada,2024,30799,population_estimate,30799.0
2102309,Buriti Bravo - MA,9324,População residente estimada,2024,22940,population_estimate,22940.0
2102325,Buriticupu - MA,9324,População residente estimada,2024,56896,population_estimate,56896.0
2102358,Buritirana - MA,9324,População residente estimada,2024,13157,population_estimate,13157.0
2102374,Cachoeira Grande - MA,9324,População residente estimada,2024,10004,population_estimate,10004.0
2102408,Cajapió - MA,9324,População residente estimada,2024,10342,population_estimate,10342.0
2102507,Cajari - MA,9324,População residente estimada,2024,16711,population_estimate,16711.0
2102556,Campestre do Maranhão - MA,9324,População residente estimada,2024,12553,population_estimate,12553.0
2102606,Cândido Mendes - MA,9324,População residente estimada,2024,20413,population_estimate,20413.0
2102705,Cantanhede - MA,9324,População residente estimada,2024,24976,population_estimate,24976.0
2102754,Capinzal do Norte - MA,9324,População residente estimada,2024,11664,population_estimate,11664.0
2102804,Carolina - MA,9324,População residente estimada,2024,24606,population_estimate,24606.0
2102903,Carutapera - MA,9324,População residente estimada,2024,24855,population_estimate,24855.0
2103000,Caxias - MA,9324,População residente estimada,2024,163428,population_estimate,163428.0
2103109,Cedral - MA,9324,População residente estimada,2024,10444,population_estimate,10444.0
2103125,Central do Maranhão - MA,9324,População residente estimada,2024,7233,population_estimate,7233.0
2103158,Centro do Guilherme - MA,9324,População residente estimada,2024,12668,population_estimate,12668.0
2103174,Centro Novo do Maranhão - MA,9324,População residente estimada,2024,16529,population_estimate,16529.0
2103208,Chapadinha - MA,9324,População residente estimada,2024,84202,population_estimate,84202.0
2103257,Cidelândia - MA,9324,População residente estimada,2024,13152,population_estimate,13152.0
2103307,Codó - MA,9324,População residente estimada,2024,118295,population_estimate,118295.0
2103406,Coelho Neto - MA,9324,População residente estimada,2024,42918,population_estimate,42918.0
2103505,Colinas - MA,9324,População residente estimada,2024,41745,population_estimate,41745.0
2103554,Conceição do Lago-Açu - MA,9324,População residente estimada,2024,15264,population_estimate,15264.0
2103604,Coroatá - MA,9324,População residente estimada,2024,61351,population_estimate,61351.0
2103703,Cururupu - MA,9324,População residente estimada,2024,32608,population_estimate,32608.0
2103752,Davinópolis - MA,9324,População residente estimada,2024,14788,population_estimate,14788.0
2103802,Dom Pedro - MA,9324,População residente estimada,2024,23579,population_estimate,23579.0
2103901,Duque Bacelar - MA,9324,População residente estimada,2024,10448,population_estimate,10448.0
2104008,Esperantinópolis - MA,9324,População residente estimada,2024,18725,population_estimate,18725.0
2104057,Estreito - MA,9324,População residente estimada,2024,34353,population_estimate,34353.0
2104073,Feira Nova do Maranhão - MA,9324,População residente estimada,2024,8236,population_estimate,8236.0
2104081,Fernando Falcão - MA,9324,População residente estimada,2024,11184,population_estimate,11184.0
2104099,Formosa da Serra Negra - MA,9324,População residente estimada,2024,18133,population_estimate,18133.0
2104107,Fortaleza dos Nogueiras - MA,9324,População residente estimada,2024,12951,population_estimate,12951.0
2104206,Fortuna - MA,9324,População residente estimada,2024,17346,population_estimate,17346.0
2104305,Godofredo Viana - MA,9324,População residente estimada,2024,10422,population_estimate,10422.0
2104404,Gonçalves Dias - MA,9324,População residente estimada,2024,17579,population_estimate,17579.0
2104503,Governador Archer - MA,9324,População residente estimada,2024,10472,population_estimate,10472.0
2104552,Governador Edison Lobão - MA,9324,População residente estimada,2024,18908,population_estimate,18908.0
2104602,Governador Eugênio Barros - MA,9324,População residente estimada,2024,14258,population_estimate,14258.0
2104628,Governador Luiz Rocha - MA,9324,População residente estimada,2024,7219,population_estimate,7219.0
2104651,Governador Newton Bello - MA,9324,População residente estimada,2024,10981,population_estimate,10981.0
2104677,Governador Nunes Freire - MA,9324,População residente estimada,2024,23563,population_estimate,23563.0
2104701,Graça Aranha - MA,9324,População residente estimada,2024,6161,population_estimate,6161.0
2104800,Grajaú - MA,9324,População residente estimada,2024,76578,population_estimate,76578.0
2104909,Guimarães - MA,9324,População residente estimada,2024,10470,population_estimate,10470.0
2105005,Humberto de Campos - MA,9324,População residente estimada,2024,26546,population_estimate,26546.0
2105104,Icatu - MA,9324,População residente estimada,2024,25332,population_estimate,25332.0
2105153,Igarapé do Meio - MA,9324,População residente estimada,2024,14350,population_estimate,14350.0
2105203,Igarapé Grande - MA,9324,População residente estimada,2024,10463,population_estimate,10463.0
2105302,Imperatriz - MA,9324,População residente estimada,2024,285146,population_estimate,285146.0
2105351,Itaipava do Grajaú - MA,9324,População residente estimada,2024,14143,population_estimate,14143.0
2105401,Itapecuru Mirim - MA,9324,População residente estimada,2024,62269,population_estimate,62269.0
2105427,Itinga do Maranhão - MA,9324,População residente estimada,2024,22934,population_estimate,22934.0
2105450,Jatobá - MA,9324,População residente estimada,2024,7610,population_estimate,7610.0
2105476,Jenipapo dos Vieiras - MA,9324,População residente estimada,2024,17499,population_estimate,17499.0
2105500,João Lisboa - MA,9324,População residente estimada,2024,25287,population_estimate,25287.0
2105609,Joselândia - MA,9324,População residente estimada,2024,15235,population_estimate,15235.0
2105658,Junco do Maranhão - MA,9324,População residente estimada,2024,5275,population_estimate,5275.0
2105708,Lago da Pedra - MA,9324,População residente estimada,2024,45875,population_estimate,45875.0
2105807,Lago do Junco - MA,9324,População residente estimada,2024,9700,population_estimate,9700.0
2105906,Lago Verde - MA,9324,População residente estimada,2024,15077,population_estimate,15077.0
2105922,Lagoa do Mato - MA,9324,População residente estimada,2024,10809,population_estimate,10809.0
2105948,Lago dos Rodrigues - MA,9324,População residente estimada,2024,8961,population_estimate,8961.0
2105963,Lagoa Grande do Maranhão - MA,9324,População residente estimada,2024,11710,population_estimate,11710.0
2105989,Lajeado Novo - MA,9324,População residente estimada,2024,7227,population_estimate,7227.0
2106003,Lima Campos - MA,9324,População residente estimada,2024,11558,population_estimate,11558.0
2106102,Loreto - MA,9324,População residente estimada,2024,11876,population_estimate,11876.0
2106201,Luís Domingues - MA,9324,População residente estimada,2024,7351,population_estimate,7351.0
2106300,Magalhães de Almeida - MA,9324,População residente estimada,2024,14001,population_estimate,14001.0
2106326,Maracaçumé - MA,9324,População residente estimada,2024,21686,population_estimate,21686.0
2106359,Marajá do Sena - MA,9324,População residente estimada,2024,7165,population_estimate,7165.0
2106375,Maranhãozinho - MA,9324,População residente estimada,2024,14086,population_estimate,14086.0
2106409,Mata Roma - MA,9324,População residente estimada,2024,17537,population_estimate,17537.0
2106508,Matinha - MA,9324,População residente estimada,2024,22530,population_estimate,22530.0
2106607,Matões - MA,9324,População residente estimada,2024,33300,population_estimate,33300.0
2106631,Matões do Norte - MA,9324,População residente estimada,2024,17945,population_estimate,17945.0
2106672,Milagres do Maranhão - MA,9324,População residente estimada,2024,9048,population_estimate,9048.0
2106706,Mirador - MA,9324,População residente estimada,2024,21518,population_estimate,21518.0
2106755,Miranda do Norte - MA,9324,População residente estimada,2024,24377,population_estimate,24377.0
2106805,Mirinzal - MA,9324,População residente estimada,2024,14297,population_estimate,14297.0
2106904,Monção - MA,9324,População residente estimada,2024,28606,population_estimate,28606.0
2107001,Montes Altos - MA,9324,População residente estimada,2024,9309,population_estimate,9309.0
2107100,Morros - MA,9324,População residente estimada,2024,18994,population_estimate,18994.0
2107209,Nina Rodrigues - MA,9324,População residente estimada,2024,14551,population_estimate,14551.0
2107258,Nova Colinas - MA,9324,População residente estimada,2024,5144,population_estimate,5144.0
2107308,Nova Iorque - MA,9324,População residente estimada,2024,4412,population_estimate,4412.0
2107357,Nova Olinda do Maranhão - MA,9324,População residente estimada,2024,14468,population_estimate,14468.0
2107407,Olho d'Água das Cunhãs - MA,9324,População residente estimada,2024,18295,population_estimate,18295.0
2107456,Olinda Nova do Maranhão - MA,9324,População residente estimada,2024,13909,population_estimate,13909.0
2107506,Paço do Lumiar - MA,9324,População residente estimada,2024,152306,population_estimate,152306.0
2107605,Palmeirândia - MA,9324,População residente estimada,2024,21606,population_estimate,21606.0
2107704,Paraibano - MA,9324,População residente estimada,2024,18619,population_estimate,18619.0
2107803,Parnarama - MA,9324,População residente estimada,2024,32256,population_estimate,32256.0
2107902,Passagem Franca - MA,9324,População residente estimada,2024,17592,population_estimate,17592.0
2108009,Pastos Bons - MA,9324,População residente estimada,2024,19246,population_estimate,19246.0
2108058,Paulino Neves - MA,9324,População residente estimada,2024,17523,population_estimate,17523.0
2108108,Paulo Ramos - MA,9324,População residente estimada,2024,20792,population_estimate,20792.0
2108207,Pedreiras - MA,9324,População residente estimada,2024,38267,population_estimate,38267.0
2108256,Pedro do Rosário - MA,9324,População residente estimada,2024,24917,population_estimate,24917.0
2108306,Penalva - MA,9324,População residente estimada,2024,33534,population_estimate,33534.0
2108405,Peri Mirim - MA,9324,População residente estimada,2024,11277,population_estimate,11277.0
2108454,Peritoró - MA,9324,População residente estimada,2024,20910,population_estimate,20910.0
2108504,Pindaré-Mirim - MA,9324,População residente estimada,2024,32521,population_estimate,32521.0
2108603,Pinheiro - MA,9324,População residente estimada,2024,87919,population_estimate,87919.0
2108702,Pio XII - MA,9324,População residente estimada,2024,22369,population_estimate,22369.0
2108801,Pirapemas - MA,9324,População residente estimada,2024,18120,population_estimate,18120.0
2108900,Poção de Pedras - MA,9324,População residente estimada,2024,17444,population_estimate,17444.0
2109007,Porto Franco - MA,9324,População residente estimada,2024,24517,population_estimate,24517.0
2109056,Porto Rico do Maranhão - MA,9324,População residente estimada,2024,6091,population_estimate,6091.0
2109106,Presidente Dutra - MA,9324,População residente estimada,2024,46578,population_estimate,46578.0
2109205,Presidente Juscelino - MA,9324,População residente estimada,2024,11616,population_estimate,11616.0
2109239,Presidente Médici - MA,9324,População residente estimada,2024,4748,population_estimate,4748.0
2109270,Presidente Sarney - MA,9324,População residente estimada,2024,17913,population_estimate,17913.0
2109304,Presidente Vargas - MA,9324,População residente estimada,2024,10791,population_estimate,10791.0
2109403,Primeira Cruz - MA,9324,População residente estimada,2024,13922,population_estimate,13922.0
2109452,Raposa - MA,9324,População residente estimada,2024,32054,population_estimate,32054.0
2109502,Riachão - MA,9324,População residente estimada,2024,22699,population_estimate,22699.0
2109551,Ribamar Fiquene - MA,9324,População residente estimada,2024,7597,population_estimate,7597.0
2109601,Rosário - MA,9324,População residente estimada,2024,39763,population_estimate,39763.0
2109700,Sambaíba - MA,9324,População residente estimada,2024,5701,population_estimate,5701.0
2109759,Santa Filomena do Maranhão - MA,9324,População residente estimada,2024,6839,population_estimate,6839.0
2109809,Santa Helena - MA,9324,População residente estimada,2024,43112,population_estimate,43112.0
2109908,Santa Inês - MA,9324,População residente estimada,2024,88167,population_estimate,88167.0
2110005,Santa Luzia - MA,9324,População residente estimada,2024,59037,population_estimate,59037.0
2110039,Santa Luzia do Paruá - MA,9324,População residente estimada,2024,24870,population_estimate,24870.0
2110104,Santa Quitéria do Maranhão - MA,9324,População residente estimada,2024,24489,population_estimate,24489.0
2110203,Santa Rita - MA,9324,População residente estimada,2024,38446,population_estimate,38446.0
2110237,Santana do Maranhão - MA,9324,População residente estimada,2024,10777,population_estimate,10777.0
2110278,Santo Amaro do Maranhão - MA,9324,População residente estimada,2024,14280,population_estimate,14280.0
2110302,Santo Antônio dos Lopes - MA,9324,População residente estimada,2024,14623,population_estimate,14623.0
2110401,São Benedito do Rio Preto - MA,9324,População residente estimada,2024,18793,population_estimate,18793.0
2110500,São Bento - MA,9324,População residente estimada,2024,48036,population_estimate,48036.0
2110609,São Bernardo - MA,9324,População residente estimada,2024,27887,population_estimate,27887.0
2110658,São Domingos do Azeitão - MA,9324,População residente estimada,2024,8213,population_estimate,8213.0
2110708,São Domingos do Maranhão - MA,9324,População residente estimada,2024,35221,population_estimate,35221.0
2110807,São Félix de Balsas - MA,9324,População residente estimada,2024,4495,population_estimate,4495.0
2110856,São Francisco do Brejão - MA,9324,População residente estimada,2024,9222,population_estimate,9222.0
2110906,São Francisco do Maranhão - MA,9324,População residente estimada,2024,12353,population_estimate,12353.0
2111003,São João Batista - MA,9324,População residente estimada,2024,18909,population_estimate,18909.0
2111029,São João do Carú - MA,9324,População residente estimada,2024,12421,population_estimate,12421.0
2111052,São João do Paraíso - MA,9324,População residente estimada,2024,10105,population_estimate,10105.0
2111078,São João do Soter - MA,9324,População residente estimada,2024,17254,population_estimate,17254.0
2111102,São João dos Patos - MA,9324,População residente estimada,2024,25891,population_estimate,25891.0
2111201,São José de Ribamar - MA,9324,População residente estimada,2024,257414,population_estimate,257414.0
2111250,São José dos Basílios - MA,9324,População residente estimada,2024,7102,population_estimate,7102.0
2111300,São Luís - MA,9324,População residente estimada,2024,1088057,population_estimate,1088057.0
2111409,São Luís Gonzaga do Maranhão - MA,9324,População residente estimada,2024,18153,population_estimate,18153.0
2111508,São Mateus do Maranhão - MA,9324,População residente estimada,2024,40160,population_estimate,40160.0
2111532,São Pedro da Água Branca - MA,9324,População residente estimada,2024,14736,population_estimate,14736.0
2111573,São Pedro dos Crentes - MA,9324,População residente estimada,2024,5965,population_estimate,5965.0
2111607,São Raimundo das Mangabeiras - MA,9324,População residente estimada,2024,19129,population_estimate,19129.0
2111631,São Raimundo do Doca Bezerra - MA,9324,População residente estimada,2024,5767,population_estimate,5767.0
2111672,São Roberto - MA,9324,População residente estimada,2024,4602,population_estimate,4602.0
2111706,São Vicente Ferrer - MA,9324,População residente estimada,2024,19885,population_estimate,19885.0
2111722,Satubinha - MA,9324,População residente estimada,2024,8880,population_estimate,8880.0
2111748,Senador Alexandre Costa - MA,9324,População residente estimada,2024,10445,population_estimate,10445.0
2111763,Senador La Rocque - MA,9324,População residente estimada,2024,15035,population_estimate,15035.0
2111789,Serrano do Maranhão - MA,9324,População residente estimada,2024,10461,population_estimate,10461.0
2111805,Sítio Novo - MA,9324,População residente estimada,2024,17457,population_estimate,17457.0
2111904,Sucupira do Norte - MA,9324,População residente estimada,2024,10471,population_estimate,10471.0
2111953,Sucupira do Riachão - MA,9324,População residente estimada,2024,5088,population_estimate,5088.0
2112001,Tasso Fragoso - MA,9324,População residente estimada,2024,9106,population_estimate,9106.0
2112100,Timbiras - MA,9324,População residente estimada,2024,27344,population_estimate,27344.0
2112209,Timon - MA,9324,População residente estimada,2024,182241,population_estimate,182241.0
2112233,Trizidela do Vale - MA,9324,População residente estimada,2024,23052,population_estimate,23052.0
2112274,Tufilândia - MA,9324,População residente estimada,2024,5633,population_estimate,5633.0
2112308,Tuntum - MA,9324,População residente estimada,2024,37401,population_estimate,37401.0
2112407,Turiaçu - MA,9324,População residente estimada,2024,38905,population_estimate,38905.0
2112456,Turilândia - MA,9324,População residente estimada,2024,33032,population_estimate,33032.0
2112506,Tutóia - MA,9324,População residente estimada,2024,55041,population_estimate,55041.0
2112605,Urbano Santos - MA,9324,População residente estimada,2024,34060,population_estimate,34060.0
2112704,Vargem Grande - MA,9324,População residente estimada,2024,44540,population_estimate,44540.0
2112803,Viana - MA,9324,População residente estimada,2024,53115,population_estimate,53115.0
2112852,Vila Nova dos Martírios - MA,9324,População residente estimada,2024,10575,population_estimate,10575.0
2112902,Vitória do Mearim - MA,9324,População residente estimada,2024,31851,population_estimate,31851.0
2113009,Vitorino Freire - MA,9324,População residente estimada,2024,31906,population_estimate,31906.0
2114007,Zé Doca - MA,9324,População residente estimada,2024,41943,population_estimate,41943.0
2200053,Acauã - PI,9324,População residente estimada,2024,6515,population_estimate,6515.0
2200103,Agricolândia - PI,9324,População residente estimada,2024,5023,population_estimate,5023.0
2200202,Água Branca - PI,9324,População residente estimada,2024,18033,population_estimate,18033.0
2200251,Alagoinha do Piauí - PI,9324,População residente estimada,2024,6901,population_estimate,6901.0
2200277,Alegrete do Piauí - PI,9324,População residente estimada,2024,4713,population_estimate,4713.0
2200301,Alto Longá - PI,9324,População residente estimada,2024,13734,population_estimate,13734.0
2200400,Altos - PI,9324,População residente estimada,2024,49637,population_estimate,49637.0
2200459,Alvorada do Gurguéia - PI,9324,População residente estimada,2024,5459,population_estimate,5459.0
2200509,Amarante - PI,9324,População residente estimada,2024,17577,population_estimate,17577.0
2200608,Angical do Piauí - PI,9324,População residente estimada,2024,6982,population_estimate,6982.0
2200707,Anísio de Abreu - PI,9324,População residente estimada,2024,9631,population_estimate,9631.0
2200806,Antônio Almeida - PI,9324,População residente estimada,2024,3228,population_estimate,3228.0
2200905,Aroazes - PI,9324,População residente estimada,2024,5433,population_estimate,5433.0
2200954,Aroeiras do Itaim - PI,9324,População residente estimada,2024,2766,population_estimate,2766.0
2201002,Arraial - PI,9324,População residente estimada,2024,4593,population_estimate,4593.0
2201051,Assunção do Piauí - PI,9324,População residente estimada,2024,7597,population_estimate,7597.0
2201101,Avelino Lopes - PI,9324,População residente estimada,2024,11106,population_estimate,11106.0
2201150,Baixa Grande do Ribeiro - PI,9324,População residente estimada,2024,13838,population_estimate,13838.0
2201176,Barra D'Alcântara - PI,9324,População residente estimada,2024,4091,population_estimate,4091.0
2201200,Barras - PI,9324,População residente estimada,2024,49533,population_estimate,49533.0
2201309,Barreiras do Piauí - PI,9324,População residente estimada,2024,3334,population_estimate,3334.0
2201408,Barro Duro - PI,9324,População residente estimada,2024,6744,population_estimate,6744.0
2201507,Batalha - PI,9324,População residente estimada,2024,27123,population_estimate,27123.0
2201556,Bela Vista do Piauí - PI,9324,População residente estimada,2024,4208,population_estimate,4208.0
2201572,Belém do Piauí - PI,9324,População residente estimada,2024,3508,population_estimate,3508.0
2201606,Beneditinos - PI,9324,População residente estimada,2024,10104,population_estimate,10104.0
2201705,Bertolínia - PI,9324,População residente estimada,2024,5701,population_estimate,5701.0
2201739,Betânia do Piauí - PI,9324,População residente estimada,2024,6368,population_estimate,6368.0
2201770,Boa Hora - PI,9324,População residente estimada,2024,7108,population_estimate,7108.0
2201804,Bocaina - PI,9324,População residente estimada,2024,4131,population_estimate,4131.0
2201903,Bom Jesus - PI,9324,População residente estimada,2024,30321,population_estimate,30321.0
2201919,Bom Princípio do Piauí - PI,9324,População residente estimada,2024,5786,population_estimate,5786.0
2201929,Bonfim do Piauí - PI,9324,População residente estimada,2024,6089,population_estimate,6089.0
2201945,Boqueirão do Piauí - PI,9324,População residente estimada,2024,6728,population_estimate,6728.0
2201960,Brasileira - PI,9324,População residente estimada,2024,8658,population_estimate,8658.0
2201988,Brejo do Piauí - PI,9324,População residente estimada,2024,3969,population_estimate,3969.0
2202000,Buriti dos Lopes - PI,9324,População residente estimada,2024,20096,population_estimate,20096.0
2202026,Buriti dos Montes - PI,9324,População residente estimada,2024,7538,population_estimate,7538.0
2202059,Cabeceiras do Piauí - PI,9324,População residente estimada,2024,10449,population_estimate,10449.0
2202075,Cajazeiras do Piauí - PI,9324,População residente estimada,2024,3146,population_estimate,3146.0
2202083,Cajueiro da Praia - PI,9324,População residente estimada,2024,8203,population_estimate,8203.0
2202091,Caldeirão Grande do Piauí - PI,9324,População residente estimada,2024,5605,population_estimate,5605.0
2202109,Campinas do Piauí - PI,9324,População residente estimada,2024,4988,population_estimate,4988.0
2202117,Campo Alegre do Fidalgo - PI,9324,População residente estimada,2024,4701,population_estimate,4701.0
2202133,Campo Grande do Piauí - PI,9324,População residente estimada,2024,6188,population_estimate,6188.0
2202174,Campo Largo do Piauí - PI,9324,População residente estimada,2024,7636,population_estimate,7636.0
2202208,Campo Maior - PI,9324,População residente estimada,2024,47074,population_estimate,47074.0
2202251,Canavieira - PI,9324,População residente estimada,2024,3429,population_estimate,3429.0
2202307,Canto do Buriti - PI,9324,População residente estimada,2024,19669,population_estimate,19669.0
2202406,Capitão de Campos - PI,9324,População residente estimada,2024,11347,population_estimate,11347.0
2202455,Capitão Gervásio Oliveira - PI,9324,População residente estimada,2024,4065,population_estimate,4065.0
2202505,Caracol - PI,9324,População residente estimada,2024,10538,population_estimate,10538.0
2202539,Caraúbas do Piauí - PI,9324,População residente estimada,2024,5755,population_estimate,5755.0
2202554,Caridade do Piauí - PI,9324,População residente estimada,2024,5162,population_estimate,5162.0
2202604,Castelo do Piauí - PI,9324,População residente estimada,2024,19663,population_estimate,19663.0
2202653,Caxingó - PI,9324,População residente estimada,2024,5657,population_estimate,5657.0
2202703,Cocal - PI,9324,População residente estimada,2024,29209,population_estimate,29209.0
2202711,Cocal de Telha - PI,9324,População residente estimada,2024,5034,population_estimate,5034.0
2202729,Cocal dos Alves - PI,9324,População residente estimada,2024,6569,population_estimate,6569.0
2202737,Coivaras - PI,9324,População residente estimada,2024,4233,population_estimate,4233.0
2202752,Colônia do Gurguéia - PI,9324,População residente estimada,2024,6287,population_estimate,6287.0
2202778,Colônia do Piauí - PI,9324,População residente estimada,2024,7088,population_estimate,7088.0
2202802,Conceição do Canindé - PI,9324,População residente estimada,2024,5063,population_estimate,5063.0
2202851,Coronel José Dias - PI,9324,População residente estimada,2024,4305,population_estimate,4305.0
2202901,Corrente - PI,9324,População residente estimada,2024,28275,population_estimate,28275.0
2203008,Cristalândia do Piauí - PI,9324,População residente estimada,2024,7454,population_estimate,7454.0
2203107,Cristino Castro - PI,9324,População residente estimada,2024,10772,population_estimate,10772.0
2203206,Curimatá - PI,9324,População residente estimada,2024,11552,population_estimate,11552.0
2203230,Currais - PI,9324,População residente estimada,2024,4968,population_estimate,4968.0
2203255,Curralinhos - PI,9324,População residente estimada,2024,4527,population_estimate,4527.0
2203271,Curral Novo do Piauí - PI,9324,População residente estimada,2024,5185,population_estimate,5185.0
2203305,Demerval Lobão - PI,9324,População residente estimada,2024,16998,population_estimate,16998.0
2203354,Dirceu Arcoverde - PI,9324,População residente estimada,2024,7238,population_estimate,7238.0
2203404,Dom Expedito Lopes - PI,9324,População residente estimada,2024,6421,population_estimate,6421.0
2203420,Domingos Mourão - PI,9324,População residente estimada,2024,4138,population_estimate,4138.0
2203453,Dom Inocêncio - PI,9324,População residente estimada,2024,9335,population_estimate,9335.0
2203503,Elesbão Veloso - PI,9324,População residente estimada,2024,13786,population_estimate,13786.0
2203602,Eliseu Martins - PI,9324,População residente estimada,2024,4435,population_estimate,4435.0
2203701,Esperantina - PI,9324,População residente estimada,2024,42510,population_estimate,42510.0
2203750,Fartura do Piauí - PI,9324,População residente estimada,2024,5414,population_estimate,5414.0
2203800,Flores do Piauí - PI,9324,População residente estimada,2024,4508,population_estimate,4508.0
2203859,Floresta do Piauí - PI,9324,População residente estimada,2024,2364,population_estimate,2364.0
2203909,Floriano - PI,9324,População residente estimada,2024,64150,population_estimate,64150.0
2204006,Francinópolis - PI,9324,População residente estimada,2024,4517,population_estimate,4517.0
2204105,Francisco Ayres - PI,9324,População residente estimada,2024,4494,population_estimate,4494.0
2204154,Francisco Macedo - PI,9324,População residente estimada,2024,2986,population_estimate,2986.0
2204204,Francisco Santos - PI,9324,População residente estimada,2024,8366,population_estimate,8366.0
2204303,Fronteiras - PI,9324,População residente estimada,2024,10382,population_estimate,10382.0
2204352,Geminiano - PI,9324,População residente estimada,2024,5587,population_estimate,5587.0
2204402,Gilbués - PI,9324,População residente estimada,2024,11166,population_estimate,11166.0
2204501,Guadalupe - PI,9324,População residente estimada,2024,10478,population_estimate,10478.0
2204550,Guaribas - PI,9324,População residente estimada,2024,4350,population_estimate,4350.0
2204600,Hugo Napoleão - PI,9324,População residente estimada,2024,3562,population_estimate,3562.0
2204659,Ilha Grande - PI,9324,População residente estimada,2024,9501,population_estimate,9501.0
2204709,Inhuma - PI,9324,População residente estimada,2024,15259,population_estimate,15259.0
2204808,Ipiranga do Piauí - PI,9324,População residente estimada,2024,9620,population_estimate,9620.0
2204907,Isaías Coelho - PI,9324,População residente estimada,2024,7886,population_estimate,7886.0
2205003,Itainópolis - PI,9324,População residente estimada,2024,10980,population_estimate,10980.0
2205102,Itaueira - PI,9324,População residente estimada,2024,10493,population_estimate,10493.0
2205151,Jacobina do Piauí - PI,9324,População residente estimada,2024,5715,population_estimate,5715.0
2205201,Jaicós - PI,9324,População residente estimada,2024,17811,population_estimate,17811.0
2205250,Jardim do Mulato - PI,9324,População residente estimada,2024,4251,population_estimate,4251.0
2205276,Jatobá do Piauí - PI,9324,População residente estimada,2024,4568,population_estimate,4568.0
2205300,Jerumenha - PI,9324,População residente estimada,2024,4600,population_estimate,4600.0
2205359,João Costa - PI,9324,População residente estimada,2024,3031,population_estimate,3031.0
2205409,Joaquim Pires - PI,9324,População residente estimada,2024,14175,population_estimate,14175.0
2205458,Joca Marques - PI,9324,População residente estimada,2024,5535,population_estimate,5535.0
2205508,José de Freitas - PI,9324,População residente estimada,2024,44391,population_estimate,44391.0
2205516,Juazeiro do Piauí - PI,9324,População residente estimada,2024,5311,population_estimate,5311.0
2205524,Júlio Borges - PI,9324,População residente estimada,2024,5499,population_estimate,5499.0
2205532,Jurema - PI,9324,População residente estimada,2024,4505,population_estimate,4505.0
2205540,Lagoinha do Piauí - PI,9324,População residente estimada,2024,3029,population_estimate,3029.0
2205557,Lagoa Alegre - PI,9324,População residente estimada,2024,8449,population_estimate,8449.0
2205565,Lagoa do Barro do Piauí - PI,9324,População residente estimada,2024,5146,population_estimate,5146.0
2205573,Lagoa de São Francisco - PI,9324,População residente estimada,2024,6449,population_estimate,6449.0
2205581,Lagoa do Piauí - PI,9324,População residente estimada,2024,5009,population_estimate,5009.0
2205599,Lagoa do Sítio - PI,9324,População residente estimada,2024,4575,population_estimate,4575.0
2205607,Landri Sales - PI,9324,População residente estimada,2024,5311,population_estimate,5311.0
2205706,Luís Correia - PI,9324,População residente estimada,2024,31775,population_estimate,31775.0
2205805,Luzilândia - PI,9324,População residente estimada,2024,26204,population_estimate,26204.0
2205854,Madeiro - PI,9324,População residente estimada,2024,8218,population_estimate,8218.0
2205904,Manoel Emídio - PI,9324,População residente estimada,2024,5314,population_estimate,5314.0
2205953,Marcolândia - PI,9324,População residente estimada,2024,8783,population_estimate,8783.0
2206001,Marcos Parente - PI,9324,População residente estimada,2024,4848,population_estimate,4848.0
2206050,Massapê do Piauí - PI,9324,População residente estimada,2024,5215,population_estimate,5215.0
2206100,Matias Olímpio - PI,9324,População residente estimada,2024,10875,population_estimate,10875.0
2206209,Miguel Alves - PI,9324,População residente estimada,2024,33071,population_estimate,33071.0
2206308,Miguel Leão - PI,9324,População residente estimada,2024,1352,population_estimate,1352.0
2206357,Milton Brandão - PI,9324,População residente estimada,2024,6678,population_estimate,6678.0
2206407,Monsenhor Gil - PI,9324,População residente estimada,2024,10455,population_estimate,10455.0
2206506,Monsenhor Hipólito - PI,9324,População residente estimada,2024,7751,population_estimate,7751.0
2206605,Monte Alegre do Piauí - PI,9324,População residente estimada,2024,10910,population_estimate,10910.0
2206654,Morro Cabeça no Tempo - PI,9324,População residente estimada,2024,4458,population_estimate,4458.0
2206670,Morro do Chapéu do Piauí - PI,9324,População residente estimada,2024,6547,population_estimate,6547.0
2206696,Murici dos Portelas - PI,9324,População residente estimada,2024,10139,population_estimate,10139.0
2206704,Nazaré do Piauí - PI,9324,População residente estimada,2024,6729,population_estimate,6729.0
2206720,Nazária - PI,9324,População residente estimada,2024,10706,population_estimate,10706.0
2206753,Nossa Senhora de Nazaré - PI,9324,População residente estimada,2024,5406,population_estimate,5406.0
2206803,Nossa Senhora dos Remédios - PI,9324,População residente estimada,2024,8732,population_estimate,8732.0
2206902,Novo Oriente do Piauí - PI,9324,População residente estimada,2024,6178,population_estimate,6178.0
2206951,Novo Santo Antônio - PI,9324,População residente estimada,2024,2886,population_estimate,2886.0
2207009,Oeiras - PI,9324,População residente estimada,2024,39545,population_estimate,39545.0
2207108,Olho D'Água do Piauí - PI,9324,População residente estimada,2024,2725,population_estimate,2725.0
2207207,Padre Marcos - PI,9324,População residente estimada,2024,6481,population_estimate,6481.0
2207306,Paes Landim - PI,9324,População residente estimada,2024,4174,population_estimate,4174.0
2207355,Pajeú do Piauí - PI,9324,População residente estimada,2024,3041,population_estimate,3041.0
2207405,Palmeira do Piauí - PI,9324,População residente estimada,2024,5048,population_estimate,5048.0
2207504,Palmeirais - PI,9324,População residente estimada,2024,13480,population_estimate,13480.0
2207553,Paquetá - PI,9324,População residente estimada,2024,3878,population_estimate,3878.0
2207603,Parnaguá - PI,9324,População residente estimada,2024,10289,population_estimate,10289.0
2207702,Parnaíba - PI,9324,População residente estimada,2024,169552,population_estimate,169552.0
2207751,Passagem Franca do Piauí - PI,9324,População residente estimada,2024,4220,population_estimate,4220.0
2207777,Patos do Piauí - PI,9324,População residente estimada,2024,5461,population_estimate,5461.0
2207793,Pau D'Arco do Piauí - PI,9324,População residente estimada,2024,3972,population_estimate,3972.0
2207801,Paulistana - PI,9324,População residente estimada,2024,21601,population_estimate,21601.0
2207850,Pavussu - PI,9324,População residente estimada,2024,3698,population_estimate,3698.0
2207900,Pedro II - PI,9324,População residente estimada,2024,39039,population_estimate,39039.0
2207934,Pedro Laurentino - PI,9324,População residente estimada,2024,2514,population_estimate,2514.0
2207959,Nova Santa Rita - PI,9324,População residente estimada,2024,4147,population_estimate,4147.0
2208007,Picos - PI,9324,População residente estimada,2024,86228,population_estimate,86228.0
2208106,Pimenteiras - PI,9324,População residente estimada,2024,11528,population_estimate,11528.0
2208205,Pio IX - PI,9324,População residente estimada,2024,17947,population_estimate,17947.0
2208304,Piracuruca - PI,9324,População residente estimada,2024,29849,population_estimate,29849.0
2208403,Piripiri - PI,9324,População residente estimada,2024,67676,population_estimate,67676.0
2208502,Porto - PI,9324,População residente estimada,2024,12312,population_estimate,12312.0
2208551,Porto Alegre do Piauí - PI,9324,População residente estimada,2024,2391,population_estimate,2391.0
2208601,Prata do Piauí - PI,9324,População residente estimada,2024,3098,population_estimate,3098.0
2208650,Queimada Nova - PI,9324,População residente estimada,2024,8936,population_estimate,8936.0
2208700,Redenção do Gurguéia - PI,9324,População residente estimada,2024,8563,population_estimate,8563.0
2208809,Regeneração - PI,9324,População residente estimada,2024,17418,population_estimate,17418.0
2208858,Riacho Frio - PI,9324,População residente estimada,2024,4241,population_estimate,4241.0
2208874,Ribeira do Piauí - PI,9324,População residente estimada,2024,4114,population_estimate,4114.0
2208908,Ribeiro Gonçalves - PI,9324,População residente estimada,2024,6215,population_estimate,6215.0
2209005,Rio Grande do Piauí - PI,9324,População residente estimada,2024,5868,population_estimate,5868.0
2209104,Santa Cruz do Piauí - PI,9324,População residente estimada,2024,5928,population_estimate,5928.0
2209153,Santa Cruz dos Milagres - PI,9324,População residente estimada,2024,3466,population_estimate,3466.0
2209203,Santa Filomena - PI,9324,População residente estimada,2024,6209,population_estimate,6209.0
2209302,Santa Luz - PI,9324,População residente estimada,2024,5425,population_estimate,5425.0
2209351,Santana do Piauí - PI,9324,População residente estimada,2024,4174,population_estimate,4174.0
2209377,Santa Rosa do Piauí - PI,9324,População residente estimada,2024,4690,population_estimate,4690.0
2209401,Santo Antônio de Lisboa - PI,9324,População residente estimada,2024,5938,population_estimate,5938.0
2209450,Santo Antônio dos Milagres - PI,9324,População residente estimada,2024,2189,population_estimate,2189.0
2209500,Santo Inácio do Piauí - PI,9324,População residente estimada,2024,3719,population_estimate,3719.0
2209559,São Braz do Piauí - PI,9324,População residente estimada,2024,4451,population_estimate,4451.0
2209609,São Félix do Piauí - PI,9324,População residente estimada,2024,2885,population_estimate,2885.0
2209658,São Francisco de Assis do Piauí - PI,9324,População residente estimada,2024,5703,population_estimate,5703.0
2209708,São Francisco do Piauí - PI,9324,População residente estimada,2024,5404,population_estimate,5404.0
2209757,São Gonçalo do Gurguéia - PI,9324,População residente estimada,2024,3019,population_estimate,3019.0
2209807,São Gonçalo do Piauí - PI,9324,População residente estimada,2024,4944,population_estimate,4944.0
2209856,São João da Canabrava - PI,9324,População residente estimada,2024,4306,population_estimate,4306.0
2209872,São João da Fronteira - PI,9324,População residente estimada,2024,5615,population_estimate,5615.0
2209906,São João da Serra - PI,9324,População residente estimada,2024,6233,population_estimate,6233.0
2209955,São João da Varjota - PI,9324,População residente estimada,2024,4443,population_estimate,4443.0
2209971,São João do Arraial - PI,9324,População residente estimada,2024,8443,population_estimate,8443.0
2210003,São João do Piauí - PI,9324,População residente estimada,2024,22036,population_estimate,22036.0
2210052,São José do Divino - PI,9324,População residente estimada,2024,4906,population_estimate,4906.0
2210102,São José do Peixe - PI,9324,População residente estimada,2024,3320,population_estimate,3320.0
2210201,São José do Piauí - PI,9324,População residente estimada,2024,6732,population_estimate,6732.0
2210300,São Julião - PI,9324,População residente estimada,2024,6135,population_estimate,6135.0
2210359,São Lourenço do Piauí - PI,9324,População residente estimada,2024,4497,population_estimate,4497.0
2210375,São Luis do Piauí - PI,9324,População residente estimada,2024,2329,population_estimate,2329.0
2210383,São Miguel da Baixa Grande - PI,9324,População residente estimada,2024,2304,population_estimate,2304.0
2210391,São Miguel do Fidalgo - PI,9324,População residente estimada,2024,2870,population_estimate,2870.0
2210409,São Miguel do Tapuio - PI,9324,População residente estimada,2024,17902,population_estimate,17902.0
2210508,São Pedro do Piauí - PI,9324,População residente estimada,2024,14046,population_estimate,14046.0
2210607,São Raimundo Nonato - PI,9324,População residente estimada,2024,40784,population_estimate,40784.0
2210623,Sebastião Barros - PI,9324,População residente estimada,2024,3228,population_estimate,3228.0
2210631,Sebastião Leal - PI,9324,População residente estimada,2024,4572,population_estimate,4572.0
2210656,Sigefredo Pacheco - PI,9324,População residente estimada,2024,9631,population_estimate,9631.0
2210706,Simões - PI,9324,População residente estimada,2024,14650,population_estimate,14650.0
2210805,Simplício Mendes - PI,9324,População residente estimada,2024,14342,population_estimate,14342.0
2210904,Socorro do Piauí - PI,9324,População residente estimada,2024,4184,population_estimate,4184.0
2210938,Sussuapara - PI,9324,População residente estimada,2024,6345,population_estimate,6345.0
2210953,Tamboril do Piauí - PI,9324,População residente estimada,2024,3029,population_estimate,3029.0
2210979,Tanque do Piauí - PI,9324,População residente estimada,2024,2330,population_estimate,2330.0
2211001,Teresina - PI,9324,População residente estimada,2024,902644,population_estimate,902644.0
2211100,União - PI,9324,População residente estimada,2024,47707,population_estimate,47707.0
2211209,Uruçuí - PI,9324,População residente estimada,2024,26501,population_estimate,26501.0
2211308,Valença do Piauí - PI,9324,População residente estimada,2024,22920,population_estimate,22920.0
2211357,Várzea Branca - PI,9324,População residente estimada,2024,5173,population_estimate,5173.0
2211407,Várzea Grande - PI,9324,População residente estimada,2024,4515,population_estimate,4515.0
2211506,Vera Mendes - PI,9324,População residente estimada,2024,3271,population_estimate,3271.0
2211605,Vila Nova do Piauí - PI,9324,População residente estimada,2024,2979,population_estimate,2979.0
2211704,Wall Ferraz - PI,9324,População residente estimada,2024,4117,population_estimate,4117.0
2300101,Abaiara - CE,9324,População residente estimada,2024,10282,population_estimate,10282.0
2300150,Acarape - CE,9324,População residente estimada,2024,14306,population_estimate,14306.0
2300200,Acaraú - CE,9324,População residente estimada,2024,68758,population_estimate,68758.0
2300309,Acopiara - CE,9324,População residente estimada,2024,46215,population_estimate,46215.0
2300408,Aiuaba - CE,9324,População residente estimada,2024,14220,population_estimate,14220.0
2300507,Alcântaras - CE,9324,População residente estimada,2024,11754,population_estimate,11754.0
2300606,Altaneira - CE,9324,População residente estimada,2024,6970,population_estimate,6970.0
2300705,Alto Santo - CE,9324,População residente estimada,2024,14418,population_estimate,14418.0
2300754,Amontada - CE,9324,População residente estimada,2024,44342,population_estimate,44342.0
2300804,Antonina do Norte - CE,9324,População residente estimada,2024,7484,population_estimate,7484.0
2300903,Apuiarés - CE,9324,População residente estimada,2024,13219,population_estimate,13219.0
2301000,Aquiraz - CE,9324,População residente estimada,2024,84737,population_estimate,84737.0
2301109,Aracati - CE,9324,População residente estimada,2024,78752,population_estimate,78752.0
2301208,Aracoiaba - CE,9324,População residente estimada,2024,26696,population_estimate,26696.0
2301257,Ararendá - CE,9324,População residente estimada,2024,11485,population_estimate,11485.0
2301307,Araripe - CE,9324,População residente estimada,2024,20223,population_estimate,20223.0
2301406,Aratuba - CE,9324,População residente estimada,2024,11459,population_estimate,11459.0
2301505,Arneiroz - CE,9324,População residente estimada,2024,7619,population_estimate,7619.0
2301604,Assaré - CE,9324,População residente estimada,2024,22212,population_estimate,22212.0
2301703,Aurora - CE,9324,População residente estimada,2024,24267,population_estimate,24267.0
2301802,Baixio - CE,9324,População residente estimada,2024,5832,population_estimate,5832.0
2301851,Banabuiú - CE,9324,População residente estimada,2024,17654,population_estimate,17654.0
2301901,Barbalha - CE,9324,População residente estimada,2024,80217,population_estimate,80217.0
2301950,Barreira - CE,9324,População residente estimada,2024,23351,population_estimate,23351.0
2302008,Barro - CE,9324,População residente estimada,2024,19669,population_estimate,19669.0
2302057,Barroquinha - CE,9324,População residente estimada,2024,14977,population_estimate,14977.0
2302107,Baturité - CE,9324,População residente estimada,2024,36978,population_estimate,36978.0
2302206,Beberibe - CE,9324,População residente estimada,2024,55666,population_estimate,55666.0
2302305,Bela Cruz - CE,9324,População residente estimada,2024,34441,population_estimate,34441.0
2302404,Boa Viagem - CE,9324,População residente estimada,2024,52169,population_estimate,52169.0
2302503,Brejo Santo - CE,9324,População residente estimada,2024,53778,population_estimate,53778.0
2302602,Camocim - CE,9324,População residente estimada,2024,65031,population_estimate,65031.0
2302701,Campos Sales - CE,9324,População residente estimada,2024,26082,population_estimate,26082.0
2302800,Canindé - CE,9324,População residente estimada,2024,77207,population_estimate,77207.0
2302909,Capistrano - CE,9324,População residente estimada,2024,17760,population_estimate,17760.0
2303006,Caridade - CE,9324,População residente estimada,2024,16419,population_estimate,16419.0
2303105,Cariré - CE,9324,População residente estimada,2024,18075,population_estimate,18075.0
2303204,Caririaçu - CE,9324,População residente estimada,2024,27482,population_estimate,27482.0
2303303,Cariús - CE,9324,População residente estimada,2024,17333,population_estimate,17333.0
2303402,Carnaubal - CE,9324,População residente estimada,2024,17758,population_estimate,17758.0
2303501,Cascavel - CE,9324,População residente estimada,2024,76365,population_estimate,76365.0
2303600,Catarina - CE,9324,População residente estimada,2024,9577,population_estimate,9577.0
2303659,Catunda - CE,9324,População residente estimada,2024,10817,population_estimate,10817.0
2303709,Caucaia - CE,9324,População residente estimada,2024,375730,population_estimate,375730.0
2303808,Cedro - CE,9324,População residente estimada,2024,22678,population_estimate,22678.0
2303907,Chaval - CE,9324,População residente estimada,2024,12805,population_estimate,12805.0
2303931,Choró - CE,9324,População residente estimada,2024,12380,population_estimate,12380.0
2303956,Chorozinho - CE,9324,População residente estimada,2024,20763,population_estimate,20763.0
2304004,Coreaú - CE,9324,População residente estimada,2024,21438,population_estimate,21438.0
2304103,Crateús - CE,9324,População residente estimada,2024,79809,population_estimate,79809.0
2304202,Crato - CE,9324,População residente estimada,2024,138232,population_estimate,138232.0
2304236,Croatá - CE,9324,População residente estimada,2024,18007,population_estimate,18007.0
2304251,Cruz - CE,9324,População residente estimada,2024,31847,population_estimate,31847.0
2304269,Deputado Irapuan Pinheiro - CE,9324,População residente estimada,2024,9172,population_estimate,9172.0
2304277,Ereré - CE,9324,População residente estimada,2024,6393,population_estimate,6393.0
2304285,Eusébio - CE,9324,População residente estimada,2024,80304,population_estimate,80304.0
2304301,Farias Brito - CE,9324,População residente estimada,2024,18557,population_estimate,18557.0
2304350,Forquilha - CE,9324,População residente estimada,2024,25127,population_estimate,25127.0
2304400,Fortaleza - CE,9324,População residente estimada,2024,2574412,population_estimate,2574412.0
2304459,Fortim - CE,9324,População residente estimada,2024,18052,population_estimate,18052.0
2304509,Frecheirinha - CE,9324,População residente estimada,2024,16362,population_estimate,16362.0
2304608,General Sampaio - CE,9324,População residente estimada,2024,6924,population_estimate,6924.0
2304657,Graça - CE,9324,População residente estimada,2024,14174,population_estimate,14174.0
2304707,Granja - CE,9324,População residente estimada,2024,55633,population_estimate,55633.0
2304806,Granjeiro - CE,9324,População residente estimada,2024,4960,population_estimate,4960.0
2304905,Groaíras - CE,9324,População residente estimada,2024,11313,population_estimate,11313.0
2304954,Guaiúba - CE,9324,População residente estimada,2024,25085,population_estimate,25085.0
2305001,Guaraciaba do Norte - CE,9324,População residente estimada,2024,44294,population_estimate,44294.0
2305100,Guaramiranga - CE,9324,População residente estimada,2024,5819,population_estimate,5819.0
2305209,Hidrolândia - CE,9324,População residente estimada,2024,18225,population_estimate,18225.0
2305233,Horizonte - CE,9324,População residente estimada,2024,79934,population_estimate,79934.0
2305266,Ibaretama - CE,9324,População residente estimada,2024,12191,population_estimate,12191.0
2305308,Ibiapina - CE,9324,População residente estimada,2024,24649,population_estimate,24649.0
2305332,Ibicuitinga - CE,9324,População residente estimada,2024,11979,population_estimate,11979.0
2305357,Icapuí - CE,9324,População residente estimada,2024,22367,population_estimate,22367.0
2305407,Icó - CE,9324,População residente estimada,2024,64802,population_estimate,64802.0
2305506,Iguatu - CE,9324,População residente estimada,2024,102251,population_estimate,102251.0
2305605,Independência - CE,9324,População residente estimada,2024,24530,population_estimate,24530.0
2305654,Ipaporanga - CE,9324,População residente estimada,2024,11937,population_estimate,11937.0
2305704,Ipaumirim - CE,9324,População residente estimada,2024,12441,population_estimate,12441.0
2305803,Ipu - CE,9324,População residente estimada,2024,42968,population_estimate,42968.0
2305902,Ipueiras - CE,9324,População residente estimada,2024,38285,population_estimate,38285.0
2306009,Iracema - CE,9324,População residente estimada,2024,14411,population_estimate,14411.0
2306108,Irauçuba - CE,9324,População residente estimada,2024,24751,population_estimate,24751.0
2306207,Itaiçaba - CE,9324,População residente estimada,2024,7779,population_estimate,7779.0
2306256,Itaitinga - CE,9324,População residente estimada,2024,70679,population_estimate,70679.0
2306306,Itapajé - CE,9324,População residente estimada,2024,49086,population_estimate,49086.0
2306405,Itapipoca - CE,9324,População residente estimada,2024,137892,population_estimate,137892.0
2306504,Itapiúna - CE,9324,População residente estimada,2024,18228,population_estimate,18228.0
2306553,Itarema - CE,9324,População residente estimada,2024,45465,population_estimate,45465.0
2306603,Itatira - CE,9324,População residente estimada,2024,21087,population_estimate,21087.0
2306702,Jaguaretama - CE,9324,População residente estimada,2024,17625,population_estimate,17625.0
2306801,Jaguaribara - CE,9324,População residente estimada,2024,10656,population_estimate,10656.0
2306900,Jaguaribe - CE,9324,População residente estimada,2024,35124,population_estimate,35124.0
2307007,Jaguaruana - CE,9324,População residente estimada,2024,33070,population_estimate,33070.0
2307106,Jardim - CE,9324,População residente estimada,2024,28707,population_estimate,28707.0
2307205,Jati - CE,9324,População residente estimada,2024,8100,population_estimate,8100.0
2307254,Jijoca de Jericoacoara - CE,9324,População residente estimada,2024,27662,population_estimate,27662.0
2307304,Juazeiro do Norte - CE,9324,População residente estimada,2024,303004,population_estimate,303004.0
2307403,Jucás - CE,9324,População residente estimada,2024,24591,population_estimate,24591.0
2307502,Lavras da Mangabeira - CE,9324,População residente estimada,2024,32123,population_estimate,32123.0
2307601,Limoeiro do Norte - CE,9324,População residente estimada,2024,62285,population_estimate,62285.0
2307635,Madalena - CE,9324,População residente estimada,2024,17264,population_estimate,17264.0
2307650,Maracanaú - CE,9324,População residente estimada,2024,249684,population_estimate,249684.0
2307700,Maranguape - CE,9324,População residente estimada,2024,108937,population_estimate,108937.0
2307809,Marco - CE,9324,População residente estimada,2024,27064,population_estimate,27064.0
2307908,Martinópole - CE,9324,População residente estimada,2024,11232,population_estimate,11232.0
2308005,Massapê - CE,9324,População residente estimada,2024,39633,population_estimate,39633.0
2308104,Mauriti - CE,9324,População residente estimada,2024,47406,population_estimate,47406.0
2308203,Meruoca - CE,9324,População residente estimada,2024,15749,population_estimate,15749.0
2308302,Milagres - CE,9324,População residente estimada,2024,26860,population_estimate,26860.0
2308351,Milhã - CE,9324,População residente estimada,2024,14635,population_estimate,14635.0
2308377,Miraíma - CE,9324,População residente estimada,2024,14736,population_estimate,14736.0
2308401,Missão Velha - CE,9324,População residente estimada,2024,38767,population_estimate,38767.0
2308500,Mombaça - CE,9324,População residente estimada,2024,38649,population_estimate,38649.0
2308609,Monsenhor Tabosa - CE,9324,População residente estimada,2024,17664,population_estimate,17664.0
2308708,Morada Nova - CE,9324,População residente estimada,2024,65323,population_estimate,65323.0
2308807,Moraújo - CE,9324,População residente estimada,2024,8516,population_estimate,8516.0
2308906,Morrinhos - CE,9324,População residente estimada,2024,23608,population_estimate,23608.0
2309003,Mucambo - CE,9324,População residente estimada,2024,14009,population_estimate,14009.0
2309102,Mulungu - CE,9324,População residente estimada,2024,10993,population_estimate,10993.0
2309201,Nova Olinda - CE,9324,População residente estimada,2024,15960,population_estimate,15960.0
2309300,Nova Russas - CE,9324,População residente estimada,2024,32014,population_estimate,32014.0
2309409,Novo Oriente - CE,9324,População residente estimada,2024,29043,population_estimate,29043.0
2309458,Ocara - CE,9324,População residente estimada,2024,25218,population_estimate,25218.0
2309508,Orós - CE,9324,População residente estimada,2024,20019,population_estimate,20019.0
2309607,Pacajus - CE,9324,População residente estimada,2024,74825,population_estimate,74825.0
2309706,Pacatuba - CE,9324,População residente estimada,2024,85873,population_estimate,85873.0
2309805,Pacoti - CE,9324,População residente estimada,2024,11442,population_estimate,11442.0
2309904,Pacujá - CE,9324,População residente estimada,2024,6345,population_estimate,6345.0
2310001,Palhano - CE,9324,População residente estimada,2024,9671,population_estimate,9671.0
2310100,Palmácia - CE,9324,População residente estimada,2024,10339,population_estimate,10339.0
2310209,Paracuru - CE,9324,População residente estimada,2024,41447,population_estimate,41447.0
2310258,Paraipaba - CE,9324,População residente estimada,2024,33896,population_estimate,33896.0
2310308,Parambu - CE,9324,População residente estimada,2024,32816,population_estimate,32816.0
2310407,Paramoti - CE,9324,População residente estimada,2024,10528,population_estimate,10528.0
2310506,Pedra Branca - CE,9324,População residente estimada,2024,42257,population_estimate,42257.0
2310605,Penaforte - CE,9324,População residente estimada,2024,9308,population_estimate,9308.0
2310704,Pentecoste - CE,9324,População residente estimada,2024,39715,population_estimate,39715.0
2310803,Pereiro - CE,9324,População residente estimada,2024,15869,population_estimate,15869.0
2310852,Pindoretama - CE,9324,População residente estimada,2024,24607,population_estimate,24607.0
2310902,Piquet Carneiro - CE,9324,População residente estimada,2024,17202,population_estimate,17202.0
2310951,Pires Ferreira - CE,9324,População residente estimada,2024,10952,population_estimate,10952.0
2311009,Poranga - CE,9324,População residente estimada,2024,12423,population_estimate,12423.0
2311108,Porteiras - CE,9324,População residente estimada,2024,17745,population_estimate,17745.0
2311207,Potengi - CE,9324,População residente estimada,2024,8926,population_estimate,8926.0
2311231,Potiretama - CE,9324,População residente estimada,2024,6129,population_estimate,6129.0
2311264,Quiterianópolis - CE,9324,População residente estimada,2024,20506,population_estimate,20506.0
2311306,Quixadá - CE,9324,População residente estimada,2024,88483,population_estimate,88483.0
2311355,Quixelô - CE,9324,População residente estimada,2024,16992,population_estimate,16992.0
2311405,Quixeramobim - CE,9324,População residente estimada,2024,85797,population_estimate,85797.0
2311504,Quixeré - CE,9324,População residente estimada,2024,21607,population_estimate,21607.0
2311603,Redenção - CE,9324,População residente estimada,2024,28359,population_estimate,28359.0
2311702,Reriutaba - CE,9324,População residente estimada,2024,19059,population_estimate,19059.0
2311801,Russas - CE,9324,População residente estimada,2024,74582,population_estimate,74582.0
2311900,Saboeiro - CE,9324,População residente estimada,2024,14036,population_estimate,14036.0
2311959,Salitre - CE,9324,População residente estimada,2024,17220,population_estimate,17220.0
2312007,Santana do Acaraú - CE,9324,População residente estimada,2024,32043,population_estimate,32043.0
2312106,Santana do Cariri - CE,9324,População residente estimada,2024,17388,population_estimate,17388.0
2312205,Santa Quitéria - CE,9324,População residente estimada,2024,41647,population_estimate,41647.0
2312304,São Benedito - CE,9324,População residente estimada,2024,49829,population_estimate,49829.0
2312403,São Gonçalo do Amarante - CE,9324,População residente estimada,2024,57499,population_estimate,57499.0
2312502,São João do Jaguaribe - CE,9324,População residente estimada,2024,5792,population_estimate,5792.0
2312601,São Luís do Curu - CE,9324,População residente estimada,2024,10962,population_estimate,10962.0
2312700,Senador Pompeu - CE,9324,População residente estimada,2024,25143,population_estimate,25143.0
2312809,Senador Sá - CE,9324,População residente estimada,2024,7519,population_estimate,7519.0
2312908,Sobral - CE,9324,População residente estimada,2024,215286,population_estimate,215286.0
2313005,Solonópole - CE,9324,População residente estimada,2024,18736,population_estimate,18736.0
2313104,Tabuleiro do Norte - CE,9324,População residente estimada,2024,32044,population_estimate,32044.0
2313203,Tamboril - CE,9324,População residente estimada,2024,25331,population_estimate,25331.0
2313252,Tarrafas - CE,9324,População residente estimada,2024,7626,population_estimate,7626.0
2313302,Tauá - CE,9324,População residente estimada,2024,64255,population_estimate,64255.0
2313351,Tejuçuoca - CE,9324,População residente estimada,2024,17626,population_estimate,17626.0
2313401,Tianguá - CE,9324,População residente estimada,2024,86137,population_estimate,86137.0
2313500,Trairi - CE,9324,População residente estimada,2024,61516,population_estimate,61516.0
2313559,Tururu - CE,9324,População residente estimada,2024,15457,population_estimate,15457.0
2313609,Ubajara - CE,9324,População residente estimada,2024,34312,population_estimate,34312.0
2313708,Umari - CE,9324,População residente estimada,2024,6993,population_estimate,6993.0
2313757,Umirim - CE,9324,População residente estimada,2024,17804,population_estimate,17804.0
2313807,Uruburetama - CE,9324,População residente estimada,2024,21279,population_estimate,21279.0
2313906,Uruoca - CE,9324,População residente estimada,2024,14243,population_estimate,14243.0
2313955,Varjota - CE,9324,População residente estimada,2024,18660,population_estimate,18660.0
2314003,Várzea Alegre - CE,9324,População residente estimada,2024,40771,population_estimate,40771.0
2314102,Viçosa do Ceará - CE,9324,População residente estimada,2024,62609,population_estimate,62609.0
2400109,Acari - RN,9324,População residente estimada,2024,10865,population_estimate,10865.0
2400208,Assú - RN,9324,População residente estimada,2024,58906,population_estimate,58906.0
2400307,Afonso Bezerra - RN,9324,População residente estimada,2024,11149,population_estimate,11149.0
2400406,Água Nova - RN,9324,População residente estimada,2024,3028,population_estimate,3028.0
2400505,Alexandria - RN,9324,População residente estimada,2024,14042,population_estimate,14042.0
2400604,Almino Afonso - RN,9324,População residente estimada,2024,4806,population_estimate,4806.0
2400703,Alto do Rodrigues - RN,9324,População residente estimada,2024,12857,population_estimate,12857.0
2400802,Angicos - RN,9324,População residente estimada,2024,11973,population_estimate,11973.0
2400901,Antônio Martins - RN,9324,População residente estimada,2024,6738,population_estimate,6738.0
2401008,Apodi - RN,9324,População residente estimada,2024,37390,population_estimate,37390.0
2401107,Areia Branca - RN,9324,População residente estimada,2024,24643,population_estimate,24643.0
2401206,Arez - RN,9324,População residente estimada,2024,13657,population_estimate,13657.0
2401305,Campo Grande - RN,9324,População residente estimada,2024,10045,population_estimate,10045.0
2401404,Baía Formosa - RN,9324,População residente estimada,2024,9098,population_estimate,9098.0
2401453,Baraúna - RN,9324,População residente estimada,2024,28268,population_estimate,28268.0
2401503,Barcelona - RN,9324,População residente estimada,2024,4103,population_estimate,4103.0
2401602,Bento Fernandes - RN,9324,População residente estimada,2024,4920,population_estimate,4920.0
2401651,Bodó - RN,9324,População residente estimada,2024,2363,population_estimate,2363.0
2401701,Bom Jesus - RN,9324,População residente estimada,2024,10279,population_estimate,10279.0
2401800,Brejinho - RN,9324,População residente estimada,2024,12603,population_estimate,12603.0
2401859,Caiçara do Norte - RN,9324,População residente estimada,2024,6474,population_estimate,6474.0
2401909,Caiçara do Rio do Vento - RN,9324,População residente estimada,2024,3359,population_estimate,3359.0
2402006,Caicó - RN,9324,População residente estimada,2024,63339,population_estimate,63339.0
2402105,Campo Redondo - RN,9324,População residente estimada,2024,10504,population_estimate,10504.0
2402204,Canguaretama - RN,9324,População residente estimada,2024,30806,population_estimate,30806.0
2402303,Caraúbas - RN,9324,População residente estimada,2024,20161,population_estimate,20161.0
2402402,Carnaúba dos Dantas - RN,9324,População residente estimada,2024,8267,population_estimate,8267.0
2402501,Carnaubais - RN,9324,População residente estimada,2024,10010,population_estimate,10010.0
2402600,Ceará-Mirim - RN,9324,População residente estimada,2024,83009,population_estimate,83009.0
2402709,Cerro Corá - RN,9324,População residente estimada,2024,11322,population_estimate,11322.0
2402808,Coronel Ezequiel - RN,9324,População residente estimada,2024,5241,population_estimate,5241.0
2402907,Coronel João Pessoa - RN,9324,População residente estimada,2024,4315,population_estimate,4315.0
2403004,Cruzeta - RN,9324,População residente estimada,2024,8238,population_estimate,8238.0
2403103,Currais Novos - RN,9324,População residente estimada,2024,42930,population_estimate,42930.0
2403202,Doutor Severiano - RN,9324,População residente estimada,2024,7253,population_estimate,7253.0
2403251,Parnamirim - RN,9324,População residente estimada,2024,269298,population_estimate,269298.0
2403301,Encanto - RN,9324,População residente estimada,2024,6252,population_estimate,6252.0
2403400,Equador - RN,9324,População residente estimada,2024,5476,population_estimate,5476.0
2403509,Espírito Santo - RN,9324,População residente estimada,2024,10936,population_estimate,10936.0
2403608,Extremoz - RN,9324,População residente estimada,2024,66993,population_estimate,66993.0
2403707,Felipe Guerra - RN,9324,População residente estimada,2024,6458,population_estimate,6458.0
2403756,Fernando Pedroza - RN,9324,População residente estimada,2024,3029,population_estimate,3029.0
2403806,Florânia - RN,9324,População residente estimada,2024,10528,population_estimate,10528.0
2403905,Francisco Dantas - RN,9324,População residente estimada,2024,2763,population_estimate,2763.0
2404002,Frutuoso Gomes - RN,9324,População residente estimada,2024,4231,population_estimate,4231.0
2404101,Galinhos - RN,9324,População residente estimada,2024,2160,population_estimate,2160.0
2404200,Goianinha - RN,9324,População residente estimada,2024,28212,population_estimate,28212.0
2404309,Governador Dix-Sept Rosado - RN,9324,População residente estimada,2024,12239,population_estimate,12239.0
2404408,Grossos - RN,9324,População residente estimada,2024,10251,population_estimate,10251.0
2404507,Guamaré - RN,9324,População residente estimada,2024,15947,population_estimate,15947.0
2404606,Ielmo Marinho - RN,9324,População residente estimada,2024,11903,population_estimate,11903.0
2404705,Ipanguaçu - RN,9324,População residente estimada,2024,14539,population_estimate,14539.0
2404804,Ipueira - RN,9324,População residente estimada,2024,2090,population_estimate,2090.0
2404853,Itajá - RN,9324,População residente estimada,2024,7531,population_estimate,7531.0
2404903,Itaú - RN,9324,População residente estimada,2024,5452,population_estimate,5452.0
2405009,Jaçanã - RN,9324,População residente estimada,2024,8051,population_estimate,8051.0
2405108,Jandaíra - RN,9324,População residente estimada,2024,6748,population_estimate,6748.0
2405207,Janduís - RN,9324,População residente estimada,2024,4834,population_estimate,4834.0
2405306,Januário Cicco - RN,9324,População residente estimada,2024,8836,population_estimate,8836.0
2405405,Japi - RN,9324,População residente estimada,2024,5231,population_estimate,5231.0
2405504,Jardim de Angicos - RN,9324,População residente estimada,2024,2493,population_estimate,2493.0
2405603,Jardim de Piranhas - RN,9324,População residente estimada,2024,14416,population_estimate,14416.0
2405702,Jardim do Seridó - RN,9324,População residente estimada,2024,11952,population_estimate,11952.0
2405801,João Câmara - RN,9324,População residente estimada,2024,34768,population_estimate,34768.0
2405900,João Dias - RN,9324,População residente estimada,2024,2093,population_estimate,2093.0
2406007,José da Penha - RN,9324,População residente estimada,2024,5964,population_estimate,5964.0
2406106,Jucurutu - RN,9324,População residente estimada,2024,18286,population_estimate,18286.0
2406155,Jundiá - RN,9324,População residente estimada,2024,3859,population_estimate,3859.0
2406205,Lagoa d'Anta - RN,9324,População residente estimada,2024,6733,population_estimate,6733.0
2406304,Lagoa de Pedras - RN,9324,População residente estimada,2024,7577,population_estimate,7577.0
2406403,Lagoa de Velhos - RN,9324,População residente estimada,2024,2633,population_estimate,2633.0
2406502,Lagoa Nova - RN,9324,População residente estimada,2024,16126,population_estimate,16126.0
2406601,Lagoa Salgada - RN,9324,População residente estimada,2024,8619,population_estimate,8619.0
2406700,Lajes - RN,9324,População residente estimada,2024,10108,population_estimate,10108.0
2406809,Lajes Pintadas - RN,9324,População residente estimada,2024,4939,population_estimate,4939.0
2406908,Lucrécia - RN,9324,População residente estimada,2024,3579,population_estimate,3579.0
2407005,Luís Gomes - RN,9324,População residente estimada,2024,9286,population_estimate,9286.0
2407104,Macaíba - RN,9324,População residente estimada,2024,86433,population_estimate,86433.0
2407203,Macau - RN,9324,População residente estimada,2024,28384,population_estimate,28384.0
2407252,Major Sales - RN,9324,População residente estimada,2024,4067,population_estimate,4067.0
2407302,Marcelino Vieira - RN,9324,População residente estimada,2024,8092,population_estimate,8092.0
2407401,Martins - RN,9324,População residente estimada,2024,8411,population_estimate,8411.0
2407500,Maxaranguape - RN,9324,População residente estimada,2024,10534,population_estimate,10534.0
2407609,Messias Targino - RN,9324,População residente estimada,2024,4404,population_estimate,4404.0
2407708,Montanhas - RN,9324,População residente estimada,2024,11774,population_estimate,11774.0
2407807,Monte Alegre - RN,9324,População residente estimada,2024,23843,population_estimate,23843.0
2407906,Monte das Gameleiras - RN,9324,População residente estimada,2024,2343,population_estimate,2343.0
2408003,Mossoró - RN,9324,População residente estimada,2024,278034,population_estimate,278034.0
2408102,Natal - RN,9324,População residente estimada,2024,785368,population_estimate,785368.0
2408201,Nísia Floresta - RN,9324,População residente estimada,2024,33949,population_estimate,33949.0
2408300,Nova Cruz - RN,9324,População residente estimada,2024,35534,population_estimate,35534.0
2408409,Olho d'Água do Borges - RN,9324,População residente estimada,2024,3748,population_estimate,3748.0
2408508,Ouro Branco - RN,9324,População residente estimada,2024,5071,population_estimate,5071.0
2408607,Paraná - RN,9324,População residente estimada,2024,4046,population_estimate,4046.0
2408706,Paraú - RN,9324,População residente estimada,2024,3659,population_estimate,3659.0
2408805,Parazinho - RN,9324,População residente estimada,2024,4940,population_estimate,4940.0
2408904,Parelhas - RN,9324,População residente estimada,2024,22179,population_estimate,22179.0
2408953,Rio do Fogo - RN,9324,População residente estimada,2024,10672,population_estimate,10672.0
2409100,Passa e Fica - RN,9324,População residente estimada,2024,11406,population_estimate,11406.0
2409209,Passagem - RN,9324,População residente estimada,2024,3222,population_estimate,3222.0
2409308,Patu - RN,9324,População residente estimada,2024,11245,population_estimate,11245.0
2409332,Santa Maria - RN,9324,População residente estimada,2024,4992,population_estimate,4992.0
2409407,Pau dos Ferros - RN,9324,População residente estimada,2024,31975,population_estimate,31975.0
2409506,Pedra Grande - RN,9324,População residente estimada,2024,3729,population_estimate,3729.0
2409605,Pedra Preta - RN,9324,População residente estimada,2024,2499,population_estimate,2499.0
2409704,Pedro Avelino - RN,9324,População residente estimada,2024,6345,population_estimate,6345.0
2409803,Pedro Velho - RN,9324,População residente estimada,2024,14197,population_estimate,14197.0
2409902,Pendências - RN,9324,População residente estimada,2024,12536,population_estimate,12536.0
2410009,Pilões - RN,9324,População residente estimada,2024,3010,population_estimate,3010.0
2410108,Poço Branco - RN,9324,População residente estimada,2024,12619,population_estimate,12619.0
2410207,Portalegre - RN,9324,População residente estimada,2024,7842,population_estimate,7842.0
2410256,Porto do Mangue - RN,9324,População residente estimada,2024,5357,population_estimate,5357.0
2410306,Serra Caiada - RN,9324,População residente estimada,2024,11146,population_estimate,11146.0
2410405,Pureza - RN,9324,População residente estimada,2024,9707,population_estimate,9707.0
2410504,Rafael Fernandes - RN,9324,População residente estimada,2024,5647,population_estimate,5647.0
2410603,Rafael Godeiro - RN,9324,População residente estimada,2024,3008,population_estimate,3008.0
2410702,Riacho da Cruz - RN,9324,População residente estimada,2024,2741,population_estimate,2741.0
2410801,Riacho de Santana - RN,9324,População residente estimada,2024,4243,population_estimate,4243.0
2410900,Riachuelo - RN,9324,População residente estimada,2024,7627,population_estimate,7627.0
2411007,Rodolfo Fernandes - RN,9324,População residente estimada,2024,4349,population_estimate,4349.0
2411056,Tibau - RN,9324,População residente estimada,2024,5674,population_estimate,5674.0
2411106,Ruy Barbosa - RN,9324,População residente estimada,2024,3266,population_estimate,3266.0
2411205,Santa Cruz - RN,9324,População residente estimada,2024,38996,population_estimate,38996.0
2411403,Santana do Matos - RN,9324,População residente estimada,2024,12746,population_estimate,12746.0
2411429,Santana do Seridó - RN,9324,População residente estimada,2024,2787,population_estimate,2787.0
2411502,Santo Antônio - RN,9324,População residente estimada,2024,22779,population_estimate,22779.0
2411601,São Bento do Norte - RN,9324,População residente estimada,2024,3426,population_estimate,3426.0
2411700,São Bento do Trairí - RN,9324,População residente estimada,2024,3892,population_estimate,3892.0
2411809,São Fernando - RN,9324,População residente estimada,2024,3600,population_estimate,3600.0
2411908,São Francisco do Oeste - RN,9324,População residente estimada,2024,4304,population_estimate,4304.0
2412005,São Gonçalo do Amarante - RN,9324,População residente estimada,2024,123207,population_estimate,123207.0
2412104,São João do Sabugi - RN,9324,População residente estimada,2024,6130,population_estimate,6130.0
2412203,São José de Mipibu - RN,9324,População residente estimada,2024,49693,population_estimate,49693.0
2412302,São José do Campestre - RN,9324,População residente estimada,2024,11340,population_estimate,11340.0
2412401,São José do Seridó - RN,9324,População residente estimada,2024,4716,population_estimate,4716.0
2412500,São Miguel - RN,9324,População residente estimada,2024,24329,population_estimate,24329.0
2412559,São Miguel do Gostoso - RN,9324,População residente estimada,2024,10590,population_estimate,10590.0
2412609,São Paulo do Potengi - RN,9324,População residente estimada,2024,17320,population_estimate,17320.0
2412708,São Pedro - RN,9324,População residente estimada,2024,5905,population_estimate,5905.0
2412807,São Rafael - RN,9324,População residente estimada,2024,7899,population_estimate,7899.0
2412906,São Tomé - RN,9324,População residente estimada,2024,10188,population_estimate,10188.0
2413003,São Vicente - RN,9324,População residente estimada,2024,6514,population_estimate,6514.0
2413102,Senador Elói de Souza - RN,9324,População residente estimada,2024,6007,population_estimate,6007.0
2413201,Senador Georgino Avelino - RN,9324,População residente estimada,2024,4193,population_estimate,4193.0
2413300,Serra de São Bento - RN,9324,População residente estimada,2024,5864,population_estimate,5864.0
2413359,Serra do Mel - RN,9324,População residente estimada,2024,13694,population_estimate,13694.0
2413409,Serra Negra do Norte - RN,9324,População residente estimada,2024,7801,population_estimate,7801.0
2413508,Serrinha - RN,9324,População residente estimada,2024,6609,population_estimate,6609.0
2413557,Serrinha dos Pintos - RN,9324,População residente estimada,2024,4802,population_estimate,4802.0
2413607,Severiano Melo - RN,9324,População residente estimada,2024,5623,population_estimate,5623.0
2413706,Sítio Novo - RN,9324,População residente estimada,2024,4758,population_estimate,4758.0
2413805,Taboleiro Grande - RN,9324,População residente estimada,2024,2406,population_estimate,2406.0
2413904,Taipu - RN,9324,População residente estimada,2024,11716,population_estimate,11716.0
2414001,Tangará - RN,9324,População residente estimada,2024,13602,population_estimate,13602.0
2414100,Tenente Ananias - RN,9324,População residente estimada,2024,10587,population_estimate,10587.0
2414159,Tenente Laurentino Cruz - RN,9324,População residente estimada,2024,6118,population_estimate,6118.0
2414209,Tibau do Sul - RN,9324,População residente estimada,2024,17840,population_estimate,17840.0
2414308,Timbaúba dos Batistas - RN,9324,População residente estimada,2024,2420,population_estimate,2420.0
2414407,Touros - RN,9324,População residente estimada,2024,34624,population_estimate,34624.0
2414456,Triunfo Potiguar - RN,9324,População residente estimada,2024,3474,population_estimate,3474.0
2414506,Umarizal - RN,9324,População residente estimada,2024,10671,population_estimate,10671.0
2414605,Upanema - RN,9324,População residente estimada,2024,14013,population_estimate,14013.0
2414704,Várzea - RN,9324,População residente estimada,2024,5383,population_estimate,5383.0
2414753,Venha-Ver - RN,9324,População residente estimada,2024,3035,population_estimate,3035.0
2414803,Vera Cruz - RN,9324,População residente estimada,2024,11044,population_estimate,11044.0
2414902,Viçosa - RN,9324,População residente estimada,2024,1890,population_estimate,1890.0
2415008,Vila Flor - RN,9324,População residente estimada,2024,3289,population_estimate,3289.0
2500106,Água Branca - PB,9324,População residente estimada,2024,9578,population_estimate,9578.0
2500205,Aguiar - PB,9324,População residente estimada,2024,5061,population_estimate,5061.0
2500304,Alagoa Grande - PB,9324,População residente estimada,2024,26774,population_estimate,26774.0
2500403,Alagoa Nova - PB,9324,População residente estimada,2024,21724,population_estimate,21724.0
2500502,Alagoinha - PB,9324,População residente estimada,2024,14118,population_estimate,14118.0
2500536,Alcantil - PB,9324,População residente estimada,2024,5777,population_estimate,5777.0
2500577,Algodão de Jandaíra - PB,9324,População residente estimada,2024,3105,population_estimate,3105.0
2500601,Alhandra - PB,9324,População residente estimada,2024,22797,population_estimate,22797.0
2500700,São João do Rio do Peixe - PB,9324,População residente estimada,2024,18468,population_estimate,18468.0
2500734,Amparo - PB,9324,População residente estimada,2024,2316,population_estimate,2316.0
2500775,Aparecida - PB,9324,População residente estimada,2024,8225,population_estimate,8225.0
2500809,Araçagi - PB,9324,População residente estimada,2024,17012,population_estimate,17012.0
2500908,Arara - PB,9324,População residente estimada,2024,12496,population_estimate,12496.0
2501005,Araruna - PB,9324,População residente estimada,2024,17442,population_estimate,17442.0
2501104,Areia - PB,9324,População residente estimada,2024,23082,population_estimate,23082.0
2501153,Areia de Baraúnas - PB,9324,População residente estimada,2024,2036,population_estimate,2036.0
2501203,Areial - PB,9324,População residente estimada,2024,7393,population_estimate,7393.0
2501302,Aroeiras - PB,9324,População residente estimada,2024,19148,population_estimate,19148.0
2501351,Assunção - PB,9324,População residente estimada,2024,4342,population_estimate,4342.0
2501401,Baía da Traição - PB,9324,População residente estimada,2024,9648,population_estimate,9648.0
2501500,Bananeiras - PB,9324,População residente estimada,2024,23989,population_estimate,23989.0
2501534,Baraúna - PB,9324,População residente estimada,2024,4968,population_estimate,4968.0
2501575,Barra de Santana - PB,9324,População residente estimada,2024,8253,population_estimate,8253.0
2501609,Barra de Santa Rosa - PB,9324,População residente estimada,2024,13094,population_estimate,13094.0
2501708,Barra de São Miguel - PB,9324,População residente estimada,2024,6101,population_estimate,6101.0
2501807,Bayeux - PB,9324,População residente estimada,2024,84404,population_estimate,84404.0
2501906,Belém - PB,9324,População residente estimada,2024,16740,population_estimate,16740.0
2502003,Belém do Brejo do Cruz - PB,9324,População residente estimada,2024,6324,population_estimate,6324.0
2502052,Bernardino Batista - PB,9324,População residente estimada,2024,3650,population_estimate,3650.0
2502102,Boa Ventura - PB,9324,População residente estimada,2024,5277,population_estimate,5277.0
2502151,Boa Vista - PB,9324,População residente estimada,2024,6575,population_estimate,6575.0
2502201,Bom Jesus - PB,9324,População residente estimada,2024,2333,population_estimate,2333.0
2502300,Bom Sucesso - PB,9324,População residente estimada,2024,4740,population_estimate,4740.0
2502409,Bonito de Santa Fé - PB,9324,População residente estimada,2024,10460,population_estimate,10460.0
2502508,Boqueirão - PB,9324,População residente estimada,2024,18153,population_estimate,18153.0
2502607,Igaracy - PB,9324,População residente estimada,2024,5743,population_estimate,5743.0
2502706,Borborema - PB,9324,População residente estimada,2024,4231,population_estimate,4231.0
2502805,Brejo do Cruz - PB,9324,População residente estimada,2024,14050,population_estimate,14050.0
2502904,Brejo dos Santos - PB,9324,População residente estimada,2024,5840,population_estimate,5840.0
2503001,Caaporã - PB,9324,População residente estimada,2024,21865,population_estimate,21865.0
2503100,Cabaceiras - PB,9324,População residente estimada,2024,5515,population_estimate,5515.0
2503209,Cabedelo - PB,9324,População residente estimada,2024,70067,population_estimate,70067.0
2503308,Cachoeira dos Índios - PB,9324,População residente estimada,2024,9351,population_estimate,9351.0
2503407,Cacimba de Areia - PB,9324,População residente estimada,2024,3354,population_estimate,3354.0
2503506,Cacimba de Dentro - PB,9324,População residente estimada,2024,16373,population_estimate,16373.0
2503555,Cacimbas - PB,9324,População residente estimada,2024,7478,population_estimate,7478.0
2503605,Caiçara - PB,9324,População residente estimada,2024,6713,population_estimate,6713.0
2503704,Cajazeiras - PB,9324,População residente estimada,2024,66171,population_estimate,66171.0
2503753,Cajazeirinhas - PB,9324,População residente estimada,2024,2776,population_estimate,2776.0
2503803,Caldas Brandão - PB,9324,População residente estimada,2024,5928,population_estimate,5928.0
2503902,Camalaú - PB,9324,População residente estimada,2024,6298,population_estimate,6298.0
2504009,Campina Grande - PB,9324,População residente estimada,2024,440939,population_estimate,440939.0
2504033,Capim - PB,9324,População residente estimada,2024,7347,population_estimate,7347.0
2504074,Caraúbas - PB,9324,População residente estimada,2024,4059,population_estimate,4059.0
2504108,Carrapateira - PB,9324,População residente estimada,2024,2367,population_estimate,2367.0
2504157,Casserengue - PB,9324,População residente estimada,2024,7056,population_estimate,7056.0
2504207,Catingueira - PB,9324,População residente estimada,2024,4572,population_estimate,4572.0
2504306,Catolé do Rocha - PB,9324,População residente estimada,2024,32118,population_estimate,32118.0
2504355,Caturité - PB,9324,População residente estimada,2024,5492,population_estimate,5492.0
2504405,Conceição - PB,9324,População residente estimada,2024,18723,population_estimate,18723.0
2504504,Condado - PB,9324,População residente estimada,2024,6624,population_estimate,6624.0
2504603,Conde - PB,9324,População residente estimada,2024,29543,population_estimate,29543.0
2504702,Congo - PB,9324,População residente estimada,2024,5102,population_estimate,5102.0
2504801,Coremas - PB,9324,População residente estimada,2024,15005,population_estimate,15005.0
2504850,Coxixola - PB,9324,População residente estimada,2024,1882,population_estimate,1882.0
2504900,Cruz do Espírito Santo - PB,9324,População residente estimada,2024,17718,population_estimate,17718.0
2505006,Cubati - PB,9324,População residente estimada,2024,7820,population_estimate,7820.0
2505105,Cuité - PB,9324,População residente estimada,2024,20205,population_estimate,20205.0
2505204,Cuitegi - PB,9324,População residente estimada,2024,6894,population_estimate,6894.0
2505238,Cuité de Mamanguape - PB,9324,População residente estimada,2024,6431,population_estimate,6431.0
2505279,Curral de Cima - PB,9324,População residente estimada,2024,5406,population_estimate,5406.0
2505303,Curral Velho - PB,9324,População residente estimada,2024,2327,population_estimate,2327.0
2505352,Damião - PB,9324,População residente estimada,2024,5131,population_estimate,5131.0
2505402,Desterro - PB,9324,População residente estimada,2024,8300,population_estimate,8300.0
2505501,Vista Serrana - PB,9324,População residente estimada,2024,3759,population_estimate,3759.0
2505600,Diamante - PB,9324,População residente estimada,2024,6431,population_estimate,6431.0
2505709,Dona Inês - PB,9324,População residente estimada,2024,10640,population_estimate,10640.0
2505808,Duas Estradas - PB,9324,População residente estimada,2024,3377,population_estimate,3377.0
2505907,Emas - PB,9324,População residente estimada,2024,3053,population_estimate,3053.0
2506004,Esperança - PB,9324,População residente estimada,2024,32522,population_estimate,32522.0
2506103,Fagundes - PB,9324,População residente estimada,2024,11315,population_estimate,11315.0
2506202,Frei Martinho - PB,9324,População residente estimada,2024,2913,population_estimate,2913.0
2506251,Gado Bravo - PB,9324,População residente estimada,2024,8395,population_estimate,8395.0
2506301,Guarabira - PB,9324,População residente estimada,2024,59836,population_estimate,59836.0
2506400,Gurinhém - PB,9324,População residente estimada,2024,14133,population_estimate,14133.0
2506509,Gurjão - PB,9324,População residente estimada,2024,3343,population_estimate,3343.0
2506608,Ibiara - PB,9324,População residente estimada,2024,5733,population_estimate,5733.0
2506707,Imaculada - PB,9324,População residente estimada,2024,10550,population_estimate,10550.0
2506806,Ingá - PB,9324,População residente estimada,2024,18197,population_estimate,18197.0
2506905,Itabaiana - PB,9324,População residente estimada,2024,23621,population_estimate,23621.0
2507002,Itaporanga - PB,9324,População residente estimada,2024,24686,population_estimate,24686.0
2507101,Itapororoca - PB,9324,População residente estimada,2024,19054,population_estimate,19054.0
2507200,Itatuba - PB,9324,População residente estimada,2024,10816,population_estimate,10816.0
2507309,Jacaraú - PB,9324,População residente estimada,2024,14923,population_estimate,14923.0
2507408,Jericó - PB,9324,População residente estimada,2024,7721,population_estimate,7721.0
2507507,João Pessoa - PB,9324,População residente estimada,2024,888679,population_estimate,888679.0
2507606,Juarez Távora - PB,9324,População residente estimada,2024,8057,population_estimate,8057.0
2507705,Juazeirinho - PB,9324,População residente estimada,2024,17488,population_estimate,17488.0
2507804,Junco do Seridó - PB,9324,População residente estimada,2024,7002,population_estimate,7002.0
2507903,Juripiranga - PB,9324,População residente estimada,2024,10259,population_estimate,10259.0
2508000,Juru - PB,9324,População residente estimada,2024,9410,population_estimate,9410.0
2508109,Lagoa - PB,9324,População residente estimada,2024,4502,population_estimate,4502.0
2508208,Lagoa de Dentro - PB,9324,População residente estimada,2024,8088,population_estimate,8088.0
2508307,Lagoa Seca - PB,9324,População residente estimada,2024,29053,population_estimate,29053.0
2508406,Lastro - PB,9324,População residente estimada,2024,3292,population_estimate,3292.0
2508505,Livramento - PB,9324,População residente estimada,2024,7045,population_estimate,7045.0
2508554,Logradouro - PB,9324,População residente estimada,2024,5045,population_estimate,5045.0
2508604,Lucena - PB,9324,População residente estimada,2024,13019,population_estimate,13019.0
2508703,Mãe d'Água - PB,9324,População residente estimada,2024,3624,population_estimate,3624.0
2508802,Malta - PB,9324,População residente estimada,2024,6259,population_estimate,6259.0
2508901,Mamanguape - PB,9324,População residente estimada,2024,46719,population_estimate,46719.0
2509008,Manaíra - PB,9324,População residente estimada,2024,10700,population_estimate,10700.0
2509057,Marcação - PB,9324,População residente estimada,2024,9435,population_estimate,9435.0
2509107,Mari - PB,9324,População residente estimada,2024,22126,population_estimate,22126.0
2509156,Marizópolis - PB,9324,População residente estimada,2024,6960,population_estimate,6960.0
2509206,Massaranduba - PB,9324,População residente estimada,2024,14666,population_estimate,14666.0
2509305,Mataraca - PB,9324,População residente estimada,2024,8585,population_estimate,8585.0
2509339,Matinhas - PB,9324,População residente estimada,2024,4735,population_estimate,4735.0
2509370,Mato Grosso - PB,9324,População residente estimada,2024,2592,population_estimate,2592.0
2509396,Maturéia - PB,9324,População residente estimada,2024,6677,population_estimate,6677.0
2509404,Mogeiro - PB,9324,População residente estimada,2024,14375,population_estimate,14375.0
2509503,Montadas - PB,9324,População residente estimada,2024,6083,population_estimate,6083.0
2509602,Monte Horebe - PB,9324,População residente estimada,2024,4435,population_estimate,4435.0
2509701,Monteiro - PB,9324,População residente estimada,2024,33742,population_estimate,33742.0
2509800,Mulungu - PB,9324,População residente estimada,2024,8945,population_estimate,8945.0
2509909,Natuba - PB,9324,População residente estimada,2024,9014,population_estimate,9014.0
2510006,Nazarezinho - PB,9324,População residente estimada,2024,7392,population_estimate,7392.0
2510105,Nova Floresta - PB,9324,População residente estimada,2024,9884,population_estimate,9884.0
2510204,Nova Olinda - PB,9324,População residente estimada,2024,5909,population_estimate,5909.0
2510303,Nova Palmeira - PB,9324,População residente estimada,2024,4362,population_estimate,4362.0
2510402,Olho d'Água - PB,9324,População residente estimada,2024,6111,population_estimate,6111.0
2510501,Olivedos - PB,9324,População residente estimada,2024,3674,population_estimate,3674.0
2510600,Ouro Velho - PB,9324,População residente estimada,2024,2998,population_estimate,2998.0
2510659,Parari - PB,9324,População residente estimada,2024,1751,population_estimate,1751.0
2510709,Passagem - PB,9324,População residente estimada,2024,2562,population_estimate,2562.0
2510808,Patos - PB,9324,População residente estimada,2024,107774,population_estimate,107774.0
2510907,Paulista - PB,9324,População residente estimada,2024,12160,population_estimate,12160.0
2511004,Pedra Branca - PB,9324,População residente estimada,2024,3846,population_estimate,3846.0
2511103,Pedra Lavrada - PB,9324,População residente estimada,2024,6998,population_estimate,6998.0
2511202,Pedras de Fogo - PB,9324,População residente estimada,2024,31152,population_estimate,31152.0
2511301,Piancó - PB,9324,População residente estimada,2024,17006,population_estimate,17006.0
2511400,Picuí - PB,9324,População residente estimada,2024,18835,population_estimate,18835.0
2511509,Pilar - PB,9324,População residente estimada,2024,12801,population_estimate,12801.0
2511608,Pilões - PB,9324,População residente estimada,2024,6979,population_estimate,6979.0
2511707,Pilõezinhos - PB,9324,População residente estimada,2024,5514,population_estimate,5514.0
2511806,Pirpirituba - PB,9324,População residente estimada,2024,9467,population_estimate,9467.0
2511905,Pitimbu - PB,9324,População residente estimada,2024,17164,population_estimate,17164.0
2512002,Pocinhos - PB,9324,População residente estimada,2024,17990,population_estimate,17990.0
2512036,Poço Dantas - PB,9324,População residente estimada,2024,3932,population_estimate,3932.0
2512077,Poço de José de Moura - PB,9324,População residente estimada,2024,4120,population_estimate,4120.0
2512101,Pombal - PB,9324,População residente estimada,2024,33796,population_estimate,33796.0
2512200,Prata - PB,9324,População residente estimada,2024,4027,population_estimate,4027.0
2512309,Princesa Isabel - PB,9324,População residente estimada,2024,21659,population_estimate,21659.0
2512408,Puxinanã - PB,9324,População residente estimada,2024,14837,population_estimate,14837.0
2512507,Queimadas - PB,9324,População residente estimada,2024,50214,population_estimate,50214.0
2512606,Quixaba - PB,9324,População residente estimada,2024,1798,population_estimate,1798.0
2512705,Remígio - PB,9324,População residente estimada,2024,18373,population_estimate,18373.0
2512721,Pedro Régis - PB,9324,População residente estimada,2024,5925,population_estimate,5925.0
2512747,Riachão - PB,9324,População residente estimada,2024,2964,population_estimate,2964.0
2512754,Riachão do Bacamarte - PB,9324,População residente estimada,2024,4877,population_estimate,4877.0
2512762,Riachão do Poço - PB,9324,População residente estimada,2024,4946,population_estimate,4946.0
2512788,Riacho de Santo Antônio - PB,9324,População residente estimada,2024,2044,population_estimate,2044.0
2512804,Riacho dos Cavalos - PB,9324,População residente estimada,2024,8762,population_estimate,8762.0
2512903,Rio Tinto - PB,9324,População residente estimada,2024,25394,population_estimate,25394.0
2513000,Salgadinho - PB,9324,População residente estimada,2024,3437,population_estimate,3437.0
2513109,Salgado de São Félix - PB,9324,População residente estimada,2024,11760,population_estimate,11760.0
2513158,Santa Cecília - PB,9324,População residente estimada,2024,8031,population_estimate,8031.0
2513208,Santa Cruz - PB,9324,População residente estimada,2024,6041,population_estimate,6041.0
2513307,Santa Helena - PB,9324,População residente estimada,2024,6020,population_estimate,6020.0
2513356,Santa Inês - PB,9324,População residente estimada,2024,3274,population_estimate,3274.0
2513406,Santa Luzia - PB,9324,População residente estimada,2024,15387,population_estimate,15387.0
2513505,Santana de Mangueira - PB,9324,População residente estimada,2024,5106,population_estimate,5106.0
2513604,Santana dos Garrotes - PB,9324,População residente estimada,2024,6657,population_estimate,6657.0
2513653,Joca Claudino - PB,9324,População residente estimada,2024,2606,population_estimate,2606.0
2513703,Santa Rita - PB,9324,População residente estimada,2024,159121,population_estimate,159121.0
2513802,Santa Teresinha - PB,9324,População residente estimada,2024,4499,population_estimate,4499.0
2513851,Santo André - PB,9324,População residente estimada,2024,2702,population_estimate,2702.0
2513901,São Bento - PB,9324,População residente estimada,2024,33700,population_estimate,33700.0
2513927,São Bentinho - PB,9324,População residente estimada,2024,4473,population_estimate,4473.0
2513943,São Domingos do Cariri - PB,9324,População residente estimada,2024,2676,population_estimate,2676.0
2513968,São Domingos - PB,9324,População residente estimada,2024,2636,population_estimate,2636.0
2513984,São Francisco - PB,9324,População residente estimada,2024,3190,population_estimate,3190.0
2514008,São João do Cariri - PB,9324,População residente estimada,2024,4341,population_estimate,4341.0
2514107,São João do Tigre - PB,9324,População residente estimada,2024,4363,population_estimate,4363.0
2514206,São José da Lagoa Tapada - PB,9324,População residente estimada,2024,7270,population_estimate,7270.0
2514305,São José de Caiana - PB,9324,População residente estimada,2024,5032,population_estimate,5032.0
2514404,São José de Espinharas - PB,9324,População residente estimada,2024,4099,population_estimate,4099.0
2514453,São José dos Ramos - PB,9324,População residente estimada,2024,6105,population_estimate,6105.0
2514503,São José de Piranhas - PB,9324,População residente estimada,2024,19552,population_estimate,19552.0
2514552,São José de Princesa - PB,9324,População residente estimada,2024,3383,population_estimate,3383.0
2514602,São José do Bonfim - PB,9324,População residente estimada,2024,3333,population_estimate,3333.0
2514651,São José do Brejo do Cruz - PB,9324,População residente estimada,2024,1748,population_estimate,1748.0
2514701,São José do Sabugi - PB,9324,População residente estimada,2024,4270,population_estimate,4270.0
2514800,São José dos Cordeiros - PB,9324,População residente estimada,2024,3474,population_estimate,3474.0
2514909,São Mamede - PB,9324,População residente estimada,2024,7640,population_estimate,7640.0
2515005,São Miguel de Taipu - PB,9324,População residente estimada,2024,7287,population_estimate,7287.0
2515104,São Sebastião de Lagoa de Roça - PB,9324,População residente estimada,2024,11365,population_estimate,11365.0
2515203,São Sebastião do Umbuzeiro - PB,9324,População residente estimada,2024,3376,population_estimate,3376.0
2515302,Sapé - PB,9324,População residente estimada,2024,53309,population_estimate,53309.0
2515401,São Vicente do Seridó - PB,9324,População residente estimada,2024,10620,population_estimate,10620.0
2515500,Serra Branca - PB,9324,População residente estimada,2024,14075,population_estimate,14075.0
2515609,Serra da Raiz - PB,9324,População residente estimada,2024,3162,population_estimate,3162.0
2515708,Serra Grande - PB,9324,População residente estimada,2024,3043,population_estimate,3043.0
2515807,Serra Redonda - PB,9324,População residente estimada,2024,6984,population_estimate,6984.0
2515906,Serraria - PB,9324,População residente estimada,2024,4839,population_estimate,4839.0
2515930,Sertãozinho - PB,9324,População residente estimada,2024,5282,population_estimate,5282.0
2515971,Sobrado - PB,9324,População residente estimada,2024,8579,population_estimate,8579.0
2516003,Solânea - PB,9324,População residente estimada,2024,27749,population_estimate,27749.0
2516102,Soledade - PB,9324,População residente estimada,2024,14381,population_estimate,14381.0
2516151,Sossêgo - PB,9324,População residente estimada,2024,3461,population_estimate,3461.0
2516201,Sousa - PB,9324,População residente estimada,2024,69876,population_estimate,69876.0
2516300,Sumé - PB,9324,População residente estimada,2024,17763,population_estimate,17763.0
2516409,Tacima - PB,9324,População residente estimada,2024,7934,population_estimate,7934.0
2516508,Taperoá - PB,9324,População residente estimada,2024,14376,population_estimate,14376.0
2516607,Tavares - PB,9324,População residente estimada,2024,14464,population_estimate,14464.0
2516706,Teixeira - PB,9324,População residente estimada,2024,15082,population_estimate,15082.0
2516755,Tenório - PB,9324,População residente estimada,2024,3069,population_estimate,3069.0
2516805,Triunfo - PB,9324,População residente estimada,2024,10259,population_estimate,10259.0
2516904,Uiraúna - PB,9324,População residente estimada,2024,15386,population_estimate,15386.0
2517001,Umbuzeiro - PB,9324,População residente estimada,2024,9302,population_estimate,9302.0
2517100,Várzea - PB,9324,População residente estimada,2024,2764,population_estimate,2764.0
2517209,Vieirópolis - PB,9324,População residente estimada,2024,4974,population_estimate,4974.0
2517407,Zabelê - PB,9324,População residente estimada,2024,2310,population_estimate,2310.0
2600054,Abreu e Lima - PE,9324,População residente estimada,2024,103945,population_estimate,103945.0
2600104,Afogados da Ingazeira - PE,9324,População residente estimada,2024,42407,population_estimate,42407.0
2600203,Afrânio - PE,9324,População residente estimada,2024,19349,population_estimate,19349.0
2600302,Agrestina - PE,9324,População residente estimada,2024,24615,population_estimate,24615.0
2600401,Água Preta - PE,9324,População residente estimada,2024,27221,population_estimate,27221.0
2600500,Águas Belas - PE,9324,População residente estimada,2024,43713,population_estimate,43713.0
2600609,Alagoinha - PE,9324,População residente estimada,2024,14355,population_estimate,14355.0
2600708,Aliança - PE,9324,População residente estimada,2024,37372,population_estimate,37372.0
2600807,Altinho - PE,9324,População residente estimada,2024,21185,population_estimate,21185.0
2600906,Amaraji - PE,9324,População residente estimada,2024,18471,population_estimate,18471.0
2601003,Angelim - PE,9324,População residente estimada,2024,10580,population_estimate,10580.0
2601052,Araçoiaba - PE,9324,População residente estimada,2024,19936,population_estimate,19936.0
2601102,Araripina - PE,9324,População residente estimada,2024,90104,population_estimate,90104.0
2601201,Arcoverde - PE,9324,População residente estimada,2024,82003,population_estimate,82003.0
2601300,Barra de Guabiraba - PE,9324,População residente estimada,2024,12616,population_estimate,12616.0
2601409,Barreiros - PE,9324,População residente estimada,2024,42056,population_estimate,42056.0
2601508,Belém de Maria - PE,9324,População residente estimada,2024,10829,population_estimate,10829.0
2601607,Belém do São Francisco - PE,9324,População residente estimada,2024,18713,population_estimate,18713.0
2601706,Belo Jardim - PE,9324,População residente estimada,2024,83647,population_estimate,83647.0
2601805,Betânia - PE,9324,População residente estimada,2024,11981,population_estimate,11981.0
2601904,Bezerros - PE,9324,População residente estimada,2024,64809,population_estimate,64809.0
2602001,Bodocó - PE,9324,População residente estimada,2024,36129,population_estimate,36129.0
2602100,Bom Conselho - PE,9324,População residente estimada,2024,46192,population_estimate,46192.0
2602209,Bom Jardim - PE,9324,População residente estimada,2024,39278,population_estimate,39278.0
2602308,Bonito - PE,9324,População residente estimada,2024,39163,population_estimate,39163.0
2602407,Brejão - PE,9324,População residente estimada,2024,9399,population_estimate,9399.0
2602506,Brejinho - PE,9324,População residente estimada,2024,8010,population_estimate,8010.0
2602605,Brejo da Madre de Deus - PE,9324,População residente estimada,2024,51107,population_estimate,51107.0
2602704,Buenos Aires - PE,9324,População residente estimada,2024,13254,population_estimate,13254.0
2602803,Buíque - PE,9324,População residente estimada,2024,54425,population_estimate,54425.0
2602902,Cabo de Santo Agostinho - PE,9324,População residente estimada,2024,216969,population_estimate,216969.0
2603009,Cabrobó - PE,9324,População residente estimada,2024,31746,population_estimate,31746.0
2603108,Cachoeirinha - PE,9324,População residente estimada,2024,20612,population_estimate,20612.0
2603207,Caetés - PE,9324,População residente estimada,2024,30441,population_estimate,30441.0
2603306,Calçado - PE,9324,População residente estimada,2024,11445,population_estimate,11445.0
2603405,Calumbi - PE,9324,População residente estimada,2024,5367,population_estimate,5367.0
2603454,Camaragibe - PE,9324,População residente estimada,2024,155771,population_estimate,155771.0
2603504,Camocim de São Félix - PE,9324,População residente estimada,2024,17991,population_estimate,17991.0
2603603,Camutanga - PE,9324,População residente estimada,2024,7972,population_estimate,7972.0
2603702,Canhotinho - PE,9324,População residente estimada,2024,25090,population_estimate,25090.0
2603801,Capoeiras - PE,9324,População residente estimada,2024,18890,population_estimate,18890.0
2603900,Carnaíba - PE,9324,População residente estimada,2024,19513,population_estimate,19513.0
2603926,Carnaubeira da Penha - PE,9324,População residente estimada,2024,12682,population_estimate,12682.0
2604007,Carpina - PE,9324,População residente estimada,2024,83205,population_estimate,83205.0
2604106,Caruaru - PE,9324,População residente estimada,2024,402290,population_estimate,402290.0
2604155,Casinhas - PE,9324,População residente estimada,2024,13489,population_estimate,13489.0
2604205,Catende - PE,9324,População residente estimada,2024,33279,population_estimate,33279.0
2604304,Cedro - PE,9324,População residente estimada,2024,10845,population_estimate,10845.0
2604403,Chã de Alegria - PE,9324,População residente estimada,2024,13461,population_estimate,13461.0
2604502,Chã Grande - PE,9324,População residente estimada,2024,21224,population_estimate,21224.0
2604601,Condado - PE,9324,População residente estimada,2024,25383,population_estimate,25383.0
2604700,Correntes - PE,9324,População residente estimada,2024,17660,population_estimate,17660.0
2604809,Cortês - PE,9324,População residente estimada,2024,10512,population_estimate,10512.0
2604908,Cumaru - PE,9324,População residente estimada,2024,16252,population_estimate,16252.0
2605004,Cupira - PE,9324,População residente estimada,2024,24301,population_estimate,24301.0
2605103,Custódia - PE,9324,População residente estimada,2024,39403,population_estimate,39403.0
2605152,Dormentes - PE,9324,População residente estimada,2024,17749,population_estimate,17749.0
2605202,Escada - PE,9324,População residente estimada,2024,62252,population_estimate,62252.0
2605301,Exu - PE,9324,População residente estimada,2024,33436,population_estimate,33436.0
2605400,Feira Nova - PE,9324,População residente estimada,2024,22169,population_estimate,22169.0
2605459,Fernando de Noronha - PE,9324,População residente estimada,2024,3316,population_estimate,3316.0
2605509,Ferreiros - PE,9324,População residente estimada,2024,15794,population_estimate,15794.0
2605608,Flores - PE,9324,População residente estimada,2024,20835,population_estimate,20835.0
2605707,Floresta - PE,9324,População residente estimada,2024,31627,population_estimate,31627.0
2605806,Frei Miguelinho - PE,9324,População residente estimada,2024,14070,population_estimate,14070.0
2605905,Gameleira - PE,9324,População residente estimada,2024,17973,population_estimate,17973.0
2606002,Garanhuns - PE,9324,População residente estimada,2024,151064,population_estimate,151064.0
2606101,Glória do Goitá - PE,9324,População residente estimada,2024,30370,population_estimate,30370.0
2606200,Goiana - PE,9324,População residente estimada,2024,85160,population_estimate,85160.0
2606309,Granito - PE,9324,População residente estimada,2024,7206,population_estimate,7206.0
2606408,Gravatá - PE,9324,População residente estimada,2024,91887,population_estimate,91887.0
2606507,Iati - PE,9324,População residente estimada,2024,17605,population_estimate,17605.0
2606606,Ibimirim - PE,9324,População residente estimada,2024,28760,population_estimate,28760.0
2606705,Ibirajuba - PE,9324,População residente estimada,2024,7344,population_estimate,7344.0
2606804,Igarassu - PE,9324,População residente estimada,2024,122312,population_estimate,122312.0
2606903,Iguaracy - PE,9324,População residente estimada,2024,11366,population_estimate,11366.0
2607000,Inajá - PE,9324,População residente estimada,2024,27488,population_estimate,27488.0
2607109,Ingazeira - PE,9324,População residente estimada,2024,4959,population_estimate,4959.0
2607208,Ipojuca - PE,9324,População residente estimada,2024,105638,population_estimate,105638.0
2607307,Ipubi - PE,9324,População residente estimada,2024,30603,population_estimate,30603.0
2607406,Itacuruba - PE,9324,População residente estimada,2024,4490,population_estimate,4490.0
2607505,Itaíba - PE,9324,População residente estimada,2024,33691,population_estimate,33691.0
2607604,Ilha de Itamaracá - PE,9324,População residente estimada,2024,25529,population_estimate,25529.0
2607653,Itambé - PE,9324,População residente estimada,2024,36626,population_estimate,36626.0
2607703,Itapetim - PE,9324,População residente estimada,2024,14232,population_estimate,14232.0
2607752,Itapissuma - PE,9324,População residente estimada,2024,29463,population_estimate,29463.0
2607802,Itaquitinga - PE,9324,População residente estimada,2024,17109,population_estimate,17109.0
2607901,Jaboatão dos Guararapes - PE,9324,População residente estimada,2024,683285,population_estimate,683285.0
2607950,Jaqueira - PE,9324,População residente estimada,2024,10483,population_estimate,10483.0
2608008,Jataúba - PE,9324,População residente estimada,2024,16323,population_estimate,16323.0
2608057,Jatobá - PE,9324,População residente estimada,2024,14463,population_estimate,14463.0
2608107,João Alfredo - PE,9324,População residente estimada,2024,28903,population_estimate,28903.0
2608206,Joaquim Nabuco - PE,9324,População residente estimada,2024,13506,population_estimate,13506.0
2608255,Jucati - PE,9324,População residente estimada,2024,11975,population_estimate,11975.0
2608305,Jupi - PE,9324,População residente estimada,2024,15943,population_estimate,15943.0
2608404,Jurema - PE,9324,População residente estimada,2024,14027,population_estimate,14027.0
2608453,Lagoa do Carro - PE,9324,População residente estimada,2024,18708,population_estimate,18708.0
2608503,Lagoa de Itaenga - PE,9324,População residente estimada,2024,19915,population_estimate,19915.0
2608602,Lagoa do Ouro - PE,9324,População residente estimada,2024,12364,population_estimate,12364.0
2608701,Lagoa dos Gatos - PE,9324,População residente estimada,2024,14386,population_estimate,14386.0
2608750,Lagoa Grande - PE,9324,População residente estimada,2024,24952,population_estimate,24952.0
2608800,Lajedo - PE,9324,População residente estimada,2024,41786,population_estimate,41786.0
2608909,Limoeiro - PE,9324,População residente estimada,2024,59125,population_estimate,59125.0
2609006,Macaparana - PE,9324,População residente estimada,2024,24624,population_estimate,24624.0
2609105,Machados - PE,9324,População residente estimada,2024,11471,population_estimate,11471.0
2609154,Manari - PE,9324,População residente estimada,2024,26773,population_estimate,26773.0
2609204,Maraial - PE,9324,População residente estimada,2024,9432,population_estimate,9432.0
2609303,Mirandiba - PE,9324,População residente estimada,2024,14599,population_estimate,14599.0
2609402,Moreno - PE,9324,População residente estimada,2024,57647,population_estimate,57647.0
2609501,Nazaré da Mata - PE,9324,População residente estimada,2024,32153,population_estimate,32153.0
2609600,Olinda - PE,9324,População residente estimada,2024,365402,population_estimate,365402.0
2609709,Orobó - PE,9324,População residente estimada,2024,22438,population_estimate,22438.0
2609808,Orocó - PE,9324,População residente estimada,2024,14100,population_estimate,14100.0
2609907,Ouricuri - PE,9324,População residente estimada,2024,68329,population_estimate,68329.0
2610004,Palmares - PE,9324,População residente estimada,2024,56615,population_estimate,56615.0
2610103,Palmeirina - PE,9324,População residente estimada,2024,7154,population_estimate,7154.0
2610202,Panelas - PE,9324,População residente estimada,2024,23449,population_estimate,23449.0
2610301,Paranatama - PE,9324,População residente estimada,2024,12712,population_estimate,12712.0
2610400,Parnamirim - PE,9324,População residente estimada,2024,19028,population_estimate,19028.0
2610509,Passira - PE,9324,População residente estimada,2024,29719,population_estimate,29719.0
2610608,Paudalho - PE,9324,População residente estimada,2024,59638,population_estimate,59638.0
2610707,Paulista - PE,9324,População residente estimada,2024,362960,population_estimate,362960.0
2610806,Pedra - PE,9324,População residente estimada,2024,23605,population_estimate,23605.0
2610905,Pesqueira - PE,9324,População residente estimada,2024,65408,population_estimate,65408.0
2611002,Petrolândia - PE,9324,População residente estimada,2024,35991,population_estimate,35991.0
2611101,Petrolina - PE,9324,População residente estimada,2024,414083,population_estimate,414083.0
2611200,Poção - PE,9324,População residente estimada,2024,10805,population_estimate,10805.0
2611309,Pombos - PE,9324,População residente estimada,2024,26847,population_estimate,26847.0
2611408,Primavera - PE,9324,População residente estimada,2024,14351,population_estimate,14351.0
2611507,Quipapá - PE,9324,População residente estimada,2024,17974,population_estimate,17974.0
2611533,Quixaba - PE,9324,População residente estimada,2024,6755,population_estimate,6755.0
2611606,Recife - PE,9324,População residente estimada,2024,1587707,population_estimate,1587707.0
2611705,Riacho das Almas - PE,9324,População residente estimada,2024,21411,population_estimate,21411.0
2611804,Ribeirão - PE,9324,População residente estimada,2024,34255,population_estimate,34255.0
2611903,Rio Formoso - PE,9324,População residente estimada,2024,20460,population_estimate,20460.0
2612000,Sairé - PE,9324,População residente estimada,2024,11218,population_estimate,11218.0
2612109,Salgadinho - PE,9324,População residente estimada,2024,5620,population_estimate,5620.0
2612208,Salgueiro - PE,9324,População residente estimada,2024,65635,population_estimate,65635.0
2612307,Saloá - PE,9324,População residente estimada,2024,14173,population_estimate,14173.0
2612406,Sanharó - PE,9324,População residente estimada,2024,18933,population_estimate,18933.0
2612455,Santa Cruz - PE,9324,População residente estimada,2024,14320,population_estimate,14320.0
2612471,Santa Cruz da Baixa Verde - PE,9324,População residente estimada,2024,11933,population_estimate,11933.0
2612505,Santa Cruz do Capibaribe - PE,9324,População residente estimada,2024,104277,population_estimate,104277.0
2612554,Santa Filomena - PE,9324,População residente estimada,2024,12402,population_estimate,12402.0
2612604,Santa Maria da Boa Vista - PE,9324,População residente estimada,2024,42682,population_estimate,42682.0
2612703,Santa Maria do Cambucá - PE,9324,População residente estimada,2024,14533,population_estimate,14533.0
2612802,Santa Terezinha - PE,9324,População residente estimada,2024,10513,population_estimate,10513.0
2612901,São Benedito do Sul - PE,9324,População residente estimada,2024,13479,population_estimate,13479.0
2613008,São Bento do Una - PE,9324,População residente estimada,2024,51264,population_estimate,51264.0
2613107,São Caitano - PE,9324,População residente estimada,2024,39117,population_estimate,39117.0
2613206,São João - PE,9324,População residente estimada,2024,24772,population_estimate,24772.0
2613305,São Joaquim do Monte - PE,9324,População residente estimada,2024,20440,population_estimate,20440.0
2613404,São José da Coroa Grande - PE,9324,População residente estimada,2024,19468,population_estimate,19468.0
2613503,São José do Belmonte - PE,9324,População residente estimada,2024,36752,population_estimate,36752.0
2613602,São José do Egito - PE,9324,População residente estimada,2024,32491,population_estimate,32491.0
2613701,São Lourenço da Mata - PE,9324,População residente estimada,2024,117759,population_estimate,117759.0
2613800,São Vicente Férrer - PE,9324,População residente estimada,2024,17176,population_estimate,17176.0
2613909,Serra Talhada - PE,9324,População residente estimada,2024,98143,population_estimate,98143.0
2614006,Serrita - PE,9324,População residente estimada,2024,18759,population_estimate,18759.0
2614105,Sertânia - PE,9324,População residente estimada,2024,34269,population_estimate,34269.0
2614204,Sirinhaém - PE,9324,População residente estimada,2024,39233,population_estimate,39233.0
2614303,Moreilândia - PE,9324,População residente estimada,2024,10849,population_estimate,10849.0
2614402,Solidão - PE,9324,População residente estimada,2024,5403,population_estimate,5403.0
2614501,Surubim - PE,9324,População residente estimada,2024,67515,population_estimate,67515.0
2614600,Tabira - PE,9324,População residente estimada,2024,29093,population_estimate,29093.0
2614709,Tacaimbó - PE,9324,População residente estimada,2024,14277,population_estimate,14277.0
2614808,Tacaratu - PE,9324,População residente estimada,2024,24803,population_estimate,24803.0
2614857,Tamandaré - PE,9324,População residente estimada,2024,24534,population_estimate,24534.0
2615003,Taquaritinga do Norte - PE,9324,População residente estimada,2024,25497,population_estimate,25497.0
2615102,Terezinha - PE,9324,População residente estimada,2024,6857,population_estimate,6857.0
2615201,Terra Nova - PE,9324,População residente estimada,2024,9221,population_estimate,9221.0
2615300,Timbaúba - PE,9324,População residente estimada,2024,47575,population_estimate,47575.0
2615409,Toritama - PE,9324,População residente estimada,2024,43636,population_estimate,43636.0
2615508,Tracunhaém - PE,9324,População residente estimada,2024,14393,population_estimate,14393.0
2615607,Trindade - PE,9324,População residente estimada,2024,32086,population_estimate,32086.0
2615706,Triunfo - PE,9324,População residente estimada,2024,15142,population_estimate,15142.0
2615805,Tupanatinga - PE,9324,População residente estimada,2024,27009,population_estimate,27009.0
2615904,Tuparetama - PE,9324,População residente estimada,2024,8252,population_estimate,8252.0
2616001,Venturosa - PE,9324,População residente estimada,2024,17609,population_estimate,17609.0
2616100,Verdejante - PE,9324,População residente estimada,2024,9474,population_estimate,9474.0
2616183,Vertente do Lério - PE,9324,População residente estimada,2024,7782,population_estimate,7782.0
2616209,Vertentes - PE,9324,População residente estimada,2024,22955,population_estimate,22955.0
2616308,Vicência - PE,9324,População residente estimada,2024,27297,population_estimate,27297.0
2616407,Vitória de Santo Antão - PE,9324,População residente estimada,2024,143799,population_estimate,143799.0
2616506,Xexéu - PE,9324,População residente estimada,2024,11791,population_estimate,11791.0
2700102,Água Branca - AL,9324,População residente estimada,2024,19550,population_estimate,19550.0
2700201,Anadia - AL,9324,População residente estimada,2024,14193,population_estimate,14193.0
2700300,Arapiraca - AL,9324,População residente estimada,2024,243661,population_estimate,243661.0
2700409,Atalaia - AL,9324,População residente estimada,2024,38530,population_estimate,38530.0
2700508,Barra de Santo Antônio - AL,9324,População residente estimada,2024,16735,population_estimate,16735.0
2700607,Barra de São Miguel - AL,9324,População residente estimada,2024,8118,population_estimate,8118.0
2700706,Batalha - AL,9324,População residente estimada,2024,17103,population_estimate,17103.0
2700805,Belém - AL,9324,População residente estimada,2024,4820,population_estimate,4820.0
2700904,Belo Monte - AL,9324,População residente estimada,2024,5898,population_estimate,5898.0
2701001,Boca da Mata - AL,9324,População residente estimada,2024,21517,population_estimate,21517.0
2701100,Branquinha - AL,9324,População residente estimada,2024,9786,population_estimate,9786.0
2701209,Cacimbinhas - AL,9324,População residente estimada,2024,10701,population_estimate,10701.0
2701308,Cajueiro - AL,9324,População residente estimada,2024,16605,population_estimate,16605.0
2701357,Campestre - AL,9324,População residente estimada,2024,6807,population_estimate,6807.0
2701407,Campo Alegre - AL,9324,População residente estimada,2024,32714,population_estimate,32714.0
2701506,Campo Grande - AL,9324,População residente estimada,2024,8293,population_estimate,8293.0
2701605,Canapi - AL,9324,População residente estimada,2024,15743,population_estimate,15743.0
2701704,Capela - AL,9324,População residente estimada,2024,15068,population_estimate,15068.0
2701803,Carneiros - AL,9324,População residente estimada,2024,9200,population_estimate,9200.0
2701902,Chã Preta - AL,9324,População residente estimada,2024,6010,population_estimate,6010.0
2702009,Coité do Nóia - AL,9324,População residente estimada,2024,11036,population_estimate,11036.0
2702108,Colônia Leopoldina - AL,9324,População residente estimada,2024,15949,population_estimate,15949.0
2702207,Coqueiro Seco - AL,9324,População residente estimada,2024,5700,population_estimate,5700.0
2702306,Coruripe - AL,9324,População residente estimada,2024,51788,population_estimate,51788.0
2702355,Craíbas - AL,9324,População residente estimada,2024,26115,population_estimate,26115.0
2702405,Delmiro Gouveia - AL,9324,População residente estimada,2024,52809,population_estimate,52809.0
2702504,Dois Riachos - AL,9324,População residente estimada,2024,9906,population_estimate,9906.0
2702553,Estrela de Alagoas - AL,9324,População residente estimada,2024,15701,population_estimate,15701.0
2702603,Feira Grande - AL,9324,População residente estimada,2024,23191,population_estimate,23191.0
2702702,Feliz Deserto - AL,9324,População residente estimada,2024,4038,population_estimate,4038.0
2702801,Flexeiras - AL,9324,População residente estimada,2024,9767,population_estimate,9767.0
2702900,Girau do Ponciano - AL,9324,População residente estimada,2024,37335,population_estimate,37335.0
2703007,Ibateguara - AL,9324,População residente estimada,2024,13992,population_estimate,13992.0
2703106,Igaci - AL,9324,População residente estimada,2024,24452,population_estimate,24452.0
2703205,Igreja Nova - AL,9324,População residente estimada,2024,22125,population_estimate,22125.0
2703304,Inhapi - AL,9324,População residente estimada,2024,15417,population_estimate,15417.0
2703403,Jacaré dos Homens - AL,9324,População residente estimada,2024,5182,population_estimate,5182.0
2703502,Jacuípe - AL,9324,População residente estimada,2024,5432,population_estimate,5432.0
2703601,Japaratinga - AL,9324,População residente estimada,2024,9443,population_estimate,9443.0
2703700,Jaramataia - AL,9324,População residente estimada,2024,5075,population_estimate,5075.0
2703759,Jequiá da Praia - AL,9324,População residente estimada,2024,9625,population_estimate,9625.0
2703809,Joaquim Gomes - AL,9324,População residente estimada,2024,17386,population_estimate,17386.0
2703908,Jundiá - AL,9324,População residente estimada,2024,4176,population_estimate,4176.0
2704005,Junqueiro - AL,9324,População residente estimada,2024,24381,population_estimate,24381.0
2704104,Lagoa da Canoa - AL,9324,População residente estimada,2024,18831,population_estimate,18831.0
2704203,Limoeiro de Anadia - AL,9324,População residente estimada,2024,25197,population_estimate,25197.0
2704302,Maceió - AL,9324,População residente estimada,2024,994464,population_estimate,994464.0
2704401,Major Isidoro - AL,9324,População residente estimada,2024,17834,population_estimate,17834.0
2704500,Maragogi - AL,9324,População residente estimada,2024,33232,population_estimate,33232.0
2704609,Maravilha - AL,9324,População residente estimada,2024,9715,population_estimate,9715.0
2704708,Marechal Deodoro - AL,9324,População residente estimada,2024,62341,population_estimate,62341.0
2704807,Maribondo - AL,9324,População residente estimada,2024,13968,population_estimate,13968.0
2704906,Mar Vermelho - AL,9324,População residente estimada,2024,3212,population_estimate,3212.0
2705002,Mata Grande - AL,9324,População residente estimada,2024,22147,population_estimate,22147.0
2705101,Matriz de Camaragibe - AL,9324,População residente estimada,2024,24330,population_estimate,24330.0
2705200,Messias - AL,9324,População residente estimada,2024,15707,population_estimate,15707.0
2705309,Minador do Negrão - AL,9324,População residente estimada,2024,4938,population_estimate,4938.0
2705408,Monteirópolis - AL,9324,População residente estimada,2024,7341,population_estimate,7341.0
2705507,Murici - AL,9324,População residente estimada,2024,25933,population_estimate,25933.0
2705606,Novo Lino - AL,9324,População residente estimada,2024,10298,population_estimate,10298.0
2705705,Olho d'Água das Flores - AL,9324,População residente estimada,2024,21132,population_estimate,21132.0
2705804,Olho d'Água do Casado - AL,9324,População residente estimada,2024,8522,population_estimate,8522.0
2705903,Olho d'Água Grande - AL,9324,População residente estimada,2024,4384,population_estimate,4384.0
2706000,Olivença - AL,9324,População residente estimada,2024,11048,population_estimate,11048.0
2706109,Ouro Branco - AL,9324,População residente estimada,2024,11699,population_estimate,11699.0
2706208,Palestina - AL,9324,População residente estimada,2024,4410,population_estimate,4410.0
2706307,Palmeira dos Índios - AL,9324,População residente estimada,2024,73596,population_estimate,73596.0
2706406,Pão de Açúcar - AL,9324,População residente estimada,2024,24291,population_estimate,24291.0
2706422,Pariconha - AL,9324,População residente estimada,2024,10803,population_estimate,10803.0
2706448,Paripueira - AL,9324,População residente estimada,2024,14176,population_estimate,14176.0
2706505,Passo de Camaragibe - AL,9324,População residente estimada,2024,14076,population_estimate,14076.0
2706604,Paulo Jacinto - AL,9324,População residente estimada,2024,6697,population_estimate,6697.0
2706703,Penedo - AL,9324,População residente estimada,2024,60189,population_estimate,60189.0
2706802,Piaçabuçu - AL,9324,População residente estimada,2024,16201,population_estimate,16201.0
2706901,Pilar - AL,9324,População residente estimada,2024,36499,population_estimate,36499.0
2707008,Pindoba - AL,9324,População residente estimada,2024,2786,population_estimate,2786.0
2707107,Piranhas - AL,9324,População residente estimada,2024,23053,population_estimate,23053.0
2707206,Poço das Trincheiras - AL,9324,População residente estimada,2024,12974,population_estimate,12974.0
2707305,Porto Calvo - AL,9324,População residente estimada,2024,24520,population_estimate,24520.0
2707404,Porto de Pedras - AL,9324,População residente estimada,2024,9508,population_estimate,9508.0
2707503,Porto Real do Colégio - AL,9324,População residente estimada,2024,20262,population_estimate,20262.0
2707602,Quebrangulo - AL,9324,População residente estimada,2024,11305,population_estimate,11305.0
2707701,Rio Largo - AL,9324,População residente estimada,2024,97435,population_estimate,97435.0
2707800,Roteiro - AL,9324,População residente estimada,2024,6607,population_estimate,6607.0
2707909,Santa Luzia do Norte - AL,9324,População residente estimada,2024,7065,population_estimate,7065.0
2708006,Santana do Ipanema - AL,9324,População residente estimada,2024,47397,population_estimate,47397.0
2708105,Santana do Mundaú - AL,9324,População residente estimada,2024,11568,population_estimate,11568.0
2708204,São Brás - AL,9324,População residente estimada,2024,6557,population_estimate,6557.0
2708303,São José da Laje - AL,9324,População residente estimada,2024,21193,population_estimate,21193.0
2708402,São José da Tapera - AL,9324,População residente estimada,2024,31557,population_estimate,31557.0
2708501,São Luís do Quitunde - AL,9324,População residente estimada,2024,31792,population_estimate,31792.0
2708600,São Miguel dos Campos - AL,9324,População residente estimada,2024,53391,population_estimate,53391.0
2708709,São Miguel dos Milagres - AL,9324,População residente estimada,2024,8687,population_estimate,8687.0
2708808,São Sebastião - AL,9324,População residente estimada,2024,32701,population_estimate,32701.0
2708907,Satuba - AL,9324,População residente estimada,2024,25000,population_estimate,25000.0
2708956,Senador Rui Palmeira - AL,9324,População residente estimada,2024,12549,population_estimate,12549.0
2709004,Tanque d'Arca - AL,9324,População residente estimada,2024,5909,population_estimate,5909.0
2709103,Taquarana - AL,9324,População residente estimada,2024,19422,population_estimate,19422.0
2709152,Teotônio Vilela - AL,9324,População residente estimada,2024,39161,population_estimate,39161.0
2709202,Traipu - AL,9324,População residente estimada,2024,24124,population_estimate,24124.0
2709301,União dos Palmares - AL,9324,População residente estimada,2024,60874,population_estimate,60874.0
2709400,Viçosa - AL,9324,População residente estimada,2024,24423,population_estimate,24423.0
2800100,Amparo do São Francisco - SE,9324,População residente estimada,2024,2206,population_estimate,2206.0
2800209,Aquidabã - SE,9324,População residente estimada,2024,20542,population_estimate,20542.0
2800308,Aracaju - SE,9324,População residente estimada,2024,628849,population_estimate,628849.0
2800407,Arauá - SE,9324,População residente estimada,2024,10483,population_estimate,10483.0
2800506,Areia Branca - SE,9324,População residente estimada,2024,18560,population_estimate,18560.0
2800605,Barra dos Coqueiros - SE,9324,População residente estimada,2024,44384,population_estimate,44384.0
2800670,Boquim - SE,9324,População residente estimada,2024,25038,population_estimate,25038.0
2800704,Brejo Grande - SE,9324,População residente estimada,2024,8016,population_estimate,8016.0
2801009,Campo do Brito - SE,9324,População residente estimada,2024,18646,population_estimate,18646.0
2801108,Canhoba - SE,9324,População residente estimada,2024,3855,population_estimate,3855.0
2801207,Canindé de São Francisco - SE,9324,População residente estimada,2024,33491,population_estimate,33491.0
2801306,Capela - SE,9324,População residente estimada,2024,32716,population_estimate,32716.0
2801405,Carira - SE,9324,População residente estimada,2024,20315,population_estimate,20315.0
2801504,Carmópolis - SE,9324,População residente estimada,2024,14179,population_estimate,14179.0
2801603,Cedro de São João - SE,9324,População residente estimada,2024,5482,population_estimate,5482.0
2801702,Cristinápolis - SE,9324,População residente estimada,2024,17539,population_estimate,17539.0
2801900,Cumbe - SE,9324,População residente estimada,2024,3906,population_estimate,3906.0
2802007,Divina Pastora - SE,9324,População residente estimada,2024,4433,population_estimate,4433.0
2802106,Estância - SE,9324,População residente estimada,2024,66978,population_estimate,66978.0
2802205,Feira Nova - SE,9324,População residente estimada,2024,6207,population_estimate,6207.0
2802304,Frei Paulo - SE,9324,População residente estimada,2024,14884,population_estimate,14884.0
2802403,Gararu - SE,9324,População residente estimada,2024,11301,population_estimate,11301.0
2802502,General Maynard - SE,9324,População residente estimada,2024,3111,population_estimate,3111.0
2802601,Graccho Cardoso - SE,9324,População residente estimada,2024,5979,population_estimate,5979.0
2802700,Ilha das Flores - SE,9324,População residente estimada,2024,8495,population_estimate,8495.0
2802809,Indiaroba - SE,9324,População residente estimada,2024,16949,population_estimate,16949.0
2802908,Itabaiana - SE,9324,População residente estimada,2024,108408,population_estimate,108408.0
2803005,Itabaianinha - SE,9324,População residente estimada,2024,42114,population_estimate,42114.0
2803104,Itabi - SE,9324,População residente estimada,2024,4823,population_estimate,4823.0
2803203,Itaporanga d'Ajuda - SE,9324,População residente estimada,2024,35863,population_estimate,35863.0
2803302,Japaratuba - SE,9324,População residente estimada,2024,16472,population_estimate,16472.0
2803401,Japoatã - SE,9324,População residente estimada,2024,13707,population_estimate,13707.0
2803500,Lagarto - SE,9324,População residente estimada,2024,105558,population_estimate,105558.0
2803609,Laranjeiras - SE,9324,População residente estimada,2024,24170,population_estimate,24170.0
2803708,Macambira - SE,9324,População residente estimada,2024,7024,population_estimate,7024.0
2803807,Malhada dos Bois - SE,9324,População residente estimada,2024,3666,population_estimate,3666.0
2803906,Malhador - SE,9324,População residente estimada,2024,11728,population_estimate,11728.0
2804003,Maruim - SE,9324,População residente estimada,2024,15975,population_estimate,15975.0
2804102,Moita Bonita - SE,9324,População residente estimada,2024,11288,population_estimate,11288.0
2804201,Monte Alegre de Sergipe - SE,9324,População residente estimada,2024,14732,population_estimate,14732.0
2804300,Muribeca - SE,9324,População residente estimada,2024,8033,population_estimate,8033.0
2804409,Neópolis - SE,9324,População residente estimada,2024,16558,population_estimate,16558.0
2804458,Nossa Senhora Aparecida - SE,9324,População residente estimada,2024,9496,population_estimate,9496.0
2804508,Nossa Senhora da Glória - SE,9324,População residente estimada,2024,43255,population_estimate,43255.0
2804607,Nossa Senhora das Dores - SE,9324,População residente estimada,2024,25537,population_estimate,25537.0
2804706,Nossa Senhora de Lourdes - SE,9324,População residente estimada,2024,6404,population_estimate,6404.0
2804805,Nossa Senhora do Socorro - SE,9324,População residente estimada,2024,202450,population_estimate,202450.0
2804904,Pacatuba - SE,9324,População residente estimada,2024,12709,population_estimate,12709.0
2805000,Pedra Mole - SE,9324,População residente estimada,2024,2818,population_estimate,2818.0
2805109,Pedrinhas - SE,9324,População residente estimada,2024,7416,population_estimate,7416.0
2805208,Pinhão - SE,9324,População residente estimada,2024,5769,population_estimate,5769.0
2805307,Pirambu - SE,9324,População residente estimada,2024,8037,population_estimate,8037.0
2805406,Poço Redondo - SE,9324,População residente estimada,2024,29117,population_estimate,29117.0
2805505,Poço Verde - SE,9324,População residente estimada,2024,22214,population_estimate,22214.0
2805604,Porto da Folha - SE,9324,População residente estimada,2024,27350,population_estimate,27350.0
2805703,Propriá - SE,9324,População residente estimada,2024,27273,population_estimate,27273.0
2805802,Riachão do Dantas - SE,9324,População residente estimada,2024,18579,population_estimate,18579.0
2805901,Riachuelo - SE,9324,População residente estimada,2024,8875,population_estimate,8875.0
2806008,Ribeirópolis - SE,9324,População residente estimada,2024,17362,population_estimate,17362.0
2806107,Rosário do Catete - SE,9324,População residente estimada,2024,9499,population_estimate,9499.0
2806206,Salgado - SE,9324,População residente estimada,2024,20772,population_estimate,20772.0
2806305,Santa Luzia do Itanhy - SE,9324,População residente estimada,2024,13965,population_estimate,13965.0
2806404,Santana do São Francisco - SE,9324,População residente estimada,2024,7530,population_estimate,7530.0
2806503,Santa Rosa de Lima - SE,9324,População residente estimada,2024,4038,population_estimate,4038.0
2806602,Santo Amaro das Brotas - SE,9324,População residente estimada,2024,11297,population_estimate,11297.0
2806701,São Cristóvão - SE,9324,População residente estimada,2024,100360,population_estimate,100360.0
2806800,São Domingos - SE,9324,População residente estimada,2024,10550,population_estimate,10550.0
2806909,São Francisco - SE,9324,População residente estimada,2024,3323,population_estimate,3323.0
2807006,São Miguel do Aleixo - SE,9324,População residente estimada,2024,3481,population_estimate,3481.0
2807105,Simão Dias - SE,9324,População residente estimada,2024,44285,population_estimate,44285.0
2807204,Siriri - SE,9324,População residente estimada,2024,7984,population_estimate,7984.0
2807303,Telha - SE,9324,População residente estimada,2024,3373,population_estimate,3373.0
2807402,Tobias Barreto - SE,9324,População residente estimada,2024,52613,population_estimate,52613.0
2807501,Tomar do Geru - SE,9324,População residente estimada,2024,12145,population_estimate,12145.0
2807600,Umbaúba - SE,9324,População residente estimada,2024,24538,population_estimate,24538.0
2900108,Abaíra - BA,9324,População residente estimada,2024,7452,population_estimate,7452.0
2900207,Abaré - BA,9324,População residente estimada,2024,18240,population_estimate,18240.0
2900306,Acajutiba - BA,9324,População residente estimada,2024,14215,population_estimate,14215.0
2900355,Adustina - BA,9324,População residente estimada,2024,14554,population_estimate,14554.0
2900405,Água Fria - BA,9324,População residente estimada,2024,14871,population_estimate,14871.0
2900504,Érico Cardoso - BA,9324,População residente estimada,2024,10948,population_estimate,10948.0
2900603,Aiquara - BA,9324,População residente estimada,2024,4586,population_estimate,4586.0
2900702,Alagoinhas - BA,9324,População residente estimada,2024,160662,population_estimate,160662.0
2900801,Alcobaça - BA,9324,População residente estimada,2024,25494,population_estimate,25494.0
2900900,Almadina - BA,9324,População residente estimada,2024,5327,population_estimate,5327.0
2901007,Amargosa - BA,9324,População residente estimada,2024,38478,population_estimate,38478.0
2901106,Amélia Rodrigues - BA,9324,População residente estimada,2024,24848,population_estimate,24848.0
2901155,América Dourada - BA,9324,População residente estimada,2024,15583,population_estimate,15583.0
2901205,Anagé - BA,9324,População residente estimada,2024,26715,population_estimate,26715.0
2901304,Andaraí - BA,9324,População residente estimada,2024,13531,population_estimate,13531.0
2901353,Andorinha - BA,9324,População residente estimada,2024,15485,population_estimate,15485.0
2901403,Angical - BA,9324,População residente estimada,2024,14178,population_estimate,14178.0
2901502,Anguera - BA,9324,População residente estimada,2024,11456,population_estimate,11456.0
2901601,Antas - BA,9324,População residente estimada,2024,15061,population_estimate,15061.0
2901700,Antônio Cardoso - BA,9324,População residente estimada,2024,11501,population_estimate,11501.0
2901809,Antônio Gonçalves - BA,9324,População residente estimada,2024,11236,population_estimate,11236.0
2901908,Aporá - BA,9324,População residente estimada,2024,16379,population_estimate,16379.0
2901957,Apuarema - BA,9324,População residente estimada,2024,7114,population_estimate,7114.0
2902005,Aracatu - BA,9324,População residente estimada,2024,14422,population_estimate,14422.0
2902054,Araçás - BA,9324,População residente estimada,2024,11946,population_estimate,11946.0
2902104,Araci - BA,9324,População residente estimada,2024,50336,population_estimate,50336.0
2902203,Aramari - BA,9324,População residente estimada,2024,10122,population_estimate,10122.0
2902252,Arataca - BA,9324,População residente estimada,2024,10463,population_estimate,10463.0
2902302,Aratuípe - BA,9324,População residente estimada,2024,8981,population_estimate,8981.0
2902401,Aurelino Leal - BA,9324,População residente estimada,2024,11409,population_estimate,11409.0
2902500,Baianópolis - BA,9324,População residente estimada,2024,14110,population_estimate,14110.0
2902609,Baixa Grande - BA,9324,População residente estimada,2024,18680,population_estimate,18680.0
2902658,Banzaê - BA,9324,População residente estimada,2024,12309,population_estimate,12309.0
2902708,Barra - BA,9324,População residente estimada,2024,53528,population_estimate,53528.0
2902807,Barra da Estiva - BA,9324,População residente estimada,2024,27582,population_estimate,27582.0
2902906,Barra do Choça - BA,9324,População residente estimada,2024,38481,population_estimate,38481.0
2903003,Barra do Mendes - BA,9324,População residente estimada,2024,14345,population_estimate,14345.0
2903102,Barra do Rocha - BA,9324,População residente estimada,2024,5920,population_estimate,5920.0
2903201,Barreiras - BA,9324,População residente estimada,2024,170667,population_estimate,170667.0
2903235,Barro Alto - BA,9324,População residente estimada,2024,13911,population_estimate,13911.0
2903276,Barrocas - BA,9324,População residente estimada,2024,15743,population_estimate,15743.0
2903300,Barro Preto - BA,9324,População residente estimada,2024,5966,population_estimate,5966.0
2903409,Belmonte - BA,9324,População residente estimada,2024,20567,population_estimate,20567.0
2903508,Belo Campo - BA,9324,População residente estimada,2024,19042,population_estimate,19042.0
2903607,Biritinga - BA,9324,População residente estimada,2024,15606,population_estimate,15606.0
2903706,Boa Nova - BA,9324,População residente estimada,2024,14052,population_estimate,14052.0
2903805,Boa Vista do Tupim - BA,9324,População residente estimada,2024,17307,population_estimate,17307.0
2903904,Bom Jesus da Lapa - BA,9324,População residente estimada,2024,68704,population_estimate,68704.0
2903953,Bom Jesus da Serra - BA,9324,População residente estimada,2024,10028,population_estimate,10028.0
2904001,Boninal - BA,9324,População residente estimada,2024,14104,population_estimate,14104.0
2904050,Bonito - BA,9324,População residente estimada,2024,16393,population_estimate,16393.0
2904100,Boquira - BA,9324,População residente estimada,2024,19829,population_estimate,19829.0
2904209,Botuporã - BA,9324,População residente estimada,2024,11411,population_estimate,11411.0
2904308,Brejões - BA,9324,População residente estimada,2024,13272,population_estimate,13272.0
2904407,Brejolândia - BA,9324,População residente estimada,2024,9377,population_estimate,9377.0
2904506,Brotas de Macaúbas - BA,9324,População residente estimada,2024,12169,population_estimate,12169.0
2904605,Brumado - BA,9324,População residente estimada,2024,74095,population_estimate,74095.0
2904704,Buerarema - BA,9324,População residente estimada,2024,15056,population_estimate,15056.0
2904753,Buritirama - BA,9324,População residente estimada,2024,20212,population_estimate,20212.0
2904803,Caatiba - BA,9324,População residente estimada,2024,6224,population_estimate,6224.0
2904852,Cabaceiras do Paraguaçu - BA,9324,População residente estimada,2024,17039,population_estimate,17039.0
2904902,Cachoeira - BA,9324,População residente estimada,2024,30550,population_estimate,30550.0
2905008,Caculé - BA,9324,População residente estimada,2024,23246,population_estimate,23246.0
2905107,Caém - BA,9324,População residente estimada,2024,10729,population_estimate,10729.0
2905156,Caetanos - BA,9324,População residente estimada,2024,11500,population_estimate,11500.0
2905206,Caetité - BA,9324,População residente estimada,2024,54572,population_estimate,54572.0
2905305,Cafarnaum - BA,9324,População residente estimada,2024,18039,population_estimate,18039.0
2905404,Cairu - BA,9324,População residente estimada,2024,18486,population_estimate,18486.0
2905503,Caldeirão Grande - BA,9324,População residente estimada,2024,13566,population_estimate,13566.0
2905602,Camacan - BA,9324,População residente estimada,2024,22756,population_estimate,22756.0
2905701,Camaçari - BA,9324,População residente estimada,2024,319394,population_estimate,319394.0
2905800,Camamu - BA,9324,População residente estimada,2024,31775,population_estimate,31775.0
2905909,Campo Alegre de Lourdes - BA,9324,População residente estimada,2024,32377,population_estimate,32377.0
2906006,Campo Formoso - BA,9324,População residente estimada,2024,74894,population_estimate,74894.0
2906105,Canápolis - BA,9324,População residente estimada,2024,10612,population_estimate,10612.0
2906204,Canarana - BA,9324,População residente estimada,2024,24989,population_estimate,24989.0
2906303,Canavieiras - BA,9324,População residente estimada,2024,34343,population_estimate,34343.0
2906402,Candeal - BA,9324,População residente estimada,2024,7969,population_estimate,7969.0
2906501,Candeias - BA,9324,População residente estimada,2024,75083,population_estimate,75083.0
2906600,Candiba - BA,9324,População residente estimada,2024,13425,population_estimate,13425.0
2906709,Cândido Sales - BA,9324,População residente estimada,2024,26465,population_estimate,26465.0
2906808,Cansanção - BA,9324,População residente estimada,2024,39556,population_estimate,39556.0
2906824,Canudos - BA,9324,População residente estimada,2024,16662,population_estimate,16662.0
2906857,Capela do Alto Alegre - BA,9324,População residente estimada,2024,11055,population_estimate,11055.0
2906873,Capim Grosso - BA,9324,População residente estimada,2024,35228,population_estimate,35228.0
2906899,Caraíbas - BA,9324,População residente estimada,2024,10260,population_estimate,10260.0
2906907,Caravelas - BA,9324,População residente estimada,2024,21229,population_estimate,21229.0
2907004,Cardeal da Silva - BA,9324,População residente estimada,2024,8634,population_estimate,8634.0
2907103,Carinhanha - BA,9324,População residente estimada,2024,30375,population_estimate,30375.0
2907202,Casa Nova - BA,9324,População residente estimada,2024,75815,population_estimate,75815.0
2907301,Castro Alves - BA,9324,População residente estimada,2024,25471,population_estimate,25471.0
2907400,Catolândia - BA,9324,População residente estimada,2024,3560,population_estimate,3560.0
2907509,Catu - BA,9324,População residente estimada,2024,50153,population_estimate,50153.0
2907558,Caturama - BA,9324,População residente estimada,2024,9115,population_estimate,9115.0
2907608,Central - BA,9324,População residente estimada,2024,16849,population_estimate,16849.0
2907707,Chorrochó - BA,9324,População residente estimada,2024,10929,population_estimate,10929.0
2907806,Cícero Dantas - BA,9324,População residente estimada,2024,32268,population_estimate,32268.0
2907905,Cipó - BA,9324,População residente estimada,2024,17836,population_estimate,17836.0
2908002,Coaraci - BA,9324,População residente estimada,2024,17663,population_estimate,17663.0
2908101,Cocos - BA,9324,População residente estimada,2024,19817,population_estimate,19817.0
2908200,Conceição da Feira - BA,9324,População residente estimada,2024,21499,population_estimate,21499.0
2908309,Conceição do Almeida - BA,9324,População residente estimada,2024,16184,population_estimate,16184.0
2908408,Conceição do Coité - BA,9324,População residente estimada,2024,71316,population_estimate,71316.0
2908507,Conceição do Jacuípe - BA,9324,População residente estimada,2024,37409,population_estimate,37409.0
2908606,Conde - BA,9324,População residente estimada,2024,24434,population_estimate,24434.0
2908705,Condeúba - BA,9324,População residente estimada,2024,17571,population_estimate,17571.0
2908804,Contendas do Sincorá - BA,9324,População residente estimada,2024,4490,population_estimate,4490.0
2908903,Coração de Maria - BA,9324,População residente estimada,2024,28258,population_estimate,28258.0
2909000,Cordeiros - BA,9324,População residente estimada,2024,7763,population_estimate,7763.0
2909109,Coribe - BA,9324,População residente estimada,2024,14464,population_estimate,14464.0
2909208,Coronel João Sá - BA,9324,População residente estimada,2024,17593,population_estimate,17593.0
2909307,Correntina - BA,9324,População residente estimada,2024,34179,population_estimate,34179.0
2909406,Cotegipe - BA,9324,População residente estimada,2024,13472,population_estimate,13472.0
2909505,Cravolândia - BA,9324,População residente estimada,2024,4514,population_estimate,4514.0
2909604,Crisópolis - BA,9324,População residente estimada,2024,20343,population_estimate,20343.0
2909703,Cristópolis - BA,9324,População residente estimada,2024,14514,population_estimate,14514.0
2909802,Cruz das Almas - BA,9324,População residente estimada,2024,63203,population_estimate,63203.0
2909901,Curaçá - BA,9324,População residente estimada,2024,36021,population_estimate,36021.0
2910008,Dário Meira - BA,9324,População residente estimada,2024,11094,population_estimate,11094.0
2910057,Dias d'Ávila - BA,9324,População residente estimada,2024,75053,population_estimate,75053.0
2910107,Dom Basílio - BA,9324,População residente estimada,2024,12309,population_estimate,12309.0
2910206,Dom Macedo Costa - BA,9324,População residente estimada,2024,4588,population_estimate,4588.0
2910305,Elísio Medrado - BA,9324,População residente estimada,2024,8066,population_estimate,8066.0
2910404,Encruzilhada - BA,9324,População residente estimada,2024,19535,population_estimate,19535.0
2910503,Entre Rios - BA,9324,População residente estimada,2024,39902,population_estimate,39902.0
2910602,Esplanada - BA,9324,População residente estimada,2024,34146,population_estimate,34146.0
2910701,Euclides da Cunha - BA,9324,População residente estimada,2024,64547,population_estimate,64547.0
2910727,Eunápolis - BA,9324,População residente estimada,2024,120515,population_estimate,120515.0
2910750,Fátima - BA,9324,População residente estimada,2024,18469,population_estimate,18469.0
2910776,Feira da Mata - BA,9324,População residente estimada,2024,5825,population_estimate,5825.0
2910800,Feira de Santana - BA,9324,População residente estimada,2024,657948,population_estimate,657948.0
2910859,Filadélfia - BA,9324,População residente estimada,2024,18573,population_estimate,18573.0
2910909,Firmino Alves - BA,9324,População residente estimada,2024,5006,population_estimate,5006.0
2911006,Floresta Azul - BA,9324,População residente estimada,2024,11442,population_estimate,11442.0
2911105,Formosa do Rio Preto - BA,9324,População residente estimada,2024,27421,population_estimate,27421.0
2911204,Gandu - BA,9324,População residente estimada,2024,33938,population_estimate,33938.0
2911253,Gavião - BA,9324,População residente estimada,2024,4493,population_estimate,4493.0
2911303,Gentio do Ouro - BA,9324,População residente estimada,2024,11263,population_estimate,11263.0
2911402,Glória - BA,9324,População residente estimada,2024,16072,population_estimate,16072.0
2911501,Gongogi - BA,9324,População residente estimada,2024,5567,population_estimate,5567.0
2911600,Governador Mangabeira - BA,9324,População residente estimada,2024,21314,population_estimate,21314.0
2911659,Guajeru - BA,9324,População residente estimada,2024,8225,population_estimate,8225.0
2911709,Guanambi - BA,9324,População residente estimada,2024,93065,population_estimate,93065.0
2911808,Guaratinga - BA,9324,População residente estimada,2024,19490,population_estimate,19490.0
2911857,Heliópolis - BA,9324,População residente estimada,2024,13074,population_estimate,13074.0
2911907,Iaçu - BA,9324,População residente estimada,2024,25333,population_estimate,25333.0
2912004,Ibiassucê - BA,9324,População residente estimada,2024,10754,population_estimate,10754.0
2912103,Ibicaraí - BA,9324,População residente estimada,2024,22200,population_estimate,22200.0
2912202,Ibicoara - BA,9324,População residente estimada,2024,21690,population_estimate,21690.0
2912301,Ibicuí - BA,9324,População residente estimada,2024,14306,population_estimate,14306.0
2912400,Ibipeba - BA,9324,População residente estimada,2024,17128,population_estimate,17128.0
2912509,Ibipitanga - BA,9324,População residente estimada,2024,14316,population_estimate,14316.0
2912608,Ibiquera - BA,9324,População residente estimada,2024,3837,population_estimate,3837.0
2912707,Ibirapitanga - BA,9324,População residente estimada,2024,26794,population_estimate,26794.0
2912806,Ibirapuã - BA,9324,População residente estimada,2024,9259,population_estimate,9259.0
2912905,Ibirataia - BA,9324,População residente estimada,2024,19375,population_estimate,19375.0
2913002,Ibitiara - BA,9324,População residente estimada,2024,15062,population_estimate,15062.0
2913101,Ibititá - BA,9324,População residente estimada,2024,17509,population_estimate,17509.0
2913200,Ibotirama - BA,9324,População residente estimada,2024,27670,population_estimate,27670.0
2913309,Ichu - BA,9324,População residente estimada,2024,6415,population_estimate,6415.0
2913408,Igaporã - BA,9324,População residente estimada,2024,16047,population_estimate,16047.0
2913457,Igrapiúna - BA,9324,População residente estimada,2024,13528,population_estimate,13528.0
2913507,Iguaí - BA,9324,População residente estimada,2024,21897,population_estimate,21897.0
2913606,Ilhéus - BA,9324,População residente estimada,2024,189028,population_estimate,189028.0
2913705,Inhambupe - BA,9324,População residente estimada,2024,35397,population_estimate,35397.0
2913804,Ipecaetá - BA,9324,População residente estimada,2024,14064,population_estimate,14064.0
2913903,Ipiaú - BA,9324,População residente estimada,2024,42507,population_estimate,42507.0
2914000,Ipirá - BA,9324,População residente estimada,2024,59264,population_estimate,59264.0
2914109,Ipupiara - BA,9324,População residente estimada,2024,10318,population_estimate,10318.0
2914208,Irajuba - BA,9324,População residente estimada,2024,6255,population_estimate,6255.0
2914307,Iramaia - BA,9324,População residente estimada,2024,11060,population_estimate,11060.0
2914406,Iraquara - BA,9324,População residente estimada,2024,24759,population_estimate,24759.0
2914505,Irará - BA,9324,População residente estimada,2024,29509,population_estimate,29509.0
2914604,Irecê - BA,9324,População residente estimada,2024,78425,population_estimate,78425.0
2914653,Itabela - BA,9324,População residente estimada,2024,29563,population_estimate,29563.0
2914703,Itaberaba - BA,9324,População residente estimada,2024,68244,population_estimate,68244.0
2914802,Itabuna - BA,9324,População residente estimada,2024,196676,population_estimate,196676.0
2914901,Itacaré - BA,9324,População residente estimada,2024,29337,population_estimate,29337.0
2915007,Itaeté - BA,9324,População residente estimada,2024,13822,population_estimate,13822.0
2915106,Itagi - BA,9324,População residente estimada,2024,14314,population_estimate,14314.0
2915205,Itagibá - BA,9324,População residente estimada,2024,15792,population_estimate,15792.0
2915304,Itagimirim - BA,9324,População residente estimada,2024,6512,population_estimate,6512.0
2915353,Itaguaçu da Bahia - BA,9324,População residente estimada,2024,12683,population_estimate,12683.0
2915403,Itaju do Colônia - BA,9324,População residente estimada,2024,6157,population_estimate,6157.0
2915502,Itajuípe - BA,9324,População residente estimada,2024,19249,population_estimate,19249.0
2915601,Itamaraju - BA,9324,População residente estimada,2024,62065,population_estimate,62065.0
2915700,Itamari - BA,9324,População residente estimada,2024,7219,population_estimate,7219.0
2915809,Itambé - BA,9324,População residente estimada,2024,25108,population_estimate,25108.0
2915908,Itanagra - BA,9324,População residente estimada,2024,6087,population_estimate,6087.0
2916005,Itanhém - BA,9324,População residente estimada,2024,18258,population_estimate,18258.0
2916104,Itaparica - BA,9324,População residente estimada,2024,20369,population_estimate,20369.0
2916203,Itapé - BA,9324,População residente estimada,2024,10658,population_estimate,10658.0
2916302,Itapebi - BA,9324,População residente estimada,2024,9501,population_estimate,9501.0
2916401,Itapetinga - BA,9324,População residente estimada,2024,68735,population_estimate,68735.0
2916500,Itapicuru - BA,9324,População residente estimada,2024,33254,population_estimate,33254.0
2916609,Itapitanga - BA,9324,População residente estimada,2024,10630,population_estimate,10630.0
2916708,Itaquara - BA,9324,População residente estimada,2024,8448,population_estimate,8448.0
2916807,Itarantim - BA,9324,População residente estimada,2024,17517,population_estimate,17517.0
2916856,Itatim - BA,9324,População residente estimada,2024,16375,population_estimate,16375.0
2916906,Itiruçu - BA,9324,População residente estimada,2024,11261,population_estimate,11261.0
2917003,Itiúba - BA,9324,População residente estimada,2024,35491,population_estimate,35491.0
2917102,Itororó - BA,9324,População residente estimada,2024,16945,population_estimate,16945.0
2917201,Ituaçu - BA,9324,População residente estimada,2024,18493,population_estimate,18493.0
2917300,Ituberá - BA,9324,População residente estimada,2024,22299,population_estimate,22299.0
2917334,Iuiu - BA,9324,População residente estimada,2024,11532,population_estimate,11532.0
2917359,Jaborandi - BA,9324,População residente estimada,2024,9592,population_estimate,9592.0
2917409,Jacaraci - BA,9324,População residente estimada,2024,14901,population_estimate,14901.0
2917508,Jacobina - BA,9324,População residente estimada,2024,86649,population_estimate,86649.0
2917607,Jaguaquara - BA,9324,População residente estimada,2024,47738,population_estimate,47738.0
2917706,Jaguarari - BA,9324,População residente estimada,2024,34440,population_estimate,34440.0
2917805,Jaguaripe - BA,9324,População residente estimada,2024,18300,population_estimate,18300.0
2917904,Jandaíra - BA,9324,População residente estimada,2024,9535,population_estimate,9535.0
2918001,Jequié - BA,9324,População residente estimada,2024,168733,population_estimate,168733.0
2918100,Jeremoabo - BA,9324,População residente estimada,2024,39501,population_estimate,39501.0
2918209,Jiquiriçá - BA,9324,População residente estimada,2024,14066,population_estimate,14066.0
2918308,Jitaúna - BA,9324,População residente estimada,2024,14815,population_estimate,14815.0
2918357,João Dourado - BA,9324,População residente estimada,2024,25799,population_estimate,25799.0
2918407,Juazeiro - BA,9324,População residente estimada,2024,254481,population_estimate,254481.0
2918456,Jucuruçu - BA,9324,População residente estimada,2024,9944,population_estimate,9944.0
2918506,Jussara - BA,9324,População residente estimada,2024,16956,population_estimate,16956.0
2918555,Jussari - BA,9324,População residente estimada,2024,6059,population_estimate,6059.0
2918605,Jussiape - BA,9324,População residente estimada,2024,7585,population_estimate,7585.0
2918704,Lafaiete Coutinho - BA,9324,População residente estimada,2024,4221,population_estimate,4221.0
2918753,Lagoa Real - BA,9324,População residente estimada,2024,14546,population_estimate,14546.0
2918803,Laje - BA,9324,População residente estimada,2024,21704,population_estimate,21704.0
2918902,Lajedão - BA,9324,População residente estimada,2024,3986,population_estimate,3986.0
2919009,Lajedinho - BA,9324,População residente estimada,2024,3621,population_estimate,3621.0
2919058,Lajedo do Tabocal - BA,9324,População residente estimada,2024,7702,population_estimate,7702.0
2919108,Lamarão - BA,9324,População residente estimada,2024,9305,population_estimate,9305.0
2919157,Lapão - BA,9324,População residente estimada,2024,26998,population_estimate,26998.0
2919207,Lauro de Freitas - BA,9324,População residente estimada,2024,217960,population_estimate,217960.0
2919306,Lençóis - BA,9324,População residente estimada,2024,11170,population_estimate,11170.0
2919405,Licínio de Almeida - BA,9324,População residente estimada,2024,12208,population_estimate,12208.0
2919504,Livramento de Nossa Senhora - BA,9324,População residente estimada,2024,46249,population_estimate,46249.0
2919553,Luís Eduardo Magalhães - BA,9324,População residente estimada,2024,116662,population_estimate,116662.0
2919603,Macajuba - BA,9324,População residente estimada,2024,10758,population_estimate,10758.0
2919702,Macarani - BA,9324,População residente estimada,2024,22596,population_estimate,22596.0
2919801,Macaúbas - BA,9324,População residente estimada,2024,43725,population_estimate,43725.0
2919900,Macururé - BA,9324,População residente estimada,2024,7455,population_estimate,7455.0
2919926,Madre de Deus - BA,9324,População residente estimada,2024,19173,population_estimate,19173.0
2919959,Maetinga - BA,9324,População residente estimada,2024,7212,population_estimate,7212.0
2920007,Maiquinique - BA,9324,População residente estimada,2024,9011,population_estimate,9011.0
2920106,Mairi - BA,9324,População residente estimada,2024,18161,population_estimate,18161.0
2920205,Malhada - BA,9324,População residente estimada,2024,15834,population_estimate,15834.0
2920304,Malhada de Pedras - BA,9324,População residente estimada,2024,8972,population_estimate,8972.0
2920403,Manoel Vitorino - BA,9324,População residente estimada,2024,14295,population_estimate,14295.0
2920452,Mansidão - BA,9324,População residente estimada,2024,14484,population_estimate,14484.0
2920502,Maracás - BA,9324,População residente estimada,2024,29197,population_estimate,29197.0
2920601,Maragogipe - BA,9324,População residente estimada,2024,37225,population_estimate,37225.0
2920700,Maraú - BA,9324,População residente estimada,2024,25626,population_estimate,25626.0
2920809,Marcionílio Souza - BA,9324,População residente estimada,2024,9507,population_estimate,9507.0
2920908,Mascote - BA,9324,População residente estimada,2024,13941,population_estimate,13941.0
2921005,Mata de São João - BA,9324,População residente estimada,2024,44839,population_estimate,44839.0
2921054,Matina - BA,9324,População residente estimada,2024,10629,population_estimate,10629.0
2921104,Medeiros Neto - BA,9324,População residente estimada,2024,22925,population_estimate,22925.0
2921203,Miguel Calmon - BA,9324,População residente estimada,2024,25317,population_estimate,25317.0
2921302,Milagres - BA,9324,População residente estimada,2024,11434,population_estimate,11434.0
2921401,Mirangaba - BA,9324,População residente estimada,2024,16185,population_estimate,16185.0
2921450,Mirante - BA,9324,População residente estimada,2024,10523,population_estimate,10523.0
2921500,Monte Santo - BA,9324,População residente estimada,2024,49823,population_estimate,49823.0
2921609,Morpará - BA,9324,População residente estimada,2024,8232,population_estimate,8232.0
2921708,Morro do Chapéu - BA,9324,População residente estimada,2024,35224,population_estimate,35224.0
2921807,Mortugaba - BA,9324,População residente estimada,2024,11487,population_estimate,11487.0
2921906,Mucugê - BA,9324,População residente estimada,2024,12650,population_estimate,12650.0
2922003,Mucuri - BA,9324,População residente estimada,2024,40005,population_estimate,40005.0
2922052,Mulungu do Morro - BA,9324,População residente estimada,2024,13625,population_estimate,13625.0
2922102,Mundo Novo - BA,9324,População residente estimada,2024,17417,population_estimate,17417.0
2922201,Muniz Ferreira - BA,9324,População residente estimada,2024,7443,population_estimate,7443.0
2922250,Muquém do São Francisco - BA,9324,População residente estimada,2024,10796,population_estimate,10796.0
2922300,Muritiba - BA,9324,População residente estimada,2024,30146,population_estimate,30146.0
2922409,Mutuípe - BA,9324,População residente estimada,2024,20612,population_estimate,20612.0
2922508,Nazaré - BA,9324,População residente estimada,2024,28403,population_estimate,28403.0
2922607,Nilo Peçanha - BA,9324,População residente estimada,2024,12418,population_estimate,12418.0
2922656,Nordestina - BA,9324,População residente estimada,2024,19500,population_estimate,19500.0
2922706,Nova Canaã - BA,9324,População residente estimada,2024,14035,population_estimate,14035.0
2922730,Nova Fátima - BA,9324,População residente estimada,2024,8264,population_estimate,8264.0
2922755,Nova Ibiá - BA,9324,População residente estimada,2024,6701,population_estimate,6701.0
2922805,Nova Itarana - BA,9324,População residente estimada,2024,8059,population_estimate,8059.0
2922854,Nova Redenção - BA,9324,População residente estimada,2024,7708,population_estimate,7708.0
2922904,Nova Soure - BA,9324,População residente estimada,2024,24906,population_estimate,24906.0
2923001,Nova Viçosa - BA,9324,População residente estimada,2024,41551,population_estimate,41551.0
2923035,Novo Horizonte - BA,9324,População residente estimada,2024,11565,population_estimate,11565.0
2923050,Novo Triunfo - BA,9324,População residente estimada,2024,11197,population_estimate,11197.0
2923100,Olindina - BA,9324,População residente estimada,2024,23085,population_estimate,23085.0
2923209,Oliveira dos Brejinhos - BA,9324,População residente estimada,2024,21334,population_estimate,21334.0
2923308,Ouriçangas - BA,9324,População residente estimada,2024,7939,population_estimate,7939.0
2923357,Ourolândia - BA,9324,População residente estimada,2024,20037,population_estimate,20037.0
2923407,Palmas de Monte Alto - BA,9324,População residente estimada,2024,20677,population_estimate,20677.0
2923506,Palmeiras - BA,9324,População residente estimada,2024,10819,population_estimate,10819.0
2923605,Paramirim - BA,9324,População residente estimada,2024,21009,population_estimate,21009.0
2923704,Paratinga - BA,9324,População residente estimada,2024,30671,population_estimate,30671.0
2923803,Paripiranga - BA,9324,População residente estimada,2024,27866,population_estimate,27866.0
2923902,Pau Brasil - BA,9324,População residente estimada,2024,9584,population_estimate,9584.0
2924009,Paulo Afonso - BA,9324,População residente estimada,2024,119128,population_estimate,119128.0
2924058,Pé de Serra - BA,9324,População residente estimada,2024,13675,population_estimate,13675.0
2924108,Pedrão - BA,9324,População residente estimada,2024,6415,population_estimate,6415.0
2924207,Pedro Alexandre - BA,9324,População residente estimada,2024,14288,population_estimate,14288.0
2924306,Piatã - BA,9324,População residente estimada,2024,20859,population_estimate,20859.0
2924405,Pilão Arcado - BA,9324,População residente estimada,2024,37272,population_estimate,37272.0
2924504,Pindaí - BA,9324,População residente estimada,2024,15146,population_estimate,15146.0
2924603,Pindobaçu - BA,9324,População residente estimada,2024,19625,population_estimate,19625.0
2924652,Pintadas - BA,9324,População residente estimada,2024,10656,population_estimate,10656.0
2924678,Piraí do Norte - BA,9324,População residente estimada,2024,11429,population_estimate,11429.0
2924702,Piripá - BA,9324,População residente estimada,2024,9255,population_estimate,9255.0
2924801,Piritiba - BA,9324,População residente estimada,2024,17838,population_estimate,17838.0
2924900,Planaltino - BA,9324,População residente estimada,2024,8254,population_estimate,8254.0
2925006,Planalto - BA,9324,População residente estimada,2024,24036,population_estimate,24036.0
2925105,Poções - BA,9324,População residente estimada,2024,50642,population_estimate,50642.0
2925204,Pojuca - BA,9324,População residente estimada,2024,33608,population_estimate,33608.0
2925253,Ponto Novo - BA,9324,População residente estimada,2024,18670,population_estimate,18670.0
2925303,Porto Seguro - BA,9324,População residente estimada,2024,181007,population_estimate,181007.0
2925402,Potiraguá - BA,9324,População residente estimada,2024,10636,population_estimate,10636.0
2925501,Prado - BA,9324,População residente estimada,2024,37241,population_estimate,37241.0
2925600,Presidente Dutra - BA,9324,População residente estimada,2024,15650,population_estimate,15650.0
2925709,Presidente Jânio Quadros - BA,9324,População residente estimada,2024,12986,population_estimate,12986.0
2925758,Presidente Tancredo Neves - BA,9324,População residente estimada,2024,29343,population_estimate,29343.0
2925808,Queimadas - BA,9324,População residente estimada,2024,27362,population_estimate,27362.0
2925907,Quijingue - BA,9324,População residente estimada,2024,26457,population_estimate,26457.0
2925931,Quixabeira - BA,9324,População residente estimada,2024,9815,population_estimate,9815.0
2925956,Rafael Jambeiro - BA,9324,População residente estimada,2024,20146,population_estimate,20146.0
2926004,Remanso - BA,9324,População residente estimada,2024,42746,population_estimate,42746.0
2926103,Retirolândia - BA,9324,População residente estimada,2024,14147,population_estimate,14147.0
2926202,Riachão das Neves - BA,9324,População residente estimada,2024,22323,population_estimate,22323.0
2926301,Riachão do Jacuípe - BA,9324,População residente estimada,2024,35118,population_estimate,35118.0
2926400,Riacho de Santana - BA,9324,População residente estimada,2024,32103,population_estimate,32103.0
2926509,Ribeira do Amparo - BA,9324,População residente estimada,2024,14525,population_estimate,14525.0
2926608,Ribeira do Pombal - BA,9324,População residente estimada,2024,56170,population_estimate,56170.0
2926657,Ribeirão do Largo - BA,9324,População residente estimada,2024,10039,population_estimate,10039.0
2926707,Rio de Contas - BA,9324,População residente estimada,2024,13627,population_estimate,13627.0
2926806,Rio do Antônio - BA,9324,População residente estimada,2024,13520,population_estimate,13520.0
2926905,Rio do Pires - BA,9324,População residente estimada,2024,10801,population_estimate,10801.0
2927002,Rio Real - BA,9324,População residente estimada,2024,36997,population_estimate,36997.0
2927101,Rodelas - BA,9324,População residente estimada,2024,10801,population_estimate,10801.0
2927200,Ruy Barbosa - BA,9324,População residente estimada,2024,29606,population_estimate,29606.0
2927309,Salinas da Margarida - BA,9324,População residente estimada,2024,15568,population_estimate,15568.0
2927408,Salvador - BA,9324,População residente estimada,2024,2568928,population_estimate,2568928.0
2927507,Santa Bárbara - BA,9324,População residente estimada,2024,21723,population_estimate,21723.0
2927606,Santa Brígida - BA,9324,População residente estimada,2024,15421,population_estimate,15421.0
2927705,Santa Cruz Cabrália - BA,9324,População residente estimada,2024,30862,population_estimate,30862.0
2927804,Santa Cruz da Vitória - BA,9324,População residente estimada,2024,4721,population_estimate,4721.0
2927903,Santa Inês - BA,9324,População residente estimada,2024,10628,population_estimate,10628.0
2928000,Santaluz - BA,9324,População residente estimada,2024,39922,population_estimate,39922.0
2928059,Santa Luzia - BA,9324,População residente estimada,2024,14377,population_estimate,14377.0
2928109,Santa Maria da Vitória - BA,9324,População residente estimada,2024,40467,population_estimate,40467.0
2928208,Santana - BA,9324,População residente estimada,2024,25520,population_estimate,25520.0
2928307,Santanópolis - BA,9324,População residente estimada,2024,9023,population_estimate,9023.0
2928406,Santa Rita de Cássia - BA,9324,População residente estimada,2024,28826,population_estimate,28826.0
2928505,Santa Terezinha - BA,9324,População residente estimada,2024,10847,population_estimate,10847.0
2928604,Santo Amaro - BA,9324,População residente estimada,2024,58413,population_estimate,58413.0
2928703,Santo Antônio de Jesus - BA,9324,População residente estimada,2024,109267,population_estimate,109267.0
2928802,Santo Estêvão - BA,9324,População residente estimada,2024,54940,population_estimate,54940.0
2928901,São Desidério - BA,9324,População residente estimada,2024,34783,population_estimate,34783.0
2928950,São Domingos - BA,9324,População residente estimada,2024,8693,population_estimate,8693.0
2929008,São Félix - BA,9324,População residente estimada,2024,11198,population_estimate,11198.0
2929057,São Félix do Coribe - BA,9324,População residente estimada,2024,15740,population_estimate,15740.0
2929107,São Felipe - BA,9324,População residente estimada,2024,20918,population_estimate,20918.0
2929206,São Francisco do Conde - BA,9324,População residente estimada,2024,40932,population_estimate,40932.0
2929255,São Gabriel - BA,9324,População residente estimada,2024,19210,population_estimate,19210.0
2929305,São Gonçalo dos Campos - BA,9324,População residente estimada,2024,41909,population_estimate,41909.0
2929354,São José da Vitória - BA,9324,População residente estimada,2024,5451,population_estimate,5451.0
2929370,São José do Jacuípe - BA,9324,População residente estimada,2024,10556,population_estimate,10556.0
2929404,São Miguel das Matas - BA,9324,População residente estimada,2024,10634,population_estimate,10634.0
2929503,São Sebastião do Passé - BA,9324,População residente estimada,2024,42936,population_estimate,42936.0
2929602,Sapeaçu - BA,9324,População residente estimada,2024,18609,population_estimate,18609.0
2929701,Sátiro Dias - BA,9324,População residente estimada,2024,16485,population_estimate,16485.0
2929750,Saubara - BA,9324,População residente estimada,2024,11842,population_estimate,11842.0
2929800,Saúde - BA,9324,População residente estimada,2024,10715,population_estimate,10715.0
2929909,Seabra - BA,9324,População residente estimada,2024,48530,population_estimate,48530.0
2930006,Sebastião Laranjeiras - BA,9324,População residente estimada,2024,9610,population_estimate,9610.0
2930105,Senhor do Bonfim - BA,9324,População residente estimada,2024,77976,population_estimate,77976.0
2930154,Serra do Ramalho - BA,9324,População residente estimada,2024,36119,population_estimate,36119.0
2930204,Sento Sé - BA,9324,População residente estimada,2024,40147,population_estimate,40147.0
2930303,Serra Dourada - BA,9324,População residente estimada,2024,17580,population_estimate,17580.0
2930402,Serra Preta - BA,9324,População residente estimada,2024,18685,population_estimate,18685.0
2930501,Serrinha - BA,9324,População residente estimada,2024,84428,population_estimate,84428.0
2930600,Serrolândia - BA,9324,População residente estimada,2024,13831,population_estimate,13831.0
2930709,Simões Filho - BA,9324,População residente estimada,2024,120394,population_estimate,120394.0
2930758,Sítio do Mato - BA,9324,População residente estimada,2024,13935,population_estimate,13935.0
2930766,Sítio do Quinto - BA,9324,População residente estimada,2024,14359,population_estimate,14359.0
2930774,Sobradinho - BA,9324,População residente estimada,2024,26959,population_estimate,26959.0
2930808,Souto Soares - BA,9324,População residente estimada,2024,17674,population_estimate,17674.0
2930907,Tabocas do Brejo Velho - BA,9324,População residente estimada,2024,12368,population_estimate,12368.0
2931004,Tanhaçu - BA,9324,População residente estimada,2024,21741,population_estimate,21741.0
2931053,Tanque Novo - BA,9324,População residente estimada,2024,17770,population_estimate,17770.0
2931103,Tanquinho - BA,9324,População residente estimada,2024,7983,population_estimate,7983.0
2931202,Taperoá - BA,9324,População residente estimada,2024,18571,population_estimate,18571.0
2931301,Tapiramutá - BA,9324,População residente estimada,2024,16253,population_estimate,16253.0
2931350,Teixeira de Freitas - BA,9324,População residente estimada,2024,153332,population_estimate,153332.0
2931400,Teodoro Sampaio - BA,9324,População residente estimada,2024,7301,population_estimate,7301.0
2931509,Teofilândia - BA,9324,População residente estimada,2024,21827,population_estimate,21827.0
2931608,Teolândia - BA,9324,População residente estimada,2024,15919,population_estimate,15919.0
2931707,Terra Nova - BA,9324,População residente estimada,2024,11035,population_estimate,11035.0
2931806,Tremedal - BA,9324,População residente estimada,2024,16691,population_estimate,16691.0
2931905,Tucano - BA,9324,População residente estimada,2024,50959,population_estimate,50959.0
2932002,Uauá - BA,9324,População residente estimada,2024,25441,population_estimate,25441.0
2932101,Ubaíra - BA,9324,População residente estimada,2024,19162,population_estimate,19162.0
2932200,Ubaitaba - BA,9324,População residente estimada,2024,17967,population_estimate,17967.0
2932309,Ubatã - BA,9324,População residente estimada,2024,16097,population_estimate,16097.0
2932408,Uibaí - BA,9324,População residente estimada,2024,13880,population_estimate,13880.0
2932457,Umburanas - BA,9324,População residente estimada,2024,13888,population_estimate,13888.0
2932507,Una - BA,9324,População residente estimada,2024,18403,population_estimate,18403.0
2932606,Urandi - BA,9324,População residente estimada,2024,15794,population_estimate,15794.0
2932705,Uruçuca - BA,9324,População residente estimada,2024,22130,population_estimate,22130.0
2932804,Utinga - BA,9324,População residente estimada,2024,16691,population_estimate,16691.0
2932903,Valença - BA,9324,População residente estimada,2024,90028,population_estimate,90028.0
2933000,Valente - BA,9324,População residente estimada,2024,25126,population_estimate,25126.0
2933059,Várzea da Roça - BA,9324,População residente estimada,2024,14279,population_estimate,14279.0
2933109,Várzea do Poço - BA,9324,População residente estimada,2024,8344,population_estimate,8344.0
2933158,Várzea Nova - BA,9324,População residente estimada,2024,13847,population_estimate,13847.0
2933174,Varzedo - BA,9324,População residente estimada,2024,10296,population_estimate,10296.0
2933208,Vera Cruz - BA,9324,População residente estimada,2024,44978,population_estimate,44978.0
2933257,Vereda - BA,9324,População residente estimada,2024,6171,population_estimate,6171.0
2933307,Vitória da Conquista - BA,9324,População residente estimada,2024,394024,population_estimate,394024.0
2933406,Wagner - BA,9324,População residente estimada,2024,9847,population_estimate,9847.0
2933455,Wanderley - BA,9324,População residente estimada,2024,13436,population_estimate,13436.0
2933505,Wenceslau Guimarães - BA,9324,População residente estimada,2024,25430,population_estimate,25430.0
2933604,Xique-Xique - BA,9324,População residente estimada,2024,46979,population_estimate,46979.0
3100104,Abadia dos Dourados - MG,9324,População residente estimada,2024,6365,population_estimate,6365.0
3100203,Abaeté - MG,9324,População residente estimada,2024,23161,population_estimate,23161.0
3100302,Abre Campo - MG,9324,População residente estimada,2024,14312,population_estimate,14312.0
3100401,Acaiaca - MG,9324,População residente estimada,2024,3997,population_estimate,3997.0
3100500,Açucena - MG,9324,População residente estimada,2024,8995,population_estimate,8995.0
3100609,Água Boa - MG,9324,População residente estimada,2024,12545,population_estimate,12545.0
3100708,Água Comprida - MG,9324,População residente estimada,2024,2165,population_estimate,2165.0
3100807,Aguanil - MG,9324,População residente estimada,2024,4490,population_estimate,4490.0
3100906,Águas Formosas - MG,9324,População residente estimada,2024,18841,population_estimate,18841.0
3101003,Águas Vermelhas - MG,9324,População residente estimada,2024,14486,population_estimate,14486.0
3101102,Aimorés - MG,9324,População residente estimada,2024,26165,population_estimate,26165.0
3101201,Aiuruoca - MG,9324,População residente estimada,2024,6382,population_estimate,6382.0
3101300,Alagoa - MG,9324,População residente estimada,2024,2816,population_estimate,2816.0
3101409,Albertina - MG,9324,População residente estimada,2024,3023,population_estimate,3023.0
3101508,Além Paraíba - MG,9324,População residente estimada,2024,31333,population_estimate,31333.0
3101607,Alfenas - MG,9324,População residente estimada,2024,81950,population_estimate,81950.0
3101631,Alfredo Vasconcelos - MG,9324,População residente estimada,2024,7184,population_estimate,7184.0
3101706,Almenara - MG,9324,População residente estimada,2024,41894,population_estimate,41894.0
3101805,Alpercata - MG,9324,População residente estimada,2024,7029,population_estimate,7029.0
3101904,Alpinópolis - MG,9324,População residente estimada,2024,18672,population_estimate,18672.0
3102001,Alterosa - MG,9324,População residente estimada,2024,14253,population_estimate,14253.0
3102050,Alto Caparaó - MG,9324,População residente estimada,2024,5982,population_estimate,5982.0
3102100,Alto Rio Doce - MG,9324,População residente estimada,2024,10994,population_estimate,10994.0
3102209,Alvarenga - MG,9324,População residente estimada,2024,4012,population_estimate,4012.0
3102308,Alvinópolis - MG,9324,População residente estimada,2024,15360,population_estimate,15360.0
3102407,Alvorada de Minas - MG,9324,População residente estimada,2024,4322,population_estimate,4322.0
3102506,Amparo do Serra - MG,9324,População residente estimada,2024,4595,population_estimate,4595.0
3102605,Andradas - MG,9324,População residente estimada,2024,42282,population_estimate,42282.0
3102704,Cachoeira de Pajeú - MG,9324,População residente estimada,2024,9333,population_estimate,9333.0
3102803,Andrelândia - MG,9324,População residente estimada,2024,12169,population_estimate,12169.0
3102852,Angelândia - MG,9324,População residente estimada,2024,7860,population_estimate,7860.0
3102902,Antônio Carlos - MG,9324,População residente estimada,2024,11345,population_estimate,11345.0
3103009,Antônio Dias - MG,9324,População residente estimada,2024,9388,population_estimate,9388.0
3103108,Antônio Prado de Minas - MG,9324,População residente estimada,2024,1558,population_estimate,1558.0
3103207,Araçaí - MG,9324,População residente estimada,2024,2224,population_estimate,2224.0
3103306,Aracitaba - MG,9324,População residente estimada,2024,2095,population_estimate,2095.0
3103405,Araçuaí - MG,9324,População residente estimada,2024,35250,population_estimate,35250.0
3103504,Araguari - MG,9324,População residente estimada,2024,122874,population_estimate,122874.0
3103603,Arantina - MG,9324,População residente estimada,2024,2991,population_estimate,2991.0
3103702,Araponga - MG,9324,População residente estimada,2024,8218,population_estimate,8218.0
3103751,Araporã - MG,9324,População residente estimada,2024,8935,population_estimate,8935.0
3103801,Arapuá - MG,9324,População residente estimada,2024,2674,population_estimate,2674.0
3103900,Araújos - MG,9324,População residente estimada,2024,9556,population_estimate,9556.0
3104007,Araxá - MG,9324,População residente estimada,2024,117677,population_estimate,117677.0
3104106,Arceburgo - MG,9324,População residente estimada,2024,9348,population_estimate,9348.0
3104205,Arcos - MG,9324,População residente estimada,2024,43348,population_estimate,43348.0
3104304,Areado - MG,9324,População residente estimada,2024,14212,population_estimate,14212.0
3104403,Argirita - MG,9324,População residente estimada,2024,2725,population_estimate,2725.0
3104452,Aricanduva - MG,9324,População residente estimada,2024,4820,population_estimate,4820.0
3104502,Arinos - MG,9324,População residente estimada,2024,17598,population_estimate,17598.0
3104601,Astolfo Dutra - MG,9324,População residente estimada,2024,14565,population_estimate,14565.0
3104700,Ataléia - MG,9324,População residente estimada,2024,13967,population_estimate,13967.0
3104809,Augusto de Lima - MG,9324,População residente estimada,2024,4593,population_estimate,4593.0
3104908,Baependi - MG,9324,População residente estimada,2024,18768,population_estimate,18768.0
3105004,Baldim - MG,9324,População residente estimada,2024,7614,population_estimate,7614.0
3105103,Bambuí - MG,9324,População residente estimada,2024,24144,population_estimate,24144.0
3105202,Bandeira - MG,9324,População residente estimada,2024,4821,population_estimate,4821.0
3105301,Bandeira do Sul - MG,9324,População residente estimada,2024,6146,population_estimate,6146.0
3105400,Barão de Cocais - MG,9324,População residente estimada,2024,32095,population_estimate,32095.0
3105509,Barão do Monte Alto - MG,9324,População residente estimada,2024,4991,population_estimate,4991.0
3105608,Barbacena - MG,9324,População residente estimada,2024,129630,population_estimate,129630.0
3105707,Barra Longa - MG,9324,População residente estimada,2024,5740,population_estimate,5740.0
3105905,Barroso - MG,9324,População residente estimada,2024,20566,population_estimate,20566.0
3106002,Bela Vista de Minas - MG,9324,População residente estimada,2024,10412,population_estimate,10412.0
3106101,Belmiro Braga - MG,9324,População residente estimada,2024,3299,population_estimate,3299.0
3106200,Belo Horizonte - MG,9324,População residente estimada,2024,2416339,population_estimate,2416339.0
3106309,Belo Oriente - MG,9324,População residente estimada,2024,24503,population_estimate,24503.0
3106408,Belo Vale - MG,9324,População residente estimada,2024,8946,population_estimate,8946.0
3106507,Berilo - MG,9324,População residente estimada,2024,9769,population_estimate,9769.0
3106606,Bertópolis - MG,9324,População residente estimada,2024,4546,population_estimate,4546.0
3106655,Berizal - MG,9324,População residente estimada,2024,4277,population_estimate,4277.0
3106705,Betim - MG,9324,População residente estimada,2024,429236,population_estimate,429236.0
3106804,Bias Fortes - MG,9324,População residente estimada,2024,3388,population_estimate,3388.0
3106903,Bicas - MG,9324,População residente estimada,2024,14331,population_estimate,14331.0
3107000,Biquinhas - MG,9324,População residente estimada,2024,2409,population_estimate,2409.0
3107109,Boa Esperança - MG,9324,População residente estimada,2024,41332,population_estimate,41332.0
3107208,Bocaina de Minas - MG,9324,População residente estimada,2024,5508,population_estimate,5508.0
3107307,Bocaiúva - MG,9324,População residente estimada,2024,49668,population_estimate,49668.0
3107406,Bom Despacho - MG,9324,População residente estimada,2024,53995,population_estimate,53995.0
3107505,Bom Jardim de Minas - MG,9324,População residente estimada,2024,6968,population_estimate,6968.0
3107604,Bom Jesus da Penha - MG,9324,População residente estimada,2024,4642,population_estimate,4642.0
3107703,Bom Jesus do Amparo - MG,9324,População residente estimada,2024,5775,population_estimate,5775.0
3107802,Bom Jesus do Galho - MG,9324,População residente estimada,2024,14756,population_estimate,14756.0
3107901,Bom Repouso - MG,9324,População residente estimada,2024,13183,population_estimate,13183.0
3108008,Bom Sucesso - MG,9324,População residente estimada,2024,17510,population_estimate,17510.0
3108107,Bonfim - MG,9324,População residente estimada,2024,7672,population_estimate,7672.0
3108206,Bonfinópolis de Minas - MG,9324,População residente estimada,2024,5615,population_estimate,5615.0
3108255,Bonito de Minas - MG,9324,População residente estimada,2024,10491,population_estimate,10491.0
3108305,Borda da Mata - MG,9324,População residente estimada,2024,17811,population_estimate,17811.0
3108404,Botelhos - MG,9324,População residente estimada,2024,15137,population_estimate,15137.0
3108503,Botumirim - MG,9324,População residente estimada,2024,5841,population_estimate,5841.0
3108552,Brasilândia de Minas - MG,9324,População residente estimada,2024,15432,population_estimate,15432.0
3108602,Brasília de Minas - MG,9324,População residente estimada,2024,33188,population_estimate,33188.0
3108701,Brás Pires - MG,9324,População residente estimada,2024,4314,population_estimate,4314.0
3108800,Braúnas - MG,9324,População residente estimada,2024,4475,population_estimate,4475.0
3108909,Brazópolis - MG,9324,População residente estimada,2024,14506,population_estimate,14506.0
3109006,Brumadinho - MG,9324,População residente estimada,2024,40777,population_estimate,40777.0
3109105,Bueno Brandão - MG,9324,População residente estimada,2024,11161,population_estimate,11161.0
3109204,Buenópolis - MG,9324,População residente estimada,2024,9229,population_estimate,9229.0
3109253,Bugre - MG,9324,População residente estimada,2024,4149,population_estimate,4149.0
3109303,Buritis - MG,9324,População residente estimada,2024,24693,population_estimate,24693.0
3109402,Buritizeiro - MG,9324,População residente estimada,2024,24068,population_estimate,24068.0
3109451,Cabeceira Grande - MG,9324,População residente estimada,2024,6797,population_estimate,6797.0
3109501,Cabo Verde - MG,9324,População residente estimada,2024,11396,population_estimate,11396.0
3109600,Cachoeira da Prata - MG,9324,População residente estimada,2024,3781,population_estimate,3781.0
3109709,Cachoeira de Minas - MG,9324,População residente estimada,2024,12248,population_estimate,12248.0
3109808,Cachoeira Dourada - MG,9324,População residente estimada,2024,2346,population_estimate,2346.0
3109907,Caetanópolis - MG,9324,População residente estimada,2024,11832,population_estimate,11832.0
3110004,Caeté - MG,9324,População residente estimada,2024,39850,population_estimate,39850.0
3110103,Caiana - MG,9324,População residente estimada,2024,5463,population_estimate,5463.0
3110202,Cajuri - MG,9324,População residente estimada,2024,4186,population_estimate,4186.0
3110301,Caldas - MG,9324,População residente estimada,2024,14588,population_estimate,14588.0
3110400,Camacho - MG,9324,População residente estimada,2024,2867,population_estimate,2867.0
3110509,Camanducaia - MG,9324,População residente estimada,2024,27551,population_estimate,27551.0
3110608,Cambuí - MG,9324,População residente estimada,2024,30870,population_estimate,30870.0
3110707,Cambuquira - MG,9324,População residente estimada,2024,12560,population_estimate,12560.0
3110806,Campanário - MG,9324,População residente estimada,2024,2917,population_estimate,2917.0
3110905,Campanha - MG,9324,População residente estimada,2024,16334,population_estimate,16334.0
3111002,Campestre - MG,9324,População residente estimada,2024,21143,population_estimate,21143.0
3111101,Campina Verde - MG,9324,População residente estimada,2024,18250,population_estimate,18250.0
3111150,Campo Azul - MG,9324,População residente estimada,2024,3802,population_estimate,3802.0
3111200,Campo Belo - MG,9324,População residente estimada,2024,53943,population_estimate,53943.0
3111309,Campo do Meio - MG,9324,População residente estimada,2024,11624,population_estimate,11624.0
3111408,Campo Florido - MG,9324,População residente estimada,2024,8838,population_estimate,8838.0
3111507,Campos Altos - MG,9324,População residente estimada,2024,13136,population_estimate,13136.0
3111606,Campos Gerais - MG,9324,População residente estimada,2024,26809,population_estimate,26809.0
3111705,Canaã - MG,9324,População residente estimada,2024,4832,population_estimate,4832.0
3111804,Canápolis - MG,9324,População residente estimada,2024,10755,population_estimate,10755.0
3111903,Cana Verde - MG,9324,População residente estimada,2024,5356,population_estimate,5356.0
3112000,Candeias - MG,9324,População residente estimada,2024,14236,population_estimate,14236.0
3112059,Cantagalo - MG,9324,População residente estimada,2024,4039,population_estimate,4039.0
3112109,Caparaó - MG,9324,População residente estimada,2024,5144,population_estimate,5144.0
3112208,Capela Nova - MG,9324,População residente estimada,2024,4416,population_estimate,4416.0
3112307,Capelinha - MG,9324,População residente estimada,2024,41536,population_estimate,41536.0
3112406,Capetinga - MG,9324,População residente estimada,2024,6652,population_estimate,6652.0
3112505,Capim Branco - MG,9324,População residente estimada,2024,11105,population_estimate,11105.0
3112604,Capinópolis - MG,9324,População residente estimada,2024,14899,population_estimate,14899.0
3112653,Capitão Andrade - MG,9324,População residente estimada,2024,4650,population_estimate,4650.0
3112703,Capitão Enéas - MG,9324,População residente estimada,2024,14401,population_estimate,14401.0
3112802,Capitólio - MG,9324,População residente estimada,2024,10863,population_estimate,10863.0
3112901,Caputira - MG,9324,População residente estimada,2024,9128,population_estimate,9128.0
3113008,Caraí - MG,9324,População residente estimada,2024,19654,population_estimate,19654.0
3113107,Caranaíba - MG,9324,População residente estimada,2024,2960,population_estimate,2960.0
3113206,Carandaí - MG,9324,População residente estimada,2024,24368,population_estimate,24368.0
3113305,Carangola - MG,9324,População residente estimada,2024,32165,population_estimate,32165.0
3113404,Caratinga - MG,9324,População residente estimada,2024,90687,population_estimate,90687.0
3113503,Carbonita - MG,9324,População residente estimada,2024,8633,population_estimate,8633.0
3113602,Careaçu - MG,9324,População residente estimada,2024,7029,population_estimate,7029.0
3113701,Carlos Chagas - MG,9324,População residente estimada,2024,18852,population_estimate,18852.0
3113800,Carmésia - MG,9324,População residente estimada,2024,2682,population_estimate,2682.0
3113909,Carmo da Cachoeira - MG,9324,População residente estimada,2024,11776,population_estimate,11776.0
3114006,Carmo da Mata - MG,9324,População residente estimada,2024,11279,population_estimate,11279.0
3114105,Carmo de Minas - MG,9324,População residente estimada,2024,14114,population_estimate,14114.0
3114204,Carmo do Cajuru - MG,9324,População residente estimada,2024,24376,population_estimate,24376.0
3114303,Carmo do Paranaíba - MG,9324,População residente estimada,2024,29899,population_estimate,29899.0
3114402,Carmo do Rio Claro - MG,9324,População residente estimada,2024,21464,population_estimate,21464.0
3114501,Carmópolis de Minas - MG,9324,População residente estimada,2024,18498,population_estimate,18498.0
3114550,Carneirinho - MG,9324,População residente estimada,2024,9630,population_estimate,9630.0
3114600,Carrancas - MG,9324,População residente estimada,2024,4153,population_estimate,4153.0
3114709,Carvalhópolis - MG,9324,População residente estimada,2024,3417,population_estimate,3417.0
3114808,Carvalhos - MG,9324,População residente estimada,2024,4507,population_estimate,4507.0
3114907,Casa Grande - MG,9324,População residente estimada,2024,2260,population_estimate,2260.0
3115003,Cascalho Rico - MG,9324,População residente estimada,2024,2757,population_estimate,2757.0
3115102,Cássia - MG,9324,População residente estimada,2024,17495,population_estimate,17495.0
3115201,Conceição da Barra de Minas - MG,9324,População residente estimada,2024,3596,population_estimate,3596.0
3115300,Cataguases - MG,9324,População residente estimada,2024,67872,population_estimate,67872.0
3115359,Catas Altas - MG,9324,População residente estimada,2024,5668,population_estimate,5668.0
3115409,Catas Altas da Noruega - MG,9324,População residente estimada,2024,3141,population_estimate,3141.0
3115458,Catuji - MG,9324,População residente estimada,2024,7226,population_estimate,7226.0
3115474,Catuti - MG,9324,População residente estimada,2024,4805,population_estimate,4805.0
3115508,Caxambu - MG,9324,População residente estimada,2024,21436,population_estimate,21436.0
3115607,Cedro do Abaeté - MG,9324,População residente estimada,2024,1091,population_estimate,1091.0
3115706,Central de Minas - MG,9324,População residente estimada,2024,6243,population_estimate,6243.0
3115805,Centralina - MG,9324,População residente estimada,2024,10440,population_estimate,10440.0
3115904,Chácara - MG,9324,População residente estimada,2024,3177,population_estimate,3177.0
3116001,Chalé - MG,9324,População residente estimada,2024,6261,population_estimate,6261.0
3116100,Chapada do Norte - MG,9324,População residente estimada,2024,10024,population_estimate,10024.0
3116159,Chapada Gaúcha - MG,9324,População residente estimada,2024,12810,population_estimate,12810.0
3116209,Chiador - MG,9324,População residente estimada,2024,2865,population_estimate,2865.0
3116308,Cipotânea - MG,9324,População residente estimada,2024,5599,population_estimate,5599.0
3116407,Claraval - MG,9324,População residente estimada,2024,4777,population_estimate,4777.0
3116506,Claro dos Poções - MG,9324,População residente estimada,2024,7259,population_estimate,7259.0
3116605,Cláudio - MG,9324,População residente estimada,2024,31665,population_estimate,31665.0
3116704,Coimbra - MG,9324,População residente estimada,2024,7285,population_estimate,7285.0
3116803,Coluna - MG,9324,População residente estimada,2024,8251,population_estimate,8251.0
3116902,Comendador Gomes - MG,9324,População residente estimada,2024,2813,population_estimate,2813.0
3117009,Comercinho - MG,9324,População residente estimada,2024,6627,population_estimate,6627.0
3117108,Conceição da Aparecida - MG,9324,População residente estimada,2024,10668,population_estimate,10668.0
3117207,Conceição das Pedras - MG,9324,População residente estimada,2024,2837,population_estimate,2837.0
3117306,Conceição das Alagoas - MG,9324,População residente estimada,2024,29949,population_estimate,29949.0
3117405,Conceição de Ipanema - MG,9324,População residente estimada,2024,4503,population_estimate,4503.0
3117504,Conceição do Mato Dentro - MG,9324,População residente estimada,2024,24254,population_estimate,24254.0
3117603,Conceição do Pará - MG,9324,População residente estimada,2024,5567,population_estimate,5567.0
3117702,Conceição do Rio Verde - MG,9324,População residente estimada,2024,12780,population_estimate,12780.0
3117801,Conceição dos Ouros - MG,9324,População residente estimada,2024,11183,population_estimate,11183.0
3117836,Cônego Marinho - MG,9324,População residente estimada,2024,7420,population_estimate,7420.0
3117876,Confins - MG,9324,População residente estimada,2024,7676,population_estimate,7676.0
3117900,Congonhal - MG,9324,População residente estimada,2024,11403,population_estimate,11403.0
3118007,Congonhas - MG,9324,População residente estimada,2024,54986,population_estimate,54986.0
3118106,Congonhas do Norte - MG,9324,População residente estimada,2024,4927,population_estimate,4927.0
3118205,Conquista - MG,9324,População residente estimada,2024,6864,population_estimate,6864.0
3118304,Conselheiro Lafaiete - MG,9324,População residente estimada,2024,137980,population_estimate,137980.0
3118403,Conselheiro Pena - MG,9324,População residente estimada,2024,21113,population_estimate,21113.0
3118502,Consolação - MG,9324,População residente estimada,2024,1578,population_estimate,1578.0
3118601,Contagem - MG,9324,População residente estimada,2024,649975,population_estimate,649975.0
3118700,Coqueiral - MG,9324,População residente estimada,2024,9197,population_estimate,9197.0
3118809,Coração de Jesus - MG,9324,População residente estimada,2024,26151,population_estimate,26151.0
3118908,Cordisburgo - MG,9324,População residente estimada,2024,7592,population_estimate,7592.0
3119005,Cordislândia - MG,9324,População residente estimada,2024,3247,population_estimate,3247.0
3119104,Corinto - MG,9324,População residente estimada,2024,23996,population_estimate,23996.0
3119203,Coroaci - MG,9324,População residente estimada,2024,11200,population_estimate,11200.0
3119302,Coromandel - MG,9324,População residente estimada,2024,30013,population_estimate,30013.0
3119401,Coronel Fabriciano - MG,9324,População residente estimada,2024,108551,population_estimate,108551.0
3119500,Coronel Murta - MG,9324,População residente estimada,2024,8283,population_estimate,8283.0
3119609,Coronel Pacheco - MG,9324,População residente estimada,2024,2799,population_estimate,2799.0
3119708,Coronel Xavier Chaves - MG,9324,População residente estimada,2024,3586,population_estimate,3586.0
3119807,Córrego Danta - MG,9324,População residente estimada,2024,2978,population_estimate,2978.0
3119906,Córrego do Bom Jesus - MG,9324,População residente estimada,2024,4429,population_estimate,4429.0
3119955,Córrego Fundo - MG,9324,População residente estimada,2024,6310,population_estimate,6310.0
3120003,Córrego Novo - MG,9324,População residente estimada,2024,2912,population_estimate,2912.0
3120102,Couto de Magalhães de Minas - MG,9324,População residente estimada,2024,4346,population_estimate,4346.0
3120151,Crisólita - MG,9324,População residente estimada,2024,5296,population_estimate,5296.0
3120201,Cristais - MG,9324,População residente estimada,2024,12576,population_estimate,12576.0
3120300,Cristália - MG,9324,População residente estimada,2024,5165,population_estimate,5165.0
3120409,Cristiano Otoni - MG,9324,População residente estimada,2024,4735,population_estimate,4735.0
3120508,Cristina - MG,9324,População residente estimada,2024,10627,population_estimate,10627.0
3120607,Crucilândia - MG,9324,População residente estimada,2024,5633,population_estimate,5633.0
3120706,Cruzeiro da Fortaleza - MG,9324,População residente estimada,2024,3610,population_estimate,3610.0
3120805,Cruzília - MG,9324,População residente estimada,2024,15779,population_estimate,15779.0
3120839,Cuparaque - MG,9324,População residente estimada,2024,3994,population_estimate,3994.0
3120870,Curral de Dentro - MG,9324,População residente estimada,2024,7630,population_estimate,7630.0
3120904,Curvelo - MG,9324,População residente estimada,2024,83862,population_estimate,83862.0
3121001,Datas - MG,9324,População residente estimada,2024,5618,population_estimate,5618.0
3121100,Delfim Moreira - MG,9324,População residente estimada,2024,8130,population_estimate,8130.0
3121209,Delfinópolis - MG,9324,População residente estimada,2024,8760,population_estimate,8760.0
3121258,Delta - MG,9324,População residente estimada,2024,11003,population_estimate,11003.0
3121308,Descoberto - MG,9324,População residente estimada,2024,5058,population_estimate,5058.0
3121407,Desterro de Entre Rios - MG,9324,População residente estimada,2024,7900,population_estimate,7900.0
3121506,Desterro do Melo - MG,9324,População residente estimada,2024,3059,population_estimate,3059.0
3121605,Diamantina - MG,9324,População residente estimada,2024,49353,population_estimate,49353.0
3121704,Diogo de Vasconcelos - MG,9324,População residente estimada,2024,3596,population_estimate,3596.0
3121803,Dionísio - MG,9324,População residente estimada,2024,6789,population_estimate,6789.0
3121902,Divinésia - MG,9324,População residente estimada,2024,4426,population_estimate,4426.0
3122009,Divino - MG,9324,População residente estimada,2024,21329,population_estimate,21329.0
3122108,Divino das Laranjeiras - MG,9324,População residente estimada,2024,4186,population_estimate,4186.0
3122207,Divinolândia de Minas - MG,9324,População residente estimada,2024,6607,population_estimate,6607.0
3122306,Divinópolis - MG,9324,População residente estimada,2024,242328,population_estimate,242328.0
3122355,Divisa Alegre - MG,9324,População residente estimada,2024,6513,population_estimate,6513.0
3122405,Divisa Nova - MG,9324,População residente estimada,2024,5993,population_estimate,5993.0
3122454,Divisópolis - MG,9324,População residente estimada,2024,10585,population_estimate,10585.0
3122470,Dom Bosco - MG,9324,População residente estimada,2024,3767,population_estimate,3767.0
3122504,Dom Cavati - MG,9324,População residente estimada,2024,4981,population_estimate,4981.0
3122603,Dom Joaquim - MG,9324,População residente estimada,2024,5051,population_estimate,5051.0
3122702,Dom Silvério - MG,9324,População residente estimada,2024,5350,population_estimate,5350.0
3122801,Dom Viçoso - MG,9324,População residente estimada,2024,3176,population_estimate,3176.0
3122900,Dona Euzébia - MG,9324,População residente estimada,2024,6241,population_estimate,6241.0
3123007,Dores de Campos - MG,9324,População residente estimada,2024,10313,population_estimate,10313.0
3123106,Dores de Guanhães - MG,9324,População residente estimada,2024,5121,population_estimate,5121.0
3123205,Dores do Indaiá - MG,9324,População residente estimada,2024,12786,population_estimate,12786.0
3123304,Dores do Turvo - MG,9324,População residente estimada,2024,5159,population_estimate,5159.0
3123403,Doresópolis - MG,9324,População residente estimada,2024,1496,population_estimate,1496.0
3123502,Douradoquara - MG,9324,População residente estimada,2024,1869,population_estimate,1869.0
3123528,Durandé - MG,9324,População residente estimada,2024,8038,population_estimate,8038.0
3123601,Elói Mendes - MG,9324,População residente estimada,2024,27343,population_estimate,27343.0
3123700,Engenheiro Caldas - MG,9324,População residente estimada,2024,14308,population_estimate,14308.0
3123809,Engenheiro Navarro - MG,9324,População residente estimada,2024,6411,population_estimate,6411.0
3123858,Entre Folhas - MG,9324,População residente estimada,2024,5293,population_estimate,5293.0
3123908,Entre Rios de Minas - MG,9324,População residente estimada,2024,15120,population_estimate,15120.0
3124005,Ervália - MG,9324,População residente estimada,2024,20951,population_estimate,20951.0
3124104,Esmeraldas - MG,9324,População residente estimada,2024,91573,population_estimate,91573.0
3124203,Espera Feliz - MG,9324,População residente estimada,2024,24761,population_estimate,24761.0
3124302,Espinosa - MG,9324,População residente estimada,2024,31385,population_estimate,31385.0
3124401,Espírito Santo do Dourado - MG,9324,População residente estimada,2024,7007,population_estimate,7007.0
3124500,Estiva - MG,9324,População residente estimada,2024,11836,population_estimate,11836.0
3124609,Estrela Dalva - MG,9324,População residente estimada,2024,2204,population_estimate,2204.0
3124708,Estrela do Indaiá - MG,9324,População residente estimada,2024,2750,population_estimate,2750.0
3124807,Estrela do Sul - MG,9324,População residente estimada,2024,6926,population_estimate,6926.0
3124906,Eugenópolis - MG,9324,População residente estimada,2024,11075,population_estimate,11075.0
3125002,Ewbank da Câmara - MG,9324,População residente estimada,2024,3977,population_estimate,3977.0
3125101,Extrema - MG,9324,População residente estimada,2024,57913,population_estimate,57913.0
3125200,Fama - MG,9324,População residente estimada,2024,2662,population_estimate,2662.0
3125309,Faria Lemos - MG,9324,População residente estimada,2024,3239,population_estimate,3239.0
3125408,Felício dos Santos - MG,9324,População residente estimada,2024,5248,population_estimate,5248.0
3125507,São Gonçalo do Rio Preto - MG,9324,População residente estimada,2024,3098,population_estimate,3098.0
3125606,Felisburgo - MG,9324,População residente estimada,2024,6592,population_estimate,6592.0
3125705,Felixlândia - MG,9324,População residente estimada,2024,14279,population_estimate,14279.0
3125804,Fernandes Tourinho - MG,9324,População residente estimada,2024,2825,population_estimate,2825.0
3125903,Ferros - MG,9324,População residente estimada,2024,9666,population_estimate,9666.0
3125952,Fervedouro - MG,9324,População residente estimada,2024,10693,population_estimate,10693.0
3126000,Florestal - MG,9324,População residente estimada,2024,8386,population_estimate,8386.0
3126109,Formiga - MG,9324,População residente estimada,2024,70668,population_estimate,70668.0
3126208,Formoso - MG,9324,População residente estimada,2024,8103,population_estimate,8103.0
3126307,Fortaleza de Minas - MG,9324,População residente estimada,2024,3485,population_estimate,3485.0
3126406,Fortuna de Minas - MG,9324,População residente estimada,2024,3207,population_estimate,3207.0
3126505,Francisco Badaró - MG,9324,População residente estimada,2024,7208,population_estimate,7208.0
3126604,Francisco Dumont - MG,9324,População residente estimada,2024,4564,population_estimate,4564.0
3126703,Francisco Sá - MG,9324,População residente estimada,2024,23819,population_estimate,23819.0
3126752,Franciscópolis - MG,9324,População residente estimada,2024,5062,population_estimate,5062.0
3126802,Frei Gaspar - MG,9324,População residente estimada,2024,5741,population_estimate,5741.0
3126901,Frei Inocêncio - MG,9324,População residente estimada,2024,8334,population_estimate,8334.0
3126950,Frei Lagonegro - MG,9324,População residente estimada,2024,3475,population_estimate,3475.0
3127008,Fronteira - MG,9324,População residente estimada,2024,14909,population_estimate,14909.0
3127057,Fronteira dos Vales - MG,9324,População residente estimada,2024,4405,population_estimate,4405.0
3127073,Fruta de Leite - MG,9324,População residente estimada,2024,4607,population_estimate,4607.0
3127107,Frutal - MG,9324,População residente estimada,2024,60942,population_estimate,60942.0
3127206,Funilândia - MG,9324,População residente estimada,2024,4886,population_estimate,4886.0
3127305,Galiléia - MG,9324,População residente estimada,2024,6281,population_estimate,6281.0
3127339,Gameleiras - MG,9324,População residente estimada,2024,4863,population_estimate,4863.0
3127354,Glaucilândia - MG,9324,População residente estimada,2024,2991,population_estimate,2991.0
3127370,Goiabeira - MG,9324,População residente estimada,2024,2869,population_estimate,2869.0
3127388,Goianá - MG,9324,População residente estimada,2024,4190,population_estimate,4190.0
3127404,Gonçalves - MG,9324,População residente estimada,2024,4891,population_estimate,4891.0
3127503,Gonzaga - MG,9324,População residente estimada,2024,5271,population_estimate,5271.0
3127602,Gouveia - MG,9324,População residente estimada,2024,11549,population_estimate,11549.0
3127701,Governador Valadares - MG,9324,População residente estimada,2024,266649,population_estimate,266649.0
3127800,Grão Mogol - MG,9324,População residente estimada,2024,14091,population_estimate,14091.0
3127909,Grupiara - MG,9324,População residente estimada,2024,1426,population_estimate,1426.0
3128006,Guanhães - MG,9324,População residente estimada,2024,33434,population_estimate,33434.0
3128105,Guapé - MG,9324,População residente estimada,2024,14073,population_estimate,14073.0
3128204,Guaraciaba - MG,9324,População residente estimada,2024,9921,population_estimate,9921.0
3128253,Guaraciama - MG,9324,População residente estimada,2024,5203,population_estimate,5203.0
3128303,Guaranésia - MG,9324,População residente estimada,2024,19611,population_estimate,19611.0
3128402,Guarani - MG,9324,População residente estimada,2024,7780,population_estimate,7780.0
3128501,Guarará - MG,9324,População residente estimada,2024,3132,population_estimate,3132.0
3128600,Guarda-Mor - MG,9324,População residente estimada,2024,6684,population_estimate,6684.0
3128709,Guaxupé - MG,9324,População residente estimada,2024,52621,population_estimate,52621.0
3128808,Guidoval - MG,9324,População residente estimada,2024,7284,population_estimate,7284.0
3128907,Guimarânia - MG,9324,População residente estimada,2024,8808,population_estimate,8808.0
3129004,Guiricema - MG,9324,População residente estimada,2024,7850,population_estimate,7850.0
3129103,Gurinhatã - MG,9324,População residente estimada,2024,5203,population_estimate,5203.0
3129202,Heliodora - MG,9324,População residente estimada,2024,6274,population_estimate,6274.0
3129301,Iapu - MG,9324,População residente estimada,2024,12486,population_estimate,12486.0
3129400,Ibertioga - MG,9324,População residente estimada,2024,5334,population_estimate,5334.0
3129509,Ibiá - MG,9324,População residente estimada,2024,22596,population_estimate,22596.0
3129608,Ibiaí - MG,9324,População residente estimada,2024,6254,population_estimate,6254.0
3129657,Ibiracatu - MG,9324,População residente estimada,2024,5139,population_estimate,5139.0
3129707,Ibiraci - MG,9324,População residente estimada,2024,11057,population_estimate,11057.0
3129806,Ibirité - MG,9324,População residente estimada,2024,178713,population_estimate,178713.0
3129905,Ibitiúra de Minas - MG,9324,População residente estimada,2024,3439,population_estimate,3439.0
3130002,Ibituruna - MG,9324,População residente estimada,2024,2740,population_estimate,2740.0
3130051,Icaraí de Minas - MG,9324,População residente estimada,2024,10912,population_estimate,10912.0
3130101,Igarapé - MG,9324,População residente estimada,2024,48475,population_estimate,48475.0
3130200,Igaratinga - MG,9324,População residente estimada,2024,11252,population_estimate,11252.0
3130309,Iguatama - MG,9324,População residente estimada,2024,6845,population_estimate,6845.0
3130408,Ijaci - MG,9324,População residente estimada,2024,7291,population_estimate,7291.0
3130507,Ilicínea - MG,9324,População residente estimada,2024,13171,population_estimate,13171.0
3130556,Imbé de Minas - MG,9324,População residente estimada,2024,7208,population_estimate,7208.0
3130606,Inconfidentes - MG,9324,População residente estimada,2024,7510,population_estimate,7510.0
3130655,Indaiabira - MG,9324,População residente estimada,2024,6379,population_estimate,6379.0
3130705,Indianópolis - MG,9324,População residente estimada,2024,6309,population_estimate,6309.0
3130804,Ingaí - MG,9324,População residente estimada,2024,2633,population_estimate,2633.0
3130903,Inhapim - MG,9324,População residente estimada,2024,23000,population_estimate,23000.0
3131000,Inhaúma - MG,9324,População residente estimada,2024,6435,population_estimate,6435.0
3131109,Inimutaba - MG,9324,População residente estimada,2024,7587,population_estimate,7587.0
3131158,Ipaba - MG,9324,População residente estimada,2024,17554,population_estimate,17554.0
3131208,Ipanema - MG,9324,População residente estimada,2024,20095,population_estimate,20095.0
3131307,Ipatinga - MG,9324,População residente estimada,2024,235445,population_estimate,235445.0
3131406,Ipiaçu - MG,9324,População residente estimada,2024,3823,population_estimate,3823.0
3131505,Ipuiúna - MG,9324,População residente estimada,2024,9299,population_estimate,9299.0
3131604,Iraí de Minas - MG,9324,População residente estimada,2024,7423,population_estimate,7423.0
3131703,Itabira - MG,9324,População residente estimada,2024,117747,population_estimate,117747.0
3131802,Itabirinha - MG,9324,População residente estimada,2024,10560,population_estimate,10560.0
3131901,Itabirito - MG,9324,População residente estimada,2024,55877,population_estimate,55877.0
3132008,Itacambira - MG,9324,População residente estimada,2024,4265,population_estimate,4265.0
3132107,Itacarambi - MG,9324,População residente estimada,2024,17521,population_estimate,17521.0
3132206,Itaguara - MG,9324,População residente estimada,2024,14325,population_estimate,14325.0
3132305,Itaipé - MG,9324,População residente estimada,2024,10549,population_estimate,10549.0
3132404,Itajubá - MG,9324,População residente estimada,2024,96632,population_estimate,96632.0
3132503,Itamarandiba - MG,9324,População residente estimada,2024,34137,population_estimate,34137.0
3132602,Itamarati de Minas - MG,9324,População residente estimada,2024,3730,population_estimate,3730.0
3132701,Itambacuri - MG,9324,População residente estimada,2024,21296,population_estimate,21296.0
3132800,Itambé do Mato Dentro - MG,9324,População residente estimada,2024,2175,population_estimate,2175.0
3132909,Itamogi - MG,9324,População residente estimada,2024,11062,population_estimate,11062.0
3133006,Itamonte - MG,9324,População residente estimada,2024,15193,population_estimate,15193.0
3133105,Itanhandu - MG,9324,População residente estimada,2024,15684,population_estimate,15684.0
3133204,Itanhomi - MG,9324,População residente estimada,2024,11298,population_estimate,11298.0
3133303,Itaobim - MG,9324,População residente estimada,2024,19354,population_estimate,19354.0
3133402,Itapagipe - MG,9324,População residente estimada,2024,14004,population_estimate,14004.0
3133501,Itapecerica - MG,9324,População residente estimada,2024,21462,population_estimate,21462.0
3133600,Itapeva - MG,9324,População residente estimada,2024,13332,population_estimate,13332.0
3133709,Itatiaiuçu - MG,9324,População residente estimada,2024,13603,population_estimate,13603.0
3133758,Itaú de Minas - MG,9324,População residente estimada,2024,14655,population_estimate,14655.0
3133808,Itaúna - MG,9324,População residente estimada,2024,102500,population_estimate,102500.0
3133907,Itaverava - MG,9324,População residente estimada,2024,5752,population_estimate,5752.0
3134004,Itinga - MG,9324,População residente estimada,2024,13982,population_estimate,13982.0
3134103,Itueta - MG,9324,População residente estimada,2024,6218,population_estimate,6218.0
3134202,Ituiutaba - MG,9324,População residente estimada,2024,106397,population_estimate,106397.0
3134301,Itumirim - MG,9324,População residente estimada,2024,6845,population_estimate,6845.0
3134400,Iturama - MG,9324,População residente estimada,2024,40011,population_estimate,40011.0
3134509,Itutinga - MG,9324,População residente estimada,2024,4347,population_estimate,4347.0
3134608,Jaboticatubas - MG,9324,População residente estimada,2024,21214,population_estimate,21214.0
3134707,Jacinto - MG,9324,População residente estimada,2024,11169,population_estimate,11169.0
3134806,Jacuí - MG,9324,População residente estimada,2024,7663,population_estimate,7663.0
3134905,Jacutinga - MG,9324,População residente estimada,2024,26705,population_estimate,26705.0
3135001,Jaguaraçu - MG,9324,População residente estimada,2024,3173,population_estimate,3173.0
3135050,Jaíba - MG,9324,População residente estimada,2024,39379,population_estimate,39379.0
3135076,Jampruca - MG,9324,População residente estimada,2024,4306,population_estimate,4306.0
3135100,Janaúba - MG,9324,População residente estimada,2024,73281,population_estimate,73281.0
3135209,Januária - MG,9324,População residente estimada,2024,67087,population_estimate,67087.0
3135308,Japaraíba - MG,9324,População residente estimada,2024,4672,population_estimate,4672.0
3135357,Japonvar - MG,9324,População residente estimada,2024,8357,population_estimate,8357.0
3135407,Jeceaba - MG,9324,População residente estimada,2024,6428,population_estimate,6428.0
3135456,Jenipapo de Minas - MG,9324,População residente estimada,2024,6124,population_estimate,6124.0
3135506,Jequeri - MG,9324,População residente estimada,2024,12652,population_estimate,12652.0
3135605,Jequitaí - MG,9324,População residente estimada,2024,6460,population_estimate,6460.0
3135704,Jequitibá - MG,9324,População residente estimada,2024,6098,population_estimate,6098.0
3135803,Jequitinhonha - MG,9324,População residente estimada,2024,24509,population_estimate,24509.0
3135902,Jesuânia - MG,9324,População residente estimada,2024,5296,population_estimate,5296.0
3136009,Joaíma - MG,9324,População residente estimada,2024,14084,population_estimate,14084.0
3136108,Joanésia - MG,9324,População residente estimada,2024,4304,population_estimate,4304.0
3136207,João Monlevade - MG,9324,População residente estimada,2024,83360,population_estimate,83360.0
3136306,João Pinheiro - MG,9324,População residente estimada,2024,48532,population_estimate,48532.0
3136405,Joaquim Felício - MG,9324,População residente estimada,2024,3891,population_estimate,3891.0
3136504,Jordânia - MG,9324,População residente estimada,2024,10536,population_estimate,10536.0
3136520,José Gonçalves de Minas - MG,9324,População residente estimada,2024,3993,population_estimate,3993.0
3136553,José Raydan - MG,9324,População residente estimada,2024,4352,population_estimate,4352.0
3136579,Josenópolis - MG,9324,População residente estimada,2024,3607,population_estimate,3607.0
3136603,Nova União - MG,9324,População residente estimada,2024,6083,population_estimate,6083.0
3136652,Juatuba - MG,9324,População residente estimada,2024,32726,population_estimate,32726.0
3136702,Juiz de Fora - MG,9324,População residente estimada,2024,565764,population_estimate,565764.0
3136801,Juramento - MG,9324,População residente estimada,2024,3815,population_estimate,3815.0
3136900,Juruaia - MG,9324,População residente estimada,2024,11543,population_estimate,11543.0
3136959,Juvenília - MG,9324,População residente estimada,2024,5929,population_estimate,5929.0
3137007,Ladainha - MG,9324,População residente estimada,2024,14399,population_estimate,14399.0
3137106,Lagamar - MG,9324,População residente estimada,2024,6672,population_estimate,6672.0
3137205,Lagoa da Prata - MG,9324,População residente estimada,2024,53583,population_estimate,53583.0
3137304,Lagoa dos Patos - MG,9324,População residente estimada,2024,3285,population_estimate,3285.0
3137403,Lagoa Dourada - MG,9324,População residente estimada,2024,13116,population_estimate,13116.0
3137502,Lagoa Formosa - MG,9324,População residente estimada,2024,19507,population_estimate,19507.0
3137536,Lagoa Grande - MG,9324,População residente estimada,2024,9210,population_estimate,9210.0
3137601,Lagoa Santa - MG,9324,População residente estimada,2024,79981,population_estimate,79981.0
3137700,Lajinha - MG,9324,População residente estimada,2024,21422,population_estimate,21422.0
3137809,Lambari - MG,9324,População residente estimada,2024,20950,population_estimate,20950.0
3137908,Lamim - MG,9324,População residente estimada,2024,3226,population_estimate,3226.0
3138005,Laranjal - MG,9324,População residente estimada,2024,6042,population_estimate,6042.0
3138104,Lassance - MG,9324,População residente estimada,2024,7358,population_estimate,7358.0
3138203,Lavras - MG,9324,População residente estimada,2024,109884,population_estimate,109884.0
3138302,Leandro Ferreira - MG,9324,População residente estimada,2024,3270,population_estimate,3270.0
3138351,Leme do Prado - MG,9324,População residente estimada,2024,4387,population_estimate,4387.0
3138401,Leopoldina - MG,9324,População residente estimada,2024,52696,population_estimate,52696.0
3138500,Liberdade - MG,9324,População residente estimada,2024,4775,population_estimate,4775.0
3138609,Lima Duarte - MG,9324,População residente estimada,2024,17712,population_estimate,17712.0
3138625,Limeira do Oeste - MG,9324,População residente estimada,2024,9087,population_estimate,9087.0
3138658,Lontra - MG,9324,População residente estimada,2024,8968,population_estimate,8968.0
3138674,Luisburgo - MG,9324,População residente estimada,2024,7195,population_estimate,7195.0
3138682,Luislândia - MG,9324,População residente estimada,2024,6329,population_estimate,6329.0
3138708,Luminárias - MG,9324,População residente estimada,2024,5731,population_estimate,5731.0
3138807,Luz - MG,9324,População residente estimada,2024,18304,population_estimate,18304.0
3138906,Machacalis - MG,9324,População residente estimada,2024,6579,population_estimate,6579.0
3139003,Machado - MG,9324,População residente estimada,2024,38831,population_estimate,38831.0
3139102,Madre de Deus de Minas - MG,9324,População residente estimada,2024,5341,population_estimate,5341.0
3139201,Malacacheta - MG,9324,População residente estimada,2024,17751,population_estimate,17751.0
3139250,Mamonas - MG,9324,População residente estimada,2024,6096,population_estimate,6096.0
3139300,Manga - MG,9324,População residente estimada,2024,19188,population_estimate,19188.0
3139409,Manhuaçu - MG,9324,População residente estimada,2024,96545,population_estimate,96545.0
3139508,Manhumirim - MG,9324,População residente estimada,2024,20970,population_estimate,20970.0
3139607,Mantena - MG,9324,População residente estimada,2024,27358,population_estimate,27358.0
3139706,Maravilhas - MG,9324,População residente estimada,2024,7518,population_estimate,7518.0
3139805,Mar de Espanha - MG,9324,População residente estimada,2024,13119,population_estimate,13119.0
3139904,Maria da Fé - MG,9324,População residente estimada,2024,14557,population_estimate,14557.0
3140001,Mariana - MG,9324,População residente estimada,2024,64058,population_estimate,64058.0
3140100,Marilac - MG,9324,População residente estimada,2024,4320,population_estimate,4320.0
3140159,Mário Campos - MG,9324,População residente estimada,2024,16546,population_estimate,16546.0
3140209,Maripá de Minas - MG,9324,População residente estimada,2024,3532,population_estimate,3532.0
3140308,Marliéria - MG,9324,População residente estimada,2024,4761,population_estimate,4761.0
3140407,Marmelópolis - MG,9324,População residente estimada,2024,3299,population_estimate,3299.0
3140506,Martinho Campos - MG,9324,População residente estimada,2024,14461,population_estimate,14461.0
3140530,Martins Soares - MG,9324,População residente estimada,2024,8725,population_estimate,8725.0
3140555,Mata Verde - MG,9324,População residente estimada,2024,9458,population_estimate,9458.0
3140605,Materlândia - MG,9324,População residente estimada,2024,3982,population_estimate,3982.0
3140704,Mateus Leme - MG,9324,População residente estimada,2024,40239,population_estimate,40239.0
3140803,Matias Barbosa - MG,9324,População residente estimada,2024,14501,population_estimate,14501.0
3140852,Matias Cardoso - MG,9324,População residente estimada,2024,8975,population_estimate,8975.0
3140902,Matipó - MG,9324,População residente estimada,2024,19054,population_estimate,19054.0
3141009,Mato Verde - MG,9324,População residente estimada,2024,12238,population_estimate,12238.0
3141108,Matozinhos - MG,9324,População residente estimada,2024,39291,population_estimate,39291.0
3141207,Matutina - MG,9324,População residente estimada,2024,3907,population_estimate,3907.0
3141306,Medeiros - MG,9324,População residente estimada,2024,4040,population_estimate,4040.0
3141405,Medina - MG,9324,População residente estimada,2024,20492,population_estimate,20492.0
3141504,Mendes Pimentel - MG,9324,População residente estimada,2024,5651,population_estimate,5651.0
3141603,Mercês - MG,9324,População residente estimada,2024,10609,population_estimate,10609.0
3141702,Mesquita - MG,9324,População residente estimada,2024,5038,population_estimate,5038.0
3141801,Minas Novas - MG,9324,População residente estimada,2024,24191,population_estimate,24191.0
3141900,Minduri - MG,9324,População residente estimada,2024,3815,population_estimate,3815.0
3142007,Mirabela - MG,9324,População residente estimada,2024,14029,population_estimate,14029.0
3142106,Miradouro - MG,9324,População residente estimada,2024,9026,population_estimate,9026.0
3142205,Miraí - MG,9324,População residente estimada,2024,13922,population_estimate,13922.0
3142254,Miravânia - MG,9324,População residente estimada,2024,4011,population_estimate,4011.0
3142304,Moeda - MG,9324,População residente estimada,2024,5291,population_estimate,5291.0
3142403,Moema - MG,9324,População residente estimada,2024,7778,population_estimate,7778.0
3142502,Monjolos - MG,9324,População residente estimada,2024,2196,population_estimate,2196.0
3142601,Monsenhor Paulo - MG,9324,População residente estimada,2024,8550,population_estimate,8550.0
3142700,Montalvânia - MG,9324,População residente estimada,2024,14160,population_estimate,14160.0
3142809,Monte Alegre de Minas - MG,9324,População residente estimada,2024,20666,population_estimate,20666.0
3142908,Monte Azul - MG,9324,População residente estimada,2024,20577,population_estimate,20577.0
3143005,Monte Belo - MG,9324,População residente estimada,2024,13340,population_estimate,13340.0
3143104,Monte Carmelo - MG,9324,População residente estimada,2024,49354,population_estimate,49354.0
3143153,Monte Formoso - MG,9324,População residente estimada,2024,4449,population_estimate,4449.0
3143203,Monte Santo de Minas - MG,9324,População residente estimada,2024,21301,population_estimate,21301.0
3143302,Montes Claros - MG,9324,População residente estimada,2024,434321,population_estimate,434321.0
3143401,Monte Sião - MG,9324,População residente estimada,2024,24933,population_estimate,24933.0
3143450,Montezuma - MG,9324,População residente estimada,2024,6979,population_estimate,6979.0
3143500,Morada Nova de Minas - MG,9324,População residente estimada,2024,9364,population_estimate,9364.0
3143609,Morro da Garça - MG,9324,População residente estimada,2024,2438,population_estimate,2438.0
3143708,Morro do Pilar - MG,9324,População residente estimada,2024,3174,population_estimate,3174.0
3143807,Munhoz - MG,9324,População residente estimada,2024,7857,population_estimate,7857.0
3143906,Muriaé - MG,9324,População residente estimada,2024,108161,population_estimate,108161.0
3144003,Mutum - MG,9324,População residente estimada,2024,28670,population_estimate,28670.0
3144102,Muzambinho - MG,9324,População residente estimada,2024,22527,population_estimate,22527.0
3144201,Nacip Raydan - MG,9324,População residente estimada,2024,2437,population_estimate,2437.0
3144300,Nanuque - MG,9324,População residente estimada,2024,35554,population_estimate,35554.0
3144359,Naque - MG,9324,População residente estimada,2024,6442,population_estimate,6442.0
3144375,Natalândia - MG,9324,População residente estimada,2024,3626,population_estimate,3626.0
3144409,Natércia - MG,9324,População residente estimada,2024,4800,population_estimate,4800.0
3144508,Nazareno - MG,9324,População residente estimada,2024,8390,population_estimate,8390.0
3144607,Nepomuceno - MG,9324,População residente estimada,2024,25774,population_estimate,25774.0
3144656,Ninheira - MG,9324,População residente estimada,2024,10915,population_estimate,10915.0
3144672,Nova Belém - MG,9324,População residente estimada,2024,3156,population_estimate,3156.0
3144706,Nova Era - MG,9324,População residente estimada,2024,17807,population_estimate,17807.0
3144805,Nova Lima - MG,9324,População residente estimada,2024,119142,population_estimate,119142.0
3144904,Nova Módica - MG,9324,População residente estimada,2024,3731,population_estimate,3731.0
3145000,Nova Ponte - MG,9324,População residente estimada,2024,15113,population_estimate,15113.0
3145059,Nova Porteirinha - MG,9324,População residente estimada,2024,6780,population_estimate,6780.0
3145109,Nova Resende - MG,9324,População residente estimada,2024,16854,population_estimate,16854.0
3145208,Nova Serrana - MG,9324,População residente estimada,2024,112910,population_estimate,112910.0
3145307,Novo Cruzeiro - MG,9324,População residente estimada,2024,27453,population_estimate,27453.0
3145356,Novo Oriente de Minas - MG,9324,População residente estimada,2024,10501,population_estimate,10501.0
3145372,Novorizonte - MG,9324,População residente estimada,2024,4630,population_estimate,4630.0
3145406,Olaria - MG,9324,População residente estimada,2024,1986,population_estimate,1986.0
3145455,Olhos-d'Água - MG,9324,População residente estimada,2024,5520,population_estimate,5520.0
3145505,Olímpio Noronha - MG,9324,População residente estimada,2024,2616,population_estimate,2616.0
3145604,Oliveira - MG,9324,População residente estimada,2024,40552,population_estimate,40552.0
3145703,Oliveira Fortes - MG,9324,População residente estimada,2024,2062,population_estimate,2062.0
3145802,Onça de Pitangui - MG,9324,População residente estimada,2024,3027,population_estimate,3027.0
3145851,Oratórios - MG,9324,População residente estimada,2024,5076,population_estimate,5076.0
3145877,Orizânia - MG,9324,População residente estimada,2024,8759,population_estimate,8759.0
3145901,Ouro Branco - MG,9324,População residente estimada,2024,40411,population_estimate,40411.0
3146008,Ouro Fino - MG,9324,População residente estimada,2024,33227,population_estimate,33227.0
3146107,Ouro Preto - MG,9324,População residente estimada,2024,77601,population_estimate,77601.0
3146206,Ouro Verde de Minas - MG,9324,População residente estimada,2024,5858,population_estimate,5858.0
3146255,Padre Carvalho - MG,9324,População residente estimada,2024,5085,population_estimate,5085.0
3146305,Padre Paraíso - MG,9324,População residente estimada,2024,17537,population_estimate,17537.0
3146404,Paineiras - MG,9324,População residente estimada,2024,4273,population_estimate,4273.0
3146503,Pains - MG,9324,População residente estimada,2024,8341,population_estimate,8341.0
3146552,Pai Pedro - MG,9324,População residente estimada,2024,5634,population_estimate,5634.0
3146602,Paiva - MG,9324,População residente estimada,2024,1498,population_estimate,1498.0
3146701,Palma - MG,9324,População residente estimada,2024,5742,population_estimate,5742.0
3146750,Palmópolis - MG,9324,População residente estimada,2024,6373,population_estimate,6373.0
3146909,Papagaios - MG,9324,População residente estimada,2024,14207,population_estimate,14207.0
3147006,Paracatu - MG,9324,População residente estimada,2024,98397,population_estimate,98397.0
3147105,Pará de Minas - MG,9324,População residente estimada,2024,102033,population_estimate,102033.0
3147204,Paraguaçu - MG,9324,População residente estimada,2024,22357,population_estimate,22357.0
3147303,Paraisópolis - MG,9324,População residente estimada,2024,21005,population_estimate,21005.0
3147402,Paraopeba - MG,9324,População residente estimada,2024,24800,population_estimate,24800.0
3147501,Passabém - MG,9324,População residente estimada,2024,1617,population_estimate,1617.0
3147600,Passa Quatro - MG,9324,População residente estimada,2024,15842,population_estimate,15842.0
3147709,Passa Tempo - MG,9324,População residente estimada,2024,8696,population_estimate,8696.0
3147808,Passa Vinte - MG,9324,População residente estimada,2024,2301,population_estimate,2301.0
3147907,Passos - MG,9324,População residente estimada,2024,116530,population_estimate,116530.0
3147956,Patis - MG,9324,População residente estimada,2024,4863,population_estimate,4863.0
3148004,Patos de Minas - MG,9324,População residente estimada,2024,167870,population_estimate,167870.0
3148103,Patrocínio - MG,9324,População residente estimada,2024,93852,population_estimate,93852.0
3148202,Patrocínio do Muriaé - MG,9324,População residente estimada,2024,5735,population_estimate,5735.0
3148301,Paula Cândido - MG,9324,População residente estimada,2024,8786,population_estimate,8786.0
3148400,Paulistas - MG,9324,População residente estimada,2024,4429,population_estimate,4429.0
3148509,Pavão - MG,9324,População residente estimada,2024,8168,population_estimate,8168.0
3148608,Peçanha - MG,9324,População residente estimada,2024,17843,population_estimate,17843.0
3148707,Pedra Azul - MG,9324,População residente estimada,2024,24999,population_estimate,24999.0
3148756,Pedra Bonita - MG,9324,População residente estimada,2024,7559,population_estimate,7559.0
3148806,Pedra do Anta - MG,9324,População residente estimada,2024,3371,population_estimate,3371.0
3148905,Pedra do Indaiá - MG,9324,População residente estimada,2024,4232,population_estimate,4232.0
3149002,Pedra Dourada - MG,9324,População residente estimada,2024,2883,population_estimate,2883.0
3149101,Pedralva - MG,9324,População residente estimada,2024,10924,population_estimate,10924.0
3149150,Pedras de Maria da Cruz - MG,9324,População residente estimada,2024,10619,population_estimate,10619.0
3149200,Pedrinópolis - MG,9324,População residente estimada,2024,3404,population_estimate,3404.0
3149309,Pedro Leopoldo - MG,9324,População residente estimada,2024,64910,population_estimate,64910.0
3149408,Pedro Teixeira - MG,9324,População residente estimada,2024,1854,population_estimate,1854.0
3149507,Pequeri - MG,9324,População residente estimada,2024,3448,population_estimate,3448.0
3149606,Pequi - MG,9324,População residente estimada,2024,4258,population_estimate,4258.0
3149705,Perdigão - MG,9324,População residente estimada,2024,12925,population_estimate,12925.0
3149804,Perdizes - MG,9324,População residente estimada,2024,17830,population_estimate,17830.0
3149903,Perdões - MG,9324,População residente estimada,2024,21991,population_estimate,21991.0
3149952,Periquito - MG,9324,População residente estimada,2024,6647,population_estimate,6647.0
3150000,Pescador - MG,9324,População residente estimada,2024,3587,population_estimate,3587.0
3150109,Piau - MG,9324,População residente estimada,2024,2854,population_estimate,2854.0
3150158,Piedade de Caratinga - MG,9324,População residente estimada,2024,8883,population_estimate,8883.0
3150208,Piedade de Ponte Nova - MG,9324,População residente estimada,2024,4056,population_estimate,4056.0
3150307,Piedade do Rio Grande - MG,9324,População residente estimada,2024,4697,population_estimate,4697.0
3150406,Piedade dos Gerais - MG,9324,População residente estimada,2024,5175,population_estimate,5175.0
3150505,Pimenta - MG,9324,População residente estimada,2024,8794,population_estimate,8794.0
3150539,Pingo-d'Água - MG,9324,População residente estimada,2024,4845,population_estimate,4845.0
3150570,Pintópolis - MG,9324,População residente estimada,2024,7231,population_estimate,7231.0
3150604,Piracema - MG,9324,População residente estimada,2024,6884,population_estimate,6884.0
3150703,Pirajuba - MG,9324,População residente estimada,2024,5762,population_estimate,5762.0
3150802,Piranga - MG,9324,População residente estimada,2024,17360,population_estimate,17360.0
3150901,Piranguçu - MG,9324,População residente estimada,2024,6271,population_estimate,6271.0
3151008,Piranguinho - MG,9324,População residente estimada,2024,9451,population_estimate,9451.0
3151107,Pirapetinga - MG,9324,População residente estimada,2024,11408,population_estimate,11408.0
3151206,Pirapora - MG,9324,População residente estimada,2024,57543,population_estimate,57543.0
3151305,Piraúba - MG,9324,População residente estimada,2024,11958,population_estimate,11958.0
3151404,Pitangui - MG,9324,População residente estimada,2024,27734,population_estimate,27734.0
3151503,Piumhi - MG,9324,População residente estimada,2024,37742,population_estimate,37742.0
3151602,Planura - MG,9324,População residente estimada,2024,11484,population_estimate,11484.0
3151701,Poço Fundo - MG,9324,População residente estimada,2024,16791,population_estimate,16791.0
3151800,Poços de Caldas - MG,9324,População residente estimada,2024,171533,population_estimate,171533.0
3151909,Pocrane - MG,9324,População residente estimada,2024,8468,population_estimate,8468.0
3152006,Pompéu - MG,9324,População residente estimada,2024,32305,population_estimate,32305.0
3152105,Ponte Nova - MG,9324,População residente estimada,2024,59569,population_estimate,59569.0
3152131,Ponto Chique - MG,9324,População residente estimada,2024,3807,population_estimate,3807.0
3152170,Ponto dos Volantes - MG,9324,População residente estimada,2024,11077,population_estimate,11077.0
3152204,Porteirinha - MG,9324,População residente estimada,2024,38668,population_estimate,38668.0
3152303,Porto Firme - MG,9324,População residente estimada,2024,10825,population_estimate,10825.0
3152402,Poté - MG,9324,População residente estimada,2024,13751,population_estimate,13751.0
3152501,Pouso Alegre - MG,9324,População residente estimada,2024,160751,population_estimate,160751.0
3152600,Pouso Alto - MG,9324,População residente estimada,2024,6755,population_estimate,6755.0
3152709,Prados - MG,9324,População residente estimada,2024,9327,population_estimate,9327.0
3152808,Prata - MG,9324,População residente estimada,2024,29578,population_estimate,29578.0
3152907,Pratápolis - MG,9324,População residente estimada,2024,8551,population_estimate,8551.0
3153004,Pratinha - MG,9324,População residente estimada,2024,3673,population_estimate,3673.0
3153103,Presidente Bernardes - MG,9324,População residente estimada,2024,4883,population_estimate,4883.0
3153202,Presidente Juscelino - MG,9324,População residente estimada,2024,3493,population_estimate,3493.0
3153301,Presidente Kubitschek - MG,9324,População residente estimada,2024,3154,population_estimate,3154.0
3153400,Presidente Olegário - MG,9324,População residente estimada,2024,19177,population_estimate,19177.0
3153509,Alto Jequitibá - MG,9324,População residente estimada,2024,8596,population_estimate,8596.0
3153608,Prudente de Morais - MG,9324,População residente estimada,2024,11940,population_estimate,11940.0
3153707,Quartel Geral - MG,9324,População residente estimada,2024,3237,population_estimate,3237.0
3153806,Queluzito - MG,9324,População residente estimada,2024,1800,population_estimate,1800.0
3153905,Raposos - MG,9324,População residente estimada,2024,16735,population_estimate,16735.0
3154002,Raul Soares - MG,9324,População residente estimada,2024,23882,population_estimate,23882.0
3154101,Recreio - MG,9324,População residente estimada,2024,11337,population_estimate,11337.0
3154150,Reduto - MG,9324,População residente estimada,2024,8170,population_estimate,8170.0
3154200,Resende Costa - MG,9324,População residente estimada,2024,11520,population_estimate,11520.0
3154309,Resplendor - MG,9324,População residente estimada,2024,17612,population_estimate,17612.0
3154408,Ressaquinha - MG,9324,População residente estimada,2024,4641,population_estimate,4641.0
3154457,Riachinho - MG,9324,População residente estimada,2024,6890,population_estimate,6890.0
3154507,Riacho dos Machados - MG,9324,População residente estimada,2024,8886,population_estimate,8886.0
3154606,Ribeirão das Neves - MG,9324,População residente estimada,2024,344828,population_estimate,344828.0
3154705,Ribeirão Vermelho - MG,9324,População residente estimada,2024,4201,population_estimate,4201.0
3154804,Rio Acima - MG,9324,População residente estimada,2024,10626,population_estimate,10626.0
3154903,Rio Casca - MG,9324,População residente estimada,2024,12921,population_estimate,12921.0
3155009,Rio Doce - MG,9324,População residente estimada,2024,2542,population_estimate,2542.0
3155108,Rio do Prado - MG,9324,População residente estimada,2024,4679,population_estimate,4679.0
3155207,Rio Espera - MG,9324,População residente estimada,2024,5479,population_estimate,5479.0
3155306,Rio Manso - MG,9324,População residente estimada,2024,5727,population_estimate,5727.0
3155405,Rio Novo - MG,9324,População residente estimada,2024,8689,population_estimate,8689.0
3155504,Rio Paranaíba - MG,9324,População residente estimada,2024,15143,population_estimate,15143.0
3155603,Rio Pardo de Minas - MG,9324,População residente estimada,2024,29123,population_estimate,29123.0
3155702,Rio Piracicaba - MG,9324,População residente estimada,2024,15001,population_estimate,15001.0
3155801,Rio Pomba - MG,9324,População residente estimada,2024,17856,population_estimate,17856.0
3155900,Rio Preto - MG,9324,População residente estimada,2024,5240,population_estimate,5240.0
3156007,Rio Vermelho - MG,9324,População residente estimada,2024,12815,population_estimate,12815.0
3156106,Ritápolis - MG,9324,População residente estimada,2024,5115,population_estimate,5115.0
3156205,Rochedo de Minas - MG,9324,População residente estimada,2024,2363,population_estimate,2363.0
3156304,Rodeiro - MG,9324,População residente estimada,2024,9064,population_estimate,9064.0
3156403,Romaria - MG,9324,População residente estimada,2024,3440,population_estimate,3440.0
3156452,Rosário da Limeira - MG,9324,População residente estimada,2024,4896,population_estimate,4896.0
3156502,Rubelita - MG,9324,População residente estimada,2024,5572,population_estimate,5572.0
3156601,Rubim - MG,9324,População residente estimada,2024,10575,population_estimate,10575.0
3156700,Sabará - MG,9324,População residente estimada,2024,134286,population_estimate,134286.0
3156809,Sabinópolis - MG,9324,População residente estimada,2024,14382,population_estimate,14382.0
3156908,Sacramento - MG,9324,População residente estimada,2024,27891,population_estimate,27891.0
3157005,Salinas - MG,9324,População residente estimada,2024,41641,population_estimate,41641.0
3157104,Salto da Divisa - MG,9324,População residente estimada,2024,6164,population_estimate,6164.0
3157203,Santa Bárbara - MG,9324,População residente estimada,2024,31756,population_estimate,31756.0
3157252,Santa Bárbara do Leste - MG,9324,População residente estimada,2024,8737,population_estimate,8737.0
3157278,Santa Bárbara do Monte Verde - MG,9324,População residente estimada,2024,3199,population_estimate,3199.0
3157302,Santa Bárbara do Tugúrio - MG,9324,População residente estimada,2024,4262,population_estimate,4262.0
3157336,Santa Cruz de Minas - MG,9324,População residente estimada,2024,8321,population_estimate,8321.0
3157377,Santa Cruz de Salinas - MG,9324,População residente estimada,2024,3944,population_estimate,3944.0
3157401,Santa Cruz do Escalvado - MG,9324,População residente estimada,2024,4743,population_estimate,4743.0
3157500,Santa Efigênia de Minas - MG,9324,População residente estimada,2024,4067,population_estimate,4067.0
3157609,Santa Fé de Minas - MG,9324,População residente estimada,2024,3551,population_estimate,3551.0
3157658,Santa Helena de Minas - MG,9324,População residente estimada,2024,6059,population_estimate,6059.0
3157708,Santa Juliana - MG,9324,População residente estimada,2024,16568,population_estimate,16568.0
3157807,Santa Luzia - MG,9324,População residente estimada,2024,229483,population_estimate,229483.0
3157906,Santa Margarida - MG,9324,População residente estimada,2024,16903,population_estimate,16903.0
3158003,Santa Maria de Itabira - MG,9324,População residente estimada,2024,10716,population_estimate,10716.0
3158102,Santa Maria do Salto - MG,9324,População residente estimada,2024,4803,population_estimate,4803.0
3158201,Santa Maria do Suaçuí - MG,9324,População residente estimada,2024,12898,population_estimate,12898.0
3158300,Santana da Vargem - MG,9324,População residente estimada,2024,6781,population_estimate,6781.0
3158409,Santana de Cataguases - MG,9324,População residente estimada,2024,3553,population_estimate,3553.0
3158508,Santana de Pirapama - MG,9324,População residente estimada,2024,7079,population_estimate,7079.0
3158607,Santana do Deserto - MG,9324,População residente estimada,2024,3819,population_estimate,3819.0
3158706,Santana do Garambéu - MG,9324,População residente estimada,2024,2175,population_estimate,2175.0
3158805,Santana do Jacaré - MG,9324,População residente estimada,2024,4265,population_estimate,4265.0
3158904,Santana do Manhuaçu - MG,9324,População residente estimada,2024,9236,population_estimate,9236.0
3158953,Santana do Paraíso - MG,9324,População residente estimada,2024,48286,population_estimate,48286.0
3159001,Santana do Riacho - MG,9324,População residente estimada,2024,5579,population_estimate,5579.0
3159100,Santana dos Montes - MG,9324,População residente estimada,2024,3507,population_estimate,3507.0
3159209,Santa Rita de Caldas - MG,9324,População residente estimada,2024,8588,population_estimate,8588.0
3159308,Santa Rita de Jacutinga - MG,9324,População residente estimada,2024,4836,population_estimate,4836.0
3159357,Santa Rita de Minas - MG,9324,População residente estimada,2024,6952,population_estimate,6952.0
3159407,Santa Rita de Ibitipoca - MG,9324,População residente estimada,2024,3344,population_estimate,3344.0
3159506,Santa Rita do Itueto - MG,9324,População residente estimada,2024,5973,population_estimate,5973.0
3159605,Santa Rita do Sapucaí - MG,9324,População residente estimada,2024,42320,population_estimate,42320.0
3159704,Santa Rosa da Serra - MG,9324,População residente estimada,2024,3476,population_estimate,3476.0
3159803,Santa Vitória - MG,9324,População residente estimada,2024,21745,population_estimate,21745.0
3159902,Santo Antônio do Amparo - MG,9324,População residente estimada,2024,17651,population_estimate,17651.0
3160009,Santo Antônio do Aventureiro - MG,9324,População residente estimada,2024,3881,population_estimate,3881.0
3160108,Santo Antônio do Grama - MG,9324,População residente estimada,2024,4342,population_estimate,4342.0
3160207,Santo Antônio do Itambé - MG,9324,População residente estimada,2024,3979,population_estimate,3979.0
3160306,Santo Antônio do Jacinto - MG,9324,População residente estimada,2024,10397,population_estimate,10397.0
3160405,Santo Antônio do Monte - MG,9324,População residente estimada,2024,28358,population_estimate,28358.0
3160454,Santo Antônio do Retiro - MG,9324,População residente estimada,2024,6743,population_estimate,6743.0
3160504,Santo Antônio do Rio Abaixo - MG,9324,População residente estimada,2024,1853,population_estimate,1853.0
3160603,Santo Hipólito - MG,9324,População residente estimada,2024,2720,population_estimate,2720.0
3160702,Santos Dumont - MG,9324,População residente estimada,2024,43392,population_estimate,43392.0
3160801,São Bento Abade - MG,9324,População residente estimada,2024,4835,population_estimate,4835.0
3160900,São Brás do Suaçuí - MG,9324,População residente estimada,2024,4133,population_estimate,4133.0
3160959,São Domingos das Dores - MG,9324,População residente estimada,2024,5778,population_estimate,5778.0
3161007,São Domingos do Prata - MG,9324,População residente estimada,2024,17771,population_estimate,17771.0
3161056,São Félix de Minas - MG,9324,População residente estimada,2024,3252,population_estimate,3252.0
3161106,São Francisco - MG,9324,População residente estimada,2024,54239,population_estimate,54239.0
3161205,São Francisco de Paula - MG,9324,População residente estimada,2024,6293,population_estimate,6293.0
3161304,São Francisco de Sales - MG,9324,População residente estimada,2024,5857,population_estimate,5857.0
3161403,São Francisco do Glória - MG,9324,População residente estimada,2024,4866,population_estimate,4866.0
3161502,São Geraldo - MG,9324,População residente estimada,2024,10517,population_estimate,10517.0
3161601,São Geraldo da Piedade - MG,9324,População residente estimada,2024,3258,population_estimate,3258.0
3161650,São Geraldo do Baixio - MG,9324,População residente estimada,2024,3175,population_estimate,3175.0
3161700,São Gonçalo do Abaeté - MG,9324,População residente estimada,2024,7521,population_estimate,7521.0
3161809,São Gonçalo do Pará - MG,9324,População residente estimada,2024,12192,population_estimate,12192.0
3161908,São Gonçalo do Rio Abaixo - MG,9324,População residente estimada,2024,12353,population_estimate,12353.0
3162005,São Gonçalo do Sapucaí - MG,9324,População residente estimada,2024,24480,population_estimate,24480.0
3162104,São Gotardo - MG,9324,População residente estimada,2024,43309,population_estimate,43309.0
3162203,São João Batista do Glória - MG,9324,População residente estimada,2024,7912,population_estimate,7912.0
3162252,São João da Lagoa - MG,9324,População residente estimada,2024,4950,population_estimate,4950.0
3162302,São João da Mata - MG,9324,População residente estimada,2024,3000,population_estimate,3000.0
3162401,São João da Ponte - MG,9324,População residente estimada,2024,24269,population_estimate,24269.0
3162450,São João das Missões - MG,9324,População residente estimada,2024,13467,population_estimate,13467.0
3162500,São João del Rei - MG,9324,População residente estimada,2024,94062,population_estimate,94062.0
3162559,São João do Manhuaçu - MG,9324,População residente estimada,2024,11614,population_estimate,11614.0
3162575,São João do Manteninha - MG,9324,População residente estimada,2024,5468,population_estimate,5468.0
3162609,São João do Oriente - MG,9324,População residente estimada,2024,7139,population_estimate,7139.0
3162658,São João do Pacuí - MG,9324,População residente estimada,2024,4052,population_estimate,4052.0
3162708,São João do Paraíso - MG,9324,População residente estimada,2024,24604,population_estimate,24604.0
3162807,São João Evangelista - MG,9324,População residente estimada,2024,15617,population_estimate,15617.0
3162906,São João Nepomuceno - MG,9324,População residente estimada,2024,26478,population_estimate,26478.0
3162922,São Joaquim de Bicas - MG,9324,População residente estimada,2024,36496,population_estimate,36496.0
3162948,São José da Barra - MG,9324,População residente estimada,2024,8084,population_estimate,8084.0
3162955,São José da Lapa - MG,9324,População residente estimada,2024,27710,population_estimate,27710.0
3163003,São José da Safira - MG,9324,População residente estimada,2024,3861,population_estimate,3861.0
3163102,São José da Varginha - MG,9324,População residente estimada,2024,4677,population_estimate,4677.0
3163201,São José do Alegre - MG,9324,População residente estimada,2024,4242,population_estimate,4242.0
3163300,São José do Divino - MG,9324,População residente estimada,2024,3501,population_estimate,3501.0
3163409,São José do Goiabal - MG,9324,População residente estimada,2024,5492,population_estimate,5492.0
3163508,São José do Jacuri - MG,9324,População residente estimada,2024,6298,population_estimate,6298.0
3163607,São José do Mantimento - MG,9324,População residente estimada,2024,2834,population_estimate,2834.0
3163706,São Lourenço - MG,9324,População residente estimada,2024,46653,population_estimate,46653.0
3163805,São Miguel do Anta - MG,9324,População residente estimada,2024,6430,population_estimate,6430.0
3163904,São Pedro da União - MG,9324,População residente estimada,2024,4979,population_estimate,4979.0
3164001,São Pedro dos Ferros - MG,9324,População residente estimada,2024,7194,population_estimate,7194.0
3164100,São Pedro do Suaçuí - MG,9324,População residente estimada,2024,5166,population_estimate,5166.0
3164209,São Romão - MG,9324,População residente estimada,2024,10553,population_estimate,10553.0
3164308,São Roque de Minas - MG,9324,População residente estimada,2024,7341,population_estimate,7341.0
3164407,São Sebastião da Bela Vista - MG,9324,População residente estimada,2024,6694,population_estimate,6694.0
3164431,São Sebastião da Vargem Alegre - MG,9324,População residente estimada,2024,3219,population_estimate,3219.0
3164472,São Sebastião do Anta - MG,9324,População residente estimada,2024,6386,population_estimate,6386.0
3164506,São Sebastião do Maranhão - MG,9324,População residente estimada,2024,10244,population_estimate,10244.0
3164605,São Sebastião do Oeste - MG,9324,População residente estimada,2024,9355,population_estimate,9355.0
3164704,São Sebastião do Paraíso - MG,9324,População residente estimada,2024,74742,population_estimate,74742.0
3164803,São Sebastião do Rio Preto - MG,9324,População residente estimada,2024,1248,population_estimate,1248.0
3164902,São Sebastião do Rio Verde - MG,9324,População residente estimada,2024,2373,population_estimate,2373.0
3165008,São Tiago - MG,9324,População residente estimada,2024,11517,population_estimate,11517.0
3165107,São Tomás de Aquino - MG,9324,População residente estimada,2024,6853,population_estimate,6853.0
3165206,São Tomé das Letras - MG,9324,População residente estimada,2024,7089,population_estimate,7089.0
3165305,São Vicente de Minas - MG,9324,População residente estimada,2024,6935,population_estimate,6935.0
3165404,Sapucaí-Mirim - MG,9324,População residente estimada,2024,6462,population_estimate,6462.0
3165503,Sardoá - MG,9324,População residente estimada,2024,5164,population_estimate,5164.0
3165537,Sarzedo - MG,9324,População residente estimada,2024,39327,population_estimate,39327.0
3165552,Setubinha - MG,9324,População residente estimada,2024,10032,population_estimate,10032.0
3165560,Sem-Peixe - MG,9324,População residente estimada,2024,2441,population_estimate,2441.0
3165578,Senador Amaral - MG,9324,População residente estimada,2024,6458,population_estimate,6458.0
3165602,Senador Cortes - MG,9324,População residente estimada,2024,2319,population_estimate,2319.0
3165701,Senador Firmino - MG,9324,População residente estimada,2024,7945,population_estimate,7945.0
3165800,Senador José Bento - MG,9324,População residente estimada,2024,2137,population_estimate,2137.0
3165909,Senador Modestino Gonçalves - MG,9324,População residente estimada,2024,4035,population_estimate,4035.0
3166006,Senhora de Oliveira - MG,9324,População residente estimada,2024,5584,population_estimate,5584.0
3166105,Senhora do Porto - MG,9324,População residente estimada,2024,3088,population_estimate,3088.0
3166204,Senhora dos Remédios - MG,9324,População residente estimada,2024,10640,population_estimate,10640.0
3166303,Sericita - MG,9324,População residente estimada,2024,7536,population_estimate,7536.0
3166402,Seritinga - MG,9324,População residente estimada,2024,1864,population_estimate,1864.0
3166501,Serra Azul de Minas - MG,9324,População residente estimada,2024,3829,population_estimate,3829.0
3166600,Serra da Saudade - MG,9324,População residente estimada,2024,854,population_estimate,854.0
3166709,Serra dos Aimorés - MG,9324,População residente estimada,2024,6936,population_estimate,6936.0
3166808,Serra do Salitre - MG,9324,População residente estimada,2024,12210,population_estimate,12210.0
3166907,Serrania - MG,9324,População residente estimada,2024,7802,population_estimate,7802.0
3166956,Serranópolis de Minas - MG,9324,População residente estimada,2024,4496,population_estimate,4496.0
3167004,Serranos - MG,9324,População residente estimada,2024,2035,population_estimate,2035.0
3167103,Serro - MG,9324,População residente estimada,2024,22550,population_estimate,22550.0
3167202,Sete Lagoas - MG,9324,População residente estimada,2024,237931,population_estimate,237931.0
3167301,Silveirânia - MG,9324,População residente estimada,2024,2391,population_estimate,2391.0
3167400,Silvianópolis - MG,9324,População residente estimada,2024,6336,population_estimate,6336.0
3167509,Simão Pereira - MG,9324,População residente estimada,2024,3060,population_estimate,3060.0
3167608,Simonésia - MG,9324,População residente estimada,2024,20339,population_estimate,20339.0
3167707,Sobrália - MG,9324,População residente estimada,2024,5175,population_estimate,5175.0
3167806,Soledade de Minas - MG,9324,População residente estimada,2024,5733,population_estimate,5733.0
3167905,Tabuleiro - MG,9324,População residente estimada,2024,4098,population_estimate,4098.0
3168002,Taiobeiras - MG,9324,População residente estimada,2024,34392,population_estimate,34392.0
3168051,Taparuba - MG,9324,População residente estimada,2024,3492,population_estimate,3492.0
3168101,Tapira - MG,9324,População residente estimada,2024,4212,population_estimate,4212.0
3168200,Tapiraí - MG,9324,População residente estimada,2024,1707,population_estimate,1707.0
3168309,Taquaraçu de Minas - MG,9324,População residente estimada,2024,4368,population_estimate,4368.0
3168408,Tarumirim - MG,9324,População residente estimada,2024,15072,population_estimate,15072.0
3168507,Teixeiras - MG,9324,População residente estimada,2024,12634,population_estimate,12634.0
3168606,Teófilo Otoni - MG,9324,População residente estimada,2024,142571,population_estimate,142571.0
3168705,Timóteo - MG,9324,População residente estimada,2024,84087,population_estimate,84087.0
3168804,Tiradentes - MG,9324,População residente estimada,2024,8008,population_estimate,8008.0
3168903,Tiros - MG,9324,População residente estimada,2024,8172,population_estimate,8172.0
3169000,Tocantins - MG,9324,População residente estimada,2024,16574,population_estimate,16574.0
3169059,Tocos do Moji - MG,9324,População residente estimada,2024,3899,population_estimate,3899.0
3169109,Toledo - MG,9324,População residente estimada,2024,7541,population_estimate,7541.0
3169208,Tombos - MG,9324,População residente estimada,2024,8699,population_estimate,8699.0
3169307,Três Corações - MG,9324,População residente estimada,2024,78079,population_estimate,78079.0
3169356,Três Marias - MG,9324,População residente estimada,2024,29927,population_estimate,29927.0
3169406,Três Pontas - MG,9324,População residente estimada,2024,57086,population_estimate,57086.0
3169505,Tumiritinga - MG,9324,População residente estimada,2024,5973,population_estimate,5973.0
3169604,Tupaciguara - MG,9324,População residente estimada,2024,26482,population_estimate,26482.0
3169703,Turmalina - MG,9324,População residente estimada,2024,20650,population_estimate,20650.0
3169802,Turvolândia - MG,9324,População residente estimada,2024,5078,population_estimate,5078.0
3169901,Ubá - MG,9324,População residente estimada,2024,107222,population_estimate,107222.0
3170008,Ubaí - MG,9324,População residente estimada,2024,11977,population_estimate,11977.0
3170057,Ubaporanga - MG,9324,População residente estimada,2024,13423,population_estimate,13423.0
3170107,Uberaba - MG,9324,População residente estimada,2024,354142,population_estimate,354142.0
3170206,Uberlândia - MG,9324,População residente estimada,2024,754954,population_estimate,754954.0
3170305,Umburatiba - MG,9324,População residente estimada,2024,2742,population_estimate,2742.0
3170404,Unaí - MG,9324,População residente estimada,2024,90724,population_estimate,90724.0
3170438,União de Minas - MG,9324,População residente estimada,2024,3848,population_estimate,3848.0
3170479,Uruana de Minas - MG,9324,População residente estimada,2024,3360,population_estimate,3360.0
3170503,Urucânia - MG,9324,População residente estimada,2024,10875,population_estimate,10875.0
3170529,Urucuia - MG,9324,População residente estimada,2024,18291,population_estimate,18291.0
3170578,Vargem Alegre - MG,9324,População residente estimada,2024,5834,population_estimate,5834.0
3170602,Vargem Bonita - MG,9324,População residente estimada,2024,2206,population_estimate,2206.0
3170651,Vargem Grande do Rio Pardo - MG,9324,População residente estimada,2024,4727,population_estimate,4727.0
3170701,Varginha - MG,9324,População residente estimada,2024,142802,population_estimate,142802.0
3170750,Varjão de Minas - MG,9324,População residente estimada,2024,7243,population_estimate,7243.0
3170800,Várzea da Palma - MG,9324,População residente estimada,2024,34639,population_estimate,34639.0
3170909,Varzelândia - MG,9324,População residente estimada,2024,19214,population_estimate,19214.0
3171006,Vazante - MG,9324,População residente estimada,2024,20433,population_estimate,20433.0
3171030,Verdelândia - MG,9324,População residente estimada,2024,7770,population_estimate,7770.0
3171071,Veredinha - MG,9324,População residente estimada,2024,5257,population_estimate,5257.0
3171105,Veríssimo - MG,9324,População residente estimada,2024,3480,population_estimate,3480.0
3171154,Vermelho Novo - MG,9324,População residente estimada,2024,5034,population_estimate,5034.0
3171204,Vespasiano - MG,9324,População residente estimada,2024,136826,population_estimate,136826.0
3171303,Viçosa - MG,9324,População residente estimada,2024,79221,population_estimate,79221.0
3171402,Vieiras - MG,9324,População residente estimada,2024,3780,population_estimate,3780.0
3171501,Mathias Lobato - MG,9324,População residente estimada,2024,3069,population_estimate,3069.0
3171600,Virgem da Lapa - MG,9324,População residente estimada,2024,11867,population_estimate,11867.0
3171709,Virgínia - MG,9324,População residente estimada,2024,9142,population_estimate,9142.0
3171808,Virginópolis - MG,9324,População residente estimada,2024,10519,population_estimate,10519.0
3171907,Virgolândia - MG,9324,População residente estimada,2024,4530,population_estimate,4530.0
3172004,Visconde do Rio Branco - MG,9324,População residente estimada,2024,40608,population_estimate,40608.0
3172103,Volta Grande - MG,9324,População residente estimada,2024,4473,population_estimate,4473.0
3172202,Wenceslau Braz - MG,9324,População residente estimada,2024,2387,population_estimate,2387.0
3200102,Afonso Cláudio - ES,9324,População residente estimada,2024,32446,population_estimate,32446.0
3200136,Águia Branca - ES,9324,População residente estimada,2024,10124,population_estimate,10124.0
3200169,Água Doce do Norte - ES,9324,População residente estimada,2024,12559,population_estimate,12559.0
3200201,Alegre - ES,9324,População residente estimada,2024,30744,population_estimate,30744.0
3200300,Alfredo Chaves - ES,9324,População residente estimada,2024,14373,population_estimate,14373.0
3200359,Alto Rio Novo - ES,9324,População residente estimada,2024,7747,population_estimate,7747.0
3200409,Anchieta - ES,9324,População residente estimada,2024,32584,population_estimate,32584.0
3200508,Apiacá - ES,9324,População residente estimada,2024,7474,population_estimate,7474.0
3200607,Aracruz - ES,9324,População residente estimada,2024,102410,population_estimate,102410.0
3200706,Atílio Vivácqua - ES,9324,População residente estimada,2024,11013,population_estimate,11013.0
3200805,Baixo Guandu - ES,9324,População residente estimada,2024,32694,population_estimate,32694.0
3200904,Barra de São Francisco - ES,9324,População residente estimada,2024,45250,population_estimate,45250.0
3201001,Boa Esperança - ES,9324,População residente estimada,2024,14079,population_estimate,14079.0
3201100,Bom Jesus do Norte - ES,9324,População residente estimada,2024,10764,population_estimate,10764.0
3201159,Brejetuba - ES,9324,População residente estimada,2024,13642,population_estimate,13642.0
3201209,Cachoeiro de Itapemirim - ES,9324,População residente estimada,2024,198323,population_estimate,198323.0
3201308,Cariacica - ES,9324,População residente estimada,2024,375485,population_estimate,375485.0
3201407,Castelo - ES,9324,População residente estimada,2024,39396,population_estimate,39396.0
3201506,Colatina - ES,9324,População residente estimada,2024,128622,population_estimate,128622.0
3201605,Conceição da Barra - ES,9324,População residente estimada,2024,28953,population_estimate,28953.0
3201704,Conceição do Castelo - ES,9324,População residente estimada,2024,12448,population_estimate,12448.0
3201803,Divino de São Lourenço - ES,9324,População residente estimada,2024,5359,population_estimate,5359.0
3201902,Domingos Martins - ES,9324,População residente estimada,2024,37972,population_estimate,37972.0
3202009,Dores do Rio Preto - ES,9324,População residente estimada,2024,6885,population_estimate,6885.0
3202108,Ecoporanga - ES,9324,População residente estimada,2024,22670,population_estimate,22670.0
3202207,Fundão - ES,9324,População residente estimada,2024,18824,population_estimate,18824.0
3202256,Governador Lindenberg - ES,9324,População residente estimada,2024,11467,population_estimate,11467.0
3202306,Guaçuí - ES,9324,População residente estimada,2024,31290,population_estimate,31290.0
3202405,Guarapari - ES,9324,População residente estimada,2024,134944,population_estimate,134944.0
3202454,Ibatiba - ES,9324,População residente estimada,2024,27308,population_estimate,27308.0
3202504,Ibiraçu - ES,9324,População residente estimada,2024,12261,population_estimate,12261.0
3202553,Ibitirama - ES,9324,População residente estimada,2024,9973,population_estimate,9973.0
3202603,Iconha - ES,9324,População residente estimada,2024,12793,population_estimate,12793.0
3202652,Irupi - ES,9324,População residente estimada,2024,14513,population_estimate,14513.0
3202702,Itaguaçu - ES,9324,População residente estimada,2024,14065,population_estimate,14065.0
3202801,Itapemirim - ES,9324,População residente estimada,2024,43362,population_estimate,43362.0
3202900,Itarana - ES,9324,População residente estimada,2024,10984,population_estimate,10984.0
3203007,Iúna - ES,9324,População residente estimada,2024,30444,population_estimate,30444.0
3203056,Jaguaré - ES,9324,População residente estimada,2024,31232,population_estimate,31232.0
3203106,Jerônimo Monteiro - ES,9324,População residente estimada,2024,12079,population_estimate,12079.0
3203130,João Neiva - ES,9324,População residente estimada,2024,14391,population_estimate,14391.0
3203163,Laranja da Terra - ES,9324,População residente estimada,2024,11572,population_estimate,11572.0
3203205,Linhares - ES,9324,População residente estimada,2024,181912,population_estimate,181912.0
3203304,Mantenópolis - ES,9324,População residente estimada,2024,13173,population_estimate,13173.0
3203320,Marataízes - ES,9324,População residente estimada,2024,45418,population_estimate,45418.0
3203346,Marechal Floriano - ES,9324,População residente estimada,2024,18743,population_estimate,18743.0
3203353,Marilândia - ES,9324,População residente estimada,2024,13014,population_estimate,13014.0
3203403,Mimoso do Sul - ES,9324,População residente estimada,2024,25179,population_estimate,25179.0
3203502,Montanha - ES,9324,População residente estimada,2024,19752,population_estimate,19752.0
3203601,Mucurici - ES,9324,População residente estimada,2024,5660,population_estimate,5660.0
3203700,Muniz Freire - ES,9324,População residente estimada,2024,18811,population_estimate,18811.0
3203809,Muqui - ES,9324,População residente estimada,2024,14213,population_estimate,14213.0
3203908,Nova Venécia - ES,9324,População residente estimada,2024,52084,population_estimate,52084.0
3204005,Pancas - ES,9324,População residente estimada,2024,19270,population_estimate,19270.0
3204054,Pedro Canário - ES,9324,População residente estimada,2024,22048,population_estimate,22048.0
3204104,Pinheiros - ES,9324,População residente estimada,2024,24825,population_estimate,24825.0
3204203,Piúma - ES,9324,População residente estimada,2024,23682,population_estimate,23682.0
3204252,Ponto Belo - ES,9324,População residente estimada,2024,6696,population_estimate,6696.0
3204302,Presidente Kennedy - ES,9324,População residente estimada,2024,14647,population_estimate,14647.0
3204351,Rio Bananal - ES,9324,População residente estimada,2024,20229,population_estimate,20229.0
3204401,Rio Novo do Sul - ES,9324,População residente estimada,2024,11479,population_estimate,11479.0
3204500,Santa Leopoldina - ES,9324,População residente estimada,2024,13747,population_estimate,13747.0
3204559,Santa Maria de Jetibá - ES,9324,População residente estimada,2024,45062,population_estimate,45062.0
3204609,Santa Teresa - ES,9324,População residente estimada,2024,23796,population_estimate,23796.0
3204658,São Domingos do Norte - ES,9324,População residente estimada,2024,9008,population_estimate,9008.0
3204708,São Gabriel da Palha - ES,9324,População residente estimada,2024,34210,population_estimate,34210.0
3204807,São José do Calçado - ES,9324,População residente estimada,2024,11373,population_estimate,11373.0
3204906,São Mateus - ES,9324,População residente estimada,2024,133359,population_estimate,133359.0
3204955,São Roque do Canaã - ES,9324,População residente estimada,2024,11271,population_estimate,11271.0
3205002,Serra - ES,9324,População residente estimada,2024,572274,population_estimate,572274.0
3205010,Sooretama - ES,9324,População residente estimada,2024,28453,population_estimate,28453.0
3205036,Vargem Alta - ES,9324,População residente estimada,2024,20353,population_estimate,20353.0
3205069,Venda Nova do Imigrante - ES,9324,População residente estimada,2024,25168,population_estimate,25168.0
3205101,Viana - ES,9324,População residente estimada,2024,78442,population_estimate,78442.0
3205150,Vila Pavão - ES,9324,População residente estimada,2024,9298,population_estimate,9298.0
3205176,Vila Valério - ES,9324,População residente estimada,2024,14263,population_estimate,14263.0
3205200,Vila Velha - ES,9324,População residente estimada,2024,502899,population_estimate,502899.0
3205309,Vitória - ES,9324,População residente estimada,2024,342800,population_estimate,342800.0
3300100,Angra dos Reis - RJ,9324,População residente estimada,2024,179120,population_estimate,179120.0
3300159,Aperibé - RJ,9324,População residente estimada,2024,11420,population_estimate,11420.0
3300209,Araruama - RJ,9324,População residente estimada,2024,137773,population_estimate,137773.0
3300225,Areal - RJ,9324,População residente estimada,2024,12236,population_estimate,12236.0
3300233,Armação dos Búzios - RJ,9324,População residente estimada,2024,42442,population_estimate,42442.0
3300258,Arraial do Cabo - RJ,9324,População residente estimada,2024,32794,population_estimate,32794.0
3300308,Barra do Piraí - RJ,9324,População residente estimada,2024,98501,population_estimate,98501.0
3300407,Barra Mansa - RJ,9324,População residente estimada,2024,181688,population_estimate,181688.0
3300456,Belford Roxo - RJ,9324,População residente estimada,2024,518263,population_estimate,518263.0
3300506,Bom Jardim - RJ,9324,População residente estimada,2024,29736,population_estimate,29736.0
3300605,Bom Jesus do Itabapoana - RJ,9324,População residente estimada,2024,37172,population_estimate,37172.0
3300704,Cabo Frio - RJ,9324,População residente estimada,2024,238166,population_estimate,238166.0
3300803,Cachoeiras de Macacu - RJ,9324,População residente estimada,2024,59837,population_estimate,59837.0
3300902,Cambuci - RJ,9324,População residente estimada,2024,15070,population_estimate,15070.0
3300936,Carapebus - RJ,9324,População residente estimada,2024,14325,population_estimate,14325.0
3300951,Comendador Levy Gasparian - RJ,9324,População residente estimada,2024,9044,population_estimate,9044.0
3301009,Campos dos Goytacazes - RJ,9324,População residente estimada,2024,519011,population_estimate,519011.0
3301108,Cantagalo - RJ,9324,População residente estimada,2024,19996,population_estimate,19996.0
3301157,Cardoso Moreira - RJ,9324,População residente estimada,2024,13403,population_estimate,13403.0
3301207,Carmo - RJ,9324,População residente estimada,2024,17740,population_estimate,17740.0
3301306,Casimiro de Abreu - RJ,9324,População residente estimada,2024,48563,population_estimate,48563.0
3301405,Conceição de Macabu - RJ,9324,População residente estimada,2024,21769,population_estimate,21769.0
3301504,Cordeiro - RJ,9324,População residente estimada,2024,21444,population_estimate,21444.0
3301603,Duas Barras - RJ,9324,População residente estimada,2024,11354,population_estimate,11354.0
3301702,Duque de Caxias - RJ,9324,População residente estimada,2024,866347,population_estimate,866347.0
3301801,Engenheiro Paulo de Frontin - RJ,9324,População residente estimada,2024,12648,population_estimate,12648.0
3301850,Guapimirim - RJ,9324,População residente estimada,2024,54300,population_estimate,54300.0
3301876,Iguaba Grande - RJ,9324,População residente estimada,2024,29577,population_estimate,29577.0
3301900,Itaboraí - RJ,9324,População residente estimada,2024,240040,population_estimate,240040.0
3302007,Itaguaí - RJ,9324,População residente estimada,2024,123980,population_estimate,123980.0
3302056,Italva - RJ,9324,População residente estimada,2024,14517,population_estimate,14517.0
3302106,Itaocara - RJ,9324,População residente estimada,2024,23643,population_estimate,23643.0
3302205,Itaperuna - RJ,9324,População residente estimada,2024,107246,population_estimate,107246.0
3302254,Itatiaia - RJ,9324,População residente estimada,2024,32694,population_estimate,32694.0
3302270,Japeri - RJ,9324,População residente estimada,2024,102149,population_estimate,102149.0
3302304,Laje do Muriaé - RJ,9324,População residente estimada,2024,7584,population_estimate,7584.0
3302403,Macaé - RJ,9324,População residente estimada,2024,264138,population_estimate,264138.0
3302452,Macuco - RJ,9324,População residente estimada,2024,5601,population_estimate,5601.0
3302502,Magé - RJ,9324,População residente estimada,2024,244092,population_estimate,244092.0
3302601,Mangaratiba - RJ,9324,População residente estimada,2024,43624,population_estimate,43624.0
3302700,Maricá - RJ,9324,População residente estimada,2024,211986,population_estimate,211986.0
3302809,Mendes - RJ,9324,População residente estimada,2024,18049,population_estimate,18049.0
3302858,Mesquita - RJ,9324,População residente estimada,2024,178803,population_estimate,178803.0
3302908,Miguel Pereira - RJ,9324,População residente estimada,2024,28123,population_estimate,28123.0
3303005,Miracema - RJ,9324,População residente estimada,2024,28411,population_estimate,28411.0
3303104,Natividade - RJ,9324,População residente estimada,2024,15550,population_estimate,15550.0
3303203,Nilópolis - RJ,9324,População residente estimada,2024,155544,population_estimate,155544.0
3303302,Niterói - RJ,9324,População residente estimada,2024,516720,population_estimate,516720.0
3303401,Nova Friburgo - RJ,9324,População residente estimada,2024,203328,population_estimate,203328.0
3303500,Nova Iguaçu - RJ,9324,População residente estimada,2024,843046,population_estimate,843046.0
3303609,Paracambi - RJ,9324,População residente estimada,2024,43656,population_estimate,43656.0
3303708,Paraíba do Sul - RJ,9324,População residente estimada,2024,44467,population_estimate,44467.0
3303807,Paraty - RJ,9324,População residente estimada,2024,47614,population_estimate,47614.0
3303856,Paty do Alferes - RJ,9324,População residente estimada,2024,31345,population_estimate,31345.0
3303906,Petrópolis - RJ,9324,População residente estimada,2024,294983,population_estimate,294983.0
3303955,Pinheiral - RJ,9324,População residente estimada,2024,25085,population_estimate,25085.0
3304003,Piraí - RJ,9324,População residente estimada,2024,29054,population_estimate,29054.0
3304102,Porciúncula - RJ,9324,População residente estimada,2024,17832,population_estimate,17832.0
3304110,Porto Real - RJ,9324,População residente estimada,2024,21064,population_estimate,21064.0
3304128,Quatis - RJ,9324,População residente estimada,2024,14158,population_estimate,14158.0
3304144,Queimados - RJ,9324,População residente estimada,2024,149093,population_estimate,149093.0
3304151,Quissamã - RJ,9324,População residente estimada,2024,23126,population_estimate,23126.0
3304201,Resende - RJ,9324,População residente estimada,2024,137612,population_estimate,137612.0
3304300,Rio Bonito - RJ,9324,População residente estimada,2024,59113,population_estimate,59113.0
3304409,Rio Claro - RJ,9324,População residente estimada,2024,17950,population_estimate,17950.0
3304508,Rio das Flores - RJ,9324,População residente estimada,2024,9264,population_estimate,9264.0
3304524,Rio das Ostras - RJ,9324,População residente estimada,2024,168099,population_estimate,168099.0
3304557,Rio de Janeiro - RJ,9324,População residente estimada,2024,6729894,population_estimate,6729894.0
3304607,Santa Maria Madalena - RJ,9324,População residente estimada,2024,10579,population_estimate,10579.0
3304706,Santo Antônio de Pádua - RJ,9324,População residente estimada,2024,43686,population_estimate,43686.0
3304755,São Francisco de Itabapoana - RJ,9324,População residente estimada,2024,47368,population_estimate,47368.0
3304805,São Fidélis - RJ,9324,População residente estimada,2024,41197,population_estimate,41197.0
3304904,São Gonçalo - RJ,9324,População residente estimada,2024,960652,population_estimate,960652.0
3305000,São João da Barra - RJ,9324,População residente estimada,2024,38708,population_estimate,38708.0
3305109,São João de Meriti - RJ,9324,População residente estimada,2024,466536,population_estimate,466536.0
3305133,São José de Ubá - RJ,9324,População residente estimada,2024,7315,population_estimate,7315.0
3305158,São José do Vale do Rio Preto - RJ,9324,População residente estimada,2024,22799,population_estimate,22799.0
3305208,São Pedro da Aldeia - RJ,9324,População residente estimada,2024,110556,population_estimate,110556.0
3305307,São Sebastião do Alto - RJ,9324,População residente estimada,2024,7999,population_estimate,7999.0
3305406,Sapucaia - RJ,9324,População residente estimada,2024,18289,population_estimate,18289.0
3305505,Saquarema - RJ,9324,População residente estimada,2024,95201,population_estimate,95201.0
3305554,Seropédica - RJ,9324,População residente estimada,2024,84737,population_estimate,84737.0
3305604,Silva Jardim - RJ,9324,População residente estimada,2024,22026,population_estimate,22026.0
3305703,Sumidouro - RJ,9324,População residente estimada,2024,15690,population_estimate,15690.0
3305752,Tanguá - RJ,9324,População residente estimada,2024,32858,population_estimate,32858.0
3305802,Teresópolis - RJ,9324,População residente estimada,2024,176692,population_estimate,176692.0
3305901,Trajano de Moraes - RJ,9324,População residente estimada,2024,10652,population_estimate,10652.0
3306008,Três Rios - RJ,9324,População residente estimada,2024,82300,population_estimate,82300.0
3306107,Valença - RJ,9324,População residente estimada,2024,71462,population_estimate,71462.0
3306156,Varre-Sai - RJ,9324,População residente estimada,2024,10559,population_estimate,10559.0
3306206,Vassouras - RJ,9324,População residente estimada,2024,35904,population_estimate,35904.0
3306305,Volta Redonda - RJ,9324,População residente estimada,2024,279898,population_estimate,279898.0
3500105,Adamantina - SP,9324,População residente estimada,2024,35642,population_estimate,35642.0
3500204,Adolfo - SP,9324,População residente estimada,2024,4478,population_estimate,4478.0
3500303,Aguaí - SP,9324,População residente estimada,2024,32888,population_estimate,32888.0
3500402,Águas da Prata - SP,9324,População residente estimada,2024,7470,population_estimate,7470.0
3500501,Águas de Lindóia - SP,9324,População residente estimada,2024,18245,population_estimate,18245.0
3500550,Águas de Santa Bárbara - SP,9324,População residente estimada,2024,7407,population_estimate,7407.0
3500600,Águas de São Pedro - SP,9324,População residente estimada,2024,2829,population_estimate,2829.0
3500709,Agudos - SP,9324,População residente estimada,2024,38879,population_estimate,38879.0
3500758,Alambari - SP,9324,População residente estimada,2024,6330,population_estimate,6330.0
3500808,Alfredo Marcondes - SP,9324,População residente estimada,2024,4556,population_estimate,4556.0
3500907,Altair - SP,9324,População residente estimada,2024,3479,population_estimate,3479.0
3501004,Altinópolis - SP,9324,População residente estimada,2024,17156,population_estimate,17156.0
3501103,Alto Alegre - SP,9324,População residente estimada,2024,3883,population_estimate,3883.0
3501152,Alumínio - SP,9324,População residente estimada,2024,17591,population_estimate,17591.0
3501202,Álvares Florence - SP,9324,População residente estimada,2024,3978,population_estimate,3978.0
3501301,Álvares Machado - SP,9324,População residente estimada,2024,28250,population_estimate,28250.0
3501400,Álvaro de Carvalho - SP,9324,População residente estimada,2024,4896,population_estimate,4896.0
3501509,Alvinlândia - SP,9324,População residente estimada,2024,2923,population_estimate,2923.0
3501608,Americana - SP,9324,População residente estimada,2024,246655,population_estimate,246655.0
3501707,Américo Brasiliense - SP,9324,População residente estimada,2024,33757,population_estimate,33757.0
3501806,Américo de Campos - SP,9324,População residente estimada,2024,5975,population_estimate,5975.0
3501905,Amparo - SP,9324,População residente estimada,2024,69717,population_estimate,69717.0
3502002,Analândia - SP,9324,População residente estimada,2024,4684,population_estimate,4684.0
3502101,Andradina - SP,9324,População residente estimada,2024,61473,population_estimate,61473.0
3502200,Angatuba - SP,9324,População residente estimada,2024,24512,population_estimate,24512.0
3502309,Anhembi - SP,9324,População residente estimada,2024,5766,population_estimate,5766.0
3502408,Anhumas - SP,9324,População residente estimada,2024,4108,population_estimate,4108.0
3502507,Aparecida - SP,9324,População residente estimada,2024,33223,population_estimate,33223.0
3502606,Aparecida d'Oeste - SP,9324,População residente estimada,2024,4124,population_estimate,4124.0
3502705,Apiaí - SP,9324,População residente estimada,2024,24886,population_estimate,24886.0
3502754,Araçariguama - SP,9324,População residente estimada,2024,22168,population_estimate,22168.0
3502804,Araçatuba - SP,9324,População residente estimada,2024,207775,population_estimate,207775.0
3502903,Araçoiaba da Serra - SP,9324,População residente estimada,2024,33656,population_estimate,33656.0
3503000,Aramina - SP,9324,População residente estimada,2024,5526,population_estimate,5526.0
3503109,Arandu - SP,9324,População residente estimada,2024,7050,population_estimate,7050.0
3503158,Arapeí - SP,9324,População residente estimada,2024,2355,population_estimate,2355.0
3503208,Araraquara - SP,9324,População residente estimada,2024,252318,population_estimate,252318.0
3503307,Araras - SP,9324,População residente estimada,2024,135331,population_estimate,135331.0
3503356,Arco-Íris - SP,9324,População residente estimada,2024,2085,population_estimate,2085.0
3503406,Arealva - SP,9324,População residente estimada,2024,8280,population_estimate,8280.0
3503505,Areias - SP,9324,População residente estimada,2024,3625,population_estimate,3625.0
3503604,Areiópolis - SP,9324,População residente estimada,2024,10257,population_estimate,10257.0
3503703,Ariranha - SP,9324,População residente estimada,2024,7653,population_estimate,7653.0
3503802,Artur Nogueira - SP,9324,População residente estimada,2024,53157,population_estimate,53157.0
3503901,Arujá - SP,9324,População residente estimada,2024,89943,population_estimate,89943.0
3503950,Aspásia - SP,9324,População residente estimada,2024,1873,population_estimate,1873.0
3504008,Assis - SP,9324,População residente estimada,2024,104642,population_estimate,104642.0
3504107,Atibaia - SP,9324,População residente estimada,2024,166043,population_estimate,166043.0
3504206,Auriflama - SP,9324,População residente estimada,2024,13873,population_estimate,13873.0
3504305,Avaí - SP,9324,População residente estimada,2024,4519,population_estimate,4519.0
3504404,Avanhandava - SP,9324,População residente estimada,2024,11438,population_estimate,11438.0
3504503,Avaré - SP,9324,População residente estimada,2024,96098,population_estimate,96098.0
3504602,Bady Bassitt - SP,9324,População residente estimada,2024,28909,population_estimate,28909.0
3504701,Balbinos - SP,9324,População residente estimada,2024,3963,population_estimate,3963.0
3504800,Bálsamo - SP,9324,População residente estimada,2024,9854,population_estimate,9854.0
3504909,Bananal - SP,9324,População residente estimada,2024,10109,population_estimate,10109.0
3505005,Barão de Antonina - SP,9324,População residente estimada,2024,3618,population_estimate,3618.0
3505104,Barbosa - SP,9324,População residente estimada,2024,5659,population_estimate,5659.0
3505203,Bariri - SP,9324,População residente estimada,2024,32405,population_estimate,32405.0
3505302,Barra Bonita - SP,9324,População residente estimada,2024,35159,population_estimate,35159.0
3505351,Barra do Chapéu - SP,9324,População residente estimada,2024,5256,population_estimate,5256.0
3505401,Barra do Turvo - SP,9324,População residente estimada,2024,6922,population_estimate,6922.0
3505500,Barretos - SP,9324,População residente estimada,2024,126600,population_estimate,126600.0
3505609,Barrinha - SP,9324,População residente estimada,2024,33181,population_estimate,33181.0
3505708,Barueri - SP,9324,População residente estimada,2024,330339,population_estimate,330339.0
3505807,Bastos - SP,9324,População residente estimada,2024,21900,population_estimate,21900.0
3505906,Batatais - SP,9324,População residente estimada,2024,59873,population_estimate,59873.0
3506003,Bauru - SP,9324,População residente estimada,2024,391740,population_estimate,391740.0
3506102,Bebedouro - SP,9324,População residente estimada,2024,78210,population_estimate,78210.0
3506201,Bento de Abreu - SP,9324,População residente estimada,2024,2642,population_estimate,2642.0
3506300,Bernardino de Campos - SP,9324,População residente estimada,2024,11852,population_estimate,11852.0
3506359,Bertioga - SP,9324,População residente estimada,2024,66873,population_estimate,66873.0
3506409,Bilac - SP,9324,População residente estimada,2024,7455,population_estimate,7455.0
3506508,Birigui - SP,9324,População residente estimada,2024,122988,population_estimate,122988.0
3506607,Biritiba Mirim - SP,9324,População residente estimada,2024,30526,population_estimate,30526.0
3506706,Boa Esperança do Sul - SP,9324,População residente estimada,2024,13135,population_estimate,13135.0
3506805,Bocaina - SP,9324,População residente estimada,2024,11467,population_estimate,11467.0
3506904,Bofete - SP,9324,População residente estimada,2024,10688,population_estimate,10688.0
3507001,Boituva - SP,9324,População residente estimada,2024,63415,population_estimate,63415.0
3507100,Bom Jesus dos Perdões - SP,9324,População residente estimada,2024,22501,population_estimate,22501.0
3507159,Bom Sucesso de Itararé - SP,9324,População residente estimada,2024,3610,population_estimate,3610.0
3507209,Borá - SP,9324,População residente estimada,2024,928,population_estimate,928.0
3507308,Boracéia - SP,9324,População residente estimada,2024,4823,population_estimate,4823.0
3507407,Borborema - SP,9324,População residente estimada,2024,14415,population_estimate,14415.0
3507456,Borebi - SP,9324,População residente estimada,2024,2787,population_estimate,2787.0
3507506,Botucatu - SP,9324,População residente estimada,2024,150442,population_estimate,150442.0
3507605,Bragança Paulista - SP,9324,População residente estimada,2024,184634,population_estimate,184634.0
3507704,Braúna - SP,9324,População residente estimada,2024,5466,population_estimate,5466.0
3507753,Brejo Alegre - SP,9324,População residente estimada,2024,2605,population_estimate,2605.0
3507803,Brodowski - SP,9324,População residente estimada,2024,26167,population_estimate,26167.0
3507902,Brotas - SP,9324,População residente estimada,2024,24423,population_estimate,24423.0
3508009,Buri - SP,9324,População residente estimada,2024,20674,population_estimate,20674.0
3508108,Buritama - SP,9324,População residente estimada,2024,17597,population_estimate,17597.0
3508207,Buritizal - SP,9324,População residente estimada,2024,4447,population_estimate,4447.0
3508306,Cabrália Paulista - SP,9324,População residente estimada,2024,4362,population_estimate,4362.0
3508405,Cabreúva - SP,9324,População residente estimada,2024,48473,population_estimate,48473.0
3508504,Caçapava - SP,9324,População residente estimada,2024,99678,population_estimate,99678.0
3508603,Cachoeira Paulista - SP,9324,População residente estimada,2024,32482,population_estimate,32482.0
3508702,Caconde - SP,9324,População residente estimada,2024,17266,population_estimate,17266.0
3508801,Cafelândia - SP,9324,População residente estimada,2024,16905,population_estimate,16905.0
3508900,Caiabu - SP,9324,População residente estimada,2024,3745,population_estimate,3745.0
3509007,Caieiras - SP,9324,População residente estimada,2024,98257,population_estimate,98257.0
3509106,Caiuá - SP,9324,População residente estimada,2024,5585,population_estimate,5585.0
3509205,Cajamar - SP,9324,População residente estimada,2024,97363,population_estimate,97363.0
3509254,Cajati - SP,9324,População residente estimada,2024,29257,population_estimate,29257.0
3509304,Cajobi - SP,9324,População residente estimada,2024,9232,population_estimate,9232.0
3509403,Cajuru - SP,9324,População residente estimada,2024,24217,population_estimate,24217.0
3509452,Campina do Monte Alegre - SP,9324,População residente estimada,2024,6077,population_estimate,6077.0
3509502,Campinas - SP,9324,População residente estimada,2024,1185977,population_estimate,1185977.0
3509601,Campo Limpo Paulista - SP,9324,População residente estimada,2024,79663,population_estimate,79663.0
3509700,Campos do Jordão - SP,9324,População residente estimada,2024,47983,population_estimate,47983.0
3509809,Campos Novos Paulista - SP,9324,População residente estimada,2024,4991,population_estimate,4991.0
3509908,Cananéia - SP,9324,População residente estimada,2024,12489,population_estimate,12489.0
3509957,Canas - SP,9324,População residente estimada,2024,5049,population_estimate,5049.0
3510005,Cândido Mota - SP,9324,População residente estimada,2024,30172,population_estimate,30172.0
3510104,Cândido Rodrigues - SP,9324,População residente estimada,2024,2951,population_estimate,2951.0
3510153,Canitar - SP,9324,População residente estimada,2024,6524,population_estimate,6524.0
3510203,Capão Bonito - SP,9324,População residente estimada,2024,47403,population_estimate,47403.0
3510302,Capela do Alto - SP,9324,População residente estimada,2024,23597,population_estimate,23597.0
3510401,Capivari - SP,9324,População residente estimada,2024,51318,population_estimate,51318.0
3510500,Caraguatatuba - SP,9324,População residente estimada,2024,141084,population_estimate,141084.0
3510609,Carapicuíba - SP,9324,População residente estimada,2024,398462,population_estimate,398462.0
3510708,Cardoso - SP,9324,População residente estimada,2024,11491,population_estimate,11491.0
3510807,Casa Branca - SP,9324,População residente estimada,2024,28786,population_estimate,28786.0
3510906,Cássia dos Coqueiros - SP,9324,População residente estimada,2024,2855,population_estimate,2855.0
3511003,Castilho - SP,9324,População residente estimada,2024,20418,population_estimate,20418.0
3511102,Catanduva - SP,9324,População residente estimada,2024,119172,population_estimate,119172.0
3511201,Catiguá - SP,9324,População residente estimada,2024,7105,population_estimate,7105.0
3511300,Cedral - SP,9324,População residente estimada,2024,13160,population_estimate,13160.0
3511409,Cerqueira César - SP,9324,População residente estimada,2024,22076,population_estimate,22076.0
3511508,Cerquilho - SP,9324,População residente estimada,2024,46217,population_estimate,46217.0
3511607,Cesário Lange - SP,9324,População residente estimada,2024,19588,population_estimate,19588.0
3511706,Charqueada - SP,9324,População residente estimada,2024,15798,population_estimate,15798.0
3511904,Clementina - SP,9324,População residente estimada,2024,7087,population_estimate,7087.0
3512001,Colina - SP,9324,População residente estimada,2024,18842,population_estimate,18842.0
3512100,Colômbia - SP,9324,População residente estimada,2024,6781,population_estimate,6781.0
3512209,Conchal - SP,9324,População residente estimada,2024,29034,population_estimate,29034.0
3512308,Conchas - SP,9324,População residente estimada,2024,15381,population_estimate,15381.0
3512407,Cordeirópolis - SP,9324,População residente estimada,2024,25130,population_estimate,25130.0
3512506,Coroados - SP,9324,População residente estimada,2024,5498,population_estimate,5498.0
3512605,Coronel Macedo - SP,9324,População residente estimada,2024,4295,population_estimate,4295.0
3512704,Corumbataí - SP,9324,População residente estimada,2024,4285,population_estimate,4285.0
3512803,Cosmópolis - SP,9324,População residente estimada,2024,61204,population_estimate,61204.0
3512902,Cosmorama - SP,9324,População residente estimada,2024,8968,population_estimate,8968.0
3513009,Cotia - SP,9324,População residente estimada,2024,287004,population_estimate,287004.0
3513108,Cravinhos - SP,9324,População residente estimada,2024,34252,population_estimate,34252.0
3513207,Cristais Paulista - SP,9324,População residente estimada,2024,9543,population_estimate,9543.0
3513306,Cruzália - SP,9324,População residente estimada,2024,2129,population_estimate,2129.0
3513405,Cruzeiro - SP,9324,População residente estimada,2024,76513,population_estimate,76513.0
3513504,Cubatão - SP,9324,População residente estimada,2024,115082,population_estimate,115082.0
3513603,Cunha - SP,9324,População residente estimada,2024,22456,population_estimate,22456.0
3513702,Descalvado - SP,9324,População residente estimada,2024,32622,population_estimate,32622.0
3513801,Diadema - SP,9324,População residente estimada,2024,404118,population_estimate,404118.0
3513850,Dirce Reis - SP,9324,População residente estimada,2024,1641,population_estimate,1641.0
3513900,Divinolândia - SP,9324,População residente estimada,2024,11314,population_estimate,11314.0
3514007,Dobrada - SP,9324,População residente estimada,2024,8958,population_estimate,8958.0
3514106,Dois Córregos - SP,9324,População residente estimada,2024,24855,population_estimate,24855.0
3514205,Dolcinópolis - SP,9324,População residente estimada,2024,2250,population_estimate,2250.0
3514304,Dourado - SP,9324,População residente estimada,2024,8186,population_estimate,8186.0
3514403,Dracena - SP,9324,População residente estimada,2024,46664,population_estimate,46664.0
3514502,Duartina - SP,9324,População residente estimada,2024,12529,population_estimate,12529.0
3514601,Dumont - SP,9324,População residente estimada,2024,9719,population_estimate,9719.0
3514700,Echaporã - SP,9324,População residente estimada,2024,6295,population_estimate,6295.0
3514809,Eldorado - SP,9324,População residente estimada,2024,13162,population_estimate,13162.0
3514908,Elias Fausto - SP,9324,População residente estimada,2024,18103,population_estimate,18103.0
3514924,Elisiário - SP,9324,População residente estimada,2024,3189,population_estimate,3189.0
3514957,Embaúba - SP,9324,População residente estimada,2024,2353,population_estimate,2353.0
3515004,Embu das Artes - SP,9324,População residente estimada,2024,259323,population_estimate,259323.0
3515103,Embu-Guaçu - SP,9324,População residente estimada,2024,68805,population_estimate,68805.0
3515129,Emilianópolis - SP,9324,População residente estimada,2024,3062,population_estimate,3062.0
3515152,Engenheiro Coelho - SP,9324,População residente estimada,2024,20139,population_estimate,20139.0
3515186,Espírito Santo do Pinhal - SP,9324,População residente estimada,2024,40681,population_estimate,40681.0
3515194,Espírito Santo do Turvo - SP,9324,População residente estimada,2024,4217,population_estimate,4217.0
3515202,Estrela d'Oeste - SP,9324,População residente estimada,2024,9655,population_estimate,9655.0
3515301,Estrela do Norte - SP,9324,População residente estimada,2024,2749,population_estimate,2749.0
3515350,Euclides da Cunha Paulista - SP,9324,População residente estimada,2024,7928,population_estimate,7928.0
3515400,Fartura - SP,9324,População residente estimada,2024,16984,population_estimate,16984.0
3515509,Fernandópolis - SP,9324,População residente estimada,2024,73286,population_estimate,73286.0
3515608,Fernando Prestes - SP,9324,População residente estimada,2024,6066,population_estimate,6066.0
3515657,Fernão - SP,9324,População residente estimada,2024,1689,population_estimate,1689.0
3515707,Ferraz de Vasconcelos - SP,9324,População residente estimada,2024,185622,population_estimate,185622.0
3515806,Flora Rica - SP,9324,População residente estimada,2024,1492,population_estimate,1492.0
3515905,Floreal - SP,9324,População residente estimada,2024,2756,population_estimate,2756.0
3516002,Flórida Paulista - SP,9324,População residente estimada,2024,13171,population_estimate,13171.0
3516101,Florínea - SP,9324,População residente estimada,2024,3987,population_estimate,3987.0
3516200,Franca - SP,9324,População residente estimada,2024,364331,population_estimate,364331.0
3516309,Francisco Morato - SP,9324,População residente estimada,2024,171107,population_estimate,171107.0
3516408,Franco da Rocha - SP,9324,População residente estimada,2024,149786,population_estimate,149786.0
3516507,Gabriel Monteiro - SP,9324,População residente estimada,2024,2811,population_estimate,2811.0
3516606,Gália - SP,9324,População residente estimada,2024,6435,population_estimate,6435.0
3516705,Garça - SP,9324,População residente estimada,2024,43115,population_estimate,43115.0
3516804,Gastão Vidigal - SP,9324,População residente estimada,2024,3235,population_estimate,3235.0
3516853,Gavião Peixoto - SP,9324,População residente estimada,2024,4797,population_estimate,4797.0
3516903,General Salgado - SP,9324,População residente estimada,2024,10449,population_estimate,10449.0
3517000,Getulina - SP,9324,População residente estimada,2024,10355,population_estimate,10355.0
3517109,Glicério - SP,9324,População residente estimada,2024,4173,population_estimate,4173.0
3517208,Guaiçara - SP,9324,População residente estimada,2024,11459,population_estimate,11459.0
3517307,Guaimbê - SP,9324,População residente estimada,2024,5606,population_estimate,5606.0
3517406,Guaíra - SP,9324,População residente estimada,2024,40424,population_estimate,40424.0
3517505,Guapiaçu - SP,9324,População residente estimada,2024,22316,population_estimate,22316.0
3517604,Guapiara - SP,9324,População residente estimada,2024,17256,population_estimate,17256.0
3517703,Guará - SP,9324,População residente estimada,2024,18790,population_estimate,18790.0
3517802,Guaraçaí - SP,9324,População residente estimada,2024,7486,population_estimate,7486.0
3517901,Guaraci - SP,9324,População residente estimada,2024,10542,population_estimate,10542.0
3518008,Guarani d'Oeste - SP,9324,População residente estimada,2024,1999,population_estimate,1999.0
3518107,Guarantã - SP,9324,População residente estimada,2024,6531,population_estimate,6531.0
3518206,Guararapes - SP,9324,População residente estimada,2024,31872,population_estimate,31872.0
3518305,Guararema - SP,9324,População residente estimada,2024,32436,population_estimate,32436.0
3518404,Guaratinguetá - SP,9324,População residente estimada,2024,121710,population_estimate,121710.0
3518503,Guareí - SP,9324,População residente estimada,2024,15268,population_estimate,15268.0
3518602,Guariba - SP,9324,População residente estimada,2024,38609,population_estimate,38609.0
3518701,Guarujá - SP,9324,População residente estimada,2024,294973,population_estimate,294973.0
3518800,Guarulhos - SP,9324,População residente estimada,2024,1345364,population_estimate,1345364.0
3518859,Guatapará - SP,9324,População residente estimada,2024,7462,population_estimate,7462.0
3518909,Guzolândia - SP,9324,População residente estimada,2024,4276,population_estimate,4276.0
3519006,Herculândia - SP,9324,População residente estimada,2024,9302,population_estimate,9302.0
3519055,Holambra - SP,9324,População residente estimada,2024,15596,population_estimate,15596.0
3519071,Hortolândia - SP,9324,População residente estimada,2024,247331,population_estimate,247331.0
3519105,Iacanga - SP,9324,População residente estimada,2024,10633,population_estimate,10633.0
3519204,Iacri - SP,9324,População residente estimada,2024,6207,population_estimate,6207.0
3519253,Iaras - SP,9324,População residente estimada,2024,8257,population_estimate,8257.0
3519303,Ibaté - SP,9324,População residente estimada,2024,33110,population_estimate,33110.0
3519402,Ibirá - SP,9324,População residente estimada,2024,11934,population_estimate,11934.0
3519501,Ibirarema - SP,9324,População residente estimada,2024,6461,population_estimate,6461.0
3519600,Ibitinga - SP,9324,População residente estimada,2024,61908,population_estimate,61908.0
3519709,Ibiúna - SP,9324,População residente estimada,2024,77651,population_estimate,77651.0
3519808,Icém - SP,9324,População residente estimada,2024,7969,population_estimate,7969.0
3519907,Iepê - SP,9324,População residente estimada,2024,7739,population_estimate,7739.0
3520004,Igaraçu do Tietê - SP,9324,População residente estimada,2024,23430,population_estimate,23430.0
3520103,Igarapava - SP,9324,População residente estimada,2024,26755,population_estimate,26755.0
3520202,Igaratá - SP,9324,População residente estimada,2024,10904,population_estimate,10904.0
3520301,Iguape - SP,9324,População residente estimada,2024,29881,population_estimate,29881.0
3520400,Ilhabela - SP,9324,População residente estimada,2024,36329,population_estimate,36329.0
3520426,Ilha Comprida - SP,9324,População residente estimada,2024,13955,population_estimate,13955.0
3520442,Ilha Solteira - SP,9324,População residente estimada,2024,26240,population_estimate,26240.0
3520509,Indaiatuba - SP,9324,População residente estimada,2024,267796,population_estimate,267796.0
3520608,Indiana - SP,9324,População residente estimada,2024,5191,population_estimate,5191.0
3520707,Indiaporã - SP,9324,População residente estimada,2024,4109,population_estimate,4109.0
3520806,Inúbia Paulista - SP,9324,População residente estimada,2024,3671,population_estimate,3671.0
3520905,Ipaussu - SP,9324,População residente estimada,2024,13933,population_estimate,13933.0
3521002,Iperó - SP,9324,População residente estimada,2024,37999,population_estimate,37999.0
3521101,Ipeúna - SP,9324,População residente estimada,2024,6999,population_estimate,6999.0
3521150,Ipiguá - SP,9324,População residente estimada,2024,7037,population_estimate,7037.0
3521200,Iporanga - SP,9324,População residente estimada,2024,4091,population_estimate,4091.0
3521309,Ipuã - SP,9324,População residente estimada,2024,14691,population_estimate,14691.0
3521408,Iracemápolis - SP,9324,População residente estimada,2024,22435,population_estimate,22435.0
3521507,Irapuã - SP,9324,População residente estimada,2024,6946,population_estimate,6946.0
3521606,Irapuru - SP,9324,População residente estimada,2024,7145,population_estimate,7145.0
3521705,Itaberá - SP,9324,População residente estimada,2024,18258,population_estimate,18258.0
3521804,Itaí - SP,9324,População residente estimada,2024,25930,population_estimate,25930.0
3521903,Itajobi - SP,9324,População residente estimada,2024,17420,population_estimate,17420.0
3522000,Itaju - SP,9324,População residente estimada,2024,3702,population_estimate,3702.0
3522109,Itanhaém - SP,9324,População residente estimada,2024,117435,population_estimate,117435.0
3522158,Itaoca - SP,9324,População residente estimada,2024,3490,population_estimate,3490.0
3522208,Itapecerica da Serra - SP,9324,População residente estimada,2024,163928,population_estimate,163928.0
3522307,Itapetininga - SP,9324,População residente estimada,2024,163774,population_estimate,163774.0
3522406,Itapeva - SP,9324,População residente estimada,2024,92324,population_estimate,92324.0
3522505,Itapevi - SP,9324,População residente estimada,2024,241924,population_estimate,241924.0
3522604,Itapira - SP,9324,População residente estimada,2024,73919,population_estimate,73919.0
3522653,Itapirapuã Paulista - SP,9324,População residente estimada,2024,4405,population_estimate,4405.0
3522703,Itápolis - SP,9324,População residente estimada,2024,40464,population_estimate,40464.0
3522802,Itaporanga - SP,9324,População residente estimada,2024,14260,population_estimate,14260.0
3522901,Itapuí - SP,9324,População residente estimada,2024,13984,population_estimate,13984.0
3523008,Itapura - SP,9324,População residente estimada,2024,4014,population_estimate,4014.0
3523107,Itaquaquecetuba - SP,9324,População residente estimada,2024,382521,population_estimate,382521.0
3523206,Itararé - SP,9324,População residente estimada,2024,45327,population_estimate,45327.0
3523305,Itariri - SP,9324,População residente estimada,2024,15762,population_estimate,15762.0
3523404,Itatiba - SP,9324,População residente estimada,2024,126403,population_estimate,126403.0
3523503,Itatinga - SP,9324,População residente estimada,2024,19427,population_estimate,19427.0
3523602,Itirapina - SP,9324,População residente estimada,2024,16433,population_estimate,16433.0
3523701,Itirapuã - SP,9324,População residente estimada,2024,5861,population_estimate,5861.0
3523800,Itobi - SP,9324,População residente estimada,2024,8210,population_estimate,8210.0
3523909,Itu - SP,9324,População residente estimada,2024,174561,population_estimate,174561.0
3524006,Itupeva - SP,9324,População residente estimada,2024,74119,population_estimate,74119.0
3524105,Ituverava - SP,9324,População residente estimada,2024,38451,population_estimate,38451.0
3524204,Jaborandi - SP,9324,População residente estimada,2024,6293,population_estimate,6293.0
3524303,Jaboticabal - SP,9324,População residente estimada,2024,73467,population_estimate,73467.0
3524402,Jacareí - SP,9324,População residente estimada,2024,249968,population_estimate,249968.0
3524501,Jaci - SP,9324,População residente estimada,2024,7878,population_estimate,7878.0
3524600,Jacupiranga - SP,9324,População residente estimada,2024,16254,population_estimate,16254.0
3524709,Jaguariúna - SP,9324,População residente estimada,2024,61801,population_estimate,61801.0
3524808,Jales - SP,9324,População residente estimada,2024,50017,population_estimate,50017.0
3524907,Jambeiro - SP,9324,População residente estimada,2024,6575,population_estimate,6575.0
3525003,Jandira - SP,9324,População residente estimada,2024,121988,population_estimate,121988.0
3525102,Jardinópolis - SP,9324,População residente estimada,2024,46868,population_estimate,46868.0
3525201,Jarinu - SP,9324,População residente estimada,2024,39531,population_estimate,39531.0
3525300,Jaú - SP,9324,População residente estimada,2024,137323,population_estimate,137323.0
3525409,Jeriquara - SP,9324,População residente estimada,2024,3976,population_estimate,3976.0
3525508,Joanópolis - SP,9324,População residente estimada,2024,13095,population_estimate,13095.0
3525607,João Ramalho - SP,9324,População residente estimada,2024,4456,population_estimate,4456.0
3525706,José Bonifácio - SP,9324,População residente estimada,2024,37859,population_estimate,37859.0
3525805,Júlio Mesquita - SP,9324,População residente estimada,2024,4308,population_estimate,4308.0
3525854,Jumirim - SP,9324,População residente estimada,2024,3123,population_estimate,3123.0
3525904,Jundiaí - SP,9324,População residente estimada,2024,460313,population_estimate,460313.0
3526001,Junqueirópolis - SP,9324,População residente estimada,2024,20878,population_estimate,20878.0
3526100,Juquiá - SP,9324,População residente estimada,2024,17255,population_estimate,17255.0
3526209,Juquitiba - SP,9324,População residente estimada,2024,28007,population_estimate,28007.0
3526308,Lagoinha - SP,9324,População residente estimada,2024,5182,population_estimate,5182.0
3526407,Laranjal Paulista - SP,9324,População residente estimada,2024,27009,population_estimate,27009.0
3526506,Lavínia - SP,9324,População residente estimada,2024,9909,population_estimate,9909.0
3526605,Lavrinhas - SP,9324,População residente estimada,2024,7328,population_estimate,7328.0
3526704,Leme - SP,9324,População residente estimada,2024,101316,population_estimate,101316.0
3526803,Lençóis Paulista - SP,9324,População residente estimada,2024,68395,population_estimate,68395.0
3526902,Limeira - SP,9324,População residente estimada,2024,300728,population_estimate,300728.0
3527009,Lindóia - SP,9324,População residente estimada,2024,7147,population_estimate,7147.0
3527108,Lins - SP,9324,População residente estimada,2024,76729,population_estimate,76729.0
3527207,Lorena - SP,9324,População residente estimada,2024,87370,population_estimate,87370.0
3527256,Lourdes - SP,9324,População residente estimada,2024,1968,population_estimate,1968.0
3527306,Louveira - SP,9324,População residente estimada,2024,54111,population_estimate,54111.0
3527405,Lucélia - SP,9324,População residente estimada,2024,20372,population_estimate,20372.0
3527504,Lucianópolis - SP,9324,População residente estimada,2024,2419,population_estimate,2419.0
3527603,Luís Antônio - SP,9324,População residente estimada,2024,12531,population_estimate,12531.0
3527702,Luiziânia - SP,9324,População residente estimada,2024,4751,population_estimate,4751.0
3527801,Lupércio - SP,9324,População residente estimada,2024,4017,population_estimate,4017.0
3527900,Lutécia - SP,9324,População residente estimada,2024,2699,population_estimate,2699.0
3528007,Macatuba - SP,9324,População residente estimada,2024,17120,population_estimate,17120.0
3528106,Macaubal - SP,9324,População residente estimada,2024,7587,population_estimate,7587.0
3528205,Macedônia - SP,9324,População residente estimada,2024,4048,population_estimate,4048.0
3528304,Magda - SP,9324,População residente estimada,2024,3212,population_estimate,3212.0
3528403,Mairinque - SP,9324,População residente estimada,2024,51660,population_estimate,51660.0
3528502,Mairiporã - SP,9324,População residente estimada,2024,97399,population_estimate,97399.0
3528601,Manduri - SP,9324,População residente estimada,2024,10092,population_estimate,10092.0
3528700,Marabá Paulista - SP,9324,População residente estimada,2024,4627,population_estimate,4627.0
3528809,Maracaí - SP,9324,População residente estimada,2024,12826,population_estimate,12826.0
3528858,Marapoama - SP,9324,População residente estimada,2024,3392,population_estimate,3392.0
3528908,Mariápolis - SP,9324,População residente estimada,2024,3539,population_estimate,3539.0
3529005,Marília - SP,9324,População residente estimada,2024,246627,population_estimate,246627.0
3529104,Marinópolis - SP,9324,População residente estimada,2024,1870,population_estimate,1870.0
3529203,Martinópolis - SP,9324,População residente estimada,2024,25299,population_estimate,25299.0
3529302,Matão - SP,9324,População residente estimada,2024,80998,population_estimate,80998.0
3529401,Mauá - SP,9324,População residente estimada,2024,429380,population_estimate,429380.0
3529500,Mendonça - SP,9324,População residente estimada,2024,6369,population_estimate,6369.0
3529609,Meridiano - SP,9324,População residente estimada,2024,4697,population_estimate,4697.0
3529658,Mesópolis - SP,9324,População residente estimada,2024,1988,population_estimate,1988.0
3529708,Miguelópolis - SP,9324,População residente estimada,2024,19655,population_estimate,19655.0
3529807,Mineiros do Tietê - SP,9324,População residente estimada,2024,11349,population_estimate,11349.0
3529906,Miracatu - SP,9324,População residente estimada,2024,18679,population_estimate,18679.0
3530003,Mira Estrela - SP,9324,População residente estimada,2024,3199,population_estimate,3199.0
3530102,Mirandópolis - SP,9324,População residente estimada,2024,28737,population_estimate,28737.0
3530201,Mirante do Paranapanema - SP,9324,População residente estimada,2024,16069,population_estimate,16069.0
3530300,Mirassol - SP,9324,População residente estimada,2024,65485,population_estimate,65485.0
3530409,Mirassolândia - SP,9324,População residente estimada,2024,4771,population_estimate,4771.0
3530508,Mococa - SP,9324,População residente estimada,2024,69324,population_estimate,69324.0
3530607,Mogi das Cruzes - SP,9324,População residente estimada,2024,468120,population_estimate,468120.0
3530706,Mogi Guaçu - SP,9324,População residente estimada,2024,159735,population_estimate,159735.0
3530805,Mogi Mirim - SP,9324,População residente estimada,2024,95534,population_estimate,95534.0
3530904,Mombuca - SP,9324,População residente estimada,2024,3815,population_estimate,3815.0
3531001,Monções - SP,9324,População residente estimada,2024,1954,population_estimate,1954.0
3531100,Mongaguá - SP,9324,População residente estimada,2024,64519,population_estimate,64519.0
3531209,Monte Alegre do Sul - SP,9324,População residente estimada,2024,8873,population_estimate,8873.0
3531308,Monte Alto - SP,9324,População residente estimada,2024,48725,population_estimate,48725.0
3531407,Monte Aprazível - SP,9324,População residente estimada,2024,22650,population_estimate,22650.0
3531506,Monte Azul Paulista - SP,9324,População residente estimada,2024,18363,population_estimate,18363.0
3531605,Monte Castelo - SP,9324,População residente estimada,2024,4301,population_estimate,4301.0
3531704,Monteiro Lobato - SP,9324,População residente estimada,2024,4205,population_estimate,4205.0
3531803,Monte Mor - SP,9324,População residente estimada,2024,67296,population_estimate,67296.0
3531902,Morro Agudo - SP,9324,População residente estimada,2024,28561,population_estimate,28561.0
3532009,Morungaba - SP,9324,População residente estimada,2024,14081,population_estimate,14081.0
3532058,Motuca - SP,9324,População residente estimada,2024,4079,population_estimate,4079.0
3532108,Murutinga do Sul - SP,9324,População residente estimada,2024,3763,population_estimate,3763.0
3532157,Nantes - SP,9324,População residente estimada,2024,2699,population_estimate,2699.0
3532207,Narandiba - SP,9324,População residente estimada,2024,5908,population_estimate,5908.0
3532306,Natividade da Serra - SP,9324,População residente estimada,2024,7134,population_estimate,7134.0
3532405,Nazaré Paulista - SP,9324,População residente estimada,2024,18620,population_estimate,18620.0
3532504,Neves Paulista - SP,9324,População residente estimada,2024,9921,population_estimate,9921.0
3532603,Nhandeara - SP,9324,População residente estimada,2024,9944,population_estimate,9944.0
3532702,Nipoã - SP,9324,População residente estimada,2024,4860,population_estimate,4860.0
3532801,Nova Aliança - SP,9324,População residente estimada,2024,6858,population_estimate,6858.0
3532827,Nova Campina - SP,9324,População residente estimada,2024,8631,population_estimate,8631.0
3532843,Nova Canaã Paulista - SP,9324,População residente estimada,2024,2058,population_estimate,2058.0
3532868,Nova Castilho - SP,9324,População residente estimada,2024,1074,population_estimate,1074.0
3532900,Nova Europa - SP,9324,População residente estimada,2024,9459,population_estimate,9459.0
3533007,Nova Granada - SP,9324,População residente estimada,2024,19725,population_estimate,19725.0
3533106,Nova Guataporanga - SP,9324,População residente estimada,2024,2188,population_estimate,2188.0
3533205,Nova Independência - SP,9324,População residente estimada,2024,4795,population_estimate,4795.0
3533254,Novais - SP,9324,População residente estimada,2024,4469,population_estimate,4469.0
3533304,Nova Luzitânia - SP,9324,População residente estimada,2024,2838,population_estimate,2838.0
3533403,Nova Odessa - SP,9324,População residente estimada,2024,64228,population_estimate,64228.0
3533502,Novo Horizonte - SP,9324,População residente estimada,2024,39435,population_estimate,39435.0
3533601,Nuporanga - SP,9324,População residente estimada,2024,7550,population_estimate,7550.0
3533700,Ocauçu - SP,9324,População residente estimada,2024,4412,population_estimate,4412.0
3533809,Óleo - SP,9324,População residente estimada,2024,2540,population_estimate,2540.0
3533908,Olímpia - SP,9324,População residente estimada,2024,56701,population_estimate,56701.0
3534005,Onda Verde - SP,9324,População residente estimada,2024,4912,population_estimate,4912.0
3534104,Oriente - SP,9324,População residente estimada,2024,6180,population_estimate,6180.0
3534203,Orindiúva - SP,9324,População residente estimada,2024,6145,population_estimate,6145.0
3534302,Orlândia - SP,9324,População residente estimada,2024,39193,population_estimate,39193.0
3534401,Osasco - SP,9324,População residente estimada,2024,756952,population_estimate,756952.0
3534500,Oscar Bressane - SP,9324,População residente estimada,2024,2504,population_estimate,2504.0
3534609,Osvaldo Cruz - SP,9324,População residente estimada,2024,32099,population_estimate,32099.0
3534708,Ourinhos - SP,9324,População residente estimada,2024,106877,population_estimate,106877.0
3534757,Ouroeste - SP,9324,População residente estimada,2024,10596,population_estimate,10596.0
3534807,Ouro Verde - SP,9324,População residente estimada,2024,7901,population_estimate,7901.0
3534906,Pacaembu - SP,9324,População residente estimada,2024,15217,population_estimate,15217.0
3535002,Palestina - SP,9324,População residente estimada,2024,11689,population_estimate,11689.0
3535101,Palmares Paulista - SP,9324,População residente estimada,2024,9709,population_estimate,9709.0
3535200,Palmeira d'Oeste - SP,9324,População residente estimada,2024,8994,population_estimate,8994.0
3535309,Palmital - SP,9324,População residente estimada,2024,19767,population_estimate,19767.0
3535408,Panorama - SP,9324,População residente estimada,2024,15214,population_estimate,15214.0
3535507,Paraguaçu Paulista - SP,9324,População residente estimada,2024,42087,population_estimate,42087.0
3535606,Paraibuna - SP,9324,População residente estimada,2024,17950,population_estimate,17950.0
3535705,Paraíso - SP,9324,População residente estimada,2024,6211,population_estimate,6211.0
3535804,Paranapanema - SP,9324,População residente estimada,2024,19799,population_estimate,19799.0
3535903,Paranapuã - SP,9324,População residente estimada,2024,4111,population_estimate,4111.0
3536000,Parapuã - SP,9324,População residente estimada,2024,10729,population_estimate,10729.0
3536109,Pardinho - SP,9324,População residente estimada,2024,7382,population_estimate,7382.0
3536208,Pariquera-Açu - SP,9324,População residente estimada,2024,19576,population_estimate,19576.0
3536257,Parisi - SP,9324,População residente estimada,2024,3001,population_estimate,3001.0
3536307,Patrocínio Paulista - SP,9324,População residente estimada,2024,14837,population_estimate,14837.0
3536406,Paulicéia - SP,9324,População residente estimada,2024,8200,population_estimate,8200.0
3536505,Paulínia - SP,9324,População residente estimada,2024,115690,population_estimate,115690.0
3536570,Paulistânia - SP,9324,População residente estimada,2024,2146,population_estimate,2146.0
3536604,Paulo de Faria - SP,9324,População residente estimada,2024,7430,population_estimate,7430.0
3536703,Pederneiras - SP,9324,População residente estimada,2024,46223,population_estimate,46223.0
3536802,Pedra Bela - SP,9324,População residente estimada,2024,6718,population_estimate,6718.0
3536901,Pedranópolis - SP,9324,População residente estimada,2024,2848,population_estimate,2848.0
3537008,Pedregulho - SP,9324,População residente estimada,2024,15742,population_estimate,15742.0
3537107,Pedreira - SP,9324,População residente estimada,2024,44332,population_estimate,44332.0
3537156,Pedrinhas Paulista - SP,9324,População residente estimada,2024,2838,population_estimate,2838.0
3537206,Pedro de Toledo - SP,9324,População residente estimada,2024,11539,population_estimate,11539.0
3537305,Penápolis - SP,9324,População residente estimada,2024,63317,population_estimate,63317.0
3537404,Pereira Barreto - SP,9324,População residente estimada,2024,24389,population_estimate,24389.0
3537503,Pereiras - SP,9324,População residente estimada,2024,8969,population_estimate,8969.0
3537602,Peruíbe - SP,9324,População residente estimada,2024,70543,population_estimate,70543.0
3537701,Piacatu - SP,9324,População residente estimada,2024,5623,population_estimate,5623.0
3537800,Piedade - SP,9324,População residente estimada,2024,54237,population_estimate,54237.0
3537909,Pilar do Sul - SP,9324,População residente estimada,2024,28417,population_estimate,28417.0
3538006,Pindamonhangaba - SP,9324,População residente estimada,2024,172027,population_estimate,172027.0
3538105,Pindorama - SP,9324,População residente estimada,2024,14721,population_estimate,14721.0
3538204,Pinhalzinho - SP,9324,População residente estimada,2024,15605,population_estimate,15605.0
3538303,Piquerobi - SP,9324,População residente estimada,2024,3296,population_estimate,3296.0
3538501,Piquete - SP,9324,População residente estimada,2024,12570,population_estimate,12570.0
3538600,Piracaia - SP,9324,População residente estimada,2024,26764,population_estimate,26764.0
3538709,Piracicaba - SP,9324,População residente estimada,2024,438827,population_estimate,438827.0
3538808,Piraju - SP,9324,População residente estimada,2024,30261,population_estimate,30261.0
3538907,Pirajuí - SP,9324,População residente estimada,2024,22743,population_estimate,22743.0
3539004,Pirangi - SP,9324,População residente estimada,2024,11076,population_estimate,11076.0
3539103,Pirapora do Bom Jesus - SP,9324,População residente estimada,2024,18836,population_estimate,18836.0
3539202,Pirapozinho - SP,9324,População residente estimada,2024,26065,population_estimate,26065.0
3539301,Pirassununga - SP,9324,População residente estimada,2024,75475,population_estimate,75475.0
3539400,Piratininga - SP,9324,População residente estimada,2024,15554,population_estimate,15554.0
3539509,Pitangueiras - SP,9324,População residente estimada,2024,34416,population_estimate,34416.0
3539608,Planalto - SP,9324,População residente estimada,2024,4454,population_estimate,4454.0
3539707,Platina - SP,9324,População residente estimada,2024,3061,population_estimate,3061.0
3539806,Poá - SP,9324,População residente estimada,2024,106431,population_estimate,106431.0
3539905,Poloni - SP,9324,População residente estimada,2024,5696,population_estimate,5696.0
3540002,Pompéia - SP,9324,População residente estimada,2024,20512,population_estimate,20512.0
3540101,Pongaí - SP,9324,População residente estimada,2024,3443,population_estimate,3443.0
3540200,Pontal - SP,9324,População residente estimada,2024,38376,population_estimate,38376.0
3540259,Pontalinda - SP,9324,População residente estimada,2024,4196,population_estimate,4196.0
3540309,Pontes Gestal - SP,9324,População residente estimada,2024,2415,population_estimate,2415.0
3540408,Populina - SP,9324,População residente estimada,2024,4185,population_estimate,4185.0
3540507,Porangaba - SP,9324,População residente estimada,2024,10773,population_estimate,10773.0
3540606,Porto Feliz - SP,9324,População residente estimada,2024,58345,population_estimate,58345.0
3540705,Porto Ferreira - SP,9324,População residente estimada,2024,53940,population_estimate,53940.0
3540754,Potim - SP,9324,População residente estimada,2024,20767,population_estimate,20767.0
3540804,Potirendaba - SP,9324,População residente estimada,2024,18994,population_estimate,18994.0
3540853,Pracinha - SP,9324,População residente estimada,2024,2599,population_estimate,2599.0
3540903,Pradópolis - SP,9324,População residente estimada,2024,17309,population_estimate,17309.0
3541000,Praia Grande - SP,9324,População residente estimada,2024,365577,population_estimate,365577.0
3541059,Pratânia - SP,9324,População residente estimada,2024,5246,population_estimate,5246.0
3541109,Presidente Alves - SP,9324,População residente estimada,2024,3841,population_estimate,3841.0
3541208,Presidente Bernardes - SP,9324,População residente estimada,2024,14772,population_estimate,14772.0
3541307,Presidente Epitácio - SP,9324,População residente estimada,2024,40383,population_estimate,40383.0
3541406,Presidente Prudente - SP,9324,População residente estimada,2024,234083,population_estimate,234083.0
3541505,Presidente Venceslau - SP,9324,População residente estimada,2024,35902,population_estimate,35902.0
3541604,Promissão - SP,9324,População residente estimada,2024,35991,population_estimate,35991.0
3541653,Quadra - SP,9324,População residente estimada,2024,3472,population_estimate,3472.0
3541703,Quatá - SP,9324,População residente estimada,2024,13399,population_estimate,13399.0
3541802,Queiroz - SP,9324,População residente estimada,2024,3351,population_estimate,3351.0
3541901,Queluz - SP,9324,População residente estimada,2024,9146,population_estimate,9146.0
3542008,Quintana - SP,9324,População residente estimada,2024,7225,population_estimate,7225.0
3542107,Rafard - SP,9324,População residente estimada,2024,9133,population_estimate,9133.0
3542206,Rancharia - SP,9324,População residente estimada,2024,29305,population_estimate,29305.0
3542305,Redenção da Serra - SP,9324,População residente estimada,2024,4611,population_estimate,4611.0
3542404,Regente Feijó - SP,9324,População residente estimada,2024,20565,population_estimate,20565.0
3542503,Reginópolis - SP,9324,População residente estimada,2024,7808,population_estimate,7808.0
3542602,Registro - SP,9324,População residente estimada,2024,61732,population_estimate,61732.0
3542701,Restinga - SP,9324,População residente estimada,2024,6492,population_estimate,6492.0
3542800,Ribeira - SP,9324,População residente estimada,2024,3166,population_estimate,3166.0
3542909,Ribeirão Bonito - SP,9324,População residente estimada,2024,11079,population_estimate,11079.0
3543006,Ribeirão Branco - SP,9324,População residente estimada,2024,18930,population_estimate,18930.0
3543105,Ribeirão Corrente - SP,9324,População residente estimada,2024,4706,population_estimate,4706.0
3543204,Ribeirão do Sul - SP,9324,População residente estimada,2024,4768,population_estimate,4768.0
3543238,Ribeirão dos Índios - SP,9324,População residente estimada,2024,2045,population_estimate,2045.0
3543253,Ribeirão Grande - SP,9324,População residente estimada,2024,7570,population_estimate,7570.0
3543303,Ribeirão Pires - SP,9324,População residente estimada,2024,118877,population_estimate,118877.0
3543402,Ribeirão Preto - SP,9324,População residente estimada,2024,728400,population_estimate,728400.0
3543501,Riversul - SP,9324,População residente estimada,2024,5647,population_estimate,5647.0
3543600,Rifaina - SP,9324,População residente estimada,2024,4158,population_estimate,4158.0
3543709,Rincão - SP,9324,População residente estimada,2024,9145,population_estimate,9145.0
3543808,Rinópolis - SP,9324,População residente estimada,2024,9357,population_estimate,9357.0
3543907,Rio Claro - SP,9324,População residente estimada,2024,208857,population_estimate,208857.0
3544004,Rio das Pedras - SP,9324,População residente estimada,2024,32267,population_estimate,32267.0
3544103,Rio Grande da Serra - SP,9324,População residente estimada,2024,45317,population_estimate,45317.0
3544202,Riolândia - SP,9324,População residente estimada,2024,10453,population_estimate,10453.0
3544251,Rosana - SP,9324,População residente estimada,2024,17533,population_estimate,17533.0
3544301,Roseira - SP,9324,População residente estimada,2024,11095,population_estimate,11095.0
3544400,Rubiácea - SP,9324,População residente estimada,2024,2741,population_estimate,2741.0
3544509,Rubinéia - SP,9324,População residente estimada,2024,3965,population_estimate,3965.0
3544608,Sabino - SP,9324,População residente estimada,2024,5185,population_estimate,5185.0
3544707,Sagres - SP,9324,População residente estimada,2024,2519,population_estimate,2519.0
3544806,Sales - SP,9324,População residente estimada,2024,6612,population_estimate,6612.0
3544905,Sales Oliveira - SP,9324,População residente estimada,2024,11654,population_estimate,11654.0
3545001,Salesópolis - SP,9324,População residente estimada,2024,15396,population_estimate,15396.0
3545100,Salmourão - SP,9324,População residente estimada,2024,4883,population_estimate,4883.0
3545159,Saltinho - SP,9324,População residente estimada,2024,8371,population_estimate,8371.0
3545209,Salto - SP,9324,População residente estimada,2024,140125,population_estimate,140125.0
3545308,Salto de Pirapora - SP,9324,População residente estimada,2024,45138,population_estimate,45138.0
3545407,Salto Grande - SP,9324,População residente estimada,2024,9212,population_estimate,9212.0
3545506,Sandovalina - SP,9324,População residente estimada,2024,3699,population_estimate,3699.0
3545605,Santa Adélia - SP,9324,População residente estimada,2024,14203,population_estimate,14203.0
3545704,Santa Albertina - SP,9324,População residente estimada,2024,6543,population_estimate,6543.0
3545803,Santa Bárbara d'Oeste - SP,9324,População residente estimada,2024,189338,population_estimate,189338.0
3546009,Santa Branca - SP,9324,População residente estimada,2024,14212,population_estimate,14212.0
3546108,Santa Clara d'Oeste - SP,9324,População residente estimada,2024,2677,population_estimate,2677.0
3546207,Santa Cruz da Conceição - SP,9324,População residente estimada,2024,4365,population_estimate,4365.0
3546256,Santa Cruz da Esperança - SP,9324,População residente estimada,2024,2162,population_estimate,2162.0
3546306,Santa Cruz das Palmeiras - SP,9324,População residente estimada,2024,29525,population_estimate,29525.0
3546405,Santa Cruz do Rio Pardo - SP,9324,População residente estimada,2024,47677,population_estimate,47677.0
3546504,Santa Ernestina - SP,9324,População residente estimada,2024,6256,population_estimate,6256.0
3546603,Santa Fé do Sul - SP,9324,População residente estimada,2024,36098,population_estimate,36098.0
3546702,Santa Gertrudes - SP,9324,População residente estimada,2024,24107,population_estimate,24107.0
3546801,Santa Isabel - SP,9324,População residente estimada,2024,54586,population_estimate,54586.0
3546900,Santa Lúcia - SP,9324,População residente estimada,2024,7181,population_estimate,7181.0
3547007,Santa Maria da Serra - SP,9324,População residente estimada,2024,5314,population_estimate,5314.0
3547106,Santa Mercedes - SP,9324,População residente estimada,2024,3012,population_estimate,3012.0
3547205,Santana da Ponte Pensa - SP,9324,População residente estimada,2024,1698,population_estimate,1698.0
3547304,Santana de Parnaíba - SP,9324,População residente estimada,2024,162341,population_estimate,162341.0
3547403,Santa Rita d'Oeste - SP,9324,População residente estimada,2024,2790,population_estimate,2790.0
3547502,Santa Rita do Passa Quatro - SP,9324,População residente estimada,2024,25060,population_estimate,25060.0
3547601,Santa Rosa de Viterbo - SP,9324,População residente estimada,2024,23725,population_estimate,23725.0
3547650,Santa Salete - SP,9324,População residente estimada,2024,1686,population_estimate,1686.0
3547700,Santo Anastácio - SP,9324,População residente estimada,2024,18045,population_estimate,18045.0
3547809,Santo André - SP,9324,População residente estimada,2024,778711,population_estimate,778711.0
3547908,Santo Antônio da Alegria - SP,9324,População residente estimada,2024,6917,population_estimate,6917.0
3548005,Santo Antônio de Posse - SP,9324,População residente estimada,2024,23779,population_estimate,23779.0
3548054,Santo Antônio do Aracanguá - SP,9324,População residente estimada,2024,8568,population_estimate,8568.0
3548104,Santo Antônio do Jardim - SP,9324,População residente estimada,2024,6237,population_estimate,6237.0
3548203,Santo Antônio do Pinhal - SP,9324,População residente estimada,2024,7294,population_estimate,7294.0
3548302,Santo Expedito - SP,9324,População residente estimada,2024,3063,population_estimate,3063.0
3548401,Santópolis do Aguapeí - SP,9324,População residente estimada,2024,3933,population_estimate,3933.0
3548500,Santos - SP,9324,População residente estimada,2024,429567,population_estimate,429567.0
3548609,São Bento do Sapucaí - SP,9324,População residente estimada,2024,11948,population_estimate,11948.0
3548708,São Bernardo do Campo - SP,9324,População residente estimada,2024,840499,population_estimate,840499.0
3548807,São Caetano do Sul - SP,9324,População residente estimada,2024,172109,population_estimate,172109.0
3548906,São Carlos - SP,9324,População residente estimada,2024,265294,population_estimate,265294.0
3549003,São Francisco - SP,9324,População residente estimada,2024,2629,population_estimate,2629.0
3549102,São João da Boa Vista - SP,9324,População residente estimada,2024,95762,population_estimate,95762.0
3549201,São João das Duas Pontes - SP,9324,População residente estimada,2024,2622,population_estimate,2622.0
3549250,São João de Iracema - SP,9324,População residente estimada,2024,1880,population_estimate,1880.0
3549300,São João do Pau d'Alho - SP,9324,População residente estimada,2024,2288,population_estimate,2288.0
3549409,São Joaquim da Barra - SP,9324,População residente estimada,2024,49815,population_estimate,49815.0
3549508,São José da Bela Vista - SP,9324,População residente estimada,2024,7690,population_estimate,7690.0
3549607,São José do Barreiro - SP,9324,População residente estimada,2024,3898,population_estimate,3898.0
3549706,São José do Rio Pardo - SP,9324,População residente estimada,2024,53416,population_estimate,53416.0
3549805,São José do Rio Preto - SP,9324,População residente estimada,2024,501597,population_estimate,501597.0
3549904,São José dos Campos - SP,9324,População residente estimada,2024,724756,population_estimate,724756.0
3549953,São Lourenço da Serra - SP,9324,População residente estimada,2024,16458,population_estimate,16458.0
3550001,São Luiz do Paraitinga - SP,9324,População residente estimada,2024,10497,population_estimate,10497.0
3550100,São Manuel - SP,9324,População residente estimada,2024,38166,population_estimate,38166.0
3550209,São Miguel Arcanjo - SP,9324,População residente estimada,2024,32904,population_estimate,32904.0
3550308,São Paulo - SP,9324,População residente estimada,2024,11895578,population_estimate,11895578.0
3550407,São Pedro - SP,9324,População residente estimada,2024,39725,population_estimate,39725.0
3550506,São Pedro do Turvo - SP,9324,População residente estimada,2024,7333,population_estimate,7333.0
3550605,São Roque - SP,9324,População residente estimada,2024,81342,population_estimate,81342.0
3550704,São Sebastião - SP,9324,População residente estimada,2024,84019,population_estimate,84019.0
3550803,São Sebastião da Grama - SP,9324,População residente estimada,2024,10484,population_estimate,10484.0
3550902,São Simão - SP,9324,População residente estimada,2024,13590,population_estimate,13590.0
3551009,São Vicente - SP,9324,População residente estimada,2024,338407,population_estimate,338407.0
3551108,Sarapuí - SP,9324,População residente estimada,2024,10632,population_estimate,10632.0
3551207,Sarutaiá - SP,9324,População residente estimada,2024,3769,population_estimate,3769.0
3551306,Sebastianópolis do Sul - SP,9324,População residente estimada,2024,3187,population_estimate,3187.0
3551405,Serra Azul - SP,9324,População residente estimada,2024,13058,population_estimate,13058.0
3551504,Serrana - SP,9324,População residente estimada,2024,45408,population_estimate,45408.0
3551603,Serra Negra - SP,9324,População residente estimada,2024,30920,population_estimate,30920.0
3551702,Sertãozinho - SP,9324,População residente estimada,2024,131600,population_estimate,131600.0
3551801,Sete Barras - SP,9324,População residente estimada,2024,12912,population_estimate,12912.0
3551900,Severínia - SP,9324,População residente estimada,2024,14724,population_estimate,14724.0
3552007,Silveiras - SP,9324,População residente estimada,2024,6313,population_estimate,6313.0
3552106,Socorro - SP,9324,População residente estimada,2024,41405,population_estimate,41405.0
3552205,Sorocaba - SP,9324,População residente estimada,2024,757459,population_estimate,757459.0
3552304,Sud Mennucci - SP,9324,População residente estimada,2024,7466,population_estimate,7466.0
3552403,Sumaré - SP,9324,População residente estimada,2024,289787,population_estimate,289787.0
3552502,Suzano - SP,9324,População residente estimada,2024,318765,population_estimate,318765.0
3552551,Suzanápolis - SP,9324,População residente estimada,2024,3464,population_estimate,3464.0
3552601,Tabapuã - SP,9324,População residente estimada,2024,11499,population_estimate,11499.0
3552700,Tabatinga - SP,9324,População residente estimada,2024,14994,population_estimate,14994.0
3552809,Taboão da Serra - SP,9324,População residente estimada,2024,284274,population_estimate,284274.0
3552908,Taciba - SP,9324,População residente estimada,2024,6399,population_estimate,6399.0
3553005,Taguaí - SP,9324,População residente estimada,2024,13006,population_estimate,13006.0
3553104,Taiaçu - SP,9324,População residente estimada,2024,5751,population_estimate,5751.0
3553203,Taiúva - SP,9324,População residente estimada,2024,6733,population_estimate,6733.0
3553302,Tambaú - SP,9324,População residente estimada,2024,21682,population_estimate,21682.0
3553401,Tanabi - SP,9324,População residente estimada,2024,26021,population_estimate,26021.0
3553500,Tapiraí - SP,9324,População residente estimada,2024,8122,population_estimate,8122.0
3553609,Tapiratiba - SP,9324,População residente estimada,2024,11936,population_estimate,11936.0
3553658,Taquaral - SP,9324,População residente estimada,2024,2652,population_estimate,2652.0
3553708,Taquaritinga - SP,9324,População residente estimada,2024,53322,population_estimate,53322.0
3553807,Taquarituba - SP,9324,População residente estimada,2024,24863,population_estimate,24863.0
3553856,Taquarivaí - SP,9324,População residente estimada,2024,7112,population_estimate,7112.0
3553906,Tarabai - SP,9324,População residente estimada,2024,6635,population_estimate,6635.0
3553955,Tarumã - SP,9324,População residente estimada,2024,15248,population_estimate,15248.0
3554003,Tatuí - SP,9324,População residente estimada,2024,128560,population_estimate,128560.0
3554102,Taubaté - SP,9324,População residente estimada,2024,321298,population_estimate,321298.0
3554201,Tejupá - SP,9324,População residente estimada,2024,4142,population_estimate,4142.0
3554300,Teodoro Sampaio - SP,9324,População residente estimada,2024,22559,population_estimate,22559.0
3554409,Terra Roxa - SP,9324,População residente estimada,2024,7985,population_estimate,7985.0
3554508,Tietê - SP,9324,População residente estimada,2024,38690,population_estimate,38690.0
3554607,Timburi - SP,9324,População residente estimada,2024,2490,population_estimate,2490.0
3554656,Torre de Pedra - SP,9324,População residente estimada,2024,2063,population_estimate,2063.0
3554706,Torrinha - SP,9324,População residente estimada,2024,9484,population_estimate,9484.0
3554755,Trabiju - SP,9324,População residente estimada,2024,1719,population_estimate,1719.0
3554805,Tremembé - SP,9324,População residente estimada,2024,53083,population_estimate,53083.0
3554904,Três Fronteiras - SP,9324,População residente estimada,2024,7013,population_estimate,7013.0
3554953,Tuiuti - SP,9324,População residente estimada,2024,6947,population_estimate,6947.0
3555000,Tupã - SP,9324,População residente estimada,2024,65416,population_estimate,65416.0
3555109,Tupi Paulista - SP,9324,População residente estimada,2024,16206,population_estimate,16206.0
3555208,Turiúba - SP,9324,População residente estimada,2024,1839,population_estimate,1839.0
3555307,Turmalina - SP,9324,População residente estimada,2024,1672,population_estimate,1672.0
3555356,Ubarana - SP,9324,População residente estimada,2024,5456,population_estimate,5456.0
3555406,Ubatuba - SP,9324,População residente estimada,2024,96598,population_estimate,96598.0
3555505,Ubirajara - SP,9324,População residente estimada,2024,5265,population_estimate,5265.0
3555604,Uchoa - SP,9324,População residente estimada,2024,10627,population_estimate,10627.0
3555703,União Paulista - SP,9324,População residente estimada,2024,1628,population_estimate,1628.0
3555802,Urânia - SP,9324,População residente estimada,2024,8973,population_estimate,8973.0
3555901,Uru - SP,9324,População residente estimada,2024,1419,population_estimate,1419.0
3556008,Urupês - SP,9324,População residente estimada,2024,14038,population_estimate,14038.0
3556107,Valentim Gentil - SP,9324,População residente estimada,2024,14531,population_estimate,14531.0
3556206,Valinhos - SP,9324,População residente estimada,2024,131277,population_estimate,131277.0
3556305,Valparaíso - SP,9324,População residente estimada,2024,24723,population_estimate,24723.0
3556354,Vargem - SP,9324,População residente estimada,2024,10805,population_estimate,10805.0
3556404,Vargem Grande do Sul - SP,9324,População residente estimada,2024,41226,population_estimate,41226.0
3556453,Vargem Grande Paulista - SP,9324,População residente estimada,2024,52103,population_estimate,52103.0
3556503,Várzea Paulista - SP,9324,População residente estimada,2024,119576,population_estimate,119576.0
3556602,Vera Cruz - SP,9324,População residente estimada,2024,10294,population_estimate,10294.0
3556701,Vinhedo - SP,9324,População residente estimada,2024,79235,population_estimate,79235.0
3556800,Viradouro - SP,9324,População residente estimada,2024,17681,population_estimate,17681.0
3556909,Vista Alegre do Alto - SP,9324,População residente estimada,2024,8327,population_estimate,8327.0
3556958,Vitória Brasil - SP,9324,População residente estimada,2024,1826,population_estimate,1826.0
3557006,Votorantim - SP,9324,População residente estimada,2024,132849,population_estimate,132849.0
3557105,Votuporanga - SP,9324,População residente estimada,2024,100159,population_estimate,100159.0
3557154,Zacarias - SP,9324,População residente estimada,2024,2761,population_estimate,2761.0
3557204,Chavantes - SP,9324,População residente estimada,2024,12411,population_estimate,12411.0
3557303,Estiva Gerbi - SP,9324,População residente estimada,2024,11566,population_estimate,11566.0
4100103,Abatiá - PR,9324,População residente estimada,2024,7271,population_estimate,7271.0
4100202,Adrianópolis - PR,9324,População residente estimada,2024,6327,population_estimate,6327.0
4100301,Agudos do Sul - PR,9324,População residente estimada,2024,10646,population_estimate,10646.0
4100400,Almirante Tamandaré - PR,9324,População residente estimada,2024,124788,population_estimate,124788.0
4100459,Altamira do Paraná - PR,9324,População residente estimada,2024,3543,population_estimate,3543.0
4100509,Altônia - PR,9324,População residente estimada,2024,18750,population_estimate,18750.0
4100608,Alto Paraná - PR,9324,População residente estimada,2024,14138,population_estimate,14138.0
4100707,Alto Piquiri - PR,9324,População residente estimada,2024,9802,population_estimate,9802.0
4100806,Alvorada do Sul - PR,9324,População residente estimada,2024,10478,population_estimate,10478.0
4100905,Amaporã - PR,9324,População residente estimada,2024,4736,population_estimate,4736.0
4101002,Ampére - PR,9324,População residente estimada,2024,20199,population_estimate,20199.0
4101051,Anahy - PR,9324,População residente estimada,2024,2965,population_estimate,2965.0
4101101,Andirá - PR,9324,População residente estimada,2024,20044,population_estimate,20044.0
4101150,Ângulo - PR,9324,População residente estimada,2024,3332,population_estimate,3332.0
4101200,Antonina - PR,9324,População residente estimada,2024,18223,population_estimate,18223.0
4101309,Antônio Olinto - PR,9324,População residente estimada,2024,7071,population_estimate,7071.0
4101408,Apucarana - PR,9324,População residente estimada,2024,134306,population_estimate,134306.0
4101507,Arapongas - PR,9324,População residente estimada,2024,123863,population_estimate,123863.0
4101606,Arapoti - PR,9324,População residente estimada,2024,26310,population_estimate,26310.0
4101655,Arapuã - PR,9324,População residente estimada,2024,3573,population_estimate,3573.0
4101705,Araruna - PR,9324,População residente estimada,2024,14824,population_estimate,14824.0
4101804,Araucária - PR,9324,População residente estimada,2024,160038,population_estimate,160038.0
4101853,Ariranha do Ivaí - PR,9324,População residente estimada,2024,2351,population_estimate,2351.0
4101903,Assaí - PR,9324,População residente estimada,2024,13643,population_estimate,13643.0
4102000,Assis Chateaubriand - PR,9324,População residente estimada,2024,38105,population_estimate,38105.0
4102109,Astorga - PR,9324,População residente estimada,2024,26145,population_estimate,26145.0
4102208,Atalaia - PR,9324,População residente estimada,2024,4045,population_estimate,4045.0
4102307,Balsa Nova - PR,9324,População residente estimada,2024,13871,population_estimate,13871.0
4102406,Bandeirantes - PR,9324,População residente estimada,2024,31807,population_estimate,31807.0
4102505,Barbosa Ferraz - PR,9324,População residente estimada,2024,10692,population_estimate,10692.0
4102604,Barracão - PR,9324,População residente estimada,2024,9900,population_estimate,9900.0
4102703,Barra do Jacaré - PR,9324,População residente estimada,2024,2866,population_estimate,2866.0
4102752,Bela Vista da Caroba - PR,9324,População residente estimada,2024,4100,population_estimate,4100.0
4102802,Bela Vista do Paraíso - PR,9324,População residente estimada,2024,14998,population_estimate,14998.0
4102901,Bituruna - PR,9324,População residente estimada,2024,15689,population_estimate,15689.0
4103008,Boa Esperança - PR,9324,População residente estimada,2024,4622,population_estimate,4622.0
4103024,Boa Esperança do Iguaçu - PR,9324,População residente estimada,2024,2448,population_estimate,2448.0
4103040,Boa Ventura de São Roque - PR,9324,População residente estimada,2024,6244,population_estimate,6244.0
4103057,Boa Vista da Aparecida - PR,9324,População residente estimada,2024,8034,population_estimate,8034.0
4103107,Bocaiúva do Sul - PR,9324,População residente estimada,2024,13804,population_estimate,13804.0
4103156,Bom Jesus do Sul - PR,9324,População residente estimada,2024,4061,population_estimate,4061.0
4103206,Bom Sucesso - PR,9324,População residente estimada,2024,6677,population_estimate,6677.0
4103222,Bom Sucesso do Sul - PR,9324,População residente estimada,2024,3234,population_estimate,3234.0
4103305,Borrazópolis - PR,9324,População residente estimada,2024,7824,population_estimate,7824.0
4103354,Braganey - PR,9324,População residente estimada,2024,4802,population_estimate,4802.0
4103370,Brasilândia do Sul - PR,9324,População residente estimada,2024,3828,population_estimate,3828.0
4103404,Cafeara - PR,9324,População residente estimada,2024,2655,population_estimate,2655.0
4103453,Cafelândia - PR,9324,População residente estimada,2024,19844,population_estimate,19844.0
4103479,Cafezal do Sul - PR,9324,População residente estimada,2024,4561,population_estimate,4561.0
4103503,Califórnia - PR,9324,População residente estimada,2024,8921,population_estimate,8921.0
4103602,Cambará - PR,9324,População residente estimada,2024,23430,population_estimate,23430.0
4103701,Cambé - PR,9324,População residente estimada,2024,111009,population_estimate,111009.0
4103800,Cambira - PR,9324,População residente estimada,2024,9899,population_estimate,9899.0
4103909,Campina da Lagoa - PR,9324,População residente estimada,2024,15979,population_estimate,15979.0
4103958,Campina do Simão - PR,9324,População residente estimada,2024,3973,population_estimate,3973.0
4104006,Campina Grande do Sul - PR,9324,População residente estimada,2024,49971,population_estimate,49971.0
4104055,Campo Bonito - PR,9324,População residente estimada,2024,4032,population_estimate,4032.0
4104105,Campo do Tenente - PR,9324,População residente estimada,2024,7666,population_estimate,7666.0
4104204,Campo Largo - PR,9324,População residente estimada,2024,142695,population_estimate,142695.0
4104253,Campo Magro - PR,9324,População residente estimada,2024,31555,population_estimate,31555.0
4104303,Campo Mourão - PR,9324,População residente estimada,2024,103340,population_estimate,103340.0
4104402,Cândido de Abreu - PR,9324,População residente estimada,2024,15255,population_estimate,15255.0
4104428,Candói - PR,9324,População residente estimada,2024,15174,population_estimate,15174.0
4104451,Cantagalo - PR,9324,População residente estimada,2024,10799,population_estimate,10799.0
4104501,Capanema - PR,9324,População residente estimada,2024,21022,population_estimate,21022.0
4104600,Capitão Leônidas Marques - PR,9324,População residente estimada,2024,14796,population_estimate,14796.0
4104659,Carambeí - PR,9324,População residente estimada,2024,24159,population_estimate,24159.0
4104709,Carlópolis - PR,9324,População residente estimada,2024,17567,population_estimate,17567.0
4104808,Cascavel - PR,9324,População residente estimada,2024,364104,population_estimate,364104.0
4104907,Castro - PR,9324,População residente estimada,2024,75291,population_estimate,75291.0
4105003,Catanduvas - PR,9324,População residente estimada,2024,10627,population_estimate,10627.0
4105102,Centenário do Sul - PR,9324,População residente estimada,2024,10936,population_estimate,10936.0
4105201,Cerro Azul - PR,9324,População residente estimada,2024,16240,population_estimate,16240.0
4105300,Céu Azul - PR,9324,População residente estimada,2024,11251,population_estimate,11251.0
4105409,Chopinzinho - PR,9324,População residente estimada,2024,21559,population_estimate,21559.0
4105508,Cianorte - PR,9324,População residente estimada,2024,82359,population_estimate,82359.0
4105607,Cidade Gaúcha - PR,9324,População residente estimada,2024,11684,population_estimate,11684.0
4105706,Clevelândia - PR,9324,População residente estimada,2024,14975,population_estimate,14975.0
4105805,Colombo - PR,9324,População residente estimada,2024,240720,population_estimate,240720.0
4105904,Colorado - PR,9324,População residente estimada,2024,23278,population_estimate,23278.0
4106001,Congonhinhas - PR,9324,População residente estimada,2024,8442,population_estimate,8442.0
4106100,Conselheiro Mairinck - PR,9324,População residente estimada,2024,3486,population_estimate,3486.0
4106209,Contenda - PR,9324,População residente estimada,2024,19827,population_estimate,19827.0
4106308,Corbélia - PR,9324,População residente estimada,2024,17862,population_estimate,17862.0
4106407,Cornélio Procópio - PR,9324,População residente estimada,2024,45830,population_estimate,45830.0
4106456,Coronel Domingos Soares - PR,9324,População residente estimada,2024,5516,population_estimate,5516.0
4106506,Coronel Vivida - PR,9324,População residente estimada,2024,23859,population_estimate,23859.0
4106555,Corumbataí do Sul - PR,9324,População residente estimada,2024,3780,population_estimate,3780.0
4106571,Cruzeiro do Iguaçu - PR,9324,População residente estimada,2024,4171,population_estimate,4171.0
4106605,Cruzeiro do Oeste - PR,9324,População residente estimada,2024,24622,population_estimate,24622.0
4106704,Cruzeiro do Sul - PR,9324,População residente estimada,2024,4547,population_estimate,4547.0
4106803,Cruz Machado - PR,9324,População residente estimada,2024,15910,population_estimate,15910.0
4106852,Cruzmaltina - PR,9324,População residente estimada,2024,2896,population_estimate,2896.0
4106902,Curitiba - PR,9324,População residente estimada,2024,1829225,population_estimate,1829225.0
4107009,Curiúva - PR,9324,População residente estimada,2024,13802,population_estimate,13802.0
4107108,Diamante do Norte - PR,9324,População residente estimada,2024,5164,population_estimate,5164.0
4107124,Diamante do Sul - PR,9324,População residente estimada,2024,3170,population_estimate,3170.0
4107157,Diamante D'Oeste - PR,9324,População residente estimada,2024,4557,population_estimate,4557.0
4107207,Dois Vizinhos - PR,9324,População residente estimada,2024,47014,population_estimate,47014.0
4107256,Douradina - PR,9324,População residente estimada,2024,9525,population_estimate,9525.0
4107306,Doutor Camargo - PR,9324,População residente estimada,2024,6484,population_estimate,6484.0
4107405,Enéas Marques - PR,9324,População residente estimada,2024,6070,population_estimate,6070.0
4107504,Engenheiro Beltrão - PR,9324,População residente estimada,2024,12431,population_estimate,12431.0
4107520,Esperança Nova - PR,9324,População residente estimada,2024,1858,population_estimate,1858.0
4107538,Entre Rios do Oeste - PR,9324,População residente estimada,2024,4729,population_estimate,4729.0
4107546,Espigão Alto do Iguaçu - PR,9324,População residente estimada,2024,4881,population_estimate,4881.0
4107553,Farol - PR,9324,População residente estimada,2024,3023,population_estimate,3023.0
4107603,Faxinal - PR,9324,População residente estimada,2024,16618,population_estimate,16618.0
4107652,Fazenda Rio Grande - PR,9324,População residente estimada,2024,161506,population_estimate,161506.0
4107702,Fênix - PR,9324,População residente estimada,2024,4512,population_estimate,4512.0
4107736,Fernandes Pinheiro - PR,9324,População residente estimada,2024,6387,population_estimate,6387.0
4107751,Figueira - PR,9324,População residente estimada,2024,8144,population_estimate,8144.0
4107801,Floraí - PR,9324,População residente estimada,2024,4825,population_estimate,4825.0
4107850,Flor da Serra do Sul - PR,9324,População residente estimada,2024,4367,population_estimate,4367.0
4107900,Floresta - PR,9324,População residente estimada,2024,11226,population_estimate,11226.0
4108007,Florestópolis - PR,9324,População residente estimada,2024,11639,population_estimate,11639.0
4108106,Flórida - PR,9324,População residente estimada,2024,2704,population_estimate,2704.0
4108205,Formosa do Oeste - PR,9324,População residente estimada,2024,7756,population_estimate,7756.0
4108304,Foz do Iguaçu - PR,9324,População residente estimada,2024,295500,population_estimate,295500.0
4108320,Francisco Alves - PR,9324,População residente estimada,2024,8464,population_estimate,8464.0
4108403,Francisco Beltrão - PR,9324,População residente estimada,2024,101302,population_estimate,101302.0
4108452,Foz do Jordão - PR,9324,População residente estimada,2024,4925,population_estimate,4925.0
4108502,General Carneiro - PR,9324,População residente estimada,2024,10861,population_estimate,10861.0
4108551,Godoy Moreira - PR,9324,População residente estimada,2024,2970,population_estimate,2970.0
4108601,Goioerê - PR,9324,População residente estimada,2024,28970,population_estimate,28970.0
4108650,Goioxim - PR,9324,População residente estimada,2024,6531,population_estimate,6531.0
4108700,Grandes Rios - PR,9324,População residente estimada,2024,5586,population_estimate,5586.0
4108809,Guaíra - PR,9324,População residente estimada,2024,32966,population_estimate,32966.0
4108908,Guairaçá - PR,9324,População residente estimada,2024,6733,population_estimate,6733.0
4108957,Guamiranga - PR,9324,População residente estimada,2024,7961,population_estimate,7961.0
4109005,Guapirama - PR,9324,População residente estimada,2024,4792,population_estimate,4792.0
4109104,Guaporema - PR,9324,População residente estimada,2024,2217,population_estimate,2217.0
4109203,Guaraci - PR,9324,População residente estimada,2024,4762,population_estimate,4762.0
4109302,Guaraniaçu - PR,9324,População residente estimada,2024,13814,population_estimate,13814.0
4109401,Guarapuava - PR,9324,População residente estimada,2024,188710,population_estimate,188710.0
4109500,Guaraqueçaba - PR,9324,População residente estimada,2024,7474,population_estimate,7474.0
4109609,Guaratuba - PR,9324,População residente estimada,2024,44323,population_estimate,44323.0
4109658,Honório Serpa - PR,9324,População residente estimada,2024,4872,population_estimate,4872.0
4109708,Ibaiti - PR,9324,População residente estimada,2024,29440,population_estimate,29440.0
4109757,Ibema - PR,9324,População residente estimada,2024,6327,population_estimate,6327.0
4109807,Ibiporã - PR,9324,População residente estimada,2024,53054,population_estimate,53054.0
4109906,Icaraíma - PR,9324,População residente estimada,2024,9139,population_estimate,9139.0
4110003,Iguaraçu - PR,9324,População residente estimada,2024,5599,population_estimate,5599.0
4110052,Iguatu - PR,9324,População residente estimada,2024,2162,population_estimate,2162.0
4110078,Imbaú - PR,9324,População residente estimada,2024,14815,population_estimate,14815.0
4110102,Imbituva - PR,9324,População residente estimada,2024,30757,population_estimate,30757.0
4110201,Inácio Martins - PR,9324,População residente estimada,2024,9633,population_estimate,9633.0
4110300,Inajá - PR,9324,População residente estimada,2024,2510,population_estimate,2510.0
4110409,Indianópolis - PR,9324,População residente estimada,2024,4531,population_estimate,4531.0
4110508,Ipiranga - PR,9324,População residente estimada,2024,14338,population_estimate,14338.0
4110607,Iporã - PR,9324,População residente estimada,2024,16062,population_estimate,16062.0
4110656,Iracema do Oeste - PR,9324,População residente estimada,2024,2344,population_estimate,2344.0
4110706,Irati - PR,9324,População residente estimada,2024,60796,population_estimate,60796.0
4110805,Iretama - PR,9324,População residente estimada,2024,10843,population_estimate,10843.0
4110904,Itaguajé - PR,9324,População residente estimada,2024,4532,population_estimate,4532.0
4110953,Itaipulândia - PR,9324,População residente estimada,2024,11984,population_estimate,11984.0
4111001,Itambaracá - PR,9324,População residente estimada,2024,5874,population_estimate,5874.0
4111100,Itambé - PR,9324,População residente estimada,2024,6215,population_estimate,6215.0
4111209,Itapejara d'Oeste - PR,9324,População residente estimada,2024,12766,population_estimate,12766.0
4111258,Itaperuçu - PR,9324,População residente estimada,2024,32890,population_estimate,32890.0
4111308,Itaúna do Sul - PR,9324,População residente estimada,2024,3620,population_estimate,3620.0
4111407,Ivaí - PR,9324,População residente estimada,2024,13473,population_estimate,13473.0
4111506,Ivaiporã - PR,9324,População residente estimada,2024,33529,population_estimate,33529.0
4111555,Ivaté - PR,9324,População residente estimada,2024,6833,population_estimate,6833.0
4111605,Ivatuba - PR,9324,População residente estimada,2024,2705,population_estimate,2705.0
4111704,Jaboti - PR,9324,População residente estimada,2024,5576,population_estimate,5576.0
4111803,Jacarezinho - PR,9324,População residente estimada,2024,41400,population_estimate,41400.0
4111902,Jaguapitã - PR,9324,População residente estimada,2024,15719,population_estimate,15719.0
4112009,Jaguariaíva - PR,9324,População residente estimada,2024,36231,population_estimate,36231.0
4112108,Jandaia do Sul - PR,9324,População residente estimada,2024,21851,population_estimate,21851.0
4112207,Janiópolis - PR,9324,População residente estimada,2024,5835,population_estimate,5835.0
4112306,Japira - PR,9324,População residente estimada,2024,5060,population_estimate,5060.0
4112405,Japurá - PR,9324,População residente estimada,2024,9354,population_estimate,9354.0
4112504,Jardim Alegre - PR,9324,População residente estimada,2024,12130,population_estimate,12130.0
4112603,Jardim Olinda - PR,9324,População residente estimada,2024,1353,population_estimate,1353.0
4112702,Jataizinho - PR,9324,População residente estimada,2024,11971,population_estimate,11971.0
4112751,Jesuítas - PR,9324,População residente estimada,2024,10860,population_estimate,10860.0
4112801,Joaquim Távora - PR,9324,População residente estimada,2024,12280,population_estimate,12280.0
4112900,Jundiaí do Sul - PR,9324,População residente estimada,2024,3366,population_estimate,3366.0
4112959,Juranda - PR,9324,População residente estimada,2024,7898,population_estimate,7898.0
4113007,Jussara - PR,9324,População residente estimada,2024,6795,population_estimate,6795.0
4113106,Kaloré - PR,9324,População residente estimada,2024,4657,population_estimate,4657.0
4113205,Lapa - PR,9324,População residente estimada,2024,45857,population_estimate,45857.0
4113254,Laranjal - PR,9324,População residente estimada,2024,5575,population_estimate,5575.0
4113304,Laranjeiras do Sul - PR,9324,População residente estimada,2024,33103,population_estimate,33103.0
4113403,Leópolis - PR,9324,População residente estimada,2024,3751,population_estimate,3751.0
4113429,Lidianópolis - PR,9324,População residente estimada,2024,3989,population_estimate,3989.0
4113452,Lindoeste - PR,9324,População residente estimada,2024,5226,population_estimate,5226.0
4113502,Loanda - PR,9324,População residente estimada,2024,23813,population_estimate,23813.0
4113601,Lobato - PR,9324,População residente estimada,2024,4693,population_estimate,4693.0
4113700,Londrina - PR,9324,População residente estimada,2024,577318,population_estimate,577318.0
4113734,Luiziana - PR,9324,População residente estimada,2024,6696,population_estimate,6696.0
4113759,Lunardelli - PR,9324,População residente estimada,2024,4902,population_estimate,4902.0
4113809,Lupionópolis - PR,9324,População residente estimada,2024,4911,population_estimate,4911.0
4113908,Mallet - PR,9324,População residente estimada,2024,13655,population_estimate,13655.0
4114005,Mamborê - PR,9324,População residente estimada,2024,13572,population_estimate,13572.0
4114104,Mandaguaçu - PR,9324,População residente estimada,2024,33752,population_estimate,33752.0
4114203,Mandaguari - PR,9324,População residente estimada,2024,38050,population_estimate,38050.0
4114302,Mandirituba - PR,9324,População residente estimada,2024,28761,population_estimate,28761.0
4114351,Manfrinópolis - PR,9324,População residente estimada,2024,2761,population_estimate,2761.0
4114401,Mangueirinha - PR,9324,População residente estimada,2024,16764,population_estimate,16764.0
4114500,Manoel Ribas - PR,9324,População residente estimada,2024,14576,population_estimate,14576.0
4114609,Marechal Cândido Rondon - PR,9324,População residente estimada,2024,58140,population_estimate,58140.0
4114708,Maria Helena - PR,9324,População residente estimada,2024,5935,population_estimate,5935.0
4114807,Marialva - PR,9324,População residente estimada,2024,44098,population_estimate,44098.0
4114906,Marilândia do Sul - PR,9324,População residente estimada,2024,8774,population_estimate,8774.0
4115002,Marilena - PR,9324,População residente estimada,2024,7409,population_estimate,7409.0
4115101,Mariluz - PR,9324,População residente estimada,2024,9934,population_estimate,9934.0
4115200,Maringá - PR,9324,População residente estimada,2024,425983,population_estimate,425983.0
4115309,Mariópolis - PR,9324,População residente estimada,2024,6475,population_estimate,6475.0
4115358,Maripá - PR,9324,População residente estimada,2024,6767,population_estimate,6767.0
4115408,Marmeleiro - PR,9324,População residente estimada,2024,16386,population_estimate,16386.0
4115457,Marquinho - PR,9324,População residente estimada,2024,4521,population_estimate,4521.0
4115507,Marumbi - PR,9324,População residente estimada,2024,4778,population_estimate,4778.0
4115606,Matelândia - PR,9324,População residente estimada,2024,19022,population_estimate,19022.0
4115705,Matinhos - PR,9324,População residente estimada,2024,41416,population_estimate,41416.0
4115739,Mato Rico - PR,9324,População residente estimada,2024,3237,population_estimate,3237.0
4115754,Mauá da Serra - PR,9324,População residente estimada,2024,9628,population_estimate,9628.0
4115804,Medianeira - PR,9324,População residente estimada,2024,57120,population_estimate,57120.0
4115853,Mercedes - PR,9324,População residente estimada,2024,6136,population_estimate,6136.0
4115903,Mirador - PR,9324,População residente estimada,2024,2258,population_estimate,2258.0
4116000,Miraselva - PR,9324,População residente estimada,2024,2008,population_estimate,2008.0
4116059,Missal - PR,9324,População residente estimada,2024,11301,population_estimate,11301.0
4116109,Moreira Sales - PR,9324,População residente estimada,2024,11137,population_estimate,11137.0
4116208,Morretes - PR,9324,População residente estimada,2024,18908,population_estimate,18908.0
4116307,Munhoz de Melo - PR,9324,População residente estimada,2024,4045,population_estimate,4045.0
4116406,Nossa Senhora das Graças - PR,9324,População residente estimada,2024,3685,population_estimate,3685.0
4116505,Nova Aliança do Ivaí - PR,9324,População residente estimada,2024,1327,population_estimate,1327.0
4116604,Nova América da Colina - PR,9324,População residente estimada,2024,3299,population_estimate,3299.0
4116703,Nova Aurora - PR,9324,População residente estimada,2024,14219,population_estimate,14219.0
4116802,Nova Cantu - PR,9324,População residente estimada,2024,6799,population_estimate,6799.0
4116901,Nova Esperança - PR,9324,População residente estimada,2024,27142,population_estimate,27142.0
4116950,Nova Esperança do Sudoeste - PR,9324,População residente estimada,2024,5744,population_estimate,5744.0
4117008,Nova Fátima - PR,9324,População residente estimada,2024,7201,population_estimate,7201.0
4117057,Nova Laranjeiras - PR,9324,População residente estimada,2024,12287,population_estimate,12287.0
4117107,Nova Londrina - PR,9324,População residente estimada,2024,13085,population_estimate,13085.0
4117206,Nova Olímpia - PR,9324,População residente estimada,2024,5960,population_estimate,5960.0
4117214,Nova Santa Bárbara - PR,9324,População residente estimada,2024,4280,population_estimate,4280.0
4117222,Nova Santa Rosa - PR,9324,População residente estimada,2024,8535,population_estimate,8535.0
4117255,Nova Prata do Iguaçu - PR,9324,População residente estimada,2024,13196,population_estimate,13196.0
4117271,Nova Tebas - PR,9324,População residente estimada,2024,6870,population_estimate,6870.0
4117297,Novo Itacolomi - PR,9324,População residente estimada,2024,3210,population_estimate,3210.0
4117305,Ortigueira - PR,9324,População residente estimada,2024,24627,population_estimate,24627.0
4117404,Ourizona - PR,9324,População residente estimada,2024,3206,population_estimate,3206.0
4117453,Ouro Verde do Oeste - PR,9324,População residente estimada,2024,7031,population_estimate,7031.0
4117503,Paiçandu - PR,9324,População residente estimada,2024,48207,population_estimate,48207.0
4117602,Palmas - PR,9324,População residente estimada,2024,49891,population_estimate,49891.0
4117701,Palmeira - PR,9324,População residente estimada,2024,34806,population_estimate,34806.0
4117800,Palmital - PR,9324,População residente estimada,2024,12967,population_estimate,12967.0
4117909,Palotina - PR,9324,População residente estimada,2024,36623,population_estimate,36623.0
4118006,Paraíso do Norte - PR,9324,População residente estimada,2024,13634,population_estimate,13634.0
4118105,Paranacity - PR,9324,População residente estimada,2024,9597,population_estimate,9597.0
4118204,Paranaguá - PR,9324,População residente estimada,2024,149819,population_estimate,149819.0
4118303,Paranapoema - PR,9324,População residente estimada,2024,2378,population_estimate,2378.0
4118402,Paranavaí - PR,9324,População residente estimada,2024,95525,population_estimate,95525.0
4118451,Pato Bragado - PR,9324,População residente estimada,2024,5939,population_estimate,5939.0
4118501,Pato Branco - PR,9324,População residente estimada,2024,96602,population_estimate,96602.0
4118600,Paula Freitas - PR,9324,População residente estimada,2024,5778,population_estimate,5778.0
4118709,Paulo Frontin - PR,9324,População residente estimada,2024,6369,population_estimate,6369.0
4118808,Peabiru - PR,9324,População residente estimada,2024,13496,population_estimate,13496.0
4118857,Perobal - PR,9324,População residente estimada,2024,7496,population_estimate,7496.0
4118907,Pérola - PR,9324,População residente estimada,2024,12275,population_estimate,12275.0
4119004,Pérola d'Oeste - PR,9324,População residente estimada,2024,6235,population_estimate,6235.0
4119103,Piên - PR,9324,População residente estimada,2024,14179,population_estimate,14179.0
4119152,Pinhais - PR,9324,População residente estimada,2024,131199,population_estimate,131199.0
4119202,Pinhalão - PR,9324,População residente estimada,2024,6707,population_estimate,6707.0
4119251,Pinhal de São Bento - PR,9324,População residente estimada,2024,2819,population_estimate,2819.0
4119301,Pinhão - PR,9324,População residente estimada,2024,30472,population_estimate,30472.0
4119400,Piraí do Sul - PR,9324,População residente estimada,2024,24000,population_estimate,24000.0
4119509,Piraquara - PR,9324,População residente estimada,2024,124934,population_estimate,124934.0
4119608,Pitanga - PR,9324,População residente estimada,2024,34513,population_estimate,34513.0
4119657,Pitangueiras - PR,9324,População residente estimada,2024,3121,population_estimate,3121.0
4119707,Planaltina do Paraná - PR,9324,População residente estimada,2024,4123,population_estimate,4123.0
4119806,Planalto - PR,9324,População residente estimada,2024,14663,population_estimate,14663.0
4119905,Ponta Grossa - PR,9324,População residente estimada,2024,372562,population_estimate,372562.0
4119954,Pontal do Paraná - PR,9324,População residente estimada,2024,32426,population_estimate,32426.0
4120002,Porecatu - PR,9324,População residente estimada,2024,11438,population_estimate,11438.0
4120101,Porto Amazonas - PR,9324,População residente estimada,2024,4099,population_estimate,4099.0
4120150,Porto Barreiro - PR,9324,População residente estimada,2024,3078,population_estimate,3078.0
4120200,Porto Rico - PR,9324,População residente estimada,2024,3316,population_estimate,3316.0
4120309,Porto Vitória - PR,9324,População residente estimada,2024,3549,population_estimate,3549.0
4120333,Prado Ferreira - PR,9324,População residente estimada,2024,3799,population_estimate,3799.0
4120358,Pranchita - PR,9324,População residente estimada,2024,5833,population_estimate,5833.0
4120408,Presidente Castelo Branco - PR,9324,População residente estimada,2024,4336,population_estimate,4336.0
4120507,Primeiro de Maio - PR,9324,População residente estimada,2024,10121,population_estimate,10121.0
4120606,Prudentópolis - PR,9324,População residente estimada,2024,50428,population_estimate,50428.0
4120655,Quarto Centenário - PR,9324,População residente estimada,2024,4170,population_estimate,4170.0
4120705,Quatiguá - PR,9324,População residente estimada,2024,8357,population_estimate,8357.0
4120804,Quatro Barras - PR,9324,População residente estimada,2024,25109,population_estimate,25109.0
4120853,Quatro Pontes - PR,9324,População residente estimada,2024,4636,population_estimate,4636.0
4120903,Quedas do Iguaçu - PR,9324,População residente estimada,2024,31405,population_estimate,31405.0
4121000,Querência do Norte - PR,9324,População residente estimada,2024,10693,population_estimate,10693.0
4121109,Quinta do Sol - PR,9324,População residente estimada,2024,5060,population_estimate,5060.0
4121208,Quitandinha - PR,9324,População residente estimada,2024,18823,population_estimate,18823.0
4121257,Ramilândia - PR,9324,População residente estimada,2024,4293,population_estimate,4293.0
4121307,Rancho Alegre - PR,9324,População residente estimada,2024,3501,population_estimate,3501.0
4121356,Rancho Alegre D'Oeste - PR,9324,População residente estimada,2024,2638,population_estimate,2638.0
4121406,Realeza - PR,9324,População residente estimada,2024,19903,population_estimate,19903.0
4121505,Rebouças - PR,9324,População residente estimada,2024,14754,population_estimate,14754.0
4121604,Renascença - PR,9324,População residente estimada,2024,6946,population_estimate,6946.0
4121703,Reserva - PR,9324,População residente estimada,2024,24851,population_estimate,24851.0
4121752,Reserva do Iguaçu - PR,9324,População residente estimada,2024,6543,population_estimate,6543.0
4121802,Ribeirão Claro - PR,9324,População residente estimada,2024,12770,population_estimate,12770.0
4121901,Ribeirão do Pinhal - PR,9324,População residente estimada,2024,13180,population_estimate,13180.0
4122008,Rio Azul - PR,9324,População residente estimada,2024,14214,population_estimate,14214.0
4122107,Rio Bom - PR,9324,População residente estimada,2024,3223,population_estimate,3223.0
4122156,Rio Bonito do Iguaçu - PR,9324,População residente estimada,2024,14234,population_estimate,14234.0
4122172,Rio Branco do Ivaí - PR,9324,População residente estimada,2024,3850,population_estimate,3850.0
4122206,Rio Branco do Sul - PR,9324,População residente estimada,2024,39307,population_estimate,39307.0
4122305,Rio Negro - PR,9324,População residente estimada,2024,31992,population_estimate,31992.0
4122404,Rolândia - PR,9324,População residente estimada,2024,74935,population_estimate,74935.0
4122503,Roncador - PR,9324,População residente estimada,2024,11371,population_estimate,11371.0
4122602,Rondon - PR,9324,População residente estimada,2024,9240,population_estimate,9240.0
4122651,Rosário do Ivaí - PR,9324,População residente estimada,2024,5491,population_estimate,5491.0
4122701,Sabáudia - PR,9324,População residente estimada,2024,9320,population_estimate,9320.0
4122800,Salgado Filho - PR,9324,População residente estimada,2024,4097,population_estimate,4097.0
4122909,Salto do Itararé - PR,9324,População residente estimada,2024,5267,population_estimate,5267.0
4123006,Salto do Lontra - PR,9324,População residente estimada,2024,15636,population_estimate,15636.0
4123105,Santa Amélia - PR,9324,População residente estimada,2024,3386,population_estimate,3386.0
4123204,Santa Cecília do Pavão - PR,9324,População residente estimada,2024,3375,population_estimate,3375.0
4123303,Santa Cruz de Monte Castelo - PR,9324,População residente estimada,2024,8806,population_estimate,8806.0
4123402,Santa Fé - PR,9324,População residente estimada,2024,11669,population_estimate,11669.0
4123501,Santa Helena - PR,9324,População residente estimada,2024,26341,population_estimate,26341.0
4123600,Santa Inês - PR,9324,População residente estimada,2024,1760,population_estimate,1760.0
4123709,Santa Isabel do Ivaí - PR,9324,População residente estimada,2024,9059,population_estimate,9059.0
4123808,Santa Izabel do Oeste - PR,9324,População residente estimada,2024,14385,population_estimate,14385.0
4123824,Santa Lúcia - PR,9324,População residente estimada,2024,3657,population_estimate,3657.0
4123857,Santa Maria do Oeste - PR,9324,População residente estimada,2024,9985,population_estimate,9985.0
4123907,Santa Mariana - PR,9324,População residente estimada,2024,11034,population_estimate,11034.0
4123956,Santa Mônica - PR,9324,População residente estimada,2024,3373,population_estimate,3373.0
4124004,Santana do Itararé - PR,9324,População residente estimada,2024,5628,population_estimate,5628.0
4124020,Santa Tereza do Oeste - PR,9324,População residente estimada,2024,13749,population_estimate,13749.0
4124053,Santa Terezinha de Itaipu - PR,9324,População residente estimada,2024,25055,population_estimate,25055.0
4124103,Santo Antônio da Platina - PR,9324,População residente estimada,2024,45534,population_estimate,45534.0
4124202,Santo Antônio do Caiuá - PR,9324,População residente estimada,2024,2496,population_estimate,2496.0
4124301,Santo Antônio do Paraíso - PR,9324,População residente estimada,2024,2116,population_estimate,2116.0
4124400,Santo Antônio do Sudoeste - PR,9324,População residente estimada,2024,24644,population_estimate,24644.0
4124509,Santo Inácio - PR,9324,População residente estimada,2024,6397,population_estimate,6397.0
4124608,São Carlos do Ivaí - PR,9324,População residente estimada,2024,6712,population_estimate,6712.0
4124707,São Jerônimo da Serra - PR,9324,População residente estimada,2024,10913,population_estimate,10913.0
4124806,São João - PR,9324,População residente estimada,2024,12230,population_estimate,12230.0
4124905,São João do Caiuá - PR,9324,População residente estimada,2024,5620,population_estimate,5620.0
4125001,São João do Ivaí - PR,9324,População residente estimada,2024,10700,population_estimate,10700.0
4125100,São João do Triunfo - PR,9324,População residente estimada,2024,13923,population_estimate,13923.0
4125209,São Jorge d'Oeste - PR,9324,População residente estimada,2024,9550,population_estimate,9550.0
4125308,São Jorge do Ivaí - PR,9324,População residente estimada,2024,5193,population_estimate,5193.0
4125357,São Jorge do Patrocínio - PR,9324,População residente estimada,2024,6659,population_estimate,6659.0
4125407,São José da Boa Vista - PR,9324,População residente estimada,2024,6060,population_estimate,6060.0
4125456,São José das Palmeiras - PR,9324,População residente estimada,2024,4030,population_estimate,4030.0
4125506,São José dos Pinhais - PR,9324,População residente estimada,2024,345644,population_estimate,345644.0
4125555,São Manoel do Paraná - PR,9324,População residente estimada,2024,2173,population_estimate,2173.0
4125605,São Mateus do Sul - PR,9324,População residente estimada,2024,43413,population_estimate,43413.0
4125704,São Miguel do Iguaçu - PR,9324,População residente estimada,2024,30198,population_estimate,30198.0
4125753,São Pedro do Iguaçu - PR,9324,População residente estimada,2024,5769,population_estimate,5769.0
4125803,São Pedro do Ivaí - PR,9324,População residente estimada,2024,8611,population_estimate,8611.0
4125902,São Pedro do Paraná - PR,9324,População residente estimada,2024,2722,population_estimate,2722.0
4126009,São Sebastião da Amoreira - PR,9324,População residente estimada,2024,8100,population_estimate,8100.0
4126108,São Tomé - PR,9324,População residente estimada,2024,5290,population_estimate,5290.0
4126207,Sapopema - PR,9324,População residente estimada,2024,6784,population_estimate,6784.0
4126256,Sarandi - PR,9324,População residente estimada,2024,125785,population_estimate,125785.0
4126272,Saudade do Iguaçu - PR,9324,População residente estimada,2024,6342,population_estimate,6342.0
4126306,Sengés - PR,9324,População residente estimada,2024,17344,population_estimate,17344.0
4126355,Serranópolis do Iguaçu - PR,9324,População residente estimada,2024,5138,population_estimate,5138.0
4126405,Sertaneja - PR,9324,População residente estimada,2024,5667,population_estimate,5667.0
4126504,Sertanópolis - PR,9324,População residente estimada,2024,16183,population_estimate,16183.0
4126603,Siqueira Campos - PR,9324,População residente estimada,2024,23712,population_estimate,23712.0
4126652,Sulina - PR,9324,População residente estimada,2024,3495,population_estimate,3495.0
4126678,Tamarana - PR,9324,População residente estimada,2024,10645,population_estimate,10645.0
4126702,Tamboara - PR,9324,População residente estimada,2024,4979,population_estimate,4979.0
4126801,Tapejara - PR,9324,População residente estimada,2024,16255,population_estimate,16255.0
4126900,Tapira - PR,9324,População residente estimada,2024,5813,population_estimate,5813.0
4127007,Teixeira Soares - PR,9324,População residente estimada,2024,9581,population_estimate,9581.0
4127106,Telêmaco Borba - PR,9324,População residente estimada,2024,77182,population_estimate,77182.0
4127205,Terra Boa - PR,9324,População residente estimada,2024,18048,population_estimate,18048.0
4127304,Terra Rica - PR,9324,População residente estimada,2024,14989,population_estimate,14989.0
4127403,Terra Roxa - PR,9324,População residente estimada,2024,18548,population_estimate,18548.0
4127502,Tibagi - PR,9324,População residente estimada,2024,20304,population_estimate,20304.0
4127601,Tijucas do Sul - PR,9324,População residente estimada,2024,18279,population_estimate,18279.0
4127700,Toledo - PR,9324,População residente estimada,2024,158620,population_estimate,158620.0
4127809,Tomazina - PR,9324,População residente estimada,2024,8495,population_estimate,8495.0
4127858,Três Barras do Paraná - PR,9324,População residente estimada,2024,11197,population_estimate,11197.0
4127882,Tunas do Paraná - PR,9324,População residente estimada,2024,6302,population_estimate,6302.0
4127908,Tuneiras do Oeste - PR,9324,População residente estimada,2024,8095,population_estimate,8095.0
4127957,Tupãssi - PR,9324,População residente estimada,2024,8204,population_estimate,8204.0
4127965,Turvo - PR,9324,População residente estimada,2024,14443,population_estimate,14443.0
4128005,Ubiratã - PR,9324,População residente estimada,2024,25517,population_estimate,25517.0
4128104,Umuarama - PR,9324,População residente estimada,2024,121972,population_estimate,121972.0
4128203,União da Vitória - PR,9324,População residente estimada,2024,56397,population_estimate,56397.0
4128302,Uniflor - PR,9324,População residente estimada,2024,2121,population_estimate,2121.0
4128401,Uraí - PR,9324,População residente estimada,2024,10407,population_estimate,10407.0
4128500,Wenceslau Braz - PR,9324,População residente estimada,2024,19430,population_estimate,19430.0
4128534,Ventania - PR,9324,População residente estimada,2024,9779,population_estimate,9779.0
4128559,Vera Cruz do Oeste - PR,9324,População residente estimada,2024,8227,population_estimate,8227.0
4128609,Verê - PR,9324,População residente estimada,2024,8051,population_estimate,8051.0
4128625,Alto Paraíso - PR,9324,População residente estimada,2024,3077,population_estimate,3077.0
4128633,Doutor Ulysses - PR,9324,População residente estimada,2024,5773,population_estimate,5773.0
4128658,Virmond - PR,9324,População residente estimada,2024,3842,population_estimate,3842.0
4128708,Vitorino - PR,9324,População residente estimada,2024,10280,population_estimate,10280.0
4128807,Xambrê - PR,9324,População residente estimada,2024,5851,population_estimate,5851.0
4200051,Abdon Batista - SC,9324,População residente estimada,2024,2633,population_estimate,2633.0
4200101,Abelardo Luz - SC,9324,População residente estimada,2024,17736,population_estimate,17736.0
4200200,Agrolândia - SC,9324,População residente estimada,2024,11491,population_estimate,11491.0
4200309,Agronômica - SC,9324,População residente estimada,2024,6394,population_estimate,6394.0
4200408,Água Doce - SC,9324,População residente estimada,2024,6625,population_estimate,6625.0
4200507,Águas de Chapecó - SC,9324,População residente estimada,2024,6128,population_estimate,6128.0
4200556,Águas Frias - SC,9324,População residente estimada,2024,2963,population_estimate,2963.0
4200606,Águas Mornas - SC,9324,População residente estimada,2024,7082,population_estimate,7082.0
4200705,Alfredo Wagner - SC,9324,População residente estimada,2024,10862,population_estimate,10862.0
4200754,Alto Bela Vista - SC,9324,População residente estimada,2024,1860,population_estimate,1860.0
4200804,Anchieta - SC,9324,População residente estimada,2024,5984,population_estimate,5984.0
4200903,Angelina - SC,9324,População residente estimada,2024,5472,population_estimate,5472.0
4201000,Anita Garibaldi - SC,9324,População residente estimada,2024,8367,population_estimate,8367.0
4201109,Anitápolis - SC,9324,População residente estimada,2024,3726,population_estimate,3726.0
4201208,Antônio Carlos - SC,9324,População residente estimada,2024,12118,population_estimate,12118.0
4201257,Apiúna - SC,9324,População residente estimada,2024,10020,population_estimate,10020.0
4201273,Arabutã - SC,9324,População residente estimada,2024,4487,population_estimate,4487.0
4201307,Araquari - SC,9324,População residente estimada,2024,50178,population_estimate,50178.0
4201406,Araranguá - SC,9324,População residente estimada,2024,75597,population_estimate,75597.0
4201505,Armazém - SC,9324,População residente estimada,2024,9188,population_estimate,9188.0
4201604,Arroio Trinta - SC,9324,População residente estimada,2024,3628,population_estimate,3628.0
4201653,Arvoredo - SC,9324,População residente estimada,2024,2600,population_estimate,2600.0
4201703,Ascurra - SC,9324,População residente estimada,2024,8635,population_estimate,8635.0
4201802,Atalanta - SC,9324,População residente estimada,2024,3270,population_estimate,3270.0
4201901,Aurora - SC,9324,População residente estimada,2024,7127,population_estimate,7127.0
4201950,Balneário Arroio do Silva - SC,9324,População residente estimada,2024,17215,population_estimate,17215.0
4202008,Balneário Camboriú - SC,9324,População residente estimada,2024,148758,population_estimate,148758.0
4202057,Balneário Barra do Sul - SC,9324,População residente estimada,2024,16360,population_estimate,16360.0
4202073,Balneário Gaivota - SC,9324,População residente estimada,2024,17306,population_estimate,17306.0
4202081,Bandeirante - SC,9324,População residente estimada,2024,3243,population_estimate,3243.0
4202099,Barra Bonita - SC,9324,População residente estimada,2024,1662,population_estimate,1662.0
4202107,Barra Velha - SC,9324,População residente estimada,2024,50730,population_estimate,50730.0
4202131,Bela Vista do Toldo - SC,9324,População residente estimada,2024,5950,population_estimate,5950.0
4202156,Belmonte - SC,9324,População residente estimada,2024,2709,population_estimate,2709.0
4202206,Benedito Novo - SC,9324,População residente estimada,2024,10738,population_estimate,10738.0
4202305,Biguaçu - SC,9324,População residente estimada,2024,82028,population_estimate,82028.0
4202404,Blumenau - SC,9324,População residente estimada,2024,380597,population_estimate,380597.0
4202438,Bocaina do Sul - SC,9324,População residente estimada,2024,3618,population_estimate,3618.0
4202453,Bombinhas - SC,9324,População residente estimada,2024,27732,population_estimate,27732.0
4202503,Bom Jardim da Serra - SC,9324,População residente estimada,2024,4028,population_estimate,4028.0
4202537,Bom Jesus - SC,9324,População residente estimada,2024,2872,population_estimate,2872.0
4202578,Bom Jesus do Oeste - SC,9324,População residente estimada,2024,2234,population_estimate,2234.0
4202602,Bom Retiro - SC,9324,População residente estimada,2024,8468,population_estimate,8468.0
4202701,Botuverá - SC,9324,População residente estimada,2024,5623,population_estimate,5623.0
4202800,Braço do Norte - SC,9324,População residente estimada,2024,35534,population_estimate,35534.0
4202859,Braço do Trombudo - SC,9324,População residente estimada,2024,4203,population_estimate,4203.0
4202875,Brunópolis - SC,9324,População residente estimada,2024,2466,population_estimate,2466.0
4202909,Brusque - SC,9324,População residente estimada,2024,151949,population_estimate,151949.0
4203006,Caçador - SC,9324,População residente estimada,2024,75998,population_estimate,75998.0
4203105,Caibi - SC,9324,População residente estimada,2024,6431,population_estimate,6431.0
4203154,Calmon - SC,9324,População residente estimada,2024,3513,population_estimate,3513.0
4203204,Camboriú - SC,9324,População residente estimada,2024,113525,population_estimate,113525.0
4203253,Capão Alto - SC,9324,População residente estimada,2024,2647,population_estimate,2647.0
4203303,Campo Alegre - SC,9324,População residente estimada,2024,12815,population_estimate,12815.0
4203402,Campo Belo do Sul - SC,9324,População residente estimada,2024,7342,population_estimate,7342.0
4203501,Campo Erê - SC,9324,População residente estimada,2024,9838,population_estimate,9838.0
4203600,Campos Novos - SC,9324,População residente estimada,2024,38656,population_estimate,38656.0
4203709,Canelinha - SC,9324,População residente estimada,2024,13413,population_estimate,13413.0
4203808,Canoinhas - SC,9324,População residente estimada,2024,56721,population_estimate,56721.0
4203907,Capinzal - SC,9324,População residente estimada,2024,24176,population_estimate,24176.0
4203956,Capivari de Baixo - SC,9324,População residente estimada,2024,24799,population_estimate,24799.0
4204004,Catanduvas - SC,9324,População residente estimada,2024,10938,population_estimate,10938.0
4204103,Caxambu do Sul - SC,9324,População residente estimada,2024,4732,population_estimate,4732.0
4204152,Celso Ramos - SC,9324,População residente estimada,2024,2860,population_estimate,2860.0
4204178,Cerro Negro - SC,9324,População residente estimada,2024,3326,population_estimate,3326.0
4204194,Chapadão do Lageado - SC,9324,População residente estimada,2024,3036,population_estimate,3036.0
4204202,Chapecó - SC,9324,População residente estimada,2024,275959,population_estimate,275959.0
4204251,Cocal do Sul - SC,9324,População residente estimada,2024,17912,population_estimate,17912.0
4204301,Concórdia - SC,9324,População residente estimada,2024,85982,population_estimate,85982.0
4204350,Cordilheira Alta - SC,9324,População residente estimada,2024,5099,population_estimate,5099.0
4204400,Coronel Freitas - SC,9324,População residente estimada,2024,10583,population_estimate,10583.0
4204459,Coronel Martins - SC,9324,População residente estimada,2024,2028,population_estimate,2028.0
4204509,Corupá - SC,9324,População residente estimada,2024,15781,population_estimate,15781.0
4204558,Correia Pinto - SC,9324,População residente estimada,2024,16163,population_estimate,16163.0
4204608,Criciúma - SC,9324,População residente estimada,2024,225281,population_estimate,225281.0
4204707,Cunha Porã - SC,9324,População residente estimada,2024,11208,population_estimate,11208.0
4204756,Cunhataí - SC,9324,População residente estimada,2024,2018,population_estimate,2018.0
4204806,Curitibanos - SC,9324,População residente estimada,2024,41512,population_estimate,41512.0
4204905,Descanso - SC,9324,População residente estimada,2024,8660,population_estimate,8660.0
4205001,Dionísio Cerqueira - SC,9324,População residente estimada,2024,15294,population_estimate,15294.0
4205100,Dona Emma - SC,9324,População residente estimada,2024,4388,population_estimate,4388.0
4205159,Doutor Pedrinho - SC,9324,População residente estimada,2024,3719,population_estimate,3719.0
4205175,Entre Rios - SC,9324,População residente estimada,2024,3525,population_estimate,3525.0
4205191,Ermo - SC,9324,População residente estimada,2024,2349,population_estimate,2349.0
4205209,Erval Velho - SC,9324,População residente estimada,2024,5081,population_estimate,5081.0
4205308,Faxinal dos Guedes - SC,9324,População residente estimada,2024,11486,population_estimate,11486.0
4205357,Flor do Sertão - SC,9324,População residente estimada,2024,1850,population_estimate,1850.0
4205407,Florianópolis - SC,9324,População residente estimada,2024,576361,population_estimate,576361.0
4205431,Formosa do Sul - SC,9324,População residente estimada,2024,2743,population_estimate,2743.0
4205456,Forquilhinha - SC,9324,População residente estimada,2024,33929,population_estimate,33929.0
4205506,Fraiburgo - SC,9324,População residente estimada,2024,34148,population_estimate,34148.0
4205555,Frei Rogério - SC,9324,População residente estimada,2024,2442,population_estimate,2442.0
4205605,Galvão - SC,9324,População residente estimada,2024,3200,population_estimate,3200.0
4205704,Garopaba - SC,9324,População residente estimada,2024,32962,population_estimate,32962.0
4205803,Garuva - SC,9324,População residente estimada,2024,19554,population_estimate,19554.0
4205902,Gaspar - SC,9324,População residente estimada,2024,76982,population_estimate,76982.0
4206009,Governador Celso Ramos - SC,9324,População residente estimada,2024,17920,population_estimate,17920.0
4206108,Grão-Pará - SC,9324,População residente estimada,2024,6397,population_estimate,6397.0
4206207,Gravatal - SC,9324,População residente estimada,2024,12989,population_estimate,12989.0
4206306,Guabiruba - SC,9324,População residente estimada,2024,26082,population_estimate,26082.0
4206405,Guaraciaba - SC,9324,População residente estimada,2024,11040,population_estimate,11040.0
4206504,Guaramirim - SC,9324,População residente estimada,2024,49941,population_estimate,49941.0
4206603,Guarujá do Sul - SC,9324,População residente estimada,2024,4899,population_estimate,4899.0
4206652,Guatambú - SC,9324,População residente estimada,2024,9267,population_estimate,9267.0
4206702,Herval d'Oeste - SC,9324,População residente estimada,2024,22173,population_estimate,22173.0
4206751,Ibiam - SC,9324,População residente estimada,2024,2055,population_estimate,2055.0
4206801,Ibicaré - SC,9324,População residente estimada,2024,3304,population_estimate,3304.0
4206900,Ibirama - SC,9324,População residente estimada,2024,20663,population_estimate,20663.0
4207007,Içara - SC,9324,População residente estimada,2024,62455,population_estimate,62455.0
4207106,Ilhota - SC,9324,População residente estimada,2024,18197,population_estimate,18197.0
4207205,Imaruí - SC,9324,População residente estimada,2024,12127,population_estimate,12127.0
4207304,Imbituba - SC,9324,População residente estimada,2024,56107,population_estimate,56107.0
4207403,Imbuia - SC,9324,População residente estimada,2024,6139,population_estimate,6139.0
4207502,Indaial - SC,9324,População residente estimada,2024,76333,population_estimate,76333.0
4207577,Iomerê - SC,9324,População residente estimada,2024,2953,population_estimate,2953.0
4207601,Ipira - SC,9324,População residente estimada,2024,4635,population_estimate,4635.0
4207650,Iporã do Oeste - SC,9324,População residente estimada,2024,9672,population_estimate,9672.0
4207684,Ipuaçu - SC,9324,População residente estimada,2024,8046,population_estimate,8046.0
4207700,Ipumirim - SC,9324,População residente estimada,2024,8065,population_estimate,8065.0
4207759,Iraceminha - SC,9324,População residente estimada,2024,4005,population_estimate,4005.0
4207809,Irani - SC,9324,População residente estimada,2024,10497,population_estimate,10497.0
4207858,Irati - SC,9324,População residente estimada,2024,2100,population_estimate,2100.0
4207908,Irineópolis - SC,9324,População residente estimada,2024,10437,population_estimate,10437.0
4208005,Itá - SC,9324,População residente estimada,2024,7310,population_estimate,7310.0
4208104,Itaiópolis - SC,9324,População residente estimada,2024,22741,population_estimate,22741.0
4208203,Itajaí - SC,9324,População residente estimada,2024,287289,population_estimate,287289.0
4208302,Itapema - SC,9324,População residente estimada,2024,83330,population_estimate,83330.0
4208401,Itapiranga - SC,9324,População residente estimada,2024,17149,population_estimate,17149.0
4208450,Itapoá - SC,9324,População residente estimada,2024,34546,population_estimate,34546.0
4208500,Ituporanga - SC,9324,População residente estimada,2024,28042,population_estimate,28042.0
4208609,Jaborá - SC,9324,População residente estimada,2024,4435,population_estimate,4435.0
4208708,Jacinto Machado - SC,9324,População residente estimada,2024,10813,population_estimate,10813.0
4208807,Jaguaruna - SC,9324,População residente estimada,2024,21284,population_estimate,21284.0
4208906,Jaraguá do Sul - SC,9324,População residente estimada,2024,195753,population_estimate,195753.0
4208955,Jardinópolis - SC,9324,População residente estimada,2024,1808,population_estimate,1808.0
4209003,Joaçaba - SC,9324,População residente estimada,2024,31509,population_estimate,31509.0
4209102,Joinville - SC,9324,População residente estimada,2024,654888,population_estimate,654888.0
4209151,José Boiteux - SC,9324,População residente estimada,2024,6307,population_estimate,6307.0
4209177,Jupiá - SC,9324,População residente estimada,2024,2675,population_estimate,2675.0
4209201,Lacerdópolis - SC,9324,População residente estimada,2024,2296,population_estimate,2296.0
4209300,Lages - SC,9324,População residente estimada,2024,171609,population_estimate,171609.0
4209409,Laguna - SC,9324,População residente estimada,2024,43992,population_estimate,43992.0
4209458,Lajeado Grande - SC,9324,População residente estimada,2024,1771,population_estimate,1771.0
4209508,Laurentino - SC,9324,População residente estimada,2024,8427,population_estimate,8427.0
4209607,Lauro Müller - SC,9324,População residente estimada,2024,14622,population_estimate,14622.0
4209706,Lebon Régis - SC,9324,População residente estimada,2024,11605,population_estimate,11605.0
4209805,Leoberto Leal - SC,9324,População residente estimada,2024,3381,population_estimate,3381.0
4209854,Lindóia do Sul - SC,9324,População residente estimada,2024,4611,population_estimate,4611.0
4209904,Lontras - SC,9324,População residente estimada,2024,13586,population_estimate,13586.0
4210001,Luiz Alves - SC,9324,População residente estimada,2024,12126,population_estimate,12126.0
4210035,Luzerna - SC,9324,População residente estimada,2024,5931,population_estimate,5931.0
4210050,Macieira - SC,9324,População residente estimada,2024,1800,population_estimate,1800.0
4210100,Mafra - SC,9324,População residente estimada,2024,57023,population_estimate,57023.0
4210209,Major Gercino - SC,9324,População residente estimada,2024,3258,population_estimate,3258.0
4210308,Major Vieira - SC,9324,População residente estimada,2024,7545,population_estimate,7545.0
4210407,Maracajá - SC,9324,População residente estimada,2024,8213,population_estimate,8213.0
4210506,Maravilha - SC,9324,População residente estimada,2024,30155,population_estimate,30155.0
4210555,Marema - SC,9324,População residente estimada,2024,2219,population_estimate,2219.0
4210605,Massaranduba - SC,9324,População residente estimada,2024,17897,population_estimate,17897.0
4210704,Matos Costa - SC,9324,População residente estimada,2024,2795,population_estimate,2795.0
4210803,Meleiro - SC,9324,População residente estimada,2024,7127,population_estimate,7127.0
4210852,Mirim Doce - SC,9324,População residente estimada,2024,2554,population_estimate,2554.0
4210902,Modelo - SC,9324,População residente estimada,2024,4156,population_estimate,4156.0
4211009,Mondaí - SC,9324,População residente estimada,2024,10216,population_estimate,10216.0
4211058,Monte Carlo - SC,9324,População residente estimada,2024,9235,population_estimate,9235.0
4211108,Monte Castelo - SC,9324,População residente estimada,2024,7787,population_estimate,7787.0
4211207,Morro da Fumaça - SC,9324,População residente estimada,2024,19265,population_estimate,19265.0
4211256,Morro Grande - SC,9324,População residente estimada,2024,3085,population_estimate,3085.0
4211306,Navegantes - SC,9324,População residente estimada,2024,93619,population_estimate,93619.0
4211405,Nova Erechim - SC,9324,População residente estimada,2024,5408,population_estimate,5408.0
4211454,Nova Itaberaba - SC,9324,População residente estimada,2024,4648,population_estimate,4648.0
4211504,Nova Trento - SC,9324,População residente estimada,2024,14252,population_estimate,14252.0
4211603,Nova Veneza - SC,9324,População residente estimada,2024,13968,population_estimate,13968.0
4211652,Novo Horizonte - SC,9324,População residente estimada,2024,2670,population_estimate,2670.0
4211702,Orleans - SC,9324,População residente estimada,2024,24474,population_estimate,24474.0
4211751,Otacílio Costa - SC,9324,População residente estimada,2024,17780,population_estimate,17780.0
4211801,Ouro - SC,9324,População residente estimada,2024,7091,population_estimate,7091.0
4211850,Ouro Verde - SC,9324,População residente estimada,2024,2203,population_estimate,2203.0
4211876,Paial - SC,9324,População residente estimada,2024,1992,population_estimate,1992.0
4211892,Painel - SC,9324,População residente estimada,2024,2228,population_estimate,2228.0
4211900,Palhoça - SC,9324,População residente estimada,2024,245477,population_estimate,245477.0
4212007,Palma Sola - SC,9324,População residente estimada,2024,7709,population_estimate,7709.0
4212056,Palmeira - SC,9324,População residente estimada,2024,2640,population_estimate,2640.0
4212106,Palmitos - SC,9324,População residente estimada,2024,15812,population_estimate,15812.0
4212205,Papanduva - SC,9324,População residente estimada,2024,19667,population_estimate,19667.0
4212239,Paraíso - SC,9324,População residente estimada,2024,4376,population_estimate,4376.0
4212254,Passo de Torres - SC,9324,População residente estimada,2024,14284,population_estimate,14284.0
4212270,Passos Maia - SC,9324,População residente estimada,2024,4032,population_estimate,4032.0
4212304,Paulo Lopes - SC,9324,População residente estimada,2024,9661,population_estimate,9661.0
4212403,Pedras Grandes - SC,9324,População residente estimada,2024,4343,population_estimate,4343.0
4212502,Penha - SC,9324,População residente estimada,2024,36124,population_estimate,36124.0
4212601,Peritiba - SC,9324,População residente estimada,2024,3039,population_estimate,3039.0
4212650,Pescaria Brava - SC,9324,População residente estimada,2024,10531,population_estimate,10531.0
4212700,Petrolândia - SC,9324,População residente estimada,2024,6942,population_estimate,6942.0
4212809,Balneário Piçarras - SC,9324,População residente estimada,2024,29725,population_estimate,29725.0
4212908,Pinhalzinho - SC,9324,População residente estimada,2024,23379,population_estimate,23379.0
4213005,Pinheiro Preto - SC,9324,População residente estimada,2024,3598,population_estimate,3598.0
4213104,Piratuba - SC,9324,População residente estimada,2024,6053,population_estimate,6053.0
4213153,Planalto Alegre - SC,9324,População residente estimada,2024,3053,population_estimate,3053.0
4213203,Pomerode - SC,9324,População residente estimada,2024,36392,population_estimate,36392.0
4213302,Ponte Alta - SC,9324,População residente estimada,2024,4430,population_estimate,4430.0
4213351,Ponte Alta do Norte - SC,9324,População residente estimada,2024,3249,population_estimate,3249.0
4213401,Ponte Serrada - SC,9324,População residente estimada,2024,10764,population_estimate,10764.0
4213500,Porto Belo - SC,9324,População residente estimada,2024,30590,population_estimate,30590.0
4213609,Porto União - SC,9324,População residente estimada,2024,33727,population_estimate,33727.0
4213708,Pouso Redondo - SC,9324,População residente estimada,2024,17836,population_estimate,17836.0
4213807,Praia Grande - SC,9324,População residente estimada,2024,8602,population_estimate,8602.0
4213906,Presidente Castello Branco - SC,9324,População residente estimada,2024,1711,population_estimate,1711.0
4214003,Presidente Getúlio - SC,9324,População residente estimada,2024,21293,population_estimate,21293.0
4214102,Presidente Nereu - SC,9324,População residente estimada,2024,2345,population_estimate,2345.0
4214151,Princesa - SC,9324,População residente estimada,2024,3054,population_estimate,3054.0
4214201,Quilombo - SC,9324,População residente estimada,2024,11359,population_estimate,11359.0
4214300,Rancho Queimado - SC,9324,População residente estimada,2024,3435,population_estimate,3435.0
4214409,Rio das Antas - SC,9324,População residente estimada,2024,6386,population_estimate,6386.0
4214508,Rio do Campo - SC,9324,População residente estimada,2024,6613,population_estimate,6613.0
4214607,Rio do Oeste - SC,9324,População residente estimada,2024,8008,population_estimate,8008.0
4214706,Rio dos Cedros - SC,9324,População residente estimada,2024,11163,population_estimate,11163.0
4214805,Rio do Sul - SC,9324,População residente estimada,2024,76390,population_estimate,76390.0
4214904,Rio Fortuna - SC,9324,População residente estimada,2024,5006,population_estimate,5006.0
4215000,Rio Negrinho - SC,9324,População residente estimada,2024,40168,population_estimate,40168.0
4215059,Rio Rufino - SC,9324,População residente estimada,2024,2432,population_estimate,2432.0
4215075,Riqueza - SC,9324,População residente estimada,2024,4835,population_estimate,4835.0
4215109,Rodeio - SC,9324,População residente estimada,2024,13321,population_estimate,13321.0
4215208,Romelândia - SC,9324,População residente estimada,2024,4757,population_estimate,4757.0
4215307,Salete - SC,9324,População residente estimada,2024,7643,population_estimate,7643.0
4215356,Saltinho - SC,9324,População residente estimada,2024,3633,population_estimate,3633.0
4215406,Salto Veloso - SC,9324,População residente estimada,2024,4486,population_estimate,4486.0
4215455,Sangão - SC,9324,População residente estimada,2024,13567,population_estimate,13567.0
4215505,Santa Cecília - SC,9324,População residente estimada,2024,15764,population_estimate,15764.0
4215554,Santa Helena - SC,9324,População residente estimada,2024,2473,population_estimate,2473.0
4215604,Santa Rosa de Lima - SC,9324,População residente estimada,2024,2128,population_estimate,2128.0
4215653,Santa Rosa do Sul - SC,9324,População residente estimada,2024,10288,population_estimate,10288.0
4215679,Santa Terezinha - SC,9324,População residente estimada,2024,8077,population_estimate,8077.0
4215687,Santa Terezinha do Progresso - SC,9324,População residente estimada,2024,2562,population_estimate,2562.0
4215695,Santiago do Sul - SC,9324,População residente estimada,2024,1714,population_estimate,1714.0
4215703,Santo Amaro da Imperatriz - SC,9324,População residente estimada,2024,29392,population_estimate,29392.0
4215752,São Bernardino - SC,9324,População residente estimada,2024,2719,population_estimate,2719.0
4215802,São Bento do Sul - SC,9324,População residente estimada,2024,86851,population_estimate,86851.0
4215901,São Bonifácio - SC,9324,População residente estimada,2024,2986,population_estimate,2986.0
4216008,São Carlos - SC,9324,População residente estimada,2024,10460,population_estimate,10460.0
4216057,São Cristóvão do Sul - SC,9324,População residente estimada,2024,6389,population_estimate,6389.0
4216107,São Domingos - SC,9324,População residente estimada,2024,9356,population_estimate,9356.0
4216206,São Francisco do Sul - SC,9324,População residente estimada,2024,55784,population_estimate,55784.0
4216255,São João do Oeste - SC,9324,População residente estimada,2024,6446,population_estimate,6446.0
4216305,São João Batista - SC,9324,População residente estimada,2024,34733,population_estimate,34733.0
4216354,São João do Itaperiú - SC,9324,População residente estimada,2024,4732,population_estimate,4732.0
4216404,São João do Sul - SC,9324,População residente estimada,2024,9126,population_estimate,9126.0
4216503,São Joaquim - SC,9324,População residente estimada,2024,26852,population_estimate,26852.0
4216602,São José - SC,9324,População residente estimada,2024,289949,population_estimate,289949.0
4216701,São José do Cedro - SC,9324,População residente estimada,2024,14491,population_estimate,14491.0
4216800,São José do Cerrito - SC,9324,População residente estimada,2024,8755,population_estimate,8755.0
4216909,São Lourenço do Oeste - SC,9324,População residente estimada,2024,25770,population_estimate,25770.0
4217006,São Ludgero - SC,9324,População residente estimada,2024,14211,population_estimate,14211.0
4217105,São Martinho - SC,9324,População residente estimada,2024,3501,population_estimate,3501.0
4217154,São Miguel da Boa Vista - SC,9324,População residente estimada,2024,1788,population_estimate,1788.0
4217204,São Miguel do Oeste - SC,9324,População residente estimada,2024,46969,population_estimate,46969.0
4217253,São Pedro de Alcântara - SC,9324,População residente estimada,2024,6076,population_estimate,6076.0
4217303,Saudades - SC,9324,População residente estimada,2024,10680,population_estimate,10680.0
4217402,Schroeder - SC,9324,População residente estimada,2024,21273,population_estimate,21273.0
4217501,Seara - SC,9324,População residente estimada,2024,19241,population_estimate,19241.0
4217550,Serra Alta - SC,9324,População residente estimada,2024,3367,population_estimate,3367.0
4217600,Siderópolis - SC,9324,População residente estimada,2024,14087,population_estimate,14087.0
4217709,Sombrio - SC,9324,População residente estimada,2024,31397,population_estimate,31397.0
4217758,Sul Brasil - SC,9324,População residente estimada,2024,2894,population_estimate,2894.0
4217808,Taió - SC,9324,População residente estimada,2024,18808,population_estimate,18808.0
4217907,Tangará - SC,9324,População residente estimada,2024,8189,population_estimate,8189.0
4217956,Tigrinhos - SC,9324,População residente estimada,2024,2480,population_estimate,2480.0
4218004,Tijucas - SC,9324,População residente estimada,2024,56674,population_estimate,56674.0
4218103,Timbé do Sul - SC,9324,População residente estimada,2024,5495,population_estimate,5495.0
4218202,Timbó - SC,9324,População residente estimada,2024,48903,population_estimate,48903.0
4218251,Timbó Grande - SC,9324,População residente estimada,2024,7503,population_estimate,7503.0
4218301,Três Barras - SC,9324,População residente estimada,2024,20373,population_estimate,20373.0
4218350,Treviso - SC,9324,População residente estimada,2024,3895,population_estimate,3895.0
4218400,Treze de Maio - SC,9324,População residente estimada,2024,7585,population_estimate,7585.0
4218509,Treze Tílias - SC,9324,População residente estimada,2024,9308,population_estimate,9308.0
4218608,Trombudo Central - SC,9324,População residente estimada,2024,7532,population_estimate,7532.0
4218707,Tubarão - SC,9324,População residente estimada,2024,115495,population_estimate,115495.0
4218756,Tunápolis - SC,9324,População residente estimada,2024,5054,population_estimate,5054.0
4218806,Turvo - SC,9324,População residente estimada,2024,13492,population_estimate,13492.0
4218855,União do Oeste - SC,9324,População residente estimada,2024,2801,population_estimate,2801.0
4218905,Urubici - SC,9324,População residente estimada,2024,11048,population_estimate,11048.0
4218954,Urupema - SC,9324,População residente estimada,2024,2735,population_estimate,2735.0
4219002,Urussanga - SC,9324,População residente estimada,2024,21395,population_estimate,21395.0
4219101,Vargeão - SC,9324,População residente estimada,2024,3716,population_estimate,3716.0
4219150,Vargem - SC,9324,População residente estimada,2024,2632,population_estimate,2632.0
4219176,Vargem Bonita - SC,9324,População residente estimada,2024,4615,population_estimate,4615.0
4219200,Vidal Ramos - SC,9324,População residente estimada,2024,6275,population_estimate,6275.0
4219309,Videira - SC,9324,População residente estimada,2024,58299,population_estimate,58299.0
4219358,Vitor Meireles - SC,9324,População residente estimada,2024,5492,population_estimate,5492.0
4219408,Witmarsum - SC,9324,População residente estimada,2024,4451,population_estimate,4451.0
4219507,Xanxerê - SC,9324,População residente estimada,2024,54194,population_estimate,54194.0
4219606,Xavantina - SC,9324,População residente estimada,2024,3627,population_estimate,3627.0
4219705,Xaxim - SC,9324,População residente estimada,2024,33902,population_estimate,33902.0
4219853,Zortéa - SC,9324,População residente estimada,2024,4170,population_estimate,4170.0
4220000,Balneário Rincão - SC,9324,População residente estimada,2024,17226,population_estimate,17226.0
4300034,Aceguá - RS,9324,População residente estimada,2024,4253,population_estimate,4253.0
4300059,Água Santa - RS,9324,População residente estimada,2024,4000,population_estimate,4000.0
4300109,Agudo - RS,9324,População residente estimada,2024,16346,population_estimate,16346.0
4300208,Ajuricaba - RS,9324,População residente estimada,2024,6848,population_estimate,6848.0
4300307,Alecrim - RS,9324,População residente estimada,2024,6228,population_estimate,6228.0
4300406,Alegrete - RS,9324,População residente estimada,2024,74329,population_estimate,74329.0
4300455,Alegria - RS,9324,População residente estimada,2024,3711,population_estimate,3711.0
4300471,Almirante Tamandaré do Sul - RS,9324,População residente estimada,2024,2008,population_estimate,2008.0
4300505,Alpestre - RS,9324,População residente estimada,2024,7243,population_estimate,7243.0
4300554,Alto Alegre - RS,9324,População residente estimada,2024,1837,population_estimate,1837.0
4300570,Alto Feliz - RS,9324,População residente estimada,2024,3143,population_estimate,3143.0
4300604,Alvorada - RS,9324,População residente estimada,2024,194116,population_estimate,194116.0
4300638,Amaral Ferrador - RS,9324,População residente estimada,2024,5394,population_estimate,5394.0
4300646,Ametista do Sul - RS,9324,População residente estimada,2024,7822,population_estimate,7822.0
4300661,André da Rocha - RS,9324,População residente estimada,2024,1157,population_estimate,1157.0
4300703,Anta Gorda - RS,9324,População residente estimada,2024,6080,population_estimate,6080.0
4300802,Antônio Prado - RS,9324,População residente estimada,2024,13328,population_estimate,13328.0
4300851,Arambaré - RS,9324,População residente estimada,2024,4211,population_estimate,4211.0
4300877,Araricá - RS,9324,População residente estimada,2024,8794,population_estimate,8794.0
4300901,Aratiba - RS,9324,População residente estimada,2024,6618,population_estimate,6618.0
4301008,Arroio do Meio - RS,9324,População residente estimada,2024,22490,population_estimate,22490.0
4301057,Arroio do Sal - RS,9324,População residente estimada,2024,11384,population_estimate,11384.0
4301073,Arroio do Padre - RS,9324,População residente estimada,2024,2651,population_estimate,2651.0
4301107,Arroio dos Ratos - RS,9324,População residente estimada,2024,14923,population_estimate,14923.0
4301206,Arroio do Tigre - RS,9324,População residente estimada,2024,12296,population_estimate,12296.0
4301305,Arroio Grande - RS,9324,População residente estimada,2024,17887,population_estimate,17887.0
4301404,Arvorezinha - RS,9324,População residente estimada,2024,10545,population_estimate,10545.0
4301503,Augusto Pestana - RS,9324,População residente estimada,2024,7302,population_estimate,7302.0
4301552,Áurea - RS,9324,População residente estimada,2024,3460,population_estimate,3460.0
4301602,Bagé - RS,9324,População residente estimada,2024,121900,population_estimate,121900.0
4301636,Balneário Pinhal - RS,9324,População residente estimada,2024,15371,population_estimate,15371.0
4301651,Barão - RS,9324,População residente estimada,2024,6489,population_estimate,6489.0
4301701,Barão de Cotegipe - RS,9324,População residente estimada,2024,7313,population_estimate,7313.0
4301750,Barão do Triunfo - RS,9324,População residente estimada,2024,5983,population_estimate,5983.0
4301800,Barracão - RS,9324,População residente estimada,2024,4920,population_estimate,4920.0
4301859,Barra do Guarita - RS,9324,População residente estimada,2024,3230,population_estimate,3230.0
4301875,Barra do Quaraí - RS,9324,População residente estimada,2024,4337,population_estimate,4337.0
4301909,Barra do Ribeiro - RS,9324,População residente estimada,2024,12475,population_estimate,12475.0
4301925,Barra do Rio Azul - RS,9324,População residente estimada,2024,1724,population_estimate,1724.0
4301958,Barra Funda - RS,9324,População residente estimada,2024,2555,population_estimate,2555.0
4302006,Barros Cassal - RS,9324,População residente estimada,2024,9442,population_estimate,9442.0
4302055,Benjamin Constant do Sul - RS,9324,População residente estimada,2024,2120,population_estimate,2120.0
4302105,Bento Gonçalves - RS,9324,População residente estimada,2024,127775,population_estimate,127775.0
4302154,Boa Vista das Missões - RS,9324,População residente estimada,2024,1969,population_estimate,1969.0
4302204,Boa Vista do Buricá - RS,9324,População residente estimada,2024,7125,population_estimate,7125.0
4302220,Boa Vista do Cadeado - RS,9324,População residente estimada,2024,2271,population_estimate,2271.0
4302238,Boa Vista do Incra - RS,9324,População residente estimada,2024,2315,population_estimate,2315.0
4302253,Boa Vista do Sul - RS,9324,População residente estimada,2024,2815,population_estimate,2815.0
4302303,Bom Jesus - RS,9324,População residente estimada,2024,11431,population_estimate,11431.0
4302352,Bom Princípio - RS,9324,População residente estimada,2024,13650,population_estimate,13650.0
4302378,Bom Progresso - RS,9324,População residente estimada,2024,2134,population_estimate,2134.0
4302402,Bom Retiro do Sul - RS,9324,População residente estimada,2024,12578,population_estimate,12578.0
4302451,Boqueirão do Leão - RS,9324,População residente estimada,2024,6215,population_estimate,6215.0
4302501,Bossoroca - RS,9324,População residente estimada,2024,5988,population_estimate,5988.0
4302584,Bozano - RS,9324,População residente estimada,2024,2195,population_estimate,2195.0
4302600,Braga - RS,9324,População residente estimada,2024,3326,population_estimate,3326.0
4302659,Brochier - RS,9324,População residente estimada,2024,5079,population_estimate,5079.0
4302709,Butiá - RS,9324,População residente estimada,2024,19433,population_estimate,19433.0
4302808,Caçapava do Sul - RS,9324,População residente estimada,2024,33508,population_estimate,33508.0
4302907,Cacequi - RS,9324,População residente estimada,2024,11324,population_estimate,11324.0
4303004,Cachoeira do Sul - RS,9324,População residente estimada,2024,82250,population_estimate,82250.0
4303103,Cachoeirinha - RS,9324,População residente estimada,2024,141303,population_estimate,141303.0
4303202,Cacique Doble - RS,9324,População residente estimada,2024,4694,population_estimate,4694.0
4303301,Caibaté - RS,9324,População residente estimada,2024,4797,population_estimate,4797.0
4303400,Caiçara - RS,9324,População residente estimada,2024,4933,population_estimate,4933.0
4303509,Camaquã - RS,9324,População residente estimada,2024,63959,population_estimate,63959.0
4303558,Camargo - RS,9324,População residente estimada,2024,3056,population_estimate,3056.0
4303608,Cambará do Sul - RS,9324,População residente estimada,2024,6492,population_estimate,6492.0
4303673,Campestre da Serra - RS,9324,População residente estimada,2024,3311,population_estimate,3311.0
4303707,Campina das Missões - RS,9324,População residente estimada,2024,6001,population_estimate,6001.0
4303806,Campinas do Sul - RS,9324,População residente estimada,2024,5390,population_estimate,5390.0
4303905,Campo Bom - RS,9324,População residente estimada,2024,64704,population_estimate,64704.0
4304002,Campo Novo - RS,9324,População residente estimada,2024,5068,population_estimate,5068.0
4304101,Campos Borges - RS,9324,População residente estimada,2024,3693,population_estimate,3693.0
4304200,Candelária - RS,9324,População residente estimada,2024,29783,population_estimate,29783.0
4304309,Cândido Godói - RS,9324,População residente estimada,2024,6421,population_estimate,6421.0
4304358,Candiota - RS,9324,População residente estimada,2024,10992,population_estimate,10992.0
4304408,Canela - RS,9324,População residente estimada,2024,50613,population_estimate,50613.0
4304507,Canguçu - RS,9324,População residente estimada,2024,50998,population_estimate,50998.0
4304606,Canoas - RS,9324,População residente estimada,2024,359554,population_estimate,359554.0
4304614,Canudos do Vale - RS,9324,População residente estimada,2024,1687,population_estimate,1687.0
4304622,Capão Bonito do Sul - RS,9324,População residente estimada,2024,1769,population_estimate,1769.0
4304630,Capão da Canoa - RS,9324,População residente estimada,2024,66012,population_estimate,66012.0
4304655,Capão do Cipó - RS,9324,População residente estimada,2024,3186,population_estimate,3186.0
4304663,Capão do Leão - RS,9324,População residente estimada,2024,27389,population_estimate,27389.0
4304671,Capivari do Sul - RS,9324,População residente estimada,2024,4079,population_estimate,4079.0
4304689,Capela de Santana - RS,9324,População residente estimada,2024,11416,population_estimate,11416.0
4304697,Capitão - RS,9324,População residente estimada,2024,2991,population_estimate,2991.0
4304705,Carazinho - RS,9324,População residente estimada,2024,63638,population_estimate,63638.0
4304713,Caraá - RS,9324,População residente estimada,2024,7553,population_estimate,7553.0
4304804,Carlos Barbosa - RS,9324,População residente estimada,2024,31528,population_estimate,31528.0
4304853,Carlos Gomes - RS,9324,População residente estimada,2024,1387,population_estimate,1387.0
4304903,Casca - RS,9324,População residente estimada,2024,9689,population_estimate,9689.0
4304952,Caseiros - RS,9324,População residente estimada,2024,3064,population_estimate,3064.0
4305009,Catuípe - RS,9324,População residente estimada,2024,8840,population_estimate,8840.0
4305108,Caxias do Sul - RS,9324,População residente estimada,2024,479256,population_estimate,479256.0
4305116,Centenário - RS,9324,População residente estimada,2024,2779,population_estimate,2779.0
4305124,Cerrito - RS,9324,População residente estimada,2024,5915,population_estimate,5915.0
4305132,Cerro Branco - RS,9324,População residente estimada,2024,3865,population_estimate,3865.0
4305157,Cerro Grande - RS,9324,População residente estimada,2024,2429,population_estimate,2429.0
4305173,Cerro Grande do Sul - RS,9324,População residente estimada,2024,9343,population_estimate,9343.0
4305207,Cerro Largo - RS,9324,População residente estimada,2024,14009,population_estimate,14009.0
4305306,Chapada - RS,9324,População residente estimada,2024,9748,population_estimate,9748.0
4305355,Charqueadas - RS,9324,População residente estimada,2024,36109,population_estimate,36109.0
4305371,Charrua - RS,9324,População residente estimada,2024,2807,population_estimate,2807.0
4305405,Chiapetta - RS,9324,População residente estimada,2024,3992,population_estimate,3992.0
4305439,Chuí - RS,9324,População residente estimada,2024,6405,population_estimate,6405.0
4305447,Chuvisca - RS,9324,População residente estimada,2024,4686,population_estimate,4686.0
4305454,Cidreira - RS,9324,População residente estimada,2024,17538,population_estimate,17538.0
4305504,Ciríaco - RS,9324,População residente estimada,2024,4215,population_estimate,4215.0
4305587,Colinas - RS,9324,População residente estimada,2024,2474,population_estimate,2474.0
4305603,Colorado - RS,9324,População residente estimada,2024,3319,population_estimate,3319.0
4305702,Condor - RS,9324,População residente estimada,2024,6539,population_estimate,6539.0
4305801,Constantina - RS,9324,População residente estimada,2024,10623,population_estimate,10623.0
4305835,Coqueiro Baixo - RS,9324,População residente estimada,2024,1311,population_estimate,1311.0
4305850,Coqueiros do Sul - RS,9324,População residente estimada,2024,2251,population_estimate,2251.0
4305871,Coronel Barros - RS,9324,População residente estimada,2024,2892,population_estimate,2892.0
4305900,Coronel Bicaco - RS,9324,População residente estimada,2024,6230,population_estimate,6230.0
4305934,Coronel Pilar - RS,9324,População residente estimada,2024,1638,population_estimate,1638.0
4305959,Cotiporã - RS,9324,População residente estimada,2024,3926,population_estimate,3926.0
4305975,Coxilha - RS,9324,População residente estimada,2024,2719,population_estimate,2719.0
4306007,Crissiumal - RS,9324,População residente estimada,2024,13127,population_estimate,13127.0
4306056,Cristal - RS,9324,População residente estimada,2024,7454,population_estimate,7454.0
4306072,Cristal do Sul - RS,9324,População residente estimada,2024,2746,population_estimate,2746.0
4306106,Cruz Alta - RS,9324,População residente estimada,2024,60486,population_estimate,60486.0
4306130,Cruzaltense - RS,9324,População residente estimada,2024,1655,population_estimate,1655.0
4306205,Cruzeiro do Sul - RS,9324,População residente estimada,2024,12571,population_estimate,12571.0
4306304,David Canabarro - RS,9324,População residente estimada,2024,4403,population_estimate,4403.0
4306320,Derrubadas - RS,9324,População residente estimada,2024,2797,population_estimate,2797.0
4306353,Dezesseis de Novembro - RS,9324,População residente estimada,2024,2544,population_estimate,2544.0
4306379,Dilermando de Aguiar - RS,9324,População residente estimada,2024,2859,population_estimate,2859.0
4306403,Dois Irmãos - RS,9324,População residente estimada,2024,31769,population_estimate,31769.0
4306429,Dois Irmãos das Missões - RS,9324,População residente estimada,2024,2133,population_estimate,2133.0
4306452,Dois Lajeados - RS,9324,População residente estimada,2024,3158,population_estimate,3158.0
4306502,Dom Feliciano - RS,9324,População residente estimada,2024,13291,population_estimate,13291.0
4306551,Dom Pedro de Alcântara - RS,9324,População residente estimada,2024,2617,population_estimate,2617.0
4306601,Dom Pedrito - RS,9324,População residente estimada,2024,38094,population_estimate,38094.0
4306700,Dona Francisca - RS,9324,População residente estimada,2024,3136,population_estimate,3136.0
4306734,Doutor Maurício Cardoso - RS,9324,População residente estimada,2024,4542,population_estimate,4542.0
4306759,Doutor Ricardo - RS,9324,População residente estimada,2024,1925,population_estimate,1925.0
4306767,Eldorado do Sul - RS,9324,População residente estimada,2024,40954,population_estimate,40954.0
4306809,Encantado - RS,9324,População residente estimada,2024,23494,population_estimate,23494.0
4306908,Encruzilhada do Sul - RS,9324,População residente estimada,2024,24280,population_estimate,24280.0
4306924,Engenho Velho - RS,9324,População residente estimada,2024,1317,population_estimate,1317.0
4306932,Entre-Ijuís - RS,9324,População residente estimada,2024,9364,population_estimate,9364.0
4306957,Entre Rios do Sul - RS,9324,População residente estimada,2024,2731,population_estimate,2731.0
4306973,Erebango - RS,9324,População residente estimada,2024,3121,population_estimate,3121.0
4307005,Erechim - RS,9324,População residente estimada,2024,109497,population_estimate,109497.0
4307054,Ernestina - RS,9324,População residente estimada,2024,3097,population_estimate,3097.0
4307104,Herval - RS,9324,População residente estimada,2024,6307,population_estimate,6307.0
4307203,Erval Grande - RS,9324,População residente estimada,2024,5029,population_estimate,5029.0
4307302,Erval Seco - RS,9324,População residente estimada,2024,6902,population_estimate,6902.0
4307401,Esmeralda - RS,9324,População residente estimada,2024,3264,population_estimate,3264.0
4307450,Esperança do Sul - RS,9324,População residente estimada,2024,3294,population_estimate,3294.0
4307500,Espumoso - RS,9324,População residente estimada,2024,15478,population_estimate,15478.0
4307559,Estação - RS,9324,População residente estimada,2024,5688,population_estimate,5688.0
4307609,Estância Velha - RS,9324,População residente estimada,2024,49440,population_estimate,49440.0
4307708,Esteio - RS,9324,População residente estimada,2024,78181,population_estimate,78181.0
4307807,Estrela - RS,9324,População residente estimada,2024,33243,population_estimate,33243.0
4307815,Estrela Velha - RS,9324,População residente estimada,2024,3120,population_estimate,3120.0
4307831,Eugênio de Castro - RS,9324,População residente estimada,2024,2685,population_estimate,2685.0
4307864,Fagundes Varela - RS,9324,População residente estimada,2024,2620,population_estimate,2620.0
4307906,Farroupilha - RS,9324,População residente estimada,2024,72477,population_estimate,72477.0
4308003,Faxinal do Soturno - RS,9324,População residente estimada,2024,6846,population_estimate,6846.0
4308052,Faxinalzinho - RS,9324,População residente estimada,2024,2572,population_estimate,2572.0
4308078,Fazenda Vilanova - RS,9324,População residente estimada,2024,4399,population_estimate,4399.0
4308102,Feliz - RS,9324,População residente estimada,2024,13979,population_estimate,13979.0
4308201,Flores da Cunha - RS,9324,População residente estimada,2024,31973,population_estimate,31973.0
4308250,Floriano Peixoto - RS,9324,População residente estimada,2024,1694,population_estimate,1694.0
4308300,Fontoura Xavier - RS,9324,População residente estimada,2024,9721,population_estimate,9721.0
4308409,Formigueiro - RS,9324,População residente estimada,2024,6533,population_estimate,6533.0
4308433,Forquetinha - RS,9324,População residente estimada,2024,2441,population_estimate,2441.0
4308458,Fortaleza dos Valos - RS,9324,População residente estimada,2024,4569,population_estimate,4569.0
4308508,Frederico Westphalen - RS,9324,População residente estimada,2024,33684,population_estimate,33684.0
4308607,Garibaldi - RS,9324,População residente estimada,2024,35522,population_estimate,35522.0
4308656,Garruchos - RS,9324,População residente estimada,2024,2729,population_estimate,2729.0
4308706,Gaurama - RS,9324,População residente estimada,2024,5780,population_estimate,5780.0
4308805,General Câmara - RS,9324,População residente estimada,2024,7751,population_estimate,7751.0
4308854,Gentil - RS,9324,População residente estimada,2024,1783,population_estimate,1783.0
4308904,Getúlio Vargas - RS,9324,População residente estimada,2024,16950,population_estimate,16950.0
4309001,Giruá - RS,9324,População residente estimada,2024,16282,population_estimate,16282.0
4309050,Glorinha - RS,9324,População residente estimada,2024,7842,population_estimate,7842.0
4309100,Gramado - RS,9324,População residente estimada,2024,41621,population_estimate,41621.0
4309126,Gramado dos Loureiros - RS,9324,População residente estimada,2024,2049,population_estimate,2049.0
4309159,Gramado Xavier - RS,9324,População residente estimada,2024,3356,population_estimate,3356.0
4309209,Gravataí - RS,9324,População residente estimada,2024,275294,population_estimate,275294.0
4309258,Guabiju - RS,9324,População residente estimada,2024,1442,population_estimate,1442.0
4309308,Guaíba - RS,9324,População residente estimada,2024,95956,population_estimate,95956.0
4309407,Guaporé - RS,9324,População residente estimada,2024,26138,population_estimate,26138.0
4309506,Guarani das Missões - RS,9324,População residente estimada,2024,7553,population_estimate,7553.0
4309555,Harmonia - RS,9324,População residente estimada,2024,5524,population_estimate,5524.0
4309571,Herveiras - RS,9324,População residente estimada,2024,2608,population_estimate,2608.0
4309605,Horizontina - RS,9324,População residente estimada,2024,19246,population_estimate,19246.0
4309654,Hulha Negra - RS,9324,População residente estimada,2024,6102,population_estimate,6102.0
4309704,Humaitá - RS,9324,População residente estimada,2024,4774,population_estimate,4774.0
4309753,Ibarama - RS,9324,População residente estimada,2024,3793,population_estimate,3793.0
4309803,Ibiaçá - RS,9324,População residente estimada,2024,4618,population_estimate,4618.0
4309902,Ibiraiaras - RS,9324,População residente estimada,2024,6830,population_estimate,6830.0
4309951,Ibirapuitã - RS,9324,População residente estimada,2024,3793,population_estimate,3793.0
4310009,Ibirubá - RS,9324,População residente estimada,2024,22082,population_estimate,22082.0
4310108,Igrejinha - RS,9324,População residente estimada,2024,34763,population_estimate,34763.0
4310207,Ijuí - RS,9324,População residente estimada,2024,87775,population_estimate,87775.0
4310306,Ilópolis - RS,9324,População residente estimada,2024,4245,population_estimate,4245.0
4310330,Imbé - RS,9324,População residente estimada,2024,27931,population_estimate,27931.0
4310363,Imigrante - RS,9324,População residente estimada,2024,3148,population_estimate,3148.0
4310405,Independência - RS,9324,População residente estimada,2024,6558,population_estimate,6558.0
4310413,Inhacorá - RS,9324,População residente estimada,2024,2049,population_estimate,2049.0
4310439,Ipê - RS,9324,População residente estimada,2024,5496,population_estimate,5496.0
4310462,Ipiranga do Sul - RS,9324,População residente estimada,2024,1750,population_estimate,1750.0
4310504,Iraí - RS,9324,População residente estimada,2024,7624,population_estimate,7624.0
4310538,Itaara - RS,9324,População residente estimada,2024,5706,population_estimate,5706.0
4310553,Itacurubi - RS,9324,População residente estimada,2024,3042,population_estimate,3042.0
4310579,Itapuca - RS,9324,População residente estimada,2024,1967,population_estimate,1967.0
4310603,Itaqui - RS,9324,População residente estimada,2024,36830,population_estimate,36830.0
4310652,Itati - RS,9324,População residente estimada,2024,2695,population_estimate,2695.0
4310702,Itatiba do Sul - RS,9324,População residente estimada,2024,3249,population_estimate,3249.0
4310751,Ivorá - RS,9324,População residente estimada,2024,1964,population_estimate,1964.0
4310801,Ivoti - RS,9324,População residente estimada,2024,23533,population_estimate,23533.0
4310850,Jaboticaba - RS,9324,População residente estimada,2024,3850,population_estimate,3850.0
4310876,Jacuizinho - RS,9324,População residente estimada,2024,2070,population_estimate,2070.0
4310900,Jacutinga - RS,9324,População residente estimada,2024,3401,population_estimate,3401.0
4311007,Jaguarão - RS,9324,População residente estimada,2024,27406,population_estimate,27406.0
4311106,Jaguari - RS,9324,População residente estimada,2024,10779,population_estimate,10779.0
4311122,Jaquirana - RS,9324,População residente estimada,2024,3755,population_estimate,3755.0
4311130,Jari - RS,9324,População residente estimada,2024,3414,population_estimate,3414.0
4311155,Jóia - RS,9324,População residente estimada,2024,7305,population_estimate,7305.0
4311205,Júlio de Castilhos - RS,9324,População residente estimada,2024,18557,population_estimate,18557.0
4311239,Lagoa Bonita do Sul - RS,9324,População residente estimada,2024,2287,population_estimate,2287.0
4311254,Lagoão - RS,9324,População residente estimada,2024,5429,population_estimate,5429.0
4311270,Lagoa dos Três Cantos - RS,9324,População residente estimada,2024,1779,population_estimate,1779.0
4311304,Lagoa Vermelha - RS,9324,População residente estimada,2024,28617,population_estimate,28617.0
4311403,Lajeado - RS,9324,População residente estimada,2024,96651,population_estimate,96651.0
4311429,Lajeado do Bugre - RS,9324,População residente estimada,2024,2660,population_estimate,2660.0
4311502,Lavras do Sul - RS,9324,População residente estimada,2024,7294,population_estimate,7294.0
4311601,Liberato Salzano - RS,9324,População residente estimada,2024,4854,population_estimate,4854.0
4311627,Lindolfo Collor - RS,9324,População residente estimada,2024,6409,population_estimate,6409.0
4311643,Linha Nova - RS,9324,População residente estimada,2024,1720,population_estimate,1720.0
4311700,Machadinho - RS,9324,População residente estimada,2024,5864,population_estimate,5864.0
4311718,Maçambará - RS,9324,População residente estimada,2024,4487,population_estimate,4487.0
4311734,Mampituba - RS,9324,População residente estimada,2024,3201,population_estimate,3201.0
4311759,Manoel Viana - RS,9324,População residente estimada,2024,6917,population_estimate,6917.0
4311775,Maquiné - RS,9324,População residente estimada,2024,7588,population_estimate,7588.0
4311791,Maratá - RS,9324,População residente estimada,2024,2521,population_estimate,2521.0
4311809,Marau - RS,9324,População residente estimada,2024,46656,population_estimate,46656.0
4311908,Marcelino Ramos - RS,9324,População residente estimada,2024,4389,population_estimate,4389.0
4311981,Mariana Pimentel - RS,9324,População residente estimada,2024,4003,population_estimate,4003.0
4312005,Mariano Moro - RS,9324,População residente estimada,2024,1888,population_estimate,1888.0
4312054,Marques de Souza - RS,9324,População residente estimada,2024,4050,population_estimate,4050.0
4312104,Mata - RS,9324,População residente estimada,2024,4786,population_estimate,4786.0
4312138,Mato Castelhano - RS,9324,População residente estimada,2024,2610,population_estimate,2610.0
4312153,Mato Leitão - RS,9324,População residente estimada,2024,4990,population_estimate,4990.0
4312179,Mato Queimado - RS,9324,População residente estimada,2024,1833,population_estimate,1833.0
4312203,Maximiliano de Almeida - RS,9324,População residente estimada,2024,4258,population_estimate,4258.0
4312252,Minas do Leão - RS,9324,População residente estimada,2024,7661,population_estimate,7661.0
4312302,Miraguaí - RS,9324,População residente estimada,2024,4506,population_estimate,4506.0
4312351,Montauri - RS,9324,População residente estimada,2024,1530,population_estimate,1530.0
4312377,Monte Alegre dos Campos - RS,9324,População residente estimada,2024,3250,population_estimate,3250.0
4312385,Monte Belo do Sul - RS,9324,População residente estimada,2024,2609,population_estimate,2609.0
4312401,Montenegro - RS,9324,População residente estimada,2024,66295,population_estimate,66295.0
4312427,Mormaço - RS,9324,População residente estimada,2024,2815,population_estimate,2815.0
4312443,Morrinhos do Sul - RS,9324,População residente estimada,2024,3134,population_estimate,3134.0
4312450,Morro Redondo - RS,9324,População residente estimada,2024,6169,population_estimate,6169.0
4312476,Morro Reuter - RS,9324,População residente estimada,2024,6163,population_estimate,6163.0
4312500,Mostardas - RS,9324,População residente estimada,2024,12346,population_estimate,12346.0
4312609,Muçum - RS,9324,População residente estimada,2024,4694,population_estimate,4694.0
4312617,Muitos Capões - RS,9324,População residente estimada,2024,2938,population_estimate,2938.0
4312625,Muliterno - RS,9324,População residente estimada,2024,1755,population_estimate,1755.0
4312658,Não-Me-Toque - RS,9324,População residente estimada,2024,18314,population_estimate,18314.0
4312674,Nicolau Vergueiro - RS,9324,População residente estimada,2024,1979,population_estimate,1979.0
4312708,Nonoai - RS,9324,População residente estimada,2024,14056,population_estimate,14056.0
4312757,Nova Alvorada - RS,9324,População residente estimada,2024,3229,population_estimate,3229.0
4312807,Nova Araçá - RS,9324,População residente estimada,2024,5086,population_estimate,5086.0
4312906,Nova Bassano - RS,9324,População residente estimada,2024,9877,population_estimate,9877.0
4312955,Nova Boa Vista - RS,9324,População residente estimada,2024,2088,population_estimate,2088.0
4313003,Nova Bréscia - RS,9324,População residente estimada,2024,3105,population_estimate,3105.0
4313011,Nova Candelária - RS,9324,População residente estimada,2024,3134,population_estimate,3134.0
4313037,Nova Esperança do Sul - RS,9324,População residente estimada,2024,4974,population_estimate,4974.0
4313060,Nova Hartz - RS,9324,População residente estimada,2024,20539,population_estimate,20539.0
4313086,Nova Pádua - RS,9324,População residente estimada,2024,2390,population_estimate,2390.0
4313102,Nova Palma - RS,9324,População residente estimada,2024,5683,population_estimate,5683.0
4313201,Nova Petrópolis - RS,9324,População residente estimada,2024,23889,population_estimate,23889.0
4313300,Nova Prata - RS,9324,População residente estimada,2024,26587,population_estimate,26587.0
4313334,Nova Ramada - RS,9324,População residente estimada,2024,2201,population_estimate,2201.0
4313359,Nova Roma do Sul - RS,9324,População residente estimada,2024,3543,population_estimate,3543.0
4313375,Nova Santa Rita - RS,9324,População residente estimada,2024,30121,population_estimate,30121.0
4313391,Novo Cabrais - RS,9324,População residente estimada,2024,3636,population_estimate,3636.0
4313409,Novo Hamburgo - RS,9324,População residente estimada,2024,235879,population_estimate,235879.0
4313425,Novo Machado - RS,9324,População residente estimada,2024,3246,population_estimate,3246.0
4313441,Novo Tiradentes - RS,9324,População residente estimada,2024,2188,population_estimate,2188.0
4313466,Novo Xingu - RS,9324,População residente estimada,2024,1678,population_estimate,1678.0
4313490,Novo Barreiro - RS,9324,População residente estimada,2024,4371,population_estimate,4371.0
4313508,Osório - RS,9324,População residente estimada,2024,48929,population_estimate,48929.0
4313607,Paim Filho - RS,9324,População residente estimada,2024,3691,population_estimate,3691.0
4313656,Palmares do Sul - RS,9324,População residente estimada,2024,13170,population_estimate,13170.0
4313706,Palmeira das Missões - RS,9324,População residente estimada,2024,34233,population_estimate,34233.0
4313805,Palmitinho - RS,9324,População residente estimada,2024,8032,population_estimate,8032.0
4313904,Panambi - RS,9324,População residente estimada,2024,45042,population_estimate,45042.0
4313953,Pantano Grande - RS,9324,População residente estimada,2024,10438,population_estimate,10438.0
4314001,Paraí - RS,9324,População residente estimada,2024,7357,population_estimate,7357.0
4314027,Paraíso do Sul - RS,9324,População residente estimada,2024,6635,population_estimate,6635.0
4314035,Pareci Novo - RS,9324,População residente estimada,2024,4433,population_estimate,4433.0
4314050,Parobé - RS,9324,População residente estimada,2024,53555,population_estimate,53555.0
4314068,Passa Sete - RS,9324,População residente estimada,2024,4036,population_estimate,4036.0
4314076,Passo do Sobrado - RS,9324,População residente estimada,2024,6154,population_estimate,6154.0
4314100,Passo Fundo - RS,9324,População residente estimada,2024,214564,population_estimate,214564.0
4314134,Paulo Bento - RS,9324,População residente estimada,2024,2188,population_estimate,2188.0
4314159,Paverama - RS,9324,População residente estimada,2024,8146,population_estimate,8146.0
4314175,Pedras Altas - RS,9324,População residente estimada,2024,2100,population_estimate,2100.0
4314209,Pedro Osório - RS,9324,População residente estimada,2024,7634,population_estimate,7634.0
4314308,Pejuçara - RS,9324,População residente estimada,2024,3819,population_estimate,3819.0
4314407,Pelotas - RS,9324,População residente estimada,2024,336131,population_estimate,336131.0
4314423,Picada Café - RS,9324,População residente estimada,2024,5470,population_estimate,5470.0
4314456,Pinhal - RS,9324,População residente estimada,2024,3034,population_estimate,3034.0
4314464,Pinhal da Serra - RS,9324,População residente estimada,2024,2299,population_estimate,2299.0
4314472,Pinhal Grande - RS,9324,População residente estimada,2024,3867,population_estimate,3867.0
4314498,Pinheirinho do Vale - RS,9324,População residente estimada,2024,4637,population_estimate,4637.0
4314506,Pinheiro Machado - RS,9324,População residente estimada,2024,11409,population_estimate,11409.0
4314548,Pinto Bandeira - RS,9324,População residente estimada,2024,2784,population_estimate,2784.0
4314555,Pirapó - RS,9324,População residente estimada,2024,2260,population_estimate,2260.0
4314605,Piratini - RS,9324,População residente estimada,2024,17792,population_estimate,17792.0
4314704,Planalto - RS,9324,População residente estimada,2024,10624,population_estimate,10624.0
4314753,Poço das Antas - RS,9324,População residente estimada,2024,2222,population_estimate,2222.0
4314779,Pontão - RS,9324,População residente estimada,2024,3350,population_estimate,3350.0
4314787,Ponte Preta - RS,9324,População residente estimada,2024,1604,population_estimate,1604.0
4314803,Portão - RS,9324,População residente estimada,2024,35237,population_estimate,35237.0
4314902,Porto Alegre - RS,9324,População residente estimada,2024,1389322,population_estimate,1389322.0
4315008,Porto Lucena - RS,9324,População residente estimada,2024,4424,population_estimate,4424.0
4315057,Porto Mauá - RS,9324,População residente estimada,2024,2176,population_estimate,2176.0
4315073,Porto Vera Cruz - RS,9324,População residente estimada,2024,1585,population_estimate,1585.0
4315107,Porto Xavier - RS,9324,População residente estimada,2024,10132,population_estimate,10132.0
4315131,Pouso Novo - RS,9324,População residente estimada,2024,1773,population_estimate,1773.0
4315149,Presidente Lucena - RS,9324,População residente estimada,2024,3159,population_estimate,3159.0
4315156,Progresso - RS,9324,População residente estimada,2024,5430,population_estimate,5430.0
4315172,Protásio Alves - RS,9324,População residente estimada,2024,2069,population_estimate,2069.0
4315206,Putinga - RS,9324,População residente estimada,2024,3814,population_estimate,3814.0
4315305,Quaraí - RS,9324,População residente estimada,2024,23988,population_estimate,23988.0
4315313,Quatro Irmãos - RS,9324,População residente estimada,2024,1579,population_estimate,1579.0
4315321,Quevedos - RS,9324,População residente estimada,2024,2555,population_estimate,2555.0
4315354,Quinze de Novembro - RS,9324,População residente estimada,2024,4000,population_estimate,4000.0
4315404,Redentora - RS,9324,População residente estimada,2024,9934,population_estimate,9934.0
4315453,Relvado - RS,9324,População residente estimada,2024,1828,population_estimate,1828.0
4315503,Restinga Sêca - RS,9324,População residente estimada,2024,15213,population_estimate,15213.0
4315552,Rio dos Índios - RS,9324,População residente estimada,2024,2874,population_estimate,2874.0
4315602,Rio Grande - RS,9324,População residente estimada,2024,198958,population_estimate,198958.0
4315701,Rio Pardo - RS,9324,População residente estimada,2024,35666,population_estimate,35666.0
4315750,Riozinho - RS,9324,População residente estimada,2024,4572,population_estimate,4572.0
4315800,Roca Sales - RS,9324,População residente estimada,2024,10644,population_estimate,10644.0
4315909,Rodeio Bonito - RS,9324,População residente estimada,2024,6821,population_estimate,6821.0
4315958,Rolador - RS,9324,População residente estimada,2024,2332,population_estimate,2332.0
4316006,Rolante - RS,9324,População residente estimada,2024,21733,population_estimate,21733.0
4316105,Ronda Alta - RS,9324,População residente estimada,2024,9972,population_estimate,9972.0
4316204,Rondinha - RS,9324,População residente estimada,2024,5083,population_estimate,5083.0
4316303,Roque Gonzales - RS,9324,População residente estimada,2024,6698,population_estimate,6698.0
4316402,Rosário do Sul - RS,9324,População residente estimada,2024,37700,population_estimate,37700.0
4316428,Sagrada Família - RS,9324,População residente estimada,2024,2529,population_estimate,2529.0
4316436,Saldanha Marinho - RS,9324,População residente estimada,2024,2621,population_estimate,2621.0
4316451,Salto do Jacuí - RS,9324,População residente estimada,2024,10373,population_estimate,10373.0
4316477,Salvador das Missões - RS,9324,População residente estimada,2024,2953,population_estimate,2953.0
4316501,Salvador do Sul - RS,9324,População residente estimada,2024,7182,population_estimate,7182.0
4316600,Sananduva - RS,9324,População residente estimada,2024,16759,population_estimate,16759.0
4316709,Santa Bárbara do Sul - RS,9324,População residente estimada,2024,8275,population_estimate,8275.0
4316733,Santa Cecília do Sul - RS,9324,População residente estimada,2024,1710,population_estimate,1710.0
4316758,Santa Clara do Sul - RS,9324,População residente estimada,2024,7067,population_estimate,7067.0
4316808,Santa Cruz do Sul - RS,9324,População residente estimada,2024,138104,population_estimate,138104.0
4316907,Santa Maria - RS,9324,População residente estimada,2024,282244,population_estimate,282244.0
4316956,Santa Maria do Herval - RS,9324,População residente estimada,2024,6482,population_estimate,6482.0
4316972,Santa Margarida do Sul - RS,9324,População residente estimada,2024,2658,population_estimate,2658.0
4317004,Santana da Boa Vista - RS,9324,População residente estimada,2024,7140,population_estimate,7140.0
4317103,Sant'Ana do Livramento - RS,9324,População residente estimada,2024,87296,population_estimate,87296.0
4317202,Santa Rosa - RS,9324,População residente estimada,2024,79395,population_estimate,79395.0
4317251,Santa Tereza - RS,9324,População residente estimada,2024,1531,population_estimate,1531.0
4317301,Santa Vitória do Palmar - RS,9324,População residente estimada,2024,31961,population_estimate,31961.0
4317400,Santiago - RS,9324,População residente estimada,2024,50331,population_estimate,50331.0
4317509,Santo Ângelo - RS,9324,População residente estimada,2024,79130,population_estimate,79130.0
4317558,Santo Antônio do Palma - RS,9324,População residente estimada,2024,2134,population_estimate,2134.0
4317608,Santo Antônio da Patrulha - RS,9324,População residente estimada,2024,44393,population_estimate,44393.0
4317707,Santo Antônio das Missões - RS,9324,População residente estimada,2024,10493,population_estimate,10493.0
4317756,Santo Antônio do Planalto - RS,9324,População residente estimada,2024,2136,population_estimate,2136.0
4317806,Santo Augusto - RS,9324,População residente estimada,2024,14196,population_estimate,14196.0
4317905,Santo Cristo - RS,9324,População residente estimada,2024,15656,population_estimate,15656.0
4317954,Santo Expedito do Sul - RS,9324,População residente estimada,2024,2395,population_estimate,2395.0
4318002,São Borja - RS,9324,População residente estimada,2024,61323,population_estimate,61323.0
4318051,São Domingos do Sul - RS,9324,População residente estimada,2024,2808,population_estimate,2808.0
4318101,São Francisco de Assis - RS,9324,População residente estimada,2024,17949,population_estimate,17949.0
4318200,São Francisco de Paula - RS,9324,População residente estimada,2024,22373,population_estimate,22373.0
4318309,São Gabriel - RS,9324,População residente estimada,2024,60102,population_estimate,60102.0
4318408,São Jerônimo - RS,9324,População residente estimada,2024,21421,population_estimate,21421.0
4318424,São João da Urtiga - RS,9324,População residente estimada,2024,4549,population_estimate,4549.0
4318432,São João do Polêsine - RS,9324,População residente estimada,2024,2707,population_estimate,2707.0
4318440,São Jorge - RS,9324,População residente estimada,2024,2976,population_estimate,2976.0
4318457,São José das Missões - RS,9324,População residente estimada,2024,2403,population_estimate,2403.0
4318465,São José do Herval - RS,9324,População residente estimada,2024,1934,population_estimate,1934.0
4318481,São José do Hortêncio - RS,9324,População residente estimada,2024,4551,population_estimate,4551.0
4318499,São José do Inhacorá - RS,9324,População residente estimada,2024,2463,population_estimate,2463.0
4318507,São José do Norte - RS,9324,População residente estimada,2024,26245,population_estimate,26245.0
4318606,São José do Ouro - RS,9324,População residente estimada,2024,6978,population_estimate,6978.0
4318614,São José do Sul - RS,9324,População residente estimada,2024,2440,population_estimate,2440.0
4318622,São José dos Ausentes - RS,9324,População residente estimada,2024,4286,population_estimate,4286.0
4318705,São Leopoldo - RS,9324,População residente estimada,2024,225669,population_estimate,225669.0
4318804,São Lourenço do Sul - RS,9324,População residente estimada,2024,43283,population_estimate,43283.0
4318903,São Luiz Gonzaga - RS,9324,População residente estimada,2024,35858,population_estimate,35858.0
4319000,São Marcos - RS,9324,População residente estimada,2024,21537,population_estimate,21537.0
4319109,São Martinho - RS,9324,População residente estimada,2024,5589,population_estimate,5589.0
4319125,São Martinho da Serra - RS,9324,População residente estimada,2024,2911,population_estimate,2911.0
4319158,São Miguel das Missões - RS,9324,População residente estimada,2024,7196,population_estimate,7196.0
4319208,São Nicolau - RS,9324,População residente estimada,2024,5248,population_estimate,5248.0
4319307,São Paulo das Missões - RS,9324,População residente estimada,2024,5948,population_estimate,5948.0
4319356,São Pedro da Serra - RS,9324,População residente estimada,2024,3614,population_estimate,3614.0
4319364,São Pedro das Missões - RS,9324,População residente estimada,2024,1791,population_estimate,1791.0
4319372,São Pedro do Butiá - RS,9324,População residente estimada,2024,3139,population_estimate,3139.0
4319406,São Pedro do Sul - RS,9324,População residente estimada,2024,15870,population_estimate,15870.0
4319505,São Sebastião do Caí - RS,9324,População residente estimada,2024,24883,population_estimate,24883.0
4319604,São Sepé - RS,9324,População residente estimada,2024,21575,population_estimate,21575.0
4319703,São Valentim - RS,9324,População residente estimada,2024,3324,population_estimate,3324.0
4319711,São Valentim do Sul - RS,9324,População residente estimada,2024,2255,population_estimate,2255.0
4319737,São Valério do Sul - RS,9324,População residente estimada,2024,2594,population_estimate,2594.0
4319752,São Vendelino - RS,9324,População residente estimada,2024,2306,population_estimate,2306.0
4319802,São Vicente do Sul - RS,9324,População residente estimada,2024,8259,population_estimate,8259.0
4319901,Sapiranga - RS,9324,População residente estimada,2024,77898,population_estimate,77898.0
4320008,Sapucaia do Sul - RS,9324,População residente estimada,2024,136542,population_estimate,136542.0
4320107,Sarandi - RS,9324,População residente estimada,2024,23356,population_estimate,23356.0
4320206,Seberi - RS,9324,População residente estimada,2024,12313,population_estimate,12313.0
4320230,Sede Nova - RS,9324,População residente estimada,2024,2753,population_estimate,2753.0
4320263,Segredo - RS,9324,População residente estimada,2024,6107,population_estimate,6107.0
4320305,Selbach - RS,9324,População residente estimada,2024,5220,population_estimate,5220.0
4320321,Senador Salgado Filho - RS,9324,População residente estimada,2024,2726,population_estimate,2726.0
4320354,Sentinela do Sul - RS,9324,População residente estimada,2024,5422,population_estimate,5422.0
4320404,Serafina Corrêa - RS,9324,População residente estimada,2024,17379,population_estimate,17379.0
4320453,Sério - RS,9324,População residente estimada,2024,2093,population_estimate,2093.0
4320503,Sertão - RS,9324,População residente estimada,2024,5637,population_estimate,5637.0
4320552,Sertão Santana - RS,9324,População residente estimada,2024,5988,population_estimate,5988.0
4320578,Sete de Setembro - RS,9324,População residente estimada,2024,1884,population_estimate,1884.0
4320602,Severiano de Almeida - RS,9324,População residente estimada,2024,3467,population_estimate,3467.0
4320651,Silveira Martins - RS,9324,População residente estimada,2024,2060,population_estimate,2060.0
4320677,Sinimbu - RS,9324,População residente estimada,2024,8698,population_estimate,8698.0
4320701,Sobradinho - RS,9324,População residente estimada,2024,14512,population_estimate,14512.0
4320800,Soledade - RS,9324,População residente estimada,2024,30936,population_estimate,30936.0
4320859,Tabaí - RS,9324,População residente estimada,2024,4565,population_estimate,4565.0
4320909,Tapejara - RS,9324,População residente estimada,2024,25201,population_estimate,25201.0
4321006,Tapera - RS,9324,População residente estimada,2024,10822,population_estimate,10822.0
4321105,Tapes - RS,9324,População residente estimada,2024,14938,population_estimate,14938.0
4321204,Taquara - RS,9324,População residente estimada,2024,54360,population_estimate,54360.0
4321303,Taquari - RS,9324,População residente estimada,2024,25968,population_estimate,25968.0
4321329,Taquaruçu do Sul - RS,9324,População residente estimada,2024,3190,population_estimate,3190.0
4321352,Tavares - RS,9324,População residente estimada,2024,5319,population_estimate,5319.0
4321402,Tenente Portela - RS,9324,População residente estimada,2024,14811,population_estimate,14811.0
4321436,Terra de Areia - RS,9324,População residente estimada,2024,10569,population_estimate,10569.0
4321451,Teutônia - RS,9324,População residente estimada,2024,33963,population_estimate,33963.0
4321469,Tio Hugo - RS,9324,População residente estimada,2024,3352,population_estimate,3352.0
4321477,Tiradentes do Sul - RS,9324,População residente estimada,2024,5201,population_estimate,5201.0
4321493,Toropi - RS,9324,População residente estimada,2024,2598,population_estimate,2598.0
4321501,Torres - RS,9324,População residente estimada,2024,43268,population_estimate,43268.0
4321600,Tramandaí - RS,9324,População residente estimada,2024,56296,population_estimate,56296.0
4321626,Travesseiro - RS,9324,População residente estimada,2024,2193,population_estimate,2193.0
4321634,Três Arroios - RS,9324,População residente estimada,2024,2638,population_estimate,2638.0
4321667,Três Cachoeiras - RS,9324,População residente estimada,2024,11216,population_estimate,11216.0
4321709,Três Coroas - RS,9324,População residente estimada,2024,24420,population_estimate,24420.0
4321808,Três de Maio - RS,9324,População residente estimada,2024,25452,population_estimate,25452.0
4321832,Três Forquilhas - RS,9324,População residente estimada,2024,2814,population_estimate,2814.0
4321857,Três Palmeiras - RS,9324,População residente estimada,2024,4826,population_estimate,4826.0
4321907,Três Passos - RS,9324,População residente estimada,2024,26284,population_estimate,26284.0
4321956,Trindade do Sul - RS,9324,População residente estimada,2024,7766,population_estimate,7766.0
4322004,Triunfo - RS,9324,População residente estimada,2024,28414,population_estimate,28414.0
4322103,Tucunduva - RS,9324,População residente estimada,2024,5649,population_estimate,5649.0
4322152,Tunas - RS,9324,População residente estimada,2024,3739,population_estimate,3739.0
4322186,Tupanci do Sul - RS,9324,População residente estimada,2024,1398,population_estimate,1398.0
4322202,Tupanciretã - RS,9324,População residente estimada,2024,20345,population_estimate,20345.0
4322251,Tupandi - RS,9324,População residente estimada,2024,5160,population_estimate,5160.0
4322301,Tuparendi - RS,9324,População residente estimada,2024,8536,population_estimate,8536.0
4322327,Turuçu - RS,9324,População residente estimada,2024,3489,population_estimate,3489.0
4322343,Ubiretama - RS,9324,População residente estimada,2024,2028,population_estimate,2028.0
4322350,União da Serra - RS,9324,População residente estimada,2024,1186,population_estimate,1186.0
4322376,Unistalda - RS,9324,População residente estimada,2024,2052,population_estimate,2052.0
4322400,Uruguaiana - RS,9324,População residente estimada,2024,120885,population_estimate,120885.0
4322509,Vacaria - RS,9324,População residente estimada,2024,66110,population_estimate,66110.0
4322525,Vale Verde - RS,9324,População residente estimada,2024,3214,population_estimate,3214.0
4322533,Vale do Sol - RS,9324,População residente estimada,2024,10080,population_estimate,10080.0
4322541,Vale Real - RS,9324,População residente estimada,2024,6213,population_estimate,6213.0
4322558,Vanini - RS,9324,População residente estimada,2024,2047,population_estimate,2047.0
4322608,Venâncio Aires - RS,9324,População residente estimada,2024,70805,population_estimate,70805.0
4322707,Vera Cruz - RS,9324,População residente estimada,2024,27638,population_estimate,27638.0
4322806,Veranópolis - RS,9324,População residente estimada,2024,24540,population_estimate,24540.0
4322855,Vespasiano Corrêa - RS,9324,População residente estimada,2024,1852,population_estimate,1852.0
4322905,Viadutos - RS,9324,População residente estimada,2024,4852,population_estimate,4852.0
4323002,Viamão - RS,9324,População residente estimada,2024,232113,population_estimate,232113.0
4323101,Vicente Dutra - RS,9324,População residente estimada,2024,4747,population_estimate,4747.0
4323200,Victor Graeff - RS,9324,População residente estimada,2024,2832,population_estimate,2832.0
4323309,Vila Flores - RS,9324,População residente estimada,2024,3736,population_estimate,3736.0
4323358,Vila Lângaro - RS,9324,População residente estimada,2024,2122,population_estimate,2122.0
4323408,Vila Maria - RS,9324,População residente estimada,2024,4512,population_estimate,4512.0
4323457,Vila Nova do Sul - RS,9324,População residente estimada,2024,3935,population_estimate,3935.0
4323507,Vista Alegre - RS,9324,População residente estimada,2024,2712,population_estimate,2712.0
4323606,Vista Alegre do Prata - RS,9324,População residente estimada,2024,1624,population_estimate,1624.0
4323705,Vista Gaúcha - RS,9324,População residente estimada,2024,2842,population_estimate,2842.0
4323754,Vitória das Missões - RS,9324,População residente estimada,2024,3318,population_estimate,3318.0
4323770,Westfália - RS,9324,População residente estimada,2024,3219,population_estimate,3219.0
4323804,Xangri-lá - RS,9324,População residente estimada,2024,16907,population_estimate,16907.0
5000203,Água Clara - MS,9324,População residente estimada,2024,17647,population_estimate,17647.0
5000252,Alcinópolis - MS,9324,População residente estimada,2024,4648,population_estimate,4648.0
5000609,Amambai - MS,9324,População residente estimada,2024,41414,population_estimate,41414.0
5000708,Anastácio - MS,9324,População residente estimada,2024,24741,population_estimate,24741.0
5000807,Anaurilândia - MS,9324,População residente estimada,2024,7735,population_estimate,7735.0
5000856,Angélica - MS,9324,População residente estimada,2024,11203,population_estimate,11203.0
5000906,Antônio João - MS,9324,População residente estimada,2024,9641,population_estimate,9641.0
5001003,Aparecida do Taboado - MS,9324,População residente estimada,2024,29446,population_estimate,29446.0
5001102,Aquidauana - MS,9324,População residente estimada,2024,48561,population_estimate,48561.0
5001243,Aral Moreira - MS,9324,População residente estimada,2024,11085,population_estimate,11085.0
5001508,Bandeirantes - MS,9324,População residente estimada,2024,8276,population_estimate,8276.0
5001904,Bataguassu - MS,9324,População residente estimada,2024,24004,population_estimate,24004.0
5002001,Batayporã - MS,9324,População residente estimada,2024,10953,population_estimate,10953.0
5002100,Bela Vista - MS,9324,População residente estimada,2024,21965,population_estimate,21965.0
5002159,Bodoquena - MS,9324,População residente estimada,2024,8849,population_estimate,8849.0
5002209,Bonito - MS,9324,População residente estimada,2024,24761,population_estimate,24761.0
5002308,Brasilândia - MS,9324,População residente estimada,2024,11840,population_estimate,11840.0
5002407,Caarapó - MS,9324,População residente estimada,2024,32406,population_estimate,32406.0
5002605,Camapuã - MS,9324,População residente estimada,2024,13920,population_estimate,13920.0
5002704,Campo Grande - MS,9324,População residente estimada,2024,954537,population_estimate,954537.0
5002803,Caracol - MS,9324,População residente estimada,2024,5115,population_estimate,5115.0
5002902,Cassilândia - MS,9324,População residente estimada,2024,21549,population_estimate,21549.0
5002951,Chapadão do Sul - MS,9324,População residente estimada,2024,33791,population_estimate,33791.0
5003108,Corguinho - MS,9324,População residente estimada,2024,4893,population_estimate,4893.0
5003157,Coronel Sapucaia - MS,9324,População residente estimada,2024,14661,population_estimate,14661.0
5003207,Corumbá - MS,9324,População residente estimada,2024,99107,population_estimate,99107.0
5003256,Costa Rica - MS,9324,População residente estimada,2024,28163,population_estimate,28163.0
5003306,Coxim - MS,9324,População residente estimada,2024,33390,population_estimate,33390.0
5003454,Deodápolis - MS,9324,População residente estimada,2024,14210,population_estimate,14210.0
5003488,Dois Irmãos do Buriti - MS,9324,População residente estimada,2024,11470,population_estimate,11470.0
5003504,Douradina - MS,9324,População residente estimada,2024,5749,population_estimate,5749.0
5003702,Dourados - MS,9324,População residente estimada,2024,260640,population_estimate,260640.0
5003751,Eldorado - MS,9324,População residente estimada,2024,11633,population_estimate,11633.0
5003801,Fátima do Sul - MS,9324,População residente estimada,2024,21388,population_estimate,21388.0
5003900,Figueirão - MS,9324,População residente estimada,2024,3709,population_estimate,3709.0
5004007,Glória de Dourados - MS,9324,População residente estimada,2024,10777,population_estimate,10777.0
5004106,Guia Lopes da Laguna - MS,9324,População residente estimada,2024,10135,population_estimate,10135.0
5004304,Iguatemi - MS,9324,População residente estimada,2024,14017,population_estimate,14017.0
5004403,Inocência - MS,9324,População residente estimada,2024,8712,population_estimate,8712.0
5004502,Itaporã - MS,9324,População residente estimada,2024,25075,population_estimate,25075.0
5004601,Itaquiraí - MS,9324,População residente estimada,2024,19996,population_estimate,19996.0
5004700,Ivinhema - MS,9324,População residente estimada,2024,29613,population_estimate,29613.0
5004809,Japorã - MS,9324,População residente estimada,2024,8409,population_estimate,8409.0
5004908,Jaraguari - MS,9324,População residente estimada,2024,7425,population_estimate,7425.0
5005004,Jardim - MS,9324,População residente estimada,2024,24509,population_estimate,24509.0
5005103,Jateí - MS,9324,População residente estimada,2024,3620,population_estimate,3620.0
5005152,Juti - MS,9324,População residente estimada,2024,7009,population_estimate,7009.0
5005202,Ladário - MS,9324,População residente estimada,2024,22290,population_estimate,22290.0
5005251,Laguna Carapã - MS,9324,População residente estimada,2024,7012,population_estimate,7012.0
5005400,Maracaju - MS,9324,População residente estimada,2024,47558,population_estimate,47558.0
5005608,Miranda - MS,9324,População residente estimada,2024,26487,population_estimate,26487.0
5005681,Mundo Novo - MS,9324,População residente estimada,2024,19937,population_estimate,19937.0
5005707,Naviraí - MS,9324,População residente estimada,2024,52707,population_estimate,52707.0
5005806,Nioaque - MS,9324,População residente estimada,2024,13412,population_estimate,13412.0
5006002,Nova Alvorada do Sul - MS,9324,População residente estimada,2024,23054,population_estimate,23054.0
5006200,Nova Andradina - MS,9324,População residente estimada,2024,50610,population_estimate,50610.0
5006259,Novo Horizonte do Sul - MS,9324,População residente estimada,2024,4811,population_estimate,4811.0
5006275,Paraíso das Águas - MS,9324,População residente estimada,2024,5777,population_estimate,5777.0
5006309,Paranaíba - MS,9324,População residente estimada,2024,42543,population_estimate,42543.0
5006358,Paranhos - MS,9324,População residente estimada,2024,13323,population_estimate,13323.0
5006408,Pedro Gomes - MS,9324,População residente estimada,2024,6974,population_estimate,6974.0
5006606,Ponta Porã - MS,9324,População residente estimada,2024,97577,population_estimate,97577.0
5006903,Porto Murtinho - MS,9324,População residente estimada,2024,12864,population_estimate,12864.0
5007109,Ribas do Rio Pardo - MS,9324,População residente estimada,2024,23996,population_estimate,23996.0
5007208,Rio Brilhante - MS,9324,População residente estimada,2024,39936,population_estimate,39936.0
5007307,Rio Negro - MS,9324,População residente estimada,2024,4933,population_estimate,4933.0
5007406,Rio Verde de Mato Grosso - MS,9324,População residente estimada,2024,20393,population_estimate,20393.0
5007505,Rochedo - MS,9324,População residente estimada,2024,5407,population_estimate,5407.0
5007554,Santa Rita do Pardo - MS,9324,População residente estimada,2024,7174,population_estimate,7174.0
5007695,São Gabriel do Oeste - MS,9324,População residente estimada,2024,31694,population_estimate,31694.0
5007703,Sete Quedas - MS,9324,População residente estimada,2024,11301,population_estimate,11301.0
5007802,Selvíria - MS,9324,População residente estimada,2024,8593,population_estimate,8593.0
5007901,Sidrolândia - MS,9324,População residente estimada,2024,49374,population_estimate,49374.0
5007935,Sonora - MS,9324,População residente estimada,2024,14822,population_estimate,14822.0
5007950,Tacuru - MS,9324,População residente estimada,2024,11159,population_estimate,11159.0
5007976,Taquarussu - MS,9324,População residente estimada,2024,3730,population_estimate,3730.0
5008008,Terenos - MS,9324,População residente estimada,2024,18139,population_estimate,18139.0
5008305,Três Lagoas - MS,9324,População residente estimada,2024,141435,population_estimate,141435.0
5008404,Vicentina - MS,9324,População residente estimada,2024,6476,population_estimate,6476.0
5100102,Acorizal - MT,9324,População residente estimada,2024,4990,population_estimate,4990.0
5100201,Água Boa - MT,9324,População residente estimada,2024,31314,population_estimate,31314.0
5100250,Alta Floresta - MT,9324,População residente estimada,2024,61291,population_estimate,61291.0
5100300,Alto Araguaia - MT,9324,População residente estimada,2024,17657,population_estimate,17657.0
5100359,Alto Boa Vista - MT,9324,População residente estimada,2024,5875,population_estimate,5875.0
5100409,Alto Garças - MT,9324,População residente estimada,2024,13707,population_estimate,13707.0
5100508,Alto Paraguai - MT,9324,População residente estimada,2024,7717,population_estimate,7717.0
5100607,Alto Taquari - MT,9324,População residente estimada,2024,11571,population_estimate,11571.0
5100805,Apiacás - MT,9324,População residente estimada,2024,8692,population_estimate,8692.0
5101001,Araguaiana - MT,9324,População residente estimada,2024,3950,population_estimate,3950.0
5101209,Araguainha - MT,9324,População residente estimada,2024,1006,population_estimate,1006.0
5101258,Araputanga - MT,9324,População residente estimada,2024,14854,population_estimate,14854.0
5101308,Arenápolis - MT,9324,População residente estimada,2024,10747,population_estimate,10747.0
5101407,Aripuanã - MT,9324,População residente estimada,2024,26010,population_estimate,26010.0
5101605,Barão de Melgaço - MT,9324,População residente estimada,2024,7204,population_estimate,7204.0
5101704,Barra do Bugres - MT,9324,População residente estimada,2024,29576,population_estimate,29576.0
5101803,Barra do Garças - MT,9324,População residente estimada,2024,72694,population_estimate,72694.0
5101837,Boa Esperança do Norte - MT,9324,População residente estimada,2024,...,population_estimate,
5101852,Bom Jesus do Araguaia - MT,9324,População residente estimada,2024,7731,population_estimate,7731.0
5101902,Brasnorte - MT,9324,População residente estimada,2024,17496,population_estimate,17496.0
5102504,Cáceres - MT,9324,População residente estimada,2024,91626,population_estimate,91626.0
5102603,Campinápolis - MT,9324,População residente estimada,2024,15713,population_estimate,15713.0
5102637,Campo Novo do Parecis - MT,9324,População residente estimada,2024,50033,population_estimate,50033.0
5102678,Campo Verde - MT,9324,População residente estimada,2024,47831,population_estimate,47831.0
5102686,Campos de Júlio - MT,9324,População residente estimada,2024,9608,population_estimate,9608.0
5102694,Canabrava do Norte - MT,9324,População residente estimada,2024,4480,population_estimate,4480.0
5102702,Canarana - MT,9324,População residente estimada,2024,27657,population_estimate,27657.0
5102793,Carlinda - MT,9324,População residente estimada,2024,10324,population_estimate,10324.0
5102850,Castanheira - MT,9324,População residente estimada,2024,7459,population_estimate,7459.0
5103007,Chapada dos Guimarães - MT,9324,População residente estimada,2024,19374,population_estimate,19374.0
5103056,Cláudia - MT,9324,População residente estimada,2024,9436,population_estimate,9436.0
5103106,Cocalinho - MT,9324,População residente estimada,2024,6428,population_estimate,6428.0
5103205,Colíder - MT,9324,População residente estimada,2024,32010,population_estimate,32010.0
5103254,Colniza - MT,9324,População residente estimada,2024,26090,population_estimate,26090.0
5103304,Comodoro - MT,9324,População residente estimada,2024,18461,population_estimate,18461.0
5103353,Confresa - MT,9324,População residente estimada,2024,37541,population_estimate,37541.0
5103361,Conquista D'Oeste - MT,9324,População residente estimada,2024,3874,population_estimate,3874.0
5103379,Cotriguaçu - MT,9324,População residente estimada,2024,10398,population_estimate,10398.0
5103403,Cuiabá - MT,9324,População residente estimada,2024,682932,population_estimate,682932.0
5103437,Curvelândia - MT,9324,População residente estimada,2024,4967,population_estimate,4967.0
5103452,Denise - MT,9324,População residente estimada,2024,6815,population_estimate,6815.0
5103502,Diamantino - MT,9324,População residente estimada,2024,22479,population_estimate,22479.0
5103601,Dom Aquino - MT,9324,População residente estimada,2024,7915,population_estimate,7915.0
5103700,Feliz Natal - MT,9324,População residente estimada,2024,10564,population_estimate,10564.0
5103809,Figueirópolis D'Oeste - MT,9324,População residente estimada,2024,3112,population_estimate,3112.0
5103858,Gaúcha do Norte - MT,9324,População residente estimada,2024,9181,population_estimate,9181.0
5103908,General Carneiro - MT,9324,População residente estimada,2024,6250,population_estimate,6250.0
5103957,Glória D'Oeste - MT,9324,População residente estimada,2024,2899,population_estimate,2899.0
5104104,Guarantã do Norte - MT,9324,População residente estimada,2024,31328,population_estimate,31328.0
5104203,Guiratinga - MT,9324,População residente estimada,2024,10532,population_estimate,10532.0
5104500,Indiavaí - MT,9324,População residente estimada,2024,2194,population_estimate,2194.0
5104526,Ipiranga do Norte - MT,9324,População residente estimada,2024,8409,population_estimate,8409.0
5104542,Itanhangá - MT,9324,População residente estimada,2024,8049,population_estimate,8049.0
5104559,Itaúba - MT,9324,População residente estimada,2024,5161,population_estimate,5161.0
5104609,Itiquira - MT,9324,População residente estimada,2024,12519,population_estimate,12519.0
5104807,Jaciara - MT,9324,População residente estimada,2024,29560,population_estimate,29560.0
5104906,Jangada - MT,9324,População residente estimada,2024,7447,population_estimate,7447.0
5105002,Jauru - MT,9324,População residente estimada,2024,8076,population_estimate,8076.0
5105101,Juara - MT,9324,População residente estimada,2024,35899,population_estimate,35899.0
5105150,Juína - MT,9324,População residente estimada,2024,47800,population_estimate,47800.0
5105176,Juruena - MT,9324,População residente estimada,2024,10149,population_estimate,10149.0
5105200,Juscimeira - MT,9324,População residente estimada,2024,11620,population_estimate,11620.0
5105234,Lambari D'Oeste - MT,9324,População residente estimada,2024,4724,population_estimate,4724.0
5105259,Lucas do Rio Verde - MT,9324,População residente estimada,2024,92256,population_estimate,92256.0
5105309,Luciara - MT,9324,População residente estimada,2024,2591,population_estimate,2591.0
5105507,Vila Bela da Santíssima Trindade - MT,9324,População residente estimada,2024,17384,population_estimate,17384.0
5105580,Marcelândia - MT,9324,População residente estimada,2024,11414,population_estimate,11414.0
5105606,Matupá - MT,9324,População residente estimada,2024,21415,population_estimate,21415.0
5105622,Mirassol d'Oeste - MT,9324,População residente estimada,2024,27511,population_estimate,27511.0
5105903,Nobres - MT,9324,População residente estimada,2024,15753,population_estimate,15753.0
5106000,Nortelândia - MT,9324,População residente estimada,2024,5935,population_estimate,5935.0
5106109,Nossa Senhora do Livramento - MT,9324,População residente estimada,2024,11658,population_estimate,11658.0
5106158,Nova Bandeirantes - MT,9324,População residente estimada,2024,14160,population_estimate,14160.0
5106174,Nova Nazaré - MT,9324,População residente estimada,2024,4467,population_estimate,4467.0
5106182,Nova Lacerda - MT,9324,População residente estimada,2024,6965,population_estimate,6965.0
5106190,Nova Santa Helena - MT,9324,População residente estimada,2024,4431,population_estimate,4431.0
5106208,Nova Brasilândia - MT,9324,População residente estimada,2024,3853,population_estimate,3853.0
5106216,Nova Canaã do Norte - MT,9324,População residente estimada,2024,11771,population_estimate,11771.0
5106224,Nova Mutum - MT,9324,População residente estimada,2024,61223,population_estimate,61223.0
5106232,Nova Olímpia - MT,9324,População residente estimada,2024,16314,population_estimate,16314.0
5106240,Nova Ubiratã - MT,9324,População residente estimada,2024,12108,population_estimate,12108.0
5106257,Nova Xavantina - MT,9324,População residente estimada,2024,25486,population_estimate,25486.0
5106265,Novo Mundo - MT,9324,População residente estimada,2024,6444,population_estimate,6444.0
5106273,Novo Horizonte do Norte - MT,9324,População residente estimada,2024,3307,population_estimate,3307.0
5106281,Novo São Joaquim - MT,9324,População residente estimada,2024,7160,population_estimate,7160.0
5106299,Paranaíta - MT,9324,População residente estimada,2024,11989,population_estimate,11989.0
5106307,Paranatinga - MT,9324,População residente estimada,2024,28228,population_estimate,28228.0
5106315,Novo Santo Antônio - MT,9324,População residente estimada,2024,2040,population_estimate,2040.0
5106372,Pedra Preta - MT,9324,População residente estimada,2024,18722,population_estimate,18722.0
5106422,Peixoto de Azevedo - MT,9324,População residente estimada,2024,33599,population_estimate,33599.0
5106455,Planalto da Serra - MT,9324,População residente estimada,2024,3287,population_estimate,3287.0
5106505,Poconé - MT,9324,População residente estimada,2024,31269,population_estimate,31269.0
5106653,Pontal do Araguaia - MT,9324,População residente estimada,2024,7299,population_estimate,7299.0
5106703,Ponte Branca - MT,9324,População residente estimada,2024,2076,population_estimate,2076.0
5106752,Pontes e Lacerda - MT,9324,População residente estimada,2024,54795,population_estimate,54795.0
5106778,Porto Alegre do Norte - MT,9324,População residente estimada,2024,12524,population_estimate,12524.0
5106802,Porto dos Gaúchos - MT,9324,População residente estimada,2024,5690,population_estimate,5690.0
5106828,Porto Esperidião - MT,9324,População residente estimada,2024,10167,population_estimate,10167.0
5106851,Porto Estrela - MT,9324,População residente estimada,2024,3181,population_estimate,3181.0
5107008,Poxoréu - MT,9324,População residente estimada,2024,24587,population_estimate,24587.0
5107040,Primavera do Leste - MT,9324,População residente estimada,2024,92927,population_estimate,92927.0
5107065,Querência - MT,9324,População residente estimada,2024,29820,population_estimate,29820.0
5107107,São José dos Quatro Marcos - MT,9324,População residente estimada,2024,17830,population_estimate,17830.0
5107156,Reserva do Cabaçal - MT,9324,População residente estimada,2024,2062,population_estimate,2062.0
5107180,Ribeirão Cascalheira - MT,9324,População residente estimada,2024,10431,population_estimate,10431.0
5107198,Ribeirãozinho - MT,9324,População residente estimada,2024,2697,population_estimate,2697.0
5107206,Rio Branco - MT,9324,População residente estimada,2024,4489,population_estimate,4489.0
5107248,Santa Carmem - MT,9324,População residente estimada,2024,5677,population_estimate,5677.0
5107263,Santo Afonso - MT,9324,População residente estimada,2024,2460,population_estimate,2460.0
5107297,São José do Povo - MT,9324,População residente estimada,2024,2780,population_estimate,2780.0
5107305,São José do Rio Claro - MT,9324,População residente estimada,2024,14662,population_estimate,14662.0
5107354,São José do Xingu - MT,9324,População residente estimada,2024,6168,population_estimate,6168.0
5107404,São Pedro da Cipa - MT,9324,População residente estimada,2024,4247,population_estimate,4247.0
5107578,Rondolândia - MT,9324,População residente estimada,2024,3527,population_estimate,3527.0
5107602,Rondonópolis - MT,9324,População residente estimada,2024,259167,population_estimate,259167.0
5107701,Rosário Oeste - MT,9324,População residente estimada,2024,15236,population_estimate,15236.0
5107743,Santa Cruz do Xingu - MT,9324,População residente estimada,2024,2834,population_estimate,2834.0
5107750,Salto do Céu - MT,9324,População residente estimada,2024,3679,population_estimate,3679.0
5107768,Santa Rita do Trivelato - MT,9324,População residente estimada,2024,3463,population_estimate,3463.0
5107776,Santa Terezinha - MT,9324,População residente estimada,2024,7720,population_estimate,7720.0
5107792,Santo Antônio do Leste - MT,9324,População residente estimada,2024,4212,population_estimate,4212.0
5107800,Santo Antônio de Leverger - MT,9324,População residente estimada,2024,16795,population_estimate,16795.0
5107859,São Félix do Araguaia - MT,9324,População residente estimada,2024,14332,population_estimate,14332.0
5107875,Sapezal - MT,9324,População residente estimada,2024,31499,population_estimate,31499.0
5107883,Serra Nova Dourada - MT,9324,População residente estimada,2024,1901,population_estimate,1901.0
5107909,Sinop - MT,9324,População residente estimada,2024,216029,population_estimate,216029.0
5107925,Sorriso - MT,9324,População residente estimada,2024,120985,population_estimate,120985.0
5107941,Tabaporã - MT,9324,População residente estimada,2024,9908,population_estimate,9908.0
5107958,Tangará da Serra - MT,9324,População residente estimada,2024,112547,population_estimate,112547.0
5108006,Tapurah - MT,9324,População residente estimada,2024,15272,population_estimate,15272.0
5108055,Terra Nova do Norte - MT,9324,População residente estimada,2024,10641,population_estimate,10641.0
5108105,Tesouro - MT,9324,População residente estimada,2024,2977,population_estimate,2977.0
5108204,Torixoréu - MT,9324,População residente estimada,2024,4230,population_estimate,4230.0
5108303,União do Sul - MT,9324,População residente estimada,2024,3897,population_estimate,3897.0
5108352,Vale de São Domingos - MT,9324,População residente estimada,2024,2907,population_estimate,2907.0
5108402,Várzea Grande - MT,9324,População residente estimada,2024,314627,population_estimate,314627.0
5108501,Vera - MT,9324,População residente estimada,2024,13389,population_estimate,13389.0
5108600,Vila Rica - MT,9324,População residente estimada,2024,19827,population_estimate,19827.0
5108808,Nova Guarita - MT,9324,População residente estimada,2024,4579,population_estimate,4579.0
5108857,Nova Marilândia - MT,9324,População residente estimada,2024,3678,population_estimate,3678.0
5108907,Nova Maringá - MT,9324,População residente estimada,2024,5775,population_estimate,5775.0
5108956,Nova Monte Verde - MT,9324,População residente estimada,2024,8451,population_estimate,8451.0
5200050,Abadia de Goiás - GO,9324,População residente estimada,2024,21165,population_estimate,21165.0
5200100,Abadiânia - GO,9324,População residente estimada,2024,17638,population_estimate,17638.0
5200134,Acreúna - GO,9324,População residente estimada,2024,21995,population_estimate,21995.0
5200159,Adelândia - GO,9324,População residente estimada,2024,2297,population_estimate,2297.0
5200175,Água Fria de Goiás - GO,9324,População residente estimada,2024,4991,population_estimate,4991.0
5200209,Água Limpa - GO,9324,População residente estimada,2024,1856,population_estimate,1856.0
5200258,Águas Lindas de Goiás - GO,9324,População residente estimada,2024,240613,population_estimate,240613.0
5200308,Alexânia - GO,9324,População residente estimada,2024,28009,population_estimate,28009.0
5200506,Aloândia - GO,9324,População residente estimada,2024,1984,population_estimate,1984.0
5200555,Alto Horizonte - GO,9324,População residente estimada,2024,6375,population_estimate,6375.0
5200605,Alto Paraíso de Goiás - GO,9324,População residente estimada,2024,10936,population_estimate,10936.0
5200803,Alvorada do Norte - GO,9324,População residente estimada,2024,8597,population_estimate,8597.0
5200829,Amaralina - GO,9324,População residente estimada,2024,3281,population_estimate,3281.0
5200852,Americano do Brasil - GO,9324,População residente estimada,2024,5281,population_estimate,5281.0
5200902,Amorinópolis - GO,9324,População residente estimada,2024,2952,population_estimate,2952.0
5201108,Anápolis - GO,9324,População residente estimada,2024,415847,population_estimate,415847.0
5201207,Anhanguera - GO,9324,População residente estimada,2024,921,population_estimate,921.0
5201306,Anicuns - GO,9324,População residente estimada,2024,18443,population_estimate,18443.0
5201405,Aparecida de Goiânia - GO,9324,População residente estimada,2024,550925,population_estimate,550925.0
5201454,Aparecida do Rio Doce - GO,9324,População residente estimada,2024,3012,population_estimate,3012.0
5201504,Aporé - GO,9324,População residente estimada,2024,4452,population_estimate,4452.0
5201603,Araçu - GO,9324,População residente estimada,2024,3842,population_estimate,3842.0
5201702,Aragarças - GO,9324,População residente estimada,2024,18604,population_estimate,18604.0
5201801,Aragoiânia - GO,9324,População residente estimada,2024,12554,population_estimate,12554.0
5202155,Araguapaz - GO,9324,População residente estimada,2024,7182,population_estimate,7182.0
5202353,Arenópolis - GO,9324,População residente estimada,2024,2930,population_estimate,2930.0
5202502,Aruanã - GO,9324,População residente estimada,2024,8515,population_estimate,8515.0
5202601,Aurilândia - GO,9324,População residente estimada,2024,3266,population_estimate,3266.0
5202809,Avelinópolis - GO,9324,População residente estimada,2024,2963,population_estimate,2963.0
5203104,Baliza - GO,9324,População residente estimada,2024,3335,population_estimate,3335.0
5203203,Barro Alto - GO,9324,População residente estimada,2024,10738,population_estimate,10738.0
5203302,Bela Vista de Goiás - GO,9324,População residente estimada,2024,36583,population_estimate,36583.0
5203401,Bom Jardim de Goiás - GO,9324,População residente estimada,2024,7824,population_estimate,7824.0
5203500,Bom Jesus de Goiás - GO,9324,População residente estimada,2024,24701,population_estimate,24701.0
5203559,Bonfinópolis - GO,9324,População residente estimada,2024,10828,population_estimate,10828.0
5203575,Bonópolis - GO,9324,População residente estimada,2024,3306,population_estimate,3306.0
5203609,Brazabrantes - GO,9324,População residente estimada,2024,4149,population_estimate,4149.0
5203807,Britânia - GO,9324,População residente estimada,2024,5788,population_estimate,5788.0
5203906,Buriti Alegre - GO,9324,População residente estimada,2024,10831,population_estimate,10831.0
5203939,Buriti de Goiás - GO,9324,População residente estimada,2024,2789,population_estimate,2789.0
5203962,Buritinópolis - GO,9324,População residente estimada,2024,3154,population_estimate,3154.0
5204003,Cabeceiras - GO,9324,População residente estimada,2024,7678,population_estimate,7678.0
5204102,Cachoeira Alta - GO,9324,População residente estimada,2024,11789,population_estimate,11789.0
5204201,Cachoeira de Goiás - GO,9324,População residente estimada,2024,1419,population_estimate,1419.0
5204250,Cachoeira Dourada - GO,9324,População residente estimada,2024,7801,population_estimate,7801.0
5204300,Caçu - GO,9324,População residente estimada,2024,14006,population_estimate,14006.0
5204409,Caiapônia - GO,9324,População residente estimada,2024,16655,population_estimate,16655.0
5204508,Caldas Novas - GO,9324,População residente estimada,2024,104788,population_estimate,104788.0
5204557,Caldazinha - GO,9324,População residente estimada,2024,4735,population_estimate,4735.0
5204607,Campestre de Goiás - GO,9324,População residente estimada,2024,3854,population_estimate,3854.0
5204656,Campinaçu - GO,9324,População residente estimada,2024,3758,population_estimate,3758.0
5204706,Campinorte - GO,9324,População residente estimada,2024,12879,population_estimate,12879.0
5204805,Campo Alegre de Goiás - GO,9324,População residente estimada,2024,7711,population_estimate,7711.0
5204854,Campo Limpo de Goiás - GO,9324,População residente estimada,2024,8449,population_estimate,8449.0
5204904,Campos Belos - GO,9324,População residente estimada,2024,18258,population_estimate,18258.0
5204953,Campos Verdes - GO,9324,População residente estimada,2024,3899,population_estimate,3899.0
5205000,Carmo do Rio Verde - GO,9324,População residente estimada,2024,9937,population_estimate,9937.0
5205059,Castelândia - GO,9324,População residente estimada,2024,2921,population_estimate,2921.0
5205109,Catalão - GO,9324,População residente estimada,2024,120789,population_estimate,120789.0
5205208,Caturaí - GO,9324,População residente estimada,2024,5318,population_estimate,5318.0
5205307,Cavalcante - GO,9324,População residente estimada,2024,9721,population_estimate,9721.0
5205406,Ceres - GO,9324,População residente estimada,2024,22484,population_estimate,22484.0
5205455,Cezarina - GO,9324,População residente estimada,2024,8265,population_estimate,8265.0
5205471,Chapadão do Céu - GO,9324,População residente estimada,2024,13897,population_estimate,13897.0
5205497,Cidade Ocidental - GO,9324,População residente estimada,2024,98963,population_estimate,98963.0
5205513,Cocalzinho de Goiás - GO,9324,População residente estimada,2024,26638,population_estimate,26638.0
5205521,Colinas do Sul - GO,9324,População residente estimada,2024,4153,population_estimate,4153.0
5205703,Córrego do Ouro - GO,9324,População residente estimada,2024,2456,population_estimate,2456.0
5205802,Corumbá de Goiás - GO,9324,População residente estimada,2024,10714,population_estimate,10714.0
5205901,Corumbaíba - GO,9324,População residente estimada,2024,9416,population_estimate,9416.0
5206206,Cristalina - GO,9324,População residente estimada,2024,65705,population_estimate,65705.0
5206305,Cristianópolis - GO,9324,População residente estimada,2024,3630,population_estimate,3630.0
5206404,Crixás - GO,9324,População residente estimada,2024,17445,population_estimate,17445.0
5206503,Cromínia - GO,9324,População residente estimada,2024,3977,population_estimate,3977.0
5206602,Cumari - GO,9324,População residente estimada,2024,2955,population_estimate,2955.0
5206701,Damianópolis - GO,9324,População residente estimada,2024,3884,population_estimate,3884.0
5206800,Damolândia - GO,9324,População residente estimada,2024,2755,population_estimate,2755.0
5206909,Davinópolis - GO,9324,População residente estimada,2024,1901,population_estimate,1901.0
5207105,Diorama - GO,9324,População residente estimada,2024,2023,population_estimate,2023.0
5207253,Doverlândia - GO,9324,População residente estimada,2024,6895,population_estimate,6895.0
5207352,Edealina - GO,9324,População residente estimada,2024,4087,population_estimate,4087.0
5207402,Edéia - GO,9324,População residente estimada,2024,11953,population_estimate,11953.0
5207501,Estrela do Norte - GO,9324,População residente estimada,2024,3224,population_estimate,3224.0
5207535,Faina - GO,9324,População residente estimada,2024,7164,population_estimate,7164.0
5207600,Fazenda Nova - GO,9324,População residente estimada,2024,5878,population_estimate,5878.0
5207808,Firminópolis - GO,9324,População residente estimada,2024,10365,population_estimate,10365.0
5207907,Flores de Goiás - GO,9324,População residente estimada,2024,14156,population_estimate,14156.0
5208004,Formosa - GO,9324,População residente estimada,2024,120478,population_estimate,120478.0
5208103,Formoso - GO,9324,População residente estimada,2024,4681,population_estimate,4681.0
5208152,Gameleira de Goiás - GO,9324,População residente estimada,2024,3542,population_estimate,3542.0
5208301,Divinópolis de Goiás - GO,9324,População residente estimada,2024,4440,population_estimate,4440.0
5208400,Goianápolis - GO,9324,População residente estimada,2024,14555,population_estimate,14555.0
5208509,Goiandira - GO,9324,População residente estimada,2024,4986,population_estimate,4986.0
5208608,Goianésia - GO,9324,População residente estimada,2024,77014,population_estimate,77014.0
5208707,Goiânia - GO,9324,População residente estimada,2024,1494599,population_estimate,1494599.0
5208806,Goianira - GO,9324,População residente estimada,2024,78754,population_estimate,78754.0
5208905,Goiás - GO,9324,População residente estimada,2024,24233,population_estimate,24233.0
5209101,Goiatuba - GO,9324,População residente estimada,2024,36777,population_estimate,36777.0
5209150,Gouvelândia - GO,9324,População residente estimada,2024,4356,population_estimate,4356.0
5209200,Guapó - GO,9324,População residente estimada,2024,20588,population_estimate,20588.0
5209291,Guaraíta - GO,9324,População residente estimada,2024,2185,population_estimate,2185.0
5209408,Guarani de Goiás - GO,9324,População residente estimada,2024,4106,population_estimate,4106.0
5209457,Guarinos - GO,9324,População residente estimada,2024,2165,population_estimate,2165.0
5209606,Heitoraí - GO,9324,População residente estimada,2024,3360,population_estimate,3360.0
5209705,Hidrolândia - GO,9324,População residente estimada,2024,29827,population_estimate,29827.0
5209804,Hidrolina - GO,9324,População residente estimada,2024,3514,population_estimate,3514.0
5209903,Iaciara - GO,9324,População residente estimada,2024,10430,population_estimate,10430.0
5209937,Inaciolândia - GO,9324,População residente estimada,2024,6061,population_estimate,6061.0
5209952,Indiara - GO,9324,População residente estimada,2024,17747,population_estimate,17747.0
5210000,Inhumas - GO,9324,População residente estimada,2024,53629,population_estimate,53629.0
5210109,Ipameri - GO,9324,População residente estimada,2024,26163,population_estimate,26163.0
5210158,Ipiranga de Goiás - GO,9324,População residente estimada,2024,2964,population_estimate,2964.0
5210208,Iporá - GO,9324,População residente estimada,2024,36983,population_estimate,36983.0
5210307,Israelândia - GO,9324,População residente estimada,2024,2540,population_estimate,2540.0
5210406,Itaberaí - GO,9324,População residente estimada,2024,46943,population_estimate,46943.0
5210562,Itaguari - GO,9324,População residente estimada,2024,5088,population_estimate,5088.0
5210604,Itaguaru - GO,9324,População residente estimada,2024,4880,population_estimate,4880.0
5210802,Itajá - GO,9324,População residente estimada,2024,4328,population_estimate,4328.0
5210901,Itapaci - GO,9324,População residente estimada,2024,21708,population_estimate,21708.0
5211008,Itapirapuã - GO,9324,População residente estimada,2024,8125,population_estimate,8125.0
5211206,Itapuranga - GO,9324,População residente estimada,2024,26574,population_estimate,26574.0
5211305,Itarumã - GO,9324,População residente estimada,2024,6142,population_estimate,6142.0
5211404,Itauçu - GO,9324,População residente estimada,2024,7701,population_estimate,7701.0
5211503,Itumbiara - GO,9324,População residente estimada,2024,112289,population_estimate,112289.0
5211602,Ivolândia - GO,9324,População residente estimada,2024,2729,population_estimate,2729.0
5211701,Jandaia - GO,9324,População residente estimada,2024,6360,population_estimate,6360.0
5211800,Jaraguá - GO,9324,População residente estimada,2024,46427,population_estimate,46427.0
5211909,Jataí - GO,9324,População residente estimada,2024,110404,population_estimate,110404.0
5212006,Jaupaci - GO,9324,População residente estimada,2024,2946,population_estimate,2946.0
5212055,Jesúpolis - GO,9324,População residente estimada,2024,2124,population_estimate,2124.0
5212105,Joviânia - GO,9324,População residente estimada,2024,7247,population_estimate,7247.0
5212204,Jussara - GO,9324,População residente estimada,2024,19901,population_estimate,19901.0
5212253,Lagoa Santa - GO,9324,População residente estimada,2024,1426,population_estimate,1426.0
5212303,Leopoldo de Bulhões - GO,9324,População residente estimada,2024,9035,population_estimate,9035.0
5212501,Luziânia - GO,9324,População residente estimada,2024,218872,population_estimate,218872.0
5212600,Mairipotaba - GO,9324,População residente estimada,2024,2618,population_estimate,2618.0
5212709,Mambaí - GO,9324,População residente estimada,2024,8405,population_estimate,8405.0
5212808,Mara Rosa - GO,9324,População residente estimada,2024,10815,population_estimate,10815.0
5212907,Marzagão - GO,9324,População residente estimada,2024,2893,population_estimate,2893.0
5212956,Matrinchã - GO,9324,População residente estimada,2024,4033,population_estimate,4033.0
5213004,Maurilândia - GO,9324,População residente estimada,2024,10239,population_estimate,10239.0
5213053,Mimoso de Goiás - GO,9324,População residente estimada,2024,2633,population_estimate,2633.0
5213087,Minaçu - GO,9324,População residente estimada,2024,26939,population_estimate,26939.0
5213103,Mineiros - GO,9324,População residente estimada,2024,73781,population_estimate,73781.0
5213400,Moiporá - GO,9324,População residente estimada,2024,1693,population_estimate,1693.0
5213509,Monte Alegre de Goiás - GO,9324,População residente estimada,2024,6613,population_estimate,6613.0
5213707,Montes Claros de Goiás - GO,9324,População residente estimada,2024,8972,population_estimate,8972.0
5213756,Montividiu - GO,9324,População residente estimada,2024,12957,population_estimate,12957.0
5213772,Montividiu do Norte - GO,9324,População residente estimada,2024,3770,population_estimate,3770.0
5213806,Morrinhos - GO,9324,População residente estimada,2024,53640,population_estimate,53640.0
5213855,Morro Agudo de Goiás - GO,9324,População residente estimada,2024,2499,population_estimate,2499.0
5213905,Mossâmedes - GO,9324,População residente estimada,2024,4655,population_estimate,4655.0
5214002,Mozarlândia - GO,9324,População residente estimada,2024,15109,population_estimate,15109.0
5214051,Mundo Novo - GO,9324,População residente estimada,2024,6223,population_estimate,6223.0
5214101,Mutunópolis - GO,9324,População residente estimada,2024,3562,population_estimate,3562.0
5214408,Nazário - GO,9324,População residente estimada,2024,8330,population_estimate,8330.0
5214507,Nerópolis - GO,9324,População residente estimada,2024,33706,population_estimate,33706.0
5214606,Niquelândia - GO,9324,População residente estimada,2024,34466,population_estimate,34466.0
5214705,Nova América - GO,9324,População residente estimada,2024,2375,population_estimate,2375.0
5214804,Nova Aurora - GO,9324,População residente estimada,2024,2130,population_estimate,2130.0
5214838,Nova Crixás - GO,9324,População residente estimada,2024,13095,population_estimate,13095.0
5214861,Nova Glória - GO,9324,População residente estimada,2024,8375,population_estimate,8375.0
5214879,Nova Iguaçu de Goiás - GO,9324,População residente estimada,2024,3072,population_estimate,3072.0
5214903,Nova Roma - GO,9324,População residente estimada,2024,3053,population_estimate,3053.0
5215009,Nova Veneza - GO,9324,População residente estimada,2024,9790,population_estimate,9790.0
5215207,Novo Brasil - GO,9324,População residente estimada,2024,3568,population_estimate,3568.0
5215231,Novo Gama - GO,9324,População residente estimada,2024,107092,population_estimate,107092.0
5215256,Novo Planalto - GO,9324,População residente estimada,2024,3723,population_estimate,3723.0
5215306,Orizona - GO,9324,População residente estimada,2024,16890,population_estimate,16890.0
5215405,Ouro Verde de Goiás - GO,9324,População residente estimada,2024,4108,population_estimate,4108.0
5215504,Ouvidor - GO,9324,População residente estimada,2024,7542,population_estimate,7542.0
5215603,Padre Bernardo - GO,9324,População residente estimada,2024,36692,population_estimate,36692.0
5215652,Palestina de Goiás - GO,9324,População residente estimada,2024,3132,population_estimate,3132.0
5215702,Palmeiras de Goiás - GO,9324,População residente estimada,2024,33749,population_estimate,33749.0
5215801,Palmelo - GO,9324,População residente estimada,2024,2273,population_estimate,2273.0
5215900,Palminópolis - GO,9324,População residente estimada,2024,3939,population_estimate,3939.0
5216007,Panamá - GO,9324,População residente estimada,2024,2449,population_estimate,2449.0
5216304,Paranaiguara - GO,9324,População residente estimada,2024,7470,population_estimate,7470.0
5216403,Paraúna - GO,9324,População residente estimada,2024,10749,population_estimate,10749.0
5216452,Perolândia - GO,9324,População residente estimada,2024,3000,population_estimate,3000.0
5216809,Petrolina de Goiás - GO,9324,População residente estimada,2024,9577,population_estimate,9577.0
5216908,Pilar de Goiás - GO,9324,População residente estimada,2024,2288,population_estimate,2288.0
5217104,Piracanjuba - GO,9324,População residente estimada,2024,25309,population_estimate,25309.0
5217203,Piranhas - GO,9324,População residente estimada,2024,11913,population_estimate,11913.0
5217302,Pirenópolis - GO,9324,População residente estimada,2024,27757,population_estimate,27757.0
5217401,Pires do Rio - GO,9324,População residente estimada,2024,33494,population_estimate,33494.0
5217609,Planaltina - GO,9324,População residente estimada,2024,110619,population_estimate,110619.0
5217708,Pontalina - GO,9324,População residente estimada,2024,18685,population_estimate,18685.0
5218003,Porangatu - GO,9324,População residente estimada,2024,45400,population_estimate,45400.0
5218052,Porteirão - GO,9324,População residente estimada,2024,4225,population_estimate,4225.0
5218102,Portelândia - GO,9324,População residente estimada,2024,3234,population_estimate,3234.0
5218300,Posse - GO,9324,População residente estimada,2024,36060,population_estimate,36060.0
5218391,Professor Jamil - GO,9324,População residente estimada,2024,3732,population_estimate,3732.0
5218508,Quirinópolis - GO,9324,População residente estimada,2024,49986,population_estimate,49986.0
5218607,Rialma - GO,9324,População residente estimada,2024,12551,population_estimate,12551.0
5218706,Rianápolis - GO,9324,População residente estimada,2024,3938,population_estimate,3938.0
5218789,Rio Quente - GO,9324,População residente estimada,2024,3994,population_estimate,3994.0
5218805,Rio Verde - GO,9324,População residente estimada,2024,238025,population_estimate,238025.0
5218904,Rubiataba - GO,9324,População residente estimada,2024,20132,population_estimate,20132.0
5219001,Sanclerlândia - GO,9324,População residente estimada,2024,8063,population_estimate,8063.0
5219100,Santa Bárbara de Goiás - GO,9324,População residente estimada,2024,6280,population_estimate,6280.0
5219209,Santa Cruz de Goiás - GO,9324,População residente estimada,2024,3016,population_estimate,3016.0
5219258,Santa Fé de Goiás - GO,9324,População residente estimada,2024,5036,population_estimate,5036.0
5219308,Santa Helena de Goiás - GO,9324,População residente estimada,2024,39481,population_estimate,39481.0
5219357,Santa Isabel - GO,9324,População residente estimada,2024,3556,population_estimate,3556.0
5219407,Santa Rita do Araguaia - GO,9324,População residente estimada,2024,5842,population_estimate,5842.0
5219456,Santa Rita do Novo Destino - GO,9324,População residente estimada,2024,2648,population_estimate,2648.0
5219506,Santa Rosa de Goiás - GO,9324,População residente estimada,2024,2837,population_estimate,2837.0
5219605,Santa Tereza de Goiás - GO,9324,População residente estimada,2024,3225,population_estimate,3225.0
5219704,Santa Terezinha de Goiás - GO,9324,População residente estimada,2024,10818,population_estimate,10818.0
5219712,Santo Antônio da Barra - GO,9324,População residente estimada,2024,4293,population_estimate,4293.0
5219738,Santo Antônio de Goiás - GO,9324,População residente estimada,2024,7873,population_estimate,7873.0
5219753,Santo Antônio do Descoberto - GO,9324,População residente estimada,2024,74614,population_estimate,74614.0
5219803,São Domingos - GO,9324,População residente estimada,2024,9581,population_estimate,9581.0
5219902,São Francisco de Goiás - GO,9324,População residente estimada,2024,6491,population_estimate,6491.0
5220009,São João d'Aliança - GO,9324,População residente estimada,2024,14757,population_estimate,14757.0
5220058,São João da Paraúna - GO,9324,População residente estimada,2024,1807,population_estimate,1807.0
5220108,São Luís de Montes Belos - GO,9324,População residente estimada,2024,35031,population_estimate,35031.0
5220157,São Luiz do Norte - GO,9324,População residente estimada,2024,4926,population_estimate,4926.0
5220207,São Miguel do Araguaia - GO,9324,População residente estimada,2024,22079,population_estimate,22079.0
5220264,São Miguel do Passa Quatro - GO,9324,População residente estimada,2024,4621,population_estimate,4621.0
5220280,São Patrício - GO,9324,População residente estimada,2024,2190,population_estimate,2190.0
5220405,São Simão - GO,9324,População residente estimada,2024,17194,population_estimate,17194.0
5220454,Senador Canedo - GO,9324,População residente estimada,2024,169849,population_estimate,169849.0
5220504,Serranópolis - GO,9324,População residente estimada,2024,8201,population_estimate,8201.0
5220603,Silvânia - GO,9324,População residente estimada,2024,22939,population_estimate,22939.0
5220686,Simolândia - GO,9324,População residente estimada,2024,5693,population_estimate,5693.0
5220702,Sítio d'Abadia - GO,9324,População residente estimada,2024,2973,population_estimate,2973.0
5221007,Taquaral de Goiás - GO,9324,População residente estimada,2024,4146,population_estimate,4146.0
5221080,Teresina de Goiás - GO,9324,População residente estimada,2024,2685,population_estimate,2685.0
5221197,Terezópolis de Goiás - GO,9324,População residente estimada,2024,8243,population_estimate,8243.0
5221304,Três Ranchos - GO,9324,População residente estimada,2024,2970,population_estimate,2970.0
5221403,Trindade - GO,9324,População residente estimada,2024,150858,population_estimate,150858.0
5221452,Trombas - GO,9324,População residente estimada,2024,3106,population_estimate,3106.0
5221502,Turvânia - GO,9324,População residente estimada,2024,4478,population_estimate,4478.0
5221551,Turvelândia - GO,9324,População residente estimada,2024,5130,population_estimate,5130.0
5221577,Uirapuru - GO,9324,População residente estimada,2024,2809,population_estimate,2809.0
5221601,Uruaçu - GO,9324,População residente estimada,2024,44150,population_estimate,44150.0
5221700,Uruana - GO,9324,População residente estimada,2024,13871,population_estimate,13871.0
5221809,Urutaí - GO,9324,População residente estimada,2024,3667,population_estimate,3667.0
5221858,Valparaíso de Goiás - GO,9324,População residente estimada,2024,213506,population_estimate,213506.0
5221908,Varjão - GO,9324,População residente estimada,2024,3768,population_estimate,3768.0
5222005,Vianópolis - GO,9324,População residente estimada,2024,15476,population_estimate,15476.0
5222054,Vicentinópolis - GO,9324,População residente estimada,2024,9077,population_estimate,9077.0
5222203,Vila Boa - GO,9324,População residente estimada,2024,4185,population_estimate,4185.0
5222302,Vila Propício - GO,9324,População residente estimada,2024,5982,population_estimate,5982.0
5300108,Brasília - DF,9324,População residente estimada,2024,2982818,population_estimate,2982818.0
