municipality_code,municipality_name_ref,state_code,state,state_name,region,population_estimated,gdp_current_brl_thousand,active_companies,avg_monthly_salary_brl,employed_salaried,employed_total,local_units,wages_brl_thousand,area_km2,census_population,density_per_km2,gdp_per_capita_estimated,active_companies_per_1000_inhabitants
1100015,Alta Floresta D'Oeste,11,RO,Rondônia,Norte,22853.0,734467.017,891.0,2725.24,2872.0,3855.0,908.0,106616.529,7067.127,21494.0,3.04,32138.757143482257,38.98831663238962
1100023,Ariquemes,11,RO,Rondônia,Norte,108573.0,3211294.276,4946.0,2978.75,19904.0,25852.0,5154.0,775073.647,4426.571,96833.0,21.88,29577.282344597643,45.554603814944784
1100031,Cabixi,11,RO,Rondônia,Norte,5690.0,238414.1,212.0,3128.57,666.0,856.0,212.0,27046.11,1314.352,5351.0,4.07,41900.54481546573,37.258347978910365
1100049,Cacoal,11,RO,Rondônia,Norte,97637.0,2792505.911,4680.0,2823.25,20507.0,26225.0,4898.0,751151.881,3793.0,86887.0,22.91,28600.898337720333,47.9326484836691
1100056,Cerejeiras,11,RO,Rondônia,Norte,16975.0,743061.678,874.0,3014.99,2775.0,3707.0,898.0,108780.587,2783.3,15890.0,5.71,43773.88382916053,51.487481590574376
1100064,Colorado do Oeste,11,RO,Rondônia,Norte,16588.0,424845.954,755.0,2707.57,2290.0,3061.0,770.0,82477.039,1451.06,15663.0,10.79,25611.64420062696,45.51482999758861
1100072,Corumbiara,11,RO,Rondônia,Norte,8001.0,396740.22,245.0,3526.84,1194.0,1416.0,250.0,55137.476,3060.321,7519.0,2.46,49586.329208848896,30.62117235345582
1100080,Costa Marques,11,RO,Rondônia,Norte,13522.0,316671.541,384.0,2793.71,1032.0,1416.0,401.0,36931.255,4987.177,12627.0,2.53,23418.98691022038,28.398165951782282
1100098,Espigão D'Oeste,11,RO,Rondônia,Norte,32717.0,773371.568,1160.0,2435.52,5008.0,6282.0,1195.0,163330.74,4518.038,29414.0,6.51,23638.21768499557,35.45557355503255
1100106,Guajará-Mirim,11,RO,Rondônia,Norte,43553.0,1054254.562,1451.0,2808.57,4898.0,6188.0,1531.0,171913.087,24856.877,39387.0,1.58,24206.244391890337,33.315730259683605
1100114,Jaru,11,RO,Rondônia,Norte,55583.0,1764718.012,2103.0,2934.65,11330.0,13676.0,2207.0,434470.568,2944.128,50591.0,17.18,31749.24009139485,37.83530935717756
1100122,Ji-Paraná,11,RO,Rondônia,Norte,139359.0,4230355.007,7053.0,2742.92,31698.0,40272.0,7428.0,1121982.981,6896.649,124333.0,18.03,30355.807712454884,50.61029427593482
1100130,Machadinho D'Oeste,11,RO,Rondônia,Norte,34063.0,890319.226,1011.0,2419.11,3341.0,4403.0,1045.0,106782.646,8509.27,30707.0,3.61,26137.42847077474,29.680298270851072
1100148,Nova Brasilândia D'Oeste,11,RO,Rondônia,Norte,16504.0,549852.674,605.0,2905.64,2070.0,2710.0,620.0,76933.202,1703.008,15679.0,9.21,33316.32779932138,36.65777993213766
1100155,Ouro Preto do Oeste,11,RO,Rondônia,Norte,38681.0,986045.503,1528.0,2825.03,6134.0,7862.0,1578.0,225064.776,1969.85,35044.0,17.79,25491.727282128177,39.50259817481451
1100189,Pimenta Bueno,11,RO,Rondônia,Norte,39053.0,1642621.468,1964.0,2885.87,9895.0,12228.0,2033.0,379041.342,6241.016,35079.0,5.62,42061.338898420094,50.290630681381714
1100205,Porto Velho,11,RO,Rondônia,Norte,514873.0,20056138.467,22054.0,4700.32,181169.0,206670.0,23649.0,11050262.672,34090.952,460434.0,13.51,38953.56421292241,42.83386388488035
1100254,Presidente Médici,11,RO,Rondônia,Norte,20518.0,560209.59,695.0,2567.72,3214.0,3943.0,717.0,107904.722,1758.465,19327.0,10.99,27303.32342333561,33.872697143971145
1100262,Rio Crespo,11,RO,Rondônia,Norte,3753.0,184428.411,121.0,3049.07,471.0,555.0,121.0,18037.598,1717.64,3471.0,2.02,49141.596322941645,32.240873967492675
1100288,Rolim de Moura,11,RO,Rondônia,Norte,62559.0,1565241.344,2473.0,2639.99,13390.0,16238.0,2551.0,468103.501,1457.811,56406.0,38.69,25020.24239517895,39.53068303521476
1100296,Santa Luzia D'Oeste,11,RO,Rondônia,Norte,7877.0,213590.225,204.0,2792.04,788.0,959.0,206.0,28804.182,1197.796,7419.0,6.19,27115.681731623714,25.89818458804113
1100304,Vilhena,11,RO,Rondônia,Norte,108528.0,4215441.811,6186.0,3073.84,27951.0,35339.0,6467.0,1140241.818,11699.15,95832.0,8.19,38841.974522703815,56.999115435647944
1100320,São Miguel do Guaporé,11,RO,Rondônia,Norte,22267.0,905340.789,786.0,2726.45,3682.0,4460.0,808.0,131583.389,7460.117,21635.0,2.9,40658.40881124534,35.298872771365694
1100338,Nova Mamoré,11,RO,Rondônia,Norte,28496.0,742686.01,655.0,2620.83,2333.0,2962.0,687.0,76752.526,10070.49,25444.0,2.53,26062.816184727682,22.98568220101067
1100346,Alvorada D'Oeste,11,RO,Rondônia,Norte,13837.0,352629.612,452.0,2672.74,1300.0,1754.0,458.0,42772.548,3029.189,13117.0,4.33,25484.542314085422,32.6660403266604
1100379,Alto Alegre dos Parecis,11,RO,Rondônia,Norte,12263.0,483672.306,296.0,3228.7,1066.0,1366.0,299.0,44998.083,3958.273,11479.0,2.9,39441.59716219522,24.137649840985077
1100403,Alto Paraíso,11,RO,Rondônia,Norte,17463.0,510740.487,464.0,3139.51,1429.0,1888.0,470.0,59472.425,2651.822,16320.0,6.15,29247.00721525511,26.570463265189257
1100452,Buritis,11,RO,Rondônia,Norte,30729.0,966555.755,1052.0,2685.87,3716.0,4833.0,1082.0,138337.483,3265.809,27992.0,8.57,31454.18838881838,34.23476195125126
1100502,Novo Horizonte do Oeste,11,RO,Rondônia,Norte,8056.0,231501.394,246.0,2681.21,876.0,1111.0,253.0,31083.642,843.446,7667.0,9.09,28736.51861966236,30.536246276067526
1100601,Cacaulândia,11,RO,Rondônia,Norte,4345.0,275337.58,134.0,3244.74,444.0,550.0,138.0,18258.337,1961.778,4150.0,2.12,63368.833141542,30.84004602991945
1100700,Campo Novo de Rondônia,11,RO,Rondônia,Norte,9225.0,369126.71,228.0,3224.17,953.0,1161.0,235.0,38304.145,3442.005,8844.0,2.57,40013.73550135501,24.715447154471544
1100809,Candeias do Jamari,11,RO,Rondônia,Norte,24163.0,655569.172,762.0,2829.94,2967.0,3725.0,777.0,106536.018,6843.868,22310.0,3.26,27131.116665976908,31.5358192277449
1100908,Castanheiras,11,RO,Rondônia,Norte,3456.0,99626.808,102.0,1990.1,454.0,525.0,103.0,11651.646,892.841,3233.0,3.62,28827.20138888889,29.51388888888889
1100924,Chupinguaia,11,RO,Rondônia,Norte,10129.0,468792.621,403.0,3533.8,2461.0,2867.0,412.0,75176.51,5126.723,9324.0,1.82,46282.2214433804,39.78675091321947
1100940,Cujubim,11,RO,Rondônia,Norte,15883.0,487755.511,485.0,2859.27,1659.0,2147.0,490.0,63355.172,3863.946,14863.0,3.85,30709.28105521627,30.535792986211675
1101005,Governador Jorge Teixeira,11,RO,Rondônia,Norte,8420.0,239330.691,186.0,2451.79,1028.0,1182.0,194.0,33304.688,5067.384,8001.0,1.58,28424.072565320665,22.090261282660332
1101104,Itapuã do Oeste,11,RO,Rondônia,Norte,9209.0,209926.63,311.0,2739.62,1467.0,1752.0,319.0,54497.145,4081.58,8548.0,2.09,22795.811705939843,33.77131067434032
1101203,Ministro Andreazza,11,RO,Rondônia,Norte,6657.0,297876.095,207.0,2488.45,1203.0,1396.0,210.0,40762.124,798.083,6466.0,8.1,44746.29637975064,31.095087877422262
1101302,Mirante da Serra,11,RO,Rondônia,Norte,9740.0,262626.607,333.0,2618.84,1276.0,1618.0,347.0,44148.822,1191.875,9235.0,7.75,26963.717351129366,34.18891170431212
1101401,Monte Negro,11,RO,Rondônia,Norte,12241.0,389781.112,351.0,2864.27,1386.0,1750.0,356.0,53891.392,1931.378,11548.0,5.98,31842.260599624213,28.674127930724612
1101435,Nova União,11,RO,Rondônia,Norte,6577.0,157320.907,184.0,2131.45,640.0,814.0,184.0,18008.283,807.125,6200.0,7.68,23919.858142010034,27.976280979169836
1101450,Parecis,11,RO,Rondônia,Norte,4390.0,155429.633,160.0,3504.3,525.0,660.0,163.0,26396.876,2548.683,4125.0,1.62,35405.383371298405,36.44646924829157
1101468,Pimenteiras do Oeste,11,RO,Rondônia,Norte,2311.0,246208.537,125.0,3608.68,426.0,529.0,126.0,20317.506,6014.733,2156.0,0.36,106537.66205106015,54.089138900908694
1101476,Primavera de Rondônia,11,RO,Rondônia,Norte,3279.0,107029.668,133.0,2772.53,415.0,541.0,133.0,15747.518,605.692,3076.0,5.08,32640.947849954253,40.56114669106435
1101484,São Felipe D'Oeste,11,RO,Rondônia,Norte,5605.0,130675.108,151.0,2740.04,533.0,670.0,154.0,20711.196,541.647,5258.0,9.71,23314.02462087422,26.94023193577163
1101492,São Francisco do Guaporé,11,RO,Rondônia,Norte,17511.0,488140.713,594.0,3191.07,1737.0,2311.0,602.0,78990.257,10948.593,16286.0,1.49,27876.232825081377,33.92153503512078
1101500,Seringueiras,11,RO,Rondônia,Norte,12954.0,332985.668,349.0,2578.8,1332.0,1637.0,360.0,45202.657,3773.505,11171.0,2.96,25705.239153929288,26.94148525551953
1101559,Teixeirópolis,11,RO,Rondônia,Norte,4536.0,121304.252,116.0,2564.32,439.0,544.0,117.0,15720.321,459.978,4256.0,9.25,26742.55996472663,25.573192239858905
1101609,Theobroma,11,RO,Rondônia,Norte,8540.0,257436.077,188.0,2833.18,630.0,794.0,190.0,25670.666,2197.413,8113.0,3.69,30144.73969555035,22.014051522248245
1101708,Urupá,11,RO,Rondônia,Norte,11377.0,273504.621,338.0,2545.44,1438.0,1785.0,342.0,50007.605,831.857,10725.0,12.89,24040.135448712314,29.709062142919926
1101757,Vale do Anari,11,RO,Rondônia,Norte,8265.0,220947.883,225.0,2589.15,750.0,944.0,226.0,25057.759,3135.106,7788.0,2.48,26732.956200846944,27.22323049001815
1101807,Vale do Paraíso,11,RO,Rondônia,Norte,6843.0,185648.203,170.0,2426.52,716.0,870.0,172.0,23347.206,965.676,6479.0,6.71,27129.65117638463,24.84290515855619
1200013,Acrelândia,12,AC,Acre,Norte,14657.0,398724.884,355.0,3258.92,934.0,1259.0,361.0,41388.132,1811.613,14021.0,7.74,27203.717268199496,24.220508971822337
1200054,Assis Brasil,12,AC,Acre,Norte,8573.0,133916.175,139.0,3005.01,648.0,749.0,146.0,23792.202,4979.073,8100.0,1.63,15620.689956841245,16.213694156071387
1200104,Brasiléia,12,AC,Acre,Norte,27841.0,685636.225,868.0,2795.02,3024.0,3832.0,901.0,105146.577,3928.174,26000.0,6.62,24626.853381703244,31.177041054559822
1200138,Bujari,12,AC,Acre,Norte,13766.0,300830.265,234.0,2282.62,1611.0,1833.0,238.0,51340.314,3034.869,12917.0,4.26,21853.135624001163,16.99840185965422
1200179,Capixaba,12,AC,Acre,Norte,10922.0,512352.894,182.0,3613.99,612.0,773.0,184.0,28599.783,1705.824,10392.0,6.09,46910.17158029665,16.66361472257828
1200203,Cruzeiro do Sul,12,AC,Acre,Norte,98382.0,2058629.669,2811.0,2218.71,12368.0,15697.0,3074.0,372484.94,8783.47,91888.0,10.46,20924.860940009352,28.572299810941026
1200252,Epitaciolândia,12,AC,Acre,Norte,19739.0,644541.502,677.0,2382.94,2510.0,3083.0,690.0,75996.033,1652.674,18757.0,11.35,32653.199351537565,34.29758346420792
1200302,Feijó,12,AC,Acre,Norte,37644.0,567040.488,612.0,2599.49,2418.0,3049.0,650.0,79784.014,27976.874,35426.0,1.27,15063.236850494102,16.25757092763787
1200328,Jordão,12,AC,Acre,Norte,9787.0,113975.208,112.0,2690.04,676.0,764.0,116.0,21611.395,5357.227,9222.0,1.72,11645.571472361296,11.443751915806683
1200336,Mâncio Lima,12,AC,Acre,Norte,20329.0,269204.838,284.0,3482.02,1068.0,1356.0,305.0,47300.972,5451.617,19294.0,3.54,13242.404348467706,13.970190368439175
1200344,Manoel Urbano,12,AC,Acre,Norte,12776.0,184903.705,179.0,3784.65,608.0,744.0,188.0,29520.246,10630.6,11996.0,1.13,14472.738337507828,14.010644959298684
1200351,Marechal Thaumaturgo,12,AC,Acre,Norte,17951.0,256864.842,149.0,2634.59,795.0,931.0,156.0,41704.082,8190.953,17093.0,2.09,14309.221881789315,8.300373238259708
1200385,Plácido de Castro,12,AC,Acre,Norte,17127.0,601470.508,315.0,2246.57,2572.0,2885.0,329.0,78542.74,1952.555,16560.0,8.48,35118.26402755883,18.39201261166579
1200393,Porto Walter,12,AC,Acre,Norte,11275.0,160534.749,146.0,2692.42,779.0,930.0,151.0,39322.681,6446.385,10735.0,1.67,14238.115210643016,12.9490022172949
1200401,Rio Branco,12,AC,Acre,Norte,387852.0,10955674.857,14451.0,3882.24,121195.0,137439.0,15600.0,6142168.094,8835.154,364756.0,41.28,28247.050052597384,37.25905757866403
1200427,Rodrigues Alves,12,AC,Acre,Norte,15537.0,255648.556,162.0,2306.95,1442.0,1589.0,165.0,44758.757,3076.342,14938.0,4.86,16454.177511746155,10.426723305657463
1200435,Santa Rosa do Purus,12,AC,Acre,Norte,7143.0,108545.109,98.0,2493.73,573.0,626.0,100.0,19074.094,6155.858,6723.0,1.09,15196.011339773204,13.719725605487891
1200450,Senador Guiomard,12,AC,Acre,Norte,22352.0,779671.689,501.0,2379.72,3162.0,3656.0,518.0,98535.78,2320.169,21454.0,9.25,34881.51794022906,22.41410164638511
1200500,Sena Madureira,12,AC,Acre,Norte,43916.0,748094.167,958.0,2427.92,3268.0,4260.0,991.0,109987.465,23759.512,41343.0,1.74,17034.660875307403,21.814372893706167
1200609,Tarauacá,12,AC,Acre,Norte,46517.0,711884.414,777.0,3291.0,2390.0,3227.0,814.0,109567.265,20169.485,43467.0,2.16,15303.747318184749,16.70357073757981
1200708,Xapuri,12,AC,Acre,Norte,19090.0,454980.626,357.0,2899.46,1245.0,1563.0,370.0,47674.51,5350.586,18243.0,3.41,23833.453431115766,18.700890518596122
1200807,Porto Acre,12,AC,Acre,Norte,17455.0,471314.639,241.0,1718.05,1128.0,1349.0,253.0,27763.263,2604.417,16693.0,6.41,27001.69802348897,13.80693211114294
1300029,Alvarães,13,AM,Amazonas,Norte,16670.0,217332.509,212.0,2170.23,1869.0,2030.0,217.0,47290.979,5923.461,15866.0,2.68,13037.343071385723,12.71745650869826
1300060,Amaturá,13,AM,Amazonas,Norte,11411.0,118871.741,146.0,2690.64,556.0,647.0,158.0,30102.673,4754.109,10819.0,2.28,10417.293926912627,12.794671807904653
1300086,Anamã,13,AM,Amazonas,Norte,10318.0,138599.397,139.0,1889.66,629.0,720.0,144.0,15724.467,2446.121,9962.0,4.07,13432.777379337082,13.47160302384183
1300102,Anori,13,AM,Amazonas,Norte,17932.0,248435.25,267.0,2784.56,1100.0,1324.0,276.0,39235.727,6036.38,17194.0,2.85,13854.296787865269,14.889582868614767
1300144,Apuí,13,AM,Amazonas,Norte,21735.0,297810.086,550.0,2740.22,1229.0,1737.0,562.0,40898.978,54240.545,20647.0,0.38,13701.86731078905,25.304807913503566
1300201,Atalaia do Norte,13,AM,Amazonas,Norte,15892.0,184947.271,159.0,2346.84,1997.0,2104.0,165.0,59358.107,76507.617,15314.0,0.2,11637.759312861817,10.005033979360684
1300300,Autazes,13,AM,Amazonas,Norte,45328.0,506340.588,614.0,2322.7,3703.0,4274.0,660.0,101625.676,7652.852,41564.0,5.43,11170.591863748676,13.545711260148252
1300409,Barcelos,13,AM,Amazonas,Norte,18626.0,245621.569,309.0,2055.62,1010.0,1308.0,329.0,27033.814,122461.086,18834.0,0.15,13187.027220015032,16.58971330398368
1300508,Barreirinha,13,AM,Amazonas,Norte,33436.0,344889.507,452.0,2564.53,3607.0,3991.0,478.0,102060.471,5751.765,31051.0,5.4,10314.915270965426,13.518363440602943
1300607,Benjamin Constant,13,AM,Amazonas,Norte,40509.0,388780.899,439.0,2960.79,3044.0,3423.0,466.0,112527.068,8705.441,37648.0,4.32,9597.395615789084,10.837097928855316
1300631,Beruri,13,AM,Amazonas,Norte,22136.0,211871.211,270.0,2239.2,1366.0,1574.0,284.0,41188.017,17472.779,20718.0,1.19,9571.341299241056,12.197325623418866
1300680,Boa Vista do Ramos,13,AM,Amazonas,Norte,25769.0,182412.101,247.0,2090.8,2295.0,2481.0,249.0,58339.205,2589.407,23785.0,9.19,7078.741937987505,9.58516046412356
1300706,Boca do Acre,13,AM,Amazonas,Norte,38246.0,512795.578,707.0,1572.9,3099.0,3738.0,737.0,75344.775,21938.583,35447.0,1.62,13407.822465094388,18.485593264655126
1300805,Borba,13,AM,Amazonas,Norte,34879.0,402130.676,405.0,1861.92,3810.0,4179.0,425.0,90984.55,44236.184,33080.0,0.75,11529.306344791996,11.61157143266722
1300839,Caapiranga,13,AM,Amazonas,Norte,14310.0,177894.147,164.0,1829.88,1633.0,1739.0,169.0,37826.667,9455.539,13469.0,1.42,12431.456813417191,11.46051712089448
1300904,Canutama,13,AM,Amazonas,Norte,17885.0,154316.147,277.0,1810.2,1675.0,1896.0,283.0,36886.665,33642.732,16869.0,0.5,8628.244171093094,15.487838971204921
1301001,Carauari,13,AM,Amazonas,Norte,30892.0,370663.056,477.0,2317.65,1642.0,2080.0,504.0,52517.409,25778.658,28742.0,1.11,11998.674608312831,15.440890845526349
1301100,Careiro,13,AM,Amazonas,Norte,32442.0,395194.093,528.0,1680.89,3836.0,4332.0,555.0,81846.653,6096.212,30792.0,5.05,12181.557641329142,16.275198816349178
1301159,Careiro da Várzea,13,AM,Amazonas,Norte,19809.0,413374.145,180.0,2042.67,1481.0,1634.0,184.0,39184.441,2627.474,19637.0,7.47,20867.996617699027,9.086778736937756
1301209,Coari,13,AM,Amazonas,Norte,73820.0,3380325.284,1282.0,3346.51,9515.0,10737.0,1358.0,403282.066,57970.768,70616.0,1.22,45791.456028176646,17.36656732592793
1301308,Codajás,13,AM,Amazonas,Norte,24451.0,531995.467,282.0,2500.49,1722.0,1949.0,294.0,53305.29,18700.713,23549.0,1.26,21757.615925729006,11.53327062287841
1301407,Eirunepé,13,AM,Amazonas,Norte,35534.0,568036.066,486.0,2495.47,1898.0,2329.0,509.0,64780.361,14966.242,33170.0,2.22,15985.70569032476,13.677041706534586
1301506,Envira,13,AM,Amazonas,Norte,17920.0,215526.707,208.0,2203.79,1372.0,1550.0,217.0,34677.998,7505.794,17186.0,2.29,12027.159988839287,11.607142857142858
1301605,Fonte Boa,13,AM,Amazonas,Norte,27875.0,222773.426,333.0,2052.51,2998.0,3278.0,342.0,77960.47,12155.427,25871.0,2.13,7991.8717847533635,11.946188340807174
1301654,Guajará,13,AM,Amazonas,Norte,14332.0,177320.17,162.0,1580.11,613.0,737.0,166.0,12753.112,7583.534,13815.0,1.82,12372.325565168852,11.303377058331009
1301704,Humaitá,13,AM,Amazonas,Norte,62312.0,860167.548,1664.0,2871.27,3693.0,5290.0,1726.0,167181.513,33111.129,57473.0,1.74,13804.203813069713,26.704326614456285
1301803,Ipixuna,13,AM,Amazonas,Norte,25458.0,216518.72,157.0,1745.71,530.0,688.0,160.0,12050.16,12109.779,24311.0,2.01,8504.938329798098,6.167020190117055
1301852,Iranduba,13,AM,Amazonas,Norte,67114.0,1001862.277,1449.0,2682.4,6984.0,8640.0,1493.0,228830.44,2216.817,61163.0,27.59,14927.768826176356,21.590130226182314
1301902,Itacoatiara,13,AM,Amazonas,Norte,112520.0,2350463.023,2533.0,1700.29,10001.0,12542.0,2636.0,223110.757,8891.906,103598.0,11.65,20889.290997156062,22.511553501599717
1301951,Itamarati,13,AM,Amazonas,Norte,11730.0,135619.961,169.0,1595.0,1037.0,1172.0,172.0,21012.7,25260.429,10937.0,0.43,11561.804006820119,14.407502131287298
1302009,Itapiranga,13,AM,Amazonas,Norte,10805.0,152509.179,261.0,2487.77,784.0,973.0,273.0,28354.015,4335.075,10162.0,2.34,14114.685701064322,24.155483572420177
1302108,Japurá,13,AM,Amazonas,Norte,9397.0,85808.931,194.0,2165.13,1537.0,1675.0,200.0,39438.591,55827.203,8858.0,0.16,9131.523997020326,20.64488666595722
1302207,Juruá,13,AM,Amazonas,Norte,11152.0,138073.554,180.0,1331.94,1354.0,1483.0,196.0,23214.23,19442.548,10742.0,0.55,12381.05756814921,16.140602582496413
1302306,Jutaí,13,AM,Amazonas,Norte,27656.0,266376.707,345.0,1771.21,1259.0,1542.0,355.0,28956.031,69457.415,25172.0,0.36,9631.787207115996,12.474689036737056
1302405,Lábrea,13,AM,Amazonas,Norte,48927.0,625197.781,661.0,2785.98,2468.0,3065.0,686.0,85451.794,68262.68,45448.0,0.67,12778.175261103277,13.509922946430397
1302504,Manacapuru,13,AM,Amazonas,Norte,110691.0,1544675.041,2554.0,2117.28,9511.0,12074.0,2666.0,292485.499,7336.579,101883.0,13.89,13954.838613798773,23.07323992013804
1302553,Manaquiri,13,AM,Amazonas,Norte,17009.0,311334.942,242.0,2707.19,1008.0,1190.0,254.0,47169.058,3973.258,17107.0,4.31,18304.12969604327,14.227761773178905
1302603,Manaus,13,AM,Amazonas,Norte,2279686.0,103281399.993,77108.0,3937.71,599717.0,692491.0,84572.0,30430052.422,11401.092,2063689.0,181.01,45305.099032498336,33.82395645716121
1302702,Manicoré,13,AM,Amazonas,Norte,57758.0,686279.179,1017.0,2063.21,5157.0,6152.0,1068.0,134726.502,48315.038,53914.0,1.12,11881.976159146785,17.607950413795493
1302801,Maraã,13,AM,Amazonas,Norte,15843.0,176217.181,183.0,810.66,1653.0,1795.0,187.0,17147.587,16830.827,15529.0,0.92,11122.715457930948,11.550842643438742
1302900,Maués,13,AM,Amazonas,Norte,65714.0,595826.343,869.0,1883.46,3357.0,4199.0,911.0,84068.309,39991.066,61204.0,1.53,9066.96203244362,13.223970539002345
1303007,Nhamundá,13,AM,Amazonas,Norte,21106.0,207005.201,260.0,1998.1,1732.0,1922.0,276.0,47464.935,14107.04,20136.0,1.43,9807.88406140434,12.318771913200038
1303106,Nova Olinda do Norte,13,AM,Amazonas,Norte,28267.0,341652.222,345.0,1986.25,2443.0,2742.0,358.0,71031.505,5578.132,27062.0,4.85,12086.610606007005,12.205044751830757
1303205,Novo Airão,13,AM,Amazonas,Norte,16467.0,186533.353,389.0,2415.42,2029.0,2400.0,398.0,63540.293,37776.77,15761.0,0.42,11327.707111192081,23.62300358292342
1303304,Novo Aripuanã,13,AM,Amazonas,Norte,24987.0,252421.954,357.0,2213.67,1645.0,1949.0,365.0,45375.009,41179.656,23818.0,0.58,10102.131268259494,14.287429463320928
1303403,Parintins,13,AM,Amazonas,Norte,101956.0,1426971.581,2104.0,2163.64,8872.0,11097.0,2239.0,264362.583,5956.047,96372.0,16.18,13995.954931539096,20.636352936560872
1303502,Pauini,13,AM,Amazonas,Norte,20232.0,199541.324,206.0,2081.41,1458.0,1623.0,212.0,45343.994,41624.664,19373.0,0.47,9862.659351522341,10.18189007512851
1303536,Presidente Figueiredo,13,AM,Amazonas,Norte,33004.0,1031905.063,883.0,4032.29,4813.0,5691.0,923.0,324978.605,25459.099,30668.0,1.2,31266.06056841595,26.75433280814447
1303569,Rio Preto da Eva,13,AM,Amazonas,Norte,25723.0,407145.836,653.0,2388.95,2209.0,2854.0,668.0,70730.44,5815.622,24936.0,4.29,15828.085215565836,25.385841464836915
1303601,Santa Isabel do Rio Negro,13,AM,Amazonas,Norte,14176.0,185816.959,160.0,1545.11,1280.0,1391.0,169.0,25669.987,62800.078,14164.0,0.23,13107.85545993228,11.286681715575622
1303700,Santo Antônio do Içá,13,AM,Amazonas,Norte,30448.0,237314.012,254.0,1376.17,2674.0,2863.0,281.0,47268.869,12366.214,28211.0,2.28,7794.075538623227,8.342091434576982
1303809,São Gabriel da Cachoeira,13,AM,Amazonas,Norte,56406.0,423054.82,589.0,1493.39,2615.0,3171.0,632.0,51303.764,109192.562,51795.0,0.47,7500.174094954437,10.44215154416197
1303908,São Paulo de Olivença,13,AM,Amazonas,Norte,35196.0,334131.304,257.0,2791.38,2755.0,2974.0,275.0,93937.884,19658.502,32967.0,1.68,9493.445391521764,7.301966132515059
1303957,São Sebastião do Uatumã,13,AM,Amazonas,Norte,12247.0,136609.077,186.0,2172.48,743.0,880.0,192.0,20187.829,10647.463,11670.0,1.1,11154.493100351106,15.187392830897362
1304005,Silves,13,AM,Amazonas,Norte,12404.0,175041.607,240.0,4568.36,1155.0,1326.0,247.0,68454.89,3723.382,11559.0,3.1,14111.70646565624,19.348597226701063
1304062,Tabatinga,13,AM,Amazonas,Norte,72283.0,758034.734,1032.0,1906.61,6413.0,7412.0,1106.0,156828.379,3260.103,66764.0,20.48,10487.04029993221,14.277215942891136
1304104,Tapauá,13,AM,Amazonas,Norte,20501.0,239943.811,230.0,1745.34,2032.0,2227.0,240.0,46143.319,84946.035,19599.0,0.23,11704.005219257597,11.218964928540071
1304203,Tefé,13,AM,Amazonas,Norte,79278.0,1098391.851,1620.0,1643.54,10808.0,12390.0,1699.0,220378.439,23692.223,73669.0,3.11,13854.938961628699,20.434420646333155
1304237,Tonantins,13,AM,Amazonas,Norte,20224.0,185410.261,220.0,906.73,2731.0,2901.0,229.0,30835.249,6446.894,19247.0,2.99,9167.833316851265,10.878164556962027
1304260,Uarini,13,AM,Amazonas,Norte,15278.0,229208.979,219.0,1622.25,675.0,823.0,224.0,14293.243,10274.677,14431.0,1.4,15002.551315617227,14.334336955098834
1304302,Urucará,13,AM,Amazonas,Norte,19505.0,205655.739,373.0,2091.3,1152.0,1468.0,381.0,38089.883,27901.962,18631.0,0.67,10543.74462958216,19.123301717508333
1304401,Urucurituba,13,AM,Amazonas,Norte,25592.0,232660.624,272.0,1831.68,1771.0,1987.0,280.0,37751.953,2886.494,23945.0,8.3,9091.146608315099,10.628321350422008
1400027,Amajari,14,RR,Roraima,Norte,15583.0,240826.098,130.0,2263.39,793.0,896.0,135.0,22103.683,28473.45,13927.0,0.49,15454.411730732209,8.34242443688635
1400050,Alto Alegre,14,RR,Roraima,Norte,23049.0,385506.664,223.0,1982.52,1131.0,1301.0,230.0,28835.917,25454.297,21096.0,0.83,16725.52666059265,9.675040131892922
1400100,Boa Vista,14,RR,Roraima,Norte,470169.0,13493364.054,15108.0,3916.31,126285.0,144015.0,16476.0,6426132.428,5687.037,413486.0,72.71,28698.965805912343,32.13312659915903
1400159,Bonfim,14,RR,Roraima,Norte,15222.0,522405.211,261.0,3002.98,1275.0,1514.0,267.0,47268.085,8079.914,13923.0,1.72,34319.09151228485,17.14623571147024
1400175,Cantá,14,RR,Roraima,Norte,20552.0,353071.266,359.0,2547.0,1584.0,1917.0,368.0,53993.394,7664.831,18682.0,2.44,17179.41154145582,17.467886337096147
1400209,Caracaraí,14,RR,Roraima,Norte,22443.0,453297.537,416.0,2145.85,1565.0,1975.0,435.0,47054.567,47379.903,20957.0,0.44,20197.724769415854,18.53584636635031
1400233,Caroebe,14,RR,Roraima,Norte,11708.0,236787.802,208.0,2365.9,659.0,841.0,212.0,24805.235,12065.896,10656.0,0.88,20224.4449948753,17.76563033823027
1400282,Iracema,14,RR,Roraima,Norte,10778.0,208476.682,165.0,2164.67,982.0,1122.0,169.0,34477.925,14011.695,10023.0,0.72,19342.79847838189,15.308962701799963
1400308,Mucajaí,14,RR,Roraima,Norte,19619.0,393852.028,345.0,2662.92,1424.0,1745.0,358.0,50029.163,12337.851,18095.0,1.47,20075.030735511493,17.584994138335286
1400407,Normandia,14,RR,Roraima,Norte,15744.0,202859.421,106.0,1340.48,1655.0,1726.0,108.0,30922.626,6959.868,13986.0,2.01,12884.871760670732,6.732723577235773
1400456,Pacaraima,14,RR,Roraima,Norte,22104.0,329091.961,346.0,1936.7,1933.0,2235.0,369.0,46980.19,8025.045,19305.0,2.41,14888.344236337314,15.653275425262397
1400472,Rorainópolis,14,RR,Roraima,Norte,36747.0,732355.771,867.0,2005.17,4174.0,5014.0,898.0,113847.022,33579.739,32647.0,0.97,19929.675102729474,23.593762756143356
1400506,São João da Baliza,14,RR,Roraima,Norte,9727.0,327768.1,223.0,2094.22,1285.0,1449.0,229.0,39798.633,4284.505,8858.0,2.07,33696.730749460265,22.925876426441864
1400605,São Luiz do Anauá,14,RR,Roraima,Norte,7777.0,178971.582,201.0,2210.51,606.0,770.0,201.0,22436.448,1526.898,7315.0,4.79,23012.933264755047,25.845441687025847
1400704,Uiramutã,14,RR,Roraima,Norte,15571.0,143945.313,95.0,2304.84,697.0,754.0,96.0,20118.64,8113.598,13751.0,1.69,9244.44884721598,6.101085350972962
1500107,Abaetetuba,15,PA,Pará,Norte,170999.0,1947974.167,2635.0,2548.93,15767.0,18658.0,2775.0,513244.837,1610.654,158188.0,98.21,11391.728413616454,15.409446838870402
1500131,Abel Figueiredo,15,PA,Pará,Norte,6302.0,105404.256,149.0,2657.52,758.0,880.0,151.0,27447.509,614.131,6136.0,9.99,16725.52459536655,23.643287845128533
1500206,Acará,15,PA,Pará,Norte,62701.0,1432520.752,585.0,3084.4,6143.0,6716.0,595.0,239944.124,4344.384,59023.0,13.59,22846.856541362977,9.329994736926047
1500305,Afuá,15,PA,Pará,Norte,40246.0,443759.447,276.0,3250.97,2817.0,3056.0,285.0,117459.478,8338.438,37765.0,4.53,11026.175197535158,6.857824380062615
1500347,Água Azul do Norte,15,PA,Pará,Norte,17960.0,642852.642,409.0,3556.56,3669.0,4061.0,418.0,179264.735,7113.955,18080.0,2.54,35793.57694877506,22.7728285077951
1500404,Alenquer,15,PA,Pará,Norte,74836.0,744810.674,793.0,3164.08,3697.0,4454.0,817.0,147928.25,23645.452,69377.0,2.93,9952.57194398418,10.596504356192208
1500503,Almeirim,15,PA,Pará,Norte,36334.0,687773.094,792.0,3104.36,5368.0,6138.0,846.0,212935.461,72954.798,34280.0,0.47,18929.18737270876,21.797765178620576
1500602,Altamira,15,PA,Pará,Norte,136982.0,3118776.506,4480.0,3034.95,20783.0,25765.0,4676.0,827359.61,159533.306,126279.0,0.79,22767.783402198827,32.70502693784585
1500701,Anajás,15,PA,Pará,Norte,30003.0,258574.161,348.0,3096.28,3011.0,3334.0,362.0,110847.351,6913.64,28011.0,4.05,8618.276872312768,11.5988401159884
1500800,Ananindeua,15,PA,Pará,Norte,507838.0,8937579.161,12501.0,2608.94,81183.0,95104.0,13160.0,2756830.091,190.581,478778.0,2512.2,17599.27213205786,24.616117738333877
1500859,Anapu,15,PA,Pará,Norte,34947.0,587646.637,829.0,2738.48,2894.0,3708.0,838.0,108048.984,11895.27,31850.0,2.68,16815.367184593815,23.721635619652616
1500909,Augusto Corrêa,15,PA,Pará,Norte,47596.0,363264.865,373.0,2339.54,4037.0,4389.0,378.0,120657.744,1099.619,44573.0,40.53,7632.256176989663,7.836793007815783
1500958,Aurora do Pará,15,PA,Pará,Norte,24321.0,308260.187,282.0,2808.99,1708.0,1965.0,285.0,63609.006,1811.84,23774.0,13.12,12674.651001192386,11.594917972122857
1501006,Aveiro,15,PA,Pará,Norte,19223.0,151776.231,177.0,2692.62,1083.0,1231.0,182.0,43247.232,17074.053,18290.0,1.07,7895.553815741559,9.207719918847214
1501105,Bagre,15,PA,Pará,Norte,34633.0,250289.533,208.0,1772.69,747.0,928.0,212.0,17380.052,4397.321,31892.0,7.25,7226.908815291774,6.005832587416625
1501204,Baião,15,PA,Pará,Norte,55949.0,561718.716,439.0,2985.75,2824.0,3230.0,448.0,106100.339,3759.834,51641.0,13.73,10039.834778101485,7.846431571609859
1501253,Bannach,15,PA,Pará,Norte,4252.0,128925.331,121.0,2613.01,530.0,626.0,123.0,17733.893,2956.649,4031.0,1.36,30321.103245531514,28.45719661335842
1501303,Barcarena,15,PA,Pará,Norte,137331.0,9242378.136,3231.0,3531.59,35311.0,38633.0,3379.0,1636781.208,1310.338,126650.0,96.65,67300.01336915919,23.527098761386725
1501402,Belém,15,PA,Pará,Norte,1398531.0,33567694.796,44211.0,4479.91,439013.0,495443.0,47969.0,25281015.317,1059.466,1303403.0,1230.25,24002.10992534309,31.61245621298348
1501451,Belterra,15,PA,Pará,Norte,18954.0,236957.565,330.0,2440.36,2022.0,2366.0,338.0,63491.586,4398.418,18099.0,4.11,12501.718106995884,17.41057296612852
1501501,Benevides,15,PA,Pará,Norte,68191.0,1986151.576,1736.0,2642.13,16224.0,18017.0,1813.0,551020.69,187.826,63567.0,338.44,29126.300772829258,25.45790500212638
1501576,Bom Jesus do Tocantins,15,PA,Pará,Norte,18958.0,243654.131,346.0,2748.52,1753.0,2084.0,349.0,62716.718,2816.604,18005.0,6.39,12852.31200548581,18.250870344973098
1501600,Bonito,15,PA,Pará,Norte,12998.0,206570.498,144.0,1816.4,1288.0,1404.0,148.0,30162.875,586.976,12622.0,21.5,15892.483305123866,11.078627481150946
1501709,Bragança,15,PA,Pará,Norte,131679.0,1388410.604,1835.0,2665.16,11934.0,13862.0,1935.0,407534.311,2124.734,123082.0,57.93,10543.903006553817,13.935403519164028
1501725,Brasil Novo,15,PA,Pará,Norte,26606.0,379575.301,449.0,1785.23,2006.0,2443.0,453.0,45709.664,6362.575,24718.0,3.88,14266.530143576636,16.875892655791926
1501758,Brejo Grande do Araguaia,15,PA,Pará,Norte,6985.0,114973.901,171.0,2264.54,713.0,847.0,172.0,21180.19,1288.477,6783.0,5.26,16460.114674302076,24.481030780243376
1501782,Breu Branco,15,PA,Pará,Norte,47351.0,793767.522,741.0,3550.19,3645.0,4382.0,758.0,181051.998,3941.904,45712.0,11.6,16763.479588604252,15.649088720407173
1501808,Breves,15,PA,Pará,Norte,115051.0,892629.519,1494.0,2372.76,10603.0,12166.0,1531.0,319957.995,9566.572,106968.0,11.18,7758.555066883382,12.985545540673266
1501907,Bujaru,15,PA,Pará,Norte,25112.0,536455.711,258.0,2857.08,1429.0,1648.0,267.0,66888.297,994.691,24383.0,24.51,21362.524330997134,10.273972602739725
1501956,Cachoeira do Piriá,15,PA,Pará,Norte,19578.0,227354.188,229.0,2399.14,1741.0,1968.0,232.0,53877.346,2419.6,19630.0,8.11,11612.738175503117,11.69680253345592
1502004,Cachoeira do Arari,15,PA,Pará,Norte,25243.0,255900.891,224.0,2331.97,1803.0,1983.0,229.0,55654.21,3100.261,23981.0,7.74,10137.49914827873,8.873747177435328
1502103,Cametá,15,PA,Pará,Norte,143837.0,1392448.604,1433.0,3593.41,8589.0,10117.0,1489.0,397364.67,3081.367,134184.0,43.55,9680.740032119691,9.962666073402533
1502152,Canaã dos Carajás,15,PA,Pará,Norte,86629.0,34987915.115,3671.0,4571.74,34724.0,38806.0,3761.0,2001757.218,3146.821,77079.0,24.49,403882.246303201,42.37610961687195
1502202,Capanema,15,PA,Pará,Norte,74808.0,1426639.092,2114.0,2366.31,9934.0,12206.0,2190.0,311700.989,621.483,70394.0,113.27,19070.675489252488,28.25900973157951
1502301,Capitão Poço,15,PA,Pará,Norte,59960.0,615256.053,2007.0,1623.74,6472.0,8514.0,2031.0,132580.287,2901.026,56506.0,19.48,10261.10828885924,33.47231487658439
1502400,Castanhal,15,PA,Pará,Norte,207603.0,4707380.586,6723.0,2323.41,43276.0,51061.0,6998.0,1261531.91,1029.3,192256.0,186.78,22674.915998323722,32.38392508778775
1502509,Chaves,15,PA,Pará,Norte,21487.0,247974.064,128.0,2002.43,2840.0,2960.0,135.0,69101.342,12534.995,20757.0,1.66,11540.655466095779,5.957090333690138
1502608,Colares,15,PA,Pará,Norte,13526.0,100826.097,180.0,2467.25,1018.0,1151.0,181.0,31905.827,384.068,12868.0,33.5,7454.24345704569,13.307703681798017
1502707,Conceição do Araguaia,15,PA,Pará,Norte,47099.0,662414.901,1408.0,2628.55,5941.0,7696.0,1462.0,204976.659,5829.482,44617.0,7.65,14064.309242234442,29.894477589757745
1502756,Concórdia do Pará,15,PA,Pará,Norte,28287.0,419794.953,524.0,2659.1,4618.0,5101.0,528.0,157244.466,700.59,26881.0,38.37,14840.56114116025,18.524410506593135
1502764,Cumaru do Norte,15,PA,Pará,Norte,14937.0,406772.444,312.0,3139.49,1409.0,1699.0,320.0,57977.344,17085.001,14036.0,0.82,27232.53959965187,20.887728459530027
1502772,Curionópolis,15,PA,Pará,Norte,20859.0,3666990.538,576.0,3514.09,3653.0,4218.0,585.0,168058.723,2369.096,19950.0,8.42,175798.96150342777,27.613979577160936
1502806,Curralinho,15,PA,Pará,Norte,36451.0,282041.976,266.0,3563.85,2704.0,2920.0,270.0,121916.137,3617.252,33903.0,9.37,7737.564840470769,7.297467833529944
1502855,Curuá,15,PA,Pará,Norte,14834.0,149513.604,170.0,2716.54,1153.0,1280.0,172.0,41655.418,1431.134,14117.0,9.86,10079.11581501955,11.460159093973305
1502905,Curuçá,15,PA,Pará,Norte,44413.0,369391.284,513.0,2607.6,4035.0,4571.0,529.0,132765.285,676.322,41262.0,61.01,8317.18830072276,11.550672100511111
1502939,Dom Eliseu,15,PA,Pará,Norte,62322.0,940079.607,1409.0,2622.16,6517.0,7938.0,1436.0,223821.01,5268.809,58484.0,11.1,15084.23360931934,22.608388690991944
1502954,Eldorado do Carajás,15,PA,Pará,Norte,29425.0,555637.462,681.0,2369.84,2965.0,3646.0,691.0,89512.802,2956.691,28192.0,9.53,18883.176278674597,23.14358538657604
1503002,Faro,15,PA,Pará,Norte,9125.0,76574.244,119.0,2075.96,1078.0,1165.0,127.0,41150.15,11771.669,8728.0,0.74,8391.69797260274,13.04109589041096
1503044,Floresta do Araguaia,15,PA,Pará,Norte,18565.0,602376.996,486.0,2456.32,2031.0,2524.0,493.0,64119.224,3444.285,17898.0,5.2,32446.91602477781,26.17829248586049
1503077,Garrafão do Norte,15,PA,Pará,Norte,25552.0,275694.422,341.0,2172.84,2913.0,3218.0,344.0,83898.85,1608.014,24703.0,15.36,10789.543753913587,13.34533500313087
1503093,Goianésia do Pará,15,PA,Pará,Norte,27059.0,506230.454,673.0,2828.43,3282.0,3917.0,690.0,120016.454,7023.948,26362.0,3.75,18708.39476699065,24.871576924498317
1503101,Gurupá,15,PA,Pará,Norte,33922.0,333716.018,455.0,2217.72,4823.0,5262.0,460.0,133509.524,8570.286,31786.0,3.71,9837.745946583338,13.41312422616591
1503200,Igarapé-Açu,15,PA,Pará,Norte,37855.0,415580.559,640.0,2286.89,2674.0,3336.0,665.0,90820.863,785.983,35797.0,45.54,10978.221080438516,16.906617355699378
1503309,Igarapé-Miri,15,PA,Pará,Norte,68955.0,690510.317,955.0,3291.56,4384.0,5368.0,973.0,180611.407,1996.79,64831.0,32.47,10013.92672032485,13.849612065840041
1503408,Inhangapi,15,PA,Pará,Norte,10754.0,174530.051,158.0,2125.05,837.0,971.0,159.0,21319.565,472.605,10325.0,21.85,16229.314766598474,14.692207550678818
1503457,Ipixuna do Pará,15,PA,Pará,Norte,30158.0,624646.287,512.0,2717.19,4651.0,5175.0,519.0,161083.069,5215.555,30329.0,5.82,20712.457291597588,16.977253133496916
1503507,Irituia,15,PA,Pará,Norte,32698.0,277699.44,293.0,2432.47,2406.0,2683.0,299.0,75955.776,1385.209,30955.0,22.35,8492.8570554774,8.960792709034191
1503606,Itaituba,15,PA,Pará,Norte,133684.0,3077344.492,4874.0,3286.28,19521.0,24819.0,5086.0,851886.379,62042.472,123314.0,1.99,23019.54229376739,36.459112534035484
1503705,Itupiranga,15,PA,Pará,Norte,52187.0,841409.974,749.0,2769.55,3917.0,4666.0,757.0,167691.235,7880.109,49754.0,6.31,16122.98032076954,14.352233314810201
1503754,Jacareacanga,15,PA,Pará,Norte,26006.0,625352.949,436.0,3648.09,2013.0,2440.0,444.0,94458.569,53304.563,24042.0,0.45,24046.487310620625,16.76536183957548
1503804,Jacundá,15,PA,Pará,Norte,38391.0,615188.901,921.0,2783.62,4462.0,5469.0,933.0,159365.823,2008.315,37707.0,18.78,16024.299992185668,23.989997655700556
1503903,Juruti,15,PA,Pará,Norte,53952.0,1450845.915,829.0,4230.59,9928.0,10735.0,864.0,513693.733,8305.454,50881.0,6.13,26891.420429270464,15.365510083036774
1504000,Limoeiro do Ajuru,15,PA,Pará,Norte,31778.0,502725.016,248.0,2983.71,2128.0,2355.0,253.0,79309.787,1490.186,29569.0,19.84,15819.907357291208,7.80414122978161
1504059,Mãe do Rio,15,PA,Pará,Norte,37048.0,339947.445,857.0,2815.87,3383.0,4250.0,871.0,122300.014,469.341,34353.0,73.19,9175.864958972144,23.13215288274671
1504109,Magalhães Barata,15,PA,Pará,Norte,8428.0,98319.177,98.0,1660.53,1082.0,1131.0,99.0,22892.314,323.984,8115.0,25.05,11665.778001898434,11.627906976744185
1504208,Marabá,15,PA,Pará,Norte,288513.0,13519525.064,10554.0,3535.02,63413.0,75379.0,11177.0,2877155.695,15128.058,266533.0,17.62,46859.327184563605,36.58067400775702
1504307,Maracanã,15,PA,Pará,Norte,27207.0,289581.585,243.0,2164.7,2911.0,3152.0,248.0,106924.85,807.628,25971.0,32.16,10643.642628735251,8.931524975190207
1504406,Marapanim,15,PA,Pará,Norte,28105.0,263294.257,377.0,1838.75,2238.0,2583.0,382.0,53128.392,804.625,26573.0,33.03,9368.235438534068,13.413983276996975
1504422,Marituba,15,PA,Pará,Norte,118998.0,2577121.099,2346.0,2881.81,21193.0,23650.0,2411.0,775296.917,103.214,111785.0,1083.04,21656.84380409755,19.714617052387435
1504455,Medicilândia,15,PA,Pará,Norte,28633.0,1023645.322,479.0,2593.92,2275.0,2773.0,488.0,76947.118,8272.629,27094.0,3.28,35750.543848007546,16.72894911465791
1504505,Melgaço,15,PA,Pará,Norte,29846.0,216421.144,219.0,2574.91,3116.0,3276.0,220.0,102113.9,6774.065,27881.0,4.12,7251.261274542652,7.337666689003552
1504604,Mocajuba,15,PA,Pará,Norte,28821.0,451565.778,470.0,3359.29,2276.0,2709.0,479.0,101368.595,871.171,27198.0,31.22,15667.942750078068,16.307553520002777
1504703,Moju,15,PA,Pará,Norte,90795.0,1333106.903,1152.0,2492.48,10811.0,12009.0,1181.0,359052.255,9094.139,84094.0,9.25,14682.602599262074,12.687923343796463
1504752,Mojuí dos Campos,15,PA,Pará,Norte,25312.0,288392.855,346.0,2719.05,1748.0,2070.0,349.0,62233.185,4988.236,23501.0,4.71,11393.523032553729,13.669405815423515
1504802,Monte Alegre,15,PA,Pará,Norte,63641.0,806681.881,992.0,3313.81,3988.0,5009.0,1043.0,165113.54,18152.559,60012.0,3.31,12675.506057415816,15.587435772536573
1504901,Muaná,15,PA,Pará,Norte,48955.0,338389.601,352.0,2658.65,2588.0,2925.0,368.0,83028.047,3763.337,45368.0,12.06,6912.25821672965,7.19027678480237
1504950,Nova Esperança do Piriá,15,PA,Pará,Norte,21259.0,350592.895,240.0,2675.86,1589.0,1811.0,244.0,53208.263,2808.195,20478.0,7.29,16491.50453925396,11.289336281104474
1504976,Nova Ipixuna,15,PA,Pará,Norte,14417.0,192411.524,248.0,2871.95,1405.0,1639.0,250.0,49802.799,1564.184,13955.0,8.92,13346.15551085524,17.201914406603315
1505007,Nova Timboteua,15,PA,Pará,Norte,13204.0,147340.793,187.0,2029.59,1352.0,1503.0,192.0,35633.832,489.853,12806.0,26.14,11158.799833383822,14.162375037867314
1505031,Novo Progresso,15,PA,Pará,Norte,36518.0,971104.839,1751.0,2667.37,6013.0,7885.0,1792.0,203061.473,38162.002,33638.0,0.88,26592.497918834546,47.94895667889808
1505064,Novo Repartimento,15,PA,Pará,Norte,63754.0,1116164.368,1136.0,3161.88,4410.0,5647.0,1181.0,209818.594,15398.723,60732.0,3.94,17507.362173353828,17.818489820246572
1505106,Óbidos,15,PA,Pará,Norte,55271.0,965318.822,735.0,2417.72,6511.0,7258.0,772.0,200935.816,28011.041,52229.0,1.86,17465.195527491815,13.298112934450254
1505205,Oeiras do Pará,15,PA,Pará,Norte,36377.0,418633.997,307.0,3302.7,2551.0,2818.0,313.0,102578.083,3852.291,33844.0,8.79,11508.205651922919,8.439398521043517
1505304,Oriximiná,15,PA,Pará,Norte,72460.0,2277389.743,1136.0,4479.31,8456.0,9635.0,1207.0,513711.041,107613.838,68294.0,0.63,31429.61279326525,15.677615235992274
1505403,Ourém,15,PA,Pará,Norte,18675.0,200486.516,262.0,2363.37,1135.0,1379.0,266.0,34582.998,561.71,17855.0,31.79,10735.556412315931,14.029451137884871
1505437,Ourilândia do Norte,15,PA,Pará,Norte,34905.0,1301993.796,956.0,3663.46,5983.0,6949.0,965.0,287228.806,14410.567,32467.0,2.25,37301.06850021487,27.388626271307835
1505486,Pacajá,15,PA,Pará,Norte,43594.0,867035.786,786.0,2621.31,3303.0,4086.0,796.0,108799.86,11832.323,41097.0,3.47,19888.87888241501,18.03000412900858
1505494,Palestina do Pará,15,PA,Pará,Norte,7086.0,98673.251,144.0,2957.84,600.0,719.0,145.0,21946.794,984.362,6885.0,6.99,13925.098927462603,20.32176121930567
1505502,Paragominas,15,PA,Pará,Norte,112843.0,4279105.081,4103.0,3428.78,22924.0,27619.0,4295.0,1018344.245,19342.565,105550.0,5.46,37920.8730802974,36.360252740533305
1505536,Parauapebas,15,PA,Pará,Norte,298854.0,49756254.884,10627.0,4191.19,76429.0,88113.0,11056.0,4241582.612,6885.794,267836.0,38.9,166490.1754167587,35.55916936028964
1505551,Pau D'Arco,15,PA,Pará,Norte,7296.0,114746.375,258.0,2767.29,557.0,807.0,262.0,26728.574,1671.419,6931.0,4.15,15727.299205043859,35.36184210526316
1505601,Peixe-Boi,15,PA,Pará,Norte,8651.0,72240.226,129.0,2208.3,990.0,1096.0,129.0,29369.312,450.224,8285.0,18.4,8350.505837475437,14.911570916657034
1505635,Piçarra,15,PA,Pará,Norte,13341.0,292566.036,275.0,1711.73,1678.0,1932.0,281.0,44946.812,3312.708,12832.0,3.87,21929.843040251853,20.613147440221873
1505650,Placas,15,PA,Pará,Norte,18772.0,322977.381,358.0,3047.03,1663.0,2021.0,364.0,66094.437,7173.194,18668.0,2.6,17205.27279991477,19.07095674408694
1505700,Ponta de Pedras,15,PA,Pará,Norte,25767.0,274902.796,276.0,3173.5,951.0,1193.0,285.0,39262.474,3363.749,24984.0,7.43,10668.793262700354,10.7113750145535
1505809,Portel,15,PA,Pará,Norte,66898.0,944900.281,899.0,1924.99,8385.0,9269.0,925.0,199164.906,25384.96,62503.0,2.46,14124.492226972407,13.438368860055608
1505908,Porto de Moz,15,PA,Pará,Norte,43673.0,404115.12,459.0,2764.48,3452.0,3887.0,470.0,117504.963,17423.017,40597.0,2.33,9253.20266526229,10.509926041261192
1506005,Prainha,15,PA,Pará,Norte,38318.0,437646.749,397.0,2658.53,2741.0,3116.0,431.0,95733.176,14786.953,35577.0,2.41,11421.440289159142,10.360666005532648
1506104,Primavera,15,PA,Pará,Norte,11332.0,321570.1,188.0,2707.42,1246.0,1408.0,191.0,42881.892,258.6,10851.0,41.96,28377.17084362866,16.590187080833037
1506112,Quatipuru,15,PA,Pará,Norte,11870.0,120745.938,156.0,2481.04,796.0,910.0,157.0,25447.02,302.939,11524.0,38.04,10172.362089300757,13.142375737152484
1506138,Redenção,15,PA,Pará,Norte,91947.0,2551565.724,4217.0,2617.88,18445.0,23472.0,4360.0,663303.832,3823.809,85597.0,22.39,27750.39668504682,45.86337781548066
1506161,Rio Maria,15,PA,Pará,Norte,19129.0,601634.674,581.0,2418.58,3896.0,4533.0,592.0,121943.072,4114.627,18384.0,4.47,31451.44409012494,30.372732500392075
1506187,Rondon do Pará,15,PA,Pará,Norte,56593.0,733550.332,1033.0,3127.85,3765.0,4944.0,1048.0,159441.34,8246.394,53143.0,6.44,12961.8562719771,18.253140847808034
1506195,Rurópolis,15,PA,Pará,Norte,37360.0,496483.359,643.0,3018.18,2728.0,3351.0,668.0,110987.381,7021.321,35769.0,5.09,13289.169138115632,17.210920770877944
1506203,Salinópolis,15,PA,Pará,Norte,48168.0,641472.929,1317.0,2004.9,6089.0,7328.0,1377.0,150623.368,226.12,44772.0,198.0,13317.408424680285,27.341803687095165
1506302,Salvaterra,15,PA,Pará,Norte,25441.0,210114.535,376.0,1918.5,1886.0,2242.0,385.0,50467.137,918.563,24129.0,26.27,8258.89450100232,14.779293266774106
1506351,Santa Bárbara do Pará,15,PA,Pará,Norte,22288.0,240287.631,342.0,1852.94,2713.0,3089.0,348.0,64089.948,278.154,21087.0,75.81,10781.031541636756,15.344580043072506
1506401,Santa Cruz do Arari,15,PA,Pará,Norte,7654.0,95936.492,77.0,2162.82,968.0,1023.0,77.0,27199.197,1076.652,7445.0,6.91,12534.164097204077,10.060099294486543
1506500,Santa Izabel do Pará,15,PA,Pará,Norte,78317.0,934543.385,1468.0,2419.56,12677.0,14197.0,1517.0,388522.579,717.662,73019.0,101.75,11932.829206941022,18.74433392494605
1506559,Santa Luzia do Pará,15,PA,Pará,Norte,21217.0,195899.236,266.0,2350.51,1829.0,2086.0,269.0,55358.454,1346.502,20370.0,15.13,9233.126078144884,12.537116463213462
1506583,Santa Maria das Barreiras,15,PA,Pará,Norte,17079.0,1071990.172,575.0,2770.36,2671.0,3306.0,599.0,87660.772,10330.214,16548.0,1.6,62766.56548978278,33.667076526728735
1506609,Santa Maria do Pará,15,PA,Pará,Norte,25696.0,371437.368,651.0,2252.39,2656.0,3304.0,668.0,74293.359,457.724,24624.0,53.8,14455.065691158157,25.334682440846827
1506708,Santana do Araguaia,15,PA,Pará,Norte,31683.0,1381465.686,1356.0,2700.22,5472.0,6865.0,1389.0,192368.409,11591.441,32413.0,2.8,43602.74235394376,42.798977369567275
1506807,Santarém,15,PA,Pará,Norte,357311.0,6387633.873,11116.0,2887.72,50968.0,64200.0,11904.0,1895257.097,17898.389,331942.0,18.55,17876.958372398276,31.110153339807617
1506906,Santarém Novo,15,PA,Pará,Norte,6348.0,59960.721,97.0,2495.48,754.0,816.0,97.0,23654.242,229.51,6116.0,26.65,9445.608223062382,15.280403276622557
1507003,Santo Antônio do Tauá,15,PA,Pará,Norte,29134.0,475226.051,435.0,2154.87,3940.0,4362.0,448.0,108215.005,537.618,27461.0,51.08,16311.733747511498,14.931008443742707
1507102,São Caetano de Odivelas,15,PA,Pará,Norte,17248.0,182987.053,240.0,2833.25,1286.0,1479.0,243.0,51051.335,464.166,16666.0,35.91,10609.175150742116,13.91465677179963
1507151,São Domingos do Araguaia,15,PA,Pará,Norte,21638.0,358711.302,512.0,2245.7,2755.0,3271.0,520.0,79027.937,1392.464,21092.0,15.15,16577.840003697198,23.66207597744708
1507201,São Domingos do Capim,15,PA,Pará,Norte,32449.0,437999.797,339.0,2438.1,2291.0,2609.0,345.0,76220.881,1686.765,30599.0,18.14,13498.098462202224,10.447163240777837
1507300,São Félix do Xingu,15,PA,Pará,Norte,65957.0,2008369.434,1587.0,3520.41,6973.0,8745.0,1648.0,325248.023,84212.903,65418.0,0.78,30449.678335885503,24.061130736692085
1507409,São Francisco do Pará,15,PA,Pará,Norte,15418.0,264186.187,247.0,2684.7,952.0,1192.0,251.0,46200.301,479.441,14894.0,31.07,17134.919379945517,16.020236087689714
1507458,São Geraldo do Araguaia,15,PA,Pará,Norte,24978.0,710322.051,700.0,2805.85,3626.0,4327.0,718.0,132401.886,3168.384,24255.0,7.66,28437.907398510688,28.024661702298022
1507466,São João da Ponta,15,PA,Pará,Norte,4509.0,57325.545,87.0,2399.54,450.0,503.0,89.0,13957.787,195.918,4430.0,22.61,12713.582834331337,19.29474384564205
1507474,São João de Pirabas,15,PA,Pará,Norte,21447.0,181939.076,238.0,2024.9,1857.0,2052.0,247.0,48193.061,668.434,20689.0,30.95,8483.194665920642,11.097123140765607
1507508,São João do Araguaia,15,PA,Pará,Norte,14246.0,186694.929,171.0,2999.04,694.0,830.0,172.0,42122.074,1279.889,13664.0,10.68,13105.077144461604,12.003369366839815
1507607,São Miguel do Guamá,15,PA,Pará,Norte,55798.0,792510.061,1075.0,1961.83,8241.0,9385.0,1099.0,204853.587,1094.564,52894.0,48.32,14203.19834044231,19.26592350980322
1507706,São Sebastião da Boa Vista,15,PA,Pará,Norte,27441.0,244687.865,300.0,3138.33,1956.0,2244.0,310.0,76544.54,1632.251,25643.0,15.71,8916.871287489523,10.932546190007653
1507755,Sapucaia,15,PA,Pará,Norte,6160.0,141044.938,143.0,1718.01,422.0,529.0,147.0,10086.558,1298.19,5847.0,4.5,22896.90551948052,23.214285714285715
1507805,Senador José Porfírio,15,PA,Pará,Norte,24441.0,246021.658,304.0,2458.3,979.0,1251.0,308.0,39017.01,14419.916,22576.0,1.57,10065.940755288246,12.438116280021276
1507904,Soure,15,PA,Pará,Norte,25218.0,241544.508,455.0,2335.45,2118.0,2579.0,466.0,63135.7,2857.349,24204.0,8.47,9578.25791101594,18.042667935601553
1507953,Tailândia,15,PA,Pará,Norte,75526.0,1291016.866,1939.0,2176.53,13896.0,15983.0,1980.0,397708.279,4430.477,72493.0,16.36,17093.674575642824,25.673278076424015
1507961,Terra Alta,15,PA,Pará,Norte,10815.0,82918.903,157.0,2584.13,822.0,949.0,157.0,32743.391,204.97,10400.0,50.74,7667.0275543227,14.516874711049468
1507979,Terra Santa,15,PA,Pará,Norte,19667.0,519258.388,492.0,2823.49,1822.0,2285.0,510.0,70077.453,1895.883,18782.0,9.91,26402.52138099354,25.016525143641633
1508001,Tomé-Açu,15,PA,Pará,Norte,72326.0,1039720.854,1820.0,2475.0,11905.0,13846.0,1887.0,386288.564,5145.361,67585.0,13.14,14375.478444819291,25.163841495451152
1508035,Tracuateua,15,PA,Pará,Norte,30373.0,285003.521,241.0,2920.7,1878.0,2107.0,244.0,68783.338,868.025,28595.0,32.94,9383.449807394725,7.934678826589405
1508050,Trairão,15,PA,Pará,Norte,15619.0,327329.972,475.0,2990.07,1774.0,2247.0,487.0,69737.498,11991.085,15242.0,1.27,20957.165759651707,30.411678084384402
1508084,Tucumã,15,PA,Pará,Norte,42480.0,984036.367,1445.0,2799.46,7228.0,8824.0,1467.0,292918.689,2512.594,39550.0,15.74,23164.69790489642,34.016007532956685
1508100,Tucuruí,15,PA,Pará,Norte,96238.0,5612935.24,2264.0,2877.08,14353.0,16898.0,2361.0,527949.838,2084.289,91306.0,43.81,58323.48178474199,23.525010910451172
1508126,Ulianópolis,15,PA,Pará,Norte,39576.0,1995463.414,681.0,2671.88,5303.0,6026.0,694.0,187119.307,5088.468,37972.0,7.46,50421.048463715386,17.207398423286843
1508159,Uruará,15,PA,Pará,Norte,45939.0,774004.087,989.0,3070.38,3788.0,4773.0,1019.0,145484.376,10791.406,43558.0,4.04,16848.5184048412,21.528548727660592
1508209,Vigia,15,PA,Pará,Norte,53806.0,476446.733,806.0,2627.9,3229.0,4034.0,832.0,106694.631,401.589,50832.0,126.58,8854.899695201279,14.979742036204142
1508308,Viseu,15,PA,Pará,Norte,61970.0,617943.533,419.0,2005.47,5581.0,5951.0,438.0,142217.885,4972.897,58692.0,11.8,9971.656172341456,6.761336130385671
1508357,Vitória do Xingu,15,PA,Pará,Norte,16414.0,4230224.672,391.0,3520.78,5316.0,5664.0,403.0,214998.668,3089.537,15607.0,5.05,257720.52345558672,23.821128305105397
1508407,Xinguara,15,PA,Pará,Norte,56999.0,1604337.475,2314.0,2700.21,9008.0,11524.0,2365.0,363173.976,3779.348,52893.0,14.0,28146.765294127967,40.59720345970982
1600055,Serra do Navio,16,AP,Amapá,Norte,4986.0,92138.896,115.0,2578.6,640.0,709.0,116.0,25124.298,7713.046,4673.0,0.61,18479.521861211393,23.06458082631368
1600105,Amapá,16,AP,Amapá,Norte,8434.0,159527.756,154.0,1849.13,972.0,1070.0,160.0,22477.143,8454.847,7943.0,0.94,18914.839459331277,18.259426132321554
1600154,Pedra Branca do Amapari,16,AP,Amapá,Norte,13798.0,453332.697,264.0,3910.3,1160.0,1383.0,273.0,59793.303,9622.29,12847.0,1.34,32854.95702275692,19.133207711262504
1600204,Calçoene,16,AP,Amapá,Norte,11391.0,186851.738,342.0,1899.38,1583.0,1877.0,356.0,35110.451,14117.297,10612.0,0.75,16403.453428145025,30.023702923360545
1600212,Cutias,16,AP,Amapá,Norte,4725.0,94992.099,88.0,1955.85,426.0,471.0,92.0,11178.557,2179.114,4461.0,2.05,20104.147936507936,18.624338624338623
1600238,Ferreira Gomes,16,AP,Amapá,Norte,7145.0,578736.652,153.0,3580.2,1087.0,1199.0,158.0,47336.178,4973.855,6666.0,1.34,80998.83163051085,21.413575927221835
1600253,Itaubal,16,AP,Amapá,Norte,6043.0,87878.458,107.0,2548.61,642.0,718.0,110.0,20543.142,1622.867,5599.0,3.45,14542.190633791164,17.70643720006619
1600279,Laranjal do Jari,16,AP,Amapá,Norte,37969.0,1134544.13,932.0,3040.74,3787.0,4687.0,957.0,147103.749,30782.998,35114.0,1.14,29880.800916537177,24.546340435618532
1600303,Macapá,16,AP,Amapá,Norte,487200.0,12938091.016,16551.0,3920.25,134740.0,153910.0,17972.0,6560355.723,6563.849,442933.0,67.48,26556.01604269294,33.97167487684729
1600402,Mazagão,16,AP,Amapá,Norte,23575.0,374987.092,448.0,3210.28,1443.0,1866.0,459.0,73249.226,13294.778,21924.0,1.65,15906.133276776247,19.003181336161187
1600501,Oiapoque,16,AP,Amapá,Norte,30481.0,529042.62,1037.0,1806.83,3009.0,4020.0,1100.0,68888.358,23034.392,27482.0,1.19,17356.4719005282,34.02119353039598
1600535,Porto Grande,16,AP,Amapá,Norte,18988.0,374265.423,476.0,3051.16,2059.0,2502.0,487.0,95354.708,4428.013,17848.0,4.03,19710.62897619549,25.068464293237835
1600550,Pracuúba,16,AP,Amapá,Norte,4042.0,84579.251,64.0,2383.31,314.0,339.0,65.0,9851.356,4948.508,3803.0,0.77,20925.099208312717,15.83374567046017
1600600,Santana,16,AP,Amapá,Norte,118353.0,2512916.433,3255.0,2608.87,13823.0,17244.0,3447.0,462889.224,1541.224,107618.0,69.83,21232.384755772986,27.502471420242834
1600709,Tartarugalzinho,16,AP,Amapá,Norte,13785.0,261069.678,223.0,3815.5,868.0,1069.0,227.0,41333.39,6684.705,12945.0,1.94,18938.678128400436,16.17700398984403
1600808,Vitória do Jari,16,AP,Amapá,Norte,11922.0,236896.579,366.0,2780.58,1166.0,1501.0,376.0,54464.316,2508.979,11291.0,4.5,19870.540093943968,30.69954705586311
1700251,Abreulândia,17,TO,Tocantins,Norte,2668.0,112134.759,89.0,2455.39,281.0,353.0,90.0,10418.702,1906.295,2576.0,1.35,42029.519865067465,33.35832083958021
1700301,Aguiarnópolis,17,TO,Tocantins,Norte,4537.0,165479.833,131.0,2246.25,1642.0,1738.0,131.0,50031.778,236.792,4497.0,18.99,36473.40379105136,28.873705091470132
1700350,Aliança do Tocantins,17,TO,Tocantins,Norte,5222.0,616571.342,219.0,2353.58,733.0,947.0,224.0,21575.476,1580.999,5147.0,3.26,118071.87705859824,41.93795480658751
1700400,Almas,17,TO,Tocantins,Norte,6542.0,273740.577,262.0,3366.55,1449.0,1714.0,267.0,68541.484,4007.152,6499.0,1.62,41843.56114338123,40.04891470498319
1700707,Alvorada,17,TO,Tocantins,Norte,9094.0,474111.349,637.0,2556.92,2000.0,2740.0,648.0,65729.425,1207.201,8802.0,7.29,52134.52265229822,70.0461842973389
1701002,Ananás,17,TO,Tocantins,Norte,10662.0,159769.353,310.0,2174.26,808.0,1095.0,323.0,25290.154,1581.058,10325.0,6.53,14984.932751828925,29.075220408928907
1701051,Angico,17,TO,Tocantins,Norte,2918.0,48276.163,96.0,2382.32,321.0,386.0,97.0,9836.438,447.549,2876.0,6.43,16544.264222069913,32.899246058944485
1701101,Aparecida do Rio Negro,17,TO,Tocantins,Norte,5067.0,255912.273,192.0,2200.66,562.0,762.0,194.0,17519.014,1159.034,4856.0,4.19,50505.678507992896,37.8922439313203
1701309,Aragominas,17,TO,Tocantins,Norte,5360.0,98441.127,120.0,1856.69,351.0,445.0,121.0,10088.554,1168.213,5290.0,4.53,18365.881902985075,22.388059701492537
1701903,Araguacema,17,TO,Tocantins,Norte,6039.0,240245.613,178.0,2144.68,584.0,731.0,185.0,18710.009,2774.505,5927.0,2.14,39782.35022354694,29.475078655406527
1702000,Araguaçu,17,TO,Tocantins,Norte,8273.0,349049.713,416.0,2594.3,1094.0,1472.0,434.0,37536.924,5155.223,8133.0,1.58,42191.431524235464,50.28405656956364
1702109,Araguaína,17,TO,Tocantins,Norte,181493.0,5239050.441,9572.0,3044.66,44444.0,56227.0,10157.0,1748765.82,4004.646,171301.0,42.78,28866.404990826093,52.74032607318189
1702158,Araguanã,17,TO,Tocantins,Norte,4338.0,101857.801,127.0,2823.73,276.0,380.0,128.0,15093.782,834.834,4310.0,5.16,23480.359843245737,29.276164130935914
1702208,Araguatins,17,TO,Tocantins,Norte,33205.0,529290.178,938.0,2348.04,2298.0,3293.0,960.0,84298.682,2633.278,31918.0,12.12,15940.074627315162,28.248757717211262
1702307,Arapoema,17,TO,Tocantins,Norte,5553.0,324522.852,232.0,2698.54,466.0,678.0,238.0,17507.52,1558.138,5550.0,3.56,58440.9962182604,41.77921844048262
1702406,Arraias,17,TO,Tocantins,Norte,10522.0,223309.854,276.0,2760.86,940.0,1191.0,286.0,34715.386,5803.085,10287.0,1.77,21223.137616422733,26.230754609389848
1702554,Augustinópolis,17,TO,Tocantins,Norte,18128.0,305118.467,732.0,2235.11,2201.0,2967.0,748.0,63388.171,388.81,17484.0,44.97,16831.33644086496,40.379523389232126
1702703,Aurora do Tocantins,17,TO,Tocantins,Norte,3420.0,58805.996,101.0,2373.56,272.0,345.0,104.0,8076.004,696.194,3342.0,4.8,17194.73567251462,29.53216374269006
1702901,Axixá do Tocantins,17,TO,Tocantins,Norte,10663.0,141091.965,227.0,2410.31,955.0,1148.0,229.0,30152.153,153.539,10262.0,66.84,13231.920191315765,21.288567945231172
1703008,Babaçulândia,17,TO,Tocantins,Norte,7779.0,158741.478,175.0,2300.37,957.0,1109.0,177.0,27599.184,1790.297,7880.0,4.4,20406.411878133436,22.496464841239234
1703057,Bandeirantes do Tocantins,17,TO,Tocantins,Norte,3534.0,178653.5,113.0,2997.81,837.0,912.0,114.0,32642.947,1540.541,3407.0,2.21,50552.77306168647,31.975099037917378
1703073,Barra do Ouro,17,TO,Tocantins,Norte,4641.0,113260.016,116.0,1898.43,304.0,386.0,119.0,11801.547,1105.84,4476.0,4.05,24404.2266752855,24.994613229907348
1703107,Barrolândia,17,TO,Tocantins,Norte,4915.0,122016.29,201.0,2164.79,653.0,858.0,202.0,18343.093,697.759,4846.0,6.95,24825.287894201425,40.89521871820956
1703206,Bernardo Sayão,17,TO,Tocantins,Norte,4316.0,102684.048,113.0,2628.34,388.0,487.0,114.0,18332.361,924.045,4229.0,4.58,23791.48470806302,26.18164967562558
1703305,Bom Jesus do Tocantins,17,TO,Tocantins,Norte,4181.0,139409.756,97.0,2462.11,255.0,352.0,97.0,12029.037,1326.947,4038.0,3.04,33343.639320736664,23.20019134178426
1703602,Brasilândia do Tocantins,17,TO,Tocantins,Norte,2016.0,75634.398,61.0,2137.54,282.0,318.0,63.0,8974.988,645.908,1974.0,3.06,37517.0625,30.25793650793651
1703701,Brejinho de Nazaré,17,TO,Tocantins,Norte,4796.0,272944.891,203.0,2531.21,401.0,561.0,205.0,19117.553,1722.59,4725.0,2.74,56910.94474562135,42.32693911592994
1703800,Buriti do Tocantins,17,TO,Tocantins,Norte,10654.0,161641.165,186.0,2200.4,781.0,938.0,190.0,21934.137,252.73,10307.0,40.78,15171.87582128778,17.45823165008448
1703826,Cachoeirinha,17,TO,Tocantins,Norte,1991.0,58546.974,80.0,2107.3,347.0,401.0,80.0,9191.275,351.535,1961.0,5.58,29405.813159216475,40.18081366147665
1703842,Campos Lindos,17,TO,Tocantins,Norte,8951.0,1004930.543,262.0,2675.87,992.0,1280.0,270.0,41171.761,3234.445,8653.0,2.68,112270.198078427,29.27047257289688
1703867,Cariri do Tocantins,17,TO,Tocantins,Norte,4147.0,517714.913,189.0,3357.19,1524.0,1707.0,201.0,66561.952,1126.291,4007.0,3.56,124840.82782734507,45.57511454063178
1703883,Carmolândia,17,TO,Tocantins,Norte,2246.0,69222.483,92.0,2543.84,354.0,405.0,92.0,12950.19,339.366,2201.0,6.49,30820.339715048976,40.961709706144255
1703891,Carrasco Bonito,17,TO,Tocantins,Norte,3362.0,50561.097,76.0,2239.19,201.0,240.0,76.0,6730.104,190.352,3318.0,17.43,15038.993753718025,22.605591909577633
1703909,Caseara,17,TO,Tocantins,Norte,5009.0,389492.608,182.0,3273.22,968.0,1114.0,185.0,44119.901,1680.014,4847.0,2.89,77758.55619884208,36.334597724096625
1704105,Centenário,17,TO,Tocantins,Norte,2135.0,64556.878,69.0,2092.62,271.0,316.0,70.0,7171.246,1953.134,2131.0,1.09,30237.41358313817,32.31850117096019
1704600,Chapada de Areia,17,TO,Tocantins,Norte,1563.0,39823.896,47.0,1562.57,221.0,245.0,47.0,6256.922,658.564,1501.0,2.28,25479.140115163147,30.070377479206652
1705102,Chapada da Natividade,17,TO,Tocantins,Norte,3182.0,148973.23,104.0,2230.64,430.0,521.0,104.0,13226.707,1640.833,3117.0,1.9,46817.482715273414,32.68384663733501
1705508,Colinas do Tocantins,17,TO,Tocantins,Norte,35957.0,862138.742,1565.0,2677.03,4662.0,6355.0,1614.0,172920.861,842.488,34233.0,40.63,23976.937508690935,43.5242094724254
1705557,Combinado,17,TO,Tocantins,Norte,4896.0,76524.496,148.0,2248.77,463.0,598.0,152.0,14088.478,208.791,4756.0,22.78,15630.003267973856,30.22875816993464
1705607,Conceição do Tocantins,17,TO,Tocantins,Norte,3956.0,67828.897,133.0,2195.64,334.0,457.0,135.0,13750.445,2530.647,3887.0,1.54,17145.8283619818,33.619817997977755
1706001,Couto Magalhães,17,TO,Tocantins,Norte,5515.0,203473.021,173.0,2720.44,680.0,833.0,178.0,24844.037,1584.196,5331.0,3.37,36894.47343608341,31.3689936536718
1706100,Cristalândia,17,TO,Tocantins,Norte,6437.0,177293.549,276.0,2059.2,841.0,1098.0,283.0,22727.609,1850.75,6371.0,3.44,27542.884728910984,42.87711666925587
1706258,Crixás do Tocantins,17,TO,Tocantins,Norte,1499.0,78644.714,70.0,2460.35,179.0,227.0,71.0,9478.942,983.766,1470.0,1.49,52464.78585723816,46.6977985323549
1706506,Darcinópolis,17,TO,Tocantins,Norte,6054.0,241931.656,218.0,2099.46,982.0,1159.0,223.0,28226.162,1641.77,5827.0,3.55,39962.28212751899,36.00925008259002
1707009,Dianópolis,17,TO,Tocantins,Norte,18031.0,644829.488,828.0,3101.8,2298.0,3238.0,859.0,95404.315,3318.094,17739.0,5.35,35762.269868559706,45.920913981476346
1707108,Divinópolis do Tocantins,17,TO,Tocantins,Norte,7297.0,249235.172,348.0,2350.72,1214.0,1562.0,354.0,40327.605,2358.282,7024.0,2.98,34155.84103056051,47.69083184870495
1707207,Dois Irmãos do Tocantins,17,TO,Tocantins,Norte,6395.0,216149.33,199.0,2096.77,621.0,789.0,203.0,16711.372,3747.645,6327.0,1.69,33799.73885848319,31.118060985144645
1707306,Dueré,17,TO,Tocantins,Norte,4321.0,204764.51,151.0,2474.56,487.0,618.0,155.0,22586.974,3420.657,4248.0,1.24,47388.22263364962,34.9456144411016
1707405,Esperantina,17,TO,Tocantins,Norte,7493.0,118723.997,159.0,2505.56,407.0,533.0,160.0,19567.178,506.175,7530.0,14.88,15844.65461097024,21.21980515147471
1707553,Fátima,17,TO,Tocantins,Norte,3520.0,89100.065,158.0,2203.43,425.0,552.0,163.0,17114.543,380.373,3467.0,9.11,25312.518465909092,44.88636363636363
1707652,Figueirópolis,17,TO,Tocantins,Norte,5336.0,256752.183,196.0,2462.75,542.0,708.0,200.0,19368.551,1935.709,5211.0,2.69,48116.97582458771,36.73163418290855
1707702,Filadélfia,17,TO,Tocantins,Norte,7823.0,129323.234,166.0,2319.2,654.0,783.0,171.0,19994.94,1991.258,7712.0,3.87,16531.15607823086,21.21948101751246
1708205,Formoso do Araguaia,17,TO,Tocantins,Norte,19428.0,1414038.409,873.0,2672.81,2773.0,3791.0,897.0,97550.53,13431.861,18881.0,1.41,72783.52939057031,44.93514515132798
1708254,Tabocão,17,TO,Tocantins,Norte,3676.0,232897.504,139.0,2612.52,635.0,750.0,149.0,23435.688,624.463,3455.0,5.53,63356.23068552775,37.812840043525576
1708304,Goianorte,17,TO,Tocantins,Norte,4840.0,193502.296,164.0,2247.56,660.0,806.0,166.0,18729.225,1797.229,4738.0,2.64,39979.813223140496,33.88429752066116
1709005,Goiatins,17,TO,Tocantins,Norte,12816.0,230924.169,254.0,2955.76,814.0,1083.0,265.0,36897.443,6414.846,12433.0,1.94,18018.427668539327,19.818976279650435
1709302,Guaraí,17,TO,Tocantins,Norte,25681.0,880402.901,1140.0,2652.97,3446.0,4688.0,1173.0,124878.737,2106.753,24775.0,11.76,34282.26708461509,44.39079475098322
1709500,Gurupi,17,TO,Tocantins,Norte,89574.0,2648420.391,5134.0,2800.02,20659.0,26938.0,5375.0,783168.142,1844.164,85125.0,46.16,29566.84295666153,57.315738942103735
1709807,Ipueiras,17,TO,Tocantins,Norte,1627.0,47771.523,78.0,2453.2,195.0,235.0,78.0,6700.739,821.152,1590.0,1.94,29361.722802704364,47.94099569760295
1710508,Itacajá,17,TO,Tocantins,Norte,6969.0,186259.82,153.0,2851.81,458.0,590.0,156.0,19126.594,3047.204,6819.0,2.24,26726.907734251687,21.954369349978474
1710706,Itaguatins,17,TO,Tocantins,Norte,5206.0,82610.655,122.0,2963.44,366.0,438.0,124.0,16694.275,730.163,5172.0,7.08,15868.354782942759,23.43449865539762
1710904,Itapiratins,17,TO,Tocantins,Norte,3679.0,171522.114,100.0,2465.16,300.0,392.0,102.0,10084.9,1246.349,3577.0,2.87,46621.939113889646,27.18129926610492
1711100,Itaporã do Tocantins,17,TO,Tocantins,Norte,2464.0,69980.106,63.0,2471.68,205.0,245.0,64.0,7868.439,969.794,2404.0,2.48,28401.017045454544,25.56818181818182
1711506,Jaú do Tocantins,17,TO,Tocantins,Norte,3403.0,97864.72,125.0,2764.91,417.0,530.0,132.0,14865.268,2167.201,3334.0,1.54,28758.366147516896,36.73229503379371
1711803,Juarina,17,TO,Tocantins,Norte,2305.0,44394.941,76.0,2358.38,282.0,323.0,78.0,10117.762,483.452,2243.0,4.64,19260.27809110629,32.97180043383948
1711902,Lagoa da Confusão,17,TO,Tocantins,Norte,16312.0,998445.275,745.0,2992.25,2788.0,3615.0,768.0,115003.583,10563.181,15288.0,1.45,61209.24932564983,45.6718979892104
1711951,Lagoa do Tocantins,17,TO,Tocantins,Norte,3610.0,89428.78,128.0,2106.64,430.0,541.0,129.0,11371.348,917.632,3516.0,3.83,24772.515235457064,35.45706371191136
1712009,Lajeado,17,TO,Tocantins,Norte,3520.0,64404.783,224.0,2224.15,573.0,787.0,225.0,19725.422,318.292,3357.0,10.55,18296.813352272726,63.63636363636363
1712157,Lavandeira,17,TO,Tocantins,Norte,1673.0,37869.666,58.0,2086.92,221.0,257.0,59.0,5927.357,468.006,1626.0,3.47,22635.783622235504,34.66826060968321
1712405,Lizarda,17,TO,Tocantins,Norte,2991.0,66331.66,104.0,2276.48,140.0,214.0,105.0,8765.824,5716.641,2999.0,0.52,22177.084587094618,34.77097960548311
1712454,Luzinópolis,17,TO,Tocantins,Norte,2803.0,71179.561,95.0,1875.63,457.0,522.0,97.0,11384.756,281.543,2717.0,9.65,25394.06386014984,33.89225829468427
1712504,Marianópolis do Tocantins,17,TO,Tocantins,Norte,4772.0,252330.721,205.0,2552.35,674.0,859.0,207.0,30048.307,2089.575,4615.0,2.21,52877.351424979046,42.958927074601846
1712702,Mateiros,17,TO,Tocantins,Norte,2888.0,252360.284,145.0,2305.88,412.0,545.0,146.0,12856.913,9589.273,2748.0,0.29,87382.36980609418,50.20775623268698
1712801,Maurilândia do Tocantins,17,TO,Tocantins,Norte,3171.0,55910.557,84.0,2311.93,268.0,322.0,86.0,12031.359,736.303,3095.0,4.2,17631.837590665404,26.490066225165563
1713205,Miracema do Tocantins,17,TO,Tocantins,Norte,18787.0,642002.992,764.0,2785.74,2121.0,2926.0,786.0,85953.566,2663.745,18566.0,6.97,34172.7253952201,40.666418267951244
1713304,Miranorte,17,TO,Tocantins,Norte,13056.0,390325.022,540.0,2516.18,1785.0,2368.0,555.0,61692.113,1033.301,12701.0,12.29,29896.217984068626,41.36029411764706
1713601,Monte do Carmo,17,TO,Tocantins,Norte,5722.0,296287.972,197.0,2632.93,466.0,675.0,201.0,22559.416,3601.205,5694.0,1.58,51780.491436560646,34.428521495980426
1713700,Monte Santo do Tocantins,17,TO,Tocantins,Norte,2500.0,75004.481,98.0,2348.57,300.0,368.0,100.0,9188.106,1072.92,2396.0,2.23,30001.7924,39.199999999999996
1713809,Palmeiras do Tocantins,17,TO,Tocantins,Norte,4897.0,95357.464,126.0,2455.3,350.0,472.0,128.0,17363.896,743.407,4872.0,6.55,19472.62895650398,25.730038799264857
1713957,Muricilândia,17,TO,Tocantins,Norte,3485.0,69464.96,90.0,2064.1,358.0,422.0,90.0,11971.939,1194.368,3367.0,2.82,19932.556671449067,25.82496413199426
1714203,Natividade,17,TO,Tocantins,Norte,8961.0,247340.192,431.0,2831.56,1308.0,1730.0,442.0,47475.611,3241.672,8754.0,2.7,27601.851579064838,48.097310568016965
1714302,Nazaré,17,TO,Tocantins,Norte,4660.0,58139.378,93.0,2140.46,333.0,406.0,94.0,10718.275,395.997,4521.0,11.42,12476.261373390558,19.957081545064376
1714880,Nova Olinda,17,TO,Tocantins,Norte,10609.0,320311.123,315.0,2755.11,1583.0,1896.0,323.0,60237.539,1567.834,10367.0,6.61,30192.39541898388,29.691771137713264
1715002,Nova Rosalândia,17,TO,Tocantins,Norte,3403.0,100914.913,113.0,2525.88,306.0,435.0,117.0,10797.593,514.791,3362.0,6.53,29654.690861004994,33.20599471054952
1715101,Novo Acordo,17,TO,Tocantins,Norte,4102.0,84723.407,181.0,2303.67,708.0,851.0,185.0,20765.453,2678.262,3969.0,1.48,20654.170404680644,44.124817162359825
1715150,Novo Alegre,17,TO,Tocantins,Norte,1841.0,35521.072,65.0,1762.73,254.0,291.0,65.0,5845.749,200.412,1846.0,9.21,19294.444323737098,35.306898424769145
1715259,Novo Jardim,17,TO,Tocantins,Norte,2263.0,42671.729,72.0,2259.94,292.0,346.0,72.0,8834.615,1213.893,2230.0,1.84,18856.26557666814,31.816173221387537
1715507,Oliveira de Fátima,17,TO,Tocantins,Norte,1211.0,29468.609,57.0,2190.49,283.0,311.0,57.0,8206.335,209.292,1164.0,5.56,24334.11147811726,47.06853839801817
1715705,Palmeirante,17,TO,Tocantins,Norte,4909.0,185349.023,170.0,2765.99,762.0,888.0,183.0,29823.776,2638.465,4798.0,1.82,37756.981666327156,34.63027093094317
1715754,Palmeirópolis,17,TO,Tocantins,Norte,7119.0,170117.984,398.0,2327.58,993.0,1402.0,405.0,34279.939,1708.981,6975.0,4.08,23896.33150723416,55.90672847310015
1716109,Paraíso do Tocantins,17,TO,Tocantins,Norte,55164.0,1513693.492,3116.0,2578.38,10875.0,14601.0,3235.0,370655.863,1292.267,52360.0,40.52,27439.87912406642,56.48611413240519
1716208,Paranã,17,TO,Tocantins,Norte,10854.0,315396.766,282.0,2399.15,1244.0,1503.0,286.0,37719.914,11217.373,10542.0,0.94,29058.113690805232,25.981205085682696
1716307,Pau D'Arco,17,TO,Tocantins,Norte,4085.0,91169.316,120.0,2559.45,381.0,473.0,120.0,13170.045,1375.551,4043.0,2.94,22318.070012239903,29.37576499388005
1716505,Pedro Afonso,17,TO,Tocantins,Norte,14731.0,848670.949,626.0,3119.51,2773.0,3463.0,647.0,117035.266,2019.556,14055.0,6.96,57611.22456045075,42.49541782635259
1716604,Peixe,17,TO,Tocantins,Norte,9438.0,733929.386,343.0,2671.95,889.0,1258.0,358.0,32325.37,5303.612,9317.0,1.76,77763.23225259589,36.34244543335453
1716653,Pequizeiro,17,TO,Tocantins,Norte,5038.0,107606.183,135.0,2340.33,398.0,505.0,137.0,15408.054,1206.118,4921.0,4.08,21358.908892417625,26.796347757046448
1716703,Colméia,17,TO,Tocantins,Norte,9158.0,182795.642,342.0,2263.99,912.0,1219.0,345.0,27031.986,1161.03,8941.0,7.7,19960.214238916793,37.344398340248965
1717008,Pindorama do Tocantins,17,TO,Tocantins,Norte,4596.0,85005.659,141.0,2512.91,416.0,519.0,145.0,14439.508,1560.551,4478.0,2.87,18495.574194952133,30.678851174934728
1717206,Piraquê,17,TO,Tocantins,Norte,2265.0,89940.427,94.0,2410.41,327.0,391.0,96.0,14521.097,1363.412,2282.0,1.67,39708.79779249448,41.50110375275938
1717503,Pium,17,TO,Tocantins,Norte,7375.0,361914.527,231.0,2286.81,991.0,1218.0,237.0,30204.455,10003.549,7128.0,0.71,49073.15620338983,31.322033898305083
1717800,Ponte Alta do Bom Jesus,17,TO,Tocantins,Norte,4295.0,66158.254,119.0,2201.05,452.0,565.0,122.0,11909.596,1718.791,4220.0,2.46,15403.551571594879,27.706635622817227
1717909,Ponte Alta do Tocantins,17,TO,Tocantins,Norte,7842.0,121170.43,250.0,2421.49,773.0,1016.0,254.0,23301.377,6542.838,7586.0,1.16,15451.470288191787,31.87962254526906
1718006,Porto Alegre do Tocantins,17,TO,Tocantins,Norte,2953.0,47042.663,112.0,2055.24,181.0,284.0,113.0,8031.467,506.717,2866.0,5.66,15930.464950897393,37.92753132407721
1718204,Porto Nacional,17,TO,Tocantins,Norte,68555.0,3649421.284,3453.0,2996.8,16031.0,20000.0,3673.0,624296.064,4434.68,64418.0,14.53,53233.48091313544,50.36831740937933
1718303,Praia Norte,17,TO,Tocantins,Norte,9460.0,93138.597,142.0,2493.76,340.0,449.0,143.0,11181.266,300.999,9044.0,30.05,9845.517653276956,15.010570824524313
1718402,Presidente Kennedy,17,TO,Tocantins,Norte,3051.0,65165.275,139.0,2216.66,420.0,564.0,142.0,12257.696,771.716,3047.0,3.95,21358.66109472304,45.55883316945264
1718451,Pugmil,17,TO,Tocantins,Norte,2231.0,82663.293,89.0,2350.83,489.0,570.0,89.0,15178.651,401.174,2193.0,5.47,37052.12595248767,39.89242492155984
1718501,Recursolândia,17,TO,Tocantins,Norte,3471.0,91479.791,87.0,2196.63,256.0,320.0,89.0,10815.096,2215.669,3421.0,1.54,26355.45692883895,25.064822817631807
1718550,Riachinho,17,TO,Tocantins,Norte,4039.0,68536.425,93.0,2134.3,318.0,386.0,94.0,10543.186,512.156,3960.0,7.73,16968.661797474622,23.0255013617232
1718659,Rio da Conceição,17,TO,Tocantins,Norte,1822.0,29142.464,54.0,2133.83,386.0,418.0,54.0,13358.394,845.823,1768.0,2.09,15994.766190998902,29.637760702524698
1718709,Rio dos Bois,17,TO,Tocantins,Norte,2833.0,85928.248,85.0,1992.12,393.0,446.0,85.0,9052.235,847.255,2738.0,3.23,30331.18531591952,30.003529827038474
1718758,Rio Sono,17,TO,Tocantins,Norte,4798.0,111443.415,161.0,2509.45,439.0,585.0,164.0,17162.259,6346.279,4841.0,0.76,23227.056065027096,33.55564818674448
1718808,Sampaio,17,TO,Tocantins,Norte,4372.0,145863.184,96.0,2366.61,436.0,496.0,96.0,12648.507,222.435,4215.0,18.95,33363.03385178408,21.957913998170174
1718840,Sandolândia,17,TO,Tocantins,Norte,3873.0,116736.092,139.0,2144.03,462.0,580.0,140.0,12420.799,3535.135,3723.0,1.05,30140.99974180222,35.889491350374385
1718865,Santa Fé do Araguaia,17,TO,Tocantins,Norte,7489.0,175926.902,334.0,2703.18,572.0,882.0,341.0,20925.608,1671.239,7216.0,4.32,23491.374282280678,44.598744825744426
1718881,Santa Maria do Tocantins,17,TO,Tocantins,Norte,2726.0,139630.247,84.0,2277.4,225.0,282.0,85.0,10150.194,1412.318,2680.0,1.9,51221.66067498166,30.81438004402054
1718899,Santa Rita do Tocantins,17,TO,Tocantins,Norte,2291.0,180272.582,126.0,2223.97,363.0,471.0,127.0,11298.075,3281.219,2219.0,0.68,78687.29026625928,54.99781754692274
1718907,Santa Rosa do Tocantins,17,TO,Tocantins,Norte,4789.0,307685.016,159.0,2520.04,647.0,806.0,160.0,21574.808,1804.687,4653.0,2.58,64248.28064314053,33.201085821674674
1719004,Santa Tereza do Tocantins,17,TO,Tocantins,Norte,2889.0,48098.437,97.0,1974.64,404.0,499.0,99.0,10437.805,539.511,2781.0,5.15,16648.81862236068,33.57563170647283
1720002,Santa Terezinha do Tocantins,17,TO,Tocantins,Norte,2463.0,41930.976,68.0,2055.65,147.0,186.0,70.0,6891.978,274.104,2406.0,8.78,17024.350791717417,27.608607389362568
1720101,São Bento do Tocantins,17,TO,Tocantins,Norte,5936.0,73589.547,120.0,1519.3,784.0,882.0,121.0,15144.193,1099.58,5654.0,5.14,12397.160882749326,20.21563342318059
1720150,São Félix do Tocantins,17,TO,Tocantins,Norte,1875.0,36540.734,108.0,2061.69,326.0,421.0,108.0,8887.535,1913.11,1783.0,0.93,19488.391466666668,57.6
1720200,São Miguel do Tocantins,17,TO,Tocantins,Norte,13939.0,255814.091,204.0,2205.73,1024.0,1185.0,208.0,28523.388,406.957,13241.0,32.54,18352.39909606141,14.635196212066862
1720259,São Salvador do Tocantins,17,TO,Tocantins,Norte,2385.0,49467.49,95.0,2292.0,384.0,446.0,98.0,11518.857,1424.753,2385.0,1.67,20741.085953878406,39.83228511530398
1720309,São Sebastião do Tocantins,17,TO,Tocantins,Norte,4189.0,61804.374,89.0,2144.42,300.0,360.0,89.0,12366.718,289.597,4100.0,14.16,14753.968488899498,21.24612079255192
1720499,São Valério,17,TO,Tocantins,Norte,4547.0,156734.117,155.0,2142.22,608.0,748.0,157.0,16575.652,2520.465,4422.0,1.75,34469.78601275566,34.08840994062019
1720655,Silvanópolis,17,TO,Tocantins,Norte,5252.0,240328.58,215.0,2406.73,648.0,865.0,216.0,21606.488,1258.771,5108.0,4.06,45759.44021325209,40.936785986290936
1720804,Sítio Novo do Tocantins,17,TO,Tocantins,Norte,11334.0,132861.998,179.0,1931.14,995.0,1138.0,182.0,25012.418,307.095,10830.0,35.27,11722.42791600494,15.793188635962592
1720853,Sucupira,17,TO,Tocantins,Norte,1599.0,532373.973,61.0,2073.76,282.0,315.0,61.0,7765.498,1018.222,1577.0,1.55,332941.82176360226,38.14884302689181
1720903,Taguatinga,17,TO,Tocantins,Norte,14247.0,318252.681,422.0,2371.99,1306.0,1752.0,434.0,43693.225,2341.919,14011.0,5.98,22338.22425773847,29.62027093423177
1720937,Taipas do Tocantins,17,TO,Tocantins,Norte,2086.0,35246.269,56.0,1894.79,248.0,291.0,56.0,6825.613,1105.303,2021.0,1.83,16896.58149568552,26.845637583892618
1720978,Talismã,17,TO,Tocantins,Norte,2509.0,146707.973,104.0,2648.04,335.0,408.0,105.0,13145.331,2155.503,2456.0,1.14,58472.687524910325,41.45077720207254
1721000,Palmas,17,TO,Tocantins,Norte,323625.0,10333418.524,23664.0,4261.07,181604.0,211191.0,24708.0,9847146.268,2227.329,302692.0,135.9,31930.22332638084,73.12166859791425
1721109,Tocantínia,17,TO,Tocantins,Norte,7751.0,191372.85,165.0,2350.27,760.0,913.0,166.0,21797.758,2609.775,7459.0,2.86,24690.085150303188,21.287575796671398
1721208,Tocantinópolis,17,TO,Tocantins,Norte,23203.0,372641.872,647.0,2635.94,3163.0,3867.0,665.0,109632.567,1083.6,22615.0,20.87,16060.072921604964,27.884325302762573
1721257,Tupirama,17,TO,Tocantins,Norte,2003.0,118838.583,60.0,2233.03,116.0,148.0,63.0,9236.858,706.883,1909.0,2.7,59330.29605591613,29.955067398901647
1721307,Tupiratins,17,TO,Tocantins,Norte,1897.0,38618.565,64.0,2082.56,298.0,341.0,64.0,7984.459,889.126,1874.0,2.11,20357.70426989984,33.73748023194518
1722081,Wanderlândia,17,TO,Tocantins,Norte,10751.0,183424.384,227.0,2604.15,722.0,913.0,230.0,24523.478,1365.431,10522.0,7.71,17061.14631197098,21.114314947446747
1722107,Xambioá,17,TO,Tocantins,Norte,10683.0,471019.831,415.0,2538.3,1812.0,2222.0,425.0,60900.263,1190.489,10517.0,8.83,44090.595431994756,38.84676588973135
2100055,Açailândia,21,MA,Maranhão,Nordeste,110506.0,3828533.21,3428.0,3095.72,20030.0,23855.0,3585.0,785760.034,5805.159,106550.0,18.35,34645.478164081585,31.02094003945487
2100105,Afonso Cunha,21,MA,Maranhão,Nordeste,6296.0,85052.498,110.0,2473.32,582.0,651.0,111.0,16102.004,371.338,6144.0,16.55,13508.973634053367,17.47141041931385
2100154,Água Doce do Maranhão,21,MA,Maranhão,Nordeste,12446.0,101642.077,177.0,2037.42,167.0,305.0,177.0,4852.314,442.292,12142.0,27.45,8166.646071026836,14.221436606138518
2100204,Alcântara,21,MA,Maranhão,Nordeste,18774.0,148762.762,289.0,3008.74,1508.0,1756.0,293.0,56998.313,1167.964,18467.0,15.81,7923.871417918398,15.39362948758922
2100303,Aldeias Altas,21,MA,Maranhão,Nordeste,23782.0,249395.852,244.0,2692.03,2046.0,2244.0,249.0,73167.681,1942.121,23286.0,11.99,10486.7484652258,10.259860398620805
2100402,Altamira do Maranhão,21,MA,Maranhão,Nordeste,6565.0,71511.632,105.0,2290.69,155.0,230.0,106.0,4825.386,524.374,6447.0,12.29,10892.86092916984,15.993907083015994
2100436,Alto Alegre do Maranhão,21,MA,Maranhão,Nordeste,24543.0,303118.129,439.0,1671.26,1135.0,1519.0,446.0,24754.59,392.75,24048.0,61.23,12350.49215662307,17.886973882573443
2100477,Alto Alegre do Pindaré,21,MA,Maranhão,Nordeste,26411.0,251719.288,353.0,2818.45,2275.0,2590.0,359.0,82557.571,1875.901,25710.0,13.71,9530.85032751505,13.365643103252433
2100501,Alto Parnaíba,21,MA,Maranhão,Nordeste,11382.0,578961.339,410.0,2796.35,1211.0,1602.0,417.0,51674.13,11127.384,11109.0,1.0,50866.397733263046,36.02178878931647
2100550,Amapá do Maranhão,21,MA,Maranhão,Nordeste,7364.0,70197.682,143.0,3456.14,392.0,487.0,145.0,17912.602,502.402,7170.0,14.27,9532.547800108636,19.41879413362303
2100600,Amarante do Maranhão,21,MA,Maranhão,Nordeste,38333.0,388636.419,462.0,2704.88,1815.0,2259.0,471.0,62278.296,7439.615,37085.0,4.98,10138.429525474134,12.052278715467091
2100709,Anajatuba,21,MA,Maranhão,Nordeste,26221.0,207605.731,346.0,3529.89,814.0,1120.0,350.0,38252.209,940.489,25322.0,26.92,7917.536745356775,13.195530300141108
2100808,Anapurus,21,MA,Maranhão,Nordeste,14111.0,149102.029,334.0,2542.34,923.0,1217.0,340.0,33643.319,608.903,13793.0,22.65,10566.368719438735,23.669477712422932
2100832,Apicum-Açu,21,MA,Maranhão,Nordeste,17984.0,133945.537,259.0,2551.02,871.0,1083.0,262.0,28479.935,341.12,17519.0,51.36,7448.039201512456,14.401690391459075
2100873,Araguanã,21,MA,Maranhão,Nordeste,11347.0,101727.947,135.0,3308.26,279.0,397.0,135.0,11813.257,805.194,11181.0,13.89,8965.184365911695,11.897417819688023
2100907,Araioses,21,MA,Maranhão,Nordeste,40278.0,282769.228,425.0,2789.78,1865.0,2269.0,432.0,68411.443,1789.73,39052.0,21.82,7020.438651372958,10.55166592184319
2100956,Arame,21,MA,Maranhão,Nordeste,26191.0,290314.787,392.0,2175.12,1005.0,1386.0,398.0,29023.891,2976.039,25517.0,8.57,11084.524722232829,14.966973387804972
2101004,Arari,21,MA,Maranhão,Nordeste,30521.0,313250.593,532.0,2792.92,2079.0,2582.0,543.0,74612.893,1100.275,29472.0,26.79,10263.444611906556,17.430621539268042
2101103,Axixá,21,MA,Maranhão,Nordeste,12079.0,97421.795,211.0,2506.43,883.0,1049.0,214.0,23464.436,160.462,11790.0,73.48,8065.385793525954,17.46833347131385
2101202,Bacabal,21,MA,Maranhão,Nordeste,107620.0,1514560.008,2990.0,2568.48,10478.0,13651.0,3080.0,347623.994,1656.736,103711.0,62.6,14073.220665303847,27.78293997398253
2101251,Bacabeira,21,MA,Maranhão,Nordeste,17414.0,599285.019,409.0,2955.68,1416.0,1812.0,416.0,53621.21,542.962,16966.0,31.25,34413.978350752266,23.486849661192142
2101301,Bacuri,21,MA,Maranhão,Nordeste,16610.0,122871.925,226.0,1358.3,867.0,1048.0,230.0,15208.435,850.491,16290.0,19.15,7397.4668874172185,13.606261288380495
2101350,Bacurituba,21,MA,Maranhão,Nordeste,5374.0,39589.506,80.0,2696.19,293.0,341.0,81.0,14348.242,413.651,5252.0,12.7,7366.860066989208,14.8864905098623
2101400,Balsas,21,MA,Maranhão,Nordeste,106094.0,6307425.073,5565.0,2838.47,26074.0,32606.0,5754.0,946209.218,13141.162,101767.0,7.74,59451.28916809621,52.45348464569156
2101509,Barão de Grajaú,21,MA,Maranhão,Nordeste,19458.0,268537.563,394.0,1555.97,1796.0,2178.0,402.0,35461.37,2209.414,18984.0,8.59,13800.882053654024,20.248740877788055
2101608,Barra do Corda,21,MA,Maranhão,Nordeste,87672.0,889190.327,2578.0,2664.88,8717.0,11470.0,2638.0,296490.321,5187.673,84532.0,16.29,10142.238422757551,29.40505520576695
2101707,Barreirinhas,21,MA,Maranhão,Nordeste,67999.0,635710.802,1754.0,1972.59,6781.0,8673.0,1885.0,165531.661,3046.308,65589.0,21.53,9348.825747437462,25.79449697789673
2101731,Belágua,21,MA,Maranhão,Nordeste,8716.0,60711.249,151.0,3648.13,429.0,541.0,151.0,20467.981,569.606,8460.0,14.85,6965.494378155117,17.32446076181735
2101772,Bela Vista do Maranhão,21,MA,Maranhão,Nordeste,12073.0,107543.326,227.0,1862.45,278.0,467.0,230.0,6828.718,147.954,11750.0,79.42,8907.754990474612,18.802286092934647
2101806,Benedito Leite,21,MA,Maranhão,Nordeste,5597.0,73150.44,103.0,2228.9,362.0,425.0,105.0,14443.792,1784.64,5469.0,3.06,13069.580132213687,18.40271574057531
2101905,Bequimão,21,MA,Maranhão,Nordeste,19983.0,138113.77,252.0,1808.81,841.0,1061.0,257.0,19614.653,790.222,19584.0,24.78,6911.563328829505,12.610719111244558
2101939,Bernardo do Mearim,21,MA,Maranhão,Nordeste,5983.0,105113.91,125.0,3242.29,250.0,358.0,126.0,8282.431,247.186,5840.0,23.63,17568.763162293162,20.892528831689788
2101970,Boa Vista do Gurupi,21,MA,Maranhão,Nordeste,7769.0,67539.702,149.0,1833.72,222.0,329.0,150.0,5086.152,400.35,7574.0,18.92,8693.487192688892,19.17878748873729
2102002,Bom Jardim,21,MA,Maranhão,Nordeste,34035.0,411352.418,434.0,2747.27,1638.0,2028.0,443.0,58853.872,6588.38,33100.0,5.02,12086.158895254885,12.751579256647569
2102036,Bom Jesus das Selvas,21,MA,Maranhão,Nordeste,29588.0,375664.921,496.0,1534.48,2383.0,2854.0,499.0,46662.969,2676.98,28599.0,10.68,12696.529707989726,16.763552791672296
2102077,Bom Lugar,21,MA,Maranhão,Nordeste,12414.0,117960.369,167.0,2702.01,968.0,1081.0,171.0,37421.985,445.171,12212.0,27.43,9502.204688255195,13.452553568551636
2102101,Brejo,21,MA,Maranhão,Nordeste,35322.0,328632.852,648.0,2609.59,1496.0,2154.0,668.0,51933.823,1073.258,34120.0,31.79,9303.914047902157,18.34550704943095
2102150,Brejo de Areia,21,MA,Maranhão,Nordeste,9387.0,71065.21,93.0,2176.94,251.0,309.0,95.0,7106.759,986.036,9218.0,9.35,7570.598700330244,9.907318632150847
2102200,Buriti,21,MA,Maranhão,Nordeste,30799.0,277919.133,281.0,2370.97,2152.0,2410.0,285.0,64310.367,1475.779,29685.0,20.11,9023.641449397708,9.123672846520991
2102309,Buriti Bravo,21,MA,Maranhão,Nordeste,22940.0,238672.773,418.0,2391.62,732.0,1127.0,422.0,24713.076,1582.552,22455.0,14.19,10404.218526591107,18.221447253705318
2102325,Buriticupu,21,MA,Maranhão,Nordeste,56896.0,748027.721,1205.0,1514.78,5483.0,6698.0,1231.0,105746.89,2544.857,55499.0,21.81,13147.281373031496,21.178993250843643
2102358,Buritirana,21,MA,Maranhão,Nordeste,13157.0,122473.899,152.0,1703.44,436.0,559.0,152.0,9726.856,820.968,12918.0,15.74,9308.649312153226,11.552785589420079
2102374,Cachoeira Grande,21,MA,Maranhão,Nordeste,10004.0,60974.116,111.0,1571.12,159.0,223.0,112.0,3211.752,707.236,9732.0,13.76,6094.973610555778,11.095561775289884
2102408,Cajapió,21,MA,Maranhão,Nordeste,10342.0,70652.873,106.0,2484.5,478.0,536.0,107.0,15453.211,545.244,10121.0,18.56,6831.64503964417,10.24946818797138
2102507,Cajari,21,MA,Maranhão,Nordeste,16711.0,128078.075,185.0,1998.54,594.0,728.0,185.0,15131.102,662.066,16412.0,24.79,7664.29746873317,11.070552330800073
2102556,Campestre do Maranhão,21,MA,Maranhão,Nordeste,12553.0,214010.605,263.0,1906.85,1873.0,2097.0,267.0,52234.165,613.529,12301.0,20.05,17048.56249502111,20.95116705170079
2102606,Cândido Mendes,21,MA,Maranhão,Nordeste,20413.0,146787.805,285.0,2470.54,1017.0,1252.0,292.0,33141.273,1634.861,19932.0,12.19,7190.898202126096,13.961691079214226
2102705,Cantanhede,21,MA,Maranhão,Nordeste,24976.0,153397.808,329.0,3404.68,1290.0,1588.0,334.0,60735.964,773.01,24303.0,31.44,6141.808456117873,13.172645739910314
2102754,Capinzal do Norte,21,MA,Maranhão,Nordeste,11664.0,283975.692,181.0,1593.74,244.0,387.0,184.0,5394.077,590.267,11374.0,19.27,24346.338477366255,15.517832647462278
2102804,Carolina,21,MA,Maranhão,Nordeste,24606.0,525892.578,704.0,2136.62,2465.0,3170.0,729.0,69600.71,6267.675,24062.0,3.84,21372.5342599366,28.61090790864017
2102903,Carutapera,21,MA,Maranhão,Nordeste,24855.0,201999.206,358.0,2698.63,1359.0,1676.0,362.0,47034.649,1260.977,24238.0,19.22,8127.105451619393,14.403540535103602
2103000,Caxias,21,MA,Maranhão,Nordeste,163428.0,2112637.89,3740.0,2217.88,17757.0,22056.0,3900.0,492334.594,5201.927,156973.0,30.18,12927.025295542993,22.88469540103287
2103109,Cedral,21,MA,Maranhão,Nordeste,10444.0,78582.879,135.0,2119.49,340.0,440.0,136.0,13419.582,285.211,10208.0,35.79,7524.212849482957,12.926081960934509
2103125,Central do Maranhão,21,MA,Maranhão,Nordeste,7233.0,58346.703,98.0,1825.73,869.0,934.0,98.0,19976.344,319.538,7094.0,22.2,8066.736209041891,13.549011475183187
2103158,Centro do Guilherme,21,MA,Maranhão,Nordeste,12668.0,103736.564,170.0,2141.46,911.0,1030.0,173.0,23932.89,1167.848,12342.0,10.57,8188.866750868329,13.419640037890748
2103174,Centro Novo do Maranhão,21,MA,Maranhão,Nordeste,16529.0,200757.406,251.0,1750.6,979.0,1210.0,255.0,21943.119,8401.003,16267.0,1.94,12145.76840704217,15.185431665557504
2103208,Chapadinha,21,MA,Maranhão,Nordeste,84202.0,894365.951,1833.0,2821.57,5567.0,7561.0,1915.0,200294.496,3247.385,81386.0,25.06,10621.671112325123,21.769079119260823
2103257,Cidelândia,21,MA,Maranhão,Nordeste,13152.0,183560.405,296.0,2679.86,1023.0,1291.0,300.0,35905.95,1462.809,12878.0,8.8,13956.843445863748,22.50608272506083
2103307,Codó,21,MA,Maranhão,Nordeste,118295.0,1648585.109,2078.0,1902.8,11524.0,13682.0,2242.0,309988.758,4361.606,114275.0,26.2,13936.219696521408,17.566253856883215
2103406,Coelho Neto,21,MA,Maranhão,Nordeste,42918.0,465858.626,746.0,2505.15,3959.0,4681.0,771.0,128427.087,977.079,41658.0,42.64,10854.621044783074,17.38198424903304
2103505,Colinas,21,MA,Maranhão,Nordeste,41745.0,553170.588,994.0,2372.89,3886.0,4932.0,1013.0,119644.138,1978.695,40316.0,20.38,13251.181890046711,23.811234878428554
2103554,Conceição do Lago-Açu,21,MA,Maranhão,Nordeste,15264.0,147189.243,164.0,2548.17,1211.0,1307.0,165.0,41607.219,725.664,14915.0,20.55,9642.901139937107,10.744234800838575
2103604,Coroatá,21,MA,Maranhão,Nordeste,61351.0,533579.335,1101.0,2383.78,5779.0,6888.0,1137.0,172801.074,2263.692,59566.0,26.31,8697.157911036495,17.945917751951885
2103703,Cururupu,21,MA,Maranhão,Nordeste,32608.0,264535.777,527.0,2969.5,2305.0,2781.0,567.0,76115.386,1257.608,31558.0,25.09,8112.603563542689,16.161678115799802
2103752,Davinópolis,21,MA,Maranhão,Nordeste,14788.0,190192.706,306.0,2278.81,3418.0,3684.0,312.0,97245.776,332.249,14404.0,43.35,12861.286583716526,20.69245334054639
2103802,Dom Pedro,21,MA,Maranhão,Nordeste,23579.0,262555.351,726.0,1563.94,1297.0,1997.0,744.0,27345.124,358.493,23053.0,64.31,11135.135120234108,30.790109843504816
2103901,Duque Bacelar,21,MA,Maranhão,Nordeste,10448.0,86904.202,142.0,1100.92,1274.0,1378.0,145.0,18218.536,317.494,10223.0,32.2,8317.783499234303,13.591117917304748
2104008,Esperantinópolis,21,MA,Maranhão,Nordeste,18725.0,158978.373,365.0,1845.54,1338.0,1683.0,371.0,36094.974,452.411,18311.0,40.47,8490.166782376502,19.49265687583445
2104057,Estreito,21,MA,Maranhão,Nordeste,34353.0,1134820.533,1239.0,2181.32,4357.0,5647.0,1279.0,137053.255,2720.266,33294.0,12.24,33034.1027857829,36.06671906383722
2104073,Feira Nova do Maranhão,21,MA,Maranhão,Nordeste,8236.0,118003.876,122.0,550.32,343.0,438.0,123.0,2444.777,1625.822,8048.0,4.95,14327.81398737251,14.81301602719767
2104081,Fernando Falcão,21,MA,Maranhão,Nordeste,11184.0,100418.061,107.0,2662.84,336.0,418.0,108.0,11511.145,5086.589,10873.0,2.14,8978.725053648068,9.567238912732476
2104099,Formosa da Serra Negra,21,MA,Maranhão,Nordeste,18133.0,202148.62,352.0,2374.92,1187.0,1505.0,357.0,47038.31,3690.61,17719.0,4.8,11148.106766668505,19.412121546351955
2104107,Fortaleza dos Nogueiras,21,MA,Maranhão,Nordeste,12951.0,346694.983,438.0,2303.36,1325.0,1767.0,445.0,40888.352,1853.406,12640.0,6.82,26769.746197204848,33.81978225619643
2104206,Fortuna,21,MA,Maranhão,Nordeste,17346.0,143296.795,301.0,3734.82,538.0,807.0,311.0,25529.496,834.83,16976.0,20.33,8261.085841116108,17.35270379338176
2104305,Godofredo Viana,21,MA,Maranhão,Nordeste,10422.0,2658688.345,227.0,4269.56,1892.0,2036.0,231.0,109752.017,720.129,10186.0,14.14,255103.4681443101,21.780848205718673
2104404,Gonçalves Dias,21,MA,Maranhão,Nordeste,17579.0,150061.001,295.0,1597.68,549.0,814.0,295.0,11901.741,883.588,17206.0,19.47,8536.378690482963,16.781386882075203
2104503,Governador Archer,21,MA,Maranhão,Nordeste,10472.0,91903.887,165.0,2928.23,105.0,247.0,165.0,4083.068,445.856,10231.0,22.95,8776.15422077922,15.756302521008402
2104552,Governador Edison Lobão,21,MA,Maranhão,Nordeste,18908.0,374987.809,447.0,1677.46,2835.0,3302.0,449.0,63685.42,615.957,18411.0,29.89,19832.230220012694,23.64078696847895
2104602,Governador Eugênio Barros,21,MA,Maranhão,Nordeste,14258.0,118425.6,184.0,3490.14,531.0,671.0,187.0,25165.493,647.989,13930.0,21.5,8305.905456585777,12.90503576939262
2104628,Governador Luiz Rocha,21,MA,Maranhão,Nordeste,7219.0,71079.852,138.0,2018.08,205.0,326.0,140.0,5537.417,401.587,7063.0,17.59,9846.218589832386,19.11622108325253
2104651,Governador Newton Bello,21,MA,Maranhão,Nordeste,10981.0,84172.36,141.0,3808.29,303.0,400.0,142.0,15042.926,1144.146,10713.0,9.36,7665.272743830253,12.840360622894089
2104677,Governador Nunes Freire,21,MA,Maranhão,Nordeste,23563.0,257971.907,513.0,1725.64,1237.0,1672.0,521.0,28853.933,1037.13,23128.0,22.3,10948.177524084369,21.771421296099817
2104701,Graça Aranha,21,MA,Maranhão,Nordeste,6161.0,54153.365,124.0,2835.02,165.0,260.0,126.0,6077.437,271.445,6023.0,22.19,8789.703781853596,20.12660282421685
2104800,Grajaú,21,MA,Maranhão,Nordeste,76578.0,1149732.869,1818.0,1850.05,6305.0,8242.0,1886.0,149395.028,8861.717,73872.0,8.34,15013.879560709342,23.740499882472772
2104909,Guimarães,21,MA,Maranhão,Nordeste,10470.0,93392.793,174.0,2345.09,612.0,741.0,177.0,19946.455,478.857,10290.0,21.49,8920.037535816618,16.6189111747851
2105005,Humberto de Campos,21,MA,Maranhão,Nordeste,26546.0,184362.771,314.0,3149.12,1138.0,1392.0,316.0,46381.393,1714.625,25680.0,14.98,6945.03017403752,11.82852407142319
2105104,Icatu,21,MA,Maranhão,Nordeste,25332.0,178922.63,215.0,2792.78,1757.0,1920.0,219.0,63798.343,1124.445,24794.0,22.05,7063.1071372177485,8.48728880467393
2105153,Igarapé do Meio,21,MA,Maranhão,Nordeste,14350.0,370652.705,192.0,2732.01,1263.0,1447.0,194.0,40006.462,368.685,13974.0,37.9,25829.45679442509,13.37979094076655
2105203,Igarapé Grande,21,MA,Maranhão,Nordeste,10463.0,117728.23,247.0,2884.59,509.0,740.0,248.0,18999.223,346.218,10231.0,29.55,11251.861798719297,23.6069960814298
2105302,Imperatriz,21,MA,Maranhão,Nordeste,285146.0,7692904.278,15082.0,2874.79,67185.0,85624.0,15976.0,2488232.934,1369.039,273110.0,199.49,26978.82585763083,52.8922025909534
2105351,Itaipava do Grajaú,21,MA,Maranhão,Nordeste,14143.0,107284.679,171.0,1860.53,111.0,243.0,173.0,2909.195,1244.398,13828.0,11.11,7585.70876051757,12.090786961747861
2105401,Itapecuru Mirim,21,MA,Maranhão,Nordeste,62269.0,772829.967,1315.0,2982.69,4965.0,6378.0,1340.0,207184.663,1480.641,60440.0,40.82,12411.151086415392,21.11805232137982
2105427,Itinga do Maranhão,21,MA,Maranhão,Nordeste,22934.0,489226.068,738.0,1354.03,2709.0,3481.0,747.0,48995.855,3583.423,22513.0,6.28,21331.911921165083,32.179297113456
2105450,Jatobá,21,MA,Maranhão,Nordeste,7610.0,75688.79,86.0,2874.0,356.0,424.0,86.0,13223.894,591.616,7471.0,12.63,9945.964520367937,11.300919842312746
2105476,Jenipapo dos Vieiras,21,MA,Maranhão,Nordeste,17499.0,125732.557,150.0,2352.71,119.0,242.0,152.0,3536.566,1962.362,17076.0,8.7,7185.128121606949,8.571918395336876
2105500,João Lisboa,21,MA,Maranhão,Nordeste,25287.0,270611.479,516.0,2248.91,1412.0,1964.0,534.0,40471.221,1137.104,24709.0,21.73,10701.604737612211,20.40574208091114
2105609,Joselândia,21,MA,Maranhão,Nordeste,15235.0,116543.145,233.0,3040.96,531.0,748.0,236.0,21056.983,703.081,14924.0,21.23,7649.697735477519,15.293731539218903
2105658,Junco do Maranhão,21,MA,Maranhão,Nordeste,5275.0,61700.601,106.0,2351.69,262.0,339.0,106.0,17735.434,568.499,5146.0,9.05,11696.796398104265,20.09478672985782
2105708,Lago da Pedra,21,MA,Maranhão,Nordeste,45875.0,550403.924,1093.0,1347.33,2521.0,3607.0,1102.0,42843.187,1240.444,44403.0,35.8,11997.90570027248,23.825613079019075
2105807,Lago do Junco,21,MA,Maranhão,Nordeste,9700.0,86637.572,155.0,2130.94,520.0,641.0,157.0,14772.492,328.525,9506.0,28.94,8931.708453608248,15.979381443298967
2105906,Lago Verde,21,MA,Maranhão,Nordeste,15077.0,135733.252,181.0,2248.04,441.0,561.0,183.0,13533.282,631.455,14769.0,23.39,9002.66976188897,12.005040790608211
2105922,Lagoa do Mato,21,MA,Maranhão,Nordeste,10809.0,97006.456,156.0,2196.9,383.0,511.0,156.0,10637.057,1512.985,10572.0,6.99,8974.600425571283,14.43241742991951
2105948,Lago dos Rodrigues,21,MA,Maranhão,Nordeste,8961.0,83982.764,220.0,1936.02,559.0,744.0,221.0,14151.593,220.776,8758.0,39.67,9372.03035375516,24.550831380426292
2105963,Lagoa Grande do Maranhão,21,MA,Maranhão,Nordeste,11710.0,102431.987,210.0,3929.46,386.0,556.0,211.0,19818.681,744.199,11411.0,15.33,8747.394278394535,17.933390264731
2105989,Lajeado Novo,21,MA,Maranhão,Nordeste,7227.0,101466.928,167.0,1040.33,899.0,1039.0,172.0,12195.652,1063.619,7057.0,6.63,14039.97896775979,23.107790231077903
2106003,Lima Campos,21,MA,Maranhão,Nordeste,11558.0,274539.037,281.0,2435.81,597.0,855.0,286.0,19191.858,321.932,11297.0,35.09,23753.161187056583,24.31216473438311
2106102,Loreto,21,MA,Maranhão,Nordeste,11876.0,413263.406,245.0,3187.27,1477.0,1700.0,247.0,64332.945,3597.231,11597.0,3.22,34798.19855170091,20.62984169754126
2106201,Luís Domingues,21,MA,Maranhão,Nordeste,7351.0,57337.332,139.0,2469.12,253.0,362.0,139.0,8155.912,472.296,7161.0,15.16,7799.936335192491,18.908991973881104
2106300,Magalhães de Almeida,21,MA,Maranhão,Nordeste,14001.0,140962.081,286.0,1999.34,1622.0,1883.0,288.0,39750.288,434.433,13807.0,31.78,10068.000928505107,20.42711234911792
2106326,Maracaçumé,21,MA,Maranhão,Nordeste,21686.0,208573.877,487.0,823.21,837.0,1283.0,495.0,9008.16,635.758,21149.0,33.27,9617.904500599465,22.45688462602601
2106359,Marajá do Sena,21,MA,Maranhão,Nordeste,7165.0,90804.107,94.0,2383.03,324.0,381.0,95.0,10048.485,1402.593,7027.0,5.01,12673.287787857642,13.119330076762038
2106375,Maranhãozinho,21,MA,Maranhão,Nordeste,14086.0,120910.354,163.0,2124.73,854.0,982.0,164.0,22982.144,760.947,13761.0,18.08,8583.725259122533,11.571773392020447
2106409,Mata Roma,21,MA,Maranhão,Nordeste,17537.0,179196.345,281.0,3530.66,768.0,1008.0,286.0,35702.662,548.548,17090.0,31.15,10218.186976107658,16.023265096652793
2106508,Matinha,21,MA,Maranhão,Nordeste,22530.0,196744.111,383.0,2547.59,1032.0,1374.0,385.0,34411.687,410.632,22034.0,53.66,8732.539325343985,16.999556147359076
2106607,Matões,21,MA,Maranhão,Nordeste,33300.0,256347.164,394.0,3293.51,1371.0,1795.0,397.0,58303.287,2108.671,32174.0,15.26,7698.113033033033,11.831831831831831
2106631,Matões do Norte,21,MA,Maranhão,Nordeste,17945.0,99314.557,166.0,4260.29,361.0,470.0,166.0,20909.047,794.454,17432.0,21.94,5534.386012816941,9.250487601003066
2106672,Milagres do Maranhão,21,MA,Maranhão,Nordeste,9048.0,64341.207,70.0,2125.7,15.0,52.0,72.0,353.993,634.818,8818.0,13.89,7111.097148541114,7.736516357206013
2106706,Mirador,21,MA,Maranhão,Nordeste,21518.0,277810.662,343.0,907.38,1085.0,1402.0,380.0,12612.891,8522.351,21030.0,2.47,12910.617250673855,15.940143135979179
2106755,Miranda do Norte,21,MA,Maranhão,Nordeste,24377.0,788579.989,461.0,2271.08,1042.0,1456.0,466.0,31766.075,341.107,23864.0,69.96,32349.345243467204,18.9112688189687
2106805,Mirinzal,21,MA,Maranhão,Nordeste,14297.0,112050.444,332.0,2712.98,532.0,807.0,336.0,19092.005,686.942,13978.0,20.35,7837.339581730433,23.221654892634817
2106904,Monção,21,MA,Maranhão,Nordeste,28606.0,257635.203,312.0,3031.31,1191.0,1435.0,316.0,46838.823,1245.548,27751.0,22.28,9006.334440327204,10.906802768649934
2107001,Montes Altos,21,MA,Maranhão,Nordeste,9309.0,86487.258,150.0,1612.84,388.0,511.0,151.0,8029.493,1488.513,9106.0,6.12,9290.714147599097,16.113438607798905
2107100,Morros,21,MA,Maranhão,Nordeste,18994.0,149899.343,329.0,2120.12,411.0,708.0,337.0,10230.83,1712.121,18554.0,10.84,7891.931294092871,17.321259345056333
2107209,Nina Rodrigues,21,MA,Maranhão,Nordeste,14551.0,88512.809,166.0,1661.66,710.0,842.0,167.0,14524.686,570.938,14176.0,24.83,6082.936499209676,11.40815064256752
2107258,Nova Colinas,21,MA,Maranhão,Nordeste,5144.0,86427.055,100.0,2878.92,480.0,570.0,100.0,17693.87,743.085,5021.0,6.76,16801.527021772938,19.440124416796266
2107308,Nova Iorque,21,MA,Maranhão,Nordeste,4412.0,50965.811,81.0,2220.5,238.0,285.0,82.0,6857.521,978.34,4320.0,4.42,11551.634406165005,18.359020852221214
2107357,Nova Olinda do Maranhão,21,MA,Maranhão,Nordeste,14468.0,183142.239,237.0,881.43,552.0,762.0,238.0,6391.496,2452.615,14314.0,5.84,12658.435098147636,16.380978711639482
2107407,Olho d'Água das Cunhãs,21,MA,Maranhão,Nordeste,18295.0,188362.519,307.0,3291.71,329.0,601.0,310.0,13209.108,695.333,17919.0,25.77,10295.846898059579,16.780541131456683
2107456,Olinda Nova do Maranhão,21,MA,Maranhão,Nordeste,13909.0,107282.239,197.0,1938.87,621.0,777.0,198.0,16193.906,199.879,13577.0,67.93,7713.152563088647,14.163491264648789
2107506,Paço do Lumiar,21,MA,Maranhão,Nordeste,152306.0,1240349.364,2828.0,2563.97,11383.0,14446.0,2920.0,353973.564,127.193,145643.0,1145.06,8143.798432103791,18.56788307748874
2107605,Palmeirândia,21,MA,Maranhão,Nordeste,21606.0,139099.184,188.0,1797.97,803.0,947.0,194.0,18564.236,532.161,21059.0,39.57,6437.988706840692,8.70128667962603
2107704,Paraibano,21,MA,Maranhão,Nordeste,18619.0,183352.52,416.0,3069.99,973.0,1355.0,422.0,38580.492,530.517,18274.0,34.45,9847.602986196896,22.34276814007197
2107803,Parnarama,21,MA,Maranhão,Nordeste,32256.0,322943.454,442.0,2231.15,2873.0,3295.0,450.0,78925.446,3245.525,31250.0,9.63,10011.88783482143,13.702876984126984
2107902,Passagem Franca,21,MA,Maranhão,Nordeste,17592.0,200087.597,361.0,1560.73,916.0,1273.0,365.0,18504.447,1358.327,17220.0,12.68,11373.783367439746,20.520691223283308
2108009,Pastos Bons,21,MA,Maranhão,Nordeste,19246.0,309498.551,466.0,1885.06,1292.0,1750.0,471.0,31122.172,1635.181,18802.0,11.5,16081.188350826145,24.212823443832487
2108058,Paulino Neves,21,MA,Maranhão,Nordeste,17523.0,118325.815,266.0,1912.7,772.0,993.0,268.0,19049.93,979.482,17056.0,17.41,6752.600296752839,15.180049078354163
2108108,Paulo Ramos,21,MA,Maranhão,Nordeste,20792.0,194140.237,376.0,3122.64,358.0,701.0,382.0,14131.682,1168.609,20341.0,17.41,9337.256492881877,18.083878414774915
2108207,Pedreiras,21,MA,Maranhão,Nordeste,38267.0,787659.914,1587.0,2297.33,4901.0,6577.0,1612.0,146007.369,262.066,37050.0,141.38,20583.267933206156,41.47176418323882
2108256,Pedro do Rosário,21,MA,Maranhão,Nordeste,24917.0,157862.958,265.0,2455.6,482.0,689.0,265.0,15289.399,1753.867,24320.0,13.87,6335.5523538146645,10.63530922663242
2108306,Penalva,21,MA,Maranhão,Nordeste,33534.0,253736.401,344.0,3817.78,855.0,1176.0,349.0,42137.842,800.916,32511.0,40.59,7566.541450468181,10.25824536291525
2108405,Peri Mirim,21,MA,Maranhão,Nordeste,11277.0,95935.716,164.0,1929.35,701.0,819.0,165.0,17292.974,397.994,11108.0,27.91,8507.201915403033,14.542874878070409
2108454,Peritoró,21,MA,Maranhão,Nordeste,20910.0,230427.47,419.0,2144.2,1512.0,1887.0,426.0,42712.827,824.725,20479.0,24.83,11019.965088474413,20.038259206121474
2108504,Pindaré-Mirim,21,MA,Maranhão,Nordeste,32521.0,296184.232,495.0,3232.83,2029.0,2496.0,503.0,86856.676,268.285,31429.0,117.15,9107.476153869808,15.220934165616063
2108603,Pinheiro,21,MA,Maranhão,Nordeste,87919.0,1039933.211,2019.0,2439.53,8347.0,10331.0,2088.0,260407.309,1512.969,84621.0,55.93,11828.310274229689,22.964319430384787
2108702,Pio XII,21,MA,Maranhão,Nordeste,22369.0,191327.123,409.0,3093.98,1495.0,1865.0,412.0,59035.006,545.14,21886.0,40.15,8553.226474138317,18.284232643390407
2108801,Pirapemas,21,MA,Maranhão,Nordeste,18120.0,130764.31,188.0,2469.47,1087.0,1227.0,190.0,35699.598,688.761,17714.0,25.72,7216.573399558499,10.375275938189844
2108900,Poção de Pedras,21,MA,Maranhão,Nordeste,17444.0,163076.031,236.0,3340.33,1037.0,1239.0,236.0,47137.531,990.415,17161.0,17.33,9348.54568906214,13.529007108461363
2109007,Porto Franco,21,MA,Maranhão,Nordeste,24517.0,1026076.447,942.0,3620.94,2804.0,3735.0,963.0,132273.43,1420.51,23903.0,16.83,41851.631398621364,38.4223192070808
2109056,Porto Rico do Maranhão,21,MA,Maranhão,Nordeste,6091.0,45855.701,93.0,1232.05,260.0,311.0,93.0,4102.513,244.979,5954.0,24.3,7528.4355606632735,15.268428829420456
2109106,Presidente Dutra,21,MA,Maranhão,Nordeste,46578.0,755699.287,1833.0,2153.78,5646.0,7587.0,1892.0,167084.855,771.574,45155.0,58.52,16224.382476705741,39.35334277985314
2109205,Presidente Juscelino,21,MA,Maranhão,Nordeste,11616.0,84478.884,162.0,793.85,467.0,591.0,163.0,4769.796,355.568,11356.0,31.94,7272.631198347108,13.946280991735538
2109239,Presidente Médici,21,MA,Maranhão,Nordeste,4748.0,60682.46,142.0,1130.7,551.0,648.0,142.0,9532.779,437.687,4696.0,10.73,12780.636057287278,29.90732940185341
2109270,Presidente Sarney,21,MA,Maranhão,Nordeste,17913.0,164968.075,212.0,1747.06,697.0,870.0,214.0,15725.424,726.172,17511.0,24.11,9209.405180595098,11.834980181990733
2109304,Presidente Vargas,21,MA,Maranhão,Nordeste,10791.0,76166.221,158.0,3699.29,468.0,578.0,160.0,22846.957,460.004,10549.0,22.93,7058.309795199703,14.641831155592623
2109403,Primeira Cruz,21,MA,Maranhão,Nordeste,13922.0,89083.212,129.0,2228.9,373.0,475.0,133.0,10712.309,1337.161,13614.0,10.18,6398.736675764976,9.265910070392186
2109452,Raposa,21,MA,Maranhão,Nordeste,32054.0,286152.981,632.0,2129.29,2214.0,2891.0,655.0,58384.839,79.213,30839.0,389.32,8927.215979284956,19.71672802146378
2109502,Riachão,21,MA,Maranhão,Nordeste,22699.0,673197.288,584.0,2649.05,1522.0,2108.0,601.0,54097.134,6402.83,22145.0,3.46,29657.57469492048,25.72800563901493
2109551,Ribamar Fiquene,21,MA,Maranhão,Nordeste,7597.0,124192.458,149.0,2570.3,552.0,676.0,150.0,18790.965,733.458,7420.0,10.12,16347.565881268922,19.61300513360537
2109601,Rosário,21,MA,Maranhão,Nordeste,39763.0,443176.336,810.0,2319.39,4396.0,5206.0,823.0,143477.413,647.998,38475.0,59.38,11145.445162588336,20.370696376027965
2109700,Sambaíba,21,MA,Maranhão,Nordeste,5701.0,474702.865,127.0,3091.01,757.0,852.0,130.0,30947.425,2476.132,5568.0,2.25,83266.59621119102,22.276793544992106
2109759,Santa Filomena do Maranhão,21,MA,Maranhão,Nordeste,6839.0,60202.696,107.0,2203.33,309.0,379.0,108.0,8888.281,623.213,6697.0,10.75,8802.850709168008,15.645562216698348
2109809,Santa Helena,21,MA,Maranhão,Nordeste,43112.0,357950.669,597.0,1586.54,1592.0,2148.0,600.0,33220.634,2191.168,41561.0,18.97,8302.80824364446,13.847652625719057
2109908,Santa Inês,21,MA,Maranhão,Nordeste,88167.0,1465933.412,2802.0,2596.22,12598.0,15583.0,2899.0,428123.832,786.689,85014.0,108.07,16626.781131262265,31.780598182993636
2110005,Santa Luzia,21,MA,Maranhão,Nordeste,59037.0,743420.228,1457.0,2953.56,4081.0,5515.0,1486.0,155889.441,4837.169,57635.0,11.92,12592.445889865678,24.679438318342736
2110039,Santa Luzia do Paruá,21,MA,Maranhão,Nordeste,24870.0,253332.488,553.0,2004.76,2306.0,2803.0,559.0,60429.046,1010.483,24307.0,24.05,10186.268114193808,22.235625251306796
2110104,Santa Quitéria do Maranhão,21,MA,Maranhão,Nordeste,24489.0,218445.479,329.0,2184.02,1797.0,2083.0,337.0,51029.064,1430.33,23957.0,16.75,8920.146963942994,13.434603291273634
2110203,Santa Rita,21,MA,Maranhão,Nordeste,38446.0,354630.56,595.0,2446.61,1528.0,2089.0,614.0,49156.79,756.797,37035.0,48.94,9224.121104926391,15.476252405972012
2110237,Santana do Maranhão,21,MA,Maranhão,Nordeste,10777.0,74090.273,125.0,2207.89,430.0,526.0,126.0,12408.43,932.03,10567.0,11.34,6874.8513500974295,11.598775169342117
2110278,Santo Amaro do Maranhão,21,MA,Maranhão,Nordeste,14280.0,95932.071,337.0,2468.84,692.0,1076.0,340.0,21485.636,1582.806,13949.0,8.81,6717.932142857143,23.599439775910362
2110302,Santo Antônio dos Lopes,21,MA,Maranhão,Nordeste,14623.0,3055534.598,403.0,5220.2,1707.0,2052.0,408.0,123015.109,770.923,14304.0,18.55,208954.0175066676,27.559324352048144
2110401,São Benedito do Rio Preto,21,MA,Maranhão,Nordeste,18793.0,143436.891,286.0,1646.67,979.0,1204.0,290.0,21285.578,931.485,18364.0,19.71,7632.463736497632,15.218432395040708
2110500,São Bento,21,MA,Maranhão,Nordeste,48036.0,312160.447,575.0,2046.02,1573.0,2105.0,585.0,42210.879,456.997,46395.0,101.52,6498.468794237655,11.970189024897993
2110609,São Bernardo,21,MA,Maranhão,Nordeste,27887.0,281176.714,615.0,1677.56,1437.0,2034.0,629.0,31065.715,1005.824,26943.0,26.79,10082.716462868004,22.053286477570193
2110658,São Domingos do Azeitão,21,MA,Maranhão,Nordeste,8213.0,320522.227,245.0,2707.89,599.0,799.0,248.0,30939.897,961.249,7992.0,8.31,39026.20564957993,29.83075611834896
2110708,São Domingos do Maranhão,21,MA,Maranhão,Nordeste,35221.0,355916.198,660.0,2223.88,2725.0,3398.0,670.0,75367.161,1151.978,34034.0,29.54,10105.226938474205,18.738820589988926
2110807,São Félix de Balsas,21,MA,Maranhão,Nordeste,4495.0,86158.133,105.0,1699.35,378.0,453.0,106.0,8382.877,2032.599,4402.0,2.17,19167.549054505005,23.35928809788654
2110856,São Francisco do Brejão,21,MA,Maranhão,Nordeste,9222.0,121252.875,163.0,1031.21,827.0,953.0,164.0,11201.745,745.357,9051.0,12.14,13148.218932986338,17.67512470180004
2110906,São Francisco do Maranhão,21,MA,Maranhão,Nordeste,12353.0,98973.358,126.0,1898.8,49.0,147.0,127.0,1235.207,2284.217,12064.0,5.28,8012.090828138914,10.19995142880272
2111003,São João Batista,21,MA,Maranhão,Nordeste,18909.0,135594.817,210.0,1615.44,650.0,808.0,214.0,13486.482,649.956,18544.0,28.53,7170.914220741446,11.105822624147232
2111029,São João do Carú,21,MA,Maranhão,Nordeste,12421.0,123005.633,181.0,3045.14,530.0,667.0,184.0,21140.532,910.065,12251.0,13.46,9903.037839143386,14.572095644473071
2111052,São João do Paraíso,21,MA,Maranhão,Nordeste,10105.0,151457.505,275.0,1018.36,1055.0,1298.0,277.0,13426.262,2052.328,9904.0,4.83,14988.372587827807,27.214250371103414
2111078,São João do Soter,21,MA,Maranhão,Nordeste,17254.0,156360.341,195.0,3852.96,481.0,654.0,196.0,23807.548,1438.067,16889.0,11.74,9062.266199142228,11.30172713573664
2111102,São João dos Patos,21,MA,Maranhão,Nordeste,25891.0,340970.01,825.0,2822.97,2195.0,3044.0,835.0,80475.874,1483.255,25020.0,16.87,13169.441504769997,31.864354408867943
2111201,São José de Ribamar,21,MA,Maranhão,Nordeste,257414.0,2293735.382,4778.0,2601.44,19298.0,24571.0,4978.0,656701.418,180.363,244579.0,1356.04,8910.686217532846,18.56153899943282
2111250,São José dos Basílios,21,MA,Maranhão,Nordeste,7102.0,61939.891,132.0,2368.97,276.0,366.0,134.0,8939.963,353.72,6957.0,19.67,8721.471557307801,18.586313714446632
2111300,São Luís,21,MA,Maranhão,Nordeste,1088057.0,36533730.096,52271.0,3960.43,420168.0,484663.0,55569.0,21451071.85,583.063,1037775.0,1779.87,33577.03695302728,48.04068169222752
2111409,São Luís Gonzaga do Maranhão,21,MA,Maranhão,Nordeste,18153.0,170048.089,251.0,2651.89,1365.0,1575.0,254.0,47333.967,909.164,17818.0,19.6,9367.492370407095,13.826915661323198
2111508,São Mateus do Maranhão,21,MA,Maranhão,Nordeste,40160.0,429231.93,822.0,2874.23,2042.0,2820.0,837.0,77276.135,800.045,38829.0,48.53,10688.046065737051,20.46812749003984
2111532,São Pedro da Água Branca,21,MA,Maranhão,Nordeste,14736.0,127602.958,249.0,1398.99,764.0,974.0,251.0,13787.873,720.461,14338.0,19.9,8659.266965255158,16.89739413680782
2111573,São Pedro dos Crentes,21,MA,Maranhão,Nordeste,5965.0,83540.517,152.0,1780.22,509.0,643.0,152.0,13226.154,979.915,5783.0,5.9,14005.116010058675,25.48197820620285
2111607,São Raimundo das Mangabeiras,21,MA,Maranhão,Nordeste,19129.0,739620.648,523.0,2066.62,3151.0,3669.0,529.0,101018.169,3524.501,18672.0,5.3,38664.88828480318,27.340686915155
2111631,São Raimundo do Doca Bezerra,21,MA,Maranhão,Nordeste,5767.0,43954.657,95.0,2829.92,295.0,351.0,95.0,11592.206,419.55,5650.0,13.47,7621.754291659442,16.47303624067973
2111672,São Roberto,21,MA,Maranhão,Nordeste,4602.0,45765.6,72.0,1608.36,611.0,653.0,72.0,12924.301,226.811,4544.0,20.03,9944.719687092569,15.645371577574968
2111706,São Vicente Ferrer,21,MA,Maranhão,Nordeste,19885.0,145751.943,284.0,2928.94,754.0,982.0,288.0,28712.484,393.928,19498.0,49.5,7329.7431732461655,14.282122202665326
2111722,Satubinha,21,MA,Maranhão,Nordeste,8880.0,93075.672,119.0,2914.84,584.0,670.0,120.0,22581.518,441.811,8784.0,19.88,10481.494594594595,13.4009009009009
2111748,Senador Alexandre Costa,21,MA,Maranhão,Nordeste,10445.0,101830.005,173.0,3125.68,433.0,552.0,176.0,16907.343,426.437,10207.0,23.94,9749.162757300144,16.562948779320248
2111763,Senador La Rocque,21,MA,Maranhão,Nordeste,15035.0,187129.583,271.0,2431.83,852.0,1088.0,277.0,27215.636,738.187,14700.0,19.91,12446.264250083139,18.02460924509478
2111789,Serrano do Maranhão,21,MA,Maranhão,Nordeste,10461.0,72441.209,119.0,4223.55,197.0,282.0,119.0,10638.059,1165.318,10202.0,8.75,6924.883758722875,11.375585508077622
2111805,Sítio Novo,21,MA,Maranhão,Nordeste,17457.0,221498.812,317.0,1407.0,1314.0,1609.0,323.0,33893.346,3114.683,17074.0,5.48,12688.251818754654,18.158904737354643
2111904,Sucupira do Norte,21,MA,Maranhão,Nordeste,10471.0,126216.824,188.0,547.46,495.0,648.0,204.0,3519.988,1074.435,10238.0,9.53,12053.941743864005,17.954350109827143
2111953,Sucupira do Riachão,21,MA,Maranhão,Nordeste,5088.0,47999.264,80.0,2151.83,215.0,256.0,81.0,5961.203,862.226,4985.0,5.78,9433.817610062893,15.723270440251572
2112001,Tasso Fragoso,21,MA,Maranhão,Nordeste,9106.0,2351422.335,282.0,2511.69,1953.0,2186.0,291.0,61837.309,4369.159,8862.0,2.03,258227.79870415112,30.968592137052493
2112100,Timbiras,21,MA,Maranhão,Nordeste,27344.0,196337.342,342.0,1795.21,2366.0,2669.0,345.0,55270.164,1486.584,26484.0,17.82,7180.271430661205,12.507314218841428
2112209,Timon,21,MA,Maranhão,Nordeste,182241.0,2320670.569,3665.0,2365.69,18518.0,22394.0,3793.0,577355.325,1763.22,174465.0,98.95,12734.075037999133,20.110732491590806
2112233,Trizidela do Vale,21,MA,Maranhão,Nordeste,23052.0,525500.058,617.0,2189.44,2237.0,2839.0,617.0,68698.74,291.61,22484.0,77.1,22796.28917230609,26.76557348603158
2112274,Tufilândia,21,MA,Maranhão,Nordeste,5633.0,60049.231,84.0,2078.97,911.0,958.0,85.0,24831.218,270.934,5507.0,20.33,10660.257589206461,14.912124977809338
2112308,Tuntum,21,MA,Maranhão,Nordeste,37401.0,365192.092,558.0,2518.56,1482.0,2007.0,563.0,49414.036,3369.121,36251.0,10.76,9764.233362744311,14.919387182160905
2112407,Turiaçu,21,MA,Maranhão,Nordeste,38905.0,295916.006,411.0,837.82,1310.0,1644.0,422.0,14170.757,2622.281,37491.0,14.3,7606.117619843208,10.564194833568951
2112456,Turilândia,21,MA,Maranhão,Nordeste,33032.0,223066.68,264.0,320.05,662.0,863.0,266.0,2752.36,1507.622,31638.0,20.99,6753.047953499637,7.992249939452653
2112506,Tutóia,21,MA,Maranhão,Nordeste,55041.0,546155.379,992.0,2966.72,3427.0,4417.0,1022.0,129116.051,1566.08,53356.0,34.07,9922.70087752766,18.022928362493413
2112605,Urbano Santos,21,MA,Maranhão,Nordeste,34060.0,247484.972,463.0,1695.98,2591.0,3026.0,474.0,54069.8,1707.621,32812.0,19.22,7266.147152084557,13.5936582501468
2112704,Vargem Grande,21,MA,Maranhão,Nordeste,44540.0,433472.798,731.0,2018.54,4056.0,4749.0,741.0,105630.424,1958.702,43261.0,22.09,9732.213695554557,16.412213740458018
2112803,Viana,21,MA,Maranhão,Nordeste,53115.0,501709.759,932.0,3120.55,2144.0,3041.0,941.0,87367.957,1166.745,51442.0,44.09,9445.726423797421,17.546832344911984
2112852,Vila Nova dos Martírios,21,MA,Maranhão,Nordeste,10575.0,156914.053,173.0,3705.13,839.0,969.0,174.0,40986.002,1190.008,10362.0,8.71,14838.208321513002,16.35933806146572
2112902,Vitória do Mearim,21,MA,Maranhão,Nordeste,31851.0,318162.926,584.0,2992.33,1490.0,2028.0,596.0,61827.63,716.719,30805.0,42.98,9989.103199271609,18.335374085586007
2113009,Vitorino Freire,21,MA,Maranhão,Nordeste,31906.0,325509.408,593.0,1791.79,2184.0,2743.0,598.0,50976.968,1193.385,30845.0,25.85,10202.137779727951,18.58584592239704
2114007,Zé Doca,21,MA,Maranhão,Nordeste,41943.0,567070.435,945.0,3022.76,2407.0,3392.0,960.0,92857.791,2140.109,40801.0,19.06,13520.025630021697,22.530577211930478
2200053,Acauã,22,PI,Piauí,Nordeste,6515.0,73622.922,110.0,2959.45,367.0,456.0,113.0,14040.274,1280.838,6420.0,5.01,11300.525249424405,16.88411358403684
2200103,Agricolândia,22,PI,Piauí,Nordeste,5023.0,47283.337,92.0,2928.99,216.0,300.0,93.0,8035.364,112.392,4940.0,43.95,9413.3659167828,18.315747561218394
2200202,Água Branca,22,PI,Piauí,Nordeste,18033.0,244026.811,719.0,2373.99,2251.0,2949.0,763.0,69320.259,96.843,17573.0,181.46,13532.235956302335,39.871346974990296
2200251,Alagoinha do Piauí,22,PI,Piauí,Nordeste,6901.0,65441.715,132.0,2604.39,209.0,312.0,134.0,8139.91,535.89,6819.0,12.72,9482.932183741486,19.12766265758586
2200277,Alegrete do Piauí,22,PI,Piauí,Nordeste,4713.0,48183.522,129.0,2882.22,202.0,288.0,132.0,8758.359,243.732,4634.0,19.01,10223.535327816677,27.37110120942075
2200301,Alto Longá,22,PI,Piauí,Nordeste,13734.0,130958.328,288.0,2726.4,776.0,1036.0,300.0,28321.255,1743.331,13479.0,7.73,9535.337702053299,20.969855832241155
2200400,Altos,22,PI,Piauí,Nordeste,49637.0,538140.324,1065.0,2011.3,5493.0,6604.0,1132.0,149045.912,957.232,47453.0,49.57,10841.515885327477,21.45576888208393
2200459,Alvorada do Gurguéia,22,PI,Piauí,Nordeste,5459.0,82124.847,134.0,2061.02,391.0,523.0,136.0,10910.2,2131.506,5322.0,2.5,15043.936068877083,24.546620260120903
2200509,Amarante,22,PI,Piauí,Nordeste,17577.0,192593.565,379.0,3008.02,978.0,1341.0,394.0,41494.712,1152.127,17234.0,14.96,10957.135176651305,21.562268874096834
2200608,Angical do Piauí,22,PI,Piauí,Nordeste,6982.0,66749.412,201.0,2360.96,481.0,651.0,204.0,13544.281,222.008,6827.0,30.75,9560.213692351761,28.788312804354053
2200707,Anísio de Abreu,22,PI,Piauí,Nordeste,9631.0,98552.117,330.0,2748.36,609.0,902.0,343.0,21888.442,337.877,9407.0,27.84,10232.802097393833,34.2643546879867
2200806,Antônio Almeida,22,PI,Piauí,Nordeste,3228.0,140157.215,122.0,2541.25,594.0,693.0,122.0,18649.971,644.8,3152.0,4.89,43419.21158612144,37.79429987608427
2200905,Aroazes,22,PI,Piauí,Nordeste,5433.0,57304.894,125.0,1556.02,387.0,475.0,130.0,9366.69,821.212,5369.0,6.54,10547.560095711393,23.007546475243878
2200954,Aroeiras do Itaim,22,PI,Piauí,Nordeste,2766.0,24629.999,62.0,2520.71,200.0,234.0,62.0,7724.368,316.235,2690.0,8.51,8904.554953000723,22.415039768618943
2201002,Arraial,22,PI,Piauí,Nordeste,4593.0,48922.149,101.0,2641.51,369.0,452.0,102.0,13963.883,682.727,4520.0,6.62,10651.458523840627,21.9899847594165
2201051,Assunção do Piauí,22,PI,Piauí,Nordeste,7597.0,64266.487,101.0,2314.96,335.0,409.0,104.0,9676.561,1690.703,7452.0,4.41,8459.45596946163,13.294721600631828
2201101,Avelino Lopes,22,PI,Piauí,Nordeste,11106.0,97601.73,254.0,3077.42,495.0,738.0,256.0,19946.041,1220.371,10866.0,8.9,8788.198271204754,22.870520439402124
2201150,Baixa Grande do Ribeiro,22,PI,Piauí,Nordeste,13838.0,1768705.362,702.0,2853.32,2292.0,3025.0,720.0,129892.4,7808.915,13272.0,1.7,127815.10059257118,50.72987425928603
2201176,Barra D'Alcântara,22,PI,Piauí,Nordeste,4091.0,38963.324,89.0,2749.0,229.0,293.0,93.0,9652.21,263.943,3995.0,15.14,9524.156440967978,21.755072109508678
2201200,Barras,22,PI,Piauí,Nordeste,49533.0,497741.529,898.0,2860.29,3495.0,4409.0,941.0,129275.214,1722.507,47938.0,27.83,10048.68530070862,18.129327922798943
2201309,Barreiras do Piauí,22,PI,Piauí,Nordeste,3334.0,163171.991,88.0,3049.85,148.0,208.0,94.0,6149.81,2168.713,3264.0,1.51,48941.80893821236,26.394721055788843
2201408,Barro Duro,22,PI,Piauí,Nordeste,6744.0,90191.797,164.0,2624.44,504.0,653.0,169.0,17418.433,159.436,6640.0,41.65,13373.635379596679,24.31791221826809
2201507,Batalha,22,PI,Piauí,Nordeste,27123.0,250806.615,473.0,2541.24,1586.0,2039.0,484.0,51957.509,1589.01,26300.0,16.55,9247.00862736423,17.43907384876304
2201556,Bela Vista do Piauí,22,PI,Piauí,Nordeste,4208.0,46876.016,110.0,2596.72,256.0,340.0,115.0,8683.079,499.092,4091.0,8.2,11139.737642585551,26.14068441064639
2201572,Belém do Piauí,22,PI,Piauí,Nordeste,3508.0,41264.3,114.0,2526.71,342.0,441.0,116.0,11264.959,243.234,3423.0,14.07,11762.913340935005,32.497149372862026
2201606,Beneditinos,22,PI,Piauí,Nordeste,10104.0,91898.245,194.0,2624.5,501.0,659.0,201.0,24178.386,937.098,9929.0,10.6,9095.234065716548,19.20031670625495
2201705,Bertolínia,22,PI,Piauí,Nordeste,5701.0,72471.497,160.0,3463.47,361.0,487.0,164.0,16097.391,1216.116,5562.0,4.57,12712.067532011928,28.065251710226278
2201739,Betânia do Piauí,22,PI,Piauí,Nordeste,6368.0,62569.761,138.0,3156.78,359.0,492.0,138.0,14815.163,579.576,6220.0,10.73,9825.653423366834,21.670854271356784
2201770,Boa Hora,22,PI,Piauí,Nordeste,7108.0,62506.775,118.0,2573.89,368.0,451.0,121.0,13716.488,336.954,6902.0,20.48,8793.862549240293,16.601012943162633
2201804,Bocaina,22,PI,Piauí,Nordeste,4131.0,47772.092,81.0,2116.19,342.0,405.0,83.0,9746.687,261.651,4078.0,15.59,11564.292423142097,19.607843137254903
2201903,Bom Jesus,22,PI,Piauí,Nordeste,30321.0,1411005.077,1874.0,2751.91,4471.0,6474.0,1956.0,156992.217,5471.024,28796.0,5.26,46535.571946835524,61.805349427789324
2201919,Bom Princípio do Piauí,22,PI,Piauí,Nordeste,5786.0,70165.896,87.0,2000.34,663.0,721.0,87.0,17467.923,523.142,5636.0,10.77,12126.839958520566,15.036294503975112
2201929,Bonfim do Piauí,22,PI,Piauí,Nordeste,6089.0,52944.719,88.0,3482.19,277.0,338.0,93.0,11504.972,289.149,5913.0,20.45,8695.14189522089,14.452291016587289
2201945,Boqueirão do Piauí,22,PI,Piauí,Nordeste,6728.0,51724.971,108.0,1920.74,316.0,393.0,112.0,8360.822,269.786,6545.0,24.26,7688.015903686088,16.05231866825208
2201960,Brasileira,22,PI,Piauí,Nordeste,8658.0,69325.171,160.0,2845.69,571.0,736.0,162.0,21234.939,880.836,8436.0,9.58,8007.0652575652575,18.48001848001848
2201988,Brejo do Piauí,22,PI,Piauí,Nordeste,3969.0,43978.556,81.0,2886.49,268.0,328.0,86.0,10188.6,2267.327,3904.0,1.72,11080.512975560594,20.408163265306122
2202000,Buriti dos Lopes,22,PI,Piauí,Nordeste,20096.0,214793.085,318.0,2510.96,1528.0,1815.0,343.0,56421.49,690.54,19654.0,28.46,10688.350169187897,15.824044585987261
2202026,Buriti dos Montes,22,PI,Piauí,Nordeste,7538.0,69689.581,111.0,3173.38,514.0,604.0,112.0,20232.581,2437.326,7434.0,3.05,9245.102281772353,14.725391350490845
2202059,Cabeceiras do Piauí,22,PI,Piauí,Nordeste,10449.0,86140.193,140.0,1871.58,875.0,986.0,142.0,20946.606,608.747,10212.0,16.78,8243.869556895397,13.39841133122787
2202075,Cajazeiras do Piauí,22,PI,Piauí,Nordeste,3146.0,34182.376,83.0,2394.26,313.0,369.0,84.0,9773.995,514.106,3108.0,6.05,10865.34520025429,26.38270820089002
2202083,Cajueiro da Praia,22,PI,Piauí,Nordeste,8203.0,115378.651,379.0,2185.66,1255.0,1658.0,396.0,37382.625,271.165,7957.0,29.34,14065.421309277093,46.202608801657924
2202091,Caldeirão Grande do Piauí,22,PI,Piauí,Nordeste,5605.0,195078.704,116.0,3274.4,371.0,508.0,116.0,15736.674,467.083,5503.0,11.78,34804.40749330955,20.695807314897415
2202109,Campinas do Piauí,22,PI,Piauí,Nordeste,4988.0,57498.267,99.0,2482.35,498.0,566.0,103.0,14393.31,783.842,4938.0,6.3,11527.318965517241,19.847634322373697
2202117,Campo Alegre do Fidalgo,22,PI,Piauí,Nordeste,4701.0,51328.183,121.0,3125.67,455.0,545.0,126.0,19172.208,657.796,4616.0,7.02,10918.566900659434,25.739204424590515
2202133,Campo Grande do Piauí,22,PI,Piauí,Nordeste,6188.0,62139.376,145.0,2021.59,353.0,480.0,147.0,9305.445,311.682,6020.0,19.31,10041.915966386554,23.432449903038137
2202174,Campo Largo do Piauí,22,PI,Piauí,Nordeste,7636.0,56554.279,119.0,4801.68,286.0,373.0,121.0,18435.674,478.078,7419.0,15.52,7406.27016762703,15.584075432163436
2202208,Campo Maior,22,PI,Piauí,Nordeste,47074.0,706324.081,1439.0,2692.75,6050.0,7533.0,1542.0,204564.69,1680.861,45793.0,27.24,15004.547754599142,30.568891532480777
2202251,Canavieira,22,PI,Piauí,Nordeste,3429.0,41948.251,69.0,2583.19,348.0,393.0,71.0,11571.486,2165.277,3414.0,1.58,12233.37736949548,20.122484689413824
2202307,Canto do Buriti,22,PI,Piauí,Nordeste,19669.0,271402.164,775.0,2482.19,2018.0,2791.0,803.0,75699.545,4325.643,19365.0,4.48,13798.47292694087,39.40210483501957
2202406,Capitão de Campos,22,PI,Piauí,Nordeste,11347.0,106411.346,208.0,2736.16,668.0,839.0,214.0,23383.737,571.658,11100.0,19.42,9377.927734202873,18.330836344408212
2202455,Capitão Gervásio Oliveira,22,PI,Piauí,Nordeste,4065.0,43672.125,116.0,3158.06,534.0,603.0,123.0,22140.404,1132.995,3974.0,3.51,10743.450184501846,28.536285362853626
2202505,Caracol,22,PI,Piauí,Nordeste,10538.0,97485.306,224.0,2825.36,729.0,920.0,240.0,25266.347,1610.959,10318.0,6.4,9250.835642436896,21.25640539001708
2202539,Caraúbas do Piauí,22,PI,Piauí,Nordeste,5755.0,57437.136,80.0,3076.13,289.0,342.0,81.0,12647.159,471.217,5630.0,11.95,9980.388531711555,13.900955690703736
2202554,Caridade do Piauí,22,PI,Piauí,Nordeste,5162.0,50031.834,110.0,2125.05,551.0,636.0,110.0,14334.704,498.793,5033.0,10.09,9692.335141418054,21.309569934134057
2202604,Castelo do Piauí,22,PI,Piauí,Nordeste,19663.0,202304.401,491.0,2537.27,1097.0,1575.0,511.0,41987.324,2378.847,19288.0,8.11,10288.582667955043,24.970757259828105
2202653,Caxingó,22,PI,Piauí,Nordeste,5657.0,53143.56,75.0,2521.81,360.0,416.0,78.0,13390.766,491.093,5496.0,11.19,9394.30086618349,13.2579105532968
2202703,Cocal,22,PI,Piauí,Nordeste,29209.0,272774.716,505.0,2605.78,1818.0,2305.0,530.0,63437.617,1294.133,28212.0,21.8,9338.721489951728,17.28919168749358
2202711,Cocal de Telha,22,PI,Piauí,Nordeste,5034.0,46961.377,96.0,3038.66,298.0,368.0,98.0,11803.359,310.291,4911.0,15.83,9328.8392928089,19.07032181168057
2202729,Cocal dos Alves,22,PI,Piauí,Nordeste,6569.0,56962.001,107.0,2388.82,284.0,378.0,114.0,11866.605,324.856,6386.0,19.66,8671.335210838788,16.2886284061501
2202737,Coivaras,22,PI,Piauí,Nordeste,4233.0,37708.09,85.0,2740.81,234.0,300.0,86.0,11195.826,484.46,4117.0,8.5,8908.124261752893,20.080321285140563
2202752,Colônia do Gurguéia,22,PI,Piauí,Nordeste,6287.0,70560.084,203.0,3175.08,350.0,538.0,208.0,15756.734,429.591,6150.0,14.32,11223.1722602195,32.28885000795292
2202778,Colônia do Piauí,22,PI,Piauí,Nordeste,7088.0,68111.356,103.0,2892.18,375.0,452.0,108.0,14072.301,950.193,6994.0,7.36,9609.389954853274,14.531602708803613
2202802,Conceição do Canindé,22,PI,Piauí,Nordeste,5063.0,60445.69,120.0,3306.91,206.0,315.0,121.0,11023.453,824.729,4932.0,5.98,11938.710250839424,23.701362828362633
2202851,Coronel José Dias,22,PI,Piauí,Nordeste,4305.0,40770.481,103.0,1791.08,454.0,532.0,107.0,11455.75,1926.103,4250.0,2.21,9470.4950058072,23.925667828106853
2202901,Corrente,22,PI,Piauí,Nordeste,28275.0,680737.206,956.0,2328.19,3013.0,3987.0,1033.0,94774.799,3048.747,27278.0,8.95,24075.586419098145,33.81078691423519
2203008,Cristalândia do Piauí,22,PI,Piauí,Nordeste,7454.0,75069.034,118.0,2985.14,445.0,538.0,120.0,17157.68,1202.896,7356.0,6.12,10070.973168768447,15.8304266165817
2203107,Cristino Castro,22,PI,Piauí,Nordeste,10772.0,121468.484,379.0,2484.24,1010.0,1355.0,391.0,32264.149,1845.698,10503.0,5.69,11276.316747122168,35.18380987746008
2203206,Curimatá,22,PI,Piauí,Nordeste,11552.0,140861.162,389.0,2663.95,1059.0,1430.0,399.0,34492.121,2344.949,11270.0,4.81,12193.660145429363,33.673822714681435
2203230,Currais,22,PI,Piauí,Nordeste,4968.0,409013.145,127.0,2543.18,664.0,745.0,128.0,22245.958,3156.657,4854.0,1.54,82329.53804347826,25.563607085346217
2203255,Curralinhos,22,PI,Piauí,Nordeste,4527.0,39659.739,95.0,2567.76,266.0,322.0,96.0,8902.691,345.811,4413.0,12.76,8760.711066931743,20.985199911641264
2203271,Curral Novo do Piauí,22,PI,Piauí,Nordeste,5185.0,78413.731,106.0,2414.34,252.0,377.0,108.0,17926.668,755.251,5073.0,6.72,15123.188235294117,20.443587270973964
2203305,Demerval Lobão,22,PI,Piauí,Nordeste,16998.0,215833.93,407.0,2318.36,1292.0,1662.0,417.0,54794.799,216.807,16352.0,75.42,12697.60736557242,23.943993410989528
2203354,Dirceu Arcoverde,22,PI,Piauí,Nordeste,7238.0,67492.72,138.0,2158.36,375.0,483.0,142.0,10621.906,1005.571,7054.0,7.01,9324.774799668417,19.06604034263609
2203404,Dom Expedito Lopes,22,PI,Piauí,Nordeste,6421.0,78053.04,194.0,2594.9,339.0,536.0,201.0,11823.302,218.808,6320.0,28.88,12155.900950007786,30.213362404609875
2203420,Domingos Mourão,22,PI,Piauí,Nordeste,4138.0,46531.734,68.0,2802.8,217.0,255.0,77.0,7827.271,848.705,4075.0,4.8,11244.98163363944,16.433059449009185
2203453,Dom Inocêncio,22,PI,Piauí,Nordeste,9335.0,164346.754,229.0,3075.9,463.0,619.0,233.0,18546.23,3871.824,9159.0,2.37,17605.436957686128,24.531333690412428
2203503,Elesbão Veloso,22,PI,Piauí,Nordeste,13786.0,164744.743,303.0,2147.5,1614.0,1904.0,312.0,45065.058,1383.976,13607.0,9.83,11950.148193819818,21.978819091832293
2203602,Eliseu Martins,22,PI,Piauí,Nordeste,4435.0,55592.235,177.0,2432.15,302.0,457.0,179.0,9468.927,1097.79,4377.0,3.99,12534.889515219842,39.9098083427283
2203701,Esperantina,22,PI,Piauí,Nordeste,42510.0,456614.921,1082.0,2743.99,3560.0,4643.0,1152.0,125381.712,908.748,40970.0,45.08,10741.353116913668,25.452834627146554
2203750,Fartura do Piauí,22,PI,Piauí,Nordeste,5414.0,46774.439,90.0,2635.29,409.0,467.0,92.0,13339.664,713.046,5284.0,7.41,8639.534355374954,16.62356852604359
2203800,Flores do Piauí,22,PI,Piauí,Nordeste,4508.0,48120.151,101.0,2648.24,254.0,332.0,106.0,10423.497,946.719,4414.0,4.66,10674.390195208518,22.404614019520853
2203859,Floresta do Piauí,22,PI,Piauí,Nordeste,2364.0,25258.408,59.0,2240.94,205.0,237.0,61.0,5960.459,223.199,2333.0,10.45,10684.605752961083,24.957698815566836
2203909,Floriano,22,PI,Piauí,Nordeste,64150.0,1375703.712,3059.0,2504.6,12475.0,16105.0,3270.0,399939.476,3407.979,62036.0,18.2,21445.1085268901,47.685113016367886
2204006,Francinópolis,22,PI,Piauí,Nordeste,4517.0,44796.54,79.0,2819.21,347.0,405.0,82.0,12473.718,268.704,4505.0,16.77,9917.321230905469,17.489484170909897
2204105,Francisco Ayres,22,PI,Piauí,Nordeste,4494.0,46762.982,87.0,2490.05,320.0,380.0,88.0,12098.183,656.475,4412.0,6.72,10405.647975077882,19.359145527369826
2204154,Francisco Macedo,22,PI,Piauí,Nordeste,2986.0,30662.301,69.0,3030.77,224.0,275.0,70.0,8506.849,179.245,2929.0,16.34,10268.687541862022,23.107836570663093
2204204,Francisco Santos,22,PI,Piauí,Nordeste,8366.0,83052.691,171.0,2675.59,379.0,538.0,181.0,13153.76,492.191,8237.0,16.74,9927.407482667943,20.43987568730576
2204303,Fronteiras,22,PI,Piauí,Nordeste,10382.0,124837.534,310.0,2376.85,592.0,861.0,322.0,18675.086,777.179,10259.0,13.2,12024.420535542286,29.859371989982662
2204352,Geminiano,22,PI,Piauí,Nordeste,5587.0,59302.294,121.0,2396.01,304.0,408.0,121.0,10093.235,440.606,5445.0,12.36,10614.335779488098,21.657419008412386
2204402,Gilbués,22,PI,Piauí,Nordeste,11166.0,416900.357,426.0,3536.21,747.0,1131.0,440.0,34098.753,3495.692,10892.0,3.12,37336.58937847036,38.15153143471252
2204501,Guadalupe,22,PI,Piauí,Nordeste,10478.0,637210.254,361.0,3196.98,1083.0,1428.0,371.0,44024.03,1026.538,10270.0,10.0,60814.110899026535,34.45313991219699
2204550,Guaribas,22,PI,Piauí,Nordeste,4350.0,45098.714,115.0,3042.04,356.0,442.0,117.0,14646.833,3118.231,4276.0,1.37,10367.520459770116,26.436781609195403
2204600,Hugo Napoleão,22,PI,Piauí,Nordeste,3562.0,34066.443,66.0,2803.15,220.0,262.0,68.0,7898.573,224.573,3518.0,15.67,9563.852610892756,18.528916339135318
2204659,Ilha Grande,22,PI,Piauí,Nordeste,9501.0,119726.582,177.0,2281.16,590.0,738.0,177.0,17569.455,129.696,9274.0,71.51,12601.471634564783,18.629617934954215
2204709,Inhuma,22,PI,Piauí,Nordeste,15259.0,163648.782,312.0,2621.04,775.0,1083.0,339.0,30577.219,978.222,14958.0,15.29,10724.738318369487,20.446949341372303
2204808,Ipiranga do Piauí,22,PI,Piauí,Nordeste,9620.0,82428.165,178.0,2805.3,443.0,608.0,187.0,17784.785,529.417,9420.0,17.79,8568.41632016632,18.503118503118504
2204907,Isaías Coelho,22,PI,Piauí,Nordeste,7886.0,80798.342,125.0,2693.49,366.0,455.0,132.0,15373.846,800.688,7774.0,9.71,10245.795333502409,15.850874968298251
2205003,Itainópolis,22,PI,Piauí,Nordeste,10980.0,108203.471,226.0,2155.54,770.0,973.0,231.0,21592.655,827.62,10790.0,13.04,9854.596630236794,20.582877959927142
2205102,Itaueira,22,PI,Piauí,Nordeste,10493.0,131859.087,369.0,2557.74,558.0,917.0,390.0,20485.357,2554.179,10323.0,4.04,12566.385876298486,35.166301343752984
2205151,Jacobina do Piauí,22,PI,Piauí,Nordeste,5715.0,69072.903,173.0,3461.73,371.0,542.0,175.0,17145.067,1333.796,5613.0,4.21,12086.247244094488,30.27121609798775
2205201,Jaicós,22,PI,Piauí,Nordeste,17811.0,191772.956,443.0,2014.92,1336.0,1764.0,472.0,35657.106,866.788,17527.0,20.22,10767.107742406379,24.872269945539273
2205250,Jardim do Mulato,22,PI,Piauí,Nordeste,4251.0,39632.906,86.0,2562.27,263.0,317.0,86.0,8895.621,510.226,4180.0,8.19,9323.195953893202,20.23053399200188
2205276,Jatobá do Piauí,22,PI,Piauí,Nordeste,4568.0,58752.288,90.0,3254.5,248.0,321.0,91.0,10830.545,650.393,4494.0,6.91,12861.709281961472,19.702276707530647
2205300,Jerumenha,22,PI,Piauí,Nordeste,4600.0,63533.129,163.0,2286.64,417.0,518.0,167.0,12423.536,1865.94,4497.0,2.41,13811.549782608696,35.434782608695656
2205359,João Costa,22,PI,Piauí,Nordeste,3031.0,69288.521,71.0,2799.6,263.0,309.0,71.0,10839.094,1800.23,2970.0,1.65,22859.954140547674,23.424612339161992
2205409,Joaquim Pires,22,PI,Piauí,Nordeste,14175.0,118898.035,245.0,2556.65,932.0,1145.0,256.0,28614.946,740.561,13886.0,18.75,8387.868430335096,17.28395061728395
2205458,Joca Marques,22,PI,Piauí,Nordeste,5535.0,46225.859,63.0,3399.62,181.0,228.0,63.0,7940.971,169.005,5394.0,31.92,8351.555374887083,11.382113821138212
2205508,José de Freitas,22,PI,Piauí,Nordeste,44391.0,390737.387,878.0,2502.77,2745.0,3659.0,912.0,99210.885,1538.172,42559.0,27.67,8802.175823928274,19.778783987745264
2205516,Juazeiro do Piauí,22,PI,Piauí,Nordeste,5311.0,55947.623,117.0,1902.93,513.0,606.0,118.0,12686.705,935.404,5214.0,5.57,10534.291658821314,22.02974957635097
2205524,Júlio Borges,22,PI,Piauí,Nordeste,5499.0,78728.857,119.0,2686.42,437.0,537.0,121.0,14640.631,1283.916,5388.0,4.2,14316.940716493908,21.640298236042916
2205532,Jurema,22,PI,Piauí,Nordeste,4505.0,43566.022,92.0,2840.36,418.0,490.0,97.0,15093.34,1271.881,4425.0,3.48,9670.593118756937,20.42175360710322
2205540,Lagoinha do Piauí,22,PI,Piauí,Nordeste,3029.0,40518.665,52.0,2328.32,140.0,174.0,52.0,5085.351,67.649,2939.0,43.44,13376.91152195444,17.167381974248926
2205557,Lagoa Alegre,22,PI,Piauí,Nordeste,8449.0,77319.908,188.0,2793.3,461.0,631.0,193.0,18193.865,394.205,8256.0,20.94,9151.36797254113,22.25115398271985
2205565,Lagoa do Barro do Piauí,22,PI,Piauí,Nordeste,5146.0,537525.0,154.0,4811.53,539.0,628.0,156.0,38812.198,1331.025,4995.0,3.75,104454.91643995336,29.926156237854645
2205573,Lagoa de São Francisco,22,PI,Piauí,Nordeste,6449.0,54980.493,81.0,2621.23,405.0,464.0,82.0,14117.319,155.86,6331.0,40.62,8525.429213831601,12.560086835168244
2205581,Lagoa do Piauí,22,PI,Piauí,Nordeste,5009.0,74652.872,122.0,2403.47,457.0,551.0,123.0,14773.622,427.841,4810.0,11.24,14903.7476542224,24.35615891395488
2205599,Lagoa do Sítio,22,PI,Piauí,Nordeste,4575.0,48595.097,75.0,2644.73,197.0,249.0,75.0,8885.536,805.018,4520.0,5.61,10621.879125683061,16.393442622950822
2205607,Landri Sales,22,PI,Piauí,Nordeste,5311.0,109798.657,168.0,2684.9,488.0,627.0,171.0,16593.242,1088.583,5213.0,4.79,20673.819807945772,31.632460930144983
2205706,Luís Correia,22,PI,Piauí,Nordeste,31775.0,378631.761,695.0,2425.43,2188.0,2850.0,733.0,77573.594,1074.132,30641.0,28.53,11916.027096774194,21.872541306058224
2205805,Luzilândia,22,PI,Piauí,Nordeste,26204.0,241246.044,593.0,2788.7,1394.0,1937.0,617.0,50342.488,705.599,25375.0,35.96,9206.458708594108,22.630132804152037
2205854,Madeiro,22,PI,Piauí,Nordeste,8218.0,75140.869,103.0,2748.39,344.0,421.0,105.0,17512.96,178.842,8032.0,44.91,9143.449622779264,12.53346312971526
2205904,Manoel Emídio,22,PI,Piauí,Nordeste,5314.0,54806.522,170.0,2823.07,258.0,395.0,182.0,10602.238,1620.413,5209.0,3.21,10313.609710199473,31.990967256304106
2205953,Marcolândia,22,PI,Piauí,Nordeste,8783.0,198363.304,260.0,2325.29,852.0,1088.0,265.0,26059.267,136.785,8533.0,62.38,22584.914493908687,29.60264146646932
2206001,Marcos Parente,22,PI,Piauí,Nordeste,4848.0,54884.297,130.0,2550.16,415.0,511.0,138.0,13592.67,677.416,4724.0,6.97,11321.018358085808,26.815181518151814
2206050,Massapê do Piauí,22,PI,Piauí,Nordeste,5215.0,52130.087,61.0,2865.66,331.0,374.0,61.0,12864.404,530.169,5218.0,9.84,9996.1815915628,11.697027804410356
2206100,Matias Olímpio,22,PI,Piauí,Nordeste,10875.0,95557.024,219.0,2735.13,545.0,706.0,231.0,20457.565,226.785,10641.0,46.92,8786.852781609196,20.137931034482758
2206209,Miguel Alves,22,PI,Piauí,Nordeste,33071.0,312836.136,416.0,3648.76,1352.0,1777.0,445.0,72652.091,1392.123,32150.0,23.09,9459.530585709534,12.578996704060959
2206308,Miguel Leão,22,PI,Piauí,Nordeste,1352.0,23617.82,49.0,2268.91,363.0,404.0,49.0,9905.279,93.412,1318.0,14.11,17468.801775147927,36.242603550295854
2206357,Milton Brandão,22,PI,Piauí,Nordeste,6678.0,53563.0,86.0,2563.22,300.0,364.0,88.0,11205.826,1309.128,6542.0,5.0,8020.814615154238,12.87810721772986
2206407,Monsenhor Gil,22,PI,Piauí,Nordeste,10455.0,127395.466,226.0,2706.21,619.0,818.0,238.0,22660.585,567.86,10255.0,18.06,12185.123481587758,21.616451458632234
2206506,Monsenhor Hipólito,22,PI,Piauí,Nordeste,7751.0,72882.004,164.0,2840.08,358.0,498.0,169.0,13150.161,401.568,7577.0,18.87,9402.916268868534,21.15856018578248
2206605,Monte Alegre do Piauí,22,PI,Piauí,Nordeste,10910.0,298089.473,272.0,2912.89,1018.0,1265.0,276.0,44526.58,2417.382,10660.0,4.41,27322.591475710356,24.931255728689276
2206654,Morro Cabeça no Tempo,22,PI,Piauí,Nordeste,4458.0,39148.536,107.0,2373.12,455.0,544.0,107.0,13654.161,2207.658,4377.0,1.98,8781.636608344548,24.001794526693583
2206670,Morro do Chapéu do Piauí,22,PI,Piauí,Nordeste,6547.0,62450.239,85.0,2653.63,369.0,441.0,86.0,14708.561,328.408,6425.0,19.56,9538.756529708264,12.983045669772414
2206696,Murici dos Portelas,22,PI,Piauí,Nordeste,10139.0,74908.55,98.0,3176.18,393.0,460.0,98.0,21521.783,475.72,9797.0,20.59,7388.159581812802,9.665647499753428
2206704,Nazaré do Piauí,22,PI,Piauí,Nordeste,6729.0,67047.117,171.0,2729.76,505.0,645.0,180.0,16874.015,1315.841,6665.0,5.07,9963.905037895676,25.41239411502452
2206720,Nazária,22,PI,Piauí,Nordeste,10706.0,94898.171,204.0,2230.34,1135.0,1324.0,211.0,31011.274,362.376,10262.0,28.32,8864.017466841024,19.05473566224547
2206753,Nossa Senhora de Nazaré,22,PI,Piauí,Nordeste,5406.0,47884.928,79.0,2962.94,298.0,344.0,79.0,11468.783,356.872,5228.0,14.65,8857.737328893822,14.613392526822048
2206803,Nossa Senhora dos Remédios,22,PI,Piauí,Nordeste,8732.0,78546.586,100.0,3171.22,406.0,468.0,102.0,16871.297,357.896,8525.0,23.82,8995.25721484196,11.452130096197893
2206902,Novo Oriente do Piauí,22,PI,Piauí,Nordeste,6178.0,58176.292,104.0,2462.48,352.0,433.0,109.0,11526.029,525.906,6097.0,11.59,9416.686953706701,16.83392683716413
2206951,Novo Santo Antônio,22,PI,Piauí,Nordeste,2886.0,31237.317,65.0,3197.06,198.0,244.0,65.0,7925.005,443.872,2827.0,6.37,10823.741164241164,22.52252252252252
2207009,Oeiras,22,PI,Piauí,Nordeste,39545.0,584517.913,1257.0,2467.49,3921.0,5266.0,1347.0,136106.114,2703.138,38161.0,14.12,14781.082640030345,31.78657225945126
2207108,Olho D'Água do Piauí,22,PI,Piauí,Nordeste,2725.0,28731.055,46.0,1871.54,229.0,252.0,46.0,5475.477,183.603,2637.0,14.36,10543.506422018349,16.880733944954127
2207207,Padre Marcos,22,PI,Piauí,Nordeste,6481.0,73919.213,172.0,2648.41,582.0,730.0,184.0,19603.05,278.696,6382.0,22.9,11405.525844777041,26.539114334207685
2207306,Paes Landim,22,PI,Piauí,Nordeste,4174.0,44250.164,142.0,3556.74,164.0,275.0,148.0,7694.871,401.378,4088.0,10.18,10601.380929563968,34.0201245807379
2207355,Pajeú do Piauí,22,PI,Piauí,Nordeste,3041.0,52581.463,85.0,2049.23,290.0,355.0,86.0,12927.601,986.961,3000.0,3.04,17290.84610325551,27.951331798750413
2207405,Palmeira do Piauí,22,PI,Piauí,Nordeste,5048.0,141457.166,146.0,2721.47,263.0,383.0,146.0,8795.234,2024.02,4952.0,2.45,28022.41798732171,28.922345483359745
2207504,Palmeirais,22,PI,Piauí,Nordeste,13480.0,138833.729,239.0,3404.72,836.0,1043.0,242.0,31763.699,1493.764,13264.0,8.88,10299.238056379822,17.729970326409493
2207553,Paquetá,22,PI,Piauí,Nordeste,3878.0,44236.715,74.0,2933.17,348.0,407.0,74.0,15148.017,432.572,3813.0,8.81,11407.095152140279,19.082001031459516
2207603,Parnaguá,22,PI,Piauí,Nordeste,10289.0,119215.977,218.0,2741.27,556.0,773.0,226.0,20248.668,3428.811,10103.0,2.95,11586.74088832734,21.187676159004763
2207702,Parnaíba,22,PI,Piauí,Nordeste,169552.0,2973924.874,5477.0,2489.24,25905.0,32502.0,5921.0,840424.362,436.907,162159.0,371.15,17539.898520807776,32.30277437010474
2207751,Passagem Franca do Piauí,22,PI,Piauí,Nordeste,4220.0,48757.698,88.0,2230.44,488.0,553.0,89.0,13877.955,643.226,4135.0,6.43,11553.956872037914,20.85308056872038
2207777,Patos do Piauí,22,PI,Piauí,Nordeste,5461.0,64629.537,98.0,3265.94,276.0,361.0,101.0,11690.159,801.403,5425.0,6.77,11834.744002929867,17.945431239699687
2207793,Pau D'Arco do Piauí,22,PI,Piauí,Nordeste,3972.0,33612.558,80.0,2282.73,251.0,299.0,81.0,9515.445,430.023,3880.0,9.02,8462.376132930514,20.14098690835851
2207801,Paulistana,22,PI,Piauí,Nordeste,21601.0,267774.24,687.0,2590.19,1755.0,2452.0,715.0,59075.764,1941.111,21055.0,10.85,12396.38164899773,31.804083144298875
2207850,Pavussu,22,PI,Piauí,Nordeste,3698.0,37693.276,100.0,2377.36,265.0,347.0,101.0,7896.719,1090.697,3628.0,3.33,10192.881557598703,27.04164413196322
2207900,Pedro II,22,PI,Piauí,Nordeste,39039.0,386327.593,954.0,2478.98,2784.0,3738.0,1012.0,99434.869,1544.413,37894.0,24.54,9895.939778170547,24.437101360178282
2207934,Pedro Laurentino,22,PI,Piauí,Nordeste,2514.0,31321.913,100.0,2031.88,272.0,341.0,102.0,7915.604,870.614,2458.0,2.82,12458.994828957837,39.77724741447892
2207959,Nova Santa Rita,22,PI,Piauí,Nordeste,4147.0,43930.757,88.0,2582.23,228.0,297.0,91.0,8179.083,909.734,4076.0,4.48,10593.382445141066,21.220159151193634
2208007,Picos,22,PI,Piauí,Nordeste,86228.0,1941758.674,4417.0,2287.42,16705.0,21906.0,4731.0,488229.814,577.284,83090.0,143.93,22518.88799461892,51.22466020318226
2208106,Pimenteiras,22,PI,Piauí,Nordeste,11528.0,106976.447,200.0,2383.02,479.0,658.0,212.0,14771.549,4562.58,11341.0,2.49,9279.70567314365,17.349063150589867
2208205,Pio IX,22,PI,Piauí,Nordeste,17947.0,202556.113,390.0,3415.11,683.0,1053.0,415.0,29679.869,1948.142,17613.0,9.04,11286.349417729984,21.73065136234468
2208304,Piracuruca,22,PI,Piauí,Nordeste,29849.0,363519.016,856.0,2740.73,2405.0,3293.0,910.0,90098.176,2368.935,28846.0,12.18,12178.599484069819,28.677677644142182
2208403,Piripiri,22,PI,Piauí,Nordeste,67676.0,917296.263,1826.0,2160.97,7943.0,9889.0,1917.0,239686.766,1407.192,65538.0,46.57,13554.232859507063,26.98150008865772
2208502,Porto,22,PI,Piauí,Nordeste,12312.0,118547.178,193.0,3389.54,579.0,726.0,197.0,25833.451,253.113,12052.0,47.62,9628.58820662768,15.675763482781026
2208551,Porto Alegre do Piauí,22,PI,Piauí,Nordeste,2391.0,39211.994,56.0,2800.56,261.0,318.0,57.0,9479.368,1168.044,2364.0,2.02,16399.830196570474,23.421162693433708
2208601,Prata do Piauí,22,PI,Piauí,Nordeste,3098.0,27583.795,86.0,3052.8,156.0,207.0,92.0,7716.216,196.787,3042.0,15.46,8903.742737249839,27.75984506132989
2208650,Queimada Nova,22,PI,Piauí,Nordeste,8936.0,253313.988,176.0,2483.01,673.0,805.0,185.0,23045.326,1283.369,8738.0,6.81,28347.581468218443,19.695613249776187
2208700,Redenção do Gurguéia,22,PI,Piauí,Nordeste,8563.0,97930.487,198.0,2397.41,504.0,671.0,198.0,21057.877,2470.531,8394.0,3.4,11436.469344855775,23.12273735840243
2208809,Regeneração,22,PI,Piauí,Nordeste,17418.0,264516.915,393.0,2597.98,1586.0,1963.0,409.0,50921.052,1251.321,17133.0,13.69,15186.411470892179,22.562866000688942
2208858,Riacho Frio,22,PI,Piauí,Nordeste,4241.0,46279.251,67.0,3598.52,390.0,430.0,67.0,17330.874,2220.598,4165.0,1.88,10912.34402263617,15.798160811129451
2208874,Ribeira do Piauí,22,PI,Piauí,Nordeste,4114.0,217390.425,96.0,3750.72,400.0,464.0,98.0,18425.681,1012.479,4055.0,4.01,52841.62007778318,23.33495381623724
2208908,Ribeiro Gonçalves,22,PI,Piauí,Nordeste,6215.0,695854.865,276.0,3267.64,900.0,1157.0,281.0,43981.844,3987.147,6164.0,1.55,111963.77554304103,44.408688656476265
2209005,Rio Grande do Piauí,22,PI,Piauí,Nordeste,5868.0,61490.52,169.0,2612.13,320.0,460.0,186.0,13114.796,635.953,5801.0,9.12,10478.957055214723,28.80027266530334
2209104,Santa Cruz do Piauí,22,PI,Piauí,Nordeste,5928.0,61012.421,146.0,2023.99,412.0,538.0,150.0,11133.062,582.658,5831.0,10.01,10292.243758434548,24.628879892037787
2209153,Santa Cruz dos Milagres,22,PI,Piauí,Nordeste,3466.0,45472.901,92.0,2474.11,308.0,375.0,92.0,9862.579,978.547,3435.0,3.51,13119.706001154069,26.543566070398153
2209203,Santa Filomena,22,PI,Piauí,Nordeste,6209.0,615148.412,236.0,3321.56,930.0,1148.0,241.0,40110.581,5293.693,6087.0,1.15,99073.66918988565,38.00934127878885
2209302,Santa Luz,22,PI,Piauí,Nordeste,5425.0,62464.838,120.0,2415.45,412.0,511.0,122.0,13445.551,1185.398,5336.0,4.5,11514.255852534563,22.119815668202765
2209351,Santana do Piauí,22,PI,Piauí,Nordeste,4174.0,40806.804,67.0,2771.35,234.0,285.0,68.0,9776.786,112.189,4125.0,36.77,9776.426449448969,16.05174892189746
2209377,Santa Rosa do Piauí,22,PI,Piauí,Nordeste,4690.0,50227.896,127.0,2448.02,246.0,354.0,130.0,8396.827,338.336,4650.0,13.74,10709.572707889125,27.078891257995735
2209401,Santo Antônio de Lisboa,22,PI,Piauí,Nordeste,5938.0,72021.169,139.0,1332.03,265.0,386.0,143.0,7312.376,385.286,5839.0,15.15,12128.859717076457,23.40855506904682
2209450,Santo Antônio dos Milagres,22,PI,Piauí,Nordeste,2189.0,18051.06,51.0,1811.02,255.0,276.0,51.0,5686.41,33.64,2138.0,63.56,8246.258565555048,23.298309730470535
2209500,Santo Inácio do Piauí,22,PI,Piauí,Nordeste,3719.0,40377.234,96.0,2551.42,202.0,267.0,97.0,9397.29,852.106,3646.0,4.28,10857.013713363807,25.81339069642377
2209559,São Braz do Piauí,22,PI,Piauí,Nordeste,4451.0,39470.74,104.0,2545.8,284.0,363.0,107.0,8957.282,656.042,4358.0,6.64,8867.836441249157,23.3655358346439
2209609,São Félix do Piauí,22,PI,Piauí,Nordeste,2885.0,32115.987,79.0,2190.58,215.0,271.0,80.0,6121.811,627.033,2842.0,4.53,11132.057885615252,27.383015597920277
2209658,São Francisco de Assis do Piauí,22,PI,Piauí,Nordeste,5703.0,55545.353,110.0,2841.3,333.0,422.0,115.0,12008.927,1072.311,5572.0,5.2,9739.67262844117,19.288093985621604
2209708,São Francisco do Piauí,22,PI,Piauí,Nordeste,5404.0,58405.718,124.0,2884.92,369.0,458.0,128.0,14626.569,1341.451,5392.0,4.02,10807.86787564767,22.945965951147297
2209757,São Gonçalo do Gurguéia,22,PI,Piauí,Nordeste,3019.0,54607.337,118.0,3713.86,263.0,337.0,120.0,12434.557,1385.255,2947.0,2.13,18087.88903610467,39.085789996687645
2209807,São Gonçalo do Piauí,22,PI,Piauí,Nordeste,4944.0,56734.949,116.0,2082.08,310.0,403.0,117.0,12067.86,150.495,4837.0,32.14,11475.515574433657,23.462783171521036
2209856,São João da Canabrava,22,PI,Piauí,Nordeste,4306.0,49321.425,78.0,2797.53,253.0,313.0,80.0,9237.799,480.537,4242.0,8.83,11454.116349280075,18.114259173246634
2209872,São João da Fronteira,22,PI,Piauí,Nordeste,5615.0,60924.542,96.0,2387.48,396.0,472.0,96.0,13081.596,817.111,5522.0,6.76,10850.319145146928,17.09706144256456
2209906,São João da Serra,22,PI,Piauí,Nordeste,6233.0,59723.173,114.0,2813.81,348.0,438.0,118.0,12772.86,994.224,6114.0,6.15,9581.770094657468,18.289748114872452
2209955,São João da Varjota,22,PI,Piauí,Nordeste,4443.0,36648.045,106.0,1479.67,355.0,440.0,107.0,6770.178,394.456,4383.0,11.11,8248.490884537474,23.857753769975243
2209971,São João do Arraial,22,PI,Piauí,Nordeste,8443.0,68234.995,118.0,3348.09,444.0,532.0,126.0,18401.591,213.377,8186.0,38.36,8081.842354613289,13.976074854909394
2210003,São João do Piauí,22,PI,Piauí,Nordeste,22036.0,426951.832,893.0,2419.92,2516.0,3433.0,935.0,79565.196,1527.497,21421.0,14.02,19375.19658740243,40.524596115447444
2210052,São José do Divino,22,PI,Piauí,Nordeste,4906.0,63753.834,145.0,2385.27,354.0,460.0,147.0,11518.43,319.367,4841.0,15.16,12995.074194863433,29.5556461475744
2210102,São José do Peixe,22,PI,Piauí,Nordeste,3320.0,42836.503,126.0,2629.16,370.0,457.0,128.0,12297.61,1287.174,3297.0,2.56,12902.561144578312,37.95180722891566
2210201,São José do Piauí,22,PI,Piauí,Nordeste,6732.0,68087.619,115.0,2310.49,347.0,449.0,117.0,10428.625,373.347,6597.0,17.67,10114.025401069519,17.082590612002377
2210300,São Julião,22,PI,Piauí,Nordeste,6135.0,59544.862,154.0,1935.7,270.0,387.0,158.0,9136.851,291.089,6025.0,20.7,9705.763977180113,25.101874490627544
2210359,São Lourenço do Piauí,22,PI,Piauí,Nordeste,4497.0,45314.114,97.0,2584.96,319.0,386.0,101.0,10731.234,673.822,4410.0,6.54,10076.52079163887,21.56993551256393
2210375,São Luis do Piauí,22,PI,Piauí,Nordeste,2329.0,25332.761,41.0,2806.92,135.0,161.0,41.0,5260.401,217.924,2309.0,10.6,10877.097896092744,17.604121940747103
2210383,São Miguel da Baixa Grande,22,PI,Piauí,Nordeste,2304.0,27272.317,60.0,1259.16,277.0,316.0,60.0,4642.109,444.528,2269.0,5.1,11836.943142361111,26.041666666666668
2210391,São Miguel do Fidalgo,22,PI,Piauí,Nordeste,2870.0,47463.558,69.0,2733.3,228.0,264.0,70.0,7983.169,813.444,2829.0,3.48,16537.825087108013,24.041811846689896
2210409,São Miguel do Tapuio,22,PI,Piauí,Nordeste,17902.0,163378.244,348.0,2236.44,1253.0,1569.0,361.0,35751.721,4988.973,17554.0,3.52,9126.256507652775,19.439168807954417
2210508,São Pedro do Piauí,22,PI,Piauí,Nordeste,14046.0,134836.357,246.0,3000.85,840.0,1045.0,257.0,31033.715,518.288,13755.0,26.54,9599.62672647017,17.51388295600171
2210607,São Raimundo Nonato,22,PI,Piauí,Nordeste,40784.0,566295.112,1873.0,2309.4,4216.0,6198.0,1976.0,142889.415,2415.287,38934.0,16.12,13885.227344056493,45.92487249901922
2210623,Sebastião Barros,22,PI,Piauí,Nordeste,3228.0,46712.454,77.0,3339.31,264.0,309.0,77.0,11515.201,893.488,3202.0,3.58,14471.020446096654,23.85377942998761
2210631,Sebastião Leal,22,PI,Piauí,Nordeste,4572.0,255418.007,148.0,2853.78,1071.0,1210.0,151.0,31002.689,3148.857,4446.0,1.41,55865.70581802275,32.37095363079615
2210656,Sigefredo Pacheco,22,PI,Piauí,Nordeste,9631.0,78160.567,174.0,2990.36,358.0,491.0,182.0,14307.446,1031.101,9460.0,9.17,8115.519364551968,18.06665974457481
2210706,Simões,22,PI,Piauí,Nordeste,14650.0,434505.359,331.0,3229.24,1242.0,1534.0,356.0,48678.961,1076.055,14350.0,13.34,29659.068873720138,22.593856655290104
2210805,Simplício Mendes,22,PI,Piauí,Nordeste,14342.0,182911.528,478.0,2415.95,1123.0,1569.0,510.0,39231.55,1360.028,13870.0,10.2,12753.557941709663,33.32868498117418
2210904,Socorro do Piauí,22,PI,Piauí,Nordeste,4184.0,41066.523,117.0,2652.12,304.0,386.0,119.0,10420.861,761.854,4141.0,5.44,9815.134560229446,27.963671128107077
2210938,Sussuapara,22,PI,Piauí,Nordeste,6345.0,76908.478,113.0,1563.37,487.0,601.0,114.0,9994.012,205.194,6220.0,30.31,12121.115524034672,17.80929866036249
2210953,Tamboril do Piauí,22,PI,Piauí,Nordeste,3029.0,30387.569,70.0,2812.16,248.0,291.0,71.0,9602.338,1587.296,2949.0,1.86,10032.211620997028,23.109937273027402
2210979,Tanque do Piauí,22,PI,Piauí,Nordeste,2330.0,33180.53,58.0,2816.15,215.0,256.0,58.0,7750.68,398.007,2316.0,5.82,14240.570815450645,24.892703862660944
2211001,Teresina,22,PI,Piauí,Nordeste,902644.0,23954511.044,42407.0,3423.54,323467.0,377262.0,45868.0,14143388.375,1391.293,866300.0,622.66,26538.1601650263,46.98086953439008
2211100,União,22,PI,Piauí,Nordeste,47707.0,420369.549,928.0,2727.84,5517.0,6441.0,963.0,219696.904,1170.742,46119.0,39.39,8811.485714884608,19.452072022973567
2211209,Uruçuí,22,PI,Piauí,Nordeste,26501.0,2829979.498,1516.0,2976.71,4854.0,6410.0,1584.0,183875.478,8413.016,25203.0,3.0,106787.64944719068,57.20538847590657
2211308,Valença do Piauí,22,PI,Piauí,Nordeste,22920.0,289697.519,870.0,2241.45,2280.0,3171.0,917.0,71280.848,1333.722,22279.0,16.7,12639.507809773124,37.95811518324607
2211357,Várzea Branca,22,PI,Piauí,Nordeste,5173.0,44540.612,107.0,3271.84,258.0,332.0,110.0,10741.505,450.429,5055.0,11.22,8610.209162961532,20.68432244345641
2211407,Várzea Grande,22,PI,Piauí,Nordeste,4515.0,40996.433,94.0,2740.0,330.0,396.0,96.0,10948.152,236.453,4417.0,18.68,9080.051605758583,20.819490586932446
2211506,Vera Mendes,22,PI,Piauí,Nordeste,3271.0,31077.818,65.0,2368.98,238.0,280.0,67.0,7482.065,341.974,3185.0,9.31,9501.014368694588,19.871598899419137
2211605,Vila Nova do Piauí,22,PI,Piauí,Nordeste,2979.0,37035.262,93.0,2676.24,272.0,359.0,96.0,9955.829,221.627,2935.0,13.24,12432.112118160456,31.21852970795569
2211704,Wall Ferraz,22,PI,Piauí,Nordeste,4117.0,38007.875,69.0,3884.67,157.0,208.0,69.0,15856.735,270.427,4059.0,15.01,9231.93466116104,16.75977653631285
2300101,Abaiara,23,CE,Ceará,Nordeste,10282.0,117970.96,140.0,3798.94,912.0,1030.0,144.0,54306.553,180.833,10038.0,55.51,11473.542112429488,13.616028010114764
2300150,Acarape,23,CE,Ceará,Nordeste,14306.0,179994.282,248.0,1964.47,2115.0,2360.0,255.0,51528.045,130.002,14027.0,107.9,12581.733678176988,17.335383755067802
2300200,Acaraú,23,CE,Ceará,Nordeste,68758.0,1020200.581,1275.0,2388.83,5990.0,7372.0,1333.0,182613.859,842.471,65264.0,77.47,14837.55462637075,18.543296780011055
2300309,Acopiara,23,CE,Ceará,Nordeste,46215.0,564519.851,964.0,1471.37,3075.0,4032.0,1002.0,71915.1,2254.279,44962.0,19.95,12215.078459374661,20.859028453965163
2300408,Aiuaba,23,CE,Ceará,Nordeste,14220.0,151596.307,218.0,1482.16,1205.0,1400.0,223.0,23880.925,2438.563,14076.0,5.77,10660.781082981715,15.330520393811533
2300507,Alcântaras,23,CE,Ceará,Nordeste,11754.0,98201.759,189.0,1741.01,843.0,1010.0,191.0,19016.984,135.76,11369.0,83.74,8354.752339629062,16.079632465543646
2300606,Altaneira,23,CE,Ceará,Nordeste,6970.0,74653.984,150.0,1907.86,897.0,1003.0,150.0,23267.881,72.675,6782.0,93.32,10710.758106169296,21.520803443328553
2300705,Alto Santo,23,CE,Ceará,Nordeste,14418.0,232267.743,374.0,1962.1,1866.0,2302.0,385.0,51864.376,1147.208,14155.0,12.34,16109.567415730337,25.939797475378
2300754,Amontada,23,CE,Ceará,Nordeste,44342.0,665472.069,824.0,2466.78,4298.0,5200.0,847.0,151150.028,1175.044,42156.0,35.88,15007.714334039962,18.582833431058592
2300804,Antonina do Norte,23,CE,Ceará,Nordeste,7484.0,78953.405,163.0,2329.12,652.0,774.0,166.0,19611.102,259.706,7245.0,27.9,10549.626536611438,21.779796900053448
2300903,Apuiarés,23,CE,Ceará,Nordeste,13219.0,120978.07,287.0,2750.64,858.0,1115.0,291.0,29043.262,543.98,12928.0,23.77,9151.832211211136,21.711173311143053
2301000,Aquiraz,23,CE,Ceará,Nordeste,84737.0,3854400.667,2694.0,2864.95,21531.0,24595.0,2923.0,815420.807,480.236,80645.0,167.93,45486.631188264866,31.79248734319129
2301109,Aracati,23,CE,Ceará,Nordeste,78752.0,1706227.209,2371.0,1936.83,11641.0,14272.0,2523.0,295428.607,1227.197,75113.0,61.21,21665.827013917107,30.107171881349043
2301208,Aracoiaba,23,CE,Ceará,Nordeste,26696.0,266421.718,477.0,1815.68,3578.0,4039.0,493.0,84508.806,643.988,25553.0,39.68,9979.836604734792,17.867845370092898
2301257,Ararendá,23,CE,Ceará,Nordeste,11485.0,106783.977,214.0,2112.14,937.0,1109.0,221.0,33011.099,342.301,11096.0,32.42,9297.690639965173,18.632999564649545
2301307,Araripe,23,CE,Ceará,Nordeste,20223.0,207981.617,348.0,2911.81,1247.0,1551.0,356.0,48048.24,1097.339,19783.0,18.03,10284.409682045196,17.20812935766207
2301406,Aratuba,23,CE,Ceará,Nordeste,11459.0,151644.922,212.0,2253.65,1232.0,1411.0,216.0,37730.494,119.758,11224.0,93.72,13233.69595950781,18.500741775023997
2301505,Arneiroz,23,CE,Ceará,Nordeste,7619.0,70223.605,146.0,2070.15,583.0,689.0,147.0,15664.391,1068.437,7429.0,6.95,9216.905761911012,19.16261976637354
2301604,Assaré,23,CE,Ceará,Nordeste,22212.0,237259.073,412.0,2298.43,1908.0,2280.0,429.0,54552.047,1155.124,21697.0,18.78,10681.571808031695,18.54853232486944
2301703,Aurora,23,CE,Ceará,Nordeste,24267.0,216792.136,394.0,2145.99,1835.0,2262.0,419.0,50097.106,885.87,23714.0,26.77,8933.619153583055,16.23604071372646
2301802,Baixio,23,CE,Ceará,Nordeste,5832.0,67540.636,133.0,2218.95,406.0,511.0,135.0,12263.451,145.556,5704.0,39.19,11581.041838134432,22.805212620027433
2301851,Banabuiú,23,CE,Ceará,Nordeste,17654.0,260030.93,342.0,2350.58,1390.0,1700.0,348.0,58013.811,1080.986,17195.0,15.91,14729.292511612099,19.372380197122467
2301901,Barbalha,23,CE,Ceará,Nordeste,80217.0,1345204.816,1793.0,2419.76,13196.0,15234.0,1863.0,410607.412,608.158,75033.0,123.38,16769.572733959136,22.351870551130062
2301950,Barreira,23,CE,Ceará,Nordeste,23351.0,240015.846,502.0,2854.25,1310.0,1793.0,509.0,52448.264,260.003,22392.0,86.12,10278.611023082523,21.498008650593125
2302008,Barro,23,CE,Ceará,Nordeste,19669.0,242027.169,390.0,1859.69,1614.0,1984.0,411.0,38418.273,711.346,19381.0,27.25,12305.006304336774,19.82815598149372
2302057,Barroquinha,23,CE,Ceará,Nordeste,14977.0,133335.168,278.0,2072.16,1621.0,1890.0,289.0,41425.201,385.583,14567.0,37.78,8902.661948320758,18.561794751952995
2302107,Baturité,23,CE,Ceará,Nordeste,36978.0,448272.412,957.0,2101.67,4287.0,5256.0,989.0,123518.742,314.075,35218.0,112.13,12122.678673806047,25.880253123478827
2302206,Beberibe,23,CE,Ceará,Nordeste,55666.0,1059005.939,1207.0,1898.44,6337.0,7688.0,1266.0,155055.399,1596.751,53114.0,33.26,19024.286620199044,21.68289440592103
2302305,Bela Cruz,23,CE,Ceará,Nordeste,34441.0,322243.971,515.0,2443.32,1794.0,2301.0,536.0,68207.545,842.106,32775.0,38.92,9356.40576638309,14.953108214047212
2302404,Boa Viagem,23,CE,Ceará,Nordeste,52169.0,539217.993,917.0,2455.77,4094.0,5037.0,951.0,129630.692,2835.037,50411.0,17.78,10335.984837738886,17.57748854683816
2302503,Brejo Santo,23,CE,Ceará,Nordeste,53778.0,817034.098,1184.0,2197.22,9640.0,11120.0,1246.0,278634.136,654.658,51090.0,78.04,15192.720034214735,22.016437948603517
2302602,Camocim,23,CE,Ceará,Nordeste,65031.0,839500.311,1476.0,2088.2,7544.0,9092.0,1542.0,205394.22,1120.452,62326.0,55.63,12909.232689025233,22.696867647737236
2302701,Campos Sales,23,CE,Ceará,Nordeste,26082.0,292357.305,589.0,2096.16,2349.0,2921.0,611.0,64535.001,1082.582,25135.0,23.22,11209.159765355418,22.582624031899396
2302800,Canindé,23,CE,Ceará,Nordeste,77207.0,911356.214,1972.0,2469.15,9061.0,11079.0,2058.0,294496.632,3032.39,74174.0,24.46,11804.061989197871,25.54172549121194
2302909,Capistrano,23,CE,Ceará,Nordeste,17760.0,176808.988,269.0,2147.26,1281.0,1515.0,270.0,41413.982,226.549,17254.0,76.16,9955.461036036037,15.146396396396396
2303006,Caridade,23,CE,Ceará,Nordeste,16419.0,186168.87,343.0,2126.11,1396.0,1725.0,353.0,36044.279,926.271,16377.0,17.68,11338.624154942445,20.890431816797612
2303105,Cariré,23,CE,Ceará,Nordeste,18075.0,193104.647,311.0,1967.68,1039.0,1361.0,315.0,28451.949,755.597,17632.0,23.34,10683.521272475795,17.206085753803595
2303204,Caririaçu,23,CE,Ceará,Nordeste,27482.0,253126.605,353.0,2407.86,1811.0,2116.0,356.0,57200.971,634.179,26320.0,41.5,9210.632595880941,12.84477112291682
2303303,Cariús,23,CE,Ceará,Nordeste,17333.0,180984.361,324.0,2165.76,1025.0,1320.0,331.0,28829.251,1036.417,17015.0,16.42,10441.606242427739,18.692667166676284
2303402,Carnaubal,23,CE,Ceará,Nordeste,17758.0,166771.753,280.0,1830.57,1271.0,1594.0,287.0,39773.136,363.22,17210.0,47.38,9391.358993129857,15.76754138979615
2303501,Cascavel,23,CE,Ceará,Nordeste,76365.0,1074376.745,1788.0,2003.8,11411.0,13304.0,1873.0,284049.615,838.115,72720.0,86.77,14068.968048189616,23.413867609506973
2303600,Catarina,23,CE,Ceará,Nordeste,9577.0,154108.256,221.0,2017.05,1036.0,1223.0,225.0,27407.126,488.153,10243.0,20.98,16091.495875535136,23.07611987052313
2303659,Catunda,23,CE,Ceará,Nordeste,10817.0,112081.35,230.0,2668.42,1140.0,1332.0,239.0,38797.331,784.022,10444.0,13.32,10361.592863085883,21.262827031524452
2303709,Caucaia,23,CE,Ceará,Nordeste,375730.0,10422700.763,8734.0,2685.07,47623.0,56648.0,9243.0,1637287.574,1223.246,355679.0,290.77,27739.86842413435,23.245415590982887
2303808,Cedro,23,CE,Ceará,Nordeste,22678.0,247324.611,463.0,2435.39,1646.0,2112.0,480.0,50414.879,729.97,22344.0,30.61,10905.926933592027,20.41626245700679
2303907,Chaval,23,CE,Ceará,Nordeste,12805.0,110317.62,210.0,1377.38,1615.0,1778.0,214.0,29089.897,237.248,12462.0,52.53,8615.19875048809,16.399843811011326
2303931,Choró,23,CE,Ceará,Nordeste,12380.0,178988.78,215.0,2503.57,576.0,765.0,216.0,29064.275,815.268,12113.0,14.86,14457.898222940226,17.366720516962843
2303956,Chorozinho,23,CE,Ceará,Nordeste,20763.0,260273.272,415.0,2008.51,2256.0,2682.0,418.0,58321.103,296.431,20163.0,68.02,12535.436690266339,19.98747772479892
2304004,Coreaú,23,CE,Ceará,Nordeste,21438.0,225089.749,348.0,1477.59,1766.0,2084.0,364.0,40025.227,750.332,20953.0,27.92,10499.56847653699,16.23285754268122
2304103,Crateús,23,CE,Ceará,Nordeste,79809.0,952648.777,2067.0,1972.83,8464.0,10697.0,2178.0,232870.702,2981.459,76390.0,25.62,11936.60836497137,25.89933466150434
2304202,Crato,23,CE,Ceará,Nordeste,138232.0,1871586.579,3731.0,2614.72,19863.0,24105.0,3935.0,660929.534,1138.15,131050.0,115.14,13539.459596909543,26.990855952312057
2304236,Croatá,23,CE,Ceará,Nordeste,18007.0,224436.588,270.0,2555.6,1137.0,1380.0,281.0,42049.489,696.348,17481.0,25.1,12463.852279669018,14.994168934303326
2304251,Cruz,23,CE,Ceará,Nordeste,31847.0,372681.319,1137.0,2156.81,3465.0,4699.0,1173.0,122129.503,335.921,29761.0,88.6,11702.242566018776,35.70194994818978
2304269,Deputado Irapuan Pinheiro,23,CE,Ceará,Nordeste,9172.0,100883.062,182.0,2175.02,795.0,947.0,187.0,26340.694,471.134,8932.0,18.96,10999.025512429133,19.8430004361099
2304277,Ereré,23,CE,Ceará,Nordeste,6393.0,80689.801,118.0,2410.74,656.0,743.0,119.0,20574.738,362.906,6474.0,17.84,12621.586266228687,18.45768809635539
2304285,Eusébio,23,CE,Ceará,Nordeste,80304.0,3577497.021,7398.0,2990.88,49385.0,59485.0,7581.0,1918252.876,78.818,74170.0,941.03,44549.424947698746,92.1249252839211
2304301,Farias Brito,23,CE,Ceará,Nordeste,18557.0,202247.598,353.0,2503.63,1450.0,1781.0,364.0,47640.305,530.54,18217.0,34.34,10898.722746133535,19.02247130462898
2304350,Forquilha,23,CE,Ceará,Nordeste,25127.0,304956.752,506.0,2135.27,2521.0,3015.0,512.0,79804.956,568.778,24173.0,42.5,12136.616070362557,20.137700481553708
2304400,Fortaleza,23,CE,Ceará,Nordeste,2574412.0,73437738.924,132367.0,3526.35,853909.0,1025173.0,142434.0,38683833.19,312.353,2428708.0,7775.52,28526.024165518185,51.416401104407534
2304459,Fortim,23,CE,Ceará,Nordeste,18052.0,312460.299,603.0,2140.62,2482.0,3218.0,617.0,73227.379,285.024,17294.0,60.68,17308.90200531797,33.40350099711943
2304509,Frecheirinha,23,CE,Ceará,Nordeste,16362.0,275921.164,305.0,1368.28,6018.0,6293.0,324.0,105538.901,210.284,15657.0,74.46,16863.535264637576,18.640752964185307
2304608,General Sampaio,23,CE,Ceará,Nordeste,6924.0,86962.802,180.0,1872.44,774.0,947.0,182.0,22470.782,230.371,6734.0,29.23,12559.619006354707,25.996533795493935
2304657,Graça,23,CE,Ceará,Nordeste,14174.0,129710.814,208.0,2987.13,911.0,1106.0,218.0,34173.106,258.942,13801.0,53.3,9151.320304783407,14.674756596585297
2304707,Granja,23,CE,Ceará,Nordeste,55633.0,469407.088,709.0,1968.63,4660.0,5306.0,749.0,116346.914,2663.174,53344.0,20.03,8437.565617529164,12.744234537055345
2304806,Granjeiro,23,CE,Ceará,Nordeste,4960.0,51336.706,95.0,1260.96,639.0,703.0,96.0,10864.65,111.528,4841.0,43.41,10350.142338709677,19.153225806451612
2304905,Groaíras,23,CE,Ceará,Nordeste,11313.0,110754.98,364.0,2023.07,984.0,1339.0,366.0,30880.51,155.681,10910.0,70.08,9790.062759657032,32.17537346415628
2304954,Guaiúba,23,CE,Ceará,Nordeste,25085.0,231993.411,378.0,2310.68,2510.0,2908.0,388.0,72183.72,256.053,24325.0,95.0,9248.292246362367,15.068766194937213
2305001,Guaraciaba do Norte,23,CE,Ceará,Nordeste,44294.0,669208.927,1006.0,2558.15,3207.0,4256.0,1047.0,103960.948,624.606,42053.0,67.33,15108.342597191493,22.711879712827923
2305100,Guaramiranga,23,CE,Ceará,Nordeste,5819.0,80395.842,286.0,1885.66,1043.0,1367.0,295.0,24737.138,90.817,5654.0,62.26,13816.09245574841,49.14933837429111
2305209,Hidrolândia,23,CE,Ceará,Nordeste,18225.0,185024.638,396.0,2412.84,1321.0,1699.0,399.0,40673.205,926.592,17855.0,19.27,10152.243511659808,21.728395061728396
2305233,Horizonte,23,CE,Ceará,Nordeste,79934.0,2116782.482,1786.0,2086.43,23760.0,25636.0,2003.0,618257.775,160.557,74755.0,465.6,26481.62836840393,22.343433332499313
2305266,Ibaretama,23,CE,Ceará,Nordeste,12191.0,132265.433,229.0,2529.53,943.0,1132.0,230.0,31317.262,879.255,11956.0,13.6,10849.432614223606,18.78434910999918
2305308,Ibiapina,23,CE,Ceará,Nordeste,24649.0,348539.661,489.0,2926.19,1698.0,2174.0,509.0,56726.34,414.092,23965.0,57.87,14140.1136354416,19.838533003367278
2305332,Ibicuitinga,23,CE,Ceará,Nordeste,11979.0,124950.55,211.0,2158.96,1100.0,1276.0,212.0,30269.452,423.856,11611.0,27.39,10430.79973286585,17.61415811002588
2305357,Icapuí,23,CE,Ceará,Nordeste,22367.0,411021.425,714.0,2587.15,4064.0,4772.0,731.0,130515.1,421.44,21433.0,50.86,18376.242902490278,31.92202798766039
2305407,Icó,23,CE,Ceará,Nordeste,64802.0,737488.907,1286.0,2166.16,5058.0,6418.0,1330.0,141872.472,1865.862,62642.0,33.57,11380.650396592699,19.84506651029289
2305506,Iguatu,23,CE,Ceará,Nordeste,102251.0,1904814.79,3525.0,2366.73,15834.0,19761.0,3705.0,491465.086,992.208,98064.0,98.83,18628.813312339244,34.47399047442079
2305605,Independência,23,CE,Ceará,Nordeste,24530.0,306809.033,594.0,2684.42,1478.0,2067.0,612.0,51958.867,3222.381,24024.0,7.46,12507.502364451691,24.2152466367713
2305654,Ipaporanga,23,CE,Ceará,Nordeste,11937.0,114127.411,169.0,1501.6,952.0,1100.0,171.0,29995.451,704.773,11575.0,16.42,9560.811845522325,14.15766105386613
2305704,Ipaumirim,23,CE,Ceará,Nordeste,12441.0,143450.636,269.0,2637.37,1411.0,1650.0,287.0,42157.489,276.508,12083.0,43.7,11530.474720681617,21.622056104814728
2305803,Ipu,23,CE,Ceará,Nordeste,42968.0,519844.688,985.0,2121.89,4192.0,5244.0,1015.0,117091.335,626.049,41081.0,65.62,12098.414820331409,22.92403649227332
2305902,Ipueiras,23,CE,Ceará,Nordeste,38285.0,328115.053,557.0,2377.15,2103.0,2636.0,568.0,82981.362,1483.258,36798.0,24.81,8570.329188977406,14.54877889512864
2306009,Iracema,23,CE,Ceará,Nordeste,14411.0,195282.203,395.0,3008.82,1144.0,1516.0,417.0,44650.959,839.174,14001.0,16.68,13550.912705572133,27.409617653181595
2306108,Irauçuba,23,CE,Ceará,Nordeste,24751.0,220294.117,438.0,2106.89,1634.0,2036.0,448.0,46049.456,1466.412,23915.0,16.31,8900.412791402368,17.696254696779928
2306207,Itaiçaba,23,CE,Ceará,Nordeste,7779.0,82854.556,188.0,2052.9,790.0,941.0,192.0,21268.217,213.604,7536.0,35.28,10651.054891374213,24.167630800874147
2306256,Itaitinga,23,CE,Ceará,Nordeste,70679.0,1258826.386,1693.0,2841.16,11319.0,13090.0,1831.0,438400.149,153.686,64650.0,420.66,17810.47250244061,23.953366629409018
2306306,Itapajé,23,CE,Ceará,Nordeste,49086.0,594581.113,941.0,1851.0,4709.0,5685.0,961.0,134905.123,432.188,46426.0,107.42,12113.048791916228,19.170435562074726
2306405,Itapipoca,23,CE,Ceará,Nordeste,137892.0,1784006.658,2481.0,2302.92,16203.0,18929.0,2597.0,539097.986,1600.358,131123.0,81.93,12937.709642328779,17.992341832738663
2306504,Itapiúna,23,CE,Ceará,Nordeste,18228.0,170313.92,278.0,2502.46,1210.0,1456.0,283.0,34703.518,593.231,17841.0,30.07,9343.533026113671,15.251261795040596
2306553,Itarema,23,CE,Ceará,Nordeste,45465.0,766786.2,1005.0,2478.87,3693.0,4757.0,1046.0,114556.897,714.833,42957.0,60.09,16865.41735400858,22.104915869350048
2306603,Itatira,23,CE,Ceará,Nordeste,21087.0,174029.392,441.0,1853.39,2291.0,2699.0,459.0,53851.888,829.626,20424.0,24.62,8252.923222838715,20.913358941527957
2306702,Jaguaretama,23,CE,Ceará,Nordeste,17625.0,226643.899,385.0,2142.71,1308.0,1653.0,393.0,36903.941,1826.826,17232.0,9.43,12859.228312056737,21.843971631205676
2306801,Jaguaribara,23,CE,Ceará,Nordeste,10656.0,154002.311,291.0,1871.28,1318.0,1576.0,298.0,31454.529,622.963,10356.0,16.62,14452.168825075076,27.308558558558556
2306900,Jaguaribe,23,CE,Ceará,Nordeste,35124.0,561174.778,1075.0,2685.64,4339.0,5487.0,1122.0,160309.909,1877.062,33726.0,17.97,15976.960995330828,30.605853547431956
2307007,Jaguaruana,23,CE,Ceará,Nordeste,33070.0,566961.051,981.0,2082.13,4172.0,5235.0,1033.0,109104.953,854.362,31701.0,37.1,17144.27127305715,29.664348351980646
2307106,Jardim,23,CE,Ceará,Nordeste,28707.0,294153.646,540.0,2838.2,1815.0,2378.0,552.0,70827.91,544.98,27411.0,50.3,10246.756749224927,18.81074302434946
2307205,Jati,23,CE,Ceará,Nordeste,8100.0,129728.66,143.0,2281.79,788.0,907.0,145.0,26414.558,368.359,7861.0,21.34,16015.883950617284,17.65432098765432
2307254,Jijoca de Jericoacoara,23,CE,Ceará,Nordeste,27662.0,551637.538,1339.0,1714.37,6109.0,7617.0,1422.0,135153.355,209.029,25555.0,122.26,19942.069915407417,48.40575518762201
2307304,Juazeiro do Norte,23,CE,Ceará,Nordeste,303004.0,5114785.978,10745.0,2463.28,56794.0,69573.0,11391.0,1796712.634,258.788,286120.0,1105.62,16880.25893387546,35.46157806497604
2307403,Jucás,23,CE,Ceará,Nordeste,24591.0,319373.493,443.0,2682.82,1853.0,2286.0,465.0,72682.874,940.336,23922.0,25.44,12987.413809930462,18.01472083282502
2307502,Lavras da Mangabeira,23,CE,Ceará,Nordeste,32123.0,343303.548,588.0,2632.56,2368.0,2951.0,609.0,84583.605,945.263,30802.0,32.59,10687.157114839834,18.30464153410329
2307601,Limoeiro do Norte,23,CE,Ceará,Nordeste,62285.0,1423365.542,2094.0,2668.97,11273.0,13556.0,2189.0,373617.316,744.525,59560.0,80.0,22852.461138315808,33.61965160150919
2307635,Madalena,23,CE,Ceará,Nordeste,17264.0,174830.573,459.0,2405.09,1472.0,1904.0,468.0,46370.149,997.781,16896.0,16.93,10126.886758572753,26.587117701575533
2307650,Maracanaú,23,CE,Ceará,Nordeste,249684.0,12336716.645,7357.0,2869.49,69510.0,77819.0,7823.0,2567379.931,105.071,234509.0,2231.91,49409.31996042998,29.46524406850259
2307700,Maranguape,23,CE,Ceará,Nordeste,108937.0,1649527.97,2183.0,2223.75,15946.0,18429.0,2353.0,449909.907,583.505,105093.0,180.11,15142.035947382432,20.03910517087858
2307809,Marco,23,CE,Ceará,Nordeste,27064.0,390968.799,699.0,2253.13,3895.0,4639.0,742.0,111046.738,573.61,25799.0,44.98,14446.08332101685,25.827667750517293
2307908,Martinópole,23,CE,Ceará,Nordeste,11232.0,96326.787,205.0,1907.21,1009.0,1173.0,213.0,24587.41,303.445,10846.0,35.74,8576.102831196582,18.251424501424502
2308005,Massapê,23,CE,Ceará,Nordeste,39633.0,378718.498,682.0,2274.49,3787.0,4453.0,705.0,112595.234,567.78,37697.0,66.39,9555.635404839402,17.207882320288647
2308104,Mauriti,23,CE,Ceará,Nordeste,47406.0,517495.879,841.0,2383.49,4290.0,5181.0,875.0,129913.454,1079.011,45561.0,42.22,10916.252773910475,17.740370417246762
2308203,Meruoca,23,CE,Ceará,Nordeste,15749.0,129293.135,372.0,1913.01,1373.0,1753.0,374.0,33732.027,151.651,15157.0,99.95,8209.609181535336,23.620547336338817
2308302,Milagres,23,CE,Ceará,Nordeste,26860.0,287223.432,534.0,2333.68,2661.0,3211.0,544.0,78242.549,579.097,25900.0,44.72,10693.351898734178,19.88086373790022
2308351,Milhã,23,CE,Ceará,Nordeste,14635.0,195289.998,304.0,2608.59,989.0,1272.0,311.0,39265.578,502.137,14123.0,28.13,13344.03812777588,20.77212162623847
2308377,Miraíma,23,CE,Ceará,Nordeste,14736.0,112599.052,170.0,1310.88,1114.0,1255.0,172.0,26117.765,708.678,14196.0,20.03,7641.086590662324,11.536373507057545
2308401,Missão Velha,23,CE,Ceará,Nordeste,38767.0,515936.722,590.0,1696.31,4951.0,5568.0,612.0,108328.784,613.317,36822.0,60.04,13308.657414811567,15.219129672143833
2308500,Mombaça,23,CE,Ceará,Nordeste,38649.0,446847.422,780.0,2221.61,3066.0,3849.0,813.0,90857.125,2115.748,37735.0,17.84,11561.681337162669,20.181634712411707
2308609,Monsenhor Tabosa,23,CE,Ceará,Nordeste,17664.0,160699.121,335.0,1507.59,1582.0,1911.0,354.0,37890.781,892.538,17149.0,19.21,9097.549875452898,18.965126811594203
2308708,Morada Nova,23,CE,Ceará,Nordeste,65323.0,1276864.308,1389.0,2052.49,10607.0,11979.0,1454.0,291700.529,2763.971,61443.0,22.23,19546.93305573841,21.263567196852563
2308807,Moraújo,23,CE,Ceará,Nordeste,8516.0,75574.687,120.0,1666.85,702.0,794.0,123.0,15002.79,414.446,8254.0,19.92,8874.434828558009,14.091122592766558
2308906,Morrinhos,23,CE,Ceará,Nordeste,23608.0,193204.02,444.0,1923.73,2288.0,2716.0,452.0,54048.425,411.586,22753.0,55.28,8183.836834971196,18.807184005421888
2309003,Mucambo,23,CE,Ceará,Nordeste,14009.0,131291.77,257.0,1733.85,1659.0,1908.0,272.0,36781.934,192.19,13666.0,71.11,9371.95874080948,18.345349418231137
2309102,Mulungu,23,CE,Ceará,Nordeste,10993.0,123801.068,219.0,2416.18,1219.0,1409.0,221.0,36161.397,97.951,10569.0,107.9,11261.809151278087,19.9217683980715
2309201,Nova Olinda,23,CE,Ceará,Nordeste,15960.0,163380.546,360.0,2192.82,1680.0,1991.0,372.0,47805.299,282.584,15399.0,54.49,10236.876315789474,22.55639097744361
2309300,Nova Russas,23,CE,Ceará,Nordeste,32014.0,336930.448,827.0,1832.46,2655.0,3514.0,864.0,67071.103,736.911,30699.0,41.66,10524.472043480977,25.832448303867057
2309409,Novo Oriente,23,CE,Ceará,Nordeste,29043.0,283185.355,588.0,1364.21,1943.0,2499.0,599.0,35067.945,947.44,27545.0,29.07,9750.554522604414,20.245842371655822
2309458,Ocara,23,CE,Ceará,Nordeste,25218.0,284835.712,474.0,2628.09,1337.0,1801.0,483.0,60366.455,763.075,24493.0,32.1,11294.936632564042,18.79609802522008
2309508,Orós,23,CE,Ceará,Nordeste,20019.0,218899.304,393.0,1846.37,1623.0,1990.0,405.0,39396.524,577.526,19675.0,34.07,10934.57735151606,19.63135021729357
2309607,Pacajus,23,CE,Ceará,Nordeste,74825.0,1360535.18,1764.0,2141.97,9808.0,11676.0,1842.0,284597.669,250.304,70983.0,283.59,18182.895823588373,23.575008352823254
2309706,Pacatuba,23,CE,Ceará,Nordeste,85873.0,1235176.46,1534.0,2216.71,9447.0,11039.0,1625.0,305821.953,133.236,81524.0,611.88,14383.758107903532,17.863589253898198
2309805,Pacoti,23,CE,Ceará,Nordeste,11442.0,148366.251,284.0,2017.19,1250.0,1515.0,289.0,32337.191,112.433,11186.0,99.49,12966.810959622444,24.820835518266037
2309904,Pacujá,23,CE,Ceará,Nordeste,6345.0,59940.436,158.0,1573.81,768.0,892.0,160.0,20937.659,88.355,6175.0,69.89,9446.877226162333,24.901497241922776
2310001,Palhano,23,CE,Ceará,Nordeste,9671.0,98773.181,202.0,1608.86,1402.0,1624.0,205.0,29184.151,436.98,9346.0,21.39,10213.336883466032,20.88718850170613
2310100,Palmácia,23,CE,Ceará,Nordeste,10339.0,115123.989,174.0,2506.55,876.0,999.0,180.0,28558.636,128.896,10242.0,79.46,11134.924944385337,16.82948060740884
2310209,Paracuru,23,CE,Ceará,Nordeste,41447.0,555930.594,1098.0,2888.4,4314.0,5506.0,1130.0,158974.882,304.734,38980.0,127.91,13413.047844234807,26.49166405288682
2310258,Paraipaba,23,CE,Ceará,Nordeste,33896.0,535128.804,802.0,2349.2,4793.0,5644.0,826.0,140376.754,289.231,32216.0,111.39,15787.373259381638,23.660608921406656
2310308,Parambu,23,CE,Ceará,Nordeste,32816.0,288688.707,557.0,1465.55,2834.0,3396.0,568.0,54209.034,2313.868,31445.0,13.59,8797.193655533885,16.973427596294492
2310407,Paramoti,23,CE,Ceará,Nordeste,10528.0,110908.416,211.0,2256.18,742.0,918.0,211.0,26201.072,539.238,10384.0,19.26,10534.613981762917,20.04179331306991
2310506,Pedra Branca,23,CE,Ceará,Nordeste,42257.0,389913.901,776.0,2011.21,4025.0,4772.0,807.0,102111.469,1302.081,40187.0,30.86,9227.20261731784,18.363821378706486
2310605,Penaforte,23,CE,Ceará,Nordeste,9308.0,122161.945,216.0,1862.05,982.0,1173.0,220.0,25147.839,150.536,8972.0,59.6,13124.403201547057,23.205844434894715
2310704,Pentecoste,23,CE,Ceará,Nordeste,39715.0,484760.119,727.0,1991.93,4090.0,4835.0,746.0,104535.571,1379.836,37813.0,27.4,12205.970514918796,18.305426161399975
2310803,Pereiro,23,CE,Ceará,Nordeste,15869.0,560571.114,286.0,2123.39,5200.0,5482.0,298.0,139204.555,435.868,15274.0,35.04,35324.917386098685,18.02255970760602
2310852,Pindoretama,23,CE,Ceará,Nordeste,24607.0,274851.931,632.0,2057.53,2816.0,3485.0,645.0,73822.591,74.033,23391.0,315.95,11169.664363798918,25.683748526841956
2310902,Piquet Carneiro,23,CE,Ceará,Nordeste,17202.0,162091.883,270.0,2120.57,1231.0,1469.0,273.0,33741.663,589.601,16616.0,28.18,9422.851005697012,15.695849319846529
2310951,Pires Ferreira,23,CE,Ceará,Nordeste,10952.0,84230.034,167.0,1360.58,1068.0,1203.0,169.0,17593.984,244.464,10606.0,43.38,7690.835829072315,15.24835646457268
2311009,Poranga,23,CE,Ceará,Nordeste,12423.0,109401.553,182.0,1283.64,1304.0,1463.0,187.0,24031.864,1310.771,12065.0,9.2,8806.37148836835,14.650245512356113
2311108,Porteiras,23,CE,Ceará,Nordeste,17745.0,186375.042,253.0,2100.56,1847.0,2100.0,258.0,48888.512,224.86,17050.0,75.82,10502.960946745563,14.25753733446041
2311207,Potengi,23,CE,Ceará,Nordeste,8926.0,110569.972,189.0,2509.12,681.0,832.0,191.0,25862.324,343.264,8833.0,25.73,12387.404436477706,21.174098140264395
2311231,Potiretama,23,CE,Ceará,Nordeste,6129.0,96815.605,154.0,2127.43,714.0,831.0,157.0,22402.638,409.137,5974.0,14.6,15796.31342796541,25.12644803393702
2311264,Quiterianópolis,23,CE,Ceará,Nordeste,20506.0,184720.064,379.0,2294.72,1921.0,2248.0,385.0,56703.627,1041.832,20213.0,19.4,9008.09831268897,18.482395396469325
2311306,Quixadá,23,CE,Ceará,Nordeste,88483.0,1109868.568,1914.0,2180.16,10237.0,12302.0,2030.0,293740.607,2020.586,84168.0,41.66,12543.297220935096,21.631273804007552
2311355,Quixelô,23,CE,Ceará,Nordeste,16992.0,198819.976,309.0,2474.71,1332.0,1605.0,321.0,42308.628,605.345,15910.0,26.28,11700.798964218457,18.18502824858757
2311405,Quixeramobim,23,CE,Ceará,Nordeste,85797.0,1402460.802,1588.0,1945.81,16126.0,17831.0,1664.0,413586.736,3324.987,82177.0,24.71,16346.268540858073,18.508805669195894
2311504,Quixeré,23,CE,Ceará,Nordeste,21607.0,637015.418,560.0,2876.42,3887.0,4447.0,580.0,142432.77,613.099,20874.0,34.05,29481.9002175221,25.917526727449438
2311603,Redenção,23,CE,Ceará,Nordeste,28359.0,409866.661,482.0,4665.03,3508.0,3964.0,506.0,205210.532,247.989,27214.0,109.74,14452.78962586833,16.996367996050637
2311702,Reriutaba,23,CE,Ceará,Nordeste,19059.0,190709.672,482.0,1821.88,1616.0,2109.0,489.0,37976.039,372.949,18606.0,49.89,10006.279028280602,25.28988929114854
2311801,Russas,23,CE,Ceará,Nordeste,74582.0,1158523.296,2239.0,2205.95,13003.0,15350.0,2329.0,361911.118,1611.091,72928.0,45.27,15533.55093722346,30.020648413826393
2311900,Saboeiro,23,CE,Ceará,Nordeste,14036.0,169856.393,226.0,1825.67,1539.0,1738.0,227.0,37191.401,1381.274,13854.0,10.03,12101.481404958678,16.10145340552864
2311959,Salitre,23,CE,Ceará,Nordeste,17220.0,159283.931,290.0,1376.26,2251.0,2511.0,293.0,40589.066,806.253,16633.0,20.63,9249.937921022067,16.840882694541232
2312007,Santana do Acaraú,23,CE,Ceará,Nordeste,32043.0,280072.452,580.0,2514.56,1877.0,2475.0,587.0,67925.4,972.573,30628.0,31.49,8740.519052523172,18.100677214992352
2312106,Santana do Cariri,23,CE,Ceará,Nordeste,17388.0,159277.378,234.0,2340.83,1322.0,1523.0,241.0,39174.53,855.165,16954.0,19.83,9160.189671037497,13.457556935817806
2312205,Santa Quitéria,23,CE,Ceará,Nordeste,41647.0,633709.937,1195.0,1837.59,6129.0,7320.0,1244.0,147012.459,4262.293,40183.0,9.43,15216.220544096814,28.693543352462363
2312304,São Benedito,23,CE,Ceará,Nordeste,49829.0,627180.022,1190.0,2225.09,5486.0,6764.0,1237.0,153504.903,350.847,47640.0,135.79,12586.646771960104,23.881675329627328
2312403,São Gonçalo do Amarante,23,CE,Ceará,Nordeste,57499.0,8624986.628,1598.0,4694.35,16792.0,18492.0,1663.0,1013112.851,842.635,54143.0,64.25,150002.37618045532,27.791787683264058
2312502,São João do Jaguaribe,23,CE,Ceará,Nordeste,5792.0,107898.08,126.0,2135.7,583.0,687.0,130.0,16045.981,279.451,5855.0,20.95,18628.812154696134,21.75414364640884
2312601,São Luís do Curu,23,CE,Ceará,Nordeste,10962.0,133109.237,215.0,1876.94,976.0,1148.0,228.0,23079.93,122.865,10822.0,88.08,12142.787538770297,19.61320926838168
2312700,Senador Pompeu,23,CE,Ceará,Nordeste,25143.0,352271.547,523.0,2087.05,3216.0,3738.0,546.0,90078.154,956.882,24266.0,25.36,14010.720558405917,20.801018176033093
2312809,Senador Sá,23,CE,Ceará,Nordeste,7519.0,62765.572,174.0,1492.12,768.0,920.0,177.0,14507.094,424.642,7262.0,17.1,8347.595690916345,23.14137518287006
2312908,Sobral,23,CE,Ceará,Nordeste,215286.0,5395130.171,6511.0,2646.04,54939.0,62609.0,6883.0,1824945.906,2068.474,203023.0,98.15,25060.29268507938,30.243490055089506
2313005,Solonópole,23,CE,Ceará,Nordeste,18736.0,303283.676,444.0,1885.84,2307.0,2734.0,463.0,67054.659,1535.855,18179.0,11.84,16187.2158411614,23.697694278394536
2313104,Tabuleiro do Norte,23,CE,Ceará,Nordeste,32044.0,450593.418,947.0,2264.88,3214.0,4200.0,970.0,94743.553,1047.637,30652.0,29.26,14061.709461989763,29.553114467607042
2313203,Tamboril,23,CE,Ceará,Nordeste,25331.0,282246.661,404.0,2275.31,1653.0,2027.0,418.0,53314.797,2014.543,24815.0,12.32,11142.3418341163,15.948837392917769
2313252,Tarrafas,23,CE,Ceará,Nordeste,7626.0,85682.029,138.0,2487.35,625.0,735.0,143.0,20783.642,412.719,7529.0,18.24,11235.513899816418,18.09598741148702
2313302,Tauá,23,CE,Ceará,Nordeste,64255.0,711835.952,1525.0,1996.23,6820.0,8454.0,1590.0,168247.136,4010.618,61227.0,15.27,11078.296661738386,23.733561590537704
2313351,Tejuçuoca,23,CE,Ceará,Nordeste,17626.0,136987.601,246.0,1878.99,1777.0,1971.0,247.0,42179.12,758.707,17154.0,22.61,7771.9051968682625,13.956654941563599
2313401,Tianguá,23,CE,Ceará,Nordeste,86137.0,1732690.1,2922.0,2296.57,11384.0,14680.0,3055.0,331050.477,909.853,81506.0,89.58,20115.51481941558,33.92270452883198
2313500,Trairi,23,CE,Ceará,Nordeste,61516.0,1115143.708,1365.0,2704.51,4268.0,5870.0,1422.0,164668.457,928.725,58415.0,62.9,18127.701866181156,22.189349112426033
2313559,Tururu,23,CE,Ceará,Nordeste,15457.0,138078.604,180.0,1646.3,1772.0,1919.0,181.0,37232.52,201.27,15412.0,76.57,8933.079122727568,11.64520929028919
2313609,Ubajara,23,CE,Ceará,Nordeste,34312.0,642046.082,861.0,2685.19,3352.0,4273.0,898.0,115164.044,423.673,32767.0,77.34,18711.998193051993,25.093261832595008
2313708,Umari,23,CE,Ceará,Nordeste,6993.0,69440.65,118.0,1403.05,567.0,652.0,119.0,13897.87,263.183,6871.0,26.11,9930.02288002288,16.874016874016874
2313757,Umirim,23,CE,Ceará,Nordeste,17804.0,172797.323,233.0,2153.83,1558.0,1780.0,238.0,42612.676,315.648,17470.0,55.35,9705.533756459223,13.08694675353853
2313807,Uruburetama,23,CE,Ceará,Nordeste,21279.0,299474.294,332.0,1568.24,3176.0,3483.0,344.0,64811.305,99.4,20189.0,203.11,14073.70148973166,15.602236947224963
2313906,Uruoca,23,CE,Ceará,Nordeste,14243.0,298207.058,258.0,2296.6,1566.0,1802.0,259.0,43541.192,697.683,13746.0,19.7,20937.095976971144,18.114161342413816
2313955,Varjota,23,CE,Ceará,Nordeste,18660.0,375819.126,594.0,2068.15,2343.0,2947.0,610.0,73036.999,179.239,18105.0,101.01,20140.360450160773,31.832797427652736
2314003,Várzea Alegre,23,CE,Ceará,Nordeste,40771.0,468100.919,874.0,2359.18,3419.0,4339.0,908.0,109744.883,829.976,38984.0,46.97,11481.222412989626,21.43680557258836
2314102,Viçosa do Ceará,23,CE,Ceará,Nordeste,62609.0,603320.912,1114.0,1514.03,3949.0,5146.0,1154.0,76943.889,1310.91,59712.0,45.55,9636.32883451261,17.79296906195595
2400109,Acari,24,RN,Rio Grande do Norte,Nordeste,10865.0,141991.931,301.0,2105.22,1316.0,1596.0,313.0,35752.879,608.466,10597.0,17.42,13068.746525540728,27.703635526921307
2400208,Assú,24,RN,Rio Grande do Norte,Nordeste,58906.0,1467561.99,1969.0,2480.82,7528.0,9666.0,2065.0,248246.946,1303.442,56496.0,43.34,24913.624927851153,33.42613655654772
2400307,Afonso Bezerra,24,RN,Rio Grande do Norte,Nordeste,11149.0,138262.051,208.0,2152.93,858.0,1042.0,211.0,27351.072,576.179,10839.0,18.81,12401.296170060095,18.65638173827249
2400406,Água Nova,24,RN,Rio Grande do Norte,Nordeste,3028.0,34552.095,61.0,2478.43,261.0,302.0,61.0,8398.023,50.684,2946.0,58.12,11410.86360634082,20.145310435931307
2400505,Alexandria,24,RN,Rio Grande do Norte,Nordeste,14042.0,150788.602,353.0,2122.37,998.0,1348.0,360.0,28895.9,381.205,13640.0,35.78,10738.399230878793,25.13886910696482
2400604,Almino Afonso,24,RN,Rio Grande do Norte,Nordeste,4806.0,50061.102,120.0,2817.41,306.0,402.0,121.0,11136.598,128.038,4687.0,36.61,10416.375780274657,24.96878901373283
2400703,Alto do Rodrigues,24,RN,Rio Grande do Norte,Nordeste,12857.0,616322.331,450.0,3219.69,2872.0,3317.0,461.0,144479.634,191.334,12484.0,65.25,47936.71393015478,35.00038889320992
2400802,Angicos,24,RN,Rio Grande do Norte,Nordeste,11973.0,180163.149,457.0,2293.05,926.0,1394.0,470.0,37674.648,741.582,11632.0,15.69,15047.452518165874,38.169214064979535
2400901,Antônio Martins,24,RN,Rio Grande do Norte,Nordeste,6738.0,65524.996,110.0,2591.19,352.0,450.0,112.0,11858.65,244.897,6577.0,26.86,9724.69516176907,16.325319085782134
2401008,Apodi,24,RN,Rio Grande do Norte,Nordeste,37390.0,709585.968,1058.0,2538.33,3569.0,4758.0,1118.0,118525.464,1602.477,36093.0,22.52,18977.96116608719,28.296335918694837
2401107,Areia Branca,24,RN,Rio Grande do Norte,Nordeste,24643.0,935968.204,721.0,2682.17,3999.0,4772.0,747.0,155362.425,342.749,24093.0,70.29,37981.09824290874,29.257801404049832
2401206,Arez,24,RN,Rio Grande do Norte,Nordeste,13657.0,386630.977,193.0,2437.68,2894.0,3066.0,198.0,102357.593,115.407,13251.0,114.82,28310.095701837887,14.131946986893169
2401305,Campo Grande,24,RN,Rio Grande do Norte,Nordeste,10045.0,105354.051,231.0,2664.95,404.0,619.0,242.0,16210.46,890.89,9730.0,10.92,10488.208163265306,22.996515679442506
2401404,Baía Formosa,24,RN,Rio Grande do Norte,Nordeste,9098.0,325030.343,237.0,2459.58,2942.0,3162.0,244.0,86904.989,247.484,8825.0,35.66,35725.471861947684,26.049681248626072
2401453,Baraúna,24,RN,Rio Grande do Norte,Nordeste,28268.0,746395.219,668.0,2789.27,4081.0,4703.0,682.0,164395.377,825.681,26913.0,32.59,26404.24575491722,23.63096080373567
2401503,Barcelona,24,RN,Rio Grande do Norte,Nordeste,4103.0,45863.612,72.0,2146.21,522.0,563.0,73.0,16173.508,152.626,3986.0,26.12,11178.067755301,17.548135510602
2401602,Bento Fernandes,24,RN,Rio Grande do Norte,Nordeste,4920.0,88428.907,97.0,2511.83,472.0,544.0,99.0,15071.67,301.069,4807.0,15.97,17973.35508130081,19.715447154471544
2401651,Bodó,24,RN,Rio Grande do Norte,Nordeste,2363.0,286573.534,120.0,2951.64,257.0,353.0,123.0,12677.865,253.519,2306.0,9.1,121275.30004231908,50.78290308929327
2401701,Bom Jesus,24,RN,Rio Grande do Norte,Nordeste,10279.0,109335.973,194.0,2648.05,418.0,591.0,197.0,23318.593,122.035,9952.0,81.55,10636.829749975679,18.873431267633038
2401800,Brejinho,24,RN,Rio Grande do Norte,Nordeste,12603.0,139463.466,235.0,1880.59,1093.0,1298.0,245.0,32190.272,61.559,12202.0,198.22,11065.894310878362,18.646354042688248
2401859,Caiçara do Norte,24,RN,Rio Grande do Norte,Nordeste,6474.0,112176.1,110.0,2194.85,721.0,811.0,112.0,20443.066,225.633,6293.0,27.89,17327.170219338896,16.99104108742663
2401909,Caiçara do Rio do Vento,24,RN,Rio Grande do Norte,Nordeste,3359.0,60456.128,98.0,2769.91,228.0,286.0,99.0,17407.027,261.194,3268.0,12.51,17998.25186067282,29.175349806490026
2402006,Caicó,24,RN,Rio Grande do Norte,Nordeste,63339.0,1394837.913,2404.0,2363.84,11540.0,14370.0,2584.0,356681.955,1228.584,61146.0,49.77,22021.786150712833,37.95449880800139
2402105,Campo Redondo,24,RN,Rio Grande do Norte,Nordeste,10504.0,106965.093,187.0,3233.05,500.0,643.0,189.0,33542.609,213.727,10215.0,47.79,10183.27237242955,17.802741812642804
2402204,Canguaretama,24,RN,Rio Grande do Norte,Nordeste,30806.0,605672.818,703.0,2384.44,2736.0,3429.0,732.0,101713.868,245.485,29668.0,120.85,19660.871843147437,22.820229825358695
2402303,Caraúbas,24,RN,Rio Grande do Norte,Nordeste,20161.0,373656.696,549.0,3010.45,1516.0,2096.0,571.0,56480.842,1095.803,19727.0,18.0,18533.639006001686,27.230792123406577
2402402,Carnaúba dos Dantas,24,RN,Rio Grande do Norte,Nordeste,8267.0,118371.83,280.0,1787.39,1306.0,1598.0,291.0,31513.44,246.308,7992.0,32.45,14318.595621144308,33.86960203217612
2402501,Carnaubais,24,RN,Rio Grande do Norte,Nordeste,10010.0,210948.098,241.0,2647.39,827.0,1028.0,252.0,31296.609,517.737,9714.0,18.76,21073.736063936063,24.075924075924075
2402600,Ceará-Mirim,24,RN,Rio Grande do Norte,Nordeste,83009.0,1002193.003,1475.0,2412.91,7325.0,8956.0,1639.0,259010.77,724.838,79115.0,109.15,12073.305340384777,17.7691575612283
2402709,Cerro Corá,24,RN,Rio Grande do Norte,Nordeste,11322.0,140410.065,244.0,2921.41,738.0,985.0,254.0,30141.552,393.573,11000.0,27.95,12401.524907260202,21.550962727433316
2402808,Coronel Ezequiel,24,RN,Rio Grande do Norte,Nordeste,5241.0,52505.974,69.0,2674.87,285.0,329.0,73.0,12540.973,185.748,5117.0,27.55,10018.312154169053,13.16542644533486
2402907,Coronel João Pessoa,24,RN,Rio Grande do Norte,Nordeste,4315.0,48166.228,73.0,2867.21,234.0,278.0,74.0,8820.83,117.139,4237.0,36.17,11162.509385863268,16.917728852838934
2403004,Cruzeta,24,RN,Rio Grande do Norte,Nordeste,8238.0,123140.711,218.0,1827.64,1100.0,1301.0,231.0,26269.932,295.83,8005.0,27.06,14947.889172129158,26.462733673221653
2403103,Currais Novos,24,RN,Rio Grande do Norte,Nordeste,42930.0,804224.22,1654.0,2511.25,7960.0,9785.0,1741.0,234293.956,864.349,41313.0,47.8,18733.38504542278,38.52783601211274
2403202,Doutor Severiano,24,RN,Rio Grande do Norte,Nordeste,7253.0,78554.809,102.0,3175.67,477.0,557.0,104.0,18658.593,113.737,7044.0,61.93,10830.66441472494,14.063146284296153
2403251,Parnamirim,24,RN,Rio Grande do Norte,Nordeste,269298.0,6845358.456,10058.0,2452.42,52323.0,63485.0,10479.0,1644178.895,124.006,252716.0,2037.93,25419.269567542276,37.34895914563049
2403301,Encanto,24,RN,Rio Grande do Norte,Nordeste,6252.0,62291.545,83.0,2081.63,511.0,577.0,84.0,13731.39,125.749,6016.0,47.84,9963.458893154191,13.27575175943698
2403400,Equador,24,RN,Rio Grande do Norte,Nordeste,5476.0,81975.601,177.0,2307.27,705.0,857.0,187.0,21432.847,264.985,5360.0,20.23,14969.97826880935,32.32286340394448
2403509,Espírito Santo,24,RN,Rio Grande do Norte,Nordeste,10936.0,97584.237,275.0,1813.7,1794.0,2038.0,281.0,37302.511,135.838,10620.0,78.18,8923.211137527433,25.146305779078276
2403608,Extremoz,24,RN,Rio Grande do Norte,Nordeste,66993.0,570417.878,1190.0,2777.24,4369.0,5690.0,1701.0,149545.745,140.639,61635.0,438.25,8514.589255593868,17.763049870882032
2403707,Felipe Guerra,24,RN,Rio Grande do Norte,Nordeste,6458.0,173824.854,168.0,2755.09,560.0,706.0,170.0,19987.58,268.591,5944.0,22.13,26916.20532672654,26.014245896562404
2403756,Fernando Pedroza,24,RN,Rio Grande do Norte,Nordeste,3029.0,39068.822,105.0,2889.98,183.0,286.0,105.0,11415.956,322.628,2938.0,9.11,12898.257510729614,34.664905909541105
2403806,Florânia,24,RN,Rio Grande do Norte,Nordeste,10528.0,120491.664,238.0,2467.13,878.0,1120.0,249.0,28123.624,507.892,10196.0,20.08,11444.876899696048,22.606382978723406
2403905,Francisco Dantas,24,RN,Rio Grande do Norte,Nordeste,2763.0,32757.665,66.0,2179.72,339.0,374.0,68.0,9370.534,181.558,2700.0,14.87,11855.832428519725,23.887079261672095
2404002,Frutuoso Gomes,24,RN,Rio Grande do Norte,Nordeste,4231.0,44911.035,105.0,2108.87,354.0,452.0,108.0,9726.939,63.279,4122.0,65.14,10614.75655873316,24.816828173008744
2404101,Galinhos,24,RN,Rio Grande do Norte,Nordeste,2160.0,162615.844,79.0,2396.63,1104.0,1181.0,80.0,32596.846,340.769,2104.0,6.17,75285.11296296296,36.57407407407407
2404200,Goianinha,24,RN,Rio Grande do Norte,Nordeste,28212.0,546569.827,720.0,2632.25,3855.0,4549.0,740.0,141316.485,192.279,26741.0,139.07,19373.66464624982,25.52105487026797
2404309,Governador Dix-Sept Rosado,24,RN,Rio Grande do Norte,Nordeste,12239.0,386258.856,246.0,2726.85,1394.0,1624.0,252.0,48103.219,1129.55,11938.0,10.57,31559.674483209412,20.099681346515236
2404408,Grossos,24,RN,Rio Grande do Norte,Nordeste,10251.0,158307.973,288.0,1564.8,1107.0,1390.0,296.0,38132.409,124.538,9924.0,79.69,15443.173641595942,28.09482001755926
2404507,Guamaré,24,RN,Rio Grande do Norte,Nordeste,15947.0,2042132.536,475.0,5086.38,2423.0,2826.0,492.0,253520.479,258.307,15295.0,59.21,128057.4738822349,29.786166677117954
2404606,Ielmo Marinho,24,RN,Rio Grande do Norte,Nordeste,11903.0,140718.395,119.0,2603.04,617.0,705.0,123.0,39226.459,312.028,11615.0,37.22,11822.094850037805,9.997479626984793
2404705,Ipanguaçu,24,RN,Rio Grande do Norte,Nordeste,14539.0,196498.337,369.0,2238.36,1563.0,1904.0,376.0,46761.365,374.245,14131.0,37.76,13515.258064516129,25.380012380493845
2404804,Ipueira,24,RN,Rio Grande do Norte,Nordeste,2090.0,34928.891,55.0,2811.93,289.0,328.0,55.0,10472.313,127.348,2035.0,15.98,16712.388038277513,26.31578947368421
2404853,Itajá,24,RN,Rio Grande do Norte,Nordeste,7531.0,99443.547,233.0,1993.47,1244.0,1487.0,237.0,35260.691,203.624,7292.0,35.81,13204.560748904529,30.93878634975435
2404903,Itaú,24,RN,Rio Grande do Norte,Nordeste,5452.0,73781.1,145.0,2471.09,441.0,568.0,149.0,15869.999,133.031,5320.0,39.99,13532.850330154071,26.595744680851062
2405009,Jaçanã,24,RN,Rio Grande do Norte,Nordeste,8051.0,86388.866,158.0,2437.39,524.0,655.0,160.0,16275.544,54.561,7834.0,143.58,10730.20320457086,19.624891317848714
2405108,Jandaíra,24,RN,Rio Grande do Norte,Nordeste,6748.0,101428.753,154.0,2427.25,993.0,1110.0,155.0,35503.645,442.754,6562.0,14.82,15030.935536455247,22.821576763485474
2405207,Janduís,24,RN,Rio Grande do Norte,Nordeste,4834.0,84497.183,145.0,2975.66,352.0,456.0,147.0,14701.285,303.448,4746.0,15.64,17479.764791063302,29.995862639635913
2405306,Januário Cicco,24,RN,Rio Grande do Norte,Nordeste,8836.0,84898.647,120.0,2533.22,497.0,582.0,124.0,20089.106,170.737,9051.0,53.01,9608.266976007242,13.580805794477138
2405405,Japi,24,RN,Rio Grande do Norte,Nordeste,5231.0,51546.731,65.0,2724.44,385.0,419.0,65.0,14256.672,188.99,5117.0,27.08,9854.087363792774,12.425922385777099
2405504,Jardim de Angicos,24,RN,Rio Grande do Norte,Nordeste,2493.0,64390.78,62.0,2318.88,222.0,258.0,64.0,11631.941,254.022,2437.0,9.59,25828.632170076213,24.86963497793823
2405603,Jardim de Piranhas,24,RN,Rio Grande do Norte,Nordeste,14416.0,213313.206,333.0,2494.93,1529.0,1853.0,351.0,51843.272,330.53,13977.0,42.29,14796.975998890122,23.099334073251942
2405702,Jardim do Seridó,24,RN,Rio Grande do Norte,Nordeste,11952.0,207991.093,433.0,2188.63,1586.0,2048.0,462.0,48617.463,367.645,11655.0,31.7,17402.199882864792,36.228246318607766
2405801,João Câmara,24,RN,Rio Grande do Norte,Nordeste,34768.0,1269832.854,1049.0,2926.31,3696.0,4713.0,1089.0,169101.229,714.961,33290.0,46.56,36523.03422687529,30.17142199723884
2405900,João Dias,24,RN,Rio Grande do Norte,Nordeste,2093.0,27990.632,45.0,1316.64,344.0,366.0,45.0,5955.809,88.173,2076.0,23.54,13373.45054945055,21.50023889154324
2406007,José da Penha,24,RN,Rio Grande do Norte,Nordeste,5964.0,67413.352,104.0,2301.95,385.0,463.0,108.0,13130.64,117.635,5803.0,49.33,11303.378940308517,17.43796109993293
2406106,Jucurutu,24,RN,Rio Grande do Norte,Nordeste,18286.0,315838.141,420.0,2265.39,2408.0,2826.0,450.0,76217.833,933.73,17793.0,19.06,17272.12845893033,22.968391118888768
2406155,Jundiá,24,RN,Rio Grande do Norte,Nordeste,3859.0,42146.913,71.0,2982.89,200.0,238.0,73.0,8650.486,44.641,3739.0,83.76,10921.71883907748,18.398548846851515
2406205,Lagoa d'Anta,24,RN,Rio Grande do Norte,Nordeste,6733.0,70837.262,105.0,2480.34,310.0,398.0,108.0,16538.177,105.652,6654.0,62.98,10520.906282489232,15.59483142729838
2406304,Lagoa de Pedras,24,RN,Rio Grande do Norte,Nordeste,7577.0,81380.779,92.0,2231.3,242.0,305.0,93.0,18768.93,117.971,7338.0,62.2,10740.501385772734,12.142008710571465
2406403,Lagoa de Velhos,24,RN,Rio Grande do Norte,Nordeste,2633.0,38240.437,72.0,2881.58,288.0,333.0,73.0,10486.319,111.607,2567.0,23.0,14523.523357387012,27.34523357387011
2406502,Lagoa Nova,24,RN,Rio Grande do Norte,Nordeste,16126.0,269032.449,440.0,2603.44,1493.0,2003.0,459.0,56276.91,176.302,15573.0,88.33,16683.148269874735,27.285129604365622
2406601,Lagoa Salgada,24,RN,Rio Grande do Norte,Nordeste,8619.0,94310.674,162.0,2035.14,768.0,896.0,166.0,29299.366,79.128,8319.0,105.13,10942.182851838961,18.795683954054994
2406700,Lajes,24,RN,Rio Grande do Norte,Nordeste,10108.0,165927.595,337.0,3067.42,1191.0,1507.0,344.0,62244.053,676.625,9866.0,14.58,16415.472398100515,33.339928769291646
2406809,Lajes Pintadas,24,RN,Rio Grande do Norte,Nordeste,4939.0,51593.421,113.0,2406.56,409.0,482.0,117.0,14567.059,130.211,4787.0,36.76,10446.126948775056,22.87912532901397
2406908,Lucrécia,24,RN,Rio Grande do Norte,Nordeste,3579.0,51509.206,165.0,2539.3,324.0,472.0,168.0,11928.802,30.931,3490.0,112.83,14392.066499022074,46.10226320201174
2407005,Luís Gomes,24,RN,Rio Grande do Norte,Nordeste,9286.0,87825.117,145.0,2385.9,476.0,608.0,148.0,14733.582,166.638,9070.0,54.43,9457.798513891881,15.614904156795175
2407104,Macaíba,24,RN,Rio Grande do Norte,Nordeste,86433.0,1828142.061,1886.0,2670.04,12208.0,14258.0,2286.0,445145.476,510.092,82249.0,161.24,21150.97313526084,21.820369534784167
2407203,Macau,24,RN,Rio Grande do Norte,Nordeste,28384.0,1111117.526,836.0,3408.4,4327.0,5173.0,870.0,194875.792,775.302,27369.0,35.3,39145.910583427285,29.453213077790306
2407252,Major Sales,24,RN,Rio Grande do Norte,Nordeste,4067.0,48002.88,99.0,3653.31,251.0,327.0,101.0,11910.287,31.971,3924.0,122.74,11803.019424637325,24.342267027292845
2407302,Marcelino Vieira,24,RN,Rio Grande do Norte,Nordeste,8092.0,82888.835,134.0,2600.95,440.0,559.0,137.0,14520.377,345.711,7896.0,22.84,10243.306351952546,16.559565002471576
2407401,Martins,24,RN,Rio Grande do Norte,Nordeste,8411.0,108193.727,257.0,2084.05,893.0,1161.0,265.0,29857.41,169.464,8179.0,48.26,12863.36071810724,30.555225300202114
2407500,Maxaranguape,24,RN,Rio Grande do Norte,Nordeste,10534.0,134892.056,229.0,2343.6,710.0,934.0,230.0,30291.901,132.129,10255.0,77.61,12805.397379912663,21.73913043478261
2407609,Messias Targino,24,RN,Rio Grande do Norte,Nordeste,4404.0,55529.237,125.0,1874.89,504.0,606.0,127.0,13580.226,142.608,4274.0,29.97,12608.818574023615,28.38328792007266
2407708,Montanhas,24,RN,Rio Grande do Norte,Nordeste,11774.0,130282.289,155.0,2607.35,853.0,968.0,158.0,29700.937,82.214,11444.0,139.2,11065.253015118056,13.16459996602684
2407807,Monte Alegre,24,RN,Rio Grande do Norte,Nordeste,23843.0,271451.347,374.0,2703.17,1754.0,2136.0,389.0,63311.376,211.259,23031.0,109.02,11384.94933523466,15.685945560541876
2407906,Monte das Gameleiras,24,RN,Rio Grande do Norte,Nordeste,2343.0,32365.713,76.0,2652.17,339.0,394.0,76.0,13715.761,71.946,2276.0,31.63,13813.791293213828,32.43704652155356
2408003,Mossoró,24,RN,Rio Grande do Norte,Nordeste,278034.0,8071718.831,12753.0,2831.7,81997.0,97192.0,13622.0,2881310.505,2099.334,264577.0,126.03,29031.409219735717,45.86849090399016
2408102,Natal,24,RN,Rio Grande do Norte,Nordeste,785368.0,24186139.008,43817.0,3963.97,310411.0,367921.0,46732.0,15722451.044,167.401,751300.0,4488.03,30795.931344287008,55.7916798239806
2408201,Nísia Floresta,24,RN,Rio Grande do Norte,Nordeste,33949.0,474715.85,712.0,2451.76,2533.0,3296.0,743.0,105420.12,307.719,31942.0,103.8,13983.205690889276,20.97263542372382
2408300,Nova Cruz,24,RN,Rio Grande do Norte,Nordeste,35534.0,560495.035,707.0,2750.57,2743.0,3421.0,796.0,94364.314,277.658,34269.0,123.42,15773.485534980582,19.89643721506163
2408409,Olho d'Água do Borges,24,RN,Rio Grande do Norte,Nordeste,3748.0,47532.159,127.0,2001.19,444.0,543.0,129.0,13557.963,141.17,3905.0,27.66,12682.00613660619,33.884738527214516
2408508,Ouro Branco,24,RN,Rio Grande do Norte,Nordeste,5071.0,61703.283,125.0,2386.7,515.0,619.0,128.0,15869.115,253.21,4913.0,19.4,12167.872806152633,24.649970420035498
2408607,Paraná,24,RN,Rio Grande do Norte,Nordeste,4046.0,43930.329,66.0,3673.61,176.0,228.0,68.0,8666.923,81.39,3934.0,48.34,10857.718487394957,16.312407315867524
2408706,Paraú,24,RN,Rio Grande do Norte,Nordeste,3659.0,55256.393,81.0,3138.99,236.0,288.0,82.0,10045.034,383.214,3579.0,9.34,15101.50122984422,22.13719595517901
2408805,Parazinho,24,RN,Rio Grande do Norte,Nordeste,4940.0,606239.324,133.0,3730.54,399.0,495.0,137.0,18189.29,231.007,4801.0,20.78,122720.5109311741,26.923076923076923
2408904,Parelhas,24,RN,Rio Grande do Norte,Nordeste,22179.0,368923.531,872.0,2235.85,3326.0,4251.0,933.0,104873.524,513.507,21499.0,41.87,16633.911853555164,39.316470535190945
2408953,Rio do Fogo,24,RN,Rio Grande do Norte,Nordeste,10672.0,185589.707,209.0,1790.63,619.0,817.0,210.0,29703.396,151.097,10351.0,68.51,17390.33986131934,19.583958020989503
2409100,Passa e Fica,24,RN,Rio Grande do Norte,Nordeste,11406.0,152321.706,253.0,1919.1,1416.0,1653.0,261.0,31452.364,42.137,10896.0,258.59,13354.5244608101,22.18130808346484
2409209,Passagem,24,RN,Rio Grande do Norte,Nordeste,3222.0,46128.001,88.0,2306.38,243.0,314.0,90.0,9785.548,41.215,3115.0,75.58,14316.573867163253,27.312228429546863
2409308,Patu,24,RN,Rio Grande do Norte,Nordeste,11245.0,160911.859,300.0,2052.05,1098.0,1368.0,310.0,28485.12,319.135,11007.0,34.49,14309.63619386394,26.678523788350375
2409332,Santa Maria,24,RN,Rio Grande do Norte,Nordeste,4992.0,78031.177,112.0,2798.24,388.0,463.0,113.0,15394.803,219.57,4847.0,22.07,15631.245392628205,22.435897435897434
2409407,Pau dos Ferros,24,RN,Rio Grande do Norte,Nordeste,31975.0,709328.018,1402.0,2347.29,4945.0,6498.0,1458.0,156621.817,259.959,30479.0,117.25,22183.831681000782,43.8467552775606
2409506,Pedra Grande,24,RN,Rio Grande do Norte,Nordeste,3729.0,293282.636,101.0,3322.15,349.0,438.0,101.0,24749.687,221.167,3618.0,16.36,78649.13810673103,27.08500938589434
2409605,Pedra Preta,24,RN,Rio Grande do Norte,Nordeste,2499.0,36126.388,66.0,2736.7,231.0,263.0,66.0,8933.757,294.985,2441.0,8.27,14456.337735094037,26.410564225690276
2409704,Pedro Avelino,24,RN,Rio Grande do Norte,Nordeste,6345.0,79993.776,190.0,2526.0,505.0,670.0,193.0,24033.76,952.755,6242.0,6.55,12607.372104018912,29.944838455476756
2409803,Pedro Velho,24,RN,Rio Grande do Norte,Nordeste,14197.0,173615.156,232.0,3057.31,833.0,1029.0,237.0,38641.329,192.708,13824.0,71.74,12229.003028808904,16.341480594491795
2409902,Pendências,24,RN,Rio Grande do Norte,Nordeste,12536.0,757490.693,274.0,2338.18,1912.0,2177.0,281.0,70779.009,419.137,12278.0,29.29,60425.230775366945,21.85705169112955
2410009,Pilões,24,RN,Rio Grande do Norte,Nordeste,3010.0,41828.534,75.0,3588.48,194.0,252.0,75.0,9137.376,82.69,2965.0,35.86,13896.52292358804,24.916943521594686
2410108,Poço Branco,24,RN,Rio Grande do Norte,Nordeste,12619.0,131859.278,148.0,2852.35,549.0,673.0,152.0,37089.822,230.401,12390.0,53.78,10449.26523496315,11.728346144702433
2410207,Portalegre,24,RN,Rio Grande do Norte,Nordeste,7842.0,78932.905,175.0,2815.02,661.0,833.0,177.0,22532.084,110.054,7601.0,69.07,10065.404871206325,22.315735781688346
2410256,Porto do Mangue,24,RN,Rio Grande do Norte,Nordeste,5357.0,149471.167,124.0,2472.28,913.0,1015.0,127.0,33816.026,361.237,5228.0,14.47,27902.02856076162,23.147283927571404
2410306,Serra Caiada,24,RN,Rio Grande do Norte,Nordeste,11146.0,109305.752,161.0,2392.62,968.0,1099.0,166.0,34338.591,217.539,10125.0,46.54,9806.72456486632,14.444643818410192
2410405,Pureza,24,RN,Rio Grande do Norte,Nordeste,9707.0,169428.175,134.0,1979.24,926.0,1055.0,135.0,25834.538,504.294,9362.0,18.56,17454.226331513342,13.804471000309055
2410504,Rafael Fernandes,24,RN,Rio Grande do Norte,Nordeste,5647.0,53270.721,136.0,2649.77,230.0,365.0,138.0,7922.124,78.231,5432.0,69.44,9433.455108907385,24.083584204002126
2410603,Rafael Godeiro,24,RN,Rio Grande do Norte,Nordeste,3008.0,43450.248,75.0,3038.25,304.0,364.0,77.0,11646.142,100.073,2934.0,29.32,14444.896276595744,24.93351063829787
2410702,Riacho da Cruz,24,RN,Rio Grande do Norte,Nordeste,2741.0,37506.6,86.0,2563.16,271.0,348.0,87.0,9276.241,127.223,2701.0,21.23,13683.546151039767,31.37541043414812
2410801,Riacho de Santana,24,RN,Rio Grande do Norte,Nordeste,4243.0,43512.45,59.0,2376.35,333.0,389.0,61.0,10137.074,128.106,4127.0,32.22,10255.114305915626,13.90525571529578
2410900,Riachuelo,24,RN,Rio Grande do Norte,Nordeste,7627.0,192155.869,131.0,2792.48,713.0,817.0,133.0,25880.219,262.887,7389.0,28.11,25194.16140028845,17.175822735020322
2411007,Rodolfo Fernandes,24,RN,Rio Grande do Norte,Nordeste,4349.0,59192.112,97.0,2114.7,425.0,503.0,99.0,11790.651,154.84,4242.0,27.4,13610.510922051046,22.30397792595999
2411056,Tibau,24,RN,Rio Grande do Norte,Nordeste,5674.0,115022.291,764.0,2365.43,739.0,1431.0,772.0,31405.525,169.365,5382.0,31.78,20271.817236517447,134.64927740571025
2411106,Ruy Barbosa,24,RN,Rio Grande do Norte,Nordeste,3266.0,126772.017,60.0,2976.61,336.0,362.0,60.0,12995.662,125.809,3206.0,25.48,38815.681873851805,18.37109614206981
2411205,Santa Cruz,24,RN,Rio Grande do Norte,Nordeste,38996.0,619036.156,1087.0,2305.47,3519.0,4643.0,1143.0,129485.555,624.356,37313.0,59.76,15874.35008718843,27.874653810647246
2411403,Santana do Matos,24,RN,Rio Grande do Norte,Nordeste,12746.0,147037.256,375.0,2542.18,1014.0,1407.0,387.0,33546.67,1422.268,12456.0,8.76,11535.952926408285,29.420994821904912
2411429,Santana do Seridó,24,RN,Rio Grande do Norte,Nordeste,2787.0,36353.453,93.0,2079.47,462.0,553.0,95.0,12970.766,188.403,2696.0,14.31,13043.937208467887,33.36921420882669
2411502,Santo Antônio,24,RN,Rio Grande do Norte,Nordeste,22779.0,302532.522,511.0,2682.29,1608.0,2104.0,540.0,56628.108,301.082,22177.0,73.66,13281.202950085606,22.432942622590982
2411601,São Bento do Norte,24,RN,Rio Grande do Norte,Nordeste,3426.0,549241.307,118.0,2383.81,961.0,1069.0,119.0,29692.273,288.761,3304.0,11.44,160315.61792177465,34.442498540572096
2411700,São Bento do Trairí,24,RN,Rio Grande do Norte,Nordeste,3892.0,45622.513,70.0,2539.81,354.0,397.0,70.0,16382.998,190.818,3792.0,19.87,11722.125642343268,17.985611510791365
2411809,São Fernando,24,RN,Rio Grande do Norte,Nordeste,3600.0,63596.419,97.0,2375.57,521.0,599.0,98.0,15943.675,404.427,3492.0,8.63,17665.671944444446,26.944444444444443
2411908,São Francisco do Oeste,24,RN,Rio Grande do Norte,Nordeste,4304.0,54446.801,95.0,2379.42,517.0,589.0,97.0,16209.512,75.588,4161.0,55.05,12650.27904275093,22.072490706319705
2412005,São Gonçalo do Amarante,24,RN,Rio Grande do Norte,Nordeste,123207.0,1905640.708,2232.0,2408.53,15602.0,17939.0,2404.0,487748.819,249.8,115838.0,463.72,15466.984083696543,18.115853807007717
2412104,São João do Sabugi,24,RN,Rio Grande do Norte,Nordeste,6130.0,84585.211,148.0,2758.92,386.0,517.0,163.0,12955.884,277.011,5956.0,21.5,13798.566231647634,24.143556280587276
2412203,São José de Mipibu,24,RN,Rio Grande do Norte,Nordeste,49693.0,1040955.618,1204.0,2403.04,8676.0,9918.0,1298.0,276303.147,289.987,47286.0,163.06,20947.731430986256,24.22876461473447
2412302,São José do Campestre,24,RN,Rio Grande do Norte,Nordeste,11340.0,125089.897,224.0,2306.53,474.0,678.0,227.0,39382.4,341.115,11121.0,32.6,11030.855114638449,19.753086419753085
2412401,São José do Seridó,24,RN,Rio Grande do Norte,Nordeste,4716.0,83853.885,153.0,1907.59,1070.0,1237.0,170.0,26838.654,174.505,4558.0,26.12,17780.722010178117,32.44274809160305
2412500,São Miguel,24,RN,Rio Grande do Norte,Nordeste,24329.0,319739.86,613.0,3129.85,1428.0,2050.0,632.0,61334.002,166.233,23537.0,141.59,13142.334662337129,25.19626782851741
2412559,São Miguel do Gostoso,24,RN,Rio Grande do Norte,Nordeste,10590.0,492637.037,491.0,2305.69,2016.0,2610.0,502.0,58673.264,431.444,10221.0,23.69,46519.078092540134,46.36449480642115
2412609,São Paulo do Potengi,24,RN,Rio Grande do Norte,Nordeste,17320.0,231551.94,393.0,2222.71,1620.0,2007.0,413.0,52578.063,240.425,16786.0,69.82,13369.049653579677,22.690531177829097
2412708,São Pedro,24,RN,Rio Grande do Norte,Nordeste,5905.0,55799.443,72.0,2490.17,338.0,393.0,76.0,13914.865,195.237,5776.0,29.58,9449.524640135478,12.193056731583404
2412807,São Rafael,24,RN,Rio Grande do Norte,Nordeste,7899.0,88674.342,144.0,2836.53,333.0,451.0,144.0,17903.154,469.101,7711.0,16.44,11226.021268515002,18.230155715913405
2412906,São Tomé,24,RN,Rio Grande do Norte,Nordeste,10188.0,111773.156,254.0,3051.13,726.0,945.0,257.0,29203.168,862.585,9972.0,11.56,10971.05967805261,24.931291715744013
2413003,São Vicente,24,RN,Rio Grande do Norte,Nordeste,6514.0,76920.408,165.0,2131.8,558.0,689.0,166.0,17546.491,197.817,6310.0,31.9,11808.475284003684,25.330058335891923
2413102,Senador Elói de Souza,24,RN,Rio Grande do Norte,Nordeste,6007.0,60474.83,122.0,3294.13,363.0,456.0,122.0,19510.905,152.376,5965.0,39.15,10067.39304145164,20.309638754786082
2413201,Senador Georgino Avelino,24,RN,Rio Grande do Norte,Nordeste,4193.0,116485.756,71.0,2868.39,340.0,395.0,73.0,12913.227,26.1,4065.0,155.75,27781.0054853327,16.932983544001907
2413300,Serra de São Bento,24,RN,Rio Grande do Norte,Nordeste,5864.0,57409.611,148.0,2306.28,384.0,501.0,148.0,13844.906,96.628,5703.0,59.02,9790.179229195088,25.2387448840382
2413359,Serra do Mel,24,RN,Rio Grande do Norte,Nordeste,13694.0,858720.705,365.0,3102.48,1324.0,1760.0,372.0,52468.666,620.241,13091.0,21.11,62707.80670366584,26.654009055060612
2413409,Serra Negra do Norte,24,RN,Rio Grande do Norte,Nordeste,7801.0,118874.306,243.0,1943.22,1222.0,1438.0,249.0,32618.88,562.396,7597.0,13.51,15238.342007434945,31.14985258300218
2413508,Serrinha,24,RN,Rio Grande do Norte,Nordeste,6609.0,71896.85,120.0,2534.55,226.0,310.0,123.0,18024.804,193.351,6436.0,33.29,10878.627628990771,18.157058556513846
2413557,Serrinha dos Pintos,24,RN,Rio Grande do Norte,Nordeste,4802.0,49786.348,119.0,2407.09,407.0,513.0,120.0,12107.893,122.375,4659.0,38.07,10367.835901707622,24.78134110787172
2413607,Severiano Melo,24,RN,Rio Grande do Norte,Nordeste,5623.0,63098.203,141.0,2333.36,510.0,631.0,145.0,16033.198,157.85,5487.0,34.76,11221.448159345546,25.0755824293082
2413706,Sítio Novo,24,RN,Rio Grande do Norte,Nordeste,4758.0,53783.104,81.0,3401.45,258.0,310.0,82.0,13767.971,213.456,4654.0,21.8,11303.720891130728,17.023959646910466
2413805,Taboleiro Grande,24,RN,Rio Grande do Norte,Nordeste,2406.0,32472.004,68.0,2552.03,330.0,393.0,68.0,10589.564,124.093,2338.0,18.84,13496.261014131338,28.262676641729012
2413904,Taipu,24,RN,Rio Grande do Norte,Nordeste,11716.0,155197.134,115.0,2259.22,918.0,1019.0,118.0,29268.264,352.818,11422.0,32.37,13246.597302833732,9.815636736087402
2414001,Tangará,24,RN,Rio Grande do Norte,Nordeste,13602.0,201782.164,320.0,2962.25,1148.0,1449.0,324.0,41734.831,339.484,13281.0,39.12,14834.742243787678,23.525952065872666
2414100,Tenente Ananias,24,RN,Rio Grande do Norte,Nordeste,10587.0,113585.861,233.0,2251.34,547.0,774.0,239.0,16370.406,223.671,10262.0,45.88,10728.80523283272,22.00812316992538
2414159,Tenente Laurentino Cruz,24,RN,Rio Grande do Norte,Nordeste,6118.0,107283.971,177.0,2738.79,466.0,617.0,183.0,19751.832,68.556,5891.0,85.93,17535.791271657403,28.93102321019941
2414209,Tibau do Sul,24,RN,Rio Grande do Norte,Nordeste,17840.0,415828.65,1143.0,2155.02,3967.0,5455.0,1189.0,126641.067,102.68,16929.0,164.87,23308.780829596413,64.06950672645739
2414308,Timbaúba dos Batistas,24,RN,Rio Grande do Norte,Nordeste,2420.0,43617.334,71.0,2294.07,167.0,219.0,71.0,7477.193,135.456,2348.0,17.33,18023.69173553719,29.33884297520661
2414407,Touros,24,RN,Rio Grande do Norte,Nordeste,34624.0,814837.827,751.0,2600.48,2633.0,3436.0,769.0,103780.32,753.961,33035.0,43.82,23533.90211991682,21.69015711645102
2414456,Triunfo Potiguar,24,RN,Rio Grande do Norte,Nordeste,3474.0,45829.479,89.0,2162.4,374.0,451.0,93.0,11141.316,268.725,3376.0,12.56,13192.135578583766,25.618883131836498
2414506,Umarizal,24,RN,Rio Grande do Norte,Nordeste,10671.0,151205.386,352.0,3278.9,682.0,1024.0,366.0,28213.52,213.584,10078.0,47.19,14169.748477181145,32.98659919407741
2414605,Upanema,24,RN,Rio Grande do Norte,Nordeste,14013.0,214152.413,284.0,2758.66,1356.0,1647.0,290.0,44422.986,873.14,13577.0,15.55,15282.410119175052,20.26689502604724
2414704,Várzea,24,RN,Rio Grande do Norte,Nordeste,5383.0,56555.177,90.0,2307.14,497.0,565.0,91.0,14690.16,72.684,5233.0,72.0,10506.256176853056,16.719301504737135
2414753,Venha-Ver,24,RN,Rio Grande do Norte,Nordeste,3035.0,43201.82,60.0,2781.18,256.0,293.0,61.0,9303.122,71.621,3014.0,42.08,14234.537067545305,19.769357495881383
2414803,Vera Cruz,24,RN,Rio Grande do Norte,Nordeste,11044.0,133469.11,242.0,2869.65,739.0,969.0,253.0,33044.379,84.127,10735.0,127.6,12085.21459616081,21.912350597609564
2414902,Viçosa,24,RN,Rio Grande do Norte,Nordeste,1890.0,23238.192,55.0,2474.02,129.0,161.0,56.0,6413.471,37.905,1822.0,48.07,12295.339682539683,29.100529100529098
2415008,Vila Flor,24,RN,Rio Grande do Norte,Nordeste,3289.0,44402.939,74.0,2037.62,381.0,428.0,75.0,10461.589,47.656,3174.0,66.6,13500.437519002737,22.49923989054424
2500106,Água Branca,25,PB,Paraíba,Nordeste,9578.0,92268.329,159.0,2409.09,791.0,925.0,164.0,24303.531,241.662,9335.0,38.63,9633.360722489037,16.600542910837337
2500205,Aguiar,25,PB,Paraíba,Nordeste,5061.0,60255.576,110.0,3158.28,489.0,566.0,112.0,18761.702,351.607,5003.0,14.23,11905.863663307648,21.73483501284331
2500304,Alagoa Grande,25,PB,Paraíba,Nordeste,26774.0,300766.384,421.0,2447.12,2369.0,2786.0,441.0,75301.344,322.071,26062.0,80.92,11233.52446403227,15.724210054530515
2500403,Alagoa Nova,25,PB,Paraíba,Nordeste,21724.0,335568.446,269.0,2529.65,1708.0,1955.0,274.0,55832.639,128.23,21013.0,163.87,15446.899558092433,12.382618302338429
2500502,Alagoinha,25,PB,Paraíba,Nordeste,14118.0,138844.393,197.0,2414.22,1146.0,1324.0,204.0,35443.934,111.361,13725.0,123.25,9834.565306700666,13.953817821221136
2500536,Alcantil,25,PB,Paraíba,Nordeste,5777.0,55221.414,88.0,2211.34,543.0,606.0,89.0,15317.786,309.896,5578.0,18.0,9558.839189890947,15.232819802665743
2500577,Algodão de Jandaíra,25,PB,Paraíba,Nordeste,3105.0,28687.686,47.0,2252.63,340.0,368.0,47.0,11137.351,222.74,2953.0,13.26,9239.190338164251,15.136876006441224
2500601,Alhandra,25,PB,Paraíba,Nordeste,22797.0,3391901.194,502.0,2672.96,5709.0,6159.0,657.0,196959.936,183.974,21730.0,118.11,148787.1734877396,22.02044128613414
2500700,São João do Rio do Peixe,25,PB,Paraíba,Nordeste,18468.0,226325.939,411.0,2208.36,2169.0,2615.0,416.0,65562.82,476.238,17964.0,37.72,12255.032434481265,22.254710851202077
2500734,Amparo,25,PB,Paraíba,Nordeste,2316.0,29514.119,66.0,2218.73,360.0,393.0,66.0,10178.598,122.094,2234.0,18.3,12743.57469775475,28.497409326424872
2500775,Aparecida,25,PB,Paraíba,Nordeste,8225.0,105562.098,155.0,2335.79,605.0,753.0,156.0,21750.65,291.478,7960.0,27.31,12834.297629179331,18.84498480243161
2500809,Araçagi,25,PB,Paraíba,Nordeste,17012.0,186120.697,214.0,2530.53,1291.0,1475.0,215.0,41676.094,232.177,16646.0,71.7,10940.553550434986,12.579355748883142
2500908,Arara,25,PB,Paraíba,Nordeste,12496.0,112505.436,198.0,2468.46,823.0,1007.0,207.0,26971.038,91.306,12212.0,133.75,9003.315941101153,15.84507042253521
2501005,Araruna,25,PB,Paraíba,Nordeste,17442.0,204617.85,287.0,2749.69,1452.0,1718.0,309.0,50532.566,246.717,17189.0,69.67,11731.329549363605,16.45453503038642
2501104,Areia,25,PB,Paraíba,Nordeste,23082.0,258030.317,473.0,2778.79,2052.0,2492.0,490.0,71046.011,269.13,22633.0,84.1,11178.854388701153,20.492158391820464
2501153,Areia de Baraúnas,25,PB,Paraíba,Nordeste,2036.0,26145.736,45.0,2333.77,298.0,322.0,45.0,8736.411,114.078,2005.0,17.58,12841.717092337918,22.102161100196465
2501203,Areial,25,PB,Paraíba,Nordeste,7393.0,62685.654,131.0,2365.19,695.0,803.0,132.0,20125.79,35.81,7128.0,199.05,8479.055052076288,17.71946435817665
2501302,Aroeiras,25,PB,Paraíba,Nordeste,19148.0,286086.029,211.0,2299.86,1514.0,1710.0,219.0,47396.785,376.118,18705.0,49.73,14940.778619176937,11.019427616461249
2501351,Assunção,25,PB,Paraíba,Nordeste,4342.0,48604.696,88.0,2678.96,426.0,497.0,94.0,14931.148,132.139,4152.0,31.42,11194.080147397513,20.26715799170889
2501401,Baía da Traição,25,PB,Paraíba,Nordeste,9648.0,108130.005,158.0,1983.07,948.0,1071.0,170.0,22986.086,102.756,9224.0,89.77,11207.504664179105,16.376451077943614
2501500,Bananeiras,25,PB,Paraíba,Nordeste,23989.0,279646.766,450.0,2457.22,1975.0,2442.0,461.0,68610.216,255.641,23134.0,90.49,11657.291508608112,18.758597690608195
2501534,Baraúna,25,PB,Paraíba,Nordeste,4968.0,49872.389,112.0,2650.53,421.0,512.0,113.0,13645.624,50.03,4762.0,95.18,10038.725644122384,22.544283413848632
2501575,Barra de Santana,25,PB,Paraíba,Nordeste,8253.0,90979.711,75.0,3077.68,614.0,672.0,76.0,24041.539,375.177,8059.0,21.48,11023.835090270204,9.087604507451834
2501609,Barra de Santa Rosa,25,PB,Paraíba,Nordeste,13094.0,151139.756,244.0,3142.79,1011.0,1217.0,260.0,39050.047,781.187,12904.0,16.52,11542.672674507408,18.634489078967466
2501708,Barra de São Miguel,25,PB,Paraíba,Nordeste,6101.0,85061.057,88.0,2483.57,571.0,651.0,88.0,17720.056,609.697,5906.0,9.69,13942.149975413866,14.423864940173743
2501807,Bayeux,25,PB,Paraíba,Nordeste,84404.0,1367699.814,1717.0,2320.24,12899.0,14634.0,1806.0,378701.993,27.705,82742.0,2986.54,16204.206127671674,20.342637789678214
2501906,Belém,25,PB,Paraíba,Nordeste,16740.0,217641.894,330.0,2137.94,1774.0,2062.0,343.0,52049.168,99.609,16401.0,164.65,13001.307885304659,19.71326164874552
2502003,Belém do Brejo do Cruz,25,PB,Paraíba,Nordeste,6324.0,78753.671,129.0,2891.98,626.0,723.0,137.0,22669.099,601.549,6268.0,10.42,12453.142156862745,20.398481973434535
2502052,Bernardino Batista,25,PB,Paraíba,Nordeste,3650.0,40114.689,70.0,2356.49,446.0,491.0,70.0,13722.694,57.453,3504.0,60.99,10990.325753424657,19.178082191780824
2502102,Boa Ventura,25,PB,Paraíba,Nordeste,5277.0,51771.123,114.0,2260.45,525.0,610.0,115.0,14981.477,168.664,5207.0,30.87,9810.711199545196,21.60318362706083
2502151,Boa Vista,25,PB,Paraíba,Nordeste,6575.0,203601.208,143.0,2695.98,1343.0,1492.0,145.0,45274.994,468.933,6377.0,13.6,30965.96319391635,21.749049429657795
2502201,Bom Jesus,25,PB,Paraíba,Nordeste,2333.0,32154.436,73.0,2473.76,207.0,311.0,73.0,10231.999,47.367,2286.0,48.26,13782.441491641663,31.290184312044577
2502300,Bom Sucesso,25,PB,Paraíba,Nordeste,4740.0,54737.575,103.0,2337.53,471.0,550.0,104.0,14584.033,186.059,4661.0,25.05,11548.011603375528,21.729957805907173
2502409,Bonito de Santa Fé,25,PB,Paraíba,Nordeste,10460.0,96759.554,195.0,2732.56,446.0,605.0,198.0,21641.866,226.798,10252.0,45.2,9250.435372848948,18.64244741873805
2502508,Boqueirão,25,PB,Paraíba,Nordeste,18153.0,260286.609,375.0,2468.72,1626.0,2017.0,385.0,50387.249,373.077,17598.0,47.17,14338.490001652619,20.657742521897205
2502607,Igaracy,25,PB,Paraíba,Nordeste,5743.0,60876.703,119.0,2599.36,442.0,526.0,119.0,14976.499,197.058,5648.0,28.66,10600.157234894654,20.720877590109698
2502706,Borborema,25,PB,Paraíba,Nordeste,4231.0,69315.43,92.0,2650.01,329.0,405.0,92.0,13914.083,26.107,4214.0,161.41,16382.753486173482,21.744268494445755
2502805,Brejo do Cruz,25,PB,Paraíba,Nordeste,14050.0,147569.408,280.0,3108.97,1116.0,1382.0,333.0,43190.751,401.315,13613.0,33.92,10503.160711743772,19.9288256227758
2502904,Brejo dos Santos,25,PB,Paraíba,Nordeste,5840.0,64523.189,114.0,2506.09,556.0,666.0,125.0,19657.622,93.857,5742.0,61.18,11048.491267123287,19.52054794520548
2503001,Caaporã,25,PB,Paraíba,Nordeste,21865.0,416707.206,413.0,2250.07,5286.0,5615.0,444.0,153714.68,151.018,21193.0,140.33,19058.18458723988,18.88863480448205
2503100,Cabaceiras,25,PB,Paraíba,Nordeste,5515.0,116783.766,132.0,2433.35,527.0,634.0,141.0,15069.573,469.171,5335.0,11.37,21175.66019945603,23.934723481414323
2503209,Cabedelo,25,PB,Paraíba,Nordeste,70067.0,3137677.146,3418.0,3175.98,21751.0,24723.0,3576.0,864299.926,29.873,66519.0,2226.73,44781.09732113549,48.78188020037964
2503308,Cachoeira dos Índios,25,PB,Paraíba,Nordeste,9351.0,125141.305,165.0,2512.62,670.0,816.0,169.0,23797.092,193.215,9151.0,47.36,13382.665490321891,17.645171639396857
2503407,Cacimba de Areia,25,PB,Paraíba,Nordeste,3354.0,39216.719,73.0,2720.94,222.0,272.0,74.0,10127.079,213.018,3291.0,15.45,11692.52206320811,21.765056648777577
2503506,Cacimba de Dentro,25,PB,Paraíba,Nordeste,16373.0,154292.868,193.0,2797.4,974.0,1151.0,210.0,36273.405,165.072,16064.0,97.32,9423.616197398156,11.78769926097844
2503555,Cacimbas,25,PB,Paraíba,Nordeste,7478.0,67250.752,123.0,2802.2,543.0,634.0,124.0,20857.211,124.068,7223.0,58.22,8993.146830703397,16.448248194704465
2503605,Caiçara,25,PB,Paraíba,Nordeste,6713.0,65797.414,109.0,2678.06,475.0,564.0,116.0,17085.346,123.677,6602.0,53.38,9801.491732459408,16.23715179502458
2503704,Cajazeiras,25,PB,Paraíba,Nordeste,66171.0,1231837.204,2409.0,3064.69,11892.0,14693.0,2564.0,456206.603,562.703,63239.0,112.38,18615.967780447627,36.40567620256608
2503753,Cajazeirinhas,25,PB,Paraíba,Nordeste,2776.0,42139.939,61.0,2777.44,237.0,306.0,61.0,13759.531,282.693,2740.0,9.69,15180.093299711816,21.97406340057637
2503803,Caldas Brandão,25,PB,Paraíba,Nordeste,5928.0,74926.873,89.0,2398.91,662.0,754.0,94.0,20583.251,55.963,5753.0,102.8,12639.485998650473,15.01349527665317
2503902,Camalaú,25,PB,Paraíba,Nordeste,6298.0,71860.25,117.0,2136.17,555.0,646.0,118.0,15613.491,541.841,6085.0,11.23,11410.011114639568,18.57732613528104
2504009,Campina Grande,25,PB,Paraíba,Nordeste,440939.0,10349781.259,16877.0,2800.96,116359.0,137241.0,18578.0,4120167.249,591.658,419379.0,708.82,23472.138456793342,38.27513556296903
2504033,Capim,25,PB,Paraíba,Nordeste,7347.0,75876.451,117.0,2627.64,455.0,555.0,119.0,20756.602,79.876,6970.0,87.26,10327.541989927862,15.924867292772563
2504074,Caraúbas,25,PB,Paraíba,Nordeste,4059.0,42316.594,84.0,2548.54,413.0,473.0,84.0,13162.968,486.622,3944.0,8.1,10425.374230105937,20.694752402069476
2504108,Carrapateira,25,PB,Paraíba,Nordeste,2367.0,31011.398,47.0,3435.77,289.0,315.0,47.0,12934.535,59.07,2312.0,39.14,13101.562315166879,19.856358259400086
2504157,Casserengue,25,PB,Paraíba,Nordeste,7056.0,70121.843,111.0,2547.38,527.0,625.0,115.0,20203.034,202.761,6889.0,33.98,9937.902919501134,15.731292517006803
2504207,Catingueira,25,PB,Paraíba,Nordeste,4572.0,53094.909,100.0,2518.68,497.0,572.0,101.0,16176.601,527.424,4491.0,8.51,11613.059711286089,21.872265966754153
2504306,Catolé do Rocha,25,PB,Paraíba,Nordeste,32118.0,506808.837,1035.0,2230.89,4370.0,5542.0,1118.0,121936.684,551.765,30661.0,55.57,15779.588922099758,32.224920605268075
2504355,Caturité,25,PB,Paraíba,Nordeste,5492.0,61814.279,89.0,2212.42,461.0,525.0,92.0,16724.466,117.823,5254.0,44.59,11255.331209031317,16.205389657683906
2504405,Conceição,25,PB,Paraíba,Nordeste,18723.0,209556.099,543.0,2600.09,1375.0,1920.0,556.0,47457.454,580.65,18260.0,31.45,11192.442397051755,29.0017625380548
2504504,Condado,25,PB,Paraíba,Nordeste,6624.0,90622.792,104.0,2833.58,428.0,509.0,110.0,17314.635,265.473,6451.0,24.3,13680.977053140097,15.70048309178744
2504603,Conde,25,PB,Paraíba,Nordeste,29543.0,1274198.467,966.0,2543.4,8366.0,9265.0,1034.0,258444.973,171.267,27605.0,161.18,43130.30047727042,32.698101073012225
2504702,Congo,25,PB,Paraíba,Nordeste,5102.0,61917.353,121.0,2374.3,547.0,660.0,122.0,16454.327,324.686,4933.0,15.19,12135.898275186202,23.716189729517836
2504801,Coremas,25,PB,Paraíba,Nordeste,15005.0,250138.181,484.0,2619.29,713.0,1203.0,502.0,23603.662,372.012,14683.0,39.47,16670.321959346886,32.25591469510163
2504850,Coxixola,25,PB,Paraíba,Nordeste,1882.0,24115.038,54.0,2466.61,264.0,303.0,54.0,8316.608,173.942,1824.0,10.49,12813.51647183847,28.692879914984058
2504900,Cruz do Espírito Santo,25,PB,Paraíba,Nordeste,17718.0,191763.519,212.0,1976.93,2015.0,2205.0,222.0,50861.438,192.512,17095.0,88.8,10823.090585844904,11.965233096286262
2505006,Cubati,25,PB,Paraíba,Nordeste,7820.0,76970.307,140.0,2490.17,805.0,925.0,143.0,24523.845,163.57,7580.0,46.34,9842.750255754476,17.902813299232736
2505105,Cuité,25,PB,Paraíba,Nordeste,20205.0,220942.764,467.0,2428.6,1602.0,2081.0,494.0,51166.535,733.818,19719.0,26.87,10935.053897550111,23.113090819104183
2505204,Cuitegi,25,PB,Paraíba,Nordeste,6894.0,66816.871,94.0,1991.6,718.0,792.0,95.0,18111.357,42.091,6730.0,159.89,9692.032346968379,13.635044966637656
2505238,Cuité de Mamanguape,25,PB,Paraíba,Nordeste,6431.0,74254.219,83.0,2131.37,688.0,747.0,84.0,19858.22,107.68,6251.0,58.05,11546.294355465712,12.906235422173845
2505279,Curral de Cima,25,PB,Paraíba,Nordeste,5406.0,55713.98,76.0,2682.87,686.0,746.0,77.0,19343.979,86.428,5254.0,60.79,10305.952645209027,14.058453570107288
2505303,Curral Velho,25,PB,Paraíba,Nordeste,2327.0,26853.33,53.0,2281.98,271.0,303.0,53.0,8043.278,217.624,2292.0,10.53,11539.892565535023,22.776106574989257
2505352,Damião,25,PB,Paraíba,Nordeste,5131.0,50367.937,91.0,2837.83,499.0,564.0,93.0,17863.742,186.198,4982.0,26.76,9816.397778210876,17.735334242837656
2505402,Desterro,25,PB,Paraíba,Nordeste,8300.0,72919.876,161.0,2421.05,452.0,592.0,162.0,18369.318,182.018,8067.0,44.32,8785.527228915662,19.397590361445783
2505501,Vista Serrana,25,PB,Paraíba,Nordeste,3759.0,39511.31,71.0,2708.79,341.0,382.0,71.0,11812.286,60.39,3641.0,60.29,10511.122638999734,18.88800212822559
2505600,Diamante,25,PB,Paraíba,Nordeste,6431.0,59526.827,145.0,2049.45,308.0,426.0,149.0,11571.53,271.791,6299.0,23.18,9256.231845747163,22.547037785725394
2505709,Dona Inês,25,PB,Paraíba,Nordeste,10640.0,94022.083,156.0,2823.61,556.0,684.0,156.0,22875.731,173.648,10380.0,59.78,8836.661936090226,14.661654135338345
2505808,Duas Estradas,25,PB,Paraíba,Nordeste,3377.0,45155.445,68.0,2644.98,371.0,412.0,69.0,12778.405,27.012,3327.0,123.17,13371.467278649689,20.136215575954992
2505907,Emas,25,PB,Paraíba,Nordeste,3053.0,41741.393,77.0,2065.7,425.0,489.0,77.0,12048.61,248.226,3011.0,12.13,13672.254503766786,25.22109400589584
2506004,Esperança,25,PB,Paraíba,Nordeste,32522.0,709828.042,1266.0,2257.54,4567.0,5936.0,1301.0,131309.302,157.851,31231.0,197.85,21826.08824795523,38.92749523399545
2506103,Fagundes,25,PB,Paraíba,Nordeste,11315.0,105578.849,135.0,2990.65,707.0,806.0,135.0,26664.406,185.061,11049.0,59.7,9330.87485638533,11.931064958020325
2506202,Frei Martinho,25,PB,Paraíba,Nordeste,2913.0,30352.454,65.0,2946.87,222.0,262.0,65.0,11202.423,238.658,2846.0,11.93,10419.654651561963,22.313765877102643
2506251,Gado Bravo,25,PB,Paraíba,Nordeste,8395.0,76349.59,80.0,2986.75,520.0,573.0,80.0,21010.838,192.42,8179.0,42.51,9094.6503871352,9.529481834425255
2506301,Guarabira,25,PB,Paraíba,Nordeste,59836.0,1778823.634,1969.0,2186.81,11606.0,13831.0,2089.0,324618.428,162.387,57484.0,353.99,29728.317969115582,32.90661140450565
2506400,Gurinhém,25,PB,Paraíba,Nordeste,14133.0,151393.058,191.0,2612.11,1424.0,1615.0,195.0,45417.006,340.408,13766.0,40.44,10712.025613811646,13.5144696808887
2506509,Gurjão,25,PB,Paraíba,Nordeste,3343.0,38416.956,81.0,2222.28,446.0,500.0,82.0,12795.229,344.502,3242.0,9.41,11491.760693987437,24.22973377206102
2506608,Ibiara,25,PB,Paraíba,Nordeste,5733.0,58012.33,123.0,2396.11,404.0,513.0,124.0,12014.979,240.357,5631.0,23.43,10119.017966160824,21.454735740450026
2506707,Imaculada,25,PB,Paraíba,Nordeste,10550.0,98469.848,156.0,3088.91,521.0,648.0,162.0,20530.051,317.804,10392.0,32.7,9333.634881516587,14.786729857819905
2506806,Ingá,25,PB,Paraíba,Nordeste,18197.0,195441.872,341.0,1911.13,2642.0,2953.0,347.0,68401.681,262.179,17692.0,67.48,10740.334780458317,18.739352640545146
2506905,Itabaiana,25,PB,Paraíba,Nordeste,23621.0,336826.15,552.0,2487.57,2372.0,2992.0,584.0,80053.881,210.572,23182.0,110.09,14259.60585919309,23.369036027263874
2507002,Itaporanga,25,PB,Paraíba,Nordeste,24686.0,342218.929,792.0,2336.3,3180.0,4023.0,804.0,96114.239,460.21,23940.0,52.02,13862.874868346431,32.08296200275459
2507101,Itapororoca,25,PB,Paraíba,Nordeste,19054.0,206833.518,269.0,2444.9,1620.0,1865.0,272.0,49469.204,145.806,18382.0,126.07,10855.12322871838,14.1177705468668
2507200,Itatuba,25,PB,Paraíba,Nordeste,10816.0,154473.656,119.0,2210.5,1209.0,1305.0,121.0,33183.255,251.749,10499.0,41.7,14281.957840236686,11.002218934911243
2507309,Jacaraú,25,PB,Paraíba,Nordeste,14923.0,165480.781,291.0,2889.44,1121.0,1382.0,299.0,48269.973,256.845,14477.0,56.36,11088.975474100382,19.50010051598204
2507408,Jericó,25,PB,Paraíba,Nordeste,7721.0,76561.037,148.0,2414.4,434.0,558.0,160.0,20887.558,177.356,7516.0,42.38,9915.94832275612,19.16850148944437
2507507,João Pessoa,25,PB,Paraíba,Nordeste,888679.0,21865637.262,48049.0,3623.58,324808.0,381401.0,52120.0,14889954.345,210.044,833932.0,3970.27,24604.65169313104,54.06789178094678
2507606,Juarez Távora,25,PB,Paraíba,Nordeste,8057.0,73278.783,131.0,2228.93,558.0,655.0,133.0,19187.418,75.678,7796.0,103.02,9095.045674568699,16.259153531090973
2507705,Juazeirinho,25,PB,Paraíba,Nordeste,17488.0,210737.821,308.0,2271.59,1929.0,2202.0,332.0,56374.822,474.606,17007.0,35.83,12050.424348124428,17.61207685269899
2507804,Junco do Seridó,25,PB,Paraíba,Nordeste,7002.0,96810.665,188.0,2436.28,642.0,828.0,198.0,20789.597,180.425,6793.0,37.65,13826.144672950586,26.849471579548702
2507903,Juripiranga,25,PB,Paraíba,Nordeste,10259.0,117630.635,175.0,2290.77,641.0,819.0,182.0,30090.573,78.706,10012.0,127.21,11466.091724339603,17.058192806316406
2508000,Juru,25,PB,Paraíba,Nordeste,9410.0,87525.431,175.0,2724.28,489.0,639.0,184.0,21523.484,395.075,9234.0,23.37,9301.321041445271,18.597236981934113
2508109,Lagoa,25,PB,Paraíba,Nordeste,4502.0,51363.875,80.0,1947.45,517.0,589.0,87.0,13016.896,176.649,4415.0,24.99,11409.123722789871,17.769880053309638
2508208,Lagoa de Dentro,25,PB,Paraíba,Nordeste,8088.0,83715.713,111.0,2340.39,751.0,814.0,114.0,23118.777,83.508,7819.0,93.63,10350.607443125618,13.724035608308606
2508307,Lagoa Seca,25,PB,Paraíba,Nordeste,29053.0,310520.156,431.0,2450.5,2152.0,2605.0,440.0,75343.095,108.219,27730.0,256.24,10688.058238391905,14.834956803084019
2508406,Lastro,25,PB,Paraíba,Nordeste,3292.0,29567.105,59.0,2155.94,326.0,357.0,65.0,8755.971,107.416,3162.0,29.44,8981.50212636695,17.922235722964764
2508505,Livramento,25,PB,Paraíba,Nordeste,7045.0,70181.883,129.0,2653.65,548.0,636.0,130.0,18810.43,266.948,6877.0,25.76,9961.942228530874,18.31085876508162
2508554,Logradouro,25,PB,Paraíba,Nordeste,5045.0,48758.984,63.0,2711.08,344.0,392.0,69.0,11972.03,42.876,4797.0,111.88,9664.813478691774,12.487611496531219
2508604,Lucena,25,PB,Paraíba,Nordeste,13019.0,222861.622,282.0,2076.0,2363.0,2615.0,292.0,63808.247,93.8,12560.0,133.9,17118.18280973961,21.660649819494584
2508703,Mãe d'Água,25,PB,Paraíba,Nordeste,3624.0,38696.08,55.0,2420.64,425.0,462.0,60.0,12926.267,228.676,3583.0,15.67,10677.726269315674,15.176600441501103
2508802,Malta,25,PB,Paraíba,Nordeste,6259.0,79950.894,113.0,2722.3,512.0,600.0,113.0,17119.531,172.01,6046.0,35.15,12773.748841667999,18.054002236779038
2508901,Mamanguape,25,PB,Paraíba,Nordeste,46719.0,807656.62,1050.0,2470.04,8568.0,9623.0,1089.0,269318.476,337.434,44599.0,132.17,17287.540829212954,22.474796121492325
2509008,Manaíra,25,PB,Paraíba,Nordeste,10700.0,101622.726,174.0,2925.67,413.0,541.0,175.0,20628.343,352.025,10434.0,29.64,9497.451028037383,16.261682242990656
2509057,Marcação,25,PB,Paraíba,Nordeste,9435.0,104109.603,106.0,2374.26,743.0,815.0,108.0,22588.204,122.665,8999.0,73.36,11034.40413354531,11.234764175940647
2509107,Mari,25,PB,Paraíba,Nordeste,22126.0,242495.905,324.0,2355.48,1984.0,2296.0,335.0,56163.322,155.265,21512.0,138.55,10959.771535749796,14.643405947753774
2509156,Marizópolis,25,PB,Paraíba,Nordeste,6960.0,82150.794,149.0,2376.14,501.0,632.0,152.0,21072.685,69.952,6705.0,95.85,11803.275,21.408045977011493
2509206,Massaranduba,25,PB,Paraíba,Nordeste,14666.0,130597.301,170.0,2404.52,1269.0,1411.0,173.0,36124.424,209.402,14139.0,67.52,8904.766193917905,11.591435974362472
2509305,Mataraca,25,PB,Paraíba,Nordeste,8585.0,229876.266,166.0,2465.2,1495.0,1630.0,176.0,42146.091,182.439,8244.0,45.19,26776.50157251019,19.336051252184042
2509339,Matinhas,25,PB,Paraíba,Nordeste,4735.0,54111.17,60.0,2268.83,461.0,504.0,60.0,13224.303,36.522,4571.0,125.16,11427.913410770856,12.671594508975714
2509370,Mato Grosso,25,PB,Paraíba,Nordeste,2592.0,31916.145,51.0,2593.17,313.0,356.0,51.0,10584.98,85.275,2543.0,29.82,12313.327546296296,19.675925925925927
2509396,Maturéia,25,PB,Paraíba,Nordeste,6677.0,61961.897,124.0,2628.1,440.0,544.0,125.0,16628.25,83.053,6433.0,77.46,9279.900703908941,18.571214617343117
2509404,Mogeiro,25,PB,Paraíba,Nordeste,14375.0,164587.968,197.0,2408.35,1106.0,1279.0,200.0,45569.361,214.093,13899.0,64.92,11449.597773913043,13.704347826086956
2509503,Montadas,25,PB,Paraíba,Nordeste,6083.0,55404.905,79.0,2364.24,548.0,612.0,81.0,20684.392,31.793,5812.0,182.81,9108.154693407858,12.987012987012989
2509602,Monte Horebe,25,PB,Paraíba,Nordeste,4435.0,48172.954,105.0,2913.38,244.0,328.0,106.0,14190.611,116.854,4338.0,37.12,10861.996392333709,23.67531003382187
2509701,Monteiro,25,PB,Paraíba,Nordeste,33742.0,636488.171,833.0,2089.95,4124.0,5008.0,862.0,104080.743,992.62,32277.0,32.52,18863.38009009543,24.687333293817794
2509800,Mulungu,25,PB,Paraíba,Nordeste,8945.0,98546.578,107.0,2008.12,681.0,785.0,112.0,19417.363,187.259,8791.0,46.95,11016.945556176635,11.961989938513137
2509909,Natuba,25,PB,Paraíba,Nordeste,9014.0,95639.02,108.0,2612.08,700.0,778.0,115.0,23189.986,202.173,8945.0,44.24,10610.053250499224,11.9813623252718
2510006,Nazarezinho,25,PB,Paraíba,Nordeste,7392.0,66198.385,113.0,2558.22,456.0,545.0,120.0,15117.906,193.203,7203.0,37.28,8955.409226190475,15.286796536796537
2510105,Nova Floresta,25,PB,Paraíba,Nordeste,9884.0,99828.004,176.0,2478.24,708.0,865.0,186.0,21846.092,47.572,9724.0,204.41,10099.959935248888,17.806556050182113
2510204,Nova Olinda,25,PB,Paraíba,Nordeste,5909.0,57973.233,99.0,2684.05,379.0,458.0,100.0,17376.867,81.516,5787.0,70.99,9811.005753934676,16.75410390929091
2510303,Nova Palmeira,25,PB,Paraíba,Nordeste,4362.0,49110.651,125.0,2750.22,420.0,528.0,130.0,14916.782,314.748,4259.0,13.53,11258.7462173315,28.65657955066483
2510402,Olho d'Água,25,PB,Paraíba,Nordeste,6111.0,62017.957,84.0,2506.62,460.0,522.0,84.0,14809.396,580.47,6060.0,10.44,10148.577483226967,13.745704467353951
2510501,Olivedos,25,PB,Paraíba,Nordeste,3674.0,43664.376,65.0,2885.78,307.0,352.0,67.0,11220.77,314.625,3580.0,11.38,11884.6967882417,17.69188894937398
2510600,Ouro Velho,25,PB,Paraíba,Nordeste,2998.0,38370.596,68.0,2500.29,337.0,381.0,68.0,10969.677,128.11,2918.0,22.78,12798.731154102736,22.68178785857238
2510659,Parari,25,PB,Paraíba,Nordeste,1751.0,21547.024,55.0,2026.72,260.0,292.0,55.0,8093.906,207.814,1720.0,8.28,12305.553398058253,31.410622501427753
2510709,Passagem,25,PB,Paraíba,Nordeste,2562.0,28934.734,74.0,2188.25,324.0,375.0,74.0,9882.594,123.422,2463.0,19.96,11293.80718188915,28.88368462138954
2510808,Patos,25,PB,Paraíba,Nordeste,107774.0,1998301.563,3842.0,2338.46,17612.0,21990.0,4073.0,529769.014,472.892,103165.0,218.16,18541.59224859428,35.64867222150055
2510907,Paulista,25,PB,Paraíba,Nordeste,12160.0,157585.972,227.0,3034.09,722.0,946.0,237.0,27140.813,577.379,11834.0,20.5,12959.37269736842,18.667763157894736
2511004,Pedra Branca,25,PB,Paraíba,Nordeste,3846.0,37568.346,90.0,2558.76,378.0,442.0,91.0,11983.318,116.873,3739.0,31.99,9768.160686427456,23.400936037441497
2511103,Pedra Lavrada,25,PB,Paraíba,Nordeste,6998.0,80276.354,155.0,2563.6,1585.0,1737.0,161.0,50004.507,335.615,6859.0,20.44,11471.32809374107,22.14918548156616
2511202,Pedras de Fogo,25,PB,Paraíba,Nordeste,31152.0,656965.579,730.0,2242.49,5907.0,6645.0,745.0,165344.486,406.729,29662.0,72.93,21089.033737801747,23.433487416538267
2511301,Piancó,25,PB,Paraíba,Nordeste,17006.0,206945.862,460.0,2626.62,1240.0,1695.0,478.0,48258.993,576.986,16441.0,28.49,12168.991061978126,27.04927672586146
2511400,Picuí,25,PB,Paraíba,Nordeste,18835.0,213731.075,463.0,3017.61,1760.0,2233.0,485.0,66373.878,667.714,18333.0,27.46,11347.548447040084,24.581895407486062
2511509,Pilar,25,PB,Paraíba,Nordeste,12801.0,122046.864,198.0,1851.09,1803.0,1975.0,206.0,40955.59,103.306,12311.0,119.17,9534.166393250527,15.467541598312632
2511608,Pilões,25,PB,Paraíba,Nordeste,6979.0,95608.755,166.0,2391.73,608.0,739.0,168.0,18133.441,65.574,6815.0,103.93,13699.492047571286,23.785642642212352
2511707,Pilõezinhos,25,PB,Paraíba,Nordeste,5514.0,51324.387,59.0,2495.78,417.0,456.0,59.0,13204.183,40.908,5329.0,130.27,9308.013601741022,10.700036271309395
2511806,Pirpirituba,25,PB,Paraíba,Nordeste,9467.0,95326.544,198.0,2762.08,737.0,946.0,199.0,25840.097,80.672,9340.0,115.78,10069.35079750713,20.914756522657655
2511905,Pitimbu,25,PB,Paraíba,Nordeste,17164.0,431303.626,354.0,2715.76,2578.0,2938.0,362.0,89653.88,135.801,16751.0,123.35,25128.386506641808,20.624563038918666
2512002,Pocinhos,25,PB,Paraíba,Nordeste,17990.0,285030.661,294.0,2846.11,1474.0,1758.0,305.0,54819.554,623.967,17469.0,28.0,15843.8388549194,16.34241245136187
2512036,Poço Dantas,25,PB,Paraíba,Nordeste,3932.0,40317.935,79.0,3038.66,416.0,467.0,81.0,16860.481,97.758,3830.0,39.18,10253.798321464903,20.091556459816886
2512077,Poço de José de Moura,25,PB,Paraíba,Nordeste,4120.0,46932.259,100.0,2637.99,313.0,397.0,101.0,18195.303,94.646,4006.0,42.33,11391.325,24.271844660194173
2512101,Pombal,25,PB,Paraíba,Nordeste,33796.0,466595.668,976.0,2748.38,3192.0,4296.0,1052.0,114158.615,894.099,32473.0,36.32,13806.239436619719,28.879157296721505
2512200,Prata,25,PB,Paraíba,Nordeste,4027.0,64814.204,115.0,2404.81,429.0,513.0,116.0,13350.98,201.788,3915.0,19.4,16094.910355103055,28.5572386391855
2512309,Princesa Isabel,25,PB,Paraíba,Nordeste,21659.0,266953.66,526.0,2283.33,1868.0,2374.0,550.0,56969.251,368.569,21114.0,57.29,12325.299413638671,24.28551641350016
2512408,Puxinanã,25,PB,Paraíba,Nordeste,14837.0,138075.032,214.0,2305.01,1356.0,1574.0,222.0,41489.781,71.118,14277.0,200.75,9306.128732223495,14.423400957066793
2512507,Queimadas,25,PB,Paraíba,Nordeste,50214.0,607307.066,894.0,2273.26,4519.0,5451.0,922.0,132587.709,402.748,47658.0,118.33,12094.377384793086,17.803799737125107
2512606,Quixaba,25,PB,Paraíba,Nordeste,1798.0,26817.522,58.0,2575.28,202.0,253.0,58.0,9396.794,147.158,1743.0,11.84,14915.195773081201,32.25806451612903
2512705,Remígio,25,PB,Paraíba,Nordeste,18373.0,181633.355,338.0,2037.77,1696.0,2014.0,355.0,45871.244,183.459,17885.0,97.49,9885.884450008165,18.3965601698144
2512721,Pedro Régis,25,PB,Paraíba,Nordeste,5925.0,57292.084,70.0,2507.19,491.0,541.0,73.0,15662.763,74.216,5766.0,77.69,9669.550042194092,11.814345991561181
2512747,Riachão,25,PB,Paraíba,Nordeste,2964.0,36561.531,60.0,2033.82,480.0,515.0,63.0,12803.66,85.291,2927.0,34.32,12335.199392712551,20.242914979757085
2512754,Riachão do Bacamarte,25,PB,Paraíba,Nordeste,4877.0,50199.291,74.0,2484.48,505.0,557.0,76.0,16012.149,40.281,4690.0,116.43,10293.067664547878,15.173262251384047
2512762,Riachão do Poço,25,PB,Paraíba,Nordeste,4946.0,56333.872,63.0,2823.32,495.0,548.0,63.0,17182.939,40.46,4738.0,117.1,11389.784067933684,12.737565709664375
2512788,Riacho de Santo Antônio,25,PB,Paraíba,Nordeste,2044.0,30615.624,60.0,2406.48,353.0,382.0,60.0,10874.091,93.654,1955.0,20.87,14978.289628180039,29.354207436399214
2512804,Riacho dos Cavalos,25,PB,Paraíba,Nordeste,8762.0,92853.892,177.0,2633.76,551.0,718.0,182.0,21939.26,262.532,8493.0,32.35,10597.33987674047,20.200867381876286
2512903,Rio Tinto,25,PB,Paraíba,Nordeste,25394.0,323318.1,467.0,2366.78,3684.0,4156.0,479.0,101902.184,465.24,24581.0,52.84,12732.066629912577,18.39017090651335
2513000,Salgadinho,25,PB,Paraíba,Nordeste,3437.0,33512.935,63.0,2962.05,291.0,352.0,64.0,11244.73,179.005,3355.0,18.74,9750.635728833284,18.329938900203665
2513109,Salgado de São Félix,25,PB,Paraíba,Nordeste,11760.0,129056.651,113.0,2031.8,1155.0,1240.0,115.0,40230.246,204.079,11505.0,56.38,10974.205017006803,9.608843537414966
2513158,Santa Cecília,25,PB,Paraíba,Nordeste,8031.0,65825.547,127.0,2462.78,530.0,657.0,129.0,18422.764,217.577,7670.0,35.25,8196.432200224132,15.81372182791682
2513208,Santa Cruz,25,PB,Paraíba,Nordeste,6041.0,62328.896,130.0,2554.08,480.0,598.0,138.0,16819.689,217.677,5947.0,27.32,10317.645422943222,21.51961595762291
2513307,Santa Helena,25,PB,Paraíba,Nordeste,6020.0,62386.696,98.0,2366.81,569.0,646.0,100.0,17601.764,211.143,5865.0,27.78,10363.23853820598,16.27906976744186
2513356,Santa Inês,25,PB,Paraíba,Nordeste,3274.0,36844.836,54.0,2210.48,365.0,415.0,54.0,10357.669,327.635,3227.0,9.85,11253.767868051313,16.493585827733657
2513406,Santa Luzia,25,PB,Paraíba,Nordeste,15387.0,372902.523,441.0,2393.17,1859.0,2299.0,459.0,57696.36,440.766,14959.0,33.94,24234.907584324428,28.660557613569896
2513505,Santana de Mangueira,25,PB,Paraíba,Nordeste,5106.0,51163.894,92.0,2625.5,464.0,534.0,92.0,15712.768,405.164,5010.0,12.37,10020.347434390913,18.01801801801802
2513604,Santana dos Garrotes,25,PB,Paraíba,Nordeste,6657.0,67490.798,126.0,2337.18,518.0,626.0,128.0,16187.356,361.484,6569.0,18.17,10138.320264383356,18.92744479495268
2513653,Joca Claudino,25,PB,Paraíba,Nordeste,2606.0,33077.336,49.0,3307.94,247.0,268.0,49.0,13464.736,71.799,2539.0,35.36,12692.7613200307,18.802762854950114
2513703,Santa Rita,25,PB,Paraíba,Nordeste,159121.0,2580592.377,2174.0,2485.26,23351.0,25677.0,2532.0,731572.884,718.576,149910.0,208.62,16217.798888895872,13.662558681757908
2513802,Santa Teresinha,25,PB,Paraíba,Nordeste,4499.0,57291.597,90.0,2474.34,498.0,578.0,91.0,16542.548,359.442,4402.0,12.25,12734.295843520782,20.004445432318292
2513851,Santo André,25,PB,Paraíba,Nordeste,2702.0,29441.149,65.0,2186.99,206.0,239.0,65.0,9205.049,197.791,2622.0,13.26,10896.058105107328,24.056254626202815
2513901,São Bento,25,PB,Paraíba,Nordeste,33700.0,568730.73,1090.0,2066.34,4028.0,5151.0,1233.0,106933.171,245.84,32235.0,131.12,16876.28278931751,32.34421364985163
2513927,São Bentinho,25,PB,Paraíba,Nordeste,4473.0,55646.963,88.0,2914.15,322.0,406.0,104.0,12385.408,199.635,4327.0,21.67,12440.635591325732,19.67359713838587
2513943,São Domingos do Cariri,25,PB,Paraíba,Nordeste,2676.0,28820.694,42.0,3061.58,236.0,265.0,42.0,9047.45,233.835,2585.0,11.05,10770.065022421524,15.695067264573991
2513968,São Domingos,25,PB,Paraíba,Nordeste,2636.0,36270.156,55.0,2020.22,452.0,499.0,57.0,11891.063,170.361,2595.0,15.23,13759.543247344462,20.8649468892261
2513984,São Francisco,25,PB,Paraíba,Nordeste,3190.0,39305.466,75.0,2618.22,327.0,374.0,75.0,11390.102,90.724,3137.0,34.58,12321.462695924765,23.510971786833856
2514008,São João do Cariri,25,PB,Paraíba,Nordeste,4341.0,55475.906,115.0,1965.35,668.0,785.0,118.0,18522.88,612.966,4226.0,6.89,12779.522229900944,26.491591799124627
2514107,São João do Tigre,25,PB,Paraíba,Nordeste,4363.0,41003.915,69.0,2565.33,340.0,379.0,70.0,11413.454,812.617,4263.0,5.25,9398.101077240432,15.814806325922529
2514206,São José da Lagoa Tapada,25,PB,Paraíba,Nordeste,7270.0,72191.667,147.0,2572.29,544.0,683.0,155.0,18008.959,333.724,7126.0,21.35,9930.077991746904,20.220082530949103
2514305,São José de Caiana,25,PB,Paraíba,Nordeste,5032.0,55708.444,91.0,3254.61,348.0,407.0,91.0,14898.583,183.273,5034.0,27.47,11070.835453100159,18.084260731319556
2514404,São José de Espinharas,25,PB,Paraíba,Nordeste,4099.0,55035.239,72.0,2872.4,382.0,442.0,72.0,13911.067,726.757,4083.0,5.62,13426.5037814101,17.565259819468164
2514453,São José dos Ramos,25,PB,Paraíba,Nordeste,6105.0,86773.086,69.0,2352.93,636.0,701.0,69.0,19682.555,100.642,5891.0,58.53,14213.4457002457,11.302211302211303
2514503,São José de Piranhas,25,PB,Paraíba,Nordeste,19552.0,230936.31,351.0,2709.29,968.0,1342.0,357.0,57648.011,686.918,19067.0,27.76,11811.390650572832,17.95212765957447
2514552,São José de Princesa,25,PB,Paraíba,Nordeste,3383.0,34093.356,52.0,2516.7,233.0,265.0,52.0,7637.465,158.052,3416.0,21.61,10077.846881466154,15.370972509606858
2514602,São José do Bonfim,25,PB,Paraíba,Nordeste,3333.0,32491.339,65.0,3735.95,163.0,211.0,65.0,7726.104,153.629,3242.0,21.1,9748.376537653765,19.5019501950195
2514651,São José do Brejo do Cruz,25,PB,Paraíba,Nordeste,1748.0,29166.476,34.0,2635.2,291.0,307.0,34.0,10353.666,253.787,1699.0,6.69,16685.62700228833,19.450800915331808
2514701,São José do Sabugi,25,PB,Paraíba,Nordeste,4270.0,125303.005,120.0,2901.5,394.0,490.0,129.0,15744.114,213.555,4138.0,19.38,29344.966042154567,28.10304449648712
2514800,São José dos Cordeiros,25,PB,Paraíba,Nordeste,3474.0,37037.158,77.0,1465.49,414.0,461.0,77.0,7626.266,376.661,3411.0,9.06,10661.242947610823,22.164651698330456
2514909,São Mamede,25,PB,Paraíba,Nordeste,7640.0,82590.795,240.0,2835.74,555.0,783.0,252.0,20599.196,533.446,7470.0,14.0,10810.313481675392,31.413612565445025
2515005,São Miguel de Taipu,25,PB,Paraíba,Nordeste,7287.0,82966.342,117.0,2298.74,734.0,834.0,119.0,21397.558,92.413,7066.0,76.46,11385.527926444352,16.055990119390696
2515104,São Sebastião de Lagoa de Roça,25,PB,Paraíba,Nordeste,11365.0,106030.506,145.0,2427.9,871.0,995.0,149.0,27261.913,46.372,11040.0,238.07,9329.564980202376,12.758468983721952
2515203,São Sebastião do Umbuzeiro,25,PB,Paraíba,Nordeste,3376.0,40497.124,86.0,2543.64,206.0,266.0,86.0,10118.928,464.327,3279.0,7.06,11995.593601895735,25.473933649289098
2515302,Sapé,25,PB,Paraíba,Nordeste,53309.0,677858.353,829.0,2535.27,4777.0,5575.0,877.0,165774.885,313.678,51306.0,163.56,12715.645632069632,15.550845073064586
2515401,São Vicente do Seridó,25,PB,Paraíba,Nordeste,10620.0,90035.124,154.0,2826.56,407.0,538.0,159.0,27976.711,262.751,10291.0,39.17,8477.88361581921,14.500941619585689
2515500,Serra Branca,25,PB,Paraíba,Nordeste,14075.0,148075.963,291.0,2176.24,1135.0,1433.0,304.0,33263.299,698.102,13614.0,19.5,10520.494706927177,20.674955595026645
2515609,Serra da Raiz,25,PB,Paraíba,Nordeste,3162.0,37106.652,58.0,2399.24,468.0,509.0,58.0,14358.393,31.679,3094.0,97.67,11735.184060721063,18.342820999367486
2515708,Serra Grande,25,PB,Paraíba,Nordeste,3043.0,33250.514,75.0,2768.09,270.0,317.0,75.0,9671.37,64.352,2942.0,45.72,10926.88596779494,24.64673020046007
2515807,Serra Redonda,25,PB,Paraíba,Nordeste,6984.0,71257.905,109.0,2353.3,350.0,432.0,109.0,15049.55,55.197,6828.0,123.7,10203.021907216495,15.607101947308132
2515906,Serraria,25,PB,Paraíba,Nordeste,4839.0,67797.776,90.0,2688.36,444.0,500.0,99.0,15415.182,65.062,4885.0,75.08,14010.699731349452,18.598884066955982
2515930,Sertãozinho,25,PB,Paraíba,Nordeste,5282.0,55027.005,79.0,2513.26,384.0,436.0,83.0,16140.801,32.455,5054.0,155.72,10417.83510034078,14.956455887921242
2515971,Sobrado,25,PB,Paraíba,Nordeste,8579.0,113089.087,122.0,2462.49,654.0,774.0,122.0,23772.096,61.953,8236.0,132.94,13182.082643664762,14.220771651707658
2516003,Solânea,25,PB,Paraíba,Nordeste,27749.0,353670.151,766.0,2543.76,2271.0,3059.0,795.0,76076.695,233.043,26774.0,114.89,12745.329597462971,27.604598363905005
2516102,Soledade,25,PB,Paraíba,Nordeste,14381.0,253441.169,366.0,2259.45,1704.0,2058.0,381.0,48464.109,578.178,13968.0,24.16,17623.33419094639,25.45024685348724
2516151,Sossêgo,25,PB,Paraíba,Nordeste,3461.0,38788.519,71.0,2481.98,407.0,455.0,71.0,13077.308,147.264,3345.0,22.71,11207.315515746894,20.514302224790523
2516201,Sousa,25,PB,Paraíba,Nordeste,69876.0,1320172.533,2747.0,2402.69,10580.0,13898.0,2930.0,328501.636,728.492,67259.0,92.33,18893.075347758888,39.31249642223367
2516300,Sumé,25,PB,Paraíba,Nordeste,17763.0,201612.557,514.0,2492.34,1509.0,2018.0,538.0,51195.352,833.315,17166.0,20.6,11350.141136069358,28.936553510105274
2516409,Tacima,25,PB,Paraíba,Nordeste,7934.0,91865.362,112.0,2177.57,819.0,899.0,116.0,22913.357,245.236,8010.0,32.66,11578.694479455507,14.116460801613309
2516508,Taperoá,25,PB,Paraíba,Nordeste,14376.0,139501.419,259.0,2118.37,1175.0,1418.0,268.0,32329.989,628.365,14068.0,22.39,9703.771494156928,18.01613800779076
2516607,Tavares,25,PB,Paraíba,Nordeste,14464.0,140211.081,212.0,2346.62,975.0,1161.0,217.0,33210.781,239.507,14101.0,58.88,9693.797082411504,14.6570796460177
2516706,Teixeira,25,PB,Paraíba,Nordeste,15082.0,169461.384,305.0,2184.01,1746.0,2023.0,315.0,48008.294,155.452,14631.0,94.12,11236.002121734518,20.222782124386686
2516755,Tenório,25,PB,Paraíba,Nordeste,3069.0,34674.924,73.0,2577.47,313.0,363.0,73.0,10649.574,87.452,2966.0,33.92,11298.443792766373,23.786249592701207
2516805,Triunfo,25,PB,Paraíba,Nordeste,10259.0,87702.477,155.0,2299.73,665.0,794.0,158.0,26864.953,224.336,9892.0,44.09,8548.832927185886,15.108685057023102
2516904,Uiraúna,25,PB,Paraíba,Nordeste,15386.0,193070.808,440.0,2272.82,1854.0,2274.0,446.0,54402.281,293.182,14930.0,50.92,12548.473157415832,28.59742623163915
2517001,Umbuzeiro,25,PB,Paraíba,Nordeste,9302.0,91269.936,145.0,2049.49,1215.0,1332.0,145.0,31190.851,185.578,9124.0,49.17,9811.86153515373,15.588045581595356
2517100,Várzea,25,PB,Paraíba,Nordeste,2764.0,37673.128,105.0,2409.38,351.0,436.0,105.0,11198.242,191.282,2668.0,13.95,13629.930535455862,37.98842257597684
2517209,Vieirópolis,25,PB,Paraíba,Nordeste,4974.0,52850.64,87.0,2461.78,358.0,421.0,88.0,14148.885,147.098,4864.0,33.07,10625.379975874548,17.490952955367913
2517407,Zabelê,25,PB,Paraíba,Nordeste,2310.0,27047.587,51.0,2519.43,139.0,170.0,51.0,8542.208,106.811,2228.0,20.86,11708.91212121212,22.07792207792208
2600054,Abreu e Lima,26,PE,Pernambuco,Nordeste,103945.0,1724257.659,1731.0,2746.51,11840.0,13686.0,1800.0,420894.464,126.384,98462.0,779.07,16588.173158882102,16.65303766414931
2600104,Afogados da Ingazeira,26,PE,Pernambuco,Nordeste,42407.0,541816.47,1115.0,2739.91,4206.0,5383.0,1160.0,147902.578,377.696,40241.0,106.54,12776.580988987667,26.292829014077864
2600203,Afrânio,26,PE,Pernambuco,Nordeste,19349.0,209814.557,340.0,1930.1,1723.0,2059.0,355.0,43358.939,1490.594,18674.0,12.53,10843.689958137371,17.571967543542304
2600302,Agrestina,26,PE,Pernambuco,Nordeste,24615.0,352858.433,448.0,2076.08,2829.0,3277.0,461.0,79078.059,200.369,23779.0,118.68,14335.09782652854,18.200284379443428
2600401,Água Preta,26,PE,Pernambuco,Nordeste,27221.0,259866.491,320.0,1791.06,2503.0,2796.0,337.0,53470.282,531.935,26461.0,49.74,9546.544616288895,11.755629844605268
2600500,Águas Belas,26,PE,Pernambuco,Nordeste,43713.0,401110.734,568.0,2446.99,2108.0,2656.0,594.0,93798.939,885.988,41548.0,46.89,9176.005627616498,12.993846224235353
2600609,Alagoinha,26,PE,Pernambuco,Nordeste,14355.0,144944.925,205.0,2072.24,1124.0,1307.0,209.0,29141.972,214.267,13542.0,63.2,10097.173458725183,14.280738418669452
2600708,Aliança,26,PE,Pernambuco,Nordeste,37372.0,413314.494,751.0,1984.37,4188.0,5003.0,805.0,95578.329,272.773,35741.0,131.03,11059.469495879268,20.095258482286205
2600807,Altinho,26,PE,Pernambuco,Nordeste,21185.0,222588.795,1129.0,2267.15,1273.0,2401.0,1134.0,41888.112,450.178,20674.0,45.92,10506.905593580363,53.292423884824174
2600906,Amaraji,26,PE,Pernambuco,Nordeste,18471.0,294407.127,326.0,1822.05,1572.0,1856.0,335.0,42771.071,233.239,18205.0,78.05,15938.884034432353,17.64928807319582
2601003,Angelim,26,PE,Pernambuco,Nordeste,10580.0,142259.856,141.0,2639.48,995.0,1110.0,144.0,33279.703,118.088,10241.0,86.72,13446.111153119093,13.32703213610586
2601052,Araçoiaba,26,PE,Pernambuco,Nordeste,19936.0,161884.451,259.0,2051.86,1568.0,1807.0,262.0,43000.046,96.36,19243.0,199.7,8120.207213081862,12.991573033707866
2601102,Araripina,26,PE,Pernambuco,Nordeste,90104.0,1272091.772,2341.0,2423.69,8912.0,11748.0,2442.0,306110.505,2037.394,85088.0,41.76,14118.038844002485,25.981088519932523
2601201,Arcoverde,26,PE,Pernambuco,Nordeste,82003.0,1215382.889,2296.0,2530.24,10390.0,12964.0,2453.0,339127.895,343.923,77742.0,226.04,14821.200309744765,27.99897564723242
2601300,Barra de Guabiraba,26,PE,Pernambuco,Nordeste,12616.0,146942.971,199.0,2070.81,1185.0,1350.0,203.0,31624.93,118.639,12263.0,103.36,11647.35026949905,15.773620798985414
2601409,Barreiros,26,PE,Pernambuco,Nordeste,42056.0,503988.293,937.0,2412.43,5101.0,6016.0,969.0,161712.682,233.433,40121.0,171.87,11983.742937987445,22.27981738634202
2601508,Belém de Maria,26,PE,Pernambuco,Nordeste,10829.0,99499.448,141.0,2345.73,948.0,1056.0,145.0,22023.138,73.145,10378.0,141.88,9188.239726659895,13.020592852525626
2601607,Belém do São Francisco,26,PE,Pernambuco,Nordeste,18713.0,366293.143,349.0,2185.67,2587.0,2999.0,368.0,76762.501,1830.797,18301.0,10.0,19574.260834713834,18.65013626890397
2601706,Belo Jardim,26,PE,Pernambuco,Nordeste,83647.0,2765036.424,1735.0,2779.67,16030.0,17908.0,1860.0,572562.482,647.445,79507.0,122.8,33056.01425036164,20.74192738532165
2601805,Betânia,26,PE,Pernambuco,Nordeste,11981.0,105307.489,147.0,2223.92,905.0,1024.0,152.0,26284.982,1244.074,11232.0,9.03,8789.540856355898,12.269426592104164
2601904,Bezerros,26,PE,Pernambuco,Nordeste,64809.0,962826.016,1563.0,1995.25,10125.0,11851.0,1626.0,263002.464,492.632,61694.0,125.23,14856.362789118795,24.11702078415035
2602001,Bodocó,26,PE,Pernambuco,Nordeste,36129.0,317010.407,506.0,2873.31,1523.0,2126.0,527.0,58136.194,1621.786,34478.0,21.26,8774.403028038418,14.00536964765147
2602100,Bom Conselho,26,PE,Pernambuco,Nordeste,46192.0,643150.606,724.0,2352.65,3124.0,3833.0,768.0,93701.154,792.185,44294.0,55.91,13923.419769657083,15.67370973328715
2602209,Bom Jardim,26,PE,Pernambuco,Nordeste,39278.0,366987.87,543.0,1733.34,2919.0,3472.0,561.0,68083.673,224.108,37629.0,167.91,9343.344111207292,13.824532817353225
2602308,Bonito,26,PE,Pernambuco,Nordeste,39163.0,539340.172,775.0,2363.66,4260.0,5090.0,813.0,141485.524,393.191,37474.0,95.31,13771.676633557185,19.789086637898016
2602407,Brejão,26,PE,Pernambuco,Nordeste,9399.0,183678.548,169.0,2311.6,930.0,1088.0,172.0,27398.513,159.786,9079.0,56.82,19542.350037238004,17.98063623789765
2602506,Brejinho,26,PE,Pernambuco,Nordeste,8010.0,83878.511,140.0,2284.3,689.0,795.0,141.0,19999.909,106.039,7720.0,72.8,10471.724219725344,17.478152309612984
2602605,Brejo da Madre de Deus,26,PE,Pernambuco,Nordeste,51107.0,461357.176,663.0,2013.28,4403.0,5100.0,731.0,112467.438,762.346,48648.0,63.81,9027.279550746473,12.972782593382512
2602704,Buenos Aires,26,PE,Pernambuco,Nordeste,13254.0,133151.668,174.0,2206.15,805.0,992.0,177.0,24055.036,93.187,12808.0,137.44,10046.149690659424,13.128112267994569
2602803,Buíque,26,PE,Pernambuco,Nordeste,54425.0,549014.687,582.0,2397.88,3507.0,4093.0,618.0,106299.824,1336.544,52097.0,38.98,10087.545925585668,10.693615066605421
2602902,Cabo de Santo Agostinho,26,PE,Pernambuco,Nordeste,216969.0,13706388.877,5187.0,3109.15,47770.0,53136.0,5522.0,1903319.578,445.386,203440.0,456.77,63172.106969198365,23.906641040886026
2603009,Cabrobó,26,PE,Pernambuco,Nordeste,31746.0,440863.485,630.0,2331.16,3397.0,4038.0,694.0,101570.414,1658.616,30294.0,18.26,13887.213664713665,19.845019845019845
2603108,Cachoeirinha,26,PE,Pernambuco,Nordeste,20612.0,254368.817,358.0,2161.28,1387.0,1730.0,364.0,37372.78,179.262,19899.0,111.01,12340.812002716864,17.36852319037454
2603207,Caetés,26,PE,Pernambuco,Nordeste,30441.0,423726.62,311.0,2455.61,1983.0,2272.0,316.0,60412.267,294.946,28827.0,97.74,13919.602509773003,10.21648434676916
2603306,Calçado,26,PE,Pernambuco,Nordeste,11445.0,115298.866,127.0,2253.0,789.0,890.0,127.0,21828.166,121.945,11093.0,90.97,10074.169156837046,11.09654871122761
2603405,Calumbi,26,PE,Pernambuco,Nordeste,5367.0,50299.999,102.0,2482.35,330.0,396.0,105.0,12417.384,179.314,5228.0,29.16,9372.08850381964,19.005030743432087
2603454,Camaragibe,26,PE,Pernambuco,Nordeste,155771.0,2229679.55,3270.0,2539.25,16245.0,19930.0,3416.0,525460.638,51.321,147771.0,2879.35,14313.829596009527,20.992354160915703
2603504,Camocim de São Félix,26,PE,Pernambuco,Nordeste,17991.0,181160.709,333.0,1986.3,1246.0,1572.0,338.0,32033.401,72.01,17419.0,241.9,10069.518592629649,18.509254627313656
2603603,Camutanga,26,PE,Pernambuco,Nordeste,7972.0,285368.854,150.0,1749.17,4611.0,4739.0,152.0,99095.869,39.116,7750.0,198.13,35796.39412945309,18.815855494229805
2603702,Canhotinho,26,PE,Pernambuco,Nordeste,25090.0,253171.467,306.0,2435.75,2352.0,2621.0,319.0,73816.77,423.168,24329.0,57.49,10090.532762056597,12.196094061379036
2603801,Capoeiras,26,PE,Pernambuco,Nordeste,18890.0,244053.554,255.0,2351.35,1578.0,1800.0,264.0,46734.725,337.13,18338.0,54.39,12919.722286924298,13.499205929062997
2603900,Carnaíba,26,PE,Pernambuco,Nordeste,19513.0,193545.51,320.0,2763.08,1391.0,1699.0,327.0,48752.052,427.802,18644.0,43.58,9918.79823707272,16.399323527904475
2603926,Carnaubeira da Penha,26,PE,Pernambuco,Nordeste,12682.0,83422.735,168.0,1826.15,715.0,847.0,202.0,17556.599,1004.667,12239.0,12.18,6578.042501182778,13.247121905062293
2604007,Carpina,26,PE,Pernambuco,Nordeste,83205.0,1744915.053,2795.0,1964.23,13650.0,16887.0,2941.0,350185.227,147.017,79293.0,539.35,20971.276401658553,33.59173126614987
2604106,Caruaru,26,PE,Pernambuco,Nordeste,402290.0,8663524.838,17202.0,2335.6,83224.0,103815.0,18355.0,2504734.066,923.15,378048.0,409.52,21535.521235924334,42.76019786721022
2604155,Casinhas,26,PE,Pernambuco,Nordeste,13489.0,101521.112,145.0,2682.45,779.0,884.0,145.0,26862.857,115.868,12967.0,111.91,7526.2148417228855,10.74949959226036
2604205,Catende,26,PE,Pernambuco,Nordeste,33279.0,360566.492,515.0,2313.36,2223.0,2714.0,531.0,76924.457,208.594,32156.0,154.16,10834.655248054329,15.475224616124283
2604304,Cedro,26,PE,Pernambuco,Nordeste,10845.0,125401.266,221.0,1964.0,724.0,913.0,227.0,22459.69,148.746,10518.0,70.71,11563.048962655601,20.37805440295067
2604403,Chã de Alegria,26,PE,Pernambuco,Nordeste,13461.0,168757.841,233.0,2220.08,1206.0,1380.0,241.0,34707.779,49.327,12984.0,263.22,12536.798231929277,17.309263799123393
2604502,Chã Grande,26,PE,Pernambuco,Nordeste,21224.0,251192.832,459.0,2545.48,1766.0,2314.0,463.0,60713.2,84.787,20546.0,242.32,11835.320015077272,21.62646061062948
2604601,Condado,26,PE,Pernambuco,Nordeste,25383.0,250915.369,434.0,2081.35,2118.0,2529.0,447.0,57563.891,89.645,24587.0,274.27,9885.173895914588,17.09805775519048
2604700,Correntes,26,PE,Pernambuco,Nordeste,17660.0,192015.502,171.0,2621.16,1008.0,1155.0,177.0,34445.186,317.793,17131.0,53.91,10872.904983012457,9.682899207248017
2604809,Cortês,26,PE,Pernambuco,Nordeste,10512.0,121502.409,151.0,2114.44,1158.0,1278.0,153.0,32146.295,102.852,10198.0,99.15,11558.448344748858,14.364535768645357
2604908,Cumaru,26,PE,Pernambuco,Nordeste,16252.0,109260.119,213.0,1964.54,1378.0,1559.0,213.0,34516.752,292.231,15920.0,54.48,6722.872200344573,13.106079251784395
2605004,Cupira,26,PE,Pernambuco,Nordeste,24301.0,283576.106,704.0,2005.95,3060.0,3781.0,737.0,79131.564,95.155,23518.0,247.15,11669.31838195959,28.9700012345171
2605103,Custódia,26,PE,Pernambuco,Nordeste,39403.0,593879.93,744.0,2035.31,4337.0,5120.0,763.0,114622.637,1404.126,37699.0,26.85,15071.947059868538,18.881811029617033
2605152,Dormentes,26,PE,Pernambuco,Nordeste,17749.0,246022.559,429.0,2189.86,2459.0,2904.0,443.0,72628.205,1539.052,17188.0,11.17,13861.20677221252,24.170375795819485
2605202,Escada,26,PE,Pernambuco,Nordeste,62252.0,1306431.048,1142.0,2210.69,9494.0,10665.0,1188.0,254614.803,342.584,59891.0,174.82,20986.169890124012,18.344792135192442
2605301,Exu,26,PE,Pernambuco,Nordeste,33436.0,325117.198,565.0,2475.87,2245.0,2889.0,584.0,71437.283,1336.786,31843.0,23.82,9723.567352554133,16.89795430075368
2605400,Feira Nova,26,PE,Pernambuco,Nordeste,22169.0,247549.736,457.0,2103.08,1682.0,2145.0,464.0,48664.213,107.726,21427.0,198.9,11166.48184401642,20.614371419549823
2605459,Fernando de Noronha,26,PE,Pernambuco,Nordeste,3316.0,229561.042,692.0,2689.4,2473.0,3634.0,706.0,86507.809,18.609,3167.0,170.19,69228.29975874547,208.6851628468034
2605509,Ferreiros,26,PE,Pernambuco,Nordeste,15794.0,132502.788,208.0,2194.59,1226.0,1424.0,211.0,34698.645,92.516,15026.0,162.42,8389.438267696594,13.169558060022794
2605608,Flores,26,PE,Pernambuco,Nordeste,20835.0,192901.673,345.0,1749.54,1642.0,1998.0,369.0,39507.982,995.558,20347.0,20.44,9258.539620830334,16.55867530597552
2605707,Floresta,26,PE,Pernambuco,Nordeste,31627.0,445213.144,610.0,2385.56,3531.0,4151.0,656.0,138212.483,3604.948,30137.0,8.36,14076.99573149524,19.287317798083915
2605806,Frei Miguelinho,26,PE,Pernambuco,Nordeste,14070.0,131441.259,213.0,2265.17,1155.0,1356.0,221.0,32946.715,212.707,13636.0,64.11,9341.95159914712,15.138592750533048
2605905,Gameleira,26,PE,Pernambuco,Nordeste,17973.0,274257.646,250.0,2087.59,1783.0,1986.0,256.0,46761.305,257.781,18214.0,70.66,15259.425026428531,13.90975351916764
2606002,Garanhuns,26,PE,Pernambuco,Nordeste,151064.0,3077111.825,4533.0,2320.91,23727.0,28990.0,4854.0,731540.244,458.552,142506.0,310.77,20369.59053778531,30.007149287719113
2606101,Glória do Goitá,26,PE,Pernambuco,Nordeste,30370.0,554616.349,499.0,2396.19,3133.0,3648.0,506.0,109885.552,234.708,29347.0,125.04,18261.980540006585,16.430688179124136
2606200,Goiana,26,PE,Pernambuco,Nordeste,85160.0,10662963.847,2407.0,3094.8,30148.0,32833.0,2521.0,1220621.979,445.405,81055.0,181.98,125210.94230859558,28.264443400657587
2606309,Granito,26,PE,Pernambuco,Nordeste,7206.0,78431.653,162.0,2238.35,522.0,695.0,163.0,14661.863,521.69,6967.0,13.35,10884.21495975576,22.481265611990008
2606408,Gravatá,26,PE,Pernambuco,Nordeste,91887.0,1359681.438,2761.0,2165.89,11884.0,14828.0,2892.0,341412.806,507.36,86516.0,170.52,14797.321035619838,30.04777607278505
2606507,Iati,26,PE,Pernambuco,Nordeste,17605.0,195800.31,281.0,2557.39,1488.0,1718.0,288.0,47570.212,635.137,17165.0,27.03,11121.857994887816,15.961374609485942
2606606,Ibimirim,26,PE,Pernambuco,Nordeste,28760.0,330118.945,449.0,1940.75,1765.0,2212.0,464.0,49577.255,1882.498,26593.0,14.13,11478.405598052852,15.611961057023644
2606705,Ibirajuba,26,PE,Pernambuco,Nordeste,7344.0,85527.388,107.0,1580.31,833.0,902.0,108.0,18769.49,189.596,7140.0,37.66,11645.886165577342,14.569716775599128
2606804,Igarassu,26,PE,Pernambuco,Nordeste,122312.0,3471426.905,2751.0,2720.31,22965.0,25985.0,2905.0,810260.155,306.879,115196.0,375.38,28381.73609294264,22.491660671070704
2606903,Iguaracy,26,PE,Pernambuco,Nordeste,11366.0,112369.307,205.0,2403.83,739.0,913.0,212.0,23130.444,838.132,11081.0,13.22,9886.442635931726,18.03624846032025
2607000,Inajá,26,PE,Pernambuco,Nordeste,27488.0,196879.956,274.0,2608.21,1388.0,1618.0,289.0,53383.094,1231.362,25603.0,20.79,7162.396536670547,9.967986030267754
2607109,Ingazeira,26,PE,Pernambuco,Nordeste,4959.0,50497.19,98.0,2448.16,450.0,519.0,98.0,14072.552,243.586,4765.0,19.56,10182.93809235733,19.762048800161324
2607208,Ipojuca,26,PE,Pernambuco,Nordeste,105638.0,14929346.492,3278.0,4212.62,38176.0,41582.0,3498.0,1995705.804,521.801,98932.0,189.6,141325.53145648347,31.03050038811791
2607307,Ipubi,26,PE,Pernambuco,Nordeste,30603.0,340374.467,541.0,2045.36,2096.0,2672.0,553.0,56554.64,693.914,29009.0,41.8,11122.25817730288,17.678005424304807
2607406,Itacuruba,26,PE,Pernambuco,Nordeste,4490.0,71285.977,101.0,2521.21,369.0,461.0,102.0,25401.172,430.038,4284.0,9.96,15876.609576837416,22.49443207126949
2607505,Itaíba,26,PE,Pernambuco,Nordeste,33691.0,283413.471,372.0,2373.3,1118.0,1485.0,390.0,39824.308,1061.694,32650.0,30.75,8412.141847971268,11.04152444272951
2607604,Ilha de Itamaracá,26,PE,Pernambuco,Nordeste,25529.0,299232.343,477.0,2073.74,1849.0,2313.0,495.0,51398.966,66.146,24540.0,371.0,11721.27161267578,18.684633162286026
2607653,Itambé,26,PE,Pernambuco,Nordeste,36626.0,522657.422,868.0,1558.26,4365.0,5222.0,941.0,85733.13,304.006,34935.0,114.92,14270.120187844701,23.699011631081746
2607703,Itapetim,26,PE,Pernambuco,Nordeste,14232.0,139873.235,315.0,2666.06,974.0,1257.0,321.0,31758.824,411.901,13791.0,33.48,9828.080030916246,22.133220910623947
2607752,Itapissuma,26,PE,Pernambuco,Nordeste,29463.0,2383640.539,374.0,3143.05,7121.0,7462.0,384.0,276615.493,73.968,27749.0,375.15,80902.84556901877,12.693887248413265
2607802,Itaquitinga,26,PE,Pernambuco,Nordeste,17109.0,160856.66,208.0,2101.22,1162.0,1325.0,215.0,31058.142,162.739,16554.0,101.72,9401.873867555089,12.15734408790695
2607901,Jaboatão dos Guararapes,26,PE,Pernambuco,Nordeste,683285.0,16133556.245,16077.0,2678.32,108248.0,125037.0,16874.0,3811877.052,258.724,644037.0,2489.28,23611.752409316756,23.528981318190798
2607950,Jaqueira,26,PE,Pernambuco,Nordeste,10483.0,111801.47,148.0,1984.24,837.0,953.0,151.0,35316.901,87.208,10247.0,117.5,10665.026232948583,14.118095964895545
2608008,Jataúba,26,PE,Pernambuco,Nordeste,16323.0,154862.064,263.0,1603.39,2209.0,2443.0,272.0,44468.824,714.601,15843.0,22.17,9487.353060099247,16.11223427066103
2608057,Jatobá,26,PE,Pernambuco,Nordeste,14463.0,153792.815,253.0,2403.27,1398.0,1621.0,267.0,44936.122,277.862,14020.0,50.46,10633.534882112977,17.49291295028694
2608107,João Alfredo,26,PE,Pernambuco,Nordeste,28903.0,316644.152,456.0,1897.85,2417.0,2843.0,474.0,71909.792,134.147,27725.0,206.68,10955.40781233782,15.776908971387053
2608206,Joaquim Nabuco,26,PE,Pernambuco,Nordeste,13506.0,181310.255,183.0,1905.84,1306.0,1444.0,189.0,33324.159,122.592,13269.0,108.24,13424.422849104101,13.549533540648602
2608255,Jucati,26,PE,Pernambuco,Nordeste,11975.0,129269.988,146.0,1860.01,1124.0,1254.0,149.0,25166.161,120.527,11517.0,95.56,10794.988559498956,12.192066805845512
2608305,Jupi,26,PE,Pernambuco,Nordeste,15943.0,214224.309,258.0,3151.58,1510.0,1758.0,261.0,52558.298,104.835,15329.0,146.22,13436.888226808003,16.182650693094146
2608404,Jurema,26,PE,Pernambuco,Nordeste,14027.0,132839.971,169.0,2632.34,1027.0,1158.0,173.0,34889.148,148.254,13648.0,92.06,9470.305197119838,12.048192771084338
2608453,Lagoa do Carro,26,PE,Pernambuco,Nordeste,18708.0,300634.52,303.0,1617.34,2103.0,2384.0,326.0,46448.235,69.666,17981.0,258.1,16069.837502672653,16.196279666452856
2608503,Lagoa de Itaenga,26,PE,Pernambuco,Nordeste,19915.0,482858.549,360.0,2317.14,6470.0,6825.0,365.0,202958.557,56.131,19003.0,338.55,24245.972834546825,18.076826512678885
2608602,Lagoa do Ouro,26,PE,Pernambuco,Nordeste,12364.0,139223.059,175.0,2094.14,964.0,1112.0,177.0,25344.321,198.762,11933.0,60.04,11260.357408605629,14.15399547072145
2608701,Lagoa dos Gatos,26,PE,Pernambuco,Nordeste,14386.0,135442.681,191.0,2659.16,852.0,1017.0,200.0,27077.607,224.947,14076.0,62.57,9414.895106353399,13.276796885861254
2608750,Lagoa Grande,26,PE,Pernambuco,Nordeste,24952.0,456843.601,526.0,2168.81,4073.0,4624.0,544.0,114390.201,1850.07,24088.0,13.02,18308.89712247515,21.080474511061237
2608800,Lajedo,26,PE,Pernambuco,Nordeste,41786.0,585575.816,971.0,2068.06,4912.0,5935.0,1036.0,129405.841,189.096,39582.0,209.32,14013.684391901594,23.237447949073854
2608909,Limoeiro,26,PE,Pernambuco,Nordeste,59125.0,838342.782,2304.0,2084.43,8172.0,10720.0,2396.0,219681.841,273.733,56510.0,206.44,14179.15910359408,38.96828752642706
2609006,Macaparana,26,PE,Pernambuco,Nordeste,24624.0,283578.09,373.0,1849.72,2691.0,3076.0,394.0,64512.846,108.049,23879.0,221.0,11516.329191033139,15.147823261858349
2609105,Machados,26,PE,Pernambuco,Nordeste,11471.0,216295.27,236.0,1380.22,1706.0,1912.0,241.0,32816.672,61.619,11333.0,183.92,18855.833841862088,20.57362043413826
2609154,Manari,26,PE,Pernambuco,Nordeste,26773.0,139153.111,174.0,2461.09,978.0,1122.0,176.0,31333.181,344.685,23763.0,68.94,5197.51656519628,6.499084898965376
2609204,Maraial,26,PE,Pernambuco,Nordeste,9432.0,92489.611,138.0,1696.51,926.0,1020.0,139.0,25864.389,199.865,9359.0,46.83,9805.938401187446,14.631043256997456
2609303,Mirandiba,26,PE,Pernambuco,Nordeste,14599.0,163405.618,290.0,1715.65,1021.0,1300.0,304.0,21958.033,821.676,14166.0,17.24,11192.932255633947,19.864374272210426
2609402,Moreno,26,PE,Pernambuco,Nordeste,57647.0,892506.355,1548.0,2700.17,8268.0,10036.0,1588.0,284450.215,194.197,55292.0,284.72,15482.268895172341,26.853088625600638
2609501,Nazaré da Mata,26,PE,Pernambuco,Nordeste,32153.0,688467.949,645.0,2047.83,5286.0,5978.0,676.0,156397.947,130.572,30648.0,234.72,21412.24610456256,20.060336516032717
2609600,Olinda,26,PE,Pernambuco,Nordeste,365402.0,5788249.961,11647.0,2362.04,74055.0,88733.0,12088.0,2426512.695,41.3,349976.0,8474.0,15840.772521770543,31.874483445629743
2609709,Orobó,26,PE,Pernambuco,Nordeste,22438.0,398794.429,410.0,2418.15,1614.0,2020.0,421.0,50447.774,138.521,21808.0,157.43,17773.171806756396,18.272573313129513
2609808,Orocó,26,PE,Pernambuco,Nordeste,14100.0,186447.62,224.0,1305.95,1317.0,1512.0,241.0,23957.976,554.76,13613.0,24.54,13223.235460992908,15.886524822695037
2609907,Ouricuri,26,PE,Pernambuco,Nordeste,68329.0,780512.688,1277.0,2542.49,4985.0,6457.0,1327.0,175432.62,2381.57,65245.0,27.4,11422.861274129578,18.68899003351432
2610004,Palmares,26,PE,Pernambuco,Nordeste,56615.0,924145.709,1676.0,2056.58,10436.0,12236.0,1778.0,277161.39,339.401,54584.0,160.82,16323.33673054844,29.603461980040628
2610103,Palmeirina,26,PE,Pernambuco,Nordeste,7154.0,79959.02,96.0,2623.26,463.0,529.0,96.0,17672.198,168.796,7031.0,41.65,11176.826949958066,13.419066256639642
2610202,Panelas,26,PE,Pernambuco,Nordeste,23449.0,229556.335,385.0,2075.37,2134.0,2528.0,393.0,54731.116,380.428,22991.0,60.43,9789.600196170413,16.41861060173142
2610301,Paranatama,26,PE,Pernambuco,Nordeste,12712.0,285773.328,215.0,2023.5,1415.0,1594.0,218.0,36485.487,185.371,12199.0,65.81,22480.595342983008,16.913152926368785
2610400,Parnamirim,26,PE,Pernambuco,Nordeste,19028.0,213190.379,314.0,2057.42,1483.0,1802.0,325.0,46734.09,2609.548,18612.0,7.13,11204.035053605214,16.501997056968676
2610509,Passira,26,PE,Pernambuco,Nordeste,29719.0,264546.745,423.0,1612.01,2000.0,2451.0,426.0,49193.867,327.21,28340.0,86.61,8901.603183148827,14.233318752313336
2610608,Paudalho,26,PE,Pernambuco,Nordeste,59638.0,926328.024,975.0,1669.48,5603.0,6678.0,999.0,139269.954,269.651,56665.0,210.14,15532.513229819913,16.348636775210437
2610707,Paulista,26,PE,Pernambuco,Nordeste,362960.0,5591651.533,6899.0,2373.72,52509.0,60256.0,7387.0,1630571.835,96.932,342167.0,3529.97,15405.696310888252,19.007604143707297
2610806,Pedra,26,PE,Pernambuco,Nordeste,23605.0,306398.452,280.0,2428.42,1277.0,1513.0,289.0,39831.775,922.602,22795.0,24.71,12980.235204405846,11.86189366659606
2610905,Pesqueira,26,PE,Pernambuco,Nordeste,65408.0,869650.98,1280.0,2093.5,6444.0,7819.0,1394.0,191276.937,960.042,62722.0,65.33,13295.789200097848,19.569471624266143
2611002,Petrolândia,26,PE,Pernambuco,Nordeste,35991.0,1675876.169,746.0,2321.62,3646.0,4375.0,807.0,107820.722,1056.589,34161.0,32.33,46563.75674474174,20.727404073240532
2611101,Petrolina,26,PE,Pernambuco,Nordeste,414083.0,7994040.267,14822.0,2780.9,83303.0,101540.0,15881.0,3008676.48,4561.87,386791.0,84.79,19305.40559984351,35.79475612377229
2611200,Poção,26,PE,Pernambuco,Nordeste,10805.0,102107.077,171.0,2325.26,790.0,920.0,175.0,25479.201,205.119,10500.0,51.19,9449.983988894031,15.826006478482185
2611309,Pombos,26,PE,Pernambuco,Nordeste,26847.0,532583.088,575.0,2153.75,3399.0,3984.0,587.0,95328.316,239.832,27552.0,114.88,19837.71326405185,21.41766305360003
2611408,Primavera,26,PE,Pernambuco,Nordeste,14351.0,291695.706,192.0,1914.59,4020.0,4179.0,195.0,106209.38,113.135,13838.0,122.31,20325.810466169605,13.378858616124312
2611507,Quipapá,26,PE,Pernambuco,Nordeste,17974.0,192324.987,228.0,2489.71,1286.0,1493.0,235.0,44250.081,230.617,17928.0,77.74,10700.177311672416,12.684989429175475
2611533,Quixaba,26,PE,Pernambuco,Nordeste,6755.0,67064.241,119.0,2805.29,426.0,517.0,122.0,15936.474,210.705,6554.0,31.11,9928.088971132493,17.616580310880828
2611606,Recife,26,PE,Pernambuco,Nordeste,1587707.0,54970302.116,88849.0,4182.41,711680.0,829869.0,94938.0,38107125.997,218.843,1488920.0,6803.6,34622.447413786045,55.96057710900059
2611705,Riacho das Almas,26,PE,Pernambuco,Nordeste,21411.0,260563.146,427.0,2168.79,1712.0,2129.0,436.0,59478.737,314.003,20639.0,65.73,12169.592545887628,19.943019943019944
2611804,Ribeirão,26,PE,Pernambuco,Nordeste,34255.0,576406.602,733.0,2248.21,4330.0,5055.0,762.0,125583.822,289.566,33507.0,115.71,16826.93335279521,21.3983360093417
2611903,Rio Formoso,26,PE,Pernambuco,Nordeste,20460.0,379871.384,334.0,2571.65,6810.0,7094.0,358.0,217930.385,227.458,20009.0,87.97,18566.53880742913,16.32453567937439
2612000,Sairé,26,PE,Pernambuco,Nordeste,11218.0,176225.317,233.0,1846.44,1525.0,1768.0,239.0,39346.573,190.455,10887.0,57.16,15709.15644499911,20.77019076484222
2612109,Salgadinho,26,PE,Pernambuco,Nordeste,5620.0,80938.432,80.0,2453.8,492.0,545.0,83.0,20375.1,87.217,5727.0,65.66,14401.856227758008,14.234875444839856
2612208,Salgueiro,26,PE,Pernambuco,Nordeste,65635.0,1002105.382,1677.0,2369.62,8025.0,9827.0,1782.0,256553.62,1678.564,62372.0,37.16,15267.850719890303,25.550392321170104
2612307,Saloá,26,PE,Pernambuco,Nordeste,14173.0,171050.925,188.0,2037.38,1329.0,1485.0,200.0,40924.026,251.549,13836.0,55.0,12068.787483242786,13.264658152825795
2612406,Sanharó,26,PE,Pernambuco,Nordeste,18933.0,248264.475,334.0,2766.63,1408.0,1710.0,342.0,50099.77,268.065,18624.0,69.48,13112.79115829504,17.641155654148843
2612455,Santa Cruz,26,PE,Pernambuco,Nordeste,14320.0,133591.622,215.0,2377.02,1156.0,1385.0,216.0,34033.075,1245.983,13841.0,11.11,9329.023882681564,15.013966480446927
2612471,Santa Cruz da Baixa Verde,26,PE,Pernambuco,Nordeste,11933.0,113553.794,215.0,2399.74,781.0,970.0,223.0,30229.481,114.932,11567.0,100.64,9515.946870024301,18.017263052040562
2612505,Santa Cruz do Capibaribe,26,PE,Pernambuco,Nordeste,104277.0,1925733.505,3865.0,2119.88,17380.0,21694.0,4240.0,481946.261,335.309,98254.0,293.03,18467.480892238942,37.06474102630494
2612554,Santa Filomena,26,PE,Pernambuco,Nordeste,12402.0,111829.714,184.0,2410.83,869.0,1060.0,189.0,28186.624,1005.341,12106.0,12.04,9017.070956297372,14.836316723109176
2612604,Santa Maria da Boa Vista,26,PE,Pernambuco,Nordeste,42682.0,563999.761,608.0,2704.67,3078.0,3657.0,669.0,112871.66,3000.774,40578.0,13.52,13213.995618762008,14.244880745981913
2612703,Santa Maria do Cambucá,26,PE,Pernambuco,Nordeste,14533.0,122261.918,223.0,2188.41,930.0,1127.0,227.0,27496.865,92.148,14013.0,152.07,8412.710245647835,15.344388632766806
2612802,Santa Terezinha,26,PE,Pernambuco,Nordeste,10513.0,114824.154,196.0,2108.96,864.0,1033.0,201.0,23439.216,200.327,10244.0,51.14,10922.111100542186,18.64358413392942
2612901,São Benedito do Sul,26,PE,Pernambuco,Nordeste,13479.0,117016.666,127.0,2186.73,952.0,1056.0,127.0,26764.505,160.477,13113.0,81.71,8681.405593886788,9.422063951331701
2613008,São Bento do Una,26,PE,Pernambuco,Nordeste,51264.0,1485705.93,722.0,2272.68,6298.0,7049.0,791.0,180447.851,719.148,49449.0,68.76,28981.467111423222,14.083957553058676
2613107,São Caitano,26,PE,Pernambuco,Nordeste,39117.0,447678.66,564.0,2019.25,3868.0,4407.0,585.0,99856.172,382.483,37126.0,97.07,11444.606181455632,14.418283610706341
2613206,São João,26,PE,Pernambuco,Nordeste,24772.0,390210.544,273.0,2330.05,2109.0,2362.0,278.0,63876.726,258.519,23837.0,92.21,15752.080736315194,11.020507024059421
2613305,São Joaquim do Monte,26,PE,Pernambuco,Nordeste,20440.0,185466.682,264.0,2595.49,1369.0,1599.0,267.0,45802.894,227.385,20037.0,88.12,9073.712426614482,12.915851272015656
2613404,São José da Coroa Grande,26,PE,Pernambuco,Nordeste,19468.0,291007.407,516.0,1306.1,2841.0,3363.0,528.0,48589.415,69.184,18825.0,272.1,14947.986798849393,26.50503390178755
2613503,São José do Belmonte,26,PE,Pernambuco,Nordeste,36752.0,341543.949,621.0,2358.69,4118.0,4789.0,643.0,122551.944,1474.086,34843.0,23.64,9293.207145189377,16.8970396168916
2613602,São José do Egito,26,PE,Pernambuco,Nordeste,32491.0,441117.369,802.0,2240.05,3030.0,3869.0,831.0,88938.337,774.037,31004.0,40.05,13576.601797420824,24.683758579298882
2613701,São Lourenço da Mata,26,PE,Pernambuco,Nordeste,117759.0,1444200.155,2027.0,2353.26,12604.0,14804.0,2108.0,377874.013,263.687,111249.0,421.9,12264.032090965446,17.213121714688473
2613800,São Vicente Férrer,26,PE,Pernambuco,Nordeste,17176.0,209528.124,265.0,1522.95,1494.0,1761.0,273.0,29235.444,112.554,16677.0,148.17,12198.889380530973,15.428504890544946
2613909,Serra Talhada,26,PE,Pernambuco,Nordeste,98143.0,1693347.29,2688.0,2481.91,13835.0,17057.0,2853.0,440335.729,2980.007,92228.0,30.95,17253.877403380782,27.388606421242475
2614006,Serrita,26,PE,Pernambuco,Nordeste,18759.0,161152.641,265.0,1858.03,1296.0,1514.0,267.0,37083.281,1535.19,18207.0,11.86,8590.68399168399,14.12655258809105
2614105,Sertânia,26,PE,Pernambuco,Nordeste,34269.0,367388.668,671.0,2710.29,1998.0,2652.0,700.0,71851.532,2421.527,32811.0,13.55,10720.729172138084,19.580378767982726
2614204,Sirinhaém,26,PE,Pernambuco,Nordeste,39233.0,722495.019,500.0,2070.45,7894.0,8376.0,526.0,213726.032,374.321,37596.0,100.44,18415.492544541587,12.74437335916193
2614303,Moreilândia,26,PE,Pernambuco,Nordeste,10849.0,90987.135,189.0,1930.44,662.0,829.0,193.0,17027.96,404.287,10540.0,26.07,8386.684026177529,17.420960457184993
2614402,Solidão,26,PE,Pernambuco,Nordeste,5403.0,56660.704,93.0,2849.4,471.0,542.0,95.0,17245.367,138.398,5210.0,37.65,10486.89690912456,17.212659633536923
2614501,Surubim,26,PE,Pernambuco,Nordeste,67515.0,915557.836,1851.0,2261.29,7880.0,9940.0,1959.0,233074.446,252.896,64120.0,253.54,13560.806280085906,27.416129748944677
2614600,Tabira,26,PE,Pernambuco,Nordeste,29093.0,314902.854,571.0,2455.39,2125.0,2676.0,598.0,70754.324,390.434,27681.0,70.9,10824.007630701542,19.62671432990754
2614709,Tacaimbó,26,PE,Pernambuco,Nordeste,14277.0,149158.911,207.0,2113.17,1297.0,1463.0,212.0,34696.473,227.601,13738.0,60.36,10447.496743013238,14.498844295019962
2614808,Tacaratu,26,PE,Pernambuco,Nordeste,24803.0,251978.426,297.0,2062.33,1627.0,1894.0,327.0,53069.485,1264.532,23902.0,18.9,10159.191468773939,11.974357940571705
2614857,Tamandaré,26,PE,Pernambuco,Nordeste,24534.0,395834.25,903.0,2289.88,5607.0,6499.0,947.0,155198.948,213.75,23561.0,110.23,16134.109806798728,36.806065052580095
2615003,Taquaritinga do Norte,26,PE,Pernambuco,Nordeste,25497.0,334641.961,601.0,1820.65,2930.0,3530.0,633.0,76300.094,475.184,24736.0,52.06,13124.758246068164,23.571400556928268
2615102,Terezinha,26,PE,Pernambuco,Nordeste,6857.0,75618.355,104.0,2420.57,431.0,518.0,106.0,17680.572,151.45,6513.0,43.0,11027.90651888581,15.166982645471782
2615201,Terra Nova,26,PE,Pernambuco,Nordeste,9221.0,95262.232,145.0,2450.99,685.0,828.0,148.0,31710.274,318.709,8920.0,27.99,10331.008784296713,15.724975599175794
2615300,Timbaúba,26,PE,Pernambuco,Nordeste,47575.0,746606.922,1446.0,2197.67,7309.0,9027.0,1513.0,213692.926,287.683,46147.0,160.41,15693.26162900683,30.39411455596427
2615409,Toritama,26,PE,Pernambuco,Nordeste,43636.0,764572.35,1651.0,1981.68,7351.0,9087.0,1793.0,185076.753,25.704,41137.0,1600.41,17521.595700797505,37.83573196443304
2615508,Tracunhaém,26,PE,Pernambuco,Nordeste,14393.0,176619.046,215.0,1615.32,1106.0,1290.0,216.0,24030.328,137.321,13867.0,100.98,12271.176683109845,14.937816994372264
2615607,Trindade,26,PE,Pernambuco,Nordeste,32086.0,419024.45,893.0,2172.38,3121.0,4033.0,928.0,90365.211,295.765,30321.0,102.52,13059.416879635979,27.83145297014274
2615706,Triunfo,26,PE,Pernambuco,Nordeste,15142.0,157357.628,374.0,2653.62,1220.0,1609.0,399.0,42257.194,191.518,14705.0,76.78,10392.129705455025,24.699511293092062
2615805,Tupanatinga,26,PE,Pernambuco,Nordeste,27009.0,227130.162,240.0,2321.77,1550.0,1762.0,246.0,45075.588,934.801,26937.0,28.82,8409.425080528712,8.885926913251138
2615904,Tuparetama,26,PE,Pernambuco,Nordeste,8252.0,89138.565,215.0,2208.87,676.0,854.0,222.0,19405.527,189.509,8005.0,42.24,10802.055865244789,26.054289869122638
2616001,Venturosa,26,PE,Pernambuco,Nordeste,17609.0,247348.959,335.0,2538.31,1191.0,1518.0,341.0,38695.168,336.107,17251.0,51.33,14046.735135442104,19.024362541881995
2616100,Verdejante,26,PE,Pernambuco,Nordeste,9474.0,80930.642,150.0,2007.08,868.0,985.0,153.0,24069.405,476.039,9169.0,19.26,8542.394131306733,15.832805573147562
2616183,Vertente do Lério,26,PE,Pernambuco,Nordeste,7782.0,74060.297,111.0,2211.38,1055.0,1128.0,112.0,28606.493,73.631,7558.0,102.65,9516.87188383449,14.263685427910563
2616209,Vertentes,26,PE,Pernambuco,Nordeste,22955.0,194510.533,364.0,2318.54,1355.0,1709.0,380.0,39943.234,196.325,21959.0,111.85,8473.55839686343,15.857111740361578
2616308,Vicência,26,PE,Pernambuco,Nordeste,27297.0,519425.664,460.0,2118.16,4164.0,4627.0,471.0,109155.064,228.017,26359.0,115.6,19028.67216177602,16.851668681540094
2616407,Vitória de Santo Antão,26,PE,Pernambuco,Nordeste,143799.0,4551843.195,3483.0,2557.84,29959.0,34094.0,3668.0,980702.55,336.573,134084.0,398.38,31654.20618363132,24.221308910354036
2616506,Xexéu,26,PE,Pernambuco,Nordeste,11791.0,141411.218,180.0,2185.9,1053.0,1194.0,185.0,31862.508,110.815,11611.0,104.78,11993.148842337376,15.265880756509201
2700102,Água Branca,27,AL,Alagoas,Nordeste,19550.0,202705.02,225.0,2856.36,2068.0,2270.0,230.0,69151.707,468.229,19008.0,40.6,10368.543222506394,11.508951406649617
2700201,Anadia,27,AL,Alagoas,Nordeste,14193.0,250500.324,257.0,2513.8,1842.0,2072.0,260.0,57924.577,186.134,13966.0,75.03,17649.568378778273,18.107517790460086
2700300,Arapiraca,27,AL,Alagoas,Nordeste,243661.0,5916237.941,8149.0,2246.7,53068.0,62571.0,8706.0,1551231.258,345.655,234696.0,678.99,24280.610934864424,33.44400622175892
2700409,Atalaia,27,AL,Alagoas,Nordeste,38530.0,1500459.65,627.0,1610.43,7360.0,7976.0,645.0,136291.022,533.258,37512.0,70.34,38942.63301323644,16.273033999480923
2700508,Barra de Santo Antônio,27,AL,Alagoas,Nordeste,16735.0,262046.828,331.0,2344.56,1615.0,1925.0,337.0,46792.175,131.364,16365.0,124.58,15658.609381535704,19.778906483417984
2700607,Barra de São Miguel,27,AL,Alagoas,Nordeste,8118.0,238456.185,488.0,2417.2,2500.0,3040.0,490.0,78836.759,74.247,7944.0,106.99,29373.760162601626,60.113328406011334
2700706,Batalha,27,AL,Alagoas,Nordeste,17103.0,229982.453,354.0,2854.74,1506.0,1841.0,368.0,66805.729,315.87,16448.0,52.07,13446.907150792258,20.69812313629188
2700805,Belém,27,AL,Alagoas,Nordeste,4820.0,191336.348,100.0,1933.11,865.0,940.0,101.0,23054.86,66.628,4722.0,70.87,39696.3377593361,20.74688796680498
2700904,Belo Monte,27,AL,Alagoas,Nordeste,5898.0,151407.058,86.0,2650.98,732.0,798.0,86.0,23774.851,334.136,5936.0,17.77,25670.915225500168,14.581213970837572
2701001,Boca da Mata,27,AL,Alagoas,Nordeste,21517.0,506080.912,429.0,2765.25,2067.0,2538.0,432.0,74381.235,193.002,21187.0,109.78,23520.049821071712,19.937723660361577
2701100,Branquinha,27,AL,Alagoas,Nordeste,9786.0,775435.38,130.0,2351.96,1146.0,1248.0,132.0,33897.541,168.048,9603.0,57.14,79239.25812385039,13.284283670549764
2701209,Cacimbinhas,27,AL,Alagoas,Nordeste,10701.0,140486.703,172.0,2209.9,1198.0,1363.0,175.0,41925.781,281.692,10482.0,37.21,13128.371460611157,16.07326418091767
2701308,Cajueiro,27,AL,Alagoas,Nordeste,16605.0,207919.19,291.0,2386.32,1875.0,2154.0,303.0,57441.658,94.357,16024.0,169.82,12521.480879253237,17.52484191508582
2701357,Campestre,27,AL,Alagoas,Nordeste,6807.0,87777.208,113.0,2095.84,683.0,762.0,115.0,18301.908,65.91,6665.0,101.12,12895.1385338622,16.600558248861468
2701407,Campo Alegre,27,AL,Alagoas,Nordeste,32714.0,734765.521,524.0,2385.27,6595.0,7122.0,545.0,236169.946,312.726,32106.0,102.66,22460.277587577184,16.017607140673718
2701506,Campo Grande,27,AL,Alagoas,Nordeste,8293.0,106141.611,173.0,3015.25,509.0,670.0,174.0,26729.674,170.144,8143.0,47.86,12798.940190522128,20.860967080670445
2701605,Canapi,27,AL,Alagoas,Nordeste,15743.0,166520.676,178.0,940.47,2269.0,2432.0,183.0,26556.431,602.778,15559.0,25.81,10577.442418852823,11.306612462681828
2701704,Capela,27,AL,Alagoas,Nordeste,15068.0,248032.377,262.0,2708.98,1688.0,1929.0,269.0,58303.852,263.735,15032.0,57.0,16460.86919299177,17.38784178391293
2701803,Carneiros,27,AL,Alagoas,Nordeste,9200.0,90803.352,115.0,2109.95,797.0,876.0,116.0,25364.734,111.696,8999.0,80.57,9869.929565217391,12.5
2701902,Chã Preta,27,AL,Alagoas,Nordeste,6010.0,175488.923,110.0,2104.7,879.0,966.0,113.0,21813.956,157.831,5910.0,37.45,29199.48801996672,18.302828618968388
2702009,Coité do Nóia,27,AL,Alagoas,Nordeste,11036.0,211513.572,195.0,2831.18,523.0,688.0,196.0,19422.555,88.759,10810.0,121.79,19165.782167451976,17.669445451250454
2702108,Colônia Leopoldina,27,AL,Alagoas,Nordeste,15949.0,397415.249,281.0,2453.62,1650.0,1909.0,286.0,60241.392,207.935,15816.0,76.06,24917.87880117876,17.618659477083202
2702207,Coqueiro Seco,27,AL,Alagoas,Nordeste,5700.0,96055.729,101.0,2663.78,390.0,449.0,104.0,19026.609,39.608,5581.0,140.91,16851.882280701753,17.719298245614034
2702306,Coruripe,27,AL,Alagoas,Nordeste,51788.0,1782567.867,1108.0,2597.71,14680.0,15831.0,1159.0,459424.272,897.8,50414.0,56.15,34420.480941530855,21.394917741561752
2702355,Craíbas,27,AL,Alagoas,Nordeste,26115.0,480752.965,403.0,3220.82,3246.0,3631.0,411.0,139421.193,278.879,25397.0,91.07,18409.073903886656,15.4317442083094
2702405,Delmiro Gouveia,27,AL,Alagoas,Nordeste,52809.0,673914.883,1272.0,2523.82,5867.0,7234.0,1344.0,185249.101,628.545,51318.0,81.65,12761.364218220378,24.086803385786514
2702504,Dois Riachos,27,AL,Alagoas,Nordeste,9906.0,105272.253,136.0,2078.82,797.0,906.0,143.0,36799.445,141.621,9805.0,69.23,10627.120230163537,13.72905309913184
2702553,Estrela de Alagoas,27,AL,Alagoas,Nordeste,15701.0,154358.938,184.0,2592.33,1148.0,1326.0,187.0,34664.818,260.772,15429.0,59.17,9831.15330233743,11.718998789885994
2702603,Feira Grande,27,AL,Alagoas,Nordeste,23191.0,427597.687,261.0,2531.56,1008.0,1251.0,268.0,32907.685,175.906,22712.0,129.11,18438.087490836962,11.254365917812944
2702702,Feliz Deserto,27,AL,Alagoas,Nordeste,4038.0,164033.924,115.0,2205.75,556.0,650.0,118.0,16455.597,110.062,3963.0,36.01,40622.5666171372,28.47944526993561
2702801,Flexeiras,27,AL,Alagoas,Nordeste,9767.0,297791.222,156.0,2713.94,1070.0,1200.0,156.0,36561.624,333.756,9618.0,28.82,30489.52820722842,15.972151121122147
2702900,Girau do Ponciano,27,AL,Alagoas,Nordeste,37335.0,549599.688,493.0,2345.03,589.0,1109.0,507.0,16358.173,513.454,36102.0,70.31,14720.763037364404,13.204767644301594
2703007,Ibateguara,27,AL,Alagoas,Nordeste,13992.0,196489.103,258.0,2407.29,927.0,1173.0,260.0,27934.691,265.312,13731.0,51.75,14042.960477415667,18.439108061749568
2703106,Igaci,27,AL,Alagoas,Nordeste,24452.0,311967.15,285.0,2154.75,1669.0,1960.0,304.0,45111.552,334.346,23995.0,71.77,12758.349010305905,11.655488303615247
2703205,Igreja Nova,27,AL,Alagoas,Nordeste,22125.0,571876.699,284.0,1888.6,4969.0,5267.0,295.0,112001.297,426.538,21372.0,50.11,25847.534418079096,12.836158192090396
2703304,Inhapi,27,AL,Alagoas,Nordeste,15417.0,174776.462,160.0,2457.84,754.0,908.0,170.0,23929.113,372.019,15167.0,40.77,11336.60647337355,10.378153985859765
2703403,Jacaré dos Homens,27,AL,Alagoas,Nordeste,5182.0,74960.15,88.0,2540.63,229.0,299.0,91.0,7663.54,148.992,5083.0,34.12,14465.48629872636,16.981860285604014
2703502,Jacuípe,27,AL,Alagoas,Nordeste,5432.0,194530.693,81.0,2053.24,681.0,739.0,82.0,18088.972,208.738,5352.0,25.64,35811.98324742268,14.911634756995582
2703601,Japaratinga,27,AL,Alagoas,Nordeste,9443.0,252001.542,285.0,1613.13,2990.0,3307.0,289.0,60507.471,85.356,9219.0,108.01,26686.59769141163,30.18108651911469
2703700,Jaramataia,27,AL,Alagoas,Nordeste,5075.0,77897.04,78.0,2608.94,391.0,445.0,79.0,12885.437,105.416,4985.0,47.29,15349.170443349754,15.369458128078817
2703759,Jequiá da Praia,27,AL,Alagoas,Nordeste,9625.0,382025.458,173.0,2284.44,1173.0,1303.0,175.0,38113.23,334.265,9470.0,28.33,39690.956675324676,17.974025974025977
2703809,Joaquim Gomes,27,AL,Alagoas,Nordeste,17386.0,520994.182,264.0,2658.71,1127.0,1364.0,271.0,41634.827,298.17,17150.0,57.52,29966.305188082366,15.184631312550328
2703908,Jundiá,27,AL,Alagoas,Nordeste,4176.0,54800.717,93.0,2408.41,717.0,766.0,94.0,20625.651,88.793,4092.0,46.08,13122.777059386974,22.270114942528735
2704005,Junqueiro,27,AL,Alagoas,Nordeste,24381.0,550086.587,486.0,1043.58,4698.0,5179.0,499.0,59930.789,247.724,23907.0,96.51,22562.101103318157,19.933554817275745
2704104,Lagoa da Canoa,27,AL,Alagoas,Nordeste,18831.0,273062.184,259.0,1410.05,2610.0,2849.0,268.0,47613.487,83.621,18457.0,220.72,14500.673570176836,13.753916414423026
2704203,Limoeiro de Anadia,27,AL,Alagoas,Nordeste,25197.0,685194.09,387.0,2420.11,2335.0,2757.0,394.0,73585.591,309.205,24740.0,80.01,27193.478985593523,15.35897130610787
2704302,Maceió,27,AL,Alagoas,Nordeste,994464.0,27485310.648,39681.0,3284.81,305141.0,355025.0,42512.0,13173472.099,509.32,957916.0,1880.77,27638.31636740998,39.901896901245294
2704401,Major Isidoro,27,AL,Alagoas,Nordeste,17834.0,283475.135,334.0,2246.62,946.0,1303.0,346.0,52535.621,442.744,17700.0,39.98,15895.20774924302,18.728271840305034
2704500,Maragogi,27,AL,Alagoas,Nordeste,33232.0,1118907.812,1031.0,2301.36,6333.0,7582.0,1058.0,209063.655,334.165,32174.0,96.28,33669.589913336546,31.02431391429947
2704609,Maravilha,27,AL,Alagoas,Nordeste,9715.0,90757.694,141.0,2536.36,577.0,687.0,146.0,31122.219,332.37,9534.0,28.68,9342.016881111684,14.513638703036541
2704708,Marechal Deodoro,27,AL,Alagoas,Nordeste,62341.0,3409647.91,1984.0,3217.76,15074.0,17365.0,2040.0,607056.524,340.98,60370.0,177.05,54693.50684140453,31.824962705121827
2704807,Maribondo,27,AL,Alagoas,Nordeste,13968.0,188010.286,269.0,2297.04,1584.0,1838.0,274.0,45479.34,180.107,13679.0,75.95,13460.072021764032,19.258304696449027
2704906,Mar Vermelho,27,AL,Alagoas,Nordeste,3212.0,50950.945,84.0,1755.97,414.0,471.0,85.0,10509.126,91.741,3155.0,34.39,15862.685242839352,26.151930261519304
2705002,Mata Grande,27,AL,Alagoas,Nordeste,22147.0,354640.684,207.0,1340.37,2092.0,2298.0,219.0,39748.904,914.722,21844.0,23.88,16013.034903147152,9.346638370885447
2705101,Matriz de Camaragibe,27,AL,Alagoas,Nordeste,24330.0,385919.668,489.0,1607.08,5089.0,5567.0,499.0,102381.975,238.113,23857.0,100.19,15861.885244554049,20.098643649815042
2705200,Messias,27,AL,Alagoas,Nordeste,15707.0,221130.77,350.0,1646.9,2252.0,2589.0,353.0,48096.27,114.156,15405.0,134.95,14078.485388680207,22.283058508945057
2705309,Minador do Negrão,27,AL,Alagoas,Nordeste,4938.0,74515.226,96.0,2326.03,329.0,407.0,96.0,21218.926,167.462,4845.0,28.93,15090.163223977319,19.441069258809232
2705408,Monteirópolis,27,AL,Alagoas,Nordeste,7341.0,78347.202,114.0,1614.62,1167.0,1256.0,114.0,23532.545,86.604,7184.0,82.95,10672.55169595423,15.529219452390683
2705507,Murici,27,AL,Alagoas,Nordeste,25933.0,588158.283,485.0,1750.67,4178.0,4683.0,496.0,101631.169,418.028,25187.0,60.25,22679.916824123702,18.70203987197779
2705606,Novo Lino,27,AL,Alagoas,Nordeste,10298.0,187255.861,196.0,2240.95,991.0,1168.0,199.0,41506.95,215.547,10020.0,46.49,18183.71149737813,19.03282190716644
2705705,Olho d'Água das Flores,27,AL,Alagoas,Nordeste,21132.0,271809.23,547.0,2261.91,2862.0,3408.0,554.0,80004.768,188.221,20695.0,109.95,12862.446999810714,25.884913874692412
2705804,Olho d'Água do Casado,27,AL,Alagoas,Nordeste,8522.0,92958.501,151.0,2917.09,672.0,792.0,154.0,25159.856,327.678,8349.0,25.48,10908.061605256982,17.718845341469137
2705903,Olho d'Água Grande,27,AL,Alagoas,Nordeste,4384.0,70179.07,75.0,2340.67,244.0,296.0,75.0,11677.038,117.006,4330.0,37.01,16007.99954379562,17.107664233576642
2706000,Olivença,27,AL,Alagoas,Nordeste,11048.0,108872.461,127.0,1744.96,1362.0,1458.0,128.0,32044.56,175.288,10812.0,61.68,9854.495021723389,11.495293265749458
2706109,Ouro Branco,27,AL,Alagoas,Nordeste,11699.0,110474.764,200.0,1802.94,1286.0,1461.0,202.0,30167.171,196.56,11446.0,58.23,9443.094623472092,17.095478246003932
2706208,Palestina,27,AL,Alagoas,Nordeste,4410.0,45926.894,82.0,1835.85,754.0,812.0,82.0,17121.058,38.189,4325.0,113.25,10414.261678004535,18.594104308390023
2706307,Palmeira dos Índios,27,AL,Alagoas,Nordeste,73596.0,1181612.45,1782.0,1869.7,9745.0,11763.0,1846.0,236005.561,450.99,71574.0,158.7,16055.389559215175,24.213272460459805
2706406,Pão de Açúcar,27,AL,Alagoas,Nordeste,24291.0,266647.141,398.0,1995.32,2544.0,2948.0,403.0,61787.469,688.87,23823.0,34.58,10977.199003746244,16.384669219052324
2706422,Pariconha,27,AL,Alagoas,Nordeste,10803.0,145004.028,107.0,3404.28,556.0,635.0,109.0,23959.56,254.719,10573.0,41.51,13422.570397111913,9.904656114042394
2706448,Paripueira,27,AL,Alagoas,Nordeste,14176.0,236831.286,448.0,1878.56,1351.0,1842.0,452.0,31946.954,92.788,13835.0,149.1,16706.49590857788,31.60270880361174
2706505,Passo de Camaragibe,27,AL,Alagoas,Nordeste,14076.0,337360.219,282.0,2162.33,1840.0,2122.0,286.0,63226.822,251.29,13804.0,54.93,23967.05164819551,20.034100596760442
2706604,Paulo Jacinto,27,AL,Alagoas,Nordeste,6697.0,105575.59,116.0,2240.1,647.0,727.0,116.0,18764.025,118.457,6576.0,55.51,15764.609526653725,17.321188591906825
2706703,Penedo,27,AL,Alagoas,Nordeste,60189.0,983959.279,1375.0,2308.51,8441.0,9981.0,1435.0,243267.957,688.452,58650.0,85.19,16347.825665819335,22.844705843260396
2706802,Piaçabuçu,27,AL,Alagoas,Nordeste,16201.0,458415.712,314.0,1462.82,1371.0,1686.0,333.0,27399.094,243.686,15908.0,65.28,28295.51953583112,19.38151965928029
2706901,Pilar,27,AL,Alagoas,Nordeste,36499.0,676236.229,827.0,3420.99,7345.0,8189.0,860.0,307550.081,259.614,35370.0,136.24,18527.527576097975,22.658155017945695
2707008,Pindoba,27,AL,Alagoas,Nordeste,2786.0,59445.116,49.0,1991.21,502.0,523.0,49.0,10785.829,117.086,2731.0,23.32,21337.083991385498,17.587939698492463
2707107,Piranhas,27,AL,Alagoas,Nordeste,23053.0,344069.282,525.0,2907.36,2011.0,2547.0,547.0,74542.092,403.995,22609.0,55.96,14925.141283130179,22.773608640957793
2707206,Poço das Trincheiras,27,AL,Alagoas,Nordeste,12974.0,125628.471,132.0,3472.32,795.0,906.0,137.0,36767.136,284.26,12518.0,44.04,9683.094727917372,10.174194542932018
2707305,Porto Calvo,27,AL,Alagoas,Nordeste,24520.0,412902.6,581.0,2567.72,1811.0,2390.0,596.0,68245.206,313.231,24071.0,76.85,16839.42088091354,23.69494290375204
2707404,Porto de Pedras,27,AL,Alagoas,Nordeste,9508.0,333230.868,349.0,1857.97,1957.0,2347.0,356.0,47099.878,257.105,9295.0,36.15,35047.41985696256,36.705931846865795
2707503,Porto Real do Colégio,27,AL,Alagoas,Nordeste,20262.0,268907.285,249.0,3222.98,964.0,1175.0,257.0,39641.61,235.852,20082.0,85.15,13271.507501727372,12.289013917678412
2707602,Quebrangulo,27,AL,Alagoas,Nordeste,11305.0,189080.885,174.0,2454.91,993.0,1143.0,176.0,35783.328,319.829,11080.0,34.64,16725.42105263158,15.39141972578505
2707701,Rio Largo,27,AL,Alagoas,Nordeste,97435.0,1423072.189,1604.0,2412.94,18471.0,20092.0,1655.0,577816.559,293.816,93927.0,319.68,14605.349094267973,16.46225688920819
2707800,Roteiro,27,AL,Alagoas,Nordeste,6607.0,204148.817,113.0,1986.4,840.0,919.0,114.0,21156.983,128.926,6474.0,50.21,30898.86741334948,17.10307249886484
2707909,Santa Luzia do Norte,27,AL,Alagoas,Nordeste,7065.0,277405.028,150.0,2568.83,779.0,888.0,150.0,26550.832,28.857,6919.0,239.77,39264.689030431706,21.231422505307854
2708006,Santana do Ipanema,27,AL,Alagoas,Nordeste,47397.0,646335.776,1033.0,2462.69,6992.0,8092.0,1073.0,216589.661,436.16,46220.0,105.97,13636.638943393042,21.7946283520054
2708105,Santana do Mundaú,27,AL,Alagoas,Nordeste,11568.0,1408592.374,226.0,2300.43,563.0,765.0,228.0,31837.825,232.169,11323.0,48.77,121766.28405947442,19.536652835408024
2708204,São Brás,27,AL,Alagoas,Nordeste,6557.0,129339.94,87.0,1837.72,598.0,658.0,89.0,13870.046,139.038,6555.0,47.15,19725.475064816226,13.268262925118195
2708303,São José da Laje,27,AL,Alagoas,Nordeste,21193.0,588009.328,340.0,2103.17,7402.0,7736.0,345.0,148733.488,256.603,20813.0,81.11,27745.450290190158,16.043033076959375
2708402,São José da Tapera,27,AL,Alagoas,Nordeste,31557.0,332853.752,449.0,2779.19,2082.0,2513.0,463.0,103371.444,490.879,30604.0,62.35,10547.699464461133,14.228221947586906
2708501,São Luís do Quitunde,27,AL,Alagoas,Nordeste,31792.0,943729.274,454.0,1747.86,8053.0,8543.0,460.0,170125.136,397.257,30873.0,77.72,29684.488990941118,14.280322093608454
2708600,São Miguel dos Campos,27,AL,Alagoas,Nordeste,53391.0,1373076.813,1328.0,2180.35,12612.0,13958.0,1367.0,342330.057,335.683,51990.0,154.88,25717.383323031972,24.873105954187036
2708709,São Miguel dos Milagres,27,AL,Alagoas,Nordeste,8687.0,243494.885,384.0,1704.43,2114.0,2532.0,392.0,46402.503,76.731,8482.0,110.54,28029.801427420283,44.20398296304823
2708808,São Sebastião,27,AL,Alagoas,Nordeste,32701.0,858875.773,611.0,2665.6,2160.0,2769.0,637.0,77568.662,314.924,31786.0,100.93,26264.51096296749,18.68444390079814
2708907,Satuba,27,AL,Alagoas,Nordeste,25000.0,261004.244,489.0,3291.21,1566.0,2076.0,490.0,69308.541,41.268,24278.0,588.3,10440.16976,19.560000000000002
2708956,Senador Rui Palmeira,27,AL,Alagoas,Nordeste,12549.0,121201.031,124.0,2839.93,704.0,800.0,125.0,33759.934,338.569,12303.0,36.34,9658.222248784763,9.88126543947725
2709004,Tanque d'Arca,27,AL,Alagoas,Nordeste,5909.0,92174.872,85.0,2105.18,719.0,785.0,86.0,16748.774,124.617,5796.0,46.51,15599.064477915044,14.384836689795227
2709103,Taquarana,27,AL,Alagoas,Nordeste,19422.0,510845.665,372.0,2469.19,2110.0,2484.0,380.0,64433.214,153.841,19032.0,123.71,26302.42328287509,19.153537225826383
2709152,Teotônio Vilela,27,AL,Alagoas,Nordeste,39161.0,1357797.917,799.0,2488.93,5219.0,6004.0,817.0,189656.03,299.221,38053.0,127.17,34672.197262582675,20.402951916447485
2709202,Traipu,27,AL,Alagoas,Nordeste,24124.0,297000.125,215.0,1017.58,2090.0,2263.0,221.0,27641.224,681.577,23565.0,34.57,12311.396327308905,8.912286519648482
2709301,União dos Palmares,27,AL,Alagoas,Nordeste,60874.0,1416192.612,1234.0,2083.62,7779.0,9055.0,1271.0,209951.874,420.376,59280.0,141.02,23264.326510497092,20.27138022801196
2709400,Viçosa,27,AL,Alagoas,Nordeste,24423.0,594194.696,505.0,2179.19,3071.0,3591.0,524.0,85034.967,367.888,24092.0,65.49,24329.30827498669,20.677230479466076
2800100,Amparo do São Francisco,28,SE,Sergipe,Nordeste,2206.0,37966.816,61.0,2908.84,371.0,398.0,62.0,16331.867,35.683,2170.0,60.81,17210.70534904805,27.651858567543066
2800209,Aquidabã,28,SE,Sergipe,Nordeste,20542.0,287874.395,324.0,1961.62,2111.0,2437.0,339.0,73078.067,359.543,20131.0,55.99,14013.941923863304,15.772563528380877
2800308,Aracaju,28,SE,Sergipe,Nordeste,628849.0,18405677.788,32670.0,3726.72,234349.0,277686.0,34749.0,11081711.412,182.163,602757.0,3308.89,29268.835265699716,51.95205844328289
2800407,Arauá,28,SE,Sergipe,Nordeste,10483.0,140121.885,188.0,2555.24,933.0,1104.0,191.0,32400.251,198.967,10318.0,51.86,13366.582562243633,17.933797577029477
2800506,Areia Branca,28,SE,Sergipe,Nordeste,18560.0,252263.149,227.0,3295.09,1437.0,1655.0,234.0,61929.134,148.134,18081.0,122.06,13591.764493534483,12.230603448275863
2800605,Barra dos Coqueiros,28,SE,Sergipe,Nordeste,44384.0,2581591.798,933.0,3322.11,5062.0,6056.0,961.0,222765.259,92.268,41511.0,449.9,58164.919745854364,21.021088680605626
2800670,Boquim,28,SE,Sergipe,Nordeste,25038.0,333080.032,452.0,2911.71,2087.0,2576.0,466.0,87728.905,205.443,24636.0,119.92,13302.980749261123,18.052560108634875
2800704,Brejo Grande,28,SE,Sergipe,Nordeste,8016.0,95886.083,124.0,1458.71,1072.0,1167.0,133.0,19842.754,141.464,7841.0,55.43,11961.836701596807,15.469061876247505
2801009,Campo do Brito,28,SE,Sergipe,Nordeste,18646.0,237677.001,534.0,2611.59,2039.0,2634.0,557.0,69426.755,201.518,18149.0,90.06,12746.80902070149,28.638850155529337
2801108,Canhoba,28,SE,Sergipe,Nordeste,3855.0,84436.411,65.0,2595.03,490.0,522.0,68.0,18517.038,171.581,3791.0,22.09,21903.089753566797,16.861219195849547
2801207,Canindé de São Francisco,28,SE,Sergipe,Nordeste,33491.0,2895221.78,649.0,3322.35,3635.0,4317.0,671.0,166892.106,934.167,26834.0,28.73,86447.7555164074,19.378340449673047
2801306,Capela,28,SE,Sergipe,Nordeste,32716.0,385290.499,466.0,2530.92,5183.0,5663.0,485.0,160561.147,442.211,31645.0,71.56,11776.821708032767,14.243795084973714
2801405,Carira,28,SE,Sergipe,Nordeste,20315.0,379817.764,493.0,2954.6,1928.0,2451.0,506.0,73759.844,638.743,19939.0,31.22,18696.4195914349,24.267782426778243
2801504,Carmópolis,28,SE,Sergipe,Nordeste,14179.0,422600.834,400.0,2913.59,3734.0,4077.0,424.0,150963.849,46.395,13853.0,298.59,29804.699485154102,28.21073418435715
2801603,Cedro de São João,28,SE,Sergipe,Nordeste,5482.0,64293.401,109.0,2147.06,723.0,815.0,112.0,19711.829,83.711,5391.0,64.4,11728.092119664356,19.88325428675666
2801702,Cristinápolis,28,SE,Sergipe,Nordeste,17539.0,250777.22,277.0,2218.25,2216.0,2475.0,291.0,61718.181,228.556,17100.0,74.82,14298.262158617938,15.793374764809853
2801900,Cumbe,28,SE,Sergipe,Nordeste,3906.0,69489.148,97.0,2208.47,318.0,392.0,97.0,12467.966,128.393,3824.0,29.78,17790.360471070147,24.833589349718384
2802007,Divina Pastora,28,SE,Sergipe,Nordeste,4433.0,188619.161,81.0,3388.88,572.0,617.0,90.0,25611.152,90.508,4340.0,47.95,42548.874577035866,18.272050530115045
2802106,Estância,28,SE,Sergipe,Nordeste,66978.0,2126563.415,1789.0,2890.39,11662.0,13738.0,1881.0,439569.978,647.344,65078.0,100.53,31750.177894233926,26.7102630714563
2802205,Feira Nova,28,SE,Sergipe,Nordeste,6207.0,114918.377,101.0,2900.76,499.0,571.0,107.0,18727.463,183.273,5975.0,32.6,18514.318833574995,16.271951023038504
2802304,Frei Paulo,28,SE,Sergipe,Nordeste,14884.0,324740.673,353.0,2506.82,1971.0,2365.0,364.0,69307.31,399.178,14530.0,36.4,21818.10487772104,23.71674281107229
2802403,Gararu,28,SE,Sergipe,Nordeste,11301.0,179510.515,151.0,2734.53,732.0,858.0,155.0,28299.745,656.956,11096.0,16.89,15884.480576940094,13.361649411556499
2802502,General Maynard,28,SE,Sergipe,Nordeste,3111.0,43532.067,68.0,2730.07,281.0,331.0,69.0,19680.77,19.793,3037.0,153.44,13992.949855351977,21.85792349726776
2802601,Graccho Cardoso,28,SE,Sergipe,Nordeste,5979.0,100982.469,120.0,2377.94,445.0,552.0,130.0,18479.288,242.679,5834.0,24.04,16889.524836929253,20.07024586051179
2802700,Ilha das Flores,28,SE,Sergipe,Nordeste,8495.0,101814.795,134.0,2512.21,790.0,905.0,144.0,25056.143,52.693,8321.0,157.91,11985.261330194231,15.773984696880516
2802809,Indiaroba,28,SE,Sergipe,Nordeste,16949.0,229669.731,255.0,3424.42,1055.0,1304.0,258.0,61826.341,316.316,16549.0,52.32,13550.636084724763,15.045135406218655
2802908,Itabaiana,28,SE,Sergipe,Nordeste,108408.0,2213274.573,3568.0,2272.68,18977.0,23500.0,3754.0,601160.104,337.295,103440.0,306.68,20416.155385211423,32.91270016972917
2803005,Itabaianinha,28,SE,Sergipe,Nordeste,42114.0,535796.555,767.0,2623.64,3891.0,4759.0,796.0,131311.237,501.794,40678.0,81.07,12722.52825663675,18.2124709122857
2803104,Itabi,28,SE,Sergipe,Nordeste,4823.0,81127.364,102.0,2234.63,562.0,638.0,106.0,16790.71,183.422,4745.0,25.87,16820.933858594235,21.148662658096622
2803203,Itaporanga d'Ajuda,28,SE,Sergipe,Nordeste,35863.0,880245.443,552.0,2882.8,4170.0,4748.0,574.0,154410.033,739.702,34411.0,46.52,24544.668404762568,15.391908094693695
2803302,Japaratuba,28,SE,Sergipe,Nordeste,16472.0,527939.243,295.0,3548.9,3020.0,3310.0,309.0,117343.797,365.677,16209.0,44.33,32050.70683584264,17.909179213210297
2803401,Japoatã,28,SE,Sergipe,Nordeste,13707.0,210653.588,244.0,2644.23,1685.0,1909.0,252.0,57449.281,402.353,13407.0,33.32,15368.321879331728,17.80112351353323
2803500,Lagarto,28,SE,Sergipe,Nordeste,105558.0,1798319.172,2597.0,2736.06,15906.0,18955.0,2751.0,579139.914,968.921,101579.0,104.84,17036.31342011027,24.602588150590197
2803609,Laranjeiras,28,SE,Sergipe,Nordeste,24170.0,1162006.538,523.0,2788.39,6765.0,7216.0,537.0,230783.729,162.273,23975.0,147.74,48076.39793131982,21.638394704178733
2803708,Macambira,28,SE,Sergipe,Nordeste,7024.0,89534.571,152.0,2297.18,626.0,757.0,156.0,22204.622,137.496,6838.0,49.73,12746.949174259682,21.64009111617312
2803807,Malhada dos Bois,28,SE,Sergipe,Nordeste,3666.0,52759.619,104.0,2126.57,695.0,779.0,104.0,22879.915,63.199,3579.0,56.63,14391.603655210038,28.368794326241133
2803906,Malhador,28,SE,Sergipe,Nordeste,11728.0,173217.785,181.0,2384.52,970.0,1148.0,189.0,28484.149,101.888,11533.0,113.19,14769.592854706685,15.433151432469304
2804003,Maruim,28,SE,Sergipe,Nordeste,15975.0,448413.882,257.0,3052.79,1988.0,2224.0,271.0,79196.667,95.554,15719.0,164.5,28069.726572769952,16.087636932707355
2804102,Moita Bonita,28,SE,Sergipe,Nordeste,11288.0,206468.242,226.0,2737.99,686.0,931.0,236.0,33822.344,95.416,11050.0,115.81,18290.949858256554,20.021261516654857
2804201,Monte Alegre de Sergipe,28,SE,Sergipe,Nordeste,14732.0,218952.565,234.0,3261.48,1246.0,1474.0,243.0,51463.795,386.912,14336.0,37.05,14862.378835188705,15.883790388270432
2804300,Muribeca,28,SE,Sergipe,Nordeste,8033.0,96660.396,127.0,2586.32,1091.0,1187.0,131.0,36156.293,74.31,7822.0,105.26,12032.913730860202,15.809784638366738
2804409,Neópolis,28,SE,Sergipe,Nordeste,16558.0,330965.807,454.0,2415.9,2738.0,3224.0,475.0,90767.557,271.323,16426.0,60.54,19988.271953134437,27.418770382896483
2804458,Nossa Senhora Aparecida,28,SE,Sergipe,Nordeste,9496.0,109900.468,153.0,3007.95,537.0,666.0,161.0,23240.276,340.772,9232.0,27.09,11573.343302443134,16.112047177759056
2804508,Nossa Senhora da Glória,28,SE,Sergipe,Nordeste,43255.0,790790.161,1129.0,2609.22,6882.0,8143.0,1187.0,230107.452,758.429,41212.0,54.34,18282.052040226565,26.101028782799677
2804607,Nossa Senhora das Dores,28,SE,Sergipe,Nordeste,25537.0,415736.18,556.0,2314.2,3631.0,4233.0,585.0,115609.888,482.412,24996.0,51.81,16279.757998198693,21.772330344206445
2804706,Nossa Senhora de Lourdes,28,SE,Sergipe,Nordeste,6404.0,91164.828,134.0,2799.34,457.0,561.0,135.0,16088.653,83.767,6268.0,74.83,14235.607120549657,20.924422236102433
2804805,Nossa Senhora do Socorro,28,SE,Sergipe,Nordeste,202450.0,3232697.918,2906.0,2726.81,28508.0,31608.0,3078.0,994614.737,155.018,192330.0,1240.69,15967.883022968634,14.354161521363299
2804904,Pacatuba,28,SE,Sergipe,Nordeste,12709.0,236642.649,172.0,3003.26,1616.0,1770.0,176.0,62360.369,381.428,12502.0,32.78,18620.08411362027,13.533716264064836
2805000,Pedra Mole,28,SE,Sergipe,Nordeste,2818.0,48011.71,51.0,3223.47,266.0,293.0,53.0,14226.373,82.211,2778.0,33.79,17037.512420156138,18.09794180269695
2805109,Pedrinhas,28,SE,Sergipe,Nordeste,7416.0,98935.679,145.0,2508.96,606.0,736.0,149.0,27874.322,33.344,7396.0,221.81,13340.84128910464,19.552319309600865
2805208,Pinhão,28,SE,Sergipe,Nordeste,5769.0,91574.102,116.0,2940.51,476.0,580.0,118.0,19926.409,156.373,5677.0,36.3,15873.4792858381,20.107470965505286
2805307,Pirambu,28,SE,Sergipe,Nordeste,8037.0,137921.589,192.0,2883.64,1240.0,1414.0,203.0,48471.896,208.681,7913.0,37.92,17160.82978723404,23.889511011571482
2805406,Poço Redondo,28,SE,Sergipe,Nordeste,29117.0,416245.13,410.0,3237.9,1498.0,1955.0,424.0,62982.086,1220.426,33439.0,27.4,14295.604973039804,14.08112099460796
2805505,Poço Verde,28,SE,Sergipe,Nordeste,22214.0,322301.775,425.0,2522.68,2439.0,2891.0,455.0,85258.019,441.326,21794.0,49.38,14508.948185828756,19.132078869181598
2805604,Porto da Folha,28,SE,Sergipe,Nordeste,27350.0,366553.464,416.0,2586.65,2232.0,2656.0,430.0,73508.967,878.043,26576.0,30.27,13402.320438756855,15.210237659963438
2805703,Propriá,28,SE,Sergipe,Nordeste,27273.0,554299.192,872.0,2583.66,4046.0,4947.0,948.0,156530.066,96.32,26618.0,276.35,20324.10046566201,31.9730136031973
2805802,Riachão do Dantas,28,SE,Sergipe,Nordeste,18579.0,328904.479,218.0,3544.1,898.0,1108.0,223.0,47193.745,530.607,18313.0,34.51,17703.02379030088,11.733677808278163
2805901,Riachuelo,28,SE,Sergipe,Nordeste,8875.0,222400.947,145.0,2213.02,1379.0,1490.0,151.0,41393.805,78.308,8748.0,111.71,25059.261633802817,16.338028169014084
2806008,Ribeirópolis,28,SE,Sergipe,Nordeste,17362.0,339443.05,418.0,2414.11,2134.0,2588.0,437.0,68477.348,259.044,17033.0,65.75,19550.918672963944,24.075567330952655
2806107,Rosário do Catete,28,SE,Sergipe,Nordeste,9499.0,468956.06,222.0,4660.14,1991.0,2179.0,229.0,134156.646,102.683,9295.0,90.52,49368.992525529,23.370881145383727
2806206,Salgado,28,SE,Sergipe,Nordeste,20772.0,217519.174,399.0,2716.75,1415.0,1838.0,422.0,56989.754,247.579,20279.0,81.91,10471.749181590603,19.208549971114962
2806305,Santa Luzia do Itanhy,28,SE,Sergipe,Nordeste,13965.0,192689.917,160.0,2750.18,1540.0,1683.0,163.0,50844.197,325.258,13616.0,41.86,13798.060651629072,11.457214464733262
2806404,Santana do São Francisco,28,SE,Sergipe,Nordeste,7530.0,106772.621,136.0,2135.08,1058.0,1163.0,140.0,29111.915,44.017,7346.0,166.89,14179.630942895086,18.061088977423637
2806503,Santa Rosa de Lima,28,SE,Sergipe,Nordeste,4038.0,55083.536,71.0,2312.99,456.0,499.0,78.0,16255.198,67.672,3937.0,58.18,13641.291728578504,17.582961862308075
2806602,Santo Amaro das Brotas,28,SE,Sergipe,Nordeste,11297.0,167665.266,187.0,3154.1,992.0,1157.0,194.0,45920.063,236.965,11092.0,46.81,14841.574400283262,16.553067185978577
2806701,São Cristóvão,28,SE,Sergipe,Nordeste,100360.0,1031740.474,1771.0,4363.7,15331.0,17460.0,1832.0,858082.574,438.037,95612.0,218.27,10280.395316859307,17.646472698286168
2806800,São Domingos,28,SE,Sergipe,Nordeste,10550.0,135226.821,206.0,2847.22,827.0,1039.0,217.0,33478.65,101.999,10327.0,101.25,12817.708151658768,19.5260663507109
2806909,São Francisco,28,SE,Sergipe,Nordeste,3323.0,56033.562,73.0,2433.05,552.0,612.0,79.0,17236.243,83.985,3243.0,38.61,16862.34185976527,21.9681011134517
2807006,São Miguel do Aleixo,28,SE,Sergipe,Nordeste,3481.0,49842.493,67.0,2669.9,403.0,441.0,72.0,14991.049,144.868,3434.0,23.7,14318.440965239874,19.247342717609882
2807105,Simão Dias,28,SE,Sergipe,Nordeste,44285.0,790408.245,856.0,2366.0,5902.0,6840.0,914.0,188971.762,560.199,42578.0,76.01,17848.215987354633,19.32934402167777
2807204,Siriri,28,SE,Sergipe,Nordeste,7984.0,176735.571,119.0,3294.13,616.0,703.0,122.0,33961.276,168.343,7834.0,46.54,22136.21881262525,14.904809619238476
2807303,Telha,28,SE,Sergipe,Nordeste,3373.0,44121.433,73.0,1987.85,449.0,498.0,75.0,11552.965,47.86,3274.0,68.41,13080.76875185295,21.64245478802253
2807402,Tobias Barreto,28,SE,Sergipe,Nordeste,52613.0,655791.184,1510.0,2487.38,4945.0,6660.0,1596.0,158707.263,1024.645,50905.0,49.68,12464.43244065155,28.700131146294645
2807501,Tomar do Geru,28,SE,Sergipe,Nordeste,12145.0,146965.409,205.0,2865.99,734.0,945.0,213.0,32657.977,304.837,12012.0,39.4,12100.898229724166,16.8793742280774
2807600,Umbaúba,28,SE,Sergipe,Nordeste,24538.0,401569.249,537.0,2582.46,2390.0,2969.0,551.0,98476.09,117.514,23917.0,203.52,16365.198834460836,21.884424158448123
2900108,Abaíra,29,BA,Bahia,Nordeste,7452.0,70036.719,197.0,1882.05,475.0,679.0,203.0,12385.734,538.677,7301.0,13.55,9398.378824476651,26.435856146001072
2900207,Abaré,29,BA,Bahia,Nordeste,18240.0,208481.098,339.0,2446.63,1567.0,1880.0,346.0,58399.058,1604.923,17639.0,10.99,11429.88475877193,18.585526315789473
2900306,Acajutiba,29,BA,Bahia,Nordeste,14215.0,144340.89,269.0,2509.07,1561.0,1823.0,273.0,47914.108,181.475,13795.0,76.02,10154.125219838199,18.923672177277524
2900355,Adustina,29,BA,Bahia,Nordeste,14554.0,240507.055,345.0,2492.16,1164.0,1485.0,349.0,52786.486,629.099,14201.0,22.57,16525.151504740963,23.704823416242956
2900405,Água Fria,29,BA,Bahia,Nordeste,14871.0,158357.102,299.0,3515.04,994.0,1273.0,307.0,47519.207,742.775,14497.0,19.52,10648.719117745948,20.106247058032412
2900504,Érico Cardoso,29,BA,Bahia,Nordeste,10948.0,77947.069,150.0,1260.65,727.0,848.0,155.0,15871.191,735.249,10604.0,14.42,7119.754201680672,13.70113262696383
2900603,Aiquara,29,BA,Bahia,Nordeste,4586.0,53699.466,131.0,2761.29,497.0,600.0,133.0,19990.546,167.877,4447.0,26.49,11709.434365460096,28.56519843000436
2900702,Alagoinhas,29,BA,Bahia,Nordeste,160662.0,4533419.568,4937.0,2874.5,28075.0,33982.0,5226.0,1049751.414,707.835,151055.0,213.4,28217.12394965829,30.72910831434938
2900801,Alcobaça,29,BA,Bahia,Nordeste,25494.0,347521.385,578.0,2478.78,2447.0,2993.0,590.0,84014.615,1477.929,24530.0,16.6,13631.49701890641,22.6720012551973
2900900,Almadina,29,BA,Bahia,Nordeste,5327.0,62839.1,101.0,2835.78,426.0,520.0,103.0,19318.793,245.236,5218.0,21.28,11796.339403041111,18.96001501783368
2901007,Amargosa,29,BA,Bahia,Nordeste,38478.0,463245.567,916.0,2207.32,5157.0,6235.0,950.0,149130.391,431.655,36521.0,84.61,12039.23195072509,23.805811112843703
2901106,Amélia Rodrigues,29,BA,Bahia,Nordeste,24848.0,437827.407,561.0,2470.0,3057.0,3653.0,572.0,99909.013,166.872,24138.0,144.65,17620.22726175145,22.577269800386347
2901155,América Dourada,29,BA,Bahia,Nordeste,15583.0,167875.859,322.0,2699.11,644.0,967.0,325.0,31141.283,822.373,15137.0,18.41,10773.012834499134,20.66354360521081
2901205,Anagé,29,BA,Bahia,Nordeste,26715.0,224788.357,479.0,2008.39,2332.0,2830.0,489.0,61275.644,1899.683,25438.0,13.39,8414.312446191278,17.93000187160771
2901304,Andaraí,29,BA,Bahia,Nordeste,13531.0,134354.237,348.0,2496.71,1255.0,1583.0,355.0,45413.27,1590.316,13080.0,8.22,9929.36493976794,25.718719976350602
2901353,Andorinha,29,BA,Bahia,Nordeste,15485.0,223254.503,355.0,3333.29,2129.0,2443.0,359.0,112389.244,1362.386,15012.0,11.02,14417.468711656442,22.92541168873103
2901403,Angical,29,BA,Bahia,Nordeste,14178.0,190379.176,318.0,2771.26,1015.0,1338.0,324.0,36974.294,1530.05,13732.0,8.97,13427.787840315983,22.42911553110453
2901502,Anguera,29,BA,Bahia,Nordeste,11456.0,78771.04,178.0,1982.06,1547.0,1702.0,186.0,39434.583,187.84,11031.0,58.73,6875.963687150838,15.537709497206704
2901601,Antas,29,BA,Bahia,Nordeste,15061.0,160610.695,273.0,3096.99,1068.0,1337.0,280.0,45090.166,319.745,14206.0,44.43,10664.01268176084,18.126286435163667
2901700,Antônio Cardoso,29,BA,Bahia,Nordeste,11501.0,124245.921,153.0,2855.63,531.0,672.0,154.0,30392.022,293.53,11146.0,37.97,10803.053734457873,13.30319102686723
2901809,Antônio Gonçalves,29,BA,Bahia,Nordeste,11236.0,82589.056,239.0,1621.06,731.0,967.0,240.0,18492.693,345.284,10862.0,31.46,7350.39658241367,21.270914916340335
2901908,Aporá,29,BA,Bahia,Nordeste,16379.0,148459.991,310.0,2653.85,1509.0,1799.0,320.0,50312.771,479.262,15922.0,33.22,9064.044874534466,18.926674400146528
2901957,Apuarema,29,BA,Bahia,Nordeste,7114.0,74215.883,137.0,3738.01,526.0,639.0,140.0,29034.013,150.83,6913.0,45.83,10432.370396401462,19.25780151813326
2902005,Aracatu,29,BA,Bahia,Nordeste,14422.0,145622.002,301.0,1682.51,1226.0,1529.0,312.0,27584.058,1489.803,13936.0,9.35,10097.212730550547,20.870891693246428
2902054,Araçás,29,BA,Bahia,Nordeste,11946.0,298903.454,309.0,1750.06,1485.0,1774.0,320.0,34719.075,474.577,11557.0,24.35,25021.21664155366,25.86639879457559
2902104,Araci,29,BA,Bahia,Nordeste,50336.0,490958.077,1118.0,2929.8,4666.0,5868.0,1140.0,181893.789,1496.245,48294.0,32.28,9753.617232199618,22.210743801652892
2902203,Aramari,29,BA,Bahia,Nordeste,10122.0,103680.002,213.0,2113.93,974.0,1191.0,215.0,26013.341,368.947,9833.0,26.65,10243.035170914838,21.04327208061648
2902252,Arataca,29,BA,Bahia,Nordeste,10463.0,101344.436,145.0,1773.51,1095.0,1199.0,147.0,24494.97,435.962,10191.0,23.38,9685.982605371308,13.858358023511421
2902302,Aratuípe,29,BA,Bahia,Nordeste,8981.0,79991.847,151.0,2482.1,591.0,714.0,151.0,22847.827,174.012,8677.0,49.86,8906.786215343503,16.81327246409086
2902401,Aurelino Leal,29,BA,Bahia,Nordeste,11409.0,136886.378,184.0,2483.66,1365.0,1511.0,185.0,42315.07,445.394,11179.0,25.1,11998.104829520555,16.12761854676133
2902500,Baianópolis,29,BA,Bahia,Nordeste,14110.0,263674.989,306.0,2914.11,873.0,1177.0,311.0,42791.603,3320.723,13614.0,4.1,18687.10056697378,21.686746987951807
2902609,Baixa Grande,29,BA,Bahia,Nordeste,18680.0,194473.942,471.0,3157.05,882.0,1352.0,476.0,36812.714,967.514,18220.0,18.83,10410.810599571734,25.214132762312634
2902658,Banzaê,29,BA,Bahia,Nordeste,12309.0,113492.974,268.0,2920.67,1096.0,1332.0,271.0,40039.851,409.507,11958.0,29.2,9220.32447802421,21.77268665204322
2902708,Barra,29,BA,Bahia,Nordeste,53528.0,430282.251,850.0,3295.71,3110.0,4054.0,869.0,132085.504,11428.112,51092.0,4.47,8038.451856972052,15.879539680167388
2902807,Barra da Estiva,29,BA,Bahia,Nordeste,27582.0,376925.906,1210.0,2317.42,2399.0,3646.0,1226.0,85104.836,1657.413,26026.0,15.7,13665.648103835834,43.869190051482846
2902906,Barra do Choça,29,BA,Bahia,Nordeste,38481.0,573206.782,1076.0,2721.56,2381.0,3615.0,1099.0,84379.808,765.936,36539.0,47.71,14895.839037447051,27.96185130324056
2903003,Barra do Mendes,29,BA,Bahia,Nordeste,14345.0,115644.469,305.0,2209.78,832.0,1122.0,305.0,25133.96,1436.298,13836.0,9.63,8061.656953642384,21.26176368072499
2903102,Barra do Rocha,29,BA,Bahia,Nordeste,5920.0,77839.046,119.0,1860.76,907.0,1013.0,119.0,26097.442,214.411,5775.0,26.93,13148.4875,20.10135135135135
2903201,Barreiras,29,BA,Bahia,Nordeste,170667.0,7007583.279,8756.0,2951.2,35110.0,46172.0,9222.0,1401668.792,8051.274,159734.0,19.84,41059.978080120934,51.30458729572794
2903235,Barro Alto,29,BA,Bahia,Nordeste,13911.0,112747.118,241.0,2650.25,716.0,963.0,246.0,24662.662,414.51,13453.0,32.46,8104.8895118970595,17.324419524117605
2903276,Barrocas,29,BA,Bahia,Nordeste,15743.0,345869.49,406.0,4469.98,1876.0,2343.0,412.0,130541.769,207.297,15203.0,73.34,21969.731944356223,25.78923966207203
2903300,Barro Preto,29,BA,Bahia,Nordeste,5966.0,79870.302,134.0,2540.26,815.0,894.0,136.0,26383.341,201.585,5833.0,28.94,13387.579953067381,22.460610124036204
2903409,Belmonte,29,BA,Bahia,Nordeste,20567.0,373616.295,514.0,2355.17,2183.0,2731.0,529.0,69305.021,1939.447,20121.0,10.37,18165.813925220013,24.991491223805124
2903508,Belo Campo,29,BA,Bahia,Nordeste,19042.0,169333.707,321.0,1290.7,1220.0,1553.0,325.0,23686.951,772.756,18412.0,23.83,8892.642947169415,16.857472954521587
2903607,Biritinga,29,BA,Bahia,Nordeste,15606.0,145253.69,277.0,2256.16,1943.0,2252.0,281.0,58377.385,553.762,15146.0,27.35,9307.554145841343,17.74958349352813
2903706,Boa Nova,29,BA,Bahia,Nordeste,14052.0,111524.71,239.0,2608.4,1083.0,1296.0,246.0,38372.39,848.857,13690.0,16.13,7936.572018218048,17.008255052661543
2903805,Boa Vista do Tupim,29,BA,Bahia,Nordeste,17307.0,155182.102,283.0,2897.51,863.0,1133.0,289.0,38709.853,2972.109,16873.0,5.68,8966.435661870919,16.35176518171838
2903904,Bom Jesus da Lapa,29,BA,Bahia,Nordeste,68704.0,1357111.41,2398.0,2434.26,8433.0,11148.0,2491.0,305750.591,4115.51,65550.0,15.93,19753.018892640896,34.9033535165347
2903953,Bom Jesus da Serra,29,BA,Bahia,Nordeste,10028.0,69906.437,132.0,3009.52,430.0,536.0,133.0,19045.82,467.909,9730.0,20.79,6971.124551256482,13.16314319904268
2904001,Boninal,29,BA,Bahia,Nordeste,14104.0,117753.016,286.0,2433.96,1358.0,1648.0,288.0,41084.56,896.857,13622.0,15.19,8348.909245604083,20.27793533749291
2904050,Bonito,29,BA,Bahia,Nordeste,16393.0,270623.768,394.0,3083.97,796.0,1212.0,401.0,31716.506,791.276,15844.0,20.02,16508.49557738059,24.03464893552126
2904100,Boquira,29,BA,Bahia,Nordeste,19829.0,188737.454,424.0,789.31,1306.0,1725.0,433.0,13423.106,1426.233,19322.0,13.55,9518.253769731202,21.38282313782843
2904209,Botuporã,29,BA,Bahia,Nordeste,11411.0,109883.732,282.0,2777.03,702.0,971.0,283.0,24341.367,627.612,11024.0,17.56,9629.632109368153,24.71299623170625
2904308,Brejões,29,BA,Bahia,Nordeste,13272.0,144196.045,308.0,2183.53,871.0,1193.0,313.0,34093.209,518.566,12943.0,24.96,10864.680907172995,23.206751054852322
2904407,Brejolândia,29,BA,Bahia,Nordeste,9377.0,126160.936,162.0,1929.74,629.0,769.0,166.0,15799.027,2247.208,9108.0,4.05,13454.29625679855,17.276314386264264
2904506,Brotas de Macaúbas,29,BA,Bahia,Nordeste,12169.0,96352.323,286.0,3521.06,815.0,1076.0,292.0,37294.669,2520.817,11765.0,4.67,7917.850521817733,23.502342016599556
2904605,Brumado,29,BA,Bahia,Nordeste,74095.0,1781801.763,3273.0,2952.16,14307.0,18428.0,3454.0,581004.097,2207.612,70510.0,31.94,24047.53037316958,44.17302112153317
2904704,Buerarema,29,BA,Bahia,Nordeste,15056.0,209116.867,352.0,2413.87,1494.0,1860.0,362.0,47614.597,219.487,14804.0,67.45,13889.271187566419,23.379383634431456
2904753,Buritirama,29,BA,Bahia,Nordeste,20212.0,154804.668,328.0,2708.61,1019.0,1342.0,331.0,40478.899,4046.736,19589.0,4.84,7659.047496536711,16.22798337621215
2904803,Caatiba,29,BA,Bahia,Nordeste,6224.0,77335.558,139.0,1975.96,735.0,854.0,140.0,18776.791,512.436,6205.0,12.11,12425.37885604113,22.332904884318765
2904852,Cabaceiras do Paraguaçu,29,BA,Bahia,Nordeste,17039.0,141050.367,252.0,2898.28,1093.0,1348.0,255.0,53309.258,222.026,16559.0,74.58,8278.089500557544,14.789600328657786
2904902,Cachoeira,29,BA,Bahia,Nordeste,30550.0,479137.837,836.0,2181.95,3884.0,4761.0,874.0,114424.271,394.894,29250.0,74.07,15683.726252045826,27.364975450081833
2905008,Caculé,29,BA,Bahia,Nordeste,23246.0,363603.087,1057.0,2264.46,3929.0,5198.0,1085.0,119848.837,610.983,22462.0,36.76,15641.533468123549,45.470188419513036
2905107,Caém,29,BA,Bahia,Nordeste,10729.0,92224.07,218.0,2884.17,478.0,683.0,218.0,18646.276,540.908,10384.0,19.2,8595.775002330134,20.318762233199738
2905156,Caetanos,29,BA,Bahia,Nordeste,11500.0,102467.523,187.0,2236.41,578.0,772.0,191.0,19452.077,767.146,11266.0,14.69,8910.219391304348,16.26086956521739
2905206,Caetité,29,BA,Bahia,Nordeste,54572.0,1098343.675,2174.0,2736.73,7612.0,10191.0,2247.0,273350.368,2651.536,52012.0,19.62,20126.505808839698,39.837279190793815
2905305,Cafarnaum,29,BA,Bahia,Nordeste,18039.0,217329.401,504.0,2859.04,1257.0,1739.0,516.0,59752.638,643.66,17466.0,27.14,12047.75214812351,27.939464493597207
2905404,Cairu,29,BA,Bahia,Nordeste,18486.0,1508841.953,1172.0,2336.74,4143.0,5572.0,1234.0,121791.335,448.846,17761.0,39.57,81620.79157200044,63.39932922211403
2905503,Caldeirão Grande,29,BA,Bahia,Nordeste,13566.0,101885.428,242.0,2536.64,754.0,979.0,244.0,35932.369,458.311,13080.0,28.54,7510.351466902551,17.83871443314168
2905602,Camacan,29,BA,Bahia,Nordeste,22756.0,354111.339,782.0,2746.1,3260.0,4077.0,837.0,120367.672,584.848,22579.0,38.61,15561.229521884337,34.36456319212515
2905701,Camaçari,29,BA,Bahia,Nordeste,319394.0,33990889.95,10655.0,4317.21,77658.0,89650.0,11284.0,4481627.392,785.421,300372.0,382.43,106423.06978214996,33.36005059581583
2905800,Camamu,29,BA,Bahia,Nordeste,31775.0,468116.934,947.0,1121.27,3724.0,4726.0,972.0,54583.799,839.702,30469.0,36.29,14732.24025177026,29.80330448465775
2905909,Campo Alegre de Lourdes,29,BA,Bahia,Nordeste,32377.0,295119.14,637.0,2205.01,2031.0,2667.0,654.0,57983.443,2914.587,30671.0,10.52,9115.08601785218,19.674460265002935
2906006,Campo Formoso,29,BA,Bahia,Nordeste,74894.0,2072120.743,1952.0,3337.44,4991.0,7053.0,1996.0,241917.915,7161.827,71377.0,9.97,27667.37980345555,26.063503084359226
2906105,Canápolis,29,BA,Bahia,Nordeste,10612.0,84822.921,183.0,1713.21,843.0,1005.0,184.0,18720.519,460.388,10225.0,22.21,7993.113550697324,17.244628722201284
2906204,Canarana,29,BA,Bahia,Nordeste,24989.0,258494.023,544.0,2608.57,1398.0,1970.0,562.0,59924.849,579.726,24206.0,41.75,10344.312417463683,21.769578614590422
2906303,Canavieiras,29,BA,Bahia,Nordeste,34343.0,394907.243,878.0,2171.42,3044.0,3993.0,907.0,88701.828,1334.284,32683.0,24.49,11498.915150103368,25.56561744751478
2906402,Candeal,29,BA,Bahia,Nordeste,7969.0,67739.498,149.0,2719.36,530.0,650.0,149.0,21662.08,447.578,7772.0,17.36,8500.376207805246,18.697452628937132
2906501,Candeias,29,BA,Bahia,Nordeste,75083.0,6824935.046,2680.0,4079.8,17310.0,20166.0,2791.0,908695.878,251.808,72382.0,287.45,90898.53956288374,35.69383215907729
2906600,Candiba,29,BA,Bahia,Nordeste,13425.0,140512.987,316.0,2366.74,842.0,1167.0,317.0,25714.37,433.642,13016.0,30.02,10466.516722532588,23.538175046554937
2906709,Cândido Sales,29,BA,Bahia,Nordeste,26465.0,244447.967,463.0,2129.25,1343.0,1802.0,471.0,37864.323,1169.814,25247.0,21.58,9236.650935197431,17.494804458719063
2906808,Cansanção,29,BA,Bahia,Nordeste,39556.0,352264.826,801.0,2420.65,4772.0,5556.0,833.0,142879.828,1351.891,37439.0,27.69,8905.471382344018,20.249772474466578
2906824,Canudos,29,BA,Bahia,Nordeste,16662.0,152935.361,384.0,2385.63,935.0,1302.0,389.0,28069.981,3565.377,16105.0,4.52,9178.69169367423,23.04645300684192
2906857,Capela do Alto Alegre,29,BA,Bahia,Nordeste,11055.0,129341.543,281.0,2521.53,799.0,1062.0,284.0,26188.177,629.586,10744.0,17.07,11699.822976028947,25.41836273179557
2906873,Capim Grosso,29,BA,Bahia,Nordeste,35228.0,579389.688,1483.0,2211.0,6530.0,8136.0,1537.0,171064.178,464.776,33235.0,71.51,16446.851595321903,42.097195412739865
2906899,Caraíbas,29,BA,Bahia,Nordeste,10260.0,86125.164,157.0,1725.4,530.0,678.0,158.0,20060.711,805.629,9940.0,12.34,8394.265497076023,15.30214424951267
2906907,Caravelas,29,BA,Bahia,Nordeste,21229.0,357854.613,440.0,1813.74,2328.0,2791.0,455.0,59448.877,2377.889,20580.0,8.65,16856.87564181073,20.726364878232605
2907004,Cardeal da Silva,29,BA,Bahia,Nordeste,8634.0,117843.839,222.0,2685.2,742.0,930.0,229.0,28355.416,293.456,8365.0,28.51,13648.811558952977,25.71230020847811
2907103,Carinhanha,29,BA,Bahia,Nordeste,30375.0,288403.486,469.0,2759.55,1363.0,1844.0,487.0,51792.511,2525.906,28869.0,11.43,9494.764971193415,15.440329218106996
2907202,Casa Nova,29,BA,Bahia,Nordeste,75815.0,874879.232,1361.0,2118.7,11840.0,13240.0,1394.0,318133.652,9647.072,72086.0,7.47,11539.65880102882,17.951592692738902
2907301,Castro Alves,29,BA,Bahia,Nordeste,25471.0,316840.46,574.0,1773.67,3473.0,4055.0,593.0,89066.374,713.789,24712.0,34.62,12439.26269090338,22.535432452593145
2907400,Catolândia,29,BA,Bahia,Nordeste,3560.0,80904.042,128.0,2450.06,346.0,474.0,129.0,11590.816,702.504,3434.0,4.89,22725.854494382023,35.95505617977528
2907509,Catu,29,BA,Bahia,Nordeste,50153.0,695020.716,1591.0,4076.32,10304.0,12766.0,1660.0,530380.381,426.955,48148.0,112.77,13858.008813032122,31.72292784080713
2907558,Caturama,29,BA,Bahia,Nordeste,9115.0,78181.384,127.0,791.2,1280.0,1395.0,131.0,13016.668,716.261,8841.0,12.34,8577.22260010971,13.933077345035654
2907608,Central,29,BA,Bahia,Nordeste,16849.0,154454.399,332.0,2916.94,1056.0,1405.0,334.0,41245.771,566.974,16348.0,28.83,9166.97720932993,19.704433497536947
2907707,Chorrochó,29,BA,Bahia,Nordeste,10929.0,105377.296,191.0,2952.36,887.0,1043.0,200.0,33053.036,3005.319,10579.0,3.52,9641.98883703907,17.476438832464087
2907806,Cícero Dantas,29,BA,Bahia,Nordeste,32268.0,399479.828,872.0,2489.28,3262.0,4154.0,895.0,139676.039,819.969,30907.0,37.69,12380.06160902442,27.02367670757407
2907905,Cipó,29,BA,Bahia,Nordeste,17836.0,155099.909,441.0,2990.6,1504.0,1923.0,450.0,79345.774,168.33,17230.0,102.36,8695.890838753083,24.725274725274723
2908002,Coaraci,29,BA,Bahia,Nordeste,17663.0,190857.091,464.0,2214.7,1573.0,2084.0,472.0,47796.952,274.5,17333.0,63.14,10805.474211628829,26.269603125176925
2908101,Cocos,29,BA,Bahia,Nordeste,19817.0,559255.161,513.0,2876.61,3167.0,3673.0,526.0,115235.456,10140.572,19151.0,1.89,28220.980017156988,25.88686481303931
2908200,Conceição da Feira,29,BA,Bahia,Nordeste,21499.0,375844.599,653.0,2678.11,2706.0,3405.0,664.0,93173.54,164.798,20800.0,126.22,17481.95725382576,30.37350574445323
2908309,Conceição do Almeida,29,BA,Bahia,Nordeste,16184.0,200105.353,332.0,1988.58,1990.0,2327.0,337.0,62974.571,284.836,15794.0,55.45,12364.394031141868,20.51408798813643
2908408,Conceição do Coité,29,BA,Bahia,Nordeste,71316.0,883549.569,1949.0,2241.91,7712.0,10150.0,2012.0,221019.876,1015.252,67825.0,66.81,12389.21937573616,27.329070615289698
2908507,Conceição do Jacuípe,29,BA,Bahia,Nordeste,37409.0,2761494.696,2802.0,2425.7,12574.0,16154.0,2851.0,388270.593,114.869,35308.0,307.38,73818.99264882783,74.90176160816915
2908606,Conde,29,BA,Bahia,Nordeste,24434.0,288431.692,545.0,2809.57,1823.0,2398.0,565.0,68164.318,931.106,23654.0,25.4,11804.522059425391,22.304984857166243
2908705,Condeúba,29,BA,Bahia,Nordeste,17571.0,170758.268,392.0,2513.23,1490.0,1902.0,402.0,49092.23,1348.039,17053.0,12.65,9718.187240339195,22.309487223265606
2908804,Contendas do Sincorá,29,BA,Bahia,Nordeste,4490.0,50705.258,122.0,2529.43,342.0,429.0,124.0,11442.465,977.455,4333.0,4.43,11292.930512249442,27.171492204899778
2908903,Coração de Maria,29,BA,Bahia,Nordeste,28258.0,225909.027,685.0,2206.57,2773.0,3498.0,698.0,80655.27,378.42,26692.0,70.54,7994.515783141057,24.240922924481563
2909000,Cordeiros,29,BA,Bahia,Nordeste,7763.0,70615.999,190.0,2003.2,668.0,859.0,191.0,16905.444,523.64,7546.0,14.41,9096.4831894886,24.475074069303105
2909109,Coribe,29,BA,Bahia,Nordeste,14464.0,168998.983,369.0,2149.04,847.0,1192.0,379.0,23656.102,2662.819,13990.0,5.25,11684.111103429204,25.511615044247787
2909208,Coronel João Sá,29,BA,Bahia,Nordeste,17593.0,175063.321,268.0,1589.18,2787.0,3073.0,269.0,56489.622,797.434,17056.0,21.39,9950.737281873473,15.233331438640368
2909307,Correntina,29,BA,Bahia,Nordeste,34179.0,3280616.967,1258.0,3688.96,5112.0,6508.0,1305.0,279881.189,11504.314,32457.0,2.82,95983.40990081629,36.80622604523246
2909406,Cotegipe,29,BA,Bahia,Nordeste,13472.0,171260.553,286.0,2840.95,980.0,1255.0,289.0,38333.565,4282.775,13063.0,3.05,12712.333209619952,21.229216152019003
2909505,Cravolândia,29,BA,Bahia,Nordeste,4514.0,45855.921,104.0,2745.09,418.0,494.0,104.0,14696.274,182.585,4415.0,24.18,10158.600132919804,23.03943287549845
2909604,Crisópolis,29,BA,Bahia,Nordeste,20343.0,205808.587,326.0,2500.6,1820.0,2137.0,336.0,54587.092,636.609,19729.0,30.99,10116.92410165659,16.025168362581724
2909703,Cristópolis,29,BA,Bahia,Nordeste,14514.0,157828.802,262.0,3270.0,885.0,1185.0,267.0,36727.408,1052.837,13993.0,13.29,10874.24569381287,18.051536447567866
2909802,Cruz das Almas,29,BA,Bahia,Nordeste,63203.0,1041984.133,2567.0,3765.53,12385.0,15684.0,2643.0,614550.29,139.117,60348.0,433.79,16486.30813410756,40.61516067275288
2909901,Curaçá,29,BA,Bahia,Nordeste,36021.0,354901.487,768.0,3185.18,1993.0,2742.0,788.0,108765.751,5950.614,34180.0,5.74,9852.627272979651,21.32089614391605
2910008,Dário Meira,29,BA,Bahia,Nordeste,11094.0,126034.763,202.0,1969.25,1318.0,1494.0,204.0,36380.756,413.637,10820.0,26.16,11360.624031007752,18.20804038218857
2910057,Dias d'Ávila,29,BA,Bahia,Nordeste,75053.0,3052172.706,2357.0,2844.37,14045.0,16696.0,2435.0,522903.712,183.759,71485.0,389.01,40666.898138648685,31.404474171585413
2910107,Dom Basílio,29,BA,Bahia,Nordeste,12309.0,142114.382,313.0,2641.96,890.0,1186.0,321.0,31651.473,689.516,11884.0,17.24,11545.566821025266,25.42854821675197
2910206,Dom Macedo Costa,29,BA,Bahia,Nordeste,4588.0,43268.314,89.0,2179.28,459.0,545.0,89.0,12917.636,94.778,4407.0,46.5,9430.757192676547,19.398430688753272
2910305,Elísio Medrado,29,BA,Bahia,Nordeste,8066.0,76576.731,185.0,2292.43,572.0,745.0,187.0,23526.58,179.329,7808.0,43.54,9493.767790726506,22.93577981651376
2910404,Encruzilhada,29,BA,Bahia,Nordeste,19535.0,255982.486,385.0,1375.32,542.0,903.0,392.0,9593.275,1890.133,19107.0,10.11,13103.787356027642,19.708216022523676
2910503,Entre Rios,29,BA,Bahia,Nordeste,39902.0,680874.564,1270.0,2768.23,4232.0,5654.0,1320.0,160342.686,1187.766,38098.0,32.08,17063.670091724725,31.82797854744123
2910602,Esplanada,29,BA,Bahia,Nordeste,34146.0,731443.459,839.0,2278.12,5146.0,6062.0,856.0,160623.472,1299.355,32554.0,25.05,21421.058367012243,24.570959995314237
2910701,Euclides da Cunha,29,BA,Bahia,Nordeste,64547.0,794576.024,1562.0,3311.17,4266.0,6016.0,1611.0,201315.061,2025.368,61456.0,30.34,12310.038018808,24.199420577253786
2910727,Eunápolis,29,BA,Bahia,Nordeste,120515.0,3204764.489,5161.0,2883.67,24559.0,31040.0,5385.0,932845.105,1425.97,113710.0,79.74,26592.24568725885,42.82454466249015
2910750,Fátima,29,BA,Bahia,Nordeste,18469.0,279796.681,343.0,2954.2,1361.0,1661.0,347.0,51685.759,364.419,17895.0,49.11,15149.530618874871,18.571660620499216
2910776,Feira da Mata,29,BA,Bahia,Nordeste,5825.0,63005.594,138.0,2077.97,500.0,602.0,141.0,14579.504,1176.111,5631.0,4.79,10816.410987124464,23.69098712446352
2910800,Feira de Santana,29,BA,Bahia,Nordeste,657948.0,17287745.832,30423.0,2541.52,141854.0,180327.0,32407.0,4634944.151,1304.425,616272.0,472.45,26275.246420689782,46.23921647303434
2910859,Filadélfia,29,BA,Bahia,Nordeste,18573.0,139019.214,561.0,2535.03,1513.0,2049.0,564.0,61384.713,579.686,17897.0,30.87,7485.016637053788,30.20513648845098
2910909,Firmino Alves,29,BA,Bahia,Nordeste,5006.0,70961.224,116.0,1513.1,1091.0,1191.0,117.0,23065.835,172.353,4873.0,28.27,14175.234518577707,23.17219336795845
2911006,Floresta Azul,29,BA,Bahia,Nordeste,11442.0,101470.306,175.0,1094.68,1143.0,1299.0,182.0,15656.096,321.013,11059.0,34.45,8868.231602866632,15.294528928509003
2911105,Formosa do Rio Preto,29,BA,Bahia,Nordeste,27421.0,4609105.455,885.0,3582.65,3210.0,4286.0,908.0,148167.884,15634.328,25899.0,1.66,168086.70198023412,32.27453411618832
2911204,Gandu,29,BA,Bahia,Nordeste,33938.0,460710.116,1160.0,2412.59,3679.0,4999.0,1194.0,115604.682,229.661,32178.0,140.11,13575.052036065767,34.17997524898344
2911253,Gavião,29,BA,Bahia,Nordeste,4493.0,49891.62,111.0,2583.39,400.0,483.0,111.0,13304.65,384.592,4360.0,11.34,11104.300022256844,24.70509681727131
2911303,Gentio do Ouro,29,BA,Bahia,Nordeste,11263.0,133421.322,288.0,4347.37,2039.0,2213.0,292.0,91785.545,3817.946,10884.0,2.85,11845.984373612713,25.57045192222321
2911402,Glória,29,BA,Bahia,Nordeste,16072.0,254115.812,268.0,2924.83,865.0,1133.0,270.0,32665.739,1566.609,15524.0,9.91,15811.088352414137,16.674962667994027
2911501,Gongogi,29,BA,Bahia,Nordeste,5567.0,76383.694,136.0,2030.12,971.0,1055.0,136.0,24857.928,202.194,5555.0,27.47,13720.800071851985,24.429674869768277
2911600,Governador Mangabeira,29,BA,Bahia,Nordeste,21314.0,221824.172,563.0,2207.48,3054.0,3646.0,579.0,91746.537,106.848,20605.0,192.84,10407.439804823121,26.414563197898097
2911659,Guajeru,29,BA,Bahia,Nordeste,8225.0,68553.065,147.0,1424.25,1080.0,1212.0,150.0,20418.234,872.867,8050.0,9.22,8334.71914893617,17.872340425531917
2911709,Guanambi,29,BA,Bahia,Nordeste,93065.0,1652173.969,4908.0,2096.68,18555.0,24899.0,5085.0,496180.716,1272.366,87817.0,69.02,17752.90355128136,52.73733412131306
2911808,Guaratinga,29,BA,Bahia,Nordeste,19490.0,279298.061,374.0,2201.68,1435.0,1789.0,387.0,43007.708,2189.404,19049.0,8.7,14330.326372498717,19.189327860441253
2911857,Heliópolis,29,BA,Bahia,Nordeste,13074.0,140496.916,264.0,3152.63,948.0,1188.0,270.0,38475.492,313.438,12309.0,39.27,10746.283922288512,20.192748967416243
2911907,Iaçu,29,BA,Bahia,Nordeste,25333.0,236733.195,551.0,2460.53,2842.0,3382.0,565.0,90065.967,2342.497,24607.0,10.5,9344.854340188687,21.750286187976155
2912004,Ibiassucê,29,BA,Bahia,Nordeste,10754.0,98695.612,336.0,1895.94,921.0,1277.0,340.0,23109.916,483.274,10429.0,21.58,9177.572252185233,31.244188209038498
2912103,Ibicaraí,29,BA,Bahia,Nordeste,22200.0,206487.826,701.0,2454.91,2007.0,2770.0,713.0,66647.964,230.953,21665.0,93.81,9301.253423423423,31.576576576576574
2912202,Ibicoara,29,BA,Bahia,Nordeste,21690.0,442996.133,793.0,2502.7,3307.0,4140.0,806.0,118888.709,817.355,20785.0,25.43,20423.980313508528,36.56062701705856
2912301,Ibicuí,29,BA,Bahia,Nordeste,14306.0,196040.76,323.0,1621.25,1680.0,2040.0,329.0,39493.3,1139.378,13934.0,12.23,13703.394379980427,22.577939326156855
2912400,Ibipeba,29,BA,Bahia,Nordeste,17128.0,177642.709,299.0,2554.78,977.0,1274.0,306.0,35709.974,1382.008,16603.0,12.01,10371.479974311069,17.456795889771136
2912509,Ibipitanga,29,BA,Bahia,Nordeste,14316.0,117147.439,377.0,1566.24,1570.0,1964.0,381.0,30356.642,954.373,13863.0,14.53,8182.972827605477,26.334171556300642
2912608,Ibiquera,29,BA,Bahia,Nordeste,3837.0,37301.787,89.0,1923.57,230.0,300.0,90.0,9709.988,698.245,3725.0,5.33,9721.602032838155,23.195204586916862
2912707,Ibirapitanga,29,BA,Bahia,Nordeste,26794.0,285725.307,336.0,2173.28,1529.0,1854.0,342.0,46577.24,472.664,25344.0,53.62,10663.77946555199,12.54012092259461
2912806,Ibirapuã,29,BA,Bahia,Nordeste,9259.0,450753.904,219.0,2626.92,2158.0,2382.0,226.0,85022.694,771.098,8896.0,11.54,48682.784749973,23.652662274543687
2912905,Ibirataia,29,BA,Bahia,Nordeste,19375.0,206991.156,395.0,2336.3,1639.0,2037.0,404.0,53870.529,318.129,18792.0,59.07,10683.414503225806,20.38709677419355
2913002,Ibitiara,29,BA,Bahia,Nordeste,15062.0,113539.327,319.0,2547.4,1021.0,1326.0,327.0,25546.529,1834.002,14637.0,7.98,7538.130859115655,21.179126278050724
2913101,Ibititá,29,BA,Bahia,Nordeste,17509.0,155356.267,339.0,2161.67,619.0,975.0,343.0,21181.114,573.033,16969.0,29.61,8872.937746301903,19.36147124336056
2913200,Ibotirama,29,BA,Bahia,Nordeste,27670.0,415175.858,1149.0,3145.8,4681.0,6033.0,1182.0,169528.91,1740.113,26309.0,15.12,15004.548536320925,41.52511745572823
2913309,Ichu,29,BA,Bahia,Nordeste,6415.0,56325.859,164.0,2432.21,544.0,708.0,166.0,16909.361,138.016,6190.0,44.85,8780.336554949337,25.565081839438818
2913408,Igaporã,29,BA,Bahia,Nordeste,16047.0,198181.025,390.0,2228.57,829.0,1253.0,390.0,28961.816,836.586,15527.0,18.56,12350.035832242787,24.303608151056274
2913457,Igrapiúna,29,BA,Bahia,Nordeste,13528.0,211118.123,209.0,2712.53,1308.0,1498.0,209.0,52609.144,591.312,13151.0,22.24,15606.011457717326,15.44943820224719
2913507,Iguaí,29,BA,Bahia,Nordeste,21897.0,246106.57,451.0,2100.26,1904.0,2357.0,460.0,51256.904,860.223,21491.0,24.98,11239.28255012102,20.596428734529844
2913606,Ilhéus,29,BA,Bahia,Nordeste,189028.0,5165434.324,6421.0,2970.72,33034.0,40996.0,6932.0,1307516.817,1588.555,178649.0,112.46,27326.291999068922,33.968512601307744
2913705,Inhambupe,29,BA,Bahia,Nordeste,35397.0,625516.441,903.0,2669.42,2749.0,3748.0,920.0,107018.442,1082.283,33790.0,31.22,17671.45354126056,25.510636494618186
2913804,Ipecaetá,29,BA,Bahia,Nordeste,14064.0,105038.518,150.0,2105.1,1516.0,1630.0,151.0,41264.804,372.565,13709.0,36.8,7468.609072810012,10.66552901023891
2913903,Ipiaú,29,BA,Bahia,Nordeste,42507.0,567652.162,1825.0,2465.94,5446.0,7461.0,1882.0,178274.422,280.454,40706.0,145.14,13354.321923447902,42.93410497094597
2914000,Ipirá,29,BA,Bahia,Nordeste,59264.0,664073.768,1376.0,2413.53,5516.0,7042.0,1428.0,176273.469,3105.281,56876.0,18.32,11205.34840712743,23.218142548596113
2914109,Ipupiara,29,BA,Bahia,Nordeste,10318.0,100297.666,349.0,2461.31,958.0,1334.0,358.0,29599.157,1055.76,9935.0,9.41,9720.649932157396,33.82438457065322
2914208,Irajuba,29,BA,Bahia,Nordeste,6255.0,77968.46,148.0,2764.5,437.0,565.0,148.0,17226.767,459.047,6101.0,13.29,12464.981614708233,23.661071143085532
2914307,Iramaia,29,BA,Bahia,Nordeste,11060.0,102574.5,201.0,2572.46,622.0,802.0,204.0,26563.248,1708.115,10752.0,6.29,9274.367088607594,18.17359855334539
2914406,Iraquara,29,BA,Bahia,Nordeste,24759.0,897724.291,518.0,3669.2,1630.0,2214.0,526.0,76427.099,991.822,23879.0,24.08,36258.503614847126,20.92168504382245
2914505,Irará,29,BA,Bahia,Nordeste,29509.0,285797.274,718.0,1732.18,2922.0,3687.0,730.0,71576.518,267.88,28043.0,104.68,9685.088413704294,24.331559863092618
2914604,Irecê,29,BA,Bahia,Nordeste,78425.0,1531591.894,4320.0,2487.04,16471.0,21747.0,4513.0,538121.935,319.174,74507.0,233.44,19529.383410902137,55.08447561364361
2914653,Itabela,29,BA,Bahia,Nordeste,29563.0,513989.054,874.0,1528.58,3939.0,4884.0,894.0,77155.973,924.914,28165.0,30.45,17386.227852383046,29.563982004532694
2914703,Itaberaba,29,BA,Bahia,Nordeste,68244.0,995761.242,2280.0,2138.48,10942.0,13671.0,2365.0,345826.783,2386.39,65073.0,27.27,14591.191049762616,33.409530508176545
2914802,Itabuna,29,BA,Bahia,Nordeste,196676.0,4200886.994,9548.0,2621.63,40365.0,51965.0,10125.0,1407724.008,401.028,186708.0,465.57,21359.428674571376,48.54684862413309
2914901,Itacaré,29,BA,Bahia,Nordeste,29337.0,427089.995,1244.0,1988.0,5286.0,6699.0,1279.0,131427.072,726.265,27704.0,38.15,14558.066434877459,42.403790435286496
2915007,Itaeté,29,BA,Bahia,Nordeste,13822.0,126614.759,263.0,2901.24,591.0,836.0,268.0,37239.744,1331.822,13472.0,10.12,9160.379033424975,19.027637100274923
2915106,Itagi,29,BA,Bahia,Nordeste,14314.0,128429.463,240.0,2339.77,1119.0,1336.0,246.0,34081.348,310.621,13803.0,44.44,8972.297261422384,16.766801732569512
2915205,Itagibá,29,BA,Bahia,Nordeste,15792.0,1102618.488,360.0,3467.54,2577.0,2922.0,367.0,131010.399,810.993,15310.0,18.88,69821.33282674772,22.796352583586625
2915304,Itagimirim,29,BA,Bahia,Nordeste,6512.0,127477.598,238.0,2546.33,730.0,957.0,245.0,27516.935,876.8,6347.0,7.24,19575.79821867322,36.547911547911546
2915353,Itaguaçu da Bahia,29,BA,Bahia,Nordeste,12683.0,152645.862,684.0,1653.12,1663.0,4916.0,687.0,35292.346,4310.238,12311.0,2.86,12035.469683828747,53.930458093511
2915403,Itaju do Colônia,29,BA,Bahia,Nordeste,6157.0,89468.026,153.0,2380.37,529.0,673.0,158.0,18270.772,1225.287,6037.0,4.93,14531.107032645768,24.849764495695958
2915502,Itajuípe,29,BA,Bahia,Nordeste,19249.0,255369.353,413.0,2337.18,2027.0,2419.0,419.0,61899.418,270.752,18781.0,69.37,13266.629591147592,21.455660034287494
2915601,Itamaraju,29,BA,Bahia,Nordeste,62065.0,1109786.486,2053.0,2212.36,8457.0,10861.0,2115.0,234361.562,2360.584,59605.0,25.25,17881.035785064047,33.07822444211714
2915700,Itamari,29,BA,Bahia,Nordeste,7219.0,103342.802,132.0,2374.56,570.0,671.0,132.0,17803.221,143.479,7051.0,49.14,14315.390220252113,18.28508103615459
2915809,Itambé,29,BA,Bahia,Nordeste,25108.0,294534.299,430.0,2664.95,2256.0,2667.0,440.0,80298.21,1534.575,24394.0,15.9,11730.695356061813,17.126015612553765
2915908,Itanagra,29,BA,Bahia,Nordeste,6087.0,81828.586,224.0,2048.97,1257.0,1444.0,231.0,34801.879,533.634,5914.0,11.08,13443.171677345163,36.799737144734685
2916005,Itanhém,29,BA,Bahia,Nordeste,18258.0,293429.271,456.0,2681.32,1196.0,1706.0,468.0,40608.897,1394.174,17813.0,12.78,16071.27127834374,24.975353269799538
2916104,Itaparica,29,BA,Bahia,Nordeste,20369.0,246765.254,430.0,2337.92,1592.0,1988.0,432.0,77276.785,121.373,19789.0,163.04,12114.745642888704,21.11051107074476
2916203,Itapé,29,BA,Bahia,Nordeste,10658.0,106332.518,264.0,2506.02,859.0,1122.0,266.0,28376.972,453.144,10341.0,22.82,9976.779696003003,24.770125727153314
2916302,Itapebi,29,BA,Bahia,Nordeste,9501.0,335600.745,226.0,2005.04,1237.0,1441.0,232.0,31961.806,1013.074,9174.0,9.06,35322.67603410167,23.786969792653405
2916401,Itapetinga,29,BA,Bahia,Nordeste,68735.0,1466168.786,2318.0,2208.4,16083.0,18769.0,2420.0,477606.245,1651.158,65897.0,39.91,21330.745413544773,33.72372153924493
2916500,Itapicuru,29,BA,Bahia,Nordeste,33254.0,438659.815,490.0,2367.35,4032.0,4502.0,499.0,121200.977,1557.685,31679.0,20.34,13191.189480964696,14.735069465327479
2916609,Itapitanga,29,BA,Bahia,Nordeste,10630.0,94612.058,126.0,1085.23,1190.0,1280.0,127.0,16209.398,420.663,10279.0,24.44,8900.475823142051,11.853245531514581
2916708,Itaquara,29,BA,Bahia,Nordeste,8448.0,100679.075,108.0,1867.66,379.0,479.0,109.0,12472.426,344.093,8153.0,23.69,11917.504142992424,12.78409090909091
2916807,Itarantim,29,BA,Bahia,Nordeste,17517.0,330772.091,468.0,1843.8,2401.0,2879.0,480.0,58219.926,1674.029,17052.0,10.19,18882.918935890848,26.71690357938003
2916856,Itatim,29,BA,Bahia,Nordeste,16375.0,430368.69,562.0,2153.38,2781.0,3368.0,578.0,76974.016,547.51,15737.0,28.74,26282.05740458015,34.3206106870229
2916906,Itiruçu,29,BA,Bahia,Nordeste,11261.0,120555.966,277.0,2145.5,1024.0,1302.0,280.0,29234.816,322.243,10999.0,34.13,10705.618151141107,24.598170677559718
2917003,Itiúba,29,BA,Bahia,Nordeste,35491.0,351480.498,544.0,3274.52,1823.0,2362.0,557.0,110980.927,1650.593,33872.0,20.52,9903.36981206503,15.327829590600434
2917102,Itororó,29,BA,Bahia,Nordeste,16945.0,250715.086,556.0,2116.01,2455.0,3039.0,570.0,68969.227,313.839,16617.0,52.95,14795.815048686929,32.81203894954264
2917201,Ituaçu,29,BA,Bahia,Nordeste,18493.0,256553.803,480.0,2774.73,1213.0,1745.0,488.0,43128.92,1199.374,17914.0,14.94,13873.022386849078,25.955767046990754
2917300,Ituberá,29,BA,Bahia,Nordeste,22299.0,367366.711,738.0,2341.08,2526.0,3347.0,756.0,77607.839,415.428,21902.0,52.72,16474.58231310821,33.09565451365532
2917334,Iuiu,29,BA,Bahia,Nordeste,11532.0,133298.729,231.0,2337.47,731.0,946.0,234.0,22539.015,1525.142,11118.0,7.29,11559.029569892471,20.031217481789803
2917359,Jaborandi,29,BA,Bahia,Nordeste,9592.0,1344176.128,346.0,3489.71,2064.0,2441.0,376.0,90836.866,9955.113,9275.0,0.93,140135.1259382819,36.07172643869892
2917409,Jacaraci,29,BA,Bahia,Nordeste,14901.0,122733.957,251.0,1639.08,974.0,1217.0,260.0,20706.151,1332.42,14436.0,10.83,8236.62552848802,16.84450708006174
2917508,Jacobina,29,BA,Bahia,Nordeste,86649.0,1866381.69,3298.0,3630.98,11772.0,15686.0,3431.0,567561.046,2192.905,82590.0,37.66,21539.564103451856,38.061604865607215
2917607,Jaguaquara,29,BA,Bahia,Nordeste,47738.0,677732.009,1510.0,2350.07,5266.0,6980.0,1562.0,159660.103,924.512,45964.0,49.72,14196.908312036532,31.630985797477905
2917706,Jaguarari,29,BA,Bahia,Nordeste,34440.0,1197314.953,859.0,3875.24,5186.0,6045.0,889.0,311580.492,2466.009,32703.0,13.26,34765.2425377468,24.94192799070848
2917805,Jaguaripe,29,BA,Bahia,Nordeste,18300.0,206796.046,263.0,3258.41,1249.0,1522.0,266.0,54007.38,863.424,17659.0,20.45,11300.33038251366,14.371584699453551
2917904,Jandaíra,29,BA,Bahia,Nordeste,9535.0,168105.668,273.0,1407.45,1601.0,1900.0,276.0,27501.497,640.772,9285.0,14.49,17630.37944415312,28.63135815416885
2918001,Jequié,29,BA,Bahia,Nordeste,168733.0,3175606.984,5533.0,2474.7,26696.0,33495.0,5825.0,878583.902,2969.039,158813.0,53.49,18820.307728778604,32.791451583270614
2918100,Jeremoabo,29,BA,Bahia,Nordeste,39501.0,501168.694,746.0,3014.34,2424.0,3263.0,759.0,121499.164,4267.488,37626.0,8.82,12687.493835599098,18.885597832966255
2918209,Jiquiriçá,29,BA,Bahia,Nordeste,14066.0,150224.96,284.0,2120.14,1163.0,1434.0,287.0,30761.482,238.66,13629.0,57.11,10680.00568747334,20.19053035688895
2918308,Jitaúna,29,BA,Bahia,Nordeste,14815.0,175500.919,306.0,1414.64,1376.0,1699.0,312.0,33109.735,262.05,14355.0,54.78,11846.163955450556,20.654741815727302
2918357,João Dourado,29,BA,Bahia,Nordeste,25799.0,296791.84,687.0,2784.89,1331.0,2026.0,697.0,51057.255,913.258,24854.0,27.21,11504.005581611691,26.628939106166907
2918407,Juazeiro,29,BA,Bahia,Nordeste,254481.0,5182686.052,7780.0,2479.03,43338.0,52310.0,8182.0,1444323.046,6721.237,237821.0,35.38,20365.70923566003,30.572026988262383
2918456,Jucuruçu,29,BA,Bahia,Nordeste,9944.0,127605.021,144.0,2031.29,618.0,733.0,148.0,22460.814,1457.656,9655.0,6.62,12832.363334674175,14.481094127111826
2918506,Jussara,29,BA,Bahia,Nordeste,16956.0,113551.501,356.0,2436.63,783.0,1136.0,363.0,25063.418,1355.173,16354.0,12.07,6696.833038452465,20.995517810804436
2918555,Jussari,29,BA,Bahia,Nordeste,6059.0,71425.797,160.0,2021.45,853.0,987.0,163.0,21572.829,329.19,5888.0,17.89,11788.38042581284,26.406997854431424
2918605,Jussiape,29,BA,Bahia,Nordeste,7585.0,68637.1,153.0,2644.77,950.0,1090.0,156.0,24169.165,589.763,7379.0,12.51,9049.05735003296,20.171390903098217
2918704,Lafaiete Coutinho,29,BA,Bahia,Nordeste,4221.0,55228.295,126.0,1853.43,772.0,886.0,126.0,17871.189,498.11,4075.0,8.18,13084.173181710496,29.850746268656717
2918753,Lagoa Real,29,BA,Bahia,Nordeste,14546.0,119480.291,244.0,2061.72,845.0,1087.0,248.0,26688.203,912.222,14105.0,15.46,8213.96198267565,16.77437096108896
2918803,Laje,29,BA,Bahia,Nordeste,21704.0,292273.856,371.0,2388.82,2059.0,2428.0,378.0,63639.992,449.834,21052.0,46.8,13466.359012163657,17.093623295245116
2918902,Lajedão,29,BA,Bahia,Nordeste,3986.0,112925.176,112.0,1598.33,559.0,643.0,113.0,16355.816,624.353,3845.0,6.16,28330.45057701957,28.098344204716508
2919009,Lajedinho,29,BA,Bahia,Nordeste,3621.0,60929.234,92.0,2490.89,329.0,392.0,92.0,10640.589,846.728,3527.0,4.17,16826.631869649267,25.40734603700635
2919058,Lajedo do Tabocal,29,BA,Bahia,Nordeste,7702.0,78267.435,181.0,3265.25,482.0,636.0,181.0,21031.398,382.937,7494.0,19.57,10161.962477278628,23.500389509218387
2919108,Lamarão,29,BA,Bahia,Nordeste,9305.0,64992.206,136.0,2513.29,382.0,491.0,137.0,23615.922,189.257,9015.0,47.63,6984.654056958624,14.61579795808705
2919157,Lapão,29,BA,Bahia,Nordeste,26998.0,302184.363,667.0,2622.13,1708.0,2392.0,677.0,81212.92,642.882,25736.0,40.03,11192.84254389214,24.705533743240238
2919207,Lauro de Freitas,29,BA,Bahia,Nordeste,217960.0,7322788.256,18109.0,2425.43,117282.0,139842.0,18647.0,3980613.586,57.942,203331.0,3509.22,33596.93639199853,83.08405211965498
2919306,Lençóis,29,BA,Bahia,Nordeste,11170.0,170247.503,497.0,2846.51,1235.0,1801.0,507.0,46505.97,1283.328,10774.0,8.4,15241.495344673232,44.49418084153984
2919405,Licínio de Almeida,29,BA,Bahia,Nordeste,12208.0,157144.806,388.0,2197.19,1024.0,1432.0,411.0,28221.531,856.626,11834.0,13.81,12872.280963302752,31.782437745740502
2919504,Livramento de Nossa Senhora,29,BA,Bahia,Nordeste,46249.0,574693.079,1651.0,2526.21,4152.0,6144.0,1725.0,135378.804,1952.51,43903.0,22.49,12426.064974377825,35.698069147441025
2919553,Luís Eduardo Magalhães,29,BA,Bahia,Nordeste,116662.0,8833178.599,9564.0,2929.45,34461.0,46231.0,9879.0,1336908.412,4036.094,107909.0,26.74,75715.98805952238,81.98042207402582
2919603,Macajuba,29,BA,Bahia,Nordeste,10758.0,90666.233,180.0,3358.31,440.0,609.0,188.0,21220.005,701.171,10454.0,14.91,8427.796337609221,16.731734523145565
2919702,Macarani,29,BA,Bahia,Nordeste,22596.0,226871.918,319.0,2167.96,1959.0,2257.0,327.0,57134.473,1210.106,21599.0,17.85,10040.357496902107,14.117542927951849
2919801,Macaúbas,29,BA,Bahia,Nordeste,43725.0,430547.894,1061.0,2560.12,3160.0,4333.0,1082.0,107444.034,2459.102,41859.0,17.02,9846.721417953117,24.2652944539737
2919900,Macururé,29,BA,Bahia,Nordeste,7455.0,67455.388,177.0,1777.47,1068.0,1215.0,177.0,23458.375,2545.856,7256.0,2.85,9048.341784037559,23.74245472837022
2919926,Madre de Deus,29,BA,Bahia,Nordeste,19173.0,515753.054,623.0,4932.96,3654.0,4268.0,634.0,234687.572,32.201,18504.0,574.64,26899.966306785584,32.49361080686382
2919959,Maetinga,29,BA,Bahia,Nordeste,7212.0,50031.436,164.0,2270.09,422.0,576.0,168.0,17689.611,614.834,6973.0,11.34,6937.248474764282,22.73987798114254
2920007,Maiquinique,29,BA,Bahia,Nordeste,9011.0,204964.456,258.0,2541.84,1248.0,1487.0,264.0,43173.205,588.297,8731.0,14.84,22746.027743868606,28.631672400399513
2920106,Mairi,29,BA,Bahia,Nordeste,18161.0,158649.33,390.0,2479.52,1061.0,1461.0,391.0,39071.586,906.68,17674.0,19.49,8735.715544298222,21.47458840372226
2920205,Malhada,29,BA,Bahia,Nordeste,15834.0,187955.492,213.0,1135.82,820.0,1034.0,213.0,14511.645,1979.193,15398.0,7.78,11870.373373752684,13.452065176203106
2920304,Malhada de Pedras,29,BA,Bahia,Nordeste,8972.0,80500.863,216.0,2323.43,780.0,982.0,219.0,27714.543,550.55,8670.0,15.75,8972.454636647348,24.074899687917966
2920403,Manoel Vitorino,29,BA,Bahia,Nordeste,14295.0,139733.487,296.0,2906.79,854.0,1161.0,300.0,32532.255,2201.764,13860.0,6.29,9774.99034627492,20.706540748513465
2920452,Mansidão,29,BA,Bahia,Nordeste,14484.0,93634.642,244.0,3230.27,530.0,736.0,246.0,23218.662,3129.588,13919.0,4.45,6464.6949737641535,16.84617508975421
2920502,Maracás,29,BA,Bahia,Nordeste,29197.0,655864.918,1057.0,3522.09,3464.0,4611.0,1084.0,164737.743,2413.27,27620.0,11.45,22463.435215946844,36.20234955646128
2920601,Maragogipe,29,BA,Bahia,Nordeste,37225.0,402216.465,600.0,2570.41,2565.0,3179.0,615.0,121216.048,437.61,35859.0,81.94,10805.009133646743,16.118200134318332
2920700,Maraú,29,BA,Bahia,Nordeste,25626.0,343434.794,1018.0,2528.38,2247.0,3457.0,1042.0,78042.484,848.885,24527.0,28.89,13401.81042691017,39.72527901350191
2920809,Marcionílio Souza,29,BA,Bahia,Nordeste,9507.0,94273.352,209.0,2959.68,596.0,781.0,212.0,25104.324,1099.283,9267.0,8.43,9916.204060166194,21.983801409487747
2920908,Mascote,29,BA,Bahia,Nordeste,13941.0,161322.423,262.0,2870.42,1074.0,1286.0,271.0,43881.179,742.689,13544.0,18.24,11571.797073380676,18.793486837386126
2921005,Mata de São João,29,BA,Bahia,Nordeste,44839.0,1307567.229,1897.0,2965.01,16766.0,18904.0,2018.0,638161.821,605.168,42566.0,70.34,29161.3824795379,42.30692031490443
2921054,Matina,29,BA,Bahia,Nordeste,10629.0,91645.996,161.0,2036.96,802.0,956.0,162.0,22846.031,773.278,10330.0,13.36,8622.259478784457,15.147238686612098
2921104,Medeiros Neto,29,BA,Bahia,Nordeste,22925.0,514264.277,550.0,2546.63,3513.0,4117.0,567.0,140167.825,1311.739,22194.0,16.92,22432.465736095965,23.991275899672846
2921203,Miguel Calmon,29,BA,Bahia,Nordeste,25317.0,272751.442,574.0,2896.58,2002.0,2659.0,584.0,74590.29,1599.672,24661.0,15.42,10773.45032981791,22.67251254098037
2921302,Milagres,29,BA,Bahia,Nordeste,11434.0,144021.218,279.0,2154.57,1258.0,1536.0,286.0,36370.442,420.358,11071.0,26.34,12595.873535070841,24.400909567955225
2921401,Mirangaba,29,BA,Bahia,Nordeste,16185.0,141313.667,285.0,3342.87,947.0,1206.0,288.0,46567.071,1751.778,15734.0,8.98,8731.150262588817,17.608897126969417
2921450,Mirante,29,BA,Bahia,Nordeste,10523.0,78529.471,154.0,2534.37,626.0,770.0,154.0,20673.781,1172.86,10187.0,8.69,7462.650479901169,14.634609902119168
2921500,Monte Santo,29,BA,Bahia,Nordeste,49823.0,459587.202,862.0,1233.02,2641.0,3502.0,897.0,69157.692,3034.197,47780.0,15.75,9224.39841037272,17.30124641229954
2921609,Morpará,29,BA,Bahia,Nordeste,8232.0,78575.99,173.0,3091.68,596.0,751.0,174.0,23055.278,2093.872,7996.0,3.82,9545.188289601554,21.015549076773567
2921708,Morro do Chapéu,29,BA,Bahia,Nordeste,35224.0,626444.238,961.0,2740.97,2494.0,3484.0,980.0,100483.448,5744.969,33594.0,5.85,17784.58545310016,27.282534635475812
2921807,Mortugaba,29,BA,Bahia,Nordeste,11487.0,106586.873,356.0,2175.82,980.0,1332.0,361.0,26685.551,528.214,11143.0,21.1,9278.912945068338,30.9915556716288
2921906,Mucugê,29,BA,Bahia,Nordeste,12650.0,774984.078,494.0,2613.94,3732.0,4286.0,500.0,127071.805,2462.153,12137.0,4.93,61263.56347826087,39.051383399209485
2922003,Mucuri,29,BA,Bahia,Nordeste,40005.0,2213928.59,1376.0,3732.66,9557.0,11032.0,1447.0,469362.835,1787.626,37977.0,21.24,55341.29708786402,34.39570053743282
2922052,Mulungu do Morro,29,BA,Bahia,Nordeste,13625.0,212754.385,222.0,2617.79,947.0,1137.0,238.0,34493.713,646.621,13152.0,20.34,15615.000733944955,16.293577981651374
2922102,Mundo Novo,29,BA,Bahia,Nordeste,17417.0,198985.33,351.0,2056.03,1270.0,1624.0,357.0,34663.795,1491.99,17305.0,11.6,11424.776367916404,20.152724349773212
2922201,Muniz Ferreira,29,BA,Bahia,Nordeste,7443.0,66760.323,154.0,1780.1,697.0,830.0,155.0,18042.833,104.54,7190.0,68.78,8969.544941555825,20.690581754668816
2922250,Muquém do São Francisco,29,BA,Bahia,Nordeste,10796.0,210271.605,251.0,2823.3,989.0,1200.0,260.0,37785.947,3852.111,10443.0,2.71,19476.806687662098,23.24935161170804
2922300,Muritiba,29,BA,Bahia,Nordeste,30146.0,276521.966,799.0,2252.84,2745.0,3630.0,817.0,94851.654,86.311,28707.0,332.6,9172.75811052876,26.504345518476747
2922409,Mutuípe,29,BA,Bahia,Nordeste,20612.0,470758.29,473.0,2454.28,2965.0,3483.0,479.0,100446.747,275.854,20037.0,72.64,22839.03987968174,22.947797399573066
2922508,Nazaré,29,BA,Bahia,Nordeste,28403.0,330398.755,687.0,3124.77,2382.0,3139.0,713.0,128994.218,278.629,27060.0,97.12,11632.530190472837,24.187585818399462
2922607,Nilo Peçanha,29,BA,Bahia,Nordeste,12418.0,185841.836,241.0,2404.77,643.0,848.0,243.0,20107.431,388.936,12063.0,31.02,14965.520695764213,19.40731196650024
2922656,Nordestina,29,BA,Bahia,Nordeste,19500.0,160703.648,244.0,3162.31,805.0,1023.0,246.0,32491.277,465.407,18523.0,39.8,8241.212717948718,12.512820512820513
2922706,Nova Canaã,29,BA,Bahia,Nordeste,14035.0,174011.367,288.0,2206.46,1192.0,1501.0,290.0,41070.958,804.617,13715.0,17.05,12398.387388671179,20.52012825080157
2922730,Nova Fátima,29,BA,Bahia,Nordeste,8264.0,95116.243,286.0,2365.33,676.0,953.0,291.0,21113.094,346.784,7967.0,22.97,11509.709946757019,34.60793804453049
2922755,Nova Ibiá,29,BA,Bahia,Nordeste,6701.0,101835.051,131.0,2151.55,502.0,597.0,133.0,15826.621,203.198,6501.0,31.99,15196.993135352932,19.54932099686614
2922805,Nova Itarana,29,BA,Bahia,Nordeste,8059.0,73231.46,149.0,1948.05,544.0,666.0,149.0,21977.21,475.381,7780.0,16.37,9086.916490879761,18.48864623402407
2922854,Nova Redenção,29,BA,Bahia,Nordeste,7708.0,75482.213,168.0,2405.75,448.0,583.0,173.0,13876.317,565.356,7538.0,13.33,9792.710560456668,21.79553710430721
2922904,Nova Soure,29,BA,Bahia,Nordeste,24906.0,271385.396,450.0,2739.64,1734.0,2181.0,459.0,75652.936,966.993,24236.0,25.06,10896.386252308681,18.067935437244035
2923001,Nova Viçosa,29,BA,Bahia,Nordeste,41551.0,575878.974,1136.0,2394.74,5669.0,6965.0,1187.0,172779.982,1316.379,39509.0,30.01,13859.569541045943,27.339895550046933
2923035,Novo Horizonte,29,BA,Bahia,Nordeste,11565.0,105116.854,246.0,2353.4,1117.0,1346.0,250.0,32720.125,627.5,11162.0,17.79,9089.222135754431,21.27107652399481
2923050,Novo Triunfo,29,BA,Bahia,Nordeste,11197.0,103839.633,195.0,3314.82,962.0,1145.0,197.0,40288.145,278.487,10660.0,38.28,9273.879878538894,17.415379119406982
2923100,Olindina,29,BA,Bahia,Nordeste,23085.0,241904.724,408.0,2882.01,1425.0,1815.0,414.0,61184.779,637.317,22633.0,35.51,10478.870435347628,17.673814165042238
2923209,Oliveira dos Brejinhos,29,BA,Bahia,Nordeste,21334.0,291777.973,667.0,1712.96,1398.0,2113.0,673.0,33664.367,3313.418,20715.0,6.25,13676.665088590982,31.264647979750634
2923308,Ouriçangas,29,BA,Bahia,Nordeste,7939.0,80572.147,129.0,2348.71,750.0,867.0,130.0,24251.949,156.982,7716.0,49.15,10148.903766217407,16.248897846076332
2923357,Ourolândia,29,BA,Bahia,Nordeste,20037.0,279796.496,556.0,2671.08,1645.0,2241.0,570.0,56407.162,1544.988,19243.0,12.46,13963.99141588062,27.74866496980586
2923407,Palmas de Monte Alto,29,BA,Bahia,Nordeste,20677.0,237973.062,426.0,2456.99,1186.0,1630.0,432.0,39286.706,2560.027,20078.0,7.84,11509.0710451226,20.60260192484403
2923506,Palmeiras,29,BA,Bahia,Nordeste,10819.0,107771.653,362.0,2594.57,825.0,1231.0,362.0,28108.408,737.454,10339.0,14.02,9961.332193363527,33.45965431185876
2923605,Paramirim,29,BA,Bahia,Nordeste,21009.0,270521.752,1105.0,1922.97,2741.0,4160.0,1128.0,68464.796,1087.06,20351.0,18.72,12876.469703460421,52.59650625922224
2923704,Paratinga,29,BA,Bahia,Nordeste,30671.0,260302.103,606.0,2293.01,1956.0,2571.0,617.0,58935.253,2624.998,29252.0,11.14,8486.91281666721,19.75807766293893
2923803,Paripiranga,29,BA,Bahia,Nordeste,27866.0,454228.621,577.0,3360.68,1984.0,2559.0,605.0,92202.152,442.186,26604.0,60.16,16300.460094739108,20.70623699131558
2923902,Pau Brasil,29,BA,Bahia,Nordeste,9584.0,105693.515,214.0,3145.22,765.0,927.0,222.0,31436.259,626.306,9370.0,14.96,11028.121348080134,22.328881469115192
2924009,Paulo Afonso,29,BA,Bahia,Nordeste,119128.0,3964728.89,3309.0,2767.98,17500.0,21270.0,3545.0,638146.17,1544.388,112870.0,73.08,33281.251175206504,27.776845074205895
2924058,Pé de Serra,29,BA,Bahia,Nordeste,13675.0,131267.676,346.0,3097.21,1008.0,1372.0,346.0,45007.617,596.771,13243.0,22.19,9599.098793418647,25.30164533820841
2924108,Pedrão,29,BA,Bahia,Nordeste,6415.0,52230.026,143.0,2116.64,448.0,569.0,144.0,13588.674,158.488,6235.0,39.34,8141.859080280592,22.291504286827745
2924207,Pedro Alexandre,29,BA,Bahia,Nordeste,14288.0,119243.321,166.0,2666.67,790.0,930.0,169.0,34144.241,889.572,13954.0,15.69,8345.697158454648,11.618141097424413
2924306,Piatã,29,BA,Bahia,Nordeste,20859.0,242589.1,415.0,2393.41,1404.0,1851.0,424.0,49212.563,1825.857,20086.0,11.0,11629.94870319766,19.895488757850327
2924405,Pilão Arcado,29,BA,Bahia,Nordeste,37272.0,291130.78,576.0,2524.02,1756.0,2304.0,585.0,61181.725,11597.923,35357.0,3.05,7810.978214209058,15.453960077269802
2924504,Pindaí,29,BA,Bahia,Nordeste,15146.0,296448.545,361.0,1925.04,1138.0,1533.0,384.0,29322.388,628.468,14731.0,23.44,19572.728443153308,23.83467582199921
2924603,Pindobaçu,29,BA,Bahia,Nordeste,19625.0,156836.489,436.0,1530.85,1537.0,1980.0,442.0,35906.312,495.845,19083.0,38.49,7991.668229299363,22.216560509554142
2924652,Pintadas,29,BA,Bahia,Nordeste,10656.0,109215.668,259.0,3123.16,673.0,943.0,262.0,27378.103,647.144,10325.0,15.95,10249.218093093094,24.305555555555557
2924678,Piraí do Norte,29,BA,Bahia,Nordeste,11429.0,116890.746,138.0,1690.89,581.0,693.0,141.0,17611.181,193.427,10974.0,56.73,10227.55674162219,12.074547204479831
2924702,Piripá,29,BA,Bahia,Nordeste,9255.0,79283.314,225.0,2577.72,615.0,816.0,227.0,20429.901,511.756,9152.0,17.88,8566.53851971907,24.311183144246353
2924801,Piritiba,29,BA,Bahia,Nordeste,17838.0,187716.866,385.0,2493.6,1006.0,1397.0,391.0,32829.097,980.328,17566.0,17.92,10523.425608252046,21.58313712299585
2924900,Planaltino,29,BA,Bahia,Nordeste,8254.0,79136.412,180.0,2670.69,399.0,552.0,186.0,19213.154,955.454,8022.0,8.4,9587.643809062272,21.80760843227526
2925006,Planalto,29,BA,Bahia,Nordeste,24036.0,309692.462,469.0,2054.51,2244.0,2744.0,489.0,57557.082,769.0,23334.0,30.34,12884.525794641371,19.512398069562323
2925105,Poções,29,BA,Bahia,Nordeste,50642.0,572944.012,1189.0,2605.01,3744.0,5070.0,1227.0,128468.525,937.855,48293.0,51.49,11313.613443386912,23.478535602859285
2925204,Pojuca,29,BA,Bahia,Nordeste,33608.0,1843254.642,1054.0,3494.81,9376.0,10513.0,1095.0,417607.677,314.932,32136.0,102.04,54845.71060461795,31.361580576053324
2925253,Ponto Novo,29,BA,Bahia,Nordeste,18670.0,142450.028,341.0,3076.9,880.0,1190.0,353.0,36494.498,530.144,17938.0,33.84,7629.88901981789,18.264595607927156
2925303,Porto Seguro,29,BA,Bahia,Nordeste,181007.0,3775002.986,9850.0,2384.3,41476.0,53732.0,10304.0,1229606.682,2285.734,168326.0,73.64,20855.56351964289,54.41778494754347
2925402,Potiraguá,29,BA,Bahia,Nordeste,10636.0,114890.461,232.0,1180.16,993.0,1213.0,233.0,15094.018,1111.567,10274.0,9.24,10802.036573899963,21.81271154569387
2925501,Prado,29,BA,Bahia,Nordeste,37241.0,625402.518,1072.0,2535.54,3115.0,4353.0,1102.0,130505.507,1692.1,35003.0,20.69,16793.386804865604,28.785478370613035
2925600,Presidente Dutra,29,BA,Bahia,Nordeste,15650.0,132057.902,268.0,3026.73,509.0,781.0,272.0,19737.108,232.064,15130.0,65.2,8438.204600638977,17.124600638977636
2925709,Presidente Jânio Quadros,29,BA,Bahia,Nordeste,12986.0,100235.127,232.0,1712.14,830.0,1044.0,237.0,18965.935,1208.549,12621.0,10.44,7718.706838133375,17.865393500693052
2925758,Presidente Tancredo Neves,29,BA,Bahia,Nordeste,29343.0,337994.131,670.0,3231.71,1734.0,2440.0,687.0,76701.221,441.82,27734.0,62.77,11518.731247657022,22.833384452850765
2925808,Queimadas,29,BA,Bahia,Nordeste,27362.0,257594.736,613.0,3010.18,1537.0,2132.0,628.0,69784.662,2011.06,25988.0,12.92,9414.324099115562,22.403333089686427
2925907,Quijingue,29,BA,Bahia,Nordeste,26457.0,227708.365,329.0,3146.72,992.0,1318.0,337.0,39590.148,1380.798,25272.0,18.3,8606.734134633556,12.435272328684281
2925931,Quixabeira,29,BA,Bahia,Nordeste,9815.0,76980.332,203.0,2500.6,1268.0,1452.0,205.0,39860.129,366.387,9461.0,25.82,7843.131125827815,20.682628629648498
2925956,Rafael Jambeiro,29,BA,Bahia,Nordeste,20146.0,396592.665,324.0,1913.61,1384.0,1681.0,332.0,39444.811,1090.552,19662.0,18.03,19685.925990271022,16.082597041596344
2926004,Remanso,29,BA,Bahia,Nordeste,42746.0,486106.719,980.0,1891.98,3850.0,4899.0,1004.0,111339.279,4573.505,40586.0,8.87,11371.98144855659,22.926121742385252
2926103,Retirolândia,29,BA,Bahia,Nordeste,14147.0,149703.947,382.0,2038.17,1104.0,1478.0,386.0,42713.722,242.329,13651.0,56.33,10582.027779741287,27.00219127730261
2926202,Riachão das Neves,29,BA,Bahia,Nordeste,22323.0,1539858.671,461.0,2810.56,2112.0,2601.0,473.0,73108.775,5977.931,21642.0,3.62,68980.8122116203,20.651346145231376
2926301,Riachão do Jacuípe,29,BA,Bahia,Nordeste,35118.0,409526.624,1088.0,2504.54,3711.0,4942.0,1128.0,107914.475,1155.418,33386.0,28.9,11661.444957002108,30.98126316988439
2926400,Riacho de Santana,29,BA,Bahia,Nordeste,32103.0,317645.282,672.0,2199.5,2258.0,2998.0,693.0,76415.465,3183.911,30711.0,9.65,9894.566925209481,20.93262311933464
2926509,Ribeira do Amparo,29,BA,Bahia,Nordeste,14525.0,192311.456,176.0,2646.49,2206.0,2356.0,177.0,60926.811,644.229,13841.0,21.48,13240.03139414802,12.117039586919105
2926608,Ribeira do Pombal,29,BA,Bahia,Nordeste,56170.0,715512.208,1658.0,2651.16,5678.0,7467.0,1709.0,246934.571,1252.144,54010.0,43.13,12738.333772476411,29.51753605127292
2926657,Ribeirão do Largo,29,BA,Bahia,Nordeste,10039.0,110953.512,164.0,2615.68,630.0,777.0,166.0,21707.381,1363.7,9740.0,7.14,11052.247435003486,16.336288474947704
2926707,Rio de Contas,29,BA,Bahia,Nordeste,13627.0,155831.467,349.0,2047.59,811.0,1219.0,354.0,21412.305,1115.252,13184.0,11.82,11435.4932853893,25.61091949805533
2926806,Rio do Antônio,29,BA,Bahia,Nordeste,13520.0,115514.947,312.0,2937.3,686.0,996.0,323.0,26163.155,777.903,13146.0,16.9,8544.004955621302,23.076923076923077
2926905,Rio do Pires,29,BA,Bahia,Nordeste,10801.0,100333.281,303.0,1836.65,756.0,1083.0,305.0,18584.673,656.223,10497.0,16.0,9289.258494583835,28.05295805943894
2927002,Rio Real,29,BA,Bahia,Nordeste,36997.0,1030914.613,858.0,2335.23,3566.0,4435.0,890.0,122974.067,739.775,35362.0,47.8,27864.81641754737,23.19106954617942
2927101,Rodelas,29,BA,Bahia,Nordeste,10801.0,143383.123,226.0,1444.31,1469.0,1705.0,231.0,27447.706,2207.159,10308.0,4.67,13274.98592722896,20.92398851958152
2927200,Ruy Barbosa,29,BA,Bahia,Nordeste,29606.0,392237.614,683.0,2042.65,3712.0,4454.0,700.0,99466.443,1991.772,28282.0,14.2,13248.585219212322,23.06964804431534
2927309,Salinas da Margarida,29,BA,Bahia,Nordeste,15568.0,201345.116,286.0,2627.51,1252.0,1550.0,294.0,41052.409,150.569,14987.0,99.54,12933.26798561151,18.371017471736895
2927408,Salvador,29,BA,Bahia,Nordeste,2568928.0,62981325.915,110081.0,4178.17,830574.0,979773.0,117750.0,44601222.845,693.442,2417678.0,3486.49,24516.57886674909,42.85094794404514
2927507,Santa Bárbara,29,BA,Bahia,Nordeste,21723.0,180434.309,467.0,1468.98,1700.0,2204.0,477.0,35293.437,347.021,20952.0,60.38,8306.141370897205,21.497951479998157
2927606,Santa Brígida,29,BA,Bahia,Nordeste,15421.0,119246.262,208.0,2242.24,1026.0,1209.0,214.0,29248.499,934.461,14965.0,16.01,7732.719149212114,13.488100641981713
2927705,Santa Cruz Cabrália,29,BA,Bahia,Nordeste,30862.0,549712.599,1218.0,2421.31,5023.0,6423.0,1246.0,169656.446,1462.942,29185.0,19.95,17811.956418897025,39.466009979910574
2927804,Santa Cruz da Vitória,29,BA,Bahia,Nordeste,4721.0,71168.765,128.0,821.86,545.0,659.0,128.0,5806.006,284.083,4681.0,16.48,15074.934335945774,27.112899809362425
2927903,Santa Inês,29,BA,Bahia,Nordeste,10628.0,76084.975,171.0,2418.13,1044.0,1200.0,174.0,30468.78,379.27,10300.0,27.16,7158.917482122695,16.08957470831765
2928000,Santaluz,29,BA,Bahia,Nordeste,39922.0,521837.737,1119.0,2880.35,3858.0,5109.0,1155.0,147968.011,1623.445,37834.0,23.3,13071.432718801663,28.029657832773907
2928059,Santa Luzia,29,BA,Bahia,Nordeste,14377.0,124187.262,188.0,2983.18,704.0,877.0,190.0,37136.639,824.473,13896.0,16.85,8637.912081797314,13.076441538568547
2928109,Santa Maria da Vitória,29,BA,Bahia,Nordeste,40467.0,600084.818,1337.0,2459.24,4347.0,5832.0,1388.0,153919.463,1984.91,38604.0,19.45,14828.991968764672,33.039266562878396
2928208,Santana,29,BA,Bahia,Nordeste,25520.0,343471.421,598.0,2135.56,2648.0,3283.0,615.0,73925.281,1909.353,24755.0,12.97,13458.911481191222,23.432601880877744
2928307,Santanópolis,29,BA,Bahia,Nordeste,9023.0,68800.227,192.0,3018.07,555.0,741.0,193.0,21913.063,222.686,8716.0,39.14,7624.983597473124,21.278953784772252
2928406,Santa Rita de Cássia,29,BA,Bahia,Nordeste,28826.0,285735.891,603.0,3022.26,1452.0,2052.0,613.0,59594.566,6030.491,27390.0,4.54,9912.436376881982,20.91861513911053
2928505,Santa Terezinha,29,BA,Bahia,Nordeste,10847.0,101309.393,200.0,2090.17,1008.0,1212.0,202.0,29680.157,719.257,10441.0,14.52,9339.853692265142,18.43827786484742
2928604,Santo Amaro,29,BA,Bahia,Nordeste,58413.0,1137499.279,1262.0,2569.29,7353.0,8736.0,1308.0,276523.628,494.502,56012.0,113.27,19473.392549603683,21.604779757930597
2928703,Santo Antônio de Jesus,29,BA,Bahia,Nordeste,109267.0,2449482.451,4714.0,2293.68,26811.0,32841.0,4882.0,800512.095,261.74,103055.0,393.73,22417.403708347443,43.142028242744836
2928802,Santo Estêvão,29,BA,Bahia,Nordeste,54940.0,913473.457,1437.0,2151.06,10899.0,12430.0,1485.0,310917.973,360.334,52276.0,145.08,16626.746578085185,26.155806334182746
2928901,São Desidério,29,BA,Bahia,Nordeste,34783.0,5846223.785,1177.0,3397.38,4842.0,6243.0,1213.0,229716.041,15156.712,32828.0,2.17,168077.04295201678,33.83836931834517
2928950,São Domingos,29,BA,Bahia,Nordeste,8693.0,88332.832,320.0,1947.41,728.0,1060.0,336.0,23965.72,289.963,8426.0,29.06,10161.3748993443,36.81122742436443
2929008,São Félix,29,BA,Bahia,Nordeste,11198.0,172669.261,221.0,2505.77,983.0,1186.0,224.0,42583.114,103.226,11026.0,106.81,15419.651812823719,19.73566708340775
2929057,São Félix do Coribe,29,BA,Bahia,Nordeste,15740.0,238008.929,543.0,2284.46,1379.0,1995.0,553.0,43090.606,1751.671,15194.0,8.67,15121.278843710292,34.49809402795426
2929107,São Felipe,29,BA,Bahia,Nordeste,20918.0,211989.161,655.0,3017.46,1344.0,2144.0,666.0,53063.434,222.407,20283.0,91.2,10134.2939573573,31.312745004302514
2929206,São Francisco do Conde,29,BA,Bahia,Nordeste,40932.0,13095066.58,731.0,6003.24,7127.0,7796.0,752.0,681660.86,269.715,38733.0,143.61,319922.4709273918,17.85888791165836
2929255,São Gabriel,29,BA,Bahia,Nordeste,19210.0,152707.32,489.0,2482.29,1048.0,1544.0,501.0,47150.918,1146.054,18600.0,16.23,7949.36595523165,25.45549193128579
2929305,São Gonçalo dos Campos,29,BA,Bahia,Nordeste,41909.0,1156471.536,1279.0,2529.77,9041.0,10469.0,1317.0,299239.995,294.768,39513.0,134.05,27594.82535970794,30.518504378534445
2929354,São José da Vitória,29,BA,Bahia,Nordeste,5451.0,67106.899,102.0,2112.4,488.0,579.0,103.0,17042.175,127.925,5315.0,41.55,12310.933590166944,18.712162905888828
2929370,São José do Jacuípe,29,BA,Bahia,Nordeste,10556.0,126577.096,222.0,2305.79,1280.0,1470.0,227.0,34725.693,362.365,10187.0,28.11,11991.009473285336,21.03069344448655
2929404,São Miguel das Matas,29,BA,Bahia,Nordeste,10634.0,176577.603,165.0,2258.34,755.0,922.0,168.0,23716.308,230.906,10334.0,44.75,16605.003103253715,15.516268572503291
2929503,São Sebastião do Passé,29,BA,Bahia,Nordeste,42936.0,849766.492,918.0,2332.51,10594.0,11632.0,940.0,324523.058,536.678,40958.0,76.32,19791.468511272593,21.380659586361094
2929602,Sapeaçu,29,BA,Bahia,Nordeste,18609.0,213065.498,491.0,2079.92,2325.0,2829.0,502.0,67492.06,131.218,17963.0,136.89,11449.594174861626,26.38508248696867
2929701,Sátiro Dias,29,BA,Bahia,Nordeste,16485.0,257706.121,365.0,2657.2,2079.0,2448.0,369.0,67471.233,949.223,16008.0,16.86,15632.764391871398,22.141340612678192
2929750,Saubara,29,BA,Bahia,Nordeste,11842.0,146219.114,358.0,1684.87,1594.0,1985.0,363.0,34781.872,166.428,11438.0,68.73,12347.501604458706,30.23137983448742
2929800,Saúde,29,BA,Bahia,Nordeste,10715.0,102998.965,229.0,2377.31,644.0,856.0,235.0,22880.212,509.098,10478.0,20.58,9612.595893607093,21.371908539430702
2929909,Seabra,29,BA,Bahia,Nordeste,48530.0,625080.486,1664.0,2317.76,5945.0,7908.0,1694.0,182260.75,2402.17,46160.0,19.22,12880.290253451474,34.28806923552442
2930006,Sebastião Laranjeiras,29,BA,Bahia,Nordeste,9610.0,107168.399,185.0,2203.88,788.0,960.0,190.0,26815.908,1984.511,9360.0,4.72,11151.75848074922,19.250780437044746
2930105,Senhor do Bonfim,29,BA,Bahia,Nordeste,77976.0,997788.034,2962.0,2455.62,9203.0,12670.0,3051.0,291340.291,789.361,74523.0,94.41,12796.09154098697,37.98604698881707
2930154,Serra do Ramalho,29,BA,Bahia,Nordeste,36119.0,411278.669,635.0,2372.11,2166.0,2836.0,648.0,73554.641,2340.684,34222.0,14.62,11386.76787840195,17.58077466153548
2930204,Sento Sé,29,BA,Bahia,Nordeste,40147.0,1714710.739,645.0,3190.15,2802.0,3483.0,657.0,136237.05,11980.172,38154.0,3.18,42710.8062619872,16.06595760579869
2930303,Serra Dourada,29,BA,Bahia,Nordeste,17580.0,199802.106,342.0,2185.73,1411.0,1729.0,350.0,41085.091,1592.245,17066.0,10.72,11365.307508532424,19.453924914675767
2930402,Serra Preta,29,BA,Bahia,Nordeste,18685.0,138170.858,289.0,2393.43,1151.0,1422.0,291.0,39252.957,595.297,17996.0,30.23,7394.747551511908,15.466952100615467
2930501,Serrinha,29,BA,Bahia,Nordeste,84428.0,1085465.219,2797.0,2449.35,11390.0,14730.0,2895.0,374437.8,583.314,80435.0,137.89,12856.697055479224,33.1288198228076
2930600,Serrolândia,29,BA,Bahia,Nordeste,13831.0,118127.036,358.0,2537.11,996.0,1350.0,368.0,36159.955,322.022,13335.0,41.41,8540.744414720555,25.883884028631336
2930709,Simões Filho,29,BA,Bahia,Nordeste,120394.0,6340237.079,5541.0,2834.01,48180.0,54360.0,5740.0,1770517.235,201.528,114559.0,568.45,52662.40077578617,46.0238882336329
2930758,Sítio do Mato,29,BA,Bahia,Nordeste,13935.0,119915.707,212.0,2016.17,999.0,1168.0,216.0,27536.673,1627.806,13408.0,8.24,8605.361105130965,15.213491209185506
2930766,Sítio do Quinto,29,BA,Bahia,Nordeste,14359.0,103226.938,239.0,2826.44,572.0,781.0,241.0,31514.757,684.089,14773.0,21.6,7189.006058917752,16.6446131346194
2930774,Sobradinho,29,BA,Bahia,Nordeste,26959.0,842991.87,556.0,2882.73,3472.0,4018.0,568.0,123665.185,1355.972,25475.0,18.79,31269.404280574206,20.623910382432584
2930808,Souto Soares,29,BA,Bahia,Nordeste,17674.0,135851.075,243.0,3734.26,774.0,999.0,245.0,37062.945,1026.634,17054.0,16.61,7686.492870883784,13.749009844970011
2930907,Tabocas do Brejo Velho,29,BA,Bahia,Nordeste,12368.0,268070.508,271.0,2345.6,1022.0,1274.0,273.0,31097.11,1437.189,11979.0,8.34,21674.523609314358,21.91138421733506
2931004,Tanhaçu,29,BA,Bahia,Nordeste,21741.0,252998.731,684.0,2065.64,1506.0,2266.0,700.0,50057.822,1277.514,21006.0,16.44,11636.94084908698,31.461294328687732
2931053,Tanque Novo,29,BA,Bahia,Nordeste,17770.0,182571.852,673.0,1678.64,1345.0,2020.0,696.0,29069.483,729.516,17158.0,23.52,10274.161620709061,37.872819358469336
2931103,Tanquinho,29,BA,Bahia,Nordeste,7983.0,66751.666,225.0,1791.73,653.0,886.0,230.0,15076.541,243.839,7717.0,31.65,8361.726919704372,28.18489289740699
2931202,Taperoá,29,BA,Bahia,Nordeste,18571.0,221529.593,350.0,2955.61,1594.0,1933.0,352.0,64022.646,454.081,18044.0,39.74,11928.791825965214,18.846588767433094
2931301,Tapiramutá,29,BA,Bahia,Nordeste,16253.0,148710.307,311.0,2890.55,1316.0,1613.0,312.0,40598.388,714.691,15818.0,22.13,9149.714329662216,19.134928936196395
2931350,Teixeira de Freitas,29,BA,Bahia,Nordeste,153332.0,2875559.634,6145.0,2605.6,27344.0,35049.0,6408.0,956575.657,1165.622,145216.0,124.58,18753.81286359012,40.076435447264764
2931400,Teodoro Sampaio,29,BA,Bahia,Nordeste,7301.0,177343.261,144.0,2261.08,618.0,749.0,148.0,25956.71,244.613,7110.0,29.07,24290.269963018764,19.723325571839474
2931509,Teofilândia,29,BA,Bahia,Nordeste,21827.0,191244.409,385.0,3116.77,1115.0,1527.0,388.0,49030.477,351.892,21176.0,60.18,8761.827507215834,17.638704356989052
2931608,Teolândia,29,BA,Bahia,Nordeste,15919.0,216596.892,261.0,2798.97,1086.0,1317.0,263.0,39742.183,289.782,15332.0,52.91,13606.187072052264,16.395502230039575
2931707,Terra Nova,29,BA,Bahia,Nordeste,11035.0,170368.667,225.0,2253.07,1212.0,1402.0,229.0,54472.118,193.241,10798.0,55.88,15438.936746714997,20.389669234254644
2931806,Tremedal,29,BA,Bahia,Nordeste,16691.0,133571.391,245.0,2791.46,1036.0,1271.0,253.0,37007.485,2010.316,16296.0,8.11,8002.599664489845,14.678569288838297
2931905,Tucano,29,BA,Bahia,Nordeste,50959.0,544589.495,1126.0,3002.1,3742.0,5004.0,1153.0,156000.183,2198.237,48736.0,22.17,10686.816754645892,22.096194980278263
2932002,Uauá,29,BA,Bahia,Nordeste,25441.0,234752.044,603.0,1701.93,1932.0,2529.0,627.0,41791.535,3060.116,24665.0,8.06,9227.311976730474,23.70189851027868
2932101,Ubaíra,29,BA,Bahia,Nordeste,19162.0,228976.039,390.0,2525.13,3001.0,3426.0,396.0,97742.101,659.08,18626.0,28.26,11949.485387746581,20.3527815468114
2932200,Ubaitaba,29,BA,Bahia,Nordeste,17967.0,244474.941,650.0,2316.96,2661.0,3316.0,664.0,88004.714,181.102,17596.0,97.16,13606.887126398397,36.17743641119831
2932309,Ubatã,29,BA,Bahia,Nordeste,16097.0,223668.99,476.0,2550.65,1928.0,2357.0,491.0,60722.746,177.643,16094.0,90.6,13895.072994968006,29.570727464744984
2932408,Uibaí,29,BA,Bahia,Nordeste,13880.0,175916.249,266.0,2917.33,980.0,1237.0,272.0,35210.588,545.298,13432.0,24.63,12674.081340057637,19.164265129682995
2932457,Umburanas,29,BA,Bahia,Nordeste,13888.0,263227.509,339.0,2645.22,1373.0,1664.0,346.0,58646.821,1775.633,13642.0,7.68,18953.593677995395,24.409562211981566
2932507,Una,29,BA,Bahia,Nordeste,18403.0,333869.65,592.0,2788.14,3409.0,4007.0,613.0,128063.687,1126.733,18131.0,16.09,18142.13171765473,32.16866815193175
2932606,Urandi,29,BA,Bahia,Nordeste,15794.0,199656.309,445.0,2960.74,1734.0,2173.0,463.0,102459.494,902.402,15355.0,17.02,12641.275737621881,28.17525642649107
2932705,Uruçuca,29,BA,Bahia,Nordeste,22130.0,296010.635,672.0,2378.86,1418.0,2158.0,688.0,44411.415,510.098,21420.0,41.99,13375.98892905558,30.36601897876186
2932804,Utinga,29,BA,Bahia,Nordeste,16691.0,185676.462,480.0,2364.76,2503.0,2955.0,488.0,62920.077,633.76,16277.0,25.68,11124.346174585105,28.75801330058115
2932903,Valença,29,BA,Bahia,Nordeste,90028.0,1740628.987,2806.0,1975.22,15298.0,18774.0,2989.0,389506.738,1123.975,85655.0,76.21,19334.30696005687,31.16808104145377
2933000,Valente,29,BA,Bahia,Nordeste,25126.0,268417.804,1050.0,1766.84,3948.0,5142.0,1082.0,86968.556,394.877,24362.0,61.7,10682.870492716707,41.78938151715355
2933059,Várzea da Roça,29,BA,Bahia,Nordeste,14279.0,111965.066,271.0,2904.29,974.0,1243.0,276.0,35451.115,468.407,13800.0,29.46,7841.240002801316,18.97892009244345
2933109,Várzea do Poço,29,BA,Bahia,Nordeste,8344.0,116184.52,180.0,2320.5,1113.0,1274.0,189.0,26939.85,206.478,8101.0,39.23,13924.319271332693,21.572387344199424
2933158,Várzea Nova,29,BA,Bahia,Nordeste,13847.0,231719.282,296.0,2741.88,1017.0,1289.0,301.0,42015.15,1225.892,13377.0,10.91,16734.25882862714,21.376471437856576
2933174,Varzedo,29,BA,Bahia,Nordeste,10296.0,135058.638,203.0,2535.51,914.0,1123.0,204.0,31608.578,221.399,9913.0,44.77,13117.583333333334,19.716394716394717
2933208,Vera Cruz,29,BA,Bahia,Nordeste,44978.0,601815.994,1256.0,2317.32,4222.0,5556.0,1286.0,159427.931,297.537,42529.0,142.94,13380.23020143181,27.924763217573034
2933257,Vereda,29,BA,Bahia,Nordeste,6171.0,92690.066,108.0,2525.56,489.0,569.0,109.0,19091.317,782.159,6003.0,7.67,15020.266731485983,17.50121536217793
2933307,Vitória da Conquista,29,BA,Bahia,Nordeste,394024.0,8218063.44,17590.0,2571.43,86260.0,109607.0,18604.0,2860132.651,3254.186,370879.0,113.97,20856.758573081843,44.64195074411711
2933406,Wagner,29,BA,Bahia,Nordeste,9847.0,89462.421,257.0,2819.38,475.0,713.0,259.0,18229.177,522.37,9503.0,18.19,9085.246369452625,26.09931958972276
2933455,Wanderley,29,BA,Bahia,Nordeste,13436.0,167533.659,299.0,1673.6,981.0,1296.0,302.0,26605.486,2920.579,12968.0,4.44,12469.013024709735,22.253646918725813
2933505,Wenceslau Guimarães,29,BA,Bahia,Nordeste,25430.0,331450.842,353.0,2809.43,1432.0,1775.0,362.0,51367.837,655.057,24474.0,37.36,13033.851435312623,13.881242626818718
2933604,Xique-Xique,29,BA,Bahia,Nordeste,46979.0,460816.688,936.0,2134.55,3272.0,4303.0,964.0,101589.545,5079.662,44757.0,8.81,9808.993124587581,19.923795738521466
3100104,Abadia dos Dourados,31,MG,Minas Gerais,Sudeste,6365.0,176730.073,312.0,2038.86,1133.0,1495.0,316.0,30295.368,880.461,6272.0,7.12,27765.91877454831,49.01806755695208
3100203,Abaeté,31,MG,Minas Gerais,Sudeste,23161.0,541135.868,1312.0,2505.55,3894.0,5509.0,1379.0,130080.684,1817.067,22675.0,12.48,23364.097750528905,56.64694961357454
3100302,Abre Campo,31,MG,Minas Gerais,Sudeste,14312.0,262668.33,560.0,2255.15,1864.0,2549.0,579.0,56719.002,470.551,13927.0,29.6,18353.013555058693,39.128004471771945
3100401,Acaiaca,31,MG,Minas Gerais,Sudeste,3997.0,64892.356,120.0,2566.44,492.0,618.0,120.0,17661.4,101.886,3909.0,38.37,16235.265449086815,30.02251688766575
3100500,Açucena,31,MG,Minas Gerais,Sudeste,8995.0,165795.99,169.0,2232.92,555.0,713.0,173.0,16448.971,815.422,8943.0,10.97,18432.016675931074,18.78821567537521
3100609,Água Boa,31,MG,Minas Gerais,Sudeste,12545.0,192064.905,266.0,2389.25,1004.0,1267.0,269.0,31020.536,1320.344,12589.0,9.53,15310.076125946593,21.203666799521724
3100708,Água Comprida,31,MG,Minas Gerais,Sudeste,2165.0,230005.138,85.0,3975.05,228.0,300.0,87.0,11818.736,492.167,2108.0,4.28,106237.93903002309,39.260969976905315
3100807,Aguanil,31,MG,Minas Gerais,Sudeste,4490.0,94598.101,184.0,2295.82,802.0,997.0,185.0,23514.539,232.091,4357.0,18.77,21068.619376391984,40.97995545657015
3100906,Águas Formosas,31,MG,Minas Gerais,Sudeste,18841.0,287546.392,531.0,2515.36,2000.0,2581.0,543.0,66737.562,820.079,18448.0,22.5,15261.737275091557,28.18321745130301
3101003,Águas Vermelhas,31,MG,Minas Gerais,Sudeste,14486.0,236693.731,248.0,2140.06,1629.0,1869.0,278.0,45512.632,1256.607,14037.0,11.17,16339.481637443048,17.119977909705923
3101102,Aimorés,31,MG,Minas Gerais,Sudeste,26165.0,637982.739,785.0,2578.89,3425.0,4332.0,819.0,124811.393,1348.913,25269.0,18.73,24383.059010128032,30.001910949742022
3101201,Aiuruoca,31,MG,Minas Gerais,Sudeste,6382.0,128545.751,224.0,2452.79,1002.0,1244.0,234.0,31597.435,649.68,6233.0,9.59,20141.92275148856,35.098715136320905
3101300,Alagoa,31,MG,Minas Gerais,Sudeste,2816.0,47699.152,108.0,2634.42,393.0,510.0,110.0,13513.696,161.356,2749.0,17.04,16938.61931818182,38.35227272727273
3101409,Albertina,31,MG,Minas Gerais,Sudeste,3023.0,153934.928,119.0,2769.74,478.0,565.0,120.0,17879.087,58.01,2952.0,50.89,50921.24644392987,39.36486933509759
3101508,Além Paraíba,31,MG,Minas Gerais,Sudeste,31333.0,971558.229,3125.0,2334.12,5055.0,9487.0,3170.0,161398.744,510.25,30717.0,60.2,31007.50738837647,99.73510356493153
3101607,Alfenas,31,MG,Minas Gerais,Sudeste,81950.0,3486906.669,4748.0,3261.58,22640.0,29037.0,4962.0,992871.906,850.446,78970.0,92.86,42549.19669310555,57.93776693105552
3101631,Alfredo Vasconcelos,31,MG,Minas Gerais,Sudeste,7184.0,150571.429,208.0,2667.66,856.0,1124.0,209.0,29290.747,130.815,6931.0,52.98,20959.274638084633,28.953229398663698
3101706,Almenara,31,MG,Minas Gerais,Sudeste,41894.0,674814.982,1502.0,2575.37,6549.0,8248.0,1556.0,212158.197,2294.426,40364.0,17.59,16107.676087267866,35.85238936363203
3101805,Alpercata,31,MG,Minas Gerais,Sudeste,7029.0,94681.749,266.0,2065.07,748.0,1015.0,268.0,24230.355,166.972,6903.0,41.34,13470.159197609903,37.84322094181249
3101904,Alpinópolis,31,MG,Minas Gerais,Sudeste,18672.0,524181.772,910.0,2640.08,2517.0,3643.0,937.0,90145.952,460.685,18300.0,39.72,28073.145458440446,48.73607540702656
3102001,Alterosa,31,MG,Minas Gerais,Sudeste,14253.0,296492.03,480.0,2501.55,1668.0,2228.0,487.0,55958.007,362.01,13915.0,38.44,20802.078860590755,33.677120606188176
3102050,Alto Caparaó,31,MG,Minas Gerais,Sudeste,5982.0,97092.315,225.0,2754.8,620.0,852.0,232.0,22353.027,103.69,5795.0,55.89,16230.744734202608,37.61283851554664
3102100,Alto Rio Doce,31,MG,Minas Gerais,Sudeste,10994.0,180094.627,307.0,2389.94,815.0,1151.0,313.0,25737.753,518.053,10891.0,21.02,16381.174004002183,27.924322357649626
3102209,Alvarenga,31,MG,Minas Gerais,Sudeste,4012.0,54645.245,106.0,2226.27,476.0,563.0,109.0,13945.489,278.175,3975.0,14.29,13620.449900299103,26.42073778664008
3102308,Alvinópolis,31,MG,Minas Gerais,Sudeste,15360.0,340110.153,536.0,2502.83,2604.0,3217.0,551.0,86091.341,599.443,15059.0,25.12,22142.5880859375,34.895833333333336
3102407,Alvorada de Minas,31,MG,Minas Gerais,Sudeste,4322.0,64841.285,108.0,3720.77,602.0,689.0,111.0,28680.023,374.008,4159.0,11.12,15002.611059694585,24.988431281813973
3102506,Amparo do Serra,31,MG,Minas Gerais,Sudeste,4595.0,55909.591,116.0,1792.11,399.0,502.0,118.0,10389.957,136.186,4541.0,33.34,12167.48443960827,25.244831338411316
3102605,Andradas,31,MG,Minas Gerais,Sudeste,42282.0,1183259.133,2065.0,2726.53,9193.0,12030.0,2181.0,325549.997,469.396,40553.0,86.39,27984.937633035333,48.83874934960503
3102704,Cachoeira de Pajeú,31,MG,Minas Gerais,Sudeste,9333.0,125619.851,206.0,2121.63,806.0,988.0,211.0,22334.172,695.672,9110.0,13.1,13459.750455373407,22.07221686488803
3102803,Andrelândia,31,MG,Minas Gerais,Sudeste,12169.0,292393.578,488.0,2421.62,1705.0,2261.0,524.0,51779.631,1005.285,11927.0,11.86,24027.74081682965,40.10189826608595
3102852,Angelândia,31,MG,Minas Gerais,Sudeste,7860.0,144549.106,197.0,2691.61,796.0,1001.0,198.0,31541.118,185.211,7718.0,41.67,18390.471501272266,25.06361323155216
3102902,Antônio Carlos,31,MG,Minas Gerais,Sudeste,11345.0,242348.277,290.0,2654.01,1608.0,1982.0,297.0,54922.494,529.915,11095.0,20.94,21361.681533715295,25.561921551344206
3103009,Antônio Dias,31,MG,Minas Gerais,Sudeste,9388.0,894601.229,299.0,3341.73,2774.0,3075.0,321.0,120785.869,787.061,9219.0,11.71,95291.99286322965,31.849169152109074
3103108,Antônio Prado de Minas,31,MG,Minas Gerais,Sudeste,1558.0,28555.65,58.0,2656.05,258.0,305.0,59.0,9913.856,83.802,1538.0,18.35,18328.401797175866,37.22721437740693
3103207,Araçaí,31,MG,Minas Gerais,Sudeste,2224.0,60662.309,78.0,2922.54,438.0,514.0,79.0,17940.321,187.538,2181.0,11.63,27276.218075539568,35.07194244604316
3103306,Aracitaba,31,MG,Minas Gerais,Sudeste,2095.0,31370.762,57.0,2517.11,222.0,271.0,60.0,7160.649,106.608,2049.0,19.22,14974.110739856802,27.20763723150358
3103405,Araçuaí,31,MG,Minas Gerais,Sudeste,35250.0,519973.761,1335.0,2546.61,5463.0,7021.0,1377.0,186403.32,2236.279,34297.0,15.34,14751.028680851065,37.87234042553191
3103504,Araguari,31,MG,Minas Gerais,Sudeste,122874.0,5836329.304,6132.0,3091.83,28033.0,35997.0,6400.0,1119913.972,2729.777,117808.0,43.16,47498.48872829077,49.90478050686069
3103603,Arantina,31,MG,Minas Gerais,Sudeste,2991.0,88536.227,119.0,2144.92,470.0,576.0,125.0,12979.16,89.42,2915.0,32.6,29600.87830157138,39.78602474088933
3103702,Araponga,31,MG,Minas Gerais,Sudeste,8218.0,122267.339,170.0,2516.76,532.0,696.0,174.0,16756.137,303.793,8048.0,26.49,14877.992090532976,20.68629836943295
3103751,Araporã,31,MG,Minas Gerais,Sudeste,8935.0,1294623.562,404.0,3605.53,3267.0,3674.0,414.0,155090.924,294.354,8479.0,28.81,144893.5156127588,45.21544487968662
3103801,Arapuá,31,MG,Minas Gerais,Sudeste,2674.0,172745.24,125.0,3392.59,697.0,825.0,127.0,30880.092,173.894,2631.0,15.13,64601.810022438294,46.74644727000748
3103900,Araújos,31,MG,Minas Gerais,Sudeste,9556.0,474403.537,550.0,2302.42,1617.0,2274.0,567.0,50600.401,245.522,9199.0,37.47,49644.57272917539,57.5554625366262
3104007,Araxá,31,MG,Minas Gerais,Sudeste,117677.0,8950199.701,5876.0,3633.77,31415.0,39248.0,6178.0,1511752.71,1164.062,111691.0,95.95,76057.34086524979,49.93329197719181
3104106,Arceburgo,31,MG,Minas Gerais,Sudeste,9348.0,346405.109,407.0,3074.9,2089.0,2537.0,414.0,86479.61,162.875,9177.0,56.34,37056.601305092,43.53872486093282
3104205,Arcos,31,MG,Minas Gerais,Sudeste,43348.0,2345874.338,3365.0,3141.06,13853.0,18369.0,3454.0,579394.618,509.873,41416.0,81.23,54117.24504014026,77.62757220633017
3104304,Areado,31,MG,Minas Gerais,Sudeste,14212.0,309330.041,710.0,2893.12,1719.0,2577.0,738.0,66901.231,283.124,13881.0,49.03,21765.412397973545,49.95778215592457
3104403,Argirita,31,MG,Minas Gerais,Sudeste,2725.0,40066.896,121.0,2208.17,376.0,497.0,121.0,11941.8,159.378,2688.0,16.87,14703.448073394495,44.40366972477064
3104452,Aricanduva,31,MG,Minas Gerais,Sudeste,4820.0,67088.495,113.0,2371.65,435.0,539.0,113.0,15634.941,243.329,4719.0,19.39,13918.774896265559,23.443983402489625
3104502,Arinos,31,MG,Minas Gerais,Sudeste,17598.0,318814.801,822.0,2780.92,2345.0,3413.0,853.0,104662.338,5279.419,17272.0,3.27,18116.536026821228,46.70985339243096
3104601,Astolfo Dutra,31,MG,Minas Gerais,Sudeste,14565.0,291865.542,745.0,2301.89,3329.0,4234.0,766.0,103627.976,158.891,14138.0,88.98,20038.828836251287,51.15001716443529
3104700,Ataléia,31,MG,Minas Gerais,Sudeste,13967.0,198960.488,326.0,2453.86,886.0,1199.0,338.0,35539.98,1836.925,13736.0,7.48,14245.04102527386,23.340731724779836
3104809,Augusto de Lima,31,MG,Minas Gerais,Sudeste,4593.0,89054.488,176.0,2321.1,702.0,863.0,185.0,22392.325,1254.832,4538.0,3.62,19389.17657304594,38.31918136294361
3104908,Baependi,31,MG,Minas Gerais,Sudeste,18768.0,380866.399,947.0,2390.77,3417.0,4568.0,980.0,108958.629,750.554,18366.0,24.47,20293.392956095482,50.45822676896846
3105004,Baldim,31,MG,Minas Gerais,Sudeste,7614.0,201271.578,301.0,2184.55,928.0,1274.0,312.0,26136.605,556.266,7492.0,13.47,26434.40740740741,39.5324402416601
3105103,Bambuí,31,MG,Minas Gerais,Sudeste,24144.0,779906.39,1071.0,2878.31,3858.0,5209.0,1115.0,161828.29,1455.819,23546.0,16.17,32302.285868124585,44.358846918489064
3105202,Bandeira,31,MG,Minas Gerais,Sudeste,4821.0,59093.101,101.0,2149.37,365.0,441.0,102.0,10774.945,483.789,4741.0,9.8,12257.436423978428,20.95001037129226
3105301,Bandeira do Sul,31,MG,Minas Gerais,Sudeste,6146.0,86571.538,243.0,2252.92,898.0,1159.0,250.0,27690.555,47.266,5943.0,125.74,14085.834363813863,39.5379108363163
3105400,Barão de Cocais,31,MG,Minas Gerais,Sudeste,32095.0,2438852.091,1283.0,3239.5,8403.0,9960.0,1328.0,365326.187,340.14,30778.0,90.49,75988.53687490264,39.97507399906527
3105509,Barão do Monte Alto,31,MG,Minas Gerais,Sudeste,4991.0,63070.684,135.0,2220.7,451.0,590.0,137.0,14670.707,198.313,4964.0,25.03,12636.883189741535,27.048687637747946
3105608,Barbacena,31,MG,Minas Gerais,Sudeste,129630.0,3521229.065,4996.0,2565.06,28659.0,35149.0,5274.0,942022.051,759.186,125317.0,165.07,27163.689462315822,38.54046131296768
3105707,Barra Longa,31,MG,Minas Gerais,Sudeste,5740.0,81928.238,182.0,2815.74,464.0,638.0,184.0,19938.159,383.628,5666.0,14.77,14273.21219512195,31.70731707317073
3105905,Barroso,31,MG,Minas Gerais,Sudeste,20566.0,608479.713,757.0,2534.18,3744.0,4635.0,792.0,123644.959,82.07,20080.0,244.67,29586.68253427988,36.80832441894389
3106002,Bela Vista de Minas,31,MG,Minas Gerais,Sudeste,10412.0,568233.696,276.0,3272.51,1543.0,1827.0,282.0,65871.398,109.143,10167.0,93.15,54574.88436419516,26.50787552823665
3106101,Belmiro Braga,31,MG,Minas Gerais,Sudeste,3299.0,61557.352,108.0,2339.94,522.0,640.0,111.0,15651.906,393.086,3244.0,8.25,18659.39739314944,32.73719308881479
3106200,Belo Horizonte,31,MG,Minas Gerais,Sudeste,2416339.0,105920858.653,234853.0,4567.11,1417679.0,1730476.0,246522.0,82833369.725,331.354,2315560.0,6988.18,43835.26427914295,97.19372985330287
3106309,Belo Oriente,31,MG,Minas Gerais,Sudeste,24503.0,2089749.896,674.0,3431.51,8568.0,9297.0,703.0,406272.488,334.909,23928.0,71.45,85285.47100355059,27.50683589764519
3106408,Belo Vale,31,MG,Minas Gerais,Sudeste,8946.0,279867.823,395.0,2905.44,1409.0,1889.0,399.0,57005.438,365.923,8627.0,23.58,31284.12955510843,44.15381175944556
3106507,Berilo,31,MG,Minas Gerais,Sudeste,9769.0,112833.282,236.0,2670.18,547.0,781.0,245.0,23334.368,587.106,9826.0,16.74,11550.136349677552,24.158050977582146
3106606,Bertópolis,31,MG,Minas Gerais,Sudeste,4546.0,53770.091,72.0,2115.41,358.0,404.0,72.0,11990.126,427.803,4451.0,10.4,11828.00065992081,15.838099428068631
3106655,Berizal,31,MG,Minas Gerais,Sudeste,4277.0,61006.299,130.0,1939.25,592.0,693.0,137.0,14975.141,488.756,4201.0,8.6,14263.806172550854,30.395136778115504
3106705,Betim,31,MG,Minas Gerais,Sudeste,429236.0,33125377.767,16943.0,4251.65,126126.0,146977.0,17853.0,6861653.984,344.062,411846.0,1197.01,77172.87871240996,39.47245804172996
3106804,Bias Fortes,31,MG,Minas Gerais,Sudeste,3388.0,41582.589,91.0,2155.05,303.0,393.0,92.0,8392.919,283.535,3361.0,11.85,12273.491440377804,26.859504132231407
3106903,Bicas,31,MG,Minas Gerais,Sudeste,14331.0,277715.129,743.0,2101.54,2813.0,3797.0,770.0,77121.91,140.082,13978.0,99.78,19378.628776777616,51.84564929174517
3107000,Biquinhas,31,MG,Minas Gerais,Sudeste,2409.0,64472.888,109.0,3091.58,326.0,430.0,113.0,13226.713,458.948,2383.0,5.19,26763.340805313408,45.2469904524699
3107109,Boa Esperança,31,MG,Minas Gerais,Sudeste,41332.0,1058479.721,2151.0,2561.91,7273.0,10060.0,2249.0,247098.818,860.669,39848.0,46.3,25609.20645020807,52.042001354882416
3107208,Bocaina de Minas,31,MG,Minas Gerais,Sudeste,5508.0,80210.574,233.0,2289.7,616.0,871.0,237.0,18774.7,503.77,5348.0,10.62,14562.558823529413,42.302106027596224
3107307,Bocaiúva,31,MG,Minas Gerais,Sudeste,49668.0,1224913.798,1957.0,2382.75,9356.0,11698.0,2038.0,300211.206,3206.757,48032.0,14.98,24662.03185149392,39.401626801965044
3107406,Bom Despacho,31,MG,Minas Gerais,Sudeste,53995.0,1814549.771,2707.0,2594.68,12480.0,16026.0,2847.0,426113.075,1213.546,51737.0,42.63,33605.88519307343,50.134271691823315
3107505,Bom Jardim de Minas,31,MG,Minas Gerais,Sudeste,6968.0,127743.333,356.0,2227.25,1248.0,1622.0,373.0,37253.455,412.021,6783.0,16.46,18332.85490815155,51.09070034443169
3107604,Bom Jesus da Penha,31,MG,Minas Gerais,Sudeste,4642.0,196073.807,179.0,2821.11,527.0,723.0,187.0,18502.649,208.349,4474.0,21.47,42239.07949159845,38.560965101249465
3107703,Bom Jesus do Amparo,31,MG,Minas Gerais,Sudeste,5775.0,160390.079,254.0,2951.53,1423.0,1746.0,260.0,54043.29,195.611,5631.0,28.79,27773.173852813852,43.98268398268399
3107802,Bom Jesus do Galho,31,MG,Minas Gerais,Sudeste,14756.0,171083.507,362.0,2279.56,955.0,1339.0,371.0,34219.545,592.289,14536.0,24.54,11594.165559772297,24.532393602602333
3107901,Bom Repouso,31,MG,Minas Gerais,Sudeste,13183.0,160231.832,337.0,2729.88,969.0,1346.0,347.0,36685.169,229.845,12649.0,55.03,12154.428582265038,25.563225366001667
3108008,Bom Sucesso,31,MG,Minas Gerais,Sudeste,17510.0,445214.281,657.0,2570.55,1974.0,2752.0,694.0,69766.268,705.046,17151.0,24.33,25426.286750428328,37.5214163335237
3108107,Bonfim,31,MG,Minas Gerais,Sudeste,7672.0,135421.514,331.0,2356.08,680.0,1057.0,341.0,21887.21,301.865,7434.0,24.63,17651.396506777895,43.143899895724715
3108206,Bonfinópolis de Minas,31,MG,Minas Gerais,Sudeste,5615.0,458898.263,291.0,2644.81,706.0,1049.0,304.0,25342.719,1850.487,5528.0,2.99,81727.20623330364,51.82546749777382
3108255,Bonito de Minas,31,MG,Minas Gerais,Sudeste,10491.0,101045.218,154.0,2731.49,559.0,695.0,157.0,28792.404,3936.455,10204.0,2.59,9631.609760747308,14.679248879992375
3108305,Borda da Mata,31,MG,Minas Gerais,Sudeste,17811.0,374715.963,851.0,2449.15,2887.0,3930.0,892.0,93535.605,301.108,17404.0,57.8,21038.45730166751,47.779462130144296
3108404,Botelhos,31,MG,Minas Gerais,Sudeste,15137.0,325977.531,626.0,2581.08,1949.0,2746.0,646.0,66874.791,334.089,14828.0,44.38,21535.147717513377,41.35561868269803
3108503,Botumirim,31,MG,Minas Gerais,Sudeste,5841.0,75744.453,171.0,2374.65,587.0,756.0,174.0,20385.596,1568.884,5790.0,3.69,12967.72008217771,29.275808936825886
3108552,Brasilândia de Minas,31,MG,Minas Gerais,Sudeste,15432.0,415060.833,690.0,2742.44,2014.0,2837.0,723.0,80736.895,2509.694,15020.0,5.98,26896.114113530326,44.712286158631414
3108602,Brasília de Minas,31,MG,Minas Gerais,Sudeste,33188.0,377410.41,1012.0,2523.83,3583.0,4766.0,1046.0,113296.969,1399.484,32025.0,22.88,11371.893756779558,30.49294925876823
3108701,Brás Pires,31,MG,Minas Gerais,Sudeste,4314.0,50031.931,167.0,2065.14,433.0,616.0,169.0,11141.409,223.351,4260.0,19.07,11597.573249884099,38.7111729253593
3108800,Braúnas,31,MG,Minas Gerais,Sudeste,4475.0,213072.155,108.0,2969.05,405.0,493.0,109.0,16106.824,378.318,4441.0,11.74,47613.88938547486,24.134078212290504
3108909,Brazópolis,31,MG,Minas Gerais,Sudeste,14506.0,198123.272,466.0,2269.82,1584.0,2139.0,477.0,50396.332,367.688,14246.0,38.74,13658.022335585276,32.124638080794156
3109006,Brumadinho,31,MG,Minas Gerais,Sudeste,40777.0,4624729.058,2080.0,3784.3,12087.0,14769.0,2145.0,610894.434,639.434,38915.0,60.86,113415.13740589058,51.00914731343649
3109105,Bueno Brandão,31,MG,Minas Gerais,Sudeste,11161.0,240684.045,442.0,2667.96,1174.0,1662.0,450.0,39832.276,356.15,10911.0,30.64,21564.73837469761,39.60218618403369
3109204,Buenópolis,31,MG,Minas Gerais,Sudeste,9229.0,180714.345,309.0,2345.19,893.0,1215.0,317.0,29939.635,1599.881,9150.0,5.72,19581.140426915157,33.481417271643735
3109253,Bugre,31,MG,Minas Gerais,Sudeste,4149.0,47547.535,116.0,2128.24,420.0,502.0,117.0,11339.358,161.491,4041.0,25.02,11459.998794890334,27.958544227524705
3109303,Buritis,31,MG,Minas Gerais,Sudeste,24693.0,1163750.487,1022.0,2904.06,3766.0,4955.0,1047.0,146502.41,5225.186,24030.0,4.6,47128.76066091605,41.38824768152918
3109402,Buritizeiro,31,MG,Minas Gerais,Sudeste,24068.0,735993.917,963.0,2464.16,3979.0,4990.0,1044.0,128265.826,7218.401,23910.0,3.31,30579.77052517866,40.01163370450391
3109451,Cabeceira Grande,31,MG,Minas Gerais,Sudeste,6797.0,477331.539,222.0,2844.15,607.0,848.0,226.0,27562.208,1033.055,6627.0,6.41,70226.79696925114,32.66146829483596
3109501,Cabo Verde,31,MG,Minas Gerais,Sudeste,11396.0,290817.45,440.0,2661.32,1161.0,1650.0,445.0,42071.243,368.206,11410.0,30.99,25519.256756756757,38.61003861003861
3109600,Cachoeira da Prata,31,MG,Minas Gerais,Sudeste,3781.0,51886.001,173.0,2130.12,557.0,741.0,179.0,16017.06,61.381,3693.0,60.17,13722.824914043904,45.75509124570219
3109709,Cachoeira de Minas,31,MG,Minas Gerais,Sudeste,12248.0,536511.93,360.0,2568.91,1863.0,2290.0,364.0,68422.974,304.243,11883.0,39.06,43804.04392553887,29.392553886348793
3109808,Cachoeira Dourada,31,MG,Minas Gerais,Sudeste,2346.0,131487.17,100.0,3626.54,548.0,631.0,104.0,33485.176,203.07,2315.0,11.4,56047.38704177324,42.62574595055413
3109907,Caetanópolis,31,MG,Minas Gerais,Sudeste,11832.0,315208.237,456.0,2347.11,2293.0,2814.0,466.0,69098.861,156.039,11435.0,73.28,26640.31752873563,38.5395537525355
3110004,Caeté,31,MG,Minas Gerais,Sudeste,39850.0,1074947.112,1484.0,2521.79,5766.0,7689.0,1542.0,186465.353,542.531,38776.0,71.47,26974.833425345045,37.2396486825596
3110103,Caiana,31,MG,Minas Gerais,Sudeste,5463.0,88660.684,143.0,1970.74,475.0,631.0,144.0,13402.102,106.465,5304.0,49.82,16229.303313197877,26.176093721398498
3110202,Cajuri,31,MG,Minas Gerais,Sudeste,4186.0,97287.292,150.0,2029.28,591.0,737.0,153.0,18440.332,83.038,4088.0,49.23,23241.11132345915,35.8337314859054
3110301,Caldas,31,MG,Minas Gerais,Sudeste,14588.0,337630.432,607.0,3488.74,2120.0,2878.0,649.0,99515.711,711.414,14217.0,19.98,23144.394845078146,41.60954208938854
3110400,Camacho,31,MG,Minas Gerais,Sudeste,2867.0,70858.411,101.0,3011.28,289.0,375.0,103.0,11251.13,223.001,2838.0,12.73,24715.176491105685,35.22846180676665
3110509,Camanducaia,31,MG,Minas Gerais,Sudeste,27551.0,987747.099,1568.0,2995.24,6912.0,8922.0,1650.0,265698.726,528.688,26097.0,49.36,35851.58792784291,56.91263475009981
3110608,Cambuí,31,MG,Minas Gerais,Sudeste,30870.0,1864549.399,1693.0,2836.71,7799.0,9928.0,1758.0,295230.588,244.567,29536.0,120.77,60400.04531908001,54.84288953676709
3110707,Cambuquira,31,MG,Minas Gerais,Sudeste,12560.0,370830.035,407.0,2351.93,1510.0,1963.0,419.0,45849.784,246.38,12313.0,49.98,29524.684315286624,32.404458598726116
3110806,Campanário,31,MG,Minas Gerais,Sudeste,2917.0,53457.815,104.0,2216.55,510.0,582.0,105.0,14495.748,442.398,2923.0,6.61,18326.299280082276,35.65306822077477
3110905,Campanha,31,MG,Minas Gerais,Sudeste,16334.0,439921.353,762.0,2374.05,2823.0,3789.0,778.0,92014.596,335.587,15935.0,47.48,26932.861087302557,46.65115709562875
3111002,Campestre,31,MG,Minas Gerais,Sudeste,21143.0,486409.555,768.0,2515.29,2426.0,3363.0,792.0,83022.55,577.843,20696.0,35.82,23005.70188714941,36.324078891358845
3111101,Campina Verde,31,MG,Minas Gerais,Sudeste,18250.0,536761.379,904.0,2575.02,2761.0,3795.0,957.0,93732.418,3650.749,18011.0,4.93,29411.5824109589,49.534246575342465
3111150,Campo Azul,31,MG,Minas Gerais,Sudeste,3802.0,40651.172,80.0,2114.98,444.0,498.0,81.0,12058.391,505.914,3714.0,7.34,10692.049447659127,21.041557075223565
3111200,Campo Belo,31,MG,Minas Gerais,Sudeste,53943.0,1242918.006,2919.0,2419.3,12905.0,16721.0,3009.0,402275.518,528.225,52277.0,98.97,23041.321506034146,54.11267448973917
3111309,Campo do Meio,31,MG,Minas Gerais,Sudeste,11624.0,231123.873,645.0,2278.98,1468.0,2178.0,702.0,48346.086,275.426,11377.0,41.31,19883.333878183068,55.488644184445974
3111408,Campo Florido,31,MG,Minas Gerais,Sudeste,8838.0,710761.859,378.0,3362.05,2048.0,2424.0,397.0,93730.226,1264.245,8466.0,6.7,80421.12004978502,42.76985743380855
3111507,Campos Altos,31,MG,Minas Gerais,Sudeste,13136.0,434229.067,569.0,2881.77,1731.0,2475.0,588.0,69828.816,710.645,12979.0,18.26,33056.414966504264,43.31607795371498
3111606,Campos Gerais,31,MG,Minas Gerais,Sudeste,26809.0,704524.7,1019.0,2508.61,3225.0,4426.0,1051.0,112220.491,769.504,26105.0,33.92,26279.40989966056,38.009623633854304
3111705,Canaã,31,MG,Minas Gerais,Sudeste,4832.0,77436.816,129.0,2375.58,441.0,577.0,132.0,13458.588,174.9,4715.0,26.96,16025.831125827815,26.69701986754967
3111804,Canápolis,31,MG,Minas Gerais,Sudeste,10755.0,677858.345,438.0,3465.25,2783.0,3196.0,447.0,125397.807,843.599,10608.0,12.57,63027.27522082752,40.725244072524404
3111903,Cana Verde,31,MG,Minas Gerais,Sudeste,5356.0,80057.324,192.0,2300.13,648.0,833.0,198.0,19996.163,212.721,5272.0,24.78,14947.222554144884,35.847647498132936
3112000,Candeias,31,MG,Minas Gerais,Sudeste,14236.0,371166.103,631.0,2372.9,2686.0,3413.0,666.0,81808.993,720.512,14001.0,19.43,26072.35901938747,44.32424838437764
3112059,Cantagalo,31,MG,Minas Gerais,Sudeste,4039.0,56752.368,133.0,1938.87,639.0,769.0,133.0,15835.982,141.855,3974.0,28.01,14051.0938351077,32.92894280762565
3112109,Caparaó,31,MG,Minas Gerais,Sudeste,5144.0,97643.19,163.0,2094.52,667.0,810.0,166.0,17091.219,130.694,5048.0,38.62,18981.95762052877,31.687402799377914
3112208,Capela Nova,31,MG,Minas Gerais,Sudeste,4416.0,62458.118,102.0,2451.36,449.0,556.0,114.0,14306.037,111.073,4362.0,39.27,14143.595561594202,23.09782608695652
3112307,Capelinha,31,MG,Minas Gerais,Sudeste,41536.0,887590.26,1729.0,2622.27,9776.0,11878.0,1776.0,265838.804,965.292,39626.0,41.05,21369.17998844376,41.62654083204931
3112406,Capetinga,31,MG,Minas Gerais,Sudeste,6652.0,207247.831,207.0,2699.49,774.0,976.0,218.0,29239.129,297.937,6562.0,22.02,31155.717227901383,31.118460613349367
3112505,Capim Branco,31,MG,Minas Gerais,Sudeste,11105.0,123368.567,359.0,2372.16,1104.0,1499.0,365.0,32305.385,95.333,10663.0,111.85,11109.281134624043,32.32778027915354
3112604,Capinópolis,31,MG,Minas Gerais,Sudeste,14899.0,666436.501,612.0,2962.71,2724.0,3438.0,625.0,117996.44,620.716,14655.0,23.61,44730.283978790525,41.07658232096114
3112653,Capitão Andrade,31,MG,Minas Gerais,Sudeste,4650.0,60791.774,132.0,2362.26,532.0,664.0,134.0,16064.987,279.088,4585.0,16.43,13073.499784946236,28.38709677419355
3112703,Capitão Enéas,31,MG,Minas Gerais,Sudeste,14401.0,501415.48,408.0,2418.28,2858.0,3290.0,418.0,92918.479,971.576,14108.0,14.52,34818.10152072773,28.331365877369624
3112802,Capitólio,31,MG,Minas Gerais,Sudeste,10863.0,328593.834,819.0,2337.41,2718.0,3945.0,841.0,83990.999,521.802,10380.0,19.89,30248.903065451534,75.39353769676885
3112901,Caputira,31,MG,Minas Gerais,Sudeste,9128.0,143709.109,204.0,2449.1,775.0,1002.0,207.0,26643.572,187.704,8936.0,47.61,15743.767418930762,22.348816827344432
3113008,Caraí,31,MG,Minas Gerais,Sudeste,19654.0,210367.062,289.0,2413.02,1232.0,1508.0,296.0,37894.35,1242.345,19548.0,15.73,10703.524066347818,14.704385875648722
3113107,Caranaíba,31,MG,Minas Gerais,Sudeste,2960.0,41464.6,68.0,2692.91,299.0,353.0,68.0,10723.606,159.95,2933.0,18.34,14008.31081081081,22.972972972972975
3113206,Carandaí,31,MG,Minas Gerais,Sudeste,24368.0,751464.877,858.0,2841.05,3617.0,4688.0,899.0,146261.438,487.28,23812.0,48.87,30838.184381155614,35.21011162179908
3113305,Carangola,31,MG,Minas Gerais,Sudeste,32165.0,639119.4,1446.0,2418.5,5269.0,7175.0,1511.0,169756.122,353.404,31240.0,88.4,19870.026426239703,44.95569718638271
3113404,Caratinga,31,MG,Minas Gerais,Sudeste,90687.0,2283105.29,4870.0,2570.07,21040.0,27477.0,5053.0,718744.022,1258.479,87360.0,69.42,25175.662333079712,53.70119201208552
3113503,Carbonita,31,MG,Minas Gerais,Sudeste,8633.0,220651.953,320.0,2280.11,1830.0,2162.0,353.0,56801.178,1456.095,8512.0,5.85,25559.128113054558,37.06706822657246
3113602,Careaçu,31,MG,Minas Gerais,Sudeste,7029.0,174237.688,265.0,2656.07,953.0,1250.0,271.0,34810.371,181.009,6816.0,37.66,24788.403471333047,37.70095319391094
3113701,Carlos Chagas,31,MG,Minas Gerais,Sudeste,18852.0,474668.638,546.0,2520.35,2666.0,3263.0,581.0,87112.599,3202.984,18615.0,5.81,25178.688627201358,28.962444302991727
3113800,Carmésia,31,MG,Minas Gerais,Sudeste,2682.0,39784.623,120.0,2356.79,397.0,488.0,120.0,12083.72,259.103,2605.0,10.05,14833.938478747203,44.742729306487696
3113909,Carmo da Cachoeira,31,MG,Minas Gerais,Sudeste,11776.0,321614.48,377.0,2987.81,2180.0,2622.0,391.0,86385.803,506.333,11547.0,22.81,27311.012228260868,32.01426630434782
3114006,Carmo da Mata,31,MG,Minas Gerais,Sudeste,11279.0,265586.209,423.0,2938.89,2356.0,2815.0,438.0,94745.072,357.178,11019.0,30.85,23546.964181221738,37.503324762833586
3114105,Carmo de Minas,31,MG,Minas Gerais,Sudeste,14114.0,290552.709,420.0,2682.02,1589.0,2160.0,427.0,57589.61,322.285,13797.0,42.81,20586.13497236786,29.757687402579
3114204,Carmo do Cajuru,31,MG,Minas Gerais,Sudeste,24376.0,627198.732,1069.0,2809.92,5137.0,6460.0,1108.0,201136.98,455.808,23479.0,51.51,25730.17443386938,43.854611092878244
3114303,Carmo do Paranaíba,31,MG,Minas Gerais,Sudeste,29899.0,1060015.283,1393.0,3080.98,4405.0,6163.0,1433.0,175565.042,1307.862,29011.0,22.18,35453.20187966153,46.59018696277468
3114402,Carmo do Rio Claro,31,MG,Minas Gerais,Sudeste,21464.0,694496.823,999.0,2612.95,2983.0,4234.0,1038.0,100494.862,1065.685,20954.0,19.66,32356.35589824823,46.54304882594111
3114501,Carmópolis de Minas,31,MG,Minas Gerais,Sudeste,18498.0,461514.728,877.0,2707.25,3770.0,4883.0,920.0,133732.987,400.01,18003.0,45.01,24949.43929073413,47.41053086820197
3114550,Carneirinho,31,MG,Minas Gerais,Sudeste,9630.0,406710.011,427.0,3174.59,1926.0,2375.0,441.0,92251.294,2063.462,9422.0,4.57,42233.64600207684,44.34060228452752
3114600,Carrancas,31,MG,Minas Gerais,Sudeste,4153.0,177635.925,204.0,2633.04,688.0,909.0,216.0,24462.139,727.894,4049.0,5.56,42772.917168312066,49.121117264627976
3114709,Carvalhópolis,31,MG,Minas Gerais,Sudeste,3417.0,71383.976,135.0,2845.5,324.0,470.0,143.0,13632.1,81.101,3341.0,41.2,20890.83289435177,39.50834064969271
3114808,Carvalhos,31,MG,Minas Gerais,Sudeste,4507.0,80681.819,174.0,2590.78,489.0,673.0,180.0,17002.048,282.254,4422.0,15.67,17901.446416685158,38.60661193698691
3114907,Casa Grande,31,MG,Minas Gerais,Sudeste,2260.0,69227.776,80.0,2322.15,319.0,405.0,80.0,9843.094,157.727,2214.0,14.04,30631.7592920354,35.39823008849557
3115003,Cascalho Rico,31,MG,Minas Gerais,Sudeste,2757.0,79984.125,103.0,2230.03,511.0,605.0,107.0,15996.63,367.308,2712.0,7.38,29011.289445048966,37.35944867609721
3115102,Cássia,31,MG,Minas Gerais,Sudeste,17495.0,436340.926,888.0,2868.96,2499.0,3631.0,900.0,99691.24,665.802,17155.0,25.77,24940.893169476993,50.75735924549871
3115201,Conceição da Barra de Minas,31,MG,Minas Gerais,Sudeste,3596.0,68717.423,93.0,2617.86,408.0,482.0,94.0,13747.306,273.014,3560.0,13.04,19109.40572858732,25.862068965517242
3115300,Cataguases,31,MG,Minas Gerais,Sudeste,67872.0,1650830.841,2719.0,3088.07,16172.0,19731.0,2859.0,675147.221,491.767,66261.0,134.74,24322.708053394625,40.06070249882131
3115359,Catas Altas,31,MG,Minas Gerais,Sudeste,5668.0,5032326.985,253.0,3889.89,1721.0,1982.0,258.0,90937.351,240.042,5473.0,22.8,887848.7976358504,44.636556104446015
3115409,Catas Altas da Noruega,31,MG,Minas Gerais,Sudeste,3141.0,40784.593,101.0,2372.27,361.0,446.0,102.0,11236.05,141.622,3110.0,21.96,12984.588666029927,32.15536453358803
3115458,Catuji,31,MG,Minas Gerais,Sudeste,7226.0,83308.243,223.0,2376.93,844.0,1034.0,230.0,26717.733,419.38,7030.0,16.76,11528.95696097426,30.860780514807637
3115474,Catuti,31,MG,Minas Gerais,Sudeste,4805.0,56837.881,142.0,2308.38,346.0,463.0,145.0,14341.857,287.812,4739.0,16.47,11828.903433922997,29.5525494276795
3115508,Caxambu,31,MG,Minas Gerais,Sudeste,21436.0,371251.642,1107.0,2295.08,3491.0,4839.0,1155.0,102918.385,100.483,21056.0,209.55,17319.072681470425,51.6420974062325
3115607,Cedro do Abaeté,31,MG,Minas Gerais,Sudeste,1091.0,22396.128,61.0,2448.59,216.0,252.0,62.0,6651.24,283.211,1081.0,3.82,20528.07332722273,55.912007332722276
3115706,Central de Minas,31,MG,Minas Gerais,Sudeste,6243.0,87042.746,319.0,2032.65,781.0,1124.0,326.0,20158.152,204.328,6171.0,30.2,13942.454909498638,51.09722889636393
3115805,Centralina,31,MG,Minas Gerais,Sudeste,10440.0,351125.237,359.0,2468.88,1234.0,1638.0,365.0,38907.633,322.385,10207.0,31.66,33632.685536398465,34.38697318007663
3115904,Chácara,31,MG,Minas Gerais,Sudeste,3177.0,47144.785,136.0,2308.9,367.0,499.0,141.0,11721.715,152.807,3075.0,20.12,14839.40352533837,42.80768020144791
3116001,Chalé,31,MG,Minas Gerais,Sudeste,6261.0,114190.871,174.0,2359.59,434.0,610.0,175.0,17432.751,212.674,6075.0,28.56,18238.439706117235,27.791087685673215
3116100,Chapada do Norte,31,MG,Minas Gerais,Sudeste,10024.0,111106.167,210.0,2253.02,513.0,698.0,218.0,22921.815,830.833,10337.0,12.44,11084.015063846768,20.94972067039106
3116159,Chapada Gaúcha,31,MG,Minas Gerais,Sudeste,12810.0,403132.561,407.0,2628.45,1108.0,1587.0,420.0,48139.802,3255.189,12355.0,3.8,31470.145277127245,31.77205308352849
3116209,Chiador,31,MG,Minas Gerais,Sudeste,2865.0,37246.518,92.0,2227.03,236.0,317.0,93.0,8367.528,252.852,2800.0,11.07,13000.529842931937,32.11169284467714
3116308,Cipotânea,31,MG,Minas Gerais,Sudeste,5599.0,73286.98,126.0,2157.78,474.0,595.0,128.0,15789.118,153.479,5581.0,36.36,13089.298088944455,22.50401857474549
3116407,Claraval,31,MG,Minas Gerais,Sudeste,4777.0,181971.492,185.0,2729.54,887.0,1073.0,189.0,34670.762,227.627,4658.0,20.46,38093.257693112835,38.72723466610844
3116506,Claro dos Poções,31,MG,Minas Gerais,Sudeste,7259.0,83711.607,209.0,2305.35,478.0,728.0,219.0,17094.921,720.424,7166.0,9.95,11532.112825458053,28.791844606695136
3116605,Cláudio,31,MG,Minas Gerais,Sudeste,31665.0,1117593.155,1705.0,2683.95,10906.0,13027.0,1836.0,399627.882,630.706,30159.0,47.82,35294.27301436918,53.844939207326696
3116704,Coimbra,31,MG,Minas Gerais,Sudeste,7285.0,139786.795,279.0,2401.57,901.0,1240.0,282.0,28398.727,106.875,7117.0,66.59,19188.30404941661,38.297872340425535
3116803,Coluna,31,MG,Minas Gerais,Sudeste,8251.0,121199.153,248.0,2473.27,601.0,870.0,256.0,20999.417,348.492,8163.0,23.42,14689.025936250151,30.0569627923888
3116902,Comendador Gomes,31,MG,Minas Gerais,Sudeste,2813.0,154777.439,147.0,2874.74,2537.0,2667.0,152.0,93274.865,1041.047,2773.0,2.66,55022.19658727337,52.25737646640597
3117009,Comercinho,31,MG,Minas Gerais,Sudeste,6627.0,68103.583,124.0,2759.56,408.0,498.0,125.0,15982.342,654.961,6660.0,10.17,10276.683718122831,18.711332427946278
3117108,Conceição da Aparecida,31,MG,Minas Gerais,Sudeste,10668.0,274187.309,352.0,2783.25,1052.0,1440.0,358.0,38222.219,352.521,10371.0,29.42,25701.847487814022,32.995875515560556
3117207,Conceição das Pedras,31,MG,Minas Gerais,Sudeste,2837.0,61046.91,100.0,2978.03,242.0,356.0,102.0,9313.9,102.206,2772.0,27.12,21518.12125484667,35.2485019386676
3117306,Conceição das Alagoas,31,MG,Minas Gerais,Sudeste,29949.0,1318008.968,1030.0,3396.66,5657.0,6878.0,1063.0,276362.908,1340.25,28381.0,21.18,44008.44662593075,34.39179939230024
3117405,Conceição de Ipanema,31,MG,Minas Gerais,Sudeste,4503.0,81006.463,125.0,2258.88,371.0,480.0,126.0,11629.906,253.935,4409.0,17.36,17989.443260048858,27.7592715967133
3117504,Conceição do Mato Dentro,31,MG,Minas Gerais,Sudeste,24254.0,9050952.928,918.0,5454.83,9836.0,10856.0,960.0,667987.593,1720.04,23163.0,13.47,373173.6178774635,37.84942689865589
3117603,Conceição do Pará,31,MG,Minas Gerais,Sudeste,5567.0,493948.377,249.0,3667.64,1734.0,1986.0,262.0,85469.445,250.306,5415.0,21.63,88727.92832764504,44.72786060714927
3117702,Conceição do Rio Verde,31,MG,Minas Gerais,Sudeste,12780.0,343556.228,433.0,2534.86,1669.0,2163.0,453.0,58248.448,369.681,12541.0,33.92,26882.333959311425,33.881064162754306
3117801,Conceição dos Ouros,31,MG,Minas Gerais,Sudeste,11183.0,224989.825,473.0,2263.18,2368.0,2920.0,482.0,72522.546,180.236,10880.0,60.37,20118.914870786015,42.29634266297058
3117836,Cônego Marinho,31,MG,Minas Gerais,Sudeste,7420.0,63477.594,126.0,2632.18,371.0,477.0,129.0,16303.677,1610.47,7237.0,4.49,8554.931805929918,16.9811320754717
3117876,Confins,31,MG,Minas Gerais,Sudeste,7676.0,485672.189,563.0,4298.47,6223.0,6806.0,625.0,343604.359,42.355,7350.0,173.53,63271.520192808755,73.34549244398124
3117900,Congonhal,31,MG,Minas Gerais,Sudeste,11403.0,220463.772,493.0,2527.83,1863.0,2451.0,504.0,60670.7,205.125,11083.0,54.03,19333.839515916865,43.23423660440235
3118007,Congonhas,31,MG,Minas Gerais,Sudeste,54986.0,7677447.326,2401.0,3848.37,20791.0,23781.0,2474.0,1067598.574,304.067,52890.0,173.94,139625.49241625142,43.66566034990725
3118106,Congonhas do Norte,31,MG,Minas Gerais,Sudeste,4927.0,49287.97,115.0,2419.84,356.0,469.0,118.0,12100.585,405.671,4831.0,11.91,10003.647249847778,23.34077531966714
3118205,Conquista,31,MG,Minas Gerais,Sudeste,6864.0,490051.082,314.0,3242.93,784.0,1149.0,321.0,44557.731,618.363,6694.0,10.83,71394.38840326341,45.74592074592074
3118304,Conselheiro Lafaiete,31,MG,Minas Gerais,Sudeste,137980.0,3117736.194,6211.0,2630.23,25286.0,33621.0,6436.0,912741.932,370.246,131621.0,355.5,22595.565980576896,45.01377011161038
3118403,Conselheiro Pena,31,MG,Minas Gerais,Sudeste,21113.0,383757.235,669.0,2613.7,2508.0,3246.0,696.0,89532.534,1483.883,20824.0,14.03,18176.347984654003,31.686638563917963
3118502,Consolação,31,MG,Minas Gerais,Sudeste,1578.0,31441.493,65.0,3016.73,186.0,243.0,66.0,8132.53,89.122,1563.0,17.54,19924.90050697085,41.191381495564
3118601,Contagem,31,MG,Minas Gerais,Sudeste,649975.0,36478510.812,35019.0,3322.44,225913.0,267316.0,37042.0,9925667.531,194.746,621863.0,3193.2,56122.944439401515,53.877456825262506
3118700,Coqueiral,31,MG,Minas Gerais,Sudeste,9197.0,234159.016,345.0,2574.89,756.0,1128.0,353.0,31194.343,296.163,9023.0,30.47,25460.369250842665,37.51223224964662
3118809,Coração de Jesus,31,MG,Minas Gerais,Sudeste,26151.0,272831.598,605.0,2269.62,2242.0,2853.0,626.0,64975.585,2225.216,25377.0,11.4,10432.931742571986,23.134870559443232
3118908,Cordisburgo,31,MG,Minas Gerais,Sudeste,7592.0,146188.136,261.0,2106.96,788.0,1065.0,265.0,21465.118,823.654,7547.0,9.16,19255.55005268704,34.37829293993678
3119005,Cordislândia,31,MG,Minas Gerais,Sudeste,3247.0,113743.073,105.0,2782.4,310.0,409.0,109.0,11283.596,179.543,3200.0,17.82,35030.20418848168,32.33754234678164
3119104,Corinto,31,MG,Minas Gerais,Sudeste,23996.0,608967.047,840.0,2405.12,3388.0,4345.0,891.0,103270.615,2525.397,23532.0,9.32,25377.856601100182,35.00583430571762
3119203,Coroaci,31,MG,Minas Gerais,Sudeste,11200.0,125595.771,393.0,1849.36,873.0,1276.0,397.0,22186.329,576.274,10884.0,18.89,11213.908125,35.08928571428571
3119302,Coromandel,31,MG,Minas Gerais,Sudeste,30013.0,1535202.818,1588.0,2791.26,5257.0,7234.0,1632.0,190485.203,3313.313,28894.0,8.72,51151.26171992137,52.91040549095392
3119401,Coronel Fabriciano,31,MG,Minas Gerais,Sudeste,108551.0,1995524.656,4905.0,2253.36,20401.0,26512.0,5104.0,601196.392,221.252,104736.0,473.38,18383.29131928771,45.186133706736925
3119500,Coronel Murta,31,MG,Minas Gerais,Sudeste,8283.0,119826.419,211.0,2025.33,819.0,1011.0,218.0,25438.289,815.413,8200.0,10.06,14466.548231317156,25.473862127248584
3119609,Coronel Pacheco,31,MG,Minas Gerais,Sudeste,2799.0,60101.018,136.0,2402.04,496.0,616.0,137.0,15497.407,131.511,2762.0,21.0,21472.31797070382,48.58878170775277
3119708,Coronel Xavier Chaves,31,MG,Minas Gerais,Sudeste,3586.0,90931.942,154.0,4673.68,532.0,706.0,155.0,34656.884,140.954,3486.0,24.73,25357.485220301172,42.944785276073624
3119807,Córrego Danta,31,MG,Minas Gerais,Sudeste,2978.0,165719.08,165.0,2666.97,616.0,796.0,165.0,23034.799,657.425,2960.0,4.5,55647.77703156481,55.40631296171927
3119906,Córrego do Bom Jesus,31,MG,Minas Gerais,Sudeste,4429.0,45602.563,122.0,3098.68,342.0,492.0,124.0,14191.653,123.651,4272.0,34.55,10296.356513885754,27.545721381801762
3119955,Córrego Fundo,31,MG,Minas Gerais,Sudeste,6310.0,320483.227,394.0,2998.61,1854.0,2404.0,416.0,71572.701,101.112,6133.0,60.66,50789.73486529318,62.4405705229794
3120003,Córrego Novo,31,MG,Minas Gerais,Sudeste,2912.0,38520.81,102.0,2138.68,467.0,558.0,102.0,12632.217,205.385,2875.0,14.0,13228.300137362638,35.027472527472526
3120102,Couto de Magalhães de Minas,31,MG,Minas Gerais,Sudeste,4346.0,63266.102,182.0,2395.81,517.0,693.0,186.0,19746.227,485.654,4245.0,8.74,14557.317533364012,41.877588587206624
3120151,Crisólita,31,MG,Minas Gerais,Sudeste,5296.0,76402.74,84.0,2769.8,414.0,469.0,87.0,16681.159,966.202,5265.0,5.45,14426.499244712992,15.861027190332326
3120201,Cristais,31,MG,Minas Gerais,Sudeste,12576.0,295629.763,567.0,1895.66,2820.0,3361.0,578.0,68388.002,628.434,12197.0,19.41,23507.455709287533,45.085877862595424
3120300,Cristália,31,MG,Minas Gerais,Sudeste,5165.0,59160.155,142.0,2310.36,683.0,796.0,145.0,20629.033,840.702,5121.0,6.09,11454.04743465634,27.49273959341723
3120409,Cristiano Otoni,31,MG,Minas Gerais,Sudeste,4735.0,123677.587,177.0,2593.71,869.0,1046.0,180.0,28765.016,132.872,4667.0,35.12,26119.870538542767,37.38120380147835
3120508,Cristina,31,MG,Minas Gerais,Sudeste,10627.0,233176.654,338.0,2296.08,1422.0,1781.0,350.0,47746.516,311.33,10374.0,33.32,21941.907782064554,31.80577773595558
3120607,Crucilândia,31,MG,Minas Gerais,Sudeste,5633.0,83063.591,216.0,2046.97,851.0,1137.0,222.0,22348.111,167.164,5434.0,32.51,14745.888691638558,38.34546422865259
3120706,Cruzeiro da Fortaleza,31,MG,Minas Gerais,Sudeste,3610.0,184033.369,173.0,3095.8,554.0,723.0,185.0,22549.065,187.446,3521.0,18.78,50978.77257617728,47.9224376731302
3120805,Cruzília,31,MG,Minas Gerais,Sudeste,15779.0,317648.567,584.0,2468.2,2669.0,3370.0,604.0,88493.677,522.419,15362.0,29.41,20131.096203815196,37.01121744090246
3120839,Cuparaque,31,MG,Minas Gerais,Sudeste,3994.0,74036.886,148.0,2039.97,529.0,680.0,154.0,15475.78,226.75,3983.0,17.57,18537.027040560843,37.0555833750626
3120870,Curral de Dentro,31,MG,Minas Gerais,Sudeste,7630.0,80420.022,173.0,2331.85,595.0,739.0,177.0,22952.86,570.95,7406.0,12.97,10539.976671035387,22.673656618610746
3120904,Curvelo,31,MG,Minas Gerais,Sudeste,83862.0,2228065.903,3812.0,2673.63,21360.0,26132.0,4041.0,743184.679,3296.2,80665.0,24.47,26568.24190932723,45.455629486537404
3121001,Datas,31,MG,Minas Gerais,Sudeste,5618.0,73978.2,153.0,2378.13,645.0,785.0,156.0,20250.08,310.099,5465.0,17.62,13168.066927732289,27.233891064435742
3121100,Delfim Moreira,31,MG,Minas Gerais,Sudeste,8130.0,125697.353,261.0,2903.01,715.0,1016.0,269.0,28744.046,408.473,7952.0,19.47,15460.929028290282,32.103321033210335
3121209,Delfinópolis,31,MG,Minas Gerais,Sudeste,8760.0,247288.997,312.0,2650.94,1327.0,1681.0,319.0,46955.186,1378.423,8393.0,6.09,28229.337557077626,35.61643835616438
3121258,Delta,31,MG,Minas Gerais,Sudeste,11003.0,466554.697,429.0,3663.66,4851.0,5264.0,437.0,244432.772,102.784,10494.0,102.1,42402.4990457148,38.98936653639917
3121308,Descoberto,31,MG,Minas Gerais,Sudeste,5058.0,81649.305,192.0,2117.13,918.0,1101.0,204.0,26082.175,213.168,4928.0,23.12,16142.606761565836,37.95966785290629
3121407,Desterro de Entre Rios,31,MG,Minas Gerais,Sudeste,7900.0,261189.174,245.0,3697.42,1267.0,1548.0,250.0,62204.218,377.165,7653.0,20.29,33061.920759493674,31.0126582278481
3121506,Desterro do Melo,31,MG,Minas Gerais,Sudeste,3059.0,50610.46,114.0,2331.77,349.0,454.0,117.0,11077.279,142.279,2994.0,21.04,16544.77280156914,37.267080745341616
3121605,Diamantina,31,MG,Minas Gerais,Sudeste,49353.0,984231.313,2024.0,3821.11,11198.0,13750.0,2179.0,544947.621,3891.659,47702.0,12.26,19942.684598707274,41.01067817559216
3121704,Diogo de Vasconcelos,31,MG,Minas Gerais,Sudeste,3596.0,42932.392,77.0,1911.08,309.0,373.0,82.0,8881.743,165.091,3549.0,21.5,11938.929922135707,21.412680756395993
3121803,Dionísio,31,MG,Minas Gerais,Sudeste,6789.0,90864.556,223.0,2060.41,852.0,1073.0,235.0,26195.246,339.375,6847.0,20.18,13384.085432316984,32.84725290911769
3121902,Divinésia,31,MG,Minas Gerais,Sudeste,4426.0,63670.837,241.0,2018.55,635.0,903.0,243.0,16198.963,116.97,4226.0,36.13,14385.638725711704,54.450971531857206
3122009,Divino,31,MG,Minas Gerais,Sudeste,21329.0,319452.715,625.0,2114.17,2144.0,2885.0,667.0,59483.407,337.776,20706.0,61.3,14977.388297622954,29.302827136762154
3122108,Divino das Laranjeiras,31,MG,Minas Gerais,Sudeste,4186.0,61679.62,137.0,2284.44,295.0,413.0,141.0,16779.222,342.249,4178.0,12.21,14734.73960821787,32.7281414237936
3122207,Divinolândia de Minas,31,MG,Minas Gerais,Sudeste,6607.0,82271.854,208.0,2089.92,549.0,733.0,213.0,19700.18,133.12,6516.0,48.95,12452.225518389587,31.481761767822004
3122306,Divinópolis,31,MG,Minas Gerais,Sudeste,242328.0,8328419.738,14834.0,2912.11,61000.0,80544.0,15594.0,2369399.824,708.115,231091.0,326.35,34368.37566438876,61.21455217721435
3122355,Divisa Alegre,31,MG,Minas Gerais,Sudeste,6513.0,178201.595,210.0,2625.46,997.0,1202.0,214.0,34652.098,117.802,6321.0,53.66,27360.908183632735,32.2432058959005
3122405,Divisa Nova,31,MG,Minas Gerais,Sudeste,5993.0,129920.755,186.0,2493.7,605.0,800.0,187.0,20842.57,216.955,5851.0,26.97,21678.751042883363,31.036208910395462
3122454,Divisópolis,31,MG,Minas Gerais,Sudeste,10585.0,93183.437,213.0,2753.72,648.0,848.0,221.0,23466.518,572.926,10213.0,17.83,8803.347850732169,20.12281530467643
3122470,Dom Bosco,31,MG,Minas Gerais,Sudeste,3767.0,69488.079,119.0,2436.93,320.0,462.0,121.0,10981.282,817.383,3697.0,4.52,18446.530130076986,31.59012476771967
3122504,Dom Cavati,31,MG,Minas Gerais,Sudeste,4981.0,69617.629,214.0,2128.53,520.0,775.0,216.0,18794.032,59.52,4904.0,82.39,13976.637020678578,42.96326038948002
3122603,Dom Joaquim,31,MG,Minas Gerais,Sudeste,5051.0,67800.082,150.0,2586.58,579.0,731.0,151.0,17533.679,398.793,4899.0,12.28,13423.100772124331,29.697089685210848
3122702,Dom Silvério,31,MG,Minas Gerais,Sudeste,5350.0,108260.435,232.0,2651.06,962.0,1217.0,241.0,33860.262,194.972,5228.0,26.81,20235.595327102805,43.36448598130841
3122801,Dom Viçoso,31,MG,Minas Gerais,Sudeste,3176.0,39045.971,69.0,3012.36,177.0,233.0,71.0,9565.785,113.921,3095.0,27.17,12294.071473551638,21.72544080604534
3122900,Dona Euzébia,31,MG,Minas Gerais,Sudeste,6241.0,109853.981,258.0,2160.73,1021.0,1309.0,261.0,29979.846,70.231,6093.0,86.76,17601.983816696044,41.339528921647165
3123007,Dores de Campos,31,MG,Minas Gerais,Sudeste,10313.0,320072.006,495.0,2280.01,3281.0,3877.0,512.0,99338.234,124.842,10007.0,80.16,31035.78066517987,47.99767284010472
3123106,Dores de Guanhães,31,MG,Minas Gerais,Sudeste,5121.0,190688.686,149.0,2648.93,716.0,872.0,152.0,26076.016,382.124,5029.0,13.16,37236.61120874829,29.095879710993945
3123205,Dores do Indaiá,31,MG,Minas Gerais,Sudeste,12786.0,352243.163,793.0,2316.55,2704.0,3697.0,816.0,87160.893,1111.202,12630.0,11.37,27549.128969185047,62.02096042546535
3123304,Dores do Turvo,31,MG,Minas Gerais,Sudeste,5159.0,67068.986,164.0,1887.42,547.0,687.0,170.0,13470.01,231.169,4987.0,21.57,13000.384958325258,31.78910641597209
3123403,Doresópolis,31,MG,Minas Gerais,Sudeste,1496.0,84085.291,60.0,4341.27,227.0,277.0,61.0,17087.839,152.912,1461.0,9.55,56206.74532085562,40.106951871657756
3123502,Douradoquara,31,MG,Minas Gerais,Sudeste,1869.0,79306.236,93.0,2488.46,364.0,440.0,94.0,12146.128,312.878,1829.0,5.85,42432.4430176565,49.75922953451043
3123528,Durandé,31,MG,Minas Gerais,Sudeste,8038.0,122872.75,205.0,2602.89,452.0,661.0,211.0,17898.703,217.461,7817.0,35.95,15286.482955959194,25.503856680766358
3123601,Elói Mendes,31,MG,Minas Gerais,Sudeste,27343.0,705287.929,1144.0,2656.14,5016.0,6486.0,1178.0,182613.778,499.537,26336.0,52.72,25794.09461288081,41.838861865925466
3123700,Engenheiro Caldas,31,MG,Minas Gerais,Sudeste,14308.0,157011.752,375.0,1906.83,1575.0,2067.0,386.0,37627.084,187.058,13622.0,72.82,10973.703662286833,26.2091137824993
3123809,Engenheiro Navarro,31,MG,Minas Gerais,Sudeste,6411.0,92057.378,224.0,2282.97,685.0,914.0,232.0,24557.567,608.306,6354.0,10.45,14359.285290906255,34.93994696615193
3123858,Entre Folhas,31,MG,Minas Gerais,Sudeste,5293.0,64894.89,155.0,2566.82,537.0,677.0,157.0,17377.4,85.39,5179.0,60.65,12260.51199697714,29.28395994709994
3123908,Entre Rios de Minas,31,MG,Minas Gerais,Sudeste,15120.0,270169.703,650.0,2610.82,2205.0,3052.0,666.0,76571.226,456.796,14746.0,32.28,17868.3666005291,42.98941798941799
3124005,Ervália,31,MG,Minas Gerais,Sudeste,20951.0,409382.613,688.0,2175.16,2610.0,3490.0,693.0,78040.919,357.489,20255.0,56.66,19540.003484320558,32.8385279938905
3124104,Esmeraldas,31,MG,Minas Gerais,Sudeste,91573.0,973278.234,2190.0,2668.39,7706.0,10397.0,2291.0,260209.168,909.727,85598.0,94.09,10628.441068874014,23.915346226507815
3124203,Espera Feliz,31,MG,Minas Gerais,Sudeste,24761.0,411015.827,1029.0,2168.59,3739.0,4995.0,1066.0,104523.082,317.638,24102.0,75.88,16599.32260409515,41.557287670126414
3124302,Espinosa,31,MG,Minas Gerais,Sudeste,31385.0,364023.403,1042.0,2194.96,3369.0,4530.0,1076.0,104767.654,1868.97,30443.0,16.29,11598.64275927991,33.20057352238331
3124401,Espírito Santo do Dourado,31,MG,Minas Gerais,Sudeste,7007.0,122219.331,157.0,2841.33,676.0,841.0,158.0,25120.289,263.879,6611.0,25.05,17442.461966604824,22.40616526330812
3124500,Estiva,31,MG,Minas Gerais,Sudeste,11836.0,601828.708,447.0,2941.08,1905.0,2417.0,458.0,72960.512,243.872,11502.0,47.16,50847.30550861778,37.76613720851639
3124609,Estrela Dalva,31,MG,Minas Gerais,Sudeste,2204.0,42891.357,94.0,2272.02,294.0,381.0,95.0,9295.353,131.365,2186.0,16.64,19460.688294010888,42.6497277676951
3124708,Estrela do Indaiá,31,MG,Minas Gerais,Sudeste,2750.0,165337.982,114.0,2428.06,360.0,494.0,119.0,11491.162,635.981,2772.0,4.36,60122.90254545455,41.45454545454545
3124807,Estrela do Sul,31,MG,Minas Gerais,Sudeste,6926.0,351210.713,238.0,2410.97,807.0,1067.0,246.0,26948.397,822.454,6840.0,8.32,50709.02584464337,34.36326884204447
3124906,Eugenópolis,31,MG,Minas Gerais,Sudeste,11075.0,221740.94,405.0,2170.66,1513.0,1963.0,419.0,42938.031,309.395,10801.0,34.91,20021.755304740407,36.568848758465016
3125002,Ewbank da Câmara,31,MG,Minas Gerais,Sudeste,3977.0,54345.122,163.0,2577.02,490.0,685.0,163.0,16413.927,103.834,3875.0,37.32,13664.853407090772,40.98566758863465
3125101,Extrema,31,MG,Minas Gerais,Sudeste,57913.0,13653880.394,3530.0,3307.69,41637.0,45185.0,3802.0,1751827.367,244.575,53482.0,218.67,235765.37899953377,60.95349921433875
3125200,Fama,31,MG,Minas Gerais,Sudeste,2662.0,58616.647,126.0,3090.39,247.0,381.0,129.0,10010.433,86.024,2578.0,29.97,22019.77723516153,47.3328324567994
3125309,Faria Lemos,31,MG,Minas Gerais,Sudeste,3239.0,64355.137,89.0,2500.62,282.0,374.0,101.0,13497.044,165.224,3188.0,19.3,19868.82895955542,27.477616548317382
3125408,Felício dos Santos,31,MG,Minas Gerais,Sudeste,5248.0,73737.51,121.0,2357.54,501.0,607.0,122.0,16533.058,357.622,5133.0,14.35,14050.592606707318,23.05640243902439
3125507,São Gonçalo do Rio Preto,31,MG,Minas Gerais,Sudeste,3098.0,48741.79,89.0,2292.27,492.0,564.0,91.0,14672.698,314.458,3032.0,9.64,15733.308586184636,28.72821174951582
3125606,Felisburgo,31,MG,Minas Gerais,Sudeste,6592.0,75698.782,150.0,2477.0,566.0,707.0,152.0,19184.063,596.215,6489.0,10.88,11483.431735436894,22.75485436893204
3125705,Felixlândia,31,MG,Minas Gerais,Sudeste,14279.0,281135.599,545.0,2447.88,2678.0,3269.0,565.0,78503.426,1554.627,13978.0,8.99,19688.745640451012,38.16793893129771
3125804,Fernandes Tourinho,31,MG,Minas Gerais,Sudeste,2825.0,45852.472,72.0,2267.95,378.0,448.0,74.0,12216.442,151.875,2789.0,18.36,16230.96353982301,25.486725663716815
3125903,Ferros,31,MG,Minas Gerais,Sudeste,9666.0,147934.904,272.0,2556.04,793.0,1090.0,285.0,27831.196,1088.791,9590.0,8.81,15304.666252845023,28.13987171529071
3125952,Fervedouro,31,MG,Minas Gerais,Sudeste,10693.0,156871.962,295.0,2239.47,678.0,980.0,304.0,31438.121,357.683,10445.0,29.2,14670.528570092583,27.588141774992987
3126000,Florestal,31,MG,Minas Gerais,Sudeste,8386.0,142774.991,374.0,2435.61,1172.0,1633.0,378.0,38209.565,194.242,8045.0,41.42,17025.398402098737,44.59813975673742
3126109,Formiga,31,MG,Minas Gerais,Sudeste,70668.0,2212488.597,4380.0,2886.76,23952.0,30231.0,4679.0,786721.485,1501.915,68248.0,45.44,31308.210179996604,61.979962642214296
3126208,Formoso,31,MG,Minas Gerais,Sudeste,8103.0,314877.224,223.0,2933.28,561.0,785.0,229.0,31922.747,3686.004,7949.0,2.16,38859.33901024312,27.520671356287796
3126307,Fortaleza de Minas,31,MG,Minas Gerais,Sudeste,3485.0,111240.628,105.0,2766.74,399.0,491.0,106.0,14316.198,218.792,3477.0,15.89,31919.83586800574,30.12912482065997
3126406,Fortuna de Minas,31,MG,Minas Gerais,Sudeste,3207.0,51258.553,173.0,2740.77,437.0,639.0,175.0,15539.688,198.709,3093.0,15.57,15983.334268787028,53.94449641409417
3126505,Francisco Badaró,31,MG,Minas Gerais,Sudeste,7208.0,77801.215,161.0,2409.92,600.0,751.0,163.0,18888.58,461.481,7366.0,15.96,10793.73127081021,22.336293007769147
3126604,Francisco Dumont,31,MG,Minas Gerais,Sudeste,4564.0,75589.243,204.0,2354.3,974.0,1154.0,218.0,34354.438,1576.128,4503.0,2.86,16562.060254163014,44.697633654688865
3126703,Francisco Sá,31,MG,Minas Gerais,Sudeste,23819.0,452039.744,982.0,2465.82,2274.0,3403.0,1017.0,77396.938,2747.295,23476.0,8.55,18978.115957848775,41.22759141861539
3126752,Franciscópolis,31,MG,Minas Gerais,Sudeste,5062.0,101190.431,130.0,2796.52,631.0,759.0,138.0,23291.808,717.087,5034.0,7.02,19990.207625444487,25.68154879494271
3126802,Frei Gaspar,31,MG,Minas Gerais,Sudeste,5741.0,80089.325,122.0,2377.22,471.0,573.0,124.0,16653.194,626.672,5640.0,9.0,13950.413690994601,21.250653196307262
3126901,Frei Inocêncio,31,MG,Minas Gerais,Sudeste,8334.0,150514.469,297.0,2111.77,1182.0,1482.0,299.0,31830.059,469.557,8226.0,17.52,18060.291456683466,35.63714902807776
3126950,Frei Lagonegro,31,MG,Minas Gerais,Sudeste,3475.0,35557.969,75.0,2411.38,276.0,331.0,76.0,9523.518,167.474,3391.0,20.25,10232.509064748201,21.58273381294964
3127008,Fronteira,31,MG,Minas Gerais,Sudeste,14909.0,935386.424,707.0,2728.6,2072.0,2822.0,722.0,81882.615,199.987,14540.0,72.7,62739.71587631632,47.42102085988329
3127057,Fronteira dos Vales,31,MG,Minas Gerais,Sudeste,4405.0,48923.593,82.0,2294.5,416.0,466.0,83.0,12235.676,320.757,4345.0,13.55,11106.37752553916,18.615209988649262
3127073,Fruta de Leite,31,MG,Minas Gerais,Sudeste,4607.0,47074.935,98.0,2020.31,401.0,477.0,100.0,13943.566,762.837,4647.0,6.09,10218.13219014543,21.27197742565661
3127107,Frutal,31,MG,Minas Gerais,Sudeste,60942.0,2472972.017,3513.0,3029.92,15986.0,20386.0,3670.0,633119.94,2426.965,58588.0,24.14,40579.10828328575,57.64497390961898
3127206,Funilândia,31,MG,Minas Gerais,Sudeste,4886.0,83299.85,309.0,1840.42,875.0,1658.0,311.0,27188.469,199.797,4686.0,23.45,17048.67990176013,63.24191567744576
3127305,Galiléia,31,MG,Minas Gerais,Sudeste,6281.0,113698.807,267.0,2279.86,735.0,1000.0,271.0,24790.295,720.303,6222.0,8.64,18102.02308549594,42.509154593217644
3127339,Gameleiras,31,MG,Minas Gerais,Sudeste,4863.0,57342.391,109.0,2314.18,485.0,581.0,111.0,16345.126,1733.203,4793.0,2.77,11791.567139625746,22.414147645486327
3127354,Glaucilândia,31,MG,Minas Gerais,Sudeste,2991.0,41125.695,102.0,2379.69,373.0,468.0,103.0,12133.682,145.861,2928.0,20.07,13749.81444332999,34.10230692076229
3127370,Goiabeira,31,MG,Minas Gerais,Sudeste,2869.0,49897.749,113.0,2352.09,335.0,454.0,115.0,14456.251,112.443,2830.0,25.17,17392.0352039038,39.386545834785636
3127388,Goianá,31,MG,Minas Gerais,Sudeste,4190.0,62242.302,229.0,2487.3,683.0,943.0,231.0,22253.827,152.039,4053.0,26.66,14854.964677804295,54.653937947494036
3127404,Gonçalves,31,MG,Minas Gerais,Sudeste,4891.0,94304.714,301.0,2778.28,606.0,951.0,310.0,22475.26,187.353,4727.0,25.23,19281.27458597424,61.54160703332652
3127503,Gonzaga,31,MG,Minas Gerais,Sudeste,5271.0,68965.001,144.0,2065.42,595.0,720.0,146.0,19256.57,209.348,5230.0,24.98,13083.855245683932,27.319294251565168
3127602,Gouveia,31,MG,Minas Gerais,Sudeste,11549.0,198843.315,367.0,2060.23,2113.0,2538.0,382.0,56820.027,866.601,11331.0,13.08,17217.36210927353,31.777643085981474
3127701,Governador Valadares,31,MG,Minas Gerais,Sudeste,266649.0,7382103.923,14064.0,2833.7,58222.0,75982.0,14772.0,2279590.85,2342.376,257171.0,109.79,27684.723824203353,52.74349425649449
3127800,Grão Mogol,31,MG,Minas Gerais,Sudeste,14091.0,770835.526,520.0,2402.64,1838.0,2393.0,554.0,58294.279,3885.294,13901.0,3.58,54704.10375416933,36.90298772265985
3127909,Grupiara,31,MG,Minas Gerais,Sudeste,1426.0,44192.988,88.0,2097.68,504.0,568.0,88.0,12834.255,193.141,1392.0,7.21,30990.875175315567,61.711079943899016
3128006,Guanhães,31,MG,Minas Gerais,Sudeste,33434.0,996792.245,1793.0,2602.66,7875.0,10247.0,1865.0,263925.024,1075.124,32244.0,29.99,29813.72988574505,53.6280433092062
3128105,Guapé,31,MG,Minas Gerais,Sudeste,14073.0,390740.979,643.0,2668.87,1931.0,2734.0,666.0,65188.94,934.345,13772.0,14.74,27765.293753997015,45.69032899879201
3128204,Guaraciaba,31,MG,Minas Gerais,Sudeste,9921.0,115210.781,206.0,2193.62,2604.0,2853.0,212.0,68516.243,348.596,9753.0,27.98,11612.819373047072,20.764035883479487
3128253,Guaraciama,31,MG,Minas Gerais,Sudeste,5203.0,78006.391,175.0,2350.37,454.0,610.0,180.0,13980.63,390.263,5051.0,12.94,14992.579473380742,33.63444166826831
3128303,Guaranésia,31,MG,Minas Gerais,Sudeste,19611.0,549497.746,856.0,2737.38,5404.0,6450.0,888.0,193899.825,294.828,19150.0,64.95,28019.873846310744,43.648972515425015
3128402,Guarani,31,MG,Minas Gerais,Sudeste,7780.0,173382.665,397.0,2883.84,1297.0,1758.0,414.0,53306.456,264.194,7714.0,29.2,22285.689588688947,51.02827763496144
3128501,Guarará,31,MG,Minas Gerais,Sudeste,3132.0,57624.309,152.0,2117.9,697.0,871.0,152.0,20535.026,88.655,3149.0,35.52,18398.566091954024,48.53128991060025
3128600,Guarda-Mor,31,MG,Minas Gerais,Sudeste,6684.0,750764.846,416.0,3123.77,959.0,1473.0,423.0,46875.749,2068.808,6539.0,3.16,112322.68791143029,62.23818073010173
3128709,Guaxupé,31,MG,Minas Gerais,Sudeste,52621.0,2806751.376,3085.0,3103.38,13837.0,17917.0,3207.0,561206.281,286.398,50911.0,177.76,53338.997282453776,58.6267839835807
3128808,Guidoval,31,MG,Minas Gerais,Sudeste,7284.0,123261.67,290.0,2113.19,1155.0,1485.0,292.0,33402.762,158.375,7131.0,45.03,16922.250137287207,39.81328940142779
3128907,Guimarânia,31,MG,Minas Gerais,Sudeste,8808.0,327591.513,295.0,2660.7,773.0,1101.0,303.0,29726.562,366.833,8478.0,23.11,37192.496934604904,33.49227974568574
3129004,Guiricema,31,MG,Minas Gerais,Sudeste,7850.0,114327.227,304.0,2066.27,1119.0,1449.0,312.0,30110.966,293.578,7778.0,26.49,14563.97796178344,38.72611464968153
3129103,Gurinhatã,31,MG,Minas Gerais,Sudeste,5203.0,180788.045,173.0,2765.65,525.0,685.0,191.0,18990.627,1849.137,5192.0,2.81,34746.88545070152,33.250048049202384
3129202,Heliodora,31,MG,Minas Gerais,Sudeste,6274.0,133434.54,203.0,2394.47,749.0,955.0,212.0,25171.486,153.95,6134.0,39.84,21267.857825948362,32.35575390500478
3129301,Iapu,31,MG,Minas Gerais,Sudeste,12486.0,176379.627,387.0,2565.02,1095.0,1540.0,390.0,34867.114,340.994,12030.0,35.28,14126.191494473811,30.99471407976934
3129400,Ibertioga,31,MG,Minas Gerais,Sudeste,5334.0,103540.03,153.0,2229.93,507.0,651.0,167.0,18653.574,346.24,5198.0,15.01,19411.329208848892,28.683914510686165
3129509,Ibiá,31,MG,Minas Gerais,Sudeste,22596.0,1534623.779,892.0,3036.79,3677.0,4745.0,918.0,148991.414,2704.132,22229.0,8.22,67915.7275181448,39.476013453708624
3129608,Ibiaí,31,MG,Minas Gerais,Sudeste,6254.0,114948.035,193.0,2194.03,628.0,790.0,200.0,17841.626,874.76,6286.0,7.19,18379.922449632235,30.86024944035817
3129657,Ibiracatu,31,MG,Minas Gerais,Sudeste,5139.0,51252.323,90.0,2236.5,378.0,455.0,92.0,13974.931,353.257,5081.0,14.38,9973.209379256665,17.513134851138354
3129707,Ibiraci,31,MG,Minas Gerais,Sudeste,11057.0,728232.156,427.0,3310.62,1506.0,2023.0,433.0,64946.612,562.095,10948.0,19.48,65861.64022790993,38.6180700009044
3129806,Ibirité,31,MG,Minas Gerais,Sudeste,178713.0,3202480.113,3620.0,3113.1,19738.0,24113.0,3737.0,818980.11,72.395,170537.0,2355.65,17919.68190898256,20.255941089903924
3129905,Ibitiúra de Minas,31,MG,Minas Gerais,Sudeste,3439.0,77622.484,144.0,2737.85,427.0,579.0,147.0,14668.176,68.316,3365.0,49.26,22571.236987496366,41.87263739459146
3130002,Ibituruna,31,MG,Minas Gerais,Sudeste,2740.0,59365.491,110.0,2594.43,336.0,438.0,113.0,11735.833,153.106,2698.0,17.62,21666.237591240875,40.14598540145985
3130051,Icaraí de Minas,31,MG,Minas Gerais,Sudeste,10912.0,111419.448,190.0,2408.29,907.0,1089.0,190.0,26217.172,625.664,10677.0,17.07,10210.726539589443,17.412023460410555
3130101,Igarapé,31,MG,Minas Gerais,Sudeste,48475.0,966978.336,2166.0,2783.62,8887.0,11783.0,2238.0,331135.419,110.942,45847.0,413.25,19947.980113460548,44.682826199071684
3130200,Igaratinga,31,MG,Minas Gerais,Sudeste,11252.0,577884.474,487.0,2551.4,3223.0,3860.0,517.0,106519.702,218.343,10830.0,49.6,51358.37842161393,43.28119445431923
3130309,Iguatama,31,MG,Minas Gerais,Sudeste,6845.0,586931.284,364.0,2892.93,1360.0,1796.0,374.0,51730.684,628.2,6826.0,10.87,85745.98743608473,53.177501826150475
3130408,Ijaci,31,MG,Minas Gerais,Sudeste,7291.0,494349.183,415.0,3282.73,1498.0,2010.0,425.0,69989.454,105.246,7003.0,66.54,67802.65848306131,56.91948978192292
3130507,Ilicínea,31,MG,Minas Gerais,Sudeste,13171.0,265457.276,499.0,2127.19,1616.0,2236.0,513.0,49821.78,376.341,12741.0,33.85,20154.678915799865,37.88626527978134
3130556,Imbé de Minas,31,MG,Minas Gerais,Sudeste,7208.0,101195.736,116.0,2087.69,460.0,560.0,117.0,16513.334,196.735,6986.0,35.51,14039.364039955604,16.093229744728077
3130606,Inconfidentes,31,MG,Minas Gerais,Sudeste,7510.0,132560.09,339.0,2145.42,970.0,1329.0,349.0,28663.248,149.611,7301.0,48.8,17651.14380825566,45.13981358189081
3130655,Indaiabira,31,MG,Minas Gerais,Sudeste,6379.0,87299.551,194.0,1893.38,617.0,775.0,218.0,16324.182,1004.149,6346.0,6.32,13685.460260228876,30.41229032763756
3130705,Indianópolis,31,MG,Minas Gerais,Sudeste,6309.0,875623.444,253.0,5795.69,2662.0,2909.0,261.0,203315.004,830.03,6171.0,7.43,138789.57742906958,40.10144238389602
3130804,Ingaí,31,MG,Minas Gerais,Sudeste,2633.0,115688.894,105.0,2494.34,520.0,625.0,120.0,17484.358,305.591,2580.0,8.44,43938.0531712875,39.87846562856058
3130903,Inhapim,31,MG,Minas Gerais,Sudeste,23000.0,404765.944,873.0,2246.16,2512.0,3550.0,891.0,81069.525,858.024,22692.0,26.45,17598.519304347825,37.95652173913044
3131000,Inhaúma,31,MG,Minas Gerais,Sudeste,6435.0,145760.514,253.0,2368.6,1263.0,1574.0,259.0,38798.627,244.996,6239.0,25.47,22651.206526806527,39.31623931623932
3131109,Inimutaba,31,MG,Minas Gerais,Sudeste,7587.0,90714.035,226.0,2044.19,983.0,1231.0,233.0,27253.199,527.06,7371.0,13.99,11956.509160405958,29.787794912350073
3131158,Ipaba,31,MG,Minas Gerais,Sudeste,17554.0,180272.402,430.0,1920.08,1714.0,2163.0,442.0,42912.517,113.246,17136.0,151.32,10269.591090349777,24.495841403668678
3131208,Ipanema,31,MG,Minas Gerais,Sudeste,20095.0,344482.084,964.0,2259.2,2775.0,3940.0,990.0,80965.117,456.641,19522.0,42.75,17142.67648668823,47.972132371236626
3131307,Ipatinga,31,MG,Minas Gerais,Sudeste,235445.0,17607739.764,13584.0,3191.98,69715.0,86795.0,14360.0,2980795.327,164.884,227731.0,1381.16,74784.93815540784,57.695003079275416
3131406,Ipiaçu,31,MG,Minas Gerais,Sudeste,3823.0,183042.644,144.0,2132.48,755.0,905.0,150.0,20786.442,466.02,3775.0,8.1,47879.320952131835,37.66675385822652
3131505,Ipuiúna,31,MG,Minas Gerais,Sudeste,9299.0,188546.522,443.0,2592.72,1322.0,1837.0,456.0,42937.974,298.195,9135.0,30.63,20275.99978492311,47.63953113237983
3131604,Iraí de Minas,31,MG,Minas Gerais,Sudeste,7423.0,301449.639,400.0,2797.51,1329.0,1805.0,410.0,49290.465,356.264,7180.0,20.15,40610.21675872289,53.88656877273339
3131703,Itabira,31,MG,Minas Gerais,Sudeste,117747.0,14971550.437,4913.0,3444.12,35645.0,42374.0,5203.0,1617151.167,1253.704,113343.0,90.41,127150.16464963014,41.725054566146056
3131802,Itabirinha,31,MG,Minas Gerais,Sudeste,10560.0,136366.42,414.0,2081.5,1260.0,1719.0,425.0,34459.265,209.034,10362.0,49.57,12913.486742424242,39.20454545454546
3131901,Itabirito,31,MG,Minas Gerais,Sudeste,55877.0,13139281.552,2926.0,3964.16,21509.0,25366.0,3015.0,1173136.42,544.027,53365.0,98.09,235146.51022782183,52.36501601732377
3132008,Itacambira,31,MG,Minas Gerais,Sudeste,4265.0,61709.441,143.0,2621.58,588.0,741.0,145.0,23560.889,1788.445,4252.0,2.38,14468.802110199296,33.528722157092616
3132107,Itacarambi,31,MG,Minas Gerais,Sudeste,17521.0,226687.431,481.0,2540.12,1863.0,2344.0,502.0,69159.653,1225.273,17208.0,14.04,12938.041835511673,27.45277096056161
3132206,Itaguara,31,MG,Minas Gerais,Sudeste,14325.0,402203.951,793.0,2524.19,3300.0,4360.0,835.0,112703.521,410.468,13846.0,33.73,28077.064642233858,55.35776614310646
3132305,Itaipé,31,MG,Minas Gerais,Sudeste,10549.0,121610.639,261.0,2558.72,755.0,1006.0,265.0,29131.012,480.829,10463.0,21.76,11528.167504028817,24.741681675988247
3132404,Itajubá,31,MG,Minas Gerais,Sudeste,96632.0,3611716.284,5576.0,3728.0,25415.0,32935.0,5822.0,1250742.09,294.835,93073.0,315.68,37375.98605016972,57.70345227253912
3132503,Itamarandiba,31,MG,Minas Gerais,Sudeste,34137.0,647442.593,1260.0,2390.15,5388.0,6885.0,1314.0,172833.394,2735.573,32948.0,12.04,18966.00735272578,36.91009754811495
3132602,Itamarati de Minas,31,MG,Minas Gerais,Sudeste,3730.0,67305.096,158.0,2141.58,575.0,724.0,171.0,16295.612,94.568,3690.0,39.02,18044.26166219839,42.35924932975872
3132701,Itambacuri,31,MG,Minas Gerais,Sudeste,21296.0,341003.497,505.0,2428.45,2750.0,3350.0,518.0,82756.591,1419.209,21042.0,14.83,16012.560903456048,23.71337340345605
3132800,Itambé do Mato Dentro,31,MG,Minas Gerais,Sudeste,2175.0,35862.511,76.0,2543.77,195.0,269.0,77.0,6085.02,380.34,2142.0,5.63,16488.5108045977,34.94252873563218
3132909,Itamogi,31,MG,Minas Gerais,Sudeste,11062.0,236282.895,378.0,2614.07,1454.0,1903.0,384.0,48734.586,243.714,10770.0,44.19,21359.871180618335,34.1710359790273
3133006,Itamonte,31,MG,Minas Gerais,Sudeste,15193.0,1181670.936,705.0,2880.03,3570.0,4449.0,730.0,136298.863,431.792,14786.0,34.24,77777.3274534325,46.40294872638715
3133105,Itanhandu,31,MG,Minas Gerais,Sudeste,15684.0,470089.292,692.0,2630.43,4202.0,5087.0,716.0,142653.933,143.363,15236.0,106.28,29972.538383065545,44.12139760265239
3133204,Itanhomi,31,MG,Minas Gerais,Sudeste,11298.0,151255.998,325.0,2311.84,1071.0,1434.0,331.0,33086.353,488.843,11128.0,22.76,13387.856080722251,28.766153301469288
3133303,Itaobim,31,MG,Minas Gerais,Sudeste,19354.0,308689.765,745.0,2385.7,2662.0,3519.0,772.0,83520.051,679.024,19151.0,28.2,15949.66234370156,38.49333471117082
3133402,Itapagipe,31,MG,Minas Gerais,Sudeste,14004.0,514170.0,529.0,3354.42,2830.0,3450.0,550.0,128277.726,1802.438,13690.0,7.6,36715.9383033419,37.774921451013995
3133501,Itapecerica,31,MG,Minas Gerais,Sudeste,21462.0,628984.71,828.0,2807.93,3799.0,4794.0,863.0,142079.305,1040.519,21046.0,20.23,29306.901034386356,38.57981548783897
3133600,Itapeva,31,MG,Minas Gerais,Sudeste,13332.0,849148.449,704.0,3123.27,3296.0,4005.0,721.0,130733.737,177.347,12692.0,71.57,63692.50292529253,52.805280528052805
3133709,Itatiaiuçu,31,MG,Minas Gerais,Sudeste,13603.0,6934361.709,559.0,4688.58,5419.0,6043.0,569.0,326455.914,295.145,12966.0,43.93,509767.08880394034,41.09387635080497
3133758,Itaú de Minas,31,MG,Minas Gerais,Sudeste,14655.0,724062.181,725.0,2830.79,3585.0,4417.0,741.0,137549.848,153.421,14406.0,93.9,49407.17714090754,49.47117024906175
3133808,Itaúna,31,MG,Minas Gerais,Sudeste,102500.0,5082301.98,6002.0,3319.54,31791.0,40038.0,6222.0,1389222.949,495.769,97669.0,197.01,49583.433951219515,58.55609756097561
3133907,Itaverava,31,MG,Minas Gerais,Sudeste,5752.0,71363.054,177.0,2556.1,573.0,752.0,179.0,19275.336,284.22,5642.0,19.85,12406.650556328234,30.771905424200277
3134004,Itinga,31,MG,Minas Gerais,Sudeste,13982.0,148251.202,306.0,3670.16,2041.0,2320.0,323.0,104000.29,1649.622,13745.0,8.33,10603.004005149478,21.88528107566872
3134103,Itueta,31,MG,Minas Gerais,Sudeste,6218.0,122237.522,184.0,2645.29,470.0,655.0,186.0,23148.805,452.676,6055.0,13.38,19658.655837889997,29.591508523641043
3134202,Ituiutaba,31,MG,Minas Gerais,Sudeste,106397.0,3797167.358,4254.0,2713.47,22281.0,27691.0,4432.0,805859.617,2598.046,102217.0,39.34,35688.66939857327,39.98233032886266
3134301,Itumirim,31,MG,Minas Gerais,Sudeste,6845.0,91595.651,198.0,2744.83,448.0,651.0,201.0,16116.124,234.802,6638.0,28.27,13381.395325054784,28.926223520818116
3134400,Iturama,31,MG,Minas Gerais,Sudeste,40011.0,2016961.901,2338.0,3079.59,11136.0,14016.0,2388.0,456336.934,1404.663,38295.0,27.26,50410.184724200844,58.43393066906601
3134509,Itutinga,31,MG,Minas Gerais,Sudeste,4347.0,172517.553,181.0,2592.11,656.0,821.0,185.0,22855.96,372.018,4217.0,11.34,39686.57763975155,41.637911203128596
3134608,Jaboticatubas,31,MG,Minas Gerais,Sudeste,21214.0,297804.467,843.0,2677.85,2367.0,3420.0,871.0,85202.597,1114.972,20406.0,18.3,14038.110068822476,39.73790892806637
3134707,Jacinto,31,MG,Minas Gerais,Sudeste,11169.0,131533.509,293.0,1966.03,1192.0,1475.0,300.0,29379.583,1393.609,11042.0,7.92,11776.65941445071,26.233324379980303
3134806,Jacuí,31,MG,Minas Gerais,Sudeste,7663.0,150927.788,302.0,2528.19,745.0,1099.0,307.0,25308.79,409.229,7495.0,18.31,19695.652877463133,39.41015268171735
3134905,Jacutinga,31,MG,Minas Gerais,Sudeste,26705.0,1143674.23,1652.0,2871.28,7720.0,9686.0,1811.0,295150.575,347.667,25525.0,73.42,42826.22093240966,61.8610747051114
3135001,Jaguaraçu,31,MG,Minas Gerais,Sudeste,3173.0,109803.214,132.0,2145.57,782.0,919.0,132.0,22448.675,163.76,3092.0,18.88,34605.48818153168,41.601008509297195
3135050,Jaíba,31,MG,Minas Gerais,Sudeste,39379.0,849077.896,1330.0,2774.56,5805.0,7334.0,1410.0,267472.084,2635.467,37660.0,14.29,21561.692678838976,33.77434673303029
3135076,Jampruca,31,MG,Minas Gerais,Sudeste,4306.0,82525.666,85.0,2485.65,424.0,484.0,89.0,13742.894,517.095,4296.0,8.31,19165.27310729215,19.739897816999537
3135100,Janaúba,31,MG,Minas Gerais,Sudeste,73281.0,1603604.651,3547.0,2486.35,14015.0,18411.0,3667.0,452345.249,2181.319,70699.0,32.41,21882.952620733886,48.4027237619574
3135209,Januária,31,MG,Minas Gerais,Sudeste,67087.0,824553.286,1871.0,2277.52,7252.0,9464.0,1962.0,210854.838,6661.588,65150.0,9.78,12290.805759685185,27.88915885342913
3135308,Japaraíba,31,MG,Minas Gerais,Sudeste,4672.0,101344.906,217.0,2351.91,721.0,935.0,229.0,23563.989,172.141,4506.0,26.18,21691.974743150684,46.446917808219176
3135357,Japonvar,31,MG,Minas Gerais,Sudeste,8357.0,77418.326,197.0,2107.06,599.0,772.0,200.0,17763.881,375.181,8127.0,21.66,9263.889673327749,23.573052530812493
3135407,Jeceaba,31,MG,Minas Gerais,Sudeste,6428.0,1952716.357,237.0,6032.76,4258.0,4472.0,239.0,344225.564,236.25,6197.0,26.23,303782.8806782825,36.869943995021785
3135456,Jenipapo de Minas,31,MG,Minas Gerais,Sudeste,6124.0,79485.599,441.0,2403.14,546.0,3156.0,443.0,17329.585,284.453,6100.0,21.44,12979.359732201176,72.01175702155454
3135506,Jequeri,31,MG,Minas Gerais,Sudeste,12652.0,193976.079,275.0,2458.84,1003.0,1285.0,281.0,32481.138,547.897,12419.0,22.67,15331.653414479924,21.735693961429025
3135605,Jequitaí,31,MG,Minas Gerais,Sudeste,6460.0,130435.841,235.0,2450.89,766.0,981.0,243.0,24384.982,1268.443,6484.0,5.11,20191.30665634675,36.37770897832817
3135704,Jequitibá,31,MG,Minas Gerais,Sudeste,6098.0,126107.62,341.0,2280.53,929.0,1352.0,345.0,27965.581,445.03,5883.0,13.22,20680.160708428994,55.919973761889146
3135803,Jequitinhonha,31,MG,Minas Gerais,Sudeste,24509.0,274884.619,559.0,2310.5,2073.0,2639.0,598.0,61361.265,3514.216,24007.0,6.83,11215.660328858787,22.8079481006977
3135902,Jesuânia,31,MG,Minas Gerais,Sudeste,5296.0,104191.61,119.0,2259.18,515.0,640.0,120.0,17898.841,153.852,5138.0,33.4,19673.642371601207,22.46978851963746
3136009,Joaíma,31,MG,Minas Gerais,Sudeste,14084.0,162645.132,251.0,2580.47,1004.0,1241.0,261.0,35096.328,1664.19,13888.0,8.35,11548.220107923886,17.821641579096845
3136108,Joanésia,31,MG,Minas Gerais,Sudeste,4304.0,110201.459,114.0,2276.71,369.0,451.0,114.0,11376.57,233.292,4329.0,18.56,25604.428206319702,26.486988847583643
3136207,João Monlevade,31,MG,Minas Gerais,Sudeste,83360.0,4852509.786,4170.0,3273.27,23457.0,29377.0,4340.0,1001312.076,99.158,80187.0,808.68,58211.48975527831,50.02399232245681
3136306,João Pinheiro,31,MG,Minas Gerais,Sudeste,48532.0,2156345.263,3047.0,2500.58,16107.0,20015.0,3303.0,514531.472,10727.097,46801.0,4.36,44431.41150168961,62.783318223028104
3136405,Joaquim Felício,31,MG,Minas Gerais,Sudeste,3891.0,72279.075,134.0,2518.6,500.0,623.0,143.0,16231.071,790.935,3854.0,4.87,18575.963762528914,34.438447699820095
3136504,Jordânia,31,MG,Minas Gerais,Sudeste,10536.0,107126.746,203.0,2248.87,773.0,988.0,206.0,24170.039,546.705,10304.0,18.85,10167.686598329537,19.267274107820807
3136520,José Gonçalves de Minas,31,MG,Minas Gerais,Sudeste,3993.0,51739.301,121.0,2694.3,310.0,401.0,131.0,12481.494,381.332,3969.0,10.41,12957.500876533933,30.303030303030305
3136553,José Raydan,31,MG,Minas Gerais,Sudeste,4352.0,72329.52,100.0,2100.03,655.0,747.0,102.0,17767.382,180.822,4268.0,23.6,16619.834558823528,22.97794117647059
3136579,Josenópolis,31,MG,Minas Gerais,Sudeste,3607.0,58016.757,103.0,2218.41,734.0,825.0,103.0,22331.443,541.393,3630.0,6.7,16084.490435264763,28.555586359855837
3136603,Nova União,31,MG,Minas Gerais,Sudeste,6083.0,107483.41,234.0,2428.44,761.0,1030.0,239.0,23830.083,172.131,5909.0,34.33,17669.473943777743,38.467861252671376
3136652,Juatuba,31,MG,Minas Gerais,Sudeste,32726.0,1436347.194,1078.0,3404.94,10698.0,11910.0,1101.0,463875.942,97.017,30716.0,316.6,43890.09332029579,32.940169895495934
3136702,Juiz de Fora,31,MG,Minas Gerais,Sudeste,565764.0,20281698.377,32370.0,3253.02,158684.0,201011.0,34537.0,6665881.466,1435.749,540756.0,376.64,35848.336721671934,57.21466901393514
3136801,Juramento,31,MG,Minas Gerais,Sudeste,3815.0,51590.583,116.0,2263.46,413.0,541.0,123.0,12093.057,431.63,3768.0,8.73,13523.088597640892,30.40629095674967
3136900,Juruaia,31,MG,Minas Gerais,Sudeste,11543.0,274079.031,601.0,2135.42,2318.0,3040.0,610.0,65868.705,220.353,11084.0,50.3,23744.176643853418,52.06618729966213
3136959,Juvenília,31,MG,Minas Gerais,Sudeste,5929.0,65619.107,127.0,2292.76,479.0,601.0,129.0,15722.915,1064.692,5789.0,5.44,11067.483049418115,21.420138303255186
3137007,Ladainha,31,MG,Minas Gerais,Sudeste,14399.0,147335.314,204.0,2447.12,875.0,1057.0,209.0,30666.045,866.29,14383.0,16.6,10232.329606222655,14.167650531286895
3137106,Lagamar,31,MG,Minas Gerais,Sudeste,6672.0,242478.231,257.0,2329.7,810.0,1069.0,263.0,27972.907,1474.562,6631.0,4.5,36342.66052158274,38.51918465227818
3137205,Lagoa da Prata,31,MG,Minas Gerais,Sudeste,53583.0,1984774.207,2961.0,2869.5,14049.0,18045.0,3098.0,531975.776,439.984,51412.0,116.85,37041.117649254425,55.26006382621354
3137304,Lagoa dos Patos,31,MG,Minas Gerais,Sudeste,3285.0,59595.164,112.0,2201.69,430.0,509.0,115.0,11923.035,600.547,3313.0,5.52,18141.602435312023,34.09436834094368
3137403,Lagoa Dourada,31,MG,Minas Gerais,Sudeste,13116.0,345374.295,425.0,2806.74,1751.0,2261.0,436.0,67255.446,476.693,12769.0,26.79,26332.288426349496,32.403171698688624
3137502,Lagoa Formosa,31,MG,Minas Gerais,Sudeste,19507.0,565538.929,651.0,2849.78,2519.0,3313.0,660.0,101330.137,840.92,18904.0,22.48,28991.589121853693,33.37263546419234
3137536,Lagoa Grande,31,MG,Minas Gerais,Sudeste,9210.0,292472.298,398.0,2460.66,1110.0,1550.0,409.0,37232.208,1236.301,8969.0,7.25,31755.94983713355,43.213897937024974
3137601,Lagoa Santa,31,MG,Minas Gerais,Sudeste,79981.0,2187874.863,4611.0,3464.14,18927.0,25375.0,4790.0,857661.172,229.409,75145.0,327.56,27354.9325839887,57.651192158137555
3137700,Lajinha,31,MG,Minas Gerais,Sudeste,21422.0,399767.038,650.0,2933.2,2929.0,3726.0,675.0,107379.977,431.92,20835.0,48.24,18661.517972178135,30.342638409112126
3137809,Lambari,31,MG,Minas Gerais,Sudeste,20950.0,405228.682,880.0,2417.95,3205.0,4256.0,897.0,101126.372,213.11,20414.0,95.79,19342.65785202864,42.004773269689736
3137908,Lamim,31,MG,Minas Gerais,Sudeste,3226.0,52121.453,156.0,2270.57,389.0,563.0,158.0,10859.178,118.602,3184.0,26.85,16156.681029138252,48.357098574085555
3138005,Laranjal,31,MG,Minas Gerais,Sudeste,6042.0,95736.447,343.0,2159.09,859.0,1284.0,344.0,29002.892,204.882,5963.0,29.1,15845.158391261171,56.76928169480305
3138104,Lassance,31,MG,Minas Gerais,Sudeste,7358.0,192531.083,256.0,2770.4,1469.0,1717.0,265.0,57997.385,3204.217,7124.0,2.22,26166.224925251427,34.792063060614296
3138203,Lavras,31,MG,Minas Gerais,Sudeste,109884.0,2941307.978,5870.0,3194.86,29971.0,37941.0,6110.0,1240500.778,564.744,104761.0,185.5,26767.390866732192,53.41997015034036
3138302,Leandro Ferreira,31,MG,Minas Gerais,Sudeste,3270.0,55488.241,134.0,2942.3,332.0,471.0,138.0,13118.546,352.005,3199.0,9.09,16968.881039755353,40.97859327217125
3138351,Leme do Prado,31,MG,Minas Gerais,Sudeste,4387.0,66185.206,145.0,2339.44,483.0,618.0,147.0,15828.619,280.036,4341.0,15.5,15086.666514702532,33.05219968087531
3138401,Leopoldina,31,MG,Minas Gerais,Sudeste,52696.0,1112638.912,2308.0,2451.72,9458.0,12467.0,2385.0,302711.211,943.077,51145.0,54.23,21114.2954303932,43.79839076969789
3138500,Liberdade,31,MG,Minas Gerais,Sudeste,4775.0,107623.129,201.0,2516.15,511.0,686.0,208.0,18314.919,401.337,4737.0,11.8,22538.875183246073,42.09424083769633
3138609,Lima Duarte,31,MG,Minas Gerais,Sudeste,17712.0,339218.657,829.0,2186.98,2764.0,3735.0,863.0,80925.654,848.564,17221.0,20.29,19151.911528906956,46.80442637759711
3138625,Limeira do Oeste,31,MG,Minas Gerais,Sudeste,9087.0,462720.443,334.0,4146.85,3195.0,3544.0,340.0,176224.204,1317.153,8687.0,6.6,50921.14482227358,36.75580499614834
3138658,Lontra,31,MG,Minas Gerais,Sudeste,8968.0,93829.353,234.0,1712.93,1013.0,1249.0,237.0,26011.983,258.925,8790.0,33.95,10462.684322033898,26.092774308652988
3138674,Luisburgo,31,MG,Minas Gerais,Sudeste,7195.0,132764.781,161.0,2439.12,332.0,498.0,162.0,15642.812,145.418,6956.0,47.83,18452.36706045865,22.376650451702574
3138682,Luislândia,31,MG,Minas Gerais,Sudeste,6329.0,65469.093,139.0,2248.38,471.0,586.0,142.0,15076.266,411.714,6210.0,15.08,10344.302891452046,21.962395323115814
3138708,Luminárias,31,MG,Minas Gerais,Sudeste,5731.0,149049.071,210.0,2331.47,851.0,1097.0,220.0,25723.288,500.143,5586.0,11.17,26007.51544233118,36.64281975222474
3138807,Luz,31,MG,Minas Gerais,Sudeste,18304.0,657535.006,967.0,2850.62,3815.0,5089.0,992.0,140730.411,1171.659,17875.0,15.26,35923.022618006995,52.82998251748252
3138906,Machacalis,31,MG,Minas Gerais,Sudeste,6579.0,112414.488,169.0,2565.79,513.0,669.0,171.0,20328.377,332.378,6487.0,19.52,17086.86548107615,25.68779449764402
3139003,Machado,31,MG,Minas Gerais,Sudeste,38831.0,1373895.592,2175.0,2786.82,7952.0,10904.0,2250.0,285268.182,585.958,37684.0,64.31,35381.41155262548,56.01194921583271
3139102,Madre de Deus de Minas,31,MG,Minas Gerais,Sudeste,5341.0,301964.566,243.0,2657.18,827.0,1091.0,250.0,29921.431,492.909,5191.0,10.53,56537.084066654184,45.4970979217375
3139201,Malacacheta,31,MG,Minas Gerais,Sudeste,17751.0,235786.341,460.0,2498.43,1762.0,2281.0,473.0,56167.168,727.886,17516.0,24.06,13282.98918370796,25.91403301222466
3139250,Mamonas,31,MG,Minas Gerais,Sudeste,6096.0,60080.494,132.0,2230.22,522.0,637.0,132.0,15070.519,284.365,5997.0,21.09,9855.72408136483,21.653543307086615
3139300,Manga,31,MG,Minas Gerais,Sudeste,19188.0,243335.8,563.0,2366.57,1837.0,2400.0,581.0,58444.814,1950.184,18886.0,9.68,12681.66562434855,29.34125495101105
3139409,Manhuaçu,31,MG,Minas Gerais,Sudeste,96545.0,3277777.545,4571.0,2405.86,23326.0,29094.0,4764.0,711479.258,628.318,91886.0,146.24,33950.77471645347,47.345797296597446
3139508,Manhumirim,31,MG,Minas Gerais,Sudeste,20970.0,563358.125,977.0,2315.46,3444.0,4639.0,1014.0,107566.581,182.9,20613.0,112.7,26864.95588936576,46.59036719122556
3139607,Mantena,31,MG,Minas Gerais,Sudeste,27358.0,476839.118,1119.0,2353.76,4236.0,5570.0,1165.0,131330.912,685.208,26535.0,38.73,17429.604430148403,40.90211272753856
3139706,Maravilhas,31,MG,Minas Gerais,Sudeste,7518.0,233073.196,347.0,2418.11,1612.0,1978.0,354.0,51836.097,261.604,7333.0,28.03,31002.02128225592,46.15589252460761
3139805,Mar de Espanha,31,MG,Minas Gerais,Sudeste,13119.0,227481.603,773.0,1663.74,3206.0,4239.0,795.0,72066.262,371.6,12721.0,34.23,17339.85844957695,58.92217394618493
3139904,Maria da Fé,31,MG,Minas Gerais,Sudeste,14557.0,203119.33,441.0,2547.18,1366.0,1900.0,457.0,51093.594,202.898,14247.0,70.22,13953.378443360583,30.29470357903414
3140001,Mariana,31,MG,Minas Gerais,Sudeste,64058.0,7367033.318,2891.0,3404.39,20259.0,24118.0,3003.0,889174.58,1194.208,61387.0,51.4,115005.67170376846,45.13097505385744
3140100,Marilac,31,MG,Minas Gerais,Sudeste,4320.0,57772.34,117.0,2231.24,510.0,613.0,118.0,15547.311,158.809,4224.0,26.6,13373.226851851852,27.083333333333336
3140159,Mário Campos,31,MG,Minas Gerais,Sudeste,16546.0,197956.538,481.0,2340.88,1782.0,2331.0,488.0,56921.926,35.196,15900.0,451.76,11964.01172488819,29.07047020427898
3140209,Maripá de Minas,31,MG,Minas Gerais,Sudeste,3532.0,74901.505,144.0,1858.93,862.0,1018.0,149.0,21749.767,77.338,3387.0,43.79,21206.54161947905,40.770101925254814
3140308,Marliéria,31,MG,Minas Gerais,Sudeste,4761.0,60417.198,146.0,2595.18,442.0,587.0,153.0,15713.839,545.813,4592.0,8.41,12690.022684310019,30.665826507036336
3140407,Marmelópolis,31,MG,Minas Gerais,Sudeste,3299.0,42789.614,103.0,3070.42,285.0,368.0,105.0,12259.248,107.902,3200.0,29.66,12970.480145498635,31.221582297665957
3140506,Martinho Campos,31,MG,Minas Gerais,Sudeste,14461.0,474366.573,897.0,2649.8,4224.0,5255.0,978.0,146530.849,1058.418,14003.0,13.23,32803.1652721112,62.02890533158149
3140530,Martins Soares,31,MG,Minas Gerais,Sudeste,8725.0,215620.66,295.0,2588.91,732.0,1048.0,297.0,32166.891,113.268,8396.0,74.13,24712.969627507162,33.810888252149
3140555,Mata Verde,31,MG,Minas Gerais,Sudeste,9458.0,91547.003,203.0,2370.67,616.0,812.0,203.0,18691.86,227.539,9112.0,40.05,9679.319412137873,21.46331148234299
3140605,Materlândia,31,MG,Minas Gerais,Sudeste,3982.0,60525.84,96.0,2637.85,350.0,432.0,96.0,12967.208,280.53,3963.0,14.13,15199.859367152185,24.108488196885986
3140704,Mateus Leme,31,MG,Minas Gerais,Sudeste,40239.0,1078989.225,1404.0,2666.97,7146.0,8933.0,1455.0,247997.765,301.383,37841.0,125.56,26814.513904421085,34.89152314918363
3140803,Matias Barbosa,31,MG,Minas Gerais,Sudeste,14501.0,627997.327,872.0,3634.09,9568.0,10671.0,898.0,412822.174,157.066,14121.0,89.9,43307.173781118545,60.133783876974
3140852,Matias Cardoso,31,MG,Minas Gerais,Sudeste,8975.0,158429.103,252.0,2358.44,1006.0,1221.0,272.0,32357.32,1940.598,8895.0,4.58,17652.26774373259,28.077994428969358
3140902,Matipó,31,MG,Minas Gerais,Sudeste,19054.0,425174.495,624.0,2366.13,2606.0,3286.0,645.0,81224.65,266.99,18552.0,69.49,22314.185735278683,32.74902907525979
3141009,Mato Verde,31,MG,Minas Gerais,Sudeste,12238.0,157529.823,593.0,2076.92,1201.0,1830.0,602.0,34829.969,472.245,12038.0,25.49,12872.186876940677,48.455630004902766
3141108,Matozinhos,31,MG,Minas Gerais,Sudeste,39291.0,1505457.589,1476.0,2263.55,14925.0,16688.0,1526.0,501230.27,252.453,37618.0,149.01,38315.583441500596,37.56585477590288
3141207,Matutina,31,MG,Minas Gerais,Sudeste,3907.0,97184.289,145.0,2568.1,592.0,778.0,150.0,19655.956,260.957,3814.0,14.62,24874.402098797033,37.112874328129
3141306,Medeiros,31,MG,Minas Gerais,Sudeste,4040.0,247287.544,174.0,2508.3,643.0,811.0,185.0,22485.78,946.437,3900.0,4.12,61209.788118811884,43.06930693069307
3141405,Medina,31,MG,Minas Gerais,Sudeste,20492.0,252979.46,504.0,2687.84,1772.0,2283.0,517.0,68020.726,1435.903,20156.0,14.04,12345.27913332032,24.594963888346673
3141504,Mendes Pimentel,31,MG,Minas Gerais,Sudeste,5651.0,77406.829,200.0,2101.97,599.0,826.0,204.0,16428.402,305.507,5606.0,18.35,13697.899309856663,35.39196602371262
3141603,Mercês,31,MG,Minas Gerais,Sudeste,10609.0,151704.978,316.0,2062.88,1112.0,1464.0,329.0,33068.037,348.271,10373.0,29.78,14299.64916580262,29.786030728626635
3141702,Mesquita,31,MG,Minas Gerais,Sudeste,5038.0,59432.646,130.0,1707.87,653.0,788.0,132.0,14416.196,274.938,5040.0,18.33,11796.872965462486,25.803890432711395
3141801,Minas Novas,31,MG,Minas Gerais,Sudeste,24191.0,350037.855,646.0,2344.25,2595.0,3271.0,687.0,89188.681,1812.398,24405.0,13.47,14469.755487578024,26.704146170063247
3141900,Minduri,31,MG,Minas Gerais,Sudeste,3815.0,163759.848,161.0,2470.92,709.0,858.0,164.0,24766.712,219.774,3741.0,17.02,42925.25504587156,42.201834862385326
3142007,Mirabela,31,MG,Minas Gerais,Sudeste,14029.0,162986.776,417.0,2156.31,1248.0,1816.0,440.0,38407.574,723.278,13651.0,18.87,11617.84703114976,29.724142846959868
3142106,Miradouro,31,MG,Minas Gerais,Sudeste,9026.0,173968.075,407.0,2162.65,1144.0,1611.0,411.0,33202.001,301.672,8968.0,29.73,19274.105362286726,45.09195656990915
3142205,Miraí,31,MG,Minas Gerais,Sudeste,13922.0,333953.148,564.0,2477.44,2510.0,3172.0,583.0,91269.416,320.695,13633.0,42.51,23987.440597615285,40.511420772877464
3142254,Miravânia,31,MG,Minas Gerais,Sudeste,4011.0,46796.388,86.0,2249.85,405.0,470.0,89.0,13028.251,602.128,3985.0,6.62,11667.012715033658,21.44103714784343
3142304,Moeda,31,MG,Minas Gerais,Sudeste,5291.0,76858.736,226.0,2631.12,710.0,988.0,231.0,26862.251,155.112,5125.0,33.04,14526.31563031563,42.71404271404271
3142403,Moema,31,MG,Minas Gerais,Sudeste,7778.0,152625.764,346.0,2463.37,1038.0,1414.0,352.0,32308.779,202.705,7548.0,37.24,19622.75186423245,44.484443301619955
3142502,Monjolos,31,MG,Minas Gerais,Sudeste,2196.0,46800.992,77.0,2853.3,244.0,289.0,82.0,9386.372,650.911,2169.0,3.33,21311.927140255008,35.063752276867035
3142601,Monsenhor Paulo,31,MG,Minas Gerais,Sudeste,8550.0,228126.02,339.0,2320.32,1519.0,1916.0,349.0,44895.091,216.54,8340.0,38.51,26681.405847953218,39.64912280701755
3142700,Montalvânia,31,MG,Minas Gerais,Sudeste,14160.0,165406.313,437.0,2130.34,1307.0,1748.0,449.0,39694.906,1503.755,14060.0,9.35,11681.23679378531,30.861581920903955
3142809,Monte Alegre de Minas,31,MG,Minas Gerais,Sudeste,20666.0,758376.257,902.0,2526.24,3314.0,4338.0,961.0,113270.362,2595.957,20170.0,7.77,36696.80910674538,43.646569244169164
3142908,Monte Azul,31,MG,Minas Gerais,Sudeste,20577.0,256072.177,695.0,2245.13,1808.0,2558.0,709.0,59078.139,1001.296,20328.0,20.3,12444.582640812558,33.775574670748895
3143005,Monte Belo,31,MG,Minas Gerais,Sudeste,13340.0,366218.446,532.0,2879.34,6088.0,6710.0,554.0,175353.196,421.283,13046.0,30.97,27452.65712143928,39.880059970015
3143104,Monte Carmelo,31,MG,Minas Gerais,Sudeste,49354.0,1559201.81,2450.0,2519.73,9302.0,12537.0,2532.0,306058.172,1343.035,47692.0,35.51,31592.20752117356,49.641366454593346
3143153,Monte Formoso,31,MG,Minas Gerais,Sudeste,4449.0,44092.997,84.0,2290.01,430.0,484.0,86.0,12381.699,385.553,4381.0,11.36,9910.765790065183,18.88064733648011
3143203,Monte Santo de Minas,31,MG,Minas Gerais,Sudeste,21301.0,483171.922,967.0,2419.02,3318.0,4638.0,1001.0,108700.026,594.632,20890.0,35.13,22683.06286089855,45.39692972160932
3143302,Montes Claros,31,MG,Minas Gerais,Sudeste,434321.0,10799485.803,20903.0,2872.05,103410.0,131201.0,22004.0,3913033.043,3589.811,414240.0,115.39,24865.216747520844,48.12799749494038
3143401,Monte Sião,31,MG,Minas Gerais,Sudeste,24933.0,605891.629,1963.0,2452.48,5112.0,7436.0,2106.0,173622.262,291.594,24089.0,82.61,24300.791280632093,78.73099907752777
3143450,Montezuma,31,MG,Minas Gerais,Sudeste,6979.0,91045.991,195.0,1986.02,686.0,853.0,206.0,21830.682,1130.419,6888.0,6.09,13045.707264651097,27.940965754406076
3143500,Morada Nova de Minas,31,MG,Minas Gerais,Sudeste,9364.0,541501.521,513.0,2585.02,2348.0,2956.0,541.0,83270.838,2084.275,9067.0,4.35,57828.01377616403,54.78428022212729
3143609,Morro da Garça,31,MG,Minas Gerais,Sudeste,2438.0,51051.917,78.0,2477.17,346.0,421.0,80.0,11391.903,414.772,2411.0,5.81,20940.080803937653,31.99343724364233
3143708,Morro do Pilar,31,MG,Minas Gerais,Sudeste,3174.0,44096.986,109.0,2639.39,306.0,406.0,112.0,11471.219,477.548,3133.0,6.56,13893.19029615627,34.341524889729044
3143807,Munhoz,31,MG,Minas Gerais,Sudeste,7857.0,128214.848,228.0,2549.42,555.0,790.0,235.0,25349.661,191.564,7451.0,38.9,16318.550082728776,29.018709431080563
3143906,Muriaé,31,MG,Minas Gerais,Sudeste,108161.0,2654177.047,6436.0,2585.68,25785.0,34082.0,6750.0,869856.374,841.693,104108.0,123.69,24539.13191446085,59.50388772293155
3144003,Mutum,31,MG,Minas Gerais,Sudeste,28670.0,508860.402,707.0,2568.63,3130.0,3944.0,734.0,102976.43,1250.824,27635.0,22.09,17748.88043250785,24.65992326473666
3144102,Muzambinho,31,MG,Minas Gerais,Sudeste,22527.0,535415.379,1133.0,2877.86,3790.0,5274.0,1158.0,150663.901,409.948,21891.0,53.4,23767.717805300304,50.29520131397878
3144201,Nacip Raydan,31,MG,Minas Gerais,Sudeste,2437.0,37373.303,78.0,2412.06,268.0,321.0,79.0,8301.72,233.493,2459.0,10.53,15335.782929831761,32.00656544932294
3144300,Nanuque,31,MG,Minas Gerais,Sudeste,35554.0,808450.077,1513.0,2386.44,6295.0,8050.0,1617.0,192049.255,1518.166,35038.0,23.08,22738.653231703887,42.554986780671655
3144359,Naque,31,MG,Minas Gerais,Sudeste,6442.0,90146.9,177.0,2035.75,681.0,860.0,178.0,19965.831,127.173,6303.0,49.56,13993.619993790748,27.475939149332508
3144375,Natalândia,31,MG,Minas Gerais,Sudeste,3626.0,75162.643,137.0,2848.86,460.0,590.0,138.0,16748.429,468.66,3520.0,7.51,20728.803916161058,37.7826806398235
3144409,Natércia,31,MG,Minas Gerais,Sudeste,4800.0,115391.503,153.0,2524.75,548.0,732.0,160.0,17429.678,188.719,4691.0,24.86,24039.896458333333,31.875
3144508,Nazareno,31,MG,Minas Gerais,Sudeste,8390.0,668803.532,326.0,3403.77,1837.0,2170.0,336.0,82028.743,341.453,8179.0,23.95,79714.36615017879,38.85578069129917
3144607,Nepomuceno,31,MG,Minas Gerais,Sudeste,25774.0,618030.81,890.0,2720.56,3216.0,4335.0,921.0,118046.895,582.553,25018.0,42.95,23978.847287964614,34.530922635213784
3144656,Ninheira,31,MG,Minas Gerais,Sudeste,10915.0,126348.884,231.0,2295.23,881.0,1071.0,246.0,25540.713,1108.255,10588.0,9.55,11575.710856619331,21.163536417773706
3144672,Nova Belém,31,MG,Minas Gerais,Sudeste,3156.0,83433.719,91.0,2077.42,351.0,406.0,92.0,10009.42,146.775,3151.0,21.47,26436.53960709759,28.833967046894802
3144706,Nova Era,31,MG,Minas Gerais,Sudeste,17807.0,432758.087,646.0,3110.79,4204.0,5060.0,665.0,174430.025,361.926,17438.0,48.18,24302.694839108215,36.27786825405739
3144805,Nova Lima,31,MG,Minas Gerais,Sudeste,119142.0,21040765.73,11038.0,5081.17,63510.0,80055.0,11362.0,4214643.328,429.313,111697.0,260.18,176602.42173205083,92.645750449044
3144904,Nova Módica,31,MG,Minas Gerais,Sudeste,3731.0,58648.721,96.0,2815.53,478.0,557.0,97.0,17145.073,375.973,3663.0,9.74,15719.30340391316,25.730367193781827
3145000,Nova Ponte,31,MG,Minas Gerais,Sudeste,15113.0,1115948.816,888.0,2361.87,2652.0,3706.0,909.0,104535.683,1111.011,14598.0,13.14,73840.32395950507,58.75736121220142
3145059,Nova Porteirinha,31,MG,Minas Gerais,Sudeste,6780.0,116345.919,240.0,2330.4,994.0,1197.0,260.0,31781.842,120.943,6706.0,55.45,17160.165044247788,35.39823008849557
3145109,Nova Resende,31,MG,Minas Gerais,Sudeste,16854.0,385621.702,588.0,2644.44,1594.0,2327.0,598.0,56868.4,390.152,16387.0,42.0,22880.129464815473,34.88786044855821
3145208,Nova Serrana,31,MG,Minas Gerais,Sudeste,112910.0,2634272.394,5558.0,2515.59,27670.0,34472.0,5709.0,977452.38,282.472,105552.0,373.67,23330.727074661234,49.22504649721017
3145307,Novo Cruzeiro,31,MG,Minas Gerais,Sudeste,27453.0,330389.681,564.0,2289.91,1945.0,2549.0,574.0,67790.779,1702.981,26975.0,15.84,12034.738680654209,20.544202819364006
3145356,Novo Oriente de Minas,31,MG,Minas Gerais,Sudeste,10501.0,121559.971,220.0,2318.06,707.0,889.0,227.0,25069.993,755.151,10275.0,13.61,11576.037615465193,20.950385677554518
3145372,Novorizonte,31,MG,Minas Gerais,Sudeste,4630.0,70395.077,126.0,2084.74,675.0,779.0,130.0,22608.977,271.61,4571.0,16.83,15204.12030237581,27.213822894168466
3145406,Olaria,31,MG,Minas Gerais,Sudeste,1986.0,31904.411,72.0,2407.62,381.0,441.0,73.0,11630.439,178.242,1945.0,10.91,16064.65810674723,36.25377643504532
3145455,Olhos-d'Água,31,MG,Minas Gerais,Sudeste,5520.0,211917.383,278.0,2242.39,1377.0,1634.0,288.0,41035.115,2092.078,5385.0,2.57,38390.830253623186,50.36231884057971
3145505,Olímpio Noronha,31,MG,Minas Gerais,Sudeste,2616.0,43923.538,84.0,2923.72,284.0,351.0,86.0,11607.743,54.633,2555.0,46.77,16790.343272171252,32.11009174311927
3145604,Oliveira,31,MG,Minas Gerais,Sudeste,40552.0,1108062.858,1854.0,2570.14,9990.0,12379.0,1957.0,327912.219,897.294,39262.0,43.76,27324.49344052081,45.71907674097455
3145703,Oliveira Fortes,31,MG,Minas Gerais,Sudeste,2062.0,40519.19,93.0,2203.16,224.0,309.0,94.0,6643.857,111.13,2027.0,18.24,19650.431619786614,45.101842870999036
3145802,Onça de Pitangui,31,MG,Minas Gerais,Sudeste,3027.0,64912.868,94.0,2893.96,194.0,272.0,95.0,10771.778,246.976,2969.0,12.02,21444.6210769739,31.053848695077637
3145851,Oratórios,31,MG,Minas Gerais,Sudeste,5076.0,70840.54,126.0,2676.54,461.0,579.0,128.0,16768.431,89.068,4917.0,55.21,13955.977147360127,24.822695035460995
3145877,Orizânia,31,MG,Minas Gerais,Sudeste,8759.0,122067.504,176.0,2309.0,585.0,746.0,182.0,20527.695,121.8,8437.0,69.27,13936.237470030825,20.093617992921565
3145901,Ouro Branco,31,MG,Minas Gerais,Sudeste,40411.0,5276139.182,2349.0,4545.41,18331.0,21237.0,2428.0,1046986.711,258.726,38724.0,149.67,130561.95545767242,58.12773749721611
3146008,Ouro Fino,31,MG,Minas Gerais,Sudeste,33227.0,934049.144,1744.0,2709.65,6841.0,8944.0,1840.0,240832.468,533.714,32094.0,60.13,28111.14888494297,52.487434917386466
3146107,Ouro Preto,31,MG,Minas Gerais,Sudeste,77601.0,9518796.768,3376.0,4590.41,23627.0,28068.0,3522.0,1401431.004,1245.865,74821.0,60.06,122663.32609115863,43.50459401296375
3146206,Ouro Verde de Minas,31,MG,Minas Gerais,Sudeste,5858.0,67791.642,179.0,1662.05,711.0,860.0,183.0,14877.868,175.482,5757.0,32.81,11572.489245476272,30.556503926254692
3146255,Padre Carvalho,31,MG,Minas Gerais,Sudeste,5085.0,58182.877,130.0,1958.56,522.0,639.0,137.0,14444.166,446.275,5058.0,11.33,11442.060373647984,25.565388397246803
3146305,Padre Paraíso,31,MG,Minas Gerais,Sudeste,17537.0,213888.145,477.0,2440.93,1956.0,2450.0,489.0,59754.104,544.375,17334.0,31.84,12196.393054684382,27.199635057307407
3146404,Paineiras,31,MG,Minas Gerais,Sudeste,4273.0,82804.356,189.0,2634.99,503.0,690.0,196.0,18162.301,637.309,4224.0,6.63,19378.50596770419,44.2312192838755
3146503,Pains,31,MG,Minas Gerais,Sudeste,8341.0,531120.331,502.0,3506.94,2998.0,3690.0,535.0,134849.542,421.862,8142.0,19.3,63675.85793070375,60.18463014027095
3146552,Pai Pedro,31,MG,Minas Gerais,Sudeste,5634.0,58641.87,143.0,2205.21,496.0,625.0,146.0,15368.489,839.805,5551.0,6.61,10408.56762513312,25.38161164359247
3146602,Paiva,31,MG,Minas Gerais,Sudeste,1498.0,27292.181,85.0,2010.22,268.0,336.0,87.0,7011.17,58.419,1474.0,25.23,18219.079439252335,56.742323097463284
3146701,Palma,31,MG,Minas Gerais,Sudeste,5742.0,103635.903,265.0,2353.86,564.0,835.0,269.0,18617.776,316.476,5707.0,18.03,18048.746603970743,46.151166840822015
3146750,Palmópolis,31,MG,Minas Gerais,Sudeste,6373.0,63836.925,125.0,2304.36,399.0,501.0,131.0,13611.416,433.154,6301.0,14.55,10016.777812647106,19.61399654793661
3146909,Papagaios,31,MG,Minas Gerais,Sudeste,14207.0,374384.057,850.0,2211.08,3320.0,4413.0,926.0,97443.813,553.577,13920.0,25.15,26352.08397268952,59.82966143450412
3147006,Paracatu,31,MG,Minas Gerais,Sudeste,98397.0,7198750.924,5256.0,3830.46,27060.0,33943.0,5438.0,1407127.218,8231.029,94023.0,11.42,73160.26834151447,53.416262690935696
3147105,Pará de Minas,31,MG,Minas Gerais,Sudeste,102033.0,4024573.632,5157.0,2838.23,30153.0,37265.0,5389.0,1116757.882,551.247,97139.0,176.22,39443.842991973186,50.542471553320986
3147204,Paraguaçu,31,MG,Minas Gerais,Sudeste,22357.0,650844.451,1139.0,2164.22,4976.0,6458.0,1200.0,150201.475,424.296,21723.0,51.2,29111.439414948338,50.94601243458425
3147303,Paraisópolis,31,MG,Minas Gerais,Sudeste,21005.0,592506.172,763.0,2737.19,5059.0,5943.0,790.0,184278.784,331.238,20445.0,61.72,28207.863461080695,36.32468459890502
3147402,Paraopeba,31,MG,Minas Gerais,Sudeste,24800.0,918654.955,1169.0,2926.42,8040.0,9443.0,1202.0,306500.802,625.623,24107.0,38.53,37042.538508064514,47.137096774193544
3147501,Passabém,31,MG,Minas Gerais,Sudeste,1617.0,23587.941,52.0,2428.42,107.0,150.0,52.0,8099.145,94.183,1600.0,16.99,14587.471243042672,32.15831787260358
3147600,Passa Quatro,31,MG,Minas Gerais,Sudeste,15842.0,471565.482,629.0,2815.59,3247.0,4096.0,647.0,118993.721,277.221,15515.0,55.97,29766.78967302108,39.70458275470269
3147709,Passa Tempo,31,MG,Minas Gerais,Sudeste,8696.0,481059.485,311.0,2944.13,1836.0,2173.0,328.0,70253.936,429.172,8473.0,19.74,55319.627989880406,35.76356945722171
3147808,Passa Vinte,31,MG,Minas Gerais,Sudeste,2301.0,42075.257,98.0,2151.88,383.0,460.0,105.0,10472.801,246.565,2233.0,9.06,18285.63972186006,42.59017818339853
3147907,Passos,31,MG,Minas Gerais,Sudeste,116530.0,3023765.638,6345.0,2883.29,25666.0,33969.0,6604.0,986716.497,1338.07,111939.0,83.66,25948.387865785633,54.449497983351925
3147956,Patis,31,MG,Minas Gerais,Sudeste,4863.0,55024.658,80.0,2151.49,407.0,482.0,81.0,13623.905,444.196,4837.0,10.89,11314.961546370554,16.450750565494552
3148004,Patos de Minas,31,MG,Minas Gerais,Sudeste,167870.0,6146246.831,11974.0,3192.41,47374.0,63151.0,12396.0,2009257.246,3190.456,159235.0,49.91,36613.13415738369,71.3290045868827
3148103,Patrocínio,31,MG,Minas Gerais,Sudeste,93852.0,3679638.131,4973.0,2876.72,21758.0,28377.0,5167.0,827362.871,2874.344,89826.0,31.25,39206.816381110686,52.987682734518174
3148202,Patrocínio do Muriaé,31,MG,Minas Gerais,Sudeste,5735.0,116017.332,231.0,2287.55,865.0,1123.0,233.0,27899.46,108.246,5576.0,51.51,20229.70043591979,40.27898866608544
3148301,Paula Cândido,31,MG,Minas Gerais,Sudeste,8786.0,136789.909,259.0,2401.09,529.0,813.0,262.0,18524.669,268.321,8659.0,32.27,15569.07682676986,29.478716139312542
3148400,Paulistas,31,MG,Minas Gerais,Sudeste,4429.0,67345.922,119.0,2517.47,463.0,581.0,121.0,16919.602,220.564,4389.0,19.9,15205.672160758637,26.868367577331224
3148509,Pavão,31,MG,Minas Gerais,Sudeste,8168.0,93054.393,165.0,2357.99,643.0,809.0,168.0,19795.07,601.19,8047.0,13.39,11392.555460333007,20.200783545543587
3148608,Peçanha,31,MG,Minas Gerais,Sudeste,17843.0,270117.525,374.0,2132.38,1617.0,2040.0,388.0,43789.448,996.646,17446.0,17.5,15138.571148349492,20.960600795830295
3148707,Pedra Azul,31,MG,Minas Gerais,Sudeste,24999.0,401335.187,576.0,2655.0,2804.0,3444.0,616.0,96135.54,1594.651,24410.0,15.31,16054.049641985679,23.040921636865477
3148756,Pedra Bonita,31,MG,Minas Gerais,Sudeste,7559.0,96487.748,132.0,2210.1,546.0,668.0,132.0,15586.471,173.928,7320.0,42.09,12764.618071173436,17.462627331657625
3148806,Pedra do Anta,31,MG,Minas Gerais,Sudeste,3371.0,57703.173,106.0,2481.53,413.0,523.0,109.0,13470.14,173.168,3311.0,19.12,17117.52388015426,31.444675170572534
3148905,Pedra do Indaiá,31,MG,Minas Gerais,Sudeste,4232.0,116111.77,181.0,2297.46,1391.0,1583.0,193.0,42099.323,347.92,4112.0,11.82,27436.618620037807,42.76937618147448
3149002,Pedra Dourada,31,MG,Minas Gerais,Sudeste,2883.0,42272.782,86.0,2263.73,361.0,431.0,86.0,11900.023,69.99,2757.0,39.39,14662.775580992022,29.830038154699963
3149101,Pedralva,31,MG,Minas Gerais,Sudeste,10924.0,182673.322,400.0,2494.61,1155.0,1651.0,403.0,37906.99,217.989,10760.0,49.36,16722.200842182352,36.61662394727206
3149150,Pedras de Maria da Cruz,31,MG,Minas Gerais,Sudeste,10619.0,109623.575,217.0,2512.61,529.0,719.0,220.0,24795.881,1525.648,10433.0,6.84,10323.342593464544,20.43506921555702
3149200,Pedrinópolis,31,MG,Minas Gerais,Sudeste,3404.0,204095.37,169.0,2555.8,489.0,676.0,170.0,18897.611,357.891,3344.0,9.34,59957.51175088131,49.64747356051704
3149309,Pedro Leopoldo,31,MG,Minas Gerais,Sudeste,64910.0,1938133.871,3126.0,3180.12,19071.0,23012.0,3245.0,780736.357,292.831,62580.0,213.71,29858.787105222615,48.15898936989678
3149408,Pedro Teixeira,31,MG,Minas Gerais,Sudeste,1854.0,30258.636,54.0,2014.63,290.0,346.0,55.0,7544.345,112.959,1810.0,16.02,16320.731391585761,29.12621359223301
3149507,Pequeri,31,MG,Minas Gerais,Sudeste,3448.0,62510.15,193.0,2060.28,702.0,930.0,204.0,19179.772,90.833,3351.0,36.89,18129.39385150812,55.97447795823666
3149606,Pequi,31,MG,Minas Gerais,Sudeste,4258.0,85499.627,184.0,2433.49,564.0,778.0,187.0,17349.16,203.991,4155.0,20.37,20079.762094880225,43.212775951150775
3149705,Perdigão,31,MG,Minas Gerais,Sudeste,12925.0,234679.931,625.0,2483.71,2806.0,3499.0,632.0,96922.098,249.322,12268.0,49.21,18157.054622823984,48.355899419729205
3149804,Perdizes,31,MG,Minas Gerais,Sudeste,17830.0,1629149.392,767.0,3029.44,4526.0,5452.0,804.0,172461.1,2451.112,17151.0,7.0,91371.25025238363,43.0173864273696
3149903,Perdões,31,MG,Minas Gerais,Sudeste,21991.0,626987.288,1157.0,2639.28,4689.0,6124.0,1190.0,167208.557,270.657,21384.0,79.01,28511.085807830477,52.612432358692196
3149952,Periquito,31,MG,Minas Gerais,Sudeste,6647.0,111676.559,191.0,1793.07,698.0,857.0,196.0,22340.182,228.907,6553.0,28.63,16801.04693846848,28.73476756431473
3150000,Pescador,31,MG,Minas Gerais,Sudeste,3587.0,47074.727,100.0,2147.38,472.0,543.0,103.0,13001.016,317.463,3570.0,11.25,13123.704209645945,27.878449958182326
3150109,Piau,31,MG,Minas Gerais,Sudeste,2854.0,92644.52,89.0,2402.63,369.0,452.0,89.0,11371.749,192.196,2796.0,14.55,32461.289418360197,31.184302733006305
3150158,Piedade de Caratinga,31,MG,Minas Gerais,Sudeste,8883.0,140805.478,329.0,2432.41,803.0,1177.0,334.0,26833.209,109.345,8529.0,78.0,15851.117640436789,37.03703703703704
3150208,Piedade de Ponte Nova,31,MG,Minas Gerais,Sudeste,4056.0,62725.465,102.0,2710.4,551.0,657.0,104.0,18489.66,83.733,3976.0,47.48,15464.858234714004,25.14792899408284
3150307,Piedade do Rio Grande,31,MG,Minas Gerais,Sudeste,4697.0,110390.303,154.0,2318.62,588.0,764.0,158.0,19108.561,322.814,4604.0,14.26,23502.299978709816,32.786885245901644
3150406,Piedade dos Gerais,31,MG,Minas Gerais,Sudeste,5175.0,89788.642,194.0,2421.75,483.0,718.0,198.0,15255.276,259.638,5019.0,19.33,17350.46222222222,37.487922705314006
3150505,Pimenta,31,MG,Minas Gerais,Sudeste,8794.0,281707.248,383.0,2347.01,1599.0,2102.0,389.0,49105.493,414.969,8563.0,20.64,32034.02865590175,43.55242210598135
3150539,Pingo-d'Água,31,MG,Minas Gerais,Sudeste,4845.0,52693.461,184.0,2059.7,600.0,770.0,184.0,18338.921,66.57,4706.0,70.69,10875.84334365325,37.97729618163054
3150570,Pintópolis,31,MG,Minas Gerais,Sudeste,7231.0,71109.03,214.0,2124.94,592.0,763.0,217.0,17908.243,1228.736,7084.0,5.77,9833.91370488176,29.594800165952147
3150604,Piracema,31,MG,Minas Gerais,Sudeste,6884.0,303140.414,232.0,2536.6,805.0,1078.0,242.0,27997.807,280.335,6700.0,23.9,44035.5046484602,33.7013364323068
3150703,Pirajuba,31,MG,Minas Gerais,Sudeste,5762.0,403701.585,335.0,4611.92,2497.0,2866.0,343.0,158869.97,337.98,5537.0,16.38,70062.75338424159,58.13953488372093
3150802,Piranga,31,MG,Minas Gerais,Sudeste,17360.0,200152.082,387.0,2656.53,1363.0,1785.0,394.0,48329.455,658.812,17018.0,25.83,11529.497811059908,22.292626728110598
3150901,Piranguçu,31,MG,Minas Gerais,Sudeste,6271.0,78363.453,180.0,2892.15,514.0,714.0,183.0,20919.093,203.619,6041.0,29.67,12496.165364375698,28.703556051666403
3151008,Piranguinho,31,MG,Minas Gerais,Sudeste,9451.0,136133.485,399.0,2420.77,1022.0,1476.0,411.0,32627.186,124.803,9120.0,73.08,14404.13554121257,42.217754734948684
3151107,Pirapetinga,31,MG,Minas Gerais,Sudeste,11408.0,633595.034,493.0,2818.73,2158.0,2708.0,500.0,86725.676,190.681,11077.0,58.09,55539.53664095372,43.21528751753156
3151206,Pirapora,31,MG,Minas Gerais,Sudeste,57543.0,2871585.438,2520.0,2838.18,15024.0,17979.0,2635.0,560505.242,549.514,55606.0,101.19,49903.297325478336,43.79333715656118
3151305,Piraúba,31,MG,Minas Gerais,Sudeste,11958.0,200320.535,526.0,1978.68,2322.0,2966.0,529.0,62158.708,144.289,11610.0,80.46,16752.009951496904,43.98728884428834
3151404,Pitangui,31,MG,Minas Gerais,Sudeste,27734.0,741272.741,1449.0,2598.77,4322.0,6101.0,1511.0,149365.269,569.636,26685.0,46.85,26727.94191245403,52.24634023220596
3151503,Piumhi,31,MG,Minas Gerais,Sudeste,37742.0,1280616.626,1945.0,2512.84,7626.0,10226.0,2023.0,260749.035,902.468,36062.0,39.96,33930.80986699168,51.5340999417095
3151602,Planura,31,MG,Minas Gerais,Sudeste,11484.0,574229.731,419.0,3155.75,1371.0,1783.0,427.0,56011.142,317.52,11145.0,35.1,50002.58890630442,36.48554510623476
3151701,Poço Fundo,31,MG,Minas Gerais,Sudeste,16791.0,403831.57,619.0,2529.55,2042.0,2784.0,650.0,70334.317,474.244,16390.0,34.56,24050.477636829255,36.864987195521415
3151800,Poços de Caldas,31,MG,Minas Gerais,Sudeste,171533.0,8526941.834,10867.0,3287.41,51240.0,65798.0,11629.0,2168394.955,546.958,163742.0,299.37,49710.21222738482,63.35224125969929
3151909,Pocrane,31,MG,Minas Gerais,Sudeste,8468.0,121700.531,221.0,2166.63,737.0,966.0,225.0,20808.571,691.066,8350.0,12.08,14371.81518658479,26.098252243741143
3152006,Pompéu,31,MG,Minas Gerais,Sudeste,32305.0,1170319.055,1395.0,2665.13,6079.0,7745.0,1491.0,211573.801,2551.074,31047.0,12.17,36227.1801578703,43.182169942733324
3152105,Ponte Nova,31,MG,Minas Gerais,Sudeste,59569.0,2142078.158,3182.0,2685.3,17323.0,21403.0,3339.0,616209.96,470.643,57776.0,122.76,35959.612516577414,53.4170457788447
3152131,Ponto Chique,31,MG,Minas Gerais,Sudeste,3807.0,52084.361,112.0,2260.55,402.0,506.0,117.0,15166.388,602.799,3747.0,6.22,13681.208563173102,29.41949041239821
3152170,Ponto dos Volantes,31,MG,Minas Gerais,Sudeste,11077.0,122519.626,238.0,2272.19,868.0,1069.0,247.0,25755.719,1212.413,10883.0,8.98,11060.72275886973,21.48596190304234
3152204,Porteirinha,31,MG,Minas Gerais,Sudeste,38668.0,526973.227,1258.0,2364.38,3743.0,5101.0,1307.0,116969.974,1749.683,37438.0,21.4,13628.148003517119,32.53336091858901
3152303,Porto Firme,31,MG,Minas Gerais,Sudeste,10825.0,130225.729,325.0,2501.71,721.0,1103.0,330.0,23603.009,284.777,10569.0,37.11,12030.090438799076,30.023094688221708
3152402,Poté,31,MG,Minas Gerais,Sudeste,13751.0,168767.017,345.0,2678.94,1144.0,1542.0,356.0,40422.11,625.111,13666.0,21.86,12273.072285651953,25.089084430223256
3152501,Pouso Alegre,31,MG,Minas Gerais,Sudeste,160751.0,10718150.481,10211.0,3389.81,59870.0,73253.0,10765.0,2608022.118,542.797,152217.0,280.43,66675.48246045125,63.520600182891556
3152600,Pouso Alto,31,MG,Minas Gerais,Sudeste,6755.0,277394.563,318.0,2614.31,1667.0,2018.0,328.0,50214.012,263.034,6566.0,24.96,41065.07224278312,47.076239822353806
3152709,Prados,31,MG,Minas Gerais,Sudeste,9327.0,229055.251,374.0,1932.37,1847.0,2275.0,389.0,48886.484,264.115,9048.0,34.26,24558.298595475502,40.09863836174547
3152808,Prata,31,MG,Minas Gerais,Sudeste,29578.0,1292807.344,1504.0,2854.1,6760.0,8530.0,1628.0,250316.497,4847.544,28342.0,5.85,43708.40976401379,50.84860369193319
3152907,Pratápolis,31,MG,Minas Gerais,Sudeste,8551.0,228619.457,385.0,2567.85,1395.0,1829.0,389.0,45666.72,215.516,8406.0,39.0,26735.990761314468,45.02397380423343
3153004,Pratinha,31,MG,Minas Gerais,Sudeste,3673.0,154717.678,123.0,3199.07,507.0,628.0,129.0,19948.867,622.478,3559.0,5.72,42122.97250204193,33.48761230601688
3153103,Presidente Bernardes,31,MG,Minas Gerais,Sudeste,4883.0,67749.052,158.0,1978.62,483.0,648.0,161.0,13565.802,236.798,4850.0,20.48,13874.473069834119,32.35715748515257
3153202,Presidente Juscelino,31,MG,Minas Gerais,Sudeste,3493.0,49103.72,145.0,2521.0,425.0,595.0,147.0,14148.421,695.882,3465.0,4.98,14057.749785284856,41.51159461780704
3153301,Presidente Kubitschek,31,MG,Minas Gerais,Sudeste,3154.0,36192.761,61.0,2380.02,346.0,396.0,63.0,10797.229,189.235,3071.0,16.23,11475.19372225745,19.340519974635384
3153400,Presidente Olegário,31,MG,Minas Gerais,Sudeste,19177.0,731424.966,637.0,2671.64,2199.0,2939.0,652.0,80791.212,3503.848,18765.0,5.36,38140.73974031392,33.21687438076863
3153509,Alto Jequitibá,31,MG,Minas Gerais,Sudeste,8596.0,125572.56,281.0,2550.9,773.0,1090.0,289.0,26602.97,152.272,8397.0,55.14,14608.255002326663,32.68962308050256
3153608,Prudente de Morais,31,MG,Minas Gerais,Sudeste,11940.0,203095.72,444.0,2558.52,1773.0,2303.0,458.0,58591.416,124.189,11466.0,92.33,17009.69179229481,37.185929648241206
3153707,Quartel Geral,31,MG,Minas Gerais,Sudeste,3237.0,77606.466,113.0,2279.34,451.0,556.0,119.0,13016.173,556.436,3179.0,5.71,23974.81186283596,34.90886623416744
3153806,Queluzito,31,MG,Minas Gerais,Sudeste,1800.0,40046.217,93.0,2829.07,337.0,452.0,94.0,12718.536,153.56,1770.0,11.53,22247.898333333334,51.666666666666664
3153905,Raposos,31,MG,Minas Gerais,Sudeste,16735.0,193683.706,335.0,2331.38,1282.0,1678.0,339.0,43410.309,72.228,16279.0,225.38,11573.570720047805,20.017926501344487
3154002,Raul Soares,31,MG,Minas Gerais,Sudeste,23882.0,423329.981,759.0,2584.44,2259.0,3216.0,782.0,85396.897,763.364,23423.0,30.68,17725.901557658486,31.781257851101245
3154101,Recreio,31,MG,Minas Gerais,Sudeste,11337.0,123246.546,291.0,2030.55,1098.0,1399.0,301.0,30624.637,234.296,11007.0,46.98,10871.178089441652,25.668166181529507
3154150,Reduto,31,MG,Minas Gerais,Sudeste,8170.0,121181.924,260.0,2360.35,673.0,937.0,265.0,24681.135,151.859,7848.0,51.68,14832.548837209302,31.82374541003672
3154200,Resende Costa,31,MG,Minas Gerais,Sudeste,11520.0,207472.971,484.0,2379.92,1396.0,1948.0,515.0,42932.213,618.312,11230.0,18.16,18009.806510416667,42.01388888888889
3154309,Resplendor,31,MG,Minas Gerais,Sudeste,17612.0,277790.153,652.0,2403.51,2318.0,3106.0,676.0,72291.093,1081.796,17226.0,15.92,15772.777254144901,37.02021349080173
3154408,Ressaquinha,31,MG,Minas Gerais,Sudeste,4641.0,372865.782,160.0,2769.78,763.0,927.0,169.0,27821.234,183.062,4548.0,24.84,80341.68972204266,34.47532859297566
3154457,Riachinho,31,MG,Minas Gerais,Sudeste,6890.0,157241.596,213.0,2316.76,538.0,730.0,216.0,18111.984,1719.266,6863.0,3.99,22821.71204644412,30.914368650217707
3154507,Riacho dos Machados,31,MG,Minas Gerais,Sudeste,8886.0,532552.056,212.0,3142.28,1345.0,1522.0,220.0,71691.471,1315.54,8756.0,6.66,59931.584064821065,23.857753769975243
3154606,Ribeirão das Neves,31,MG,Minas Gerais,Sudeste,344828.0,5180189.078,6261.0,2731.42,32570.0,40063.0,6572.0,1194128.668,155.105,329794.0,2126.26,15022.530299163642,18.156878211746147
3154705,Ribeirão Vermelho,31,MG,Minas Gerais,Sudeste,4201.0,105345.881,176.0,2430.29,787.0,1014.0,182.0,26154.889,49.251,4080.0,82.84,25076.382051892408,41.89478695548679
3154804,Rio Acima,31,MG,Minas Gerais,Sudeste,10626.0,472402.325,734.0,2980.8,1466.0,2556.0,742.0,59099.028,228.394,10261.0,44.93,44457.211086015435,69.07585168454735
3154903,Rio Casca,31,MG,Minas Gerais,Sudeste,12921.0,237323.754,652.0,2345.83,1856.0,2662.0,670.0,55302.7,384.381,12789.0,33.27,18367.289993034596,50.460490674096434
3155009,Rio Doce,31,MG,Minas Gerais,Sudeste,2542.0,51851.31,110.0,2925.62,384.0,465.0,111.0,16084.952,112.094,2484.0,22.16,20397.84028324154,43.273013375295044
3155108,Rio do Prado,31,MG,Minas Gerais,Sudeste,4679.0,52654.169,92.0,2713.87,358.0,445.0,95.0,13624.177,479.815,4639.0,9.67,11253.295362256893,19.662321008762557
3155207,Rio Espera,31,MG,Minas Gerais,Sudeste,5479.0,59583.143,158.0,2098.3,411.0,568.0,159.0,11313.529,238.602,5429.0,22.75,10874.820770213542,28.83737908377441
3155306,Rio Manso,31,MG,Minas Gerais,Sudeste,5727.0,113750.292,257.0,2453.44,643.0,933.0,263.0,21921.591,231.54,5568.0,24.05,19862.10790990047,44.87515278505325
3155405,Rio Novo,31,MG,Minas Gerais,Sudeste,8689.0,120045.415,400.0,2232.82,1017.0,1477.0,410.0,29196.455,209.31,8518.0,40.7,13815.791805731384,46.035216940959835
3155504,Rio Paranaíba,31,MG,Minas Gerais,Sudeste,15143.0,906411.869,709.0,2969.32,2579.0,3591.0,735.0,103348.456,1352.353,14532.0,10.75,59856.82288846331,46.82031301591495
3155603,Rio Pardo de Minas,31,MG,Minas Gerais,Sudeste,29123.0,345428.279,829.0,2484.78,1949.0,2857.0,883.0,67453.54,3117.675,28271.0,9.07,11861.01291075782,28.46547402396731
3155702,Rio Piracicaba,31,MG,Minas Gerais,Sudeste,15001.0,1339655.886,494.0,3267.56,2369.0,2937.0,502.0,100762.014,373.037,14631.0,39.22,89304.43877074862,32.93113792413839
3155801,Rio Pomba,31,MG,Minas Gerais,Sudeste,17856.0,417244.335,966.0,3105.85,3573.0,4710.0,997.0,146485.753,252.418,17443.0,69.1,23367.178259408603,54.0994623655914
3155900,Rio Preto,31,MG,Minas Gerais,Sudeste,5240.0,69135.36,173.0,2038.8,552.0,724.0,178.0,15801.643,348.046,5141.0,14.77,13193.770992366412,33.01526717557252
3156007,Rio Vermelho,31,MG,Minas Gerais,Sudeste,12815.0,140756.775,359.0,2240.14,960.0,1353.0,365.0,27745.542,986.561,12641.0,12.81,10983.751463129145,28.014046039797115
3156106,Ritápolis,31,MG,Minas Gerais,Sudeste,5115.0,90330.223,190.0,2703.32,804.0,1021.0,193.0,22746.092,404.805,4994.0,12.34,17659.867644183774,37.14565004887586
3156205,Rochedo de Minas,31,MG,Minas Gerais,Sudeste,2363.0,114660.416,93.0,1959.84,599.0,671.0,95.0,15761.879,79.402,2291.0,28.85,48523.239949217095,39.35674989420229
3156304,Rodeiro,31,MG,Minas Gerais,Sudeste,9064.0,544656.187,427.0,2467.2,4455.0,5010.0,438.0,146824.307,72.673,8664.0,119.22,60090.047109443956,47.10944395410415
3156403,Romaria,31,MG,Minas Gerais,Sudeste,3440.0,271626.759,121.0,2562.11,657.0,781.0,125.0,21069.955,407.557,3386.0,8.31,78961.26715116279,35.17441860465116
3156452,Rosário da Limeira,31,MG,Minas Gerais,Sudeste,4896.0,67723.314,209.0,1984.34,571.0,788.0,215.0,17901.193,111.156,4734.0,42.59,13832.376225490196,42.68790849673203
3156502,Rubelita,31,MG,Minas Gerais,Sudeste,5572.0,80083.742,145.0,2503.5,477.0,584.0,148.0,17873.685,1110.295,5679.0,5.11,14372.530868628859,26.0229720028715
3156601,Rubim,31,MG,Minas Gerais,Sudeste,10575.0,111693.119,162.0,2526.35,695.0,850.0,164.0,26154.214,965.174,10298.0,10.67,10561.99706855792,15.319148936170212
3156700,Sabará,31,MG,Minas Gerais,Sudeste,134286.0,4201931.68,3197.0,3627.75,23143.0,27099.0,3330.0,1118369.69,302.453,129380.0,427.77,31290.91401933187,23.807396154476265
3156809,Sabinópolis,31,MG,Minas Gerais,Sudeste,14382.0,334726.643,403.0,2383.77,1653.0,2144.0,411.0,52951.279,919.811,14240.0,15.48,23273.998261716035,28.021137533027396
3156908,Sacramento,31,MG,Minas Gerais,Sudeste,27891.0,2090841.083,1436.0,2947.29,7540.0,9313.0,1510.0,293346.434,3073.268,26670.0,8.68,74964.72277795705,51.486142483238325
3157005,Salinas,31,MG,Minas Gerais,Sudeste,41641.0,667282.456,1918.0,2387.18,8895.0,11282.0,2012.0,256252.788,1862.117,40178.0,21.58,16024.650128479143,46.06037318988497
3157104,Salto da Divisa,31,MG,Minas Gerais,Sudeste,6164.0,132014.548,173.0,2909.51,788.0,945.0,179.0,28842.02,938.008,6110.0,6.51,21417.02595717067,28.066190785204412
3157203,Santa Bárbara,31,MG,Minas Gerais,Sudeste,31756.0,1628347.376,1158.0,3131.2,5606.0,7053.0,1187.0,238224.075,684.505,30466.0,44.51,51276.84141579544,36.46554981735735
3157252,Santa Bárbara do Leste,31,MG,Minas Gerais,Sudeste,8737.0,111674.055,279.0,2454.07,707.0,998.0,284.0,22853.958,107.402,8458.0,78.75,12781.73915531647,31.933157834496967
3157278,Santa Bárbara do Monte Verde,31,MG,Minas Gerais,Sudeste,3199.0,56260.636,95.0,2153.22,415.0,530.0,100.0,12685.605,417.925,3095.0,7.41,17586.94467020944,29.696780243826193
3157302,Santa Bárbara do Tugúrio,31,MG,Minas Gerais,Sudeste,4262.0,70602.427,123.0,2207.46,519.0,664.0,124.0,15927.091,194.564,4208.0,21.63,16565.56241201314,28.859690286250586
3157336,Santa Cruz de Minas,31,MG,Minas Gerais,Sudeste,8321.0,103452.892,361.0,2185.8,1352.0,1769.0,369.0,38291.496,3.565,8109.0,2274.61,12432.747506309337,43.38420862877058
3157377,Santa Cruz de Salinas,31,MG,Minas Gerais,Sudeste,3944.0,48998.011,98.0,2300.42,336.0,417.0,101.0,12000.489,589.607,3910.0,6.63,12423.430780933062,24.84787018255578
3157401,Santa Cruz do Escalvado,31,MG,Minas Gerais,Sudeste,4743.0,76982.243,134.0,2559.67,387.0,527.0,135.0,13000.834,258.726,4673.0,18.06,16230.706936538056,28.252161079485557
3157500,Santa Efigênia de Minas,31,MG,Minas Gerais,Sudeste,4067.0,51007.865,126.0,2036.2,513.0,630.0,127.0,13564.065,131.965,4039.0,30.61,12541.889599213178,30.98106712564544
3157609,Santa Fé de Minas,31,MG,Minas Gerais,Sudeste,3551.0,59926.411,146.0,2311.61,604.0,725.0,148.0,16129.864,2917.448,3522.0,1.21,16875.925373134327,41.115178822866795
3157658,Santa Helena de Minas,31,MG,Minas Gerais,Sudeste,6059.0,57927.071,97.0,2626.47,359.0,445.0,99.0,12163.861,276.433,5938.0,21.48,9560.500247565606,16.00924244924905
3157708,Santa Juliana,31,MG,Minas Gerais,Sudeste,16568.0,860296.319,760.0,3557.4,3413.0,4237.0,778.0,164194.057,723.784,15734.0,21.74,51925.17618300338,45.87155963302752
3157807,Santa Luzia,31,MG,Minas Gerais,Sudeste,229483.0,5287596.733,5840.0,3127.52,31021.0,38370.0,6150.0,1264981.639,235.205,219132.0,931.66,23041.343947046185,25.448508168361055
3157906,Santa Margarida,31,MG,Minas Gerais,Sudeste,16903.0,353994.896,523.0,2427.83,1235.0,1840.0,538.0,37982.365,255.73,16395.0,64.11,20942.72590664379,30.941253032006152
3158003,Santa Maria de Itabira,31,MG,Minas Gerais,Sudeste,10716.0,269093.836,504.0,2345.17,1797.0,2638.0,513.0,55660.142,597.441,10485.0,17.55,25111.406868234415,47.03247480403135
3158102,Santa Maria do Salto,31,MG,Minas Gerais,Sudeste,4803.0,49982.525,107.0,2215.87,474.0,552.0,110.0,13672.332,440.605,4755.0,10.79,10406.521965438267,22.27774307724339
3158201,Santa Maria do Suaçuí,31,MG,Minas Gerais,Sudeste,12898.0,170803.166,368.0,2152.46,1538.0,1926.0,372.0,41886.757,624.047,12788.0,20.49,13242.608621491705,28.531555279888355
3158300,Santana da Vargem,31,MG,Minas Gerais,Sudeste,6781.0,243281.986,320.0,2713.22,1264.0,1617.0,328.0,44417.126,172.444,6691.0,38.8,35877.00722607285,47.190679840731455
3158409,Santana de Cataguases,31,MG,Minas Gerais,Sudeste,3553.0,49901.016,118.0,2502.6,407.0,531.0,118.0,14254.697,161.486,3489.0,21.61,14044.755417956656,33.21137067267099
3158508,Santana de Pirapama,31,MG,Minas Gerais,Sudeste,7079.0,116826.219,188.0,2064.28,601.0,797.0,195.0,16524.343,1255.832,7030.0,5.6,16503.209351603335,26.557423364882045
3158607,Santana do Deserto,31,MG,Minas Gerais,Sudeste,3819.0,47354.938,114.0,2747.76,394.0,486.0,118.0,14714.159,182.655,3747.0,20.51,12399.826656192721,29.850746268656717
3158706,Santana do Garambéu,31,MG,Minas Gerais,Sudeste,2175.0,39151.502,73.0,2211.1,286.0,338.0,80.0,8120.842,203.074,2137.0,10.52,18000.690574712644,33.56321839080459
3158805,Santana do Jacaré,31,MG,Minas Gerais,Sudeste,4265.0,105811.533,150.0,2399.38,760.0,887.0,155.0,24100.459,106.169,4214.0,39.69,24809.26916764361,35.16998827667057
3158904,Santana do Manhuaçu,31,MG,Minas Gerais,Sudeste,9236.0,189821.927,266.0,2213.85,968.0,1246.0,274.0,27439.145,347.362,8987.0,25.87,20552.39573408402,28.800346470333476
3158953,Santana do Paraíso,31,MG,Minas Gerais,Sudeste,48286.0,749701.607,1776.0,2841.86,6251.0,7855.0,1802.0,239102.344,276.067,44800.0,162.28,15526.272770575322,36.7808474506068
3159001,Santana do Riacho,31,MG,Minas Gerais,Sudeste,5579.0,103769.993,377.0,2295.79,946.0,1385.0,394.0,27708.91,677.207,5313.0,7.85,18600.10629145008,67.57483419967735
3159100,Santana dos Montes,31,MG,Minas Gerais,Sudeste,3507.0,49866.757,128.0,2455.55,434.0,563.0,128.0,13422.613,196.565,3469.0,17.65,14219.206444254349,36.498431708012546
3159209,Santa Rita de Caldas,31,MG,Minas Gerais,Sudeste,8588.0,227927.742,330.0,2686.72,1234.0,1604.0,350.0,42717.13,503.011,8460.0,16.82,26540.258733115978,38.425710293432694
3159308,Santa Rita de Jacutinga,31,MG,Minas Gerais,Sudeste,4836.0,74797.746,238.0,1977.6,629.0,873.0,241.0,16805.847,420.94,4755.0,11.3,15466.862282878412,49.214226633581475
3159357,Santa Rita de Minas,31,MG,Minas Gerais,Sudeste,6952.0,151780.901,272.0,2257.43,1037.0,1314.0,276.0,32435.307,68.153,6773.0,99.38,21832.695771001152,39.12543153049482
3159407,Santa Rita de Ibitipoca,31,MG,Minas Gerais,Sudeste,3344.0,61997.751,113.0,2372.2,439.0,551.0,124.0,13948.591,324.234,3301.0,10.18,18539.99730861244,33.791866028708135
3159506,Santa Rita do Itueto,31,MG,Minas Gerais,Sudeste,5973.0,179106.862,165.0,2450.28,696.0,857.0,167.0,23378.31,485.081,5826.0,12.01,29986.08103130755,27.624309392265193
3159605,Santa Rita do Sapucaí,31,MG,Minas Gerais,Sudeste,42320.0,1944044.507,2611.0,3433.42,12817.0,16194.0,2711.0,584627.484,352.969,40635.0,115.12,45936.77946597354,61.69659735349717
3159704,Santa Rosa da Serra,31,MG,Minas Gerais,Sudeste,3476.0,102017.101,112.0,2659.06,491.0,597.0,114.0,16625.734,284.334,3382.0,11.89,29348.99338319908,32.22094361334868
3159803,Santa Vitória,31,MG,Minas Gerais,Sudeste,21745.0,802576.263,930.0,3420.13,4953.0,6074.0,966.0,218696.086,2998.364,20973.0,6.99,36908.54279144631,42.76845251782019
3159902,Santo Antônio do Amparo,31,MG,Minas Gerais,Sudeste,17651.0,354377.976,639.0,2682.86,2630.0,3390.0,666.0,93373.54,488.885,17285.0,35.36,20076.93479122996,36.20191490567107
3160009,Santo Antônio do Aventureiro,31,MG,Minas Gerais,Sudeste,3881.0,67888.308,131.0,2290.89,508.0,631.0,134.0,15315.17,202.032,3769.0,18.66,17492.478227261014,33.754187065189384
3160108,Santo Antônio do Grama,31,MG,Minas Gerais,Sudeste,4342.0,85507.708,125.0,2465.17,517.0,622.0,131.0,16998.149,130.213,4229.0,32.48,19693.161676646705,28.788576692768313
3160207,Santo Antônio do Itambé,31,MG,Minas Gerais,Sudeste,3979.0,44719.814,67.0,2607.32,312.0,371.0,71.0,11142.006,305.737,3915.0,12.81,11238.958029655692,16.838401608444332
3160306,Santo Antônio do Jacinto,31,MG,Minas Gerais,Sudeste,10397.0,114521.804,203.0,2561.86,629.0,827.0,206.0,22182.562,503.706,10327.0,20.5,11014.88929498894,19.524862941233046
3160405,Santo Antônio do Monte,31,MG,Minas Gerais,Sudeste,28358.0,842861.705,1399.0,2410.84,5234.0,7010.0,1459.0,172315.258,1125.78,27295.0,24.25,29722.184392411313,49.33352140489456
3160454,Santo Antônio do Retiro,31,MG,Minas Gerais,Sudeste,6743.0,70751.759,135.0,2301.86,502.0,615.0,142.0,19545.001,796.29,6629.0,8.32,10492.623313065402,20.020762271985763
3160504,Santo Antônio do Rio Abaixo,31,MG,Minas Gerais,Sudeste,1853.0,28487.364,81.0,2665.02,241.0,308.0,82.0,8222.364,107.269,1808.0,16.85,15373.6449001619,43.712898003237996
3160603,Santo Hipólito,31,MG,Minas Gerais,Sudeste,2720.0,50190.473,113.0,2310.13,360.0,453.0,122.0,11390.735,430.656,2717.0,6.31,18452.379779411764,41.54411764705882
3160702,Santos Dumont,31,MG,Minas Gerais,Sudeste,43392.0,1101637.428,1425.0,2950.26,6174.0,8074.0,1504.0,252499.872,637.373,42406.0,66.53,25388.030696902653,32.840154867256636
3160801,São Bento Abade,31,MG,Minas Gerais,Sudeste,4835.0,89288.98,120.0,3190.77,361.0,455.0,127.0,15989.702,80.403,4713.0,58.62,18467.214064115822,24.81902792140641
3160900,São Brás do Suaçuí,31,MG,Minas Gerais,Sudeste,4133.0,80485.097,225.0,2543.27,734.0,992.0,225.0,25564.973,110.019,3989.0,36.26,19473.77135252843,54.43987418340189
3160959,São Domingos das Dores,31,MG,Minas Gerais,Sudeste,5778.0,91424.17,161.0,2170.51,456.0,630.0,163.0,18659.065,60.865,5626.0,92.43,15822.805469020423,27.864312911041882
3161007,São Domingos do Prata,31,MG,Minas Gerais,Sudeste,17771.0,313454.213,624.0,2359.33,2497.0,3256.0,637.0,77547.378,743.768,17392.0,23.38,17638.524168589276,35.11338697878566
3161056,São Félix de Minas,31,MG,Minas Gerais,Sudeste,3252.0,43890.239,113.0,2365.04,442.0,552.0,114.0,13715.871,162.56,3200.0,19.69,13496.383456334563,34.74784747847479
3161106,São Francisco,31,MG,Minas Gerais,Sudeste,54239.0,648147.82,1323.0,2519.14,4537.0,6021.0,1379.0,154267.433,3308.1,52762.0,15.95,11949.848264164162,24.392042626154613
3161205,São Francisco de Paula,31,MG,Minas Gerais,Sudeste,6293.0,150493.084,209.0,2467.55,889.0,1081.0,215.0,28945.083,316.822,6187.0,19.53,23914.362625139045,33.21150484665501
3161304,São Francisco de Sales,31,MG,Minas Gerais,Sudeste,5857.0,193829.048,191.0,2900.34,862.0,1046.0,195.0,44064.731,1128.864,5732.0,5.08,33093.57145296227,32.61055147686529
3161403,São Francisco do Glória,31,MG,Minas Gerais,Sudeste,4866.0,72558.566,168.0,2342.05,364.0,536.0,174.0,15063.762,164.613,4800.0,29.16,14911.337032470201,34.5252774352651
3161502,São Geraldo,31,MG,Minas Gerais,Sudeste,10517.0,263232.564,381.0,2285.21,3093.0,3545.0,387.0,87740.177,185.578,10282.0,55.41,25029.244461348295,36.227060948939815
3161601,São Geraldo da Piedade,31,MG,Minas Gerais,Sudeste,3258.0,44803.139,76.0,2131.9,335.0,394.0,78.0,10538.789,152.336,3305.0,21.7,13751.73081645181,23.32719459791283
3161650,São Geraldo do Baixio,31,MG,Minas Gerais,Sudeste,3175.0,49928.102,107.0,1821.75,424.0,515.0,108.0,11175.881,280.954,3143.0,11.19,15725.386456692913,33.70078740157481
3161700,São Gonçalo do Abaeté,31,MG,Minas Gerais,Sudeste,7521.0,325636.805,317.0,2471.12,1377.0,1707.0,321.0,47195.791,2692.545,7375.0,2.74,43297.00904135088,42.14865044541949
3161809,São Gonçalo do Pará,31,MG,Minas Gerais,Sudeste,12192.0,311146.881,450.0,2492.07,2260.0,2816.0,464.0,77986.968,265.73,11770.0,44.29,25520.57750984252,36.90944881889764
3161908,São Gonçalo do Rio Abaixo,31,MG,Minas Gerais,Sudeste,12353.0,7603788.203,540.0,4667.65,6944.0,7486.0,556.0,385032.615,363.828,11850.0,32.57,615541.8281389136,43.71407755201166
3162005,São Gonçalo do Sapucaí,31,MG,Minas Gerais,Sudeste,24480.0,986478.332,1043.0,2487.91,5024.0,6386.0,1086.0,169574.233,516.683,23959.0,46.37,40297.31748366013,42.6062091503268
3162104,São Gotardo,31,MG,Minas Gerais,Sudeste,43309.0,1189028.466,2186.0,2712.49,7525.0,10642.0,2296.0,270773.457,866.087,40910.0,47.24,27454.535223625575,50.474497217668386
3162203,São João Batista do Glória,31,MG,Minas Gerais,Sudeste,7912.0,268081.503,409.0,2636.7,1138.0,1610.0,415.0,40059.717,547.908,7652.0,13.97,33882.899772497476,51.69362992922144
3162252,São João da Lagoa,31,MG,Minas Gerais,Sudeste,4950.0,60401.717,137.0,2165.51,534.0,644.0,137.0,14658.009,998.015,4822.0,4.83,12202.36707070707,27.67676767676768
3162302,São João da Mata,31,MG,Minas Gerais,Sudeste,3000.0,55080.701,101.0,2383.18,347.0,448.0,102.0,11025.625,120.536,2914.0,24.18,18360.233666666667,33.666666666666664
3162401,São João da Ponte,31,MG,Minas Gerais,Sudeste,24269.0,269275.132,515.0,2364.2,2354.0,2860.0,538.0,73021.215,1851.102,23930.0,12.93,11095.435823478512,21.220487041081213
3162450,São João das Missões,31,MG,Minas Gerais,Sudeste,13467.0,92410.154,176.0,2303.71,440.0,598.0,179.0,22247.604,678.274,13024.0,19.2,6861.970297764907,13.068983441003935
3162500,São João del Rei,31,MG,Minas Gerais,Sudeste,94062.0,3003941.6,4175.0,3382.15,21877.0,27543.0,4394.0,974128.13,1452.002,90225.0,62.14,31935.761518998108,44.38561799664051
3162559,São João do Manhuaçu,31,MG,Minas Gerais,Sudeste,11614.0,183076.429,379.0,2512.84,1251.0,1673.0,383.0,40176.693,143.096,11246.0,78.59,15763.42595143792,32.63302910280696
3162575,São João do Manteninha,31,MG,Minas Gerais,Sudeste,5468.0,81209.524,265.0,2051.5,953.0,1245.0,279.0,26936.484,137.928,5331.0,38.65,14851.778346744697,48.46378931967813
3162609,São João do Oriente,31,MG,Minas Gerais,Sudeste,7139.0,101830.184,232.0,2303.11,740.0,996.0,237.0,23856.586,120.122,7070.0,58.86,14263.928281271887,32.4975486762852
3162658,São João do Pacuí,31,MG,Minas Gerais,Sudeste,4052.0,44650.785,104.0,2155.8,425.0,496.0,105.0,11421.485,415.922,3972.0,9.55,11019.443484698913,25.666337611056267
3162708,São João do Paraíso,31,MG,Minas Gerais,Sudeste,24604.0,285026.405,704.0,2201.32,2166.0,2886.0,751.0,65037.835,1925.575,23910.0,12.42,11584.555560071532,28.6132336205495
3162807,São João Evangelista,31,MG,Minas Gerais,Sudeste,15617.0,253189.474,578.0,2319.21,1714.0,2344.0,589.0,51391.764,478.183,15315.0,32.03,16212.427098674521,37.01094960619837
3162906,São João Nepomuceno,31,MG,Minas Gerais,Sudeste,26478.0,506005.125,1270.0,2118.25,5888.0,7475.0,1318.0,164635.584,407.427,25565.0,62.75,19110.39825515522,47.96434776040486
3162922,São Joaquim de Bicas,31,MG,Minas Gerais,Sudeste,36496.0,1083055.953,1119.0,3166.55,11627.0,12991.0,1143.0,501429.879,71.758,34348.0,478.66,29676.018001972818,30.660894344585707
3162948,São José da Barra,31,MG,Minas Gerais,Sudeste,8084.0,891414.149,337.0,3893.77,1102.0,1482.0,342.0,51354.056,308.319,7793.0,25.28,110268.94470559129,41.68728352300841
3162955,São José da Lapa,31,MG,Minas Gerais,Sudeste,27710.0,624432.332,1122.0,3328.62,5806.0,7090.0,1145.0,270250.621,47.93,26090.0,544.34,22534.548249729338,40.490797546012274
3163003,São José da Safira,31,MG,Minas Gerais,Sudeste,3861.0,49537.836,107.0,1844.9,564.0,654.0,110.0,13343.348,213.881,3806.0,17.79,12830.312354312355,27.713027713027714
3163102,São José da Varginha,31,MG,Minas Gerais,Sudeste,4677.0,114569.087,137.0,2420.35,524.0,660.0,144.0,17728.386,205.501,4536.0,22.07,24496.27688689331,29.292281376951035
3163201,São José do Alegre,31,MG,Minas Gerais,Sudeste,4242.0,57941.277,149.0,2447.47,478.0,641.0,153.0,14812.43,88.794,4133.0,46.55,13658.95261669024,35.124941065535126
3163300,São José do Divino,31,MG,Minas Gerais,Sudeste,3501.0,53034.752,105.0,2332.19,386.0,471.0,106.0,12913.844,328.704,3464.0,10.54,15148.45815481291,29.991431019708653
3163409,São José do Goiabal,31,MG,Minas Gerais,Sudeste,5492.0,67368.513,167.0,2469.9,575.0,729.0,174.0,19025.071,189.578,5396.0,28.46,12266.662964311727,30.40786598689002
3163508,São José do Jacuri,31,MG,Minas Gerais,Sudeste,6298.0,99879.802,169.0,2131.13,572.0,714.0,175.0,17998.373,345.146,6197.0,17.95,15858.971419498253,26.833915528739283
3163607,São José do Mantimento,31,MG,Minas Gerais,Sudeste,2834.0,44164.7,83.0,2246.1,297.0,373.0,84.0,11783.691,54.701,2753.0,50.33,15583.874382498236,29.28722653493296
3163706,São Lourenço,31,MG,Minas Gerais,Sudeste,46653.0,1177794.992,2844.0,2680.29,10731.0,14339.0,2997.0,372267.336,58.019,44798.0,772.13,25245.857543995025,60.9607099221915
3163805,São Miguel do Anta,31,MG,Minas Gerais,Sudeste,6430.0,105060.082,186.0,2357.05,572.0,753.0,187.0,17076.293,152.111,6334.0,41.64,16339.048522550544,28.926905132192847
3163904,São Pedro da União,31,MG,Minas Gerais,Sudeste,4979.0,148146.756,149.0,2705.37,516.0,678.0,153.0,18031.594,260.827,4885.0,18.73,29754.31934123318,29.925687889134363
3164001,São Pedro dos Ferros,31,MG,Minas Gerais,Sudeste,7194.0,134364.4,248.0,2146.27,933.0,1224.0,258.0,30002.158,402.739,7166.0,17.79,18677.286627745343,34.47317208785098
3164100,São Pedro do Suaçuí,31,MG,Minas Gerais,Sudeste,5166.0,81768.753,150.0,2412.89,453.0,585.0,151.0,16781.947,308.106,5103.0,16.56,15828.252613240418,29.036004645760745
3164209,São Romão,31,MG,Minas Gerais,Sudeste,10553.0,243070.34,273.0,2002.08,706.0,980.0,274.0,24341.534,2434.004,10315.0,4.24,23033.292902492183,25.86942101772008
3164308,São Roque de Minas,31,MG,Minas Gerais,Sudeste,7341.0,323179.269,369.0,2798.23,1385.0,1819.0,384.0,51275.467,2098.867,7129.0,3.4,44023.87535758071,50.265631385369836
3164407,São Sebastião da Bela Vista,31,MG,Minas Gerais,Sudeste,6694.0,442551.617,249.0,2701.01,1850.0,2128.0,253.0,75964.659,167.428,6387.0,38.15,66111.68464296385,37.197490289811775
3164431,São Sebastião da Vargem Alegre,31,MG,Minas Gerais,Sudeste,3219.0,66795.985,125.0,2501.58,274.0,384.0,135.0,12669.694,73.629,3113.0,42.28,20750.538987263124,38.83193538365952
3164472,São Sebastião do Anta,31,MG,Minas Gerais,Sudeste,6386.0,104236.016,152.0,2181.51,527.0,675.0,155.0,18333.328,80.618,6194.0,76.83,16322.583150642029,23.802067021609773
3164506,São Sebastião do Maranhão,31,MG,Minas Gerais,Sudeste,10244.0,100804.467,167.0,2201.37,577.0,741.0,168.0,17487.233,517.83,10079.0,19.46,9840.342346739555,16.302225693088637
3164605,São Sebastião do Oeste,31,MG,Minas Gerais,Sudeste,9355.0,596666.967,324.0,2893.22,4052.0,4436.0,336.0,153149.327,408.09,8815.0,21.6,63780.54163548904,34.63388562266167
3164704,São Sebastião do Paraíso,31,MG,Minas Gerais,Sudeste,74742.0,2234340.97,3721.0,2718.34,18128.0,23342.0,3856.0,658937.983,814.925,71796.0,88.1,29894.048460035858,49.78459233095181
3164803,São Sebastião do Rio Preto,31,MG,Minas Gerais,Sudeste,1248.0,25964.834,61.0,2238.23,148.0,196.0,62.0,8100.028,128.002,1259.0,9.84,20805.15544871795,48.87820512820513
3164902,São Sebastião do Rio Verde,31,MG,Minas Gerais,Sudeste,2373.0,35674.909,112.0,2549.31,403.0,512.0,114.0,14757.689,90.848,2300.0,25.32,15033.674252001685,47.1976401179941
3165008,São Tiago,31,MG,Minas Gerais,Sudeste,11517.0,246013.098,428.0,2327.3,1853.0,2352.0,449.0,57035.545,572.4,11192.0,19.55,21360.8663714509,37.162455500564384
3165107,São Tomás de Aquino,31,MG,Minas Gerais,Sudeste,6853.0,195195.791,233.0,2627.78,970.0,1231.0,242.0,33769.994,277.928,6740.0,24.25,28483.26149131767,33.999708157011526
3165206,São Tomé das Letras,31,MG,Minas Gerais,Sudeste,7089.0,137340.844,405.0,2120.98,1503.0,2016.0,425.0,41163.81,369.747,6904.0,18.67,19373.796586260403,57.130765975454935
3165305,São Vicente de Minas,31,MG,Minas Gerais,Sudeste,6935.0,206079.557,335.0,2474.71,1503.0,1884.0,357.0,48381.937,392.651,6804.0,17.33,29715.869790915644,48.30569574621485
3165404,Sapucaí-Mirim,31,MG,Minas Gerais,Sudeste,6462.0,110258.164,297.0,2344.58,1385.0,1702.0,304.0,44061.774,285.073,6311.0,22.14,17062.544722995975,45.96100278551532
3165503,Sardoá,31,MG,Minas Gerais,Sudeste,5164.0,68811.222,201.0,1995.57,714.0,924.0,204.0,18322.846,141.904,5104.0,35.97,13325.178543764523,38.923315259488774
3165537,Sarzedo,31,MG,Minas Gerais,Sudeste,39327.0,2190345.971,1581.0,3518.48,10497.0,12253.0,1614.0,496971.298,62.134,36844.0,592.98,55695.7299310906,40.20138835914258
3165552,Setubinha,31,MG,Minas Gerais,Sudeste,10032.0,122712.798,183.0,2165.41,593.0,736.0,185.0,17521.647,534.655,9917.0,18.55,12232.136961722488,18.241626794258373
3165560,Sem-Peixe,31,MG,Minas Gerais,Sudeste,2441.0,36659.681,73.0,1967.38,322.0,384.0,74.0,8010.117,176.634,2433.0,13.77,15018.304383449406,29.905776321179847
3165578,Senador Amaral,31,MG,Minas Gerais,Sudeste,6458.0,89403.684,197.0,2301.59,841.0,1034.0,199.0,24328.149,151.097,6206.0,41.07,13843.865593062868,30.504800247754723
3165602,Senador Cortes,31,MG,Minas Gerais,Sudeste,2319.0,38032.805,65.0,1848.28,349.0,414.0,67.0,10519.047,98.336,2240.0,22.78,16400.519620526087,28.02932298404485
3165701,Senador Firmino,31,MG,Minas Gerais,Sudeste,7945.0,106704.397,325.0,2067.49,990.0,1387.0,338.0,30404.147,166.495,7716.0,46.34,13430.383511642542,40.906230333543114
3165800,Senador José Bento,31,MG,Minas Gerais,Sudeste,2137.0,35501.088,71.0,2575.4,195.0,254.0,72.0,9743.729,93.892,2068.0,22.03,16612.58212447356,33.224145999064106
3165909,Senador Modestino Gonçalves,31,MG,Minas Gerais,Sudeste,4035.0,92203.567,121.0,2423.72,491.0,584.0,132.0,15455.825,952.055,4008.0,4.21,22850.945972738537,29.987608426270135
3166006,Senhora de Oliveira,31,MG,Minas Gerais,Sudeste,5584.0,81065.132,185.0,2149.68,544.0,734.0,190.0,15617.515,170.749,5483.0,32.11,14517.394699140401,33.13037249283668
3166105,Senhora do Porto,31,MG,Minas Gerais,Sudeste,3088.0,49707.906,69.0,2350.58,298.0,338.0,69.0,9303.229,381.328,3067.0,8.04,16097.119818652849,22.344559585492227
3166204,Senhora dos Remédios,31,MG,Minas Gerais,Sudeste,10640.0,115730.758,232.0,2005.2,794.0,1124.0,236.0,21801.342,237.815,10384.0,43.66,10876.950939849625,21.80451127819549
3166303,Sericita,31,MG,Minas Gerais,Sudeste,7536.0,104954.255,207.0,1823.74,719.0,941.0,214.0,16895.46,166.012,7345.0,44.24,13927.050822717621,27.46815286624204
3166402,Seritinga,31,MG,Minas Gerais,Sudeste,1864.0,45220.542,108.0,2345.46,366.0,450.0,109.0,12363.198,114.769,1819.0,15.85,24259.947424892704,57.93991416309013
3166501,Serra Azul de Minas,31,MG,Minas Gerais,Sudeste,3829.0,45048.177,75.0,2302.2,378.0,434.0,76.0,11167.577,218.595,3792.0,17.35,11764.99791068164,19.587359623922698
3166600,Serra da Saudade,31,MG,Minas Gerais,Sudeste,854.0,21916.026,53.0,890.16,159.0,201.0,53.0,1883.584,335.659,833.0,2.48,25662.793911007026,62.06088992974239
3166709,Serra dos Aimorés,31,MG,Minas Gerais,Sudeste,6936.0,93121.949,217.0,2729.36,1334.0,1541.0,219.0,53658.912,213.574,6944.0,32.51,13425.886534025374,31.28604382929642
3166808,Serra do Salitre,31,MG,Minas Gerais,Sudeste,12210.0,983425.484,621.0,4779.49,3165.0,3805.0,630.0,238906.027,1295.272,11801.0,9.11,80542.62768222768,50.859950859950864
3166907,Serrania,31,MG,Minas Gerais,Sudeste,7802.0,161679.666,234.0,2405.58,875.0,1117.0,244.0,31258.716,209.27,7621.0,36.42,20722.848756729043,29.99230966418867
3166956,Serranópolis de Minas,31,MG,Minas Gerais,Sudeste,4496.0,47444.978,104.0,2214.78,234.0,335.0,105.0,13456.859,551.954,4399.0,7.97,10552.708629893239,23.131672597864767
3167004,Serranos,31,MG,Minas Gerais,Sudeste,2035.0,38551.231,84.0,2668.2,125.0,184.0,87.0,9160.371,213.173,1990.0,9.34,18944.09385749386,41.27764127764127
3167103,Serro,31,MG,Minas Gerais,Sudeste,22550.0,292377.507,629.0,2509.42,2179.0,2981.0,666.0,68727.487,1217.813,21952.0,18.03,12965.743104212861,27.893569844789358
3167202,Sete Lagoas,31,MG,Minas Gerais,Sudeste,237931.0,12655800.107,11874.0,3182.45,70255.0,85481.0,12494.0,2937780.681,536.928,227397.0,423.51,53191.05163681908,49.90522462394559
3167301,Silveirânia,31,MG,Minas Gerais,Sudeste,2391.0,35130.65,119.0,2431.08,350.0,468.0,121.0,10994.743,157.456,2323.0,14.75,14692.869092429946,49.769970723546635
3167400,Silvianópolis,31,MG,Minas Gerais,Sudeste,6336.0,141499.83,226.0,2623.84,728.0,966.0,232.0,26228.521,312.166,6179.0,19.79,22332.67518939394,35.66919191919192
3167509,Simão Pereira,31,MG,Minas Gerais,Sudeste,3060.0,103932.604,163.0,2626.86,480.0,650.0,164.0,15800.82,135.689,2947.0,21.72,33964.90326797386,53.267973856209146
3167608,Simonésia,31,MG,Minas Gerais,Sudeste,20339.0,285218.741,539.0,2351.97,1337.0,1938.0,556.0,45873.23,486.543,19750.0,40.59,14023.243079797434,26.50081124932396
3167707,Sobrália,31,MG,Minas Gerais,Sudeste,5175.0,67350.421,133.0,2378.65,584.0,696.0,135.0,18983.02,206.787,5137.0,24.84,13014.574106280194,25.70048309178744
3167806,Soledade de Minas,31,MG,Minas Gerais,Sudeste,5733.0,81837.055,186.0,2482.16,599.0,804.0,188.0,19930.994,196.866,5613.0,28.51,14274.734868306297,32.44374672946101
3167905,Tabuleiro,31,MG,Minas Gerais,Sudeste,4098.0,65696.603,155.0,2489.12,562.0,715.0,156.0,18541.444,211.084,4014.0,19.02,16031.381893606638,37.82332845290386
3168002,Taiobeiras,31,MG,Minas Gerais,Sudeste,34392.0,557220.6,1558.0,2323.07,5425.0,7271.0,1656.0,168427.389,1220.046,33050.0,27.09,16202.041172365667,45.30123284484764
3168051,Taparuba,31,MG,Minas Gerais,Sudeste,3492.0,49070.654,104.0,2044.63,502.0,595.0,105.0,13351.995,193.082,3387.0,17.54,14052.306414662085,29.782359679266893
3168101,Tapira,31,MG,Minas Gerais,Sudeste,4212.0,688691.867,201.0,4501.53,2192.0,2374.0,203.0,129126.338,1179.248,4118.0,3.49,163507.09093067425,47.72079772079772
3168200,Tapiraí,31,MG,Minas Gerais,Sudeste,1707.0,56049.629,58.0,2733.6,170.0,207.0,58.0,9648.952,407.92,1690.0,4.14,32835.16637375513,33.97773872290568
3168309,Taquaraçu de Minas,31,MG,Minas Gerais,Sudeste,4368.0,65922.909,165.0,2538.4,460.0,662.0,167.0,17399.182,329.287,4224.0,12.83,15092.24107142857,37.77472527472527
3168408,Tarumirim,31,MG,Minas Gerais,Sudeste,15072.0,188289.065,399.0,2034.35,1390.0,1859.0,410.0,36699.571,731.753,14709.0,20.1,12492.639662951167,26.472929936305732
3168507,Teixeiras,31,MG,Minas Gerais,Sudeste,12634.0,191264.35,490.0,2221.46,1264.0,1815.0,500.0,37591.457,166.735,12255.0,73.5,15138.859426943169,38.784233022004116
3168606,Teófilo Otoni,31,MG,Minas Gerais,Sudeste,142571.0,2952019.65,6392.0,2394.09,29415.0,37408.0,6720.0,936933.956,3242.27,137418.0,42.38,20705.610888609885,44.83380210561756
3168705,Timóteo,31,MG,Minas Gerais,Sudeste,84087.0,5609602.225,3774.0,3764.85,18392.0,23306.0,3893.0,924229.498,144.381,81579.0,565.03,66711.88441732967,44.88208641050341
3168804,Tiradentes,31,MG,Minas Gerais,Sudeste,8008.0,205615.225,743.0,2195.61,2843.0,3850.0,782.0,78379.066,83.047,7744.0,93.25,25676.226898101897,92.78221778221777
3168903,Tiros,31,MG,Minas Gerais,Sudeste,8172.0,379852.3,301.0,3069.41,874.0,1238.0,307.0,39592.626,2091.774,7883.0,3.77,46482.17082721488,36.83308859520313
3169000,Tocantins,31,MG,Minas Gerais,Sudeste,16574.0,349350.947,832.0,2536.68,3062.0,4092.0,860.0,99893.566,173.866,16185.0,93.09,21078.251900567153,50.19910703511525
3169059,Tocos do Moji,31,MG,Minas Gerais,Sudeste,3899.0,70715.39,94.0,2548.01,328.0,431.0,98.0,11411.61,114.705,3826.0,33.36,18136.801744036933,24.10874583226468
3169109,Toledo,31,MG,Minas Gerais,Sudeste,7541.0,107093.19,299.0,1989.55,866.0,1202.0,305.0,22789.164,136.776,7214.0,52.74,14201.45736639703,39.6499138045352
3169208,Tombos,31,MG,Minas Gerais,Sudeste,8699.0,130946.218,315.0,2458.19,933.0,1306.0,321.0,32602.632,285.124,8609.0,30.19,15053.019657431889,36.21105874238418
3169307,Três Corações,31,MG,Minas Gerais,Sudeste,78079.0,2958951.736,2973.0,2802.56,15836.0,19708.0,3142.0,606782.835,828.038,75485.0,91.16,37896.89591311364,38.07681963139897
3169356,Três Marias,31,MG,Minas Gerais,Sudeste,29927.0,3149734.427,1491.0,2958.47,7068.0,8822.0,1551.0,293164.842,2678.253,28895.0,10.79,105247.24920640225,49.82123166371504
3169406,Três Pontas,31,MG,Minas Gerais,Sudeste,57086.0,1877754.237,2696.0,2921.7,13728.0,17187.0,2847.0,515796.876,689.794,55255.0,80.1,32893.428108467924,47.226990855901626
3169505,Tumiritinga,31,MG,Minas Gerais,Sudeste,5973.0,83257.787,160.0,1520.29,775.0,924.0,165.0,15266.562,500.073,5886.0,11.77,13939.02343880797,26.787209107651094
3169604,Tupaciguara,31,MG,Minas Gerais,Sudeste,26482.0,946265.629,1394.0,3444.88,5917.0,7701.0,1440.0,263163.213,1822.53,25470.0,13.98,35732.40801298995,52.63952873650026
3169703,Turmalina,31,MG,Minas Gerais,Sudeste,20650.0,443537.432,776.0,2536.34,4190.0,5058.0,837.0,138825.312,1153.111,20000.0,17.34,21478.810266343826,37.57869249394673
3169802,Turvolândia,31,MG,Minas Gerais,Sudeste,5078.0,139822.548,166.0,2495.64,712.0,885.0,167.0,22005.311,221.0,4935.0,22.33,27534.964159117764,32.69003544702639
3169901,Ubá,31,MG,Minas Gerais,Sudeste,107222.0,3557763.689,5666.0,2532.51,28561.0,35855.0,5895.0,951241.464,407.452,103365.0,253.69,33181.28452183321,52.843632836544735
3170008,Ubaí,31,MG,Minas Gerais,Sudeste,11977.0,117186.953,236.0,2207.29,821.0,1026.0,237.0,23775.898,820.524,11708.0,14.27,9784.332721048677,19.704433497536947
3170057,Ubaporanga,31,MG,Minas Gerais,Sudeste,13423.0,167976.02,428.0,2143.94,1192.0,1716.0,435.0,36706.38,189.045,13017.0,68.86,12514.04455039857,31.885569544811144
3170107,Uberaba,31,MG,Minas Gerais,Sudeste,354142.0,20384264.564,20376.0,3574.9,104121.0,130139.0,21595.0,4824540.927,4523.957,337836.0,74.68,57559.57938905863,57.53624252418521
3170206,Uberlândia,31,MG,Minas Gerais,Sudeste,754954.0,43030884.689,54656.0,3661.71,239723.0,309364.0,58551.0,11502837.479,4115.206,713224.0,173.31,56998.02198412089,72.39646389051518
3170305,Umburatiba,31,MG,Minas Gerais,Sudeste,2742.0,44152.354,62.0,2957.05,256.0,293.0,71.0,9847.991,405.834,2684.0,6.61,16102.24434719183,22.611232676878192
3170404,Unaí,31,MG,Minas Gerais,Sudeste,90724.0,4316723.443,5387.0,2953.93,17949.0,24996.0,5547.0,696004.794,8445.432,86619.0,10.26,47580.83244786385,59.37789339094396
3170438,União de Minas,31,MG,Minas Gerais,Sudeste,3848.0,130399.803,155.0,2681.7,481.0,624.0,159.0,16189.292,1147.407,3828.0,3.34,33887.682692307695,40.28066528066528
3170479,Uruana de Minas,31,MG,Minas Gerais,Sudeste,3360.0,97089.356,108.0,2488.07,439.0,537.0,112.0,15307.232,598.221,3282.0,5.49,28895.641666666666,32.14285714285714
3170503,Urucânia,31,MG,Minas Gerais,Sudeste,10875.0,239903.93,285.0,2445.51,2896.0,3250.0,295.0,101638.661,138.792,10600.0,76.37,22060.131494252873,26.20689655172414
3170529,Urucuia,31,MG,Minas Gerais,Sudeste,18291.0,193217.875,314.0,2485.18,857.0,1178.0,323.0,32884.37,2076.942,17479.0,8.42,10563.54901317588,17.166912689300748
3170578,Vargem Alegre,31,MG,Minas Gerais,Sudeste,5834.0,77359.483,228.0,2455.61,661.0,904.0,235.0,21240.26,116.664,5780.0,49.54,13260.110215975317,39.08124785738773
3170602,Vargem Bonita,31,MG,Minas Gerais,Sudeste,2206.0,87623.596,107.0,2701.46,337.0,433.0,110.0,13486.031,409.888,2158.0,5.26,39720.57842248413,48.50407978241161
3170651,Vargem Grande do Rio Pardo,31,MG,Minas Gerais,Sudeste,4727.0,68131.958,140.0,1895.77,544.0,666.0,163.0,17412.909,491.512,4633.0,9.43,14413.361116987518,29.617093293843876
3170701,Varginha,31,MG,Minas Gerais,Sudeste,142802.0,8093503.912,9470.0,2977.96,47857.0,60452.0,9971.0,1852475.066,395.396,136467.0,345.14,56676.404476127784,66.31559782075881
3170750,Varjão de Minas,31,MG,Minas Gerais,Sudeste,7243.0,316497.73,289.0,2581.85,1038.0,1400.0,293.0,36535.174,651.505,6969.0,10.7,43697.04956509734,39.90059367665332
3170800,Várzea da Palma,31,MG,Minas Gerais,Sudeste,34639.0,1087380.297,1146.0,2651.98,6469.0,7728.0,1196.0,237266.383,2220.279,33744.0,15.2,31391.792401628223,33.0840959611998
3170909,Varzelândia,31,MG,Minas Gerais,Sudeste,19214.0,187195.121,453.0,2130.41,1219.0,1673.0,475.0,39125.187,814.994,18840.0,23.12,9742.641875715624,23.576558759238054
3171006,Vazante,31,MG,Minas Gerais,Sudeste,20433.0,1168799.631,1035.0,3244.59,5942.0,7098.0,1053.0,263553.02,1913.396,19975.0,10.44,57201.56761121715,50.65335486712671
3171030,Verdelândia,31,MG,Minas Gerais,Sudeste,7770.0,115439.653,174.0,2095.07,926.0,1076.0,184.0,24758.853,1570.582,7672.0,4.88,14857.098198198199,22.393822393822393
3171071,Veredinha,31,MG,Minas Gerais,Sudeste,5257.0,133099.679,152.0,2474.8,943.0,1079.0,171.0,33094.478,631.692,5181.0,8.2,25318.561727220847,28.913829180140766
3171105,Veríssimo,31,MG,Minas Gerais,Sudeste,3480.0,170415.753,134.0,3189.7,407.0,557.0,143.0,16615.868,1031.823,3411.0,3.31,48970.043965517245,38.50574712643679
3171154,Vermelho Novo,31,MG,Minas Gerais,Sudeste,5034.0,64212.469,143.0,2934.06,284.0,419.0,144.0,13856.51,115.242,4899.0,42.51,12755.75466825586,28.40683353198252
3171204,Vespasiano,31,MG,Minas Gerais,Sudeste,136826.0,3019113.566,3590.0,3381.11,21340.0,25712.0,3706.0,1054533.123,71.04,129246.0,1819.34,22065.349904257964,26.237703360472423
3171303,Viçosa,31,MG,Minas Gerais,Sudeste,79221.0,1811350.039,4956.0,3931.86,21132.0,27386.0,5109.0,1088437.938,299.418,76430.0,255.26,22864.51873871827,62.55916991706745
3171402,Vieiras,31,MG,Minas Gerais,Sudeste,3780.0,53435.529,123.0,2167.95,401.0,526.0,125.0,13953.885,112.691,3700.0,32.83,14136.383333333333,32.539682539682545
3171501,Mathias Lobato,31,MG,Minas Gerais,Sudeste,3069.0,43983.398,100.0,5249.11,1002.0,1095.0,101.0,70956.426,172.297,3038.0,17.63,14331.50798305637,32.58390355164549
3171600,Virgem da Lapa,31,MG,Minas Gerais,Sudeste,11867.0,131570.486,317.0,2327.02,998.0,1300.0,322.0,36324.145,868.914,11804.0,13.58,11087.089070531727,26.71273278840482
3171709,Virgínia,31,MG,Minas Gerais,Sudeste,9142.0,180395.822,281.0,2073.82,1562.0,1855.0,291.0,43527.982,326.515,8908.0,27.28,19732.64296652811,30.73725661780792
3171808,Virginópolis,31,MG,Minas Gerais,Sudeste,10519.0,183971.884,321.0,2090.1,1313.0,1651.0,328.0,36444.578,439.878,10314.0,23.45,17489.484171499193,30.51620876509174
3171907,Virgolândia,31,MG,Minas Gerais,Sudeste,4530.0,62673.43,129.0,2180.76,500.0,625.0,130.0,13923.79,281.022,4552.0,16.2,13835.19426048565,28.47682119205298
3172004,Visconde do Rio Branco,31,MG,Minas Gerais,Sudeste,40608.0,1349239.473,1769.0,2817.55,12953.0,15202.0,1831.0,476709.521,243.351,39160.0,160.92,33225.95234929078,43.56284475965327
3172103,Volta Grande,31,MG,Minas Gerais,Sudeste,4473.0,139852.42,180.0,2445.72,847.0,1044.0,184.0,29482.594,205.552,4443.0,21.61,31265.911021685668,40.241448692152915
3172202,Wenceslau Braz,31,MG,Minas Gerais,Sudeste,2387.0,33069.628,87.0,2378.62,299.0,394.0,88.0,9465.544,102.487,2356.0,22.99,13854.054461667363,36.44742354419773
3200102,Afonso Cláudio,32,ES,Espírito Santo,Sudeste,32446.0,569778.046,950.0,2654.82,3668.0,4794.0,974.0,131207.103,941.188,30684.0,32.6,17560.810146088887,29.27941811009061
3200136,Águia Branca,32,ES,Espírito Santo,Sudeste,10124.0,246002.446,395.0,2563.08,1287.0,1696.0,405.0,47366.184,454.448,9711.0,21.37,24298.937771631765,39.01619913077835
3200169,Água Doce do Norte,32,ES,Espírito Santo,Sudeste,12559.0,184399.688,457.0,2491.42,1114.0,1566.0,470.0,39062.757,473.729,12042.0,25.42,14682.672824269448,36.38824747193248
3200201,Alegre,32,ES,Espírito Santo,Sudeste,30744.0,575149.145,1104.0,2734.78,3776.0,5057.0,1156.0,142967.488,756.86,29177.0,38.55,18707.687516263337,35.90944574551132
3200300,Alfredo Chaves,32,ES,Espírito Santo,Sudeste,14373.0,457722.918,1383.0,2686.16,3466.0,5298.0,1400.0,126998.599,615.677,13836.0,22.47,31846.025046963056,96.22208307242747
3200359,Alto Rio Novo,32,ES,Espírito Santo,Sudeste,7747.0,113032.919,272.0,2322.72,617.0,906.0,276.0,22145.613,227.617,7434.0,32.66,14590.540725442106,35.110365302697815
3200409,Anchieta,32,ES,Espírito Santo,Sudeste,32584.0,5764186.103,1528.0,4078.03,7435.0,9196.0,1576.0,424820.59,409.691,29984.0,73.19,176902.3478701203,46.894181193223666
3200508,Apiacá,32,ES,Espírito Santo,Sudeste,7474.0,118191.414,274.0,2390.04,654.0,908.0,279.0,23284.291,193.984,7223.0,37.24,15813.675943270002,36.66042279903666
3200607,Aracruz,32,ES,Espírito Santo,Sudeste,102410.0,5313108.839,4246.0,3946.79,32844.0,38321.0,4451.0,1633929.916,1420.285,94765.0,66.72,51880.76202519285,41.46079484425349
3200706,Atílio Vivácqua,32,ES,Espírito Santo,Sudeste,11013.0,360868.696,594.0,2284.27,3343.0,4095.0,607.0,104049.005,232.868,10540.0,45.26,32767.519840188867,53.93625715064015
3200805,Baixo Guandu,32,ES,Espírito Santo,Sudeste,32694.0,928257.93,1395.0,2638.57,5981.0,7649.0,1437.0,202510.069,909.039,30674.0,33.74,28392.302257294916,42.66837951917783
3200904,Barra de São Francisco,32,ES,Espírito Santo,Sudeste,45250.0,1164996.859,1999.0,2722.01,7998.0,10360.0,2080.0,299042.586,944.521,42498.0,44.99,25745.78693922652,44.1767955801105
3201001,Boa Esperança,32,ES,Espírito Santo,Sudeste,14079.0,271045.672,469.0,2584.35,1820.0,2309.0,476.0,69108.779,428.716,13608.0,31.74,19251.770154130267,33.312025001775694
3201100,Bom Jesus do Norte,32,ES,Espírito Santo,Sudeste,10764.0,186829.835,541.0,2414.57,1759.0,2253.0,551.0,55675.382,89.084,10254.0,115.1,17356.915180230397,50.260126347082874
3201159,Brejetuba,32,ES,Espírito Santo,Sudeste,13642.0,294748.857,421.0,3117.92,1224.0,1709.0,432.0,47644.513,354.404,12985.0,36.64,21605.985705908224,30.860577627913795
3201209,Cachoeiro de Itapemirim,32,ES,Espírito Santo,Sudeste,198323.0,6146964.834,10742.0,2771.07,53871.0,67735.0,11289.0,1861468.671,864.583,185786.0,214.89,30994.71485405122,54.16416653640778
3201308,Cariacica,32,ES,Espírito Santo,Sudeste,375485.0,13698898.983,13666.0,2798.14,67388.0,83670.0,14471.0,2392796.653,279.718,353491.0,1263.74,36483.21233338216,36.395595030427316
3201407,Castelo,32,ES,Espírito Santo,Sudeste,39396.0,1170583.934,2152.0,2580.1,8989.0,11793.0,2226.0,297757.418,663.515,36930.0,55.66,29713.268707482992,54.62483500863031
3201506,Colatina,32,ES,Espírito Santo,Sudeste,128622.0,4378290.192,7095.0,2982.59,35740.0,45153.0,7411.0,1406387.416,1398.219,120033.0,85.85,34039.97910155339,55.16163642300695
3201605,Conceição da Barra,32,ES,Espírito Santo,Sudeste,28953.0,607064.319,806.0,2649.47,4893.0,5820.0,843.0,172040.897,1182.587,27458.0,23.22,20967.233758159775,27.83822056436293
3201704,Conceição do Castelo,32,ES,Espírito Santo,Sudeste,12448.0,279074.054,589.0,2512.35,1616.0,2294.0,601.0,56380.373,369.778,11937.0,32.28,22419.188142673524,47.316838046272494
3201803,Divino de São Lourenço,32,ES,Espírito Santo,Sudeste,5359.0,82577.364,214.0,2594.82,532.0,736.0,218.0,19859.108,174.039,5083.0,29.21,15409.099458854264,39.93282328792686
3201902,Domingos Martins,32,ES,Espírito Santo,Sudeste,37972.0,957718.297,1671.0,2745.48,7103.0,9216.0,1715.0,255755.119,1229.21,35416.0,28.81,25221.69748762246,44.006109765090066
3202009,Dores do Rio Preto,32,ES,Espírito Santo,Sudeste,6885.0,159783.6,361.0,2351.47,826.0,1231.0,366.0,30014.553,159.298,6596.0,41.41,23207.494553376906,52.43282498184459
3202108,Ecoporanga,32,ES,Espírito Santo,Sudeste,22670.0,411088.445,832.0,2662.19,2220.0,3092.0,885.0,80532.388,2285.369,21992.0,9.62,18133.588222320246,36.70048522276136
3202207,Fundão,32,ES,Espírito Santo,Sudeste,18824.0,468483.499,1034.0,1907.84,3831.0,5125.0,1054.0,96331.893,286.854,18014.0,62.8,24887.563695282617,54.929876753081174
3202256,Governador Lindenberg,32,ES,Espírito Santo,Sudeste,11467.0,334325.449,342.0,2526.29,1290.0,1685.0,357.0,47613.699,360.016,11009.0,30.58,29155.44161506933,29.824714397837273
3202306,Guaçuí,32,ES,Espírito Santo,Sudeste,31290.0,612498.648,1526.0,2377.59,4704.0,6634.0,1563.0,143089.435,468.185,29358.0,62.71,19574.900862895494,48.769574944071586
3202405,Guarapari,32,ES,Espírito Santo,Sudeste,134944.0,2537476.766,7659.0,2578.07,24314.0,32681.0,7930.0,829365.878,589.825,124656.0,211.34,18803.92433898506,56.75687692672516
3202454,Ibatiba,32,ES,Espírito Santo,Sudeste,27308.0,450082.553,1014.0,2612.93,3077.0,4292.0,1033.0,106254.313,240.278,25380.0,105.63,16481.71059762707,37.13197597773546
3202504,Ibiraçu,32,ES,Espírito Santo,Sudeste,12261.0,289513.435,643.0,2519.29,2964.0,3799.0,654.0,104961.136,201.248,11723.0,58.25,23612.546692765678,52.44270451023571
3202553,Ibitirama,32,ES,Espírito Santo,Sudeste,9973.0,171979.73,305.0,2759.03,952.0,1266.0,313.0,34207.43,330.874,9520.0,28.77,17244.533239747318,30.582572946956784
3202603,Iconha,32,ES,Espírito Santo,Sudeste,12793.0,314848.52,812.0,3410.41,4455.0,5565.0,837.0,191562.153,203.528,12326.0,60.56,24610.999765496756,63.47221136559056
3202652,Irupi,32,ES,Espírito Santo,Sudeste,14513.0,236221.447,445.0,2591.28,1264.0,1748.0,456.0,45828.604,184.807,13710.0,74.19,16276.541514504237,30.66216495555709
3202702,Itaguaçu,32,ES,Espírito Santo,Sudeste,14065.0,325863.566,489.0,2450.59,1760.0,2284.0,506.0,57449.606,535.021,13589.0,25.4,23168.40142196943,34.767152506221116
3202801,Itapemirim,32,ES,Espírito Santo,Sudeste,43362.0,5744177.305,1262.0,3372.08,9075.0,10500.0,1308.0,382183.247,550.71,39832.0,72.33,132470.3036068447,29.103823624371568
3202900,Itarana,32,ES,Espírito Santo,Sudeste,10984.0,266024.672,406.0,3034.55,2421.0,2914.0,420.0,93447.924,295.189,10597.0,35.9,24219.28914785142,36.96285506190823
3203007,Iúna,32,ES,Espírito Santo,Sudeste,30444.0,538441.533,1162.0,2476.48,3196.0,4528.0,1188.0,108108.132,460.586,28590.0,62.07,17686.293949546707,38.16844041518854
3203056,Jaguaré,32,ES,Espírito Santo,Sudeste,31232.0,963633.34,981.0,3244.97,4139.0,5365.0,1004.0,191948.236,659.751,28931.0,43.85,30854.03880635246,31.410092213114755
3203106,Jerônimo Monteiro,32,ES,Espírito Santo,Sudeste,12079.0,172122.219,391.0,3148.45,1480.0,1865.0,397.0,60549.171,177.342,11575.0,65.27,14249.707674476364,32.370229323619505
3203130,João Neiva,32,ES,Espírito Santo,Sudeste,14391.0,646256.71,706.0,3155.61,3694.0,4550.0,725.0,155740.044,284.735,14079.0,49.45,44907.005072614826,49.058439302341746
3203163,Laranja da Terra,32,ES,Espírito Santo,Sudeste,11572.0,187685.628,311.0,2633.43,1053.0,1365.0,319.0,38919.658,458.37,11094.0,24.2,16218.944694089181,26.875216038714136
3203205,Linhares,32,ES,Espírito Santo,Sudeste,181912.0,8036036.677,8574.0,3000.41,51949.0,62704.0,8995.0,2016153.731,3496.263,166786.0,47.7,44175.4072133779,47.132679537358726
3203304,Mantenópolis,32,ES,Espírito Santo,Sudeste,13173.0,203072.901,464.0,2522.54,1166.0,1683.0,470.0,37878.889,321.418,12770.0,39.73,15415.843088134821,35.22356334927503
3203320,Marataízes,32,ES,Espírito Santo,Sudeste,45418.0,6659690.622,1666.0,3013.79,8425.0,10294.0,1737.0,327416.729,130.268,41929.0,321.87,146631.08507640142,36.68149191950328
3203346,Marechal Floriano,32,ES,Espírito Santo,Sudeste,18743.0,516899.514,850.0,2360.18,3684.0,4798.0,863.0,121687.621,285.495,17641.0,61.79,27578.269967454515,45.35026409859681
3203353,Marilândia,32,ES,Espírito Santo,Sudeste,13014.0,312889.98,576.0,2364.16,2058.0,2772.0,587.0,68725.675,327.642,12387.0,37.81,24042.568003688335,44.26002766251729
3203403,Mimoso do Sul,32,ES,Espírito Santo,Sudeste,25179.0,607403.058,930.0,2485.76,3351.0,4487.0,958.0,107198.128,869.439,24475.0,28.15,24123.398784701538,36.935541522697484
3203502,Montanha,32,ES,Espírito Santo,Sudeste,19752.0,410502.145,804.0,2482.36,3298.0,4191.0,860.0,107908.675,1099.06,18900.0,17.2,20782.814145402997,40.704738760631834
3203601,Mucurici,32,ES,Espírito Santo,Sudeste,5660.0,96747.778,178.0,2246.13,696.0,855.0,193.0,22356.135,540.529,5466.0,10.11,17093.24699646643,31.448763250883395
3203700,Muniz Freire,32,ES,Espírito Santo,Sudeste,18811.0,383337.009,664.0,3071.22,1913.0,2598.0,712.0,83202.209,678.804,18153.0,26.74,20378.34293764287,35.29849556110786
3203809,Muqui,32,ES,Espírito Santo,Sudeste,14213.0,234317.944,524.0,2508.26,1336.0,1931.0,538.0,44716.399,327.268,13745.0,42.0,16486.17068880602,36.867656370928025
3203908,Nova Venécia,32,ES,Espírito Santo,Sudeste,52084.0,1339628.557,2025.0,2682.27,9781.0,12216.0,2103.0,362959.783,1439.571,49065.0,34.08,25720.539071499883,38.87950234237002
3204005,Pancas,32,ES,Espírito Santo,Sudeste,19270.0,358499.114,638.0,2386.02,1626.0,2413.0,653.0,53118.075,837.842,18893.0,22.55,18604.001764400622,33.108458744161915
3204054,Pedro Canário,32,ES,Espírito Santo,Sudeste,22048.0,401434.566,892.0,2393.88,3969.0,4842.0,904.0,126988.038,433.453,21522.0,49.65,18207.30070754717,40.457184325108855
3204104,Pinheiros,32,ES,Espírito Santo,Sudeste,24825.0,861688.77,843.0,2967.58,3433.0,4428.0,896.0,141009.752,973.136,23915.0,24.58,34710.5244712991,33.95770392749245
3204203,Piúma,32,ES,Espírito Santo,Sudeste,23682.0,876047.63,1037.0,2822.5,3816.0,4971.0,1079.0,138089.056,74.046,22300.0,301.16,36992.13030994004,43.78853137403935
3204252,Ponto Belo,32,ES,Espírito Santo,Sudeste,6696.0,107547.265,273.0,1904.47,848.0,1064.0,301.0,24887.838,360.11,6497.0,18.04,16061.4195041816,40.77060931899642
3204302,Presidente Kennedy,32,ES,Espírito Santo,Sudeste,14647.0,6811823.205,522.0,3249.84,2725.0,3275.0,547.0,113787.962,594.897,13696.0,23.02,465066.10261486995,35.63869734416604
3204351,Rio Bananal,32,ES,Espírito Santo,Sudeste,20229.0,525681.107,635.0,2591.38,2485.0,3282.0,654.0,94786.974,641.929,19274.0,30.03,25986.50981264521,31.390577883236936
3204401,Rio Novo do Sul,32,ES,Espírito Santo,Sudeste,11479.0,229880.925,488.0,2730.32,1701.0,2257.0,498.0,63261.853,204.464,11069.0,54.14,20026.215262653543,42.512413973342625
3204500,Santa Leopoldina,32,ES,Espírito Santo,Sudeste,13747.0,330157.047,309.0,2503.92,1085.0,1448.0,313.0,38923.173,718.325,13106.0,18.25,24016.661598894305,22.477631483232706
3204559,Santa Maria de Jetibá,32,ES,Espírito Santo,Sudeste,45062.0,1631411.538,1697.0,2582.73,7684.0,9897.0,1795.0,262086.524,735.198,41636.0,56.63,36203.70906750699,37.659225067684524
3204609,Santa Teresa,32,ES,Espírito Santo,Sudeste,23796.0,577198.455,1206.0,2913.4,4612.0,6176.0,1252.0,179965.129,683.032,22808.0,33.39,24256.112581946545,50.680786686838125
3204658,São Domingos do Norte,32,ES,Espírito Santo,Sudeste,9008.0,331338.381,320.0,3175.92,1544.0,1893.0,331.0,72324.922,298.58,8589.0,28.77,36782.67995115453,35.52397868561279
3204708,São Gabriel da Palha,32,ES,Espírito Santo,Sudeste,34210.0,762077.91,1655.0,2514.39,6778.0,8751.0,1702.0,230266.736,434.887,32252.0,74.16,22276.46623794212,48.377667348728444
3204807,São José do Calçado,32,ES,Espírito Santo,Sudeste,11373.0,203594.089,412.0,3254.56,1671.0,2071.0,417.0,73566.99,273.489,10878.0,39.77,17901.52897212697,36.22614965268619
3204906,São Mateus,32,ES,Espírito Santo,Sudeste,133359.0,2947650.103,4850.0,2940.49,24300.0,30374.0,5034.0,983080.452,2346.049,123752.0,52.75,22103.12092172257,36.367999160161666
3204955,São Roque do Canaã,32,ES,Espírito Santo,Sudeste,11271.0,228984.853,423.0,2219.36,2046.0,2577.0,432.0,62214.939,341.944,10886.0,31.84,20316.285422766392,37.52994410433857
3205002,Serra,32,ES,Espírito Santo,Sudeste,572274.0,37279144.225,24137.0,3393.2,161670.0,190430.0,25857.0,7239505.636,547.631,520653.0,950.74,65142.124620374154,42.17734861272747
3205010,Sooretama,32,ES,Espírito Santo,Sudeste,28453.0,667553.731,693.0,2547.94,4600.0,5356.0,713.0,172798.957,587.036,26502.0,45.15,23461.629037359857,24.35595543527923
3205036,Vargem Alta,32,ES,Espírito Santo,Sudeste,20353.0,430103.26,900.0,2774.97,3844.0,4996.0,924.0,135535.089,417.76,19563.0,46.83,21132.18002260109,44.219525377094286
3205069,Venda Nova do Imigrante,32,ES,Espírito Santo,Sudeste,25168.0,702150.382,1340.0,2859.51,5800.0,7696.0,1369.0,213870.327,185.909,23831.0,128.19,27898.537110616657,53.24221233312142
3205101,Viana,32,ES,Espírito Santo,Sudeste,78442.0,4227430.22,2625.0,2804.09,21906.0,24715.0,2754.0,801188.418,312.279,73423.0,235.12,53892.432880344706,33.46421559878637
3205150,Vila Pavão,32,ES,Espírito Santo,Sudeste,9298.0,180641.332,336.0,2633.85,915.0,1288.0,348.0,33085.165,433.257,8911.0,20.57,19427.97719939772,36.13680361368036
3205176,Vila Valério,32,ES,Espírito Santo,Sudeste,14263.0,434063.613,540.0,2499.38,2073.0,2705.0,558.0,71596.111,470.343,13728.0,29.19,30432.841127392556,37.860197714365846
3205200,Vila Velha,32,ES,Espírito Santo,Sudeste,502899.0,16305900.564,30582.0,2856.81,120642.0,160045.0,32079.0,4462068.841,210.225,467722.0,2224.86,32423.807889854623,60.81141541343291
3205309,Vitória,32,ES,Espírito Santo,Sudeste,342800.0,31423977.893,40063.0,5375.96,222607.0,276540.0,41791.0,16343962.142,97.123,322869.0,3324.33,91668.54694574096,116.86989498249709
3300100,Angra dos Reis,33,RJ,Rio de Janeiro,Sudeste,179120.0,11194156.559,6033.0,4472.37,43954.0,51455.0,6423.0,2572326.6,813.42,167434.0,205.84,62495.29119584636,33.681330951317555
3300159,Aperibé,33,RJ,Rio de Janeiro,Sudeste,11420.0,249118.566,429.0,2451.4,2229.0,2711.0,434.0,71639.859,94.542,11034.0,116.71,21814.23520140105,37.56567425569177
3300209,Araruama,33,RJ,Rio de Janeiro,Sudeste,137773.0,4234216.841,5100.0,2348.15,29174.0,35588.0,5259.0,890632.672,638.276,129671.0,203.16,30733.28475826178,37.01741270060172
3300225,Areal,33,RJ,Rio de Janeiro,Sudeste,12236.0,427436.369,644.0,3385.82,3401.0,4229.0,672.0,141938.907,110.724,11828.0,106.82,34932.68788819876,52.63157894736842
3300233,Armação dos Búzios,33,RJ,Rio de Janeiro,Sudeste,42442.0,2970296.615,3344.0,2431.67,17692.0,21674.0,3499.0,549591.262,70.977,40006.0,563.65,69984.84084161915,78.7898779510862
3300258,Arraial do Cabo,33,RJ,Rio de Janeiro,Sudeste,32794.0,2705449.583,1484.0,2348.83,8877.0,10491.0,1538.0,270528.702,152.106,30986.0,203.71,82498.31014819784,45.25218027687992
3300308,Barra do Piraí,33,RJ,Rio de Janeiro,Sudeste,98501.0,2713889.71,3244.0,2327.44,17773.0,21893.0,3407.0,549574.899,584.61,92883.0,158.88,27551.900082232667,32.93367580024569
3300407,Barra Mansa,33,RJ,Rio de Janeiro,Sudeste,181688.0,6449269.604,7021.0,2637.56,33771.0,42665.0,7388.0,1168148.672,547.133,169894.0,310.52,35496.39824314209,38.643168508652195
3300456,Belford Roxo,33,RJ,Rio de Janeiro,Sudeste,518263.0,8839736.389,6709.0,1742.2,45379.0,53788.0,7023.0,1139730.784,78.985,483087.0,6116.19,17056.46821980346,12.94516490662077
3300506,Bom Jardim,33,RJ,Rio de Janeiro,Sudeste,29736.0,887295.416,1124.0,2613.93,5369.0,6720.0,1155.0,182133.93,382.43,28102.0,73.48,29839.097928436913,37.799300511164915
3300605,Bom Jesus do Itabapoana,33,RJ,Rio de Janeiro,Sudeste,37172.0,908156.381,1505.0,2570.23,6546.0,8369.0,1568.0,215174.653,596.659,35173.0,58.95,24431.195012374905,40.48746368234155
3300704,Cabo Frio,33,RJ,Rio de Janeiro,Sudeste,238166.0,12359509.137,11831.0,2474.14,52743.0,66260.0,12387.0,1724063.601,413.449,222161.0,537.34,51894.515325445274,49.675436460284004
3300803,Cachoeiras de Macacu,33,RJ,Rio de Janeiro,Sudeste,59837.0,1305498.488,1642.0,2957.51,8024.0,10115.0,1752.0,294441.432,954.749,56943.0,59.64,21817.57922355733,27.441215301569265
3300902,Cambuci,33,RJ,Rio de Janeiro,Sudeste,15070.0,399846.596,407.0,2718.98,1982.0,2423.0,421.0,69615.159,558.281,14616.0,26.18,26532.62083609821,27.007299270072995
3300936,Carapebus,33,RJ,Rio de Janeiro,Sudeste,14325.0,726756.04,348.0,2517.8,3297.0,3652.0,353.0,111260.257,304.885,13847.0,45.42,50733.40593368237,24.29319371727749
3300951,Comendador Levy Gasparian,33,RJ,Rio de Janeiro,Sudeste,9044.0,603969.248,571.0,2623.16,2989.0,3741.0,583.0,101128.965,108.639,8741.0,80.46,66781.20831490491,63.13578062804069
3301009,Campos dos Goytacazes,33,RJ,Rio de Janeiro,Sudeste,519011.0,37179716.335,16788.0,3051.44,93379.0,114477.0,18177.0,3741793.706,4032.487,483540.0,119.91,71635.70008150116,32.34613524568843
3301108,Cantagalo,33,RJ,Rio de Janeiro,Sudeste,19996.0,841412.936,774.0,3156.44,3804.0,4734.0,796.0,154835.831,747.21,19390.0,25.95,42079.0626125225,38.707741548309656
3301157,Cardoso Moreira,33,RJ,Rio de Janeiro,Sudeste,13403.0,395475.741,440.0,2511.12,2007.0,2495.0,445.0,66432.096,522.596,12958.0,24.8,29506.509065134673,32.82847123778258
3301207,Carmo,33,RJ,Rio de Janeiro,Sudeste,17740.0,561273.169,672.0,2387.58,5269.0,6094.0,696.0,121827.892,305.749,17198.0,56.25,31638.848308906425,37.880496054115
3301306,Casimiro de Abreu,33,RJ,Rio de Janeiro,Sudeste,48563.0,2352144.561,1637.0,2904.42,7855.0,9779.0,1697.0,295853.954,462.918,46110.0,99.61,48434.910549183536,33.70879064308218
3301405,Conceição de Macabu,33,RJ,Rio de Janeiro,Sudeste,21769.0,434134.758,616.0,2343.37,2763.0,3443.0,641.0,85293.133,338.26,21104.0,62.39,19942.797464284075,28.29711975745326
3301504,Cordeiro,33,RJ,Rio de Janeiro,Sudeste,21444.0,456167.744,1059.0,2342.24,4329.0,5604.0,1092.0,136720.893,113.048,20783.0,183.84,21272.511844805074,49.384443200895355
3301603,Duas Barras,33,RJ,Rio de Janeiro,Sudeste,11354.0,249214.314,394.0,2231.72,1193.0,1647.0,420.0,34182.915,379.619,10980.0,28.92,21949.472784921614,34.70142680993483
3301702,Duque de Caxias,33,RJ,Rio de Janeiro,Sudeste,866347.0,53136503.853,25485.0,3183.0,168978.0,201190.0,27157.0,7035964.717,467.319,808161.0,1729.36,61333.973399804,29.416619437707986
3301801,Engenheiro Paulo de Frontin,33,RJ,Rio de Janeiro,Sudeste,12648.0,406734.577,393.0,2637.63,2187.0,2634.0,403.0,75657.079,139.381,12242.0,87.83,32158.01525932954,31.07210626185958
3301850,Guapimirim,33,RJ,Rio de Janeiro,Sudeste,54300.0,1363991.779,1933.0,2801.61,10890.0,13422.0,1977.0,395977.756,358.443,51696.0,144.22,25119.55394106814,35.598526703499076
3301876,Iguaba Grande,33,RJ,Rio de Janeiro,Sudeste,29577.0,631392.527,775.0,2613.34,5104.0,5947.0,782.0,185137.076,50.977,27920.0,547.7,21347.4161341583,26.20279271055212
3301900,Itaboraí,33,RJ,Rio de Janeiro,Sudeste,240040.0,5640678.05,5893.0,2655.5,35978.0,43022.0,6175.0,1230481.262,429.961,224267.0,521.6,23498.908723546076,24.550074987502082
3302007,Itaguaí,33,RJ,Rio de Janeiro,Sudeste,123980.0,10502682.395,3380.0,3819.45,33299.0,37385.0,3600.0,1616986.494,282.606,116841.0,413.44,84712.71491369576,27.26246168736893
3302056,Italva,33,RJ,Rio de Janeiro,Sudeste,14517.0,418758.834,481.0,2491.43,2446.0,2954.0,494.0,80047.246,291.193,14073.0,48.33,28846.100020665428,33.13356754150307
3302106,Itaocara,33,RJ,Rio de Janeiro,Sudeste,23643.0,635888.195,976.0,2347.08,4133.0,5354.0,1018.0,126717.327,433.182,22919.0,52.91,26895.410692382524,41.280717337055364
3302205,Itaperuna,33,RJ,Rio de Janeiro,Sudeste,107246.0,3394940.342,4748.0,2543.23,27609.0,33754.0,4981.0,940877.505,1106.694,101041.0,91.3,31655.63603304552,44.27204744232885
3302254,Itatiaia,33,RJ,Rio de Janeiro,Sudeste,32694.0,6893408.051,1494.0,3572.23,10841.0,12662.0,1550.0,512571.463,241.035,30908.0,128.23,210846.27304704228,45.69645806570013
3302270,Japeri,33,RJ,Rio de Janeiro,Sudeste,102149.0,1530183.077,1454.0,2721.93,11194.0,12889.0,1495.0,339868.085,81.697,96289.0,1178.61,14979.912451419006,14.234108997640702
3302304,Laje do Muriaé,33,RJ,Rio de Janeiro,Sudeste,7584.0,184160.12,193.0,2472.9,1447.0,1623.0,199.0,44968.279,253.53,7336.0,28.94,24282.71624472574,25.44831223628692
3302403,Macaé,33,RJ,Rio de Janeiro,Sudeste,264138.0,17746786.572,11337.0,7939.45,146861.0,160446.0,12083.0,15062832.38,1216.989,246391.0,202.46,67187.55564136928,42.92074597369557
3302452,Macuco,33,RJ,Rio de Janeiro,Sudeste,5601.0,214869.911,316.0,2288.93,2139.0,2461.0,322.0,75627.339,78.364,5415.0,69.1,38362.77646848777,56.41849669701839
3302502,Magé,33,RJ,Rio de Janeiro,Sudeste,244092.0,4765780.915,5647.0,2209.61,33999.0,41177.0,5916.0,964298.845,390.775,228127.0,583.78,19524.527288891073,23.134719695852382
3302601,Mangaratiba,33,RJ,Rio de Janeiro,Sudeste,43624.0,3211861.002,1525.0,3035.64,10097.0,11786.0,1597.0,455965.933,367.606,41220.0,112.13,73626.00866495506,34.95782138272511
3302700,Maricá,33,RJ,Rio de Janeiro,Sudeste,211986.0,85814187.756,6108.0,3590.37,36122.0,43759.0,6324.0,1661022.026,361.572,197277.0,545.61,404810.637287368,28.81322351476041
3302809,Mendes,33,RJ,Rio de Janeiro,Sudeste,18049.0,357688.323,589.0,2351.39,2970.0,3650.0,614.0,94579.166,95.324,17502.0,183.61,19817.625519419358,32.63338689124051
3302858,Mesquita,33,RJ,Rio de Janeiro,Sudeste,178803.0,2619211.853,3095.0,2362.23,17888.0,21758.0,3167.0,586040.724,41.169,167127.0,4059.54,14648.590085177542,17.309552971706292
3302908,Miguel Pereira,33,RJ,Rio de Janeiro,Sudeste,28123.0,632497.683,1632.0,2565.49,5302.0,7527.0,1675.0,170943.179,287.933,26582.0,92.32,22490.40582441418,58.03079330085695
3303005,Miracema,33,RJ,Rio de Janeiro,Sudeste,28411.0,662180.113,934.0,2735.08,3812.0,5047.0,970.0,145461.447,303.27,26881.0,88.64,23307.17373552497,32.87459082749639
3303104,Natividade,33,RJ,Rio de Janeiro,Sudeste,15550.0,324260.528,569.0,2706.46,2315.0,2925.0,577.0,83314.544,387.073,15074.0,38.94,20852.767073954983,36.59163987138263
3303203,Nilópolis,33,RJ,Rio de Janeiro,Sudeste,155544.0,3059458.706,4377.0,2052.35,16691.0,22202.0,4512.0,454509.134,19.393,146774.0,7568.4,19669.40998045569,28.139947538960037
3303302,Niterói,33,RJ,Rio de Janeiro,Sudeste,516720.0,66345487.878,42687.0,3755.71,188491.0,246183.0,44706.0,9145732.564,133.757,481749.0,3601.67,128397.36777751974,82.61147236414305
3303401,Nova Friburgo,33,RJ,Rio de Janeiro,Sudeste,203328.0,6324876.969,10938.0,2405.58,53078.0,67527.0,11531.0,1681333.38,935.429,189939.0,203.05,31106.768221789425,53.79485363550519
3303500,Nova Iguaçu,33,RJ,Rio de Janeiro,Sudeste,843046.0,17794451.52,19298.0,2495.9,96368.0,120959.0,20401.0,3164620.25,520.581,785867.0,1509.6,21107.331652128116,22.890803111573984
3303609,Paracambi,33,RJ,Rio de Janeiro,Sudeste,43656.0,1162874.727,1367.0,2407.74,8820.0,10447.0,1416.0,262965.032,190.949,41375.0,216.68,26637.225742166025,31.31299248671431
3303708,Paraíba do Sul,33,RJ,Rio de Janeiro,Sudeste,44467.0,1253016.761,1591.0,2515.39,8052.0,10061.0,1668.0,270997.462,571.118,42063.0,73.65,28178.576494928824,35.77934198394315
3303807,Paraty,33,RJ,Rio de Janeiro,Sudeste,47614.0,1955280.105,2221.0,3130.39,10258.0,12936.0,2324.0,407543.481,924.296,45243.0,48.95,41065.23511992271,46.64594447011383
3303856,Paty do Alferes,33,RJ,Rio de Janeiro,Sudeste,31345.0,684851.12,869.0,2672.37,4403.0,5470.0,901.0,154832.761,314.341,29619.0,94.23,21848.81544105918,27.72371989152975
3303906,Petrópolis,33,RJ,Rio de Janeiro,Sudeste,294983.0,15665370.158,16065.0,3113.46,72892.0,95929.0,17095.0,2956024.814,791.144,278881.0,352.5,53106.01003447656,54.46076553564104
3303955,Pinheiral,33,RJ,Rio de Janeiro,Sudeste,25085.0,1452638.311,767.0,2447.16,4366.0,5266.0,805.0,140907.273,82.254,24298.0,295.4,57908.6430536177,30.576041459039267
3304003,Piraí,33,RJ,Rio de Janeiro,Sudeste,29054.0,2449973.157,844.0,3123.22,9360.0,10330.0,890.0,394823.919,490.255,27474.0,56.04,84324.81438011977,29.049356370895573
3304102,Porciúncula,33,RJ,Rio de Janeiro,Sudeste,17832.0,415942.606,586.0,2868.7,2346.0,2981.0,604.0,85507.577,291.847,17288.0,59.24,23325.62842081651,32.862270076267386
3304110,Porto Real,33,RJ,Rio de Janeiro,Sudeste,21064.0,4245725.384,804.0,4118.84,7734.0,8600.0,836.0,410959.201,50.892,20373.0,400.32,201563.11165970375,38.16938853019369
3304128,Quatis,33,RJ,Rio de Janeiro,Sudeste,14158.0,305010.131,426.0,2261.86,2611.0,3113.0,432.0,75044.643,284.826,13682.0,48.04,21543.306328577484,30.0889956208504
3304144,Queimados,33,RJ,Rio de Janeiro,Sudeste,149093.0,4361683.666,2648.0,2639.28,19087.0,22228.0,2765.0,657261.371,75.927,140523.0,1850.76,29254.7850402098,17.760726526396276
3304151,Quissamã,33,RJ,Rio de Janeiro,Sudeste,23126.0,5996886.398,579.0,4266.94,3717.0,4328.0,589.0,205125.872,719.643,22393.0,31.12,259313.60364957192,25.036755167344115
3304201,Resende,33,RJ,Rio de Janeiro,Sudeste,137612.0,10754357.172,5977.0,3784.39,42138.0,49593.0,6290.0,2094533.949,1099.336,129612.0,117.9,78149.85010028195,43.4337121762637
3304300,Rio Bonito,33,RJ,Rio de Janeiro,Sudeste,59113.0,1831391.413,4040.0,2346.27,15373.0,21158.0,4113.0,492425.368,459.458,56276.0,122.48,30981.19555766075,68.34368074704379
3304409,Rio Claro,33,RJ,Rio de Janeiro,Sudeste,17950.0,435959.322,457.0,3427.42,2488.0,3013.0,477.0,109663.842,846.797,17401.0,20.55,24287.42740947075,25.459610027855152
3304508,Rio das Flores,33,RJ,Rio de Janeiro,Sudeste,9264.0,294383.587,418.0,2843.5,2922.0,3502.0,425.0,108092.769,478.783,8954.0,18.7,31777.15749136442,45.12089810017271
3304524,Rio das Ostras,33,RJ,Rio de Janeiro,Sudeste,168099.0,8948996.273,6753.0,5010.98,35619.0,43587.0,6995.0,2323700.476,228.044,156491.0,686.23,53236.46347093082,40.172755340602855
3304557,Rio de Janeiro,33,RJ,Rio de Janeiro,Sudeste,6729894.0,359632647.656,402837.0,5310.53,2451749.0,2997653.0,429403.0,168030726.666,1200.329,6211223.0,5174.6,53438.08500639089,59.857852144476574
3304607,Santa Maria Madalena,33,RJ,Rio de Janeiro,Sudeste,10579.0,234575.115,355.0,3023.57,1397.0,1792.0,364.0,55472.799,810.963,10232.0,12.62,22173.656772851875,33.557046979865774
3304706,Santo Antônio de Pádua,33,RJ,Rio de Janeiro,Sudeste,43686.0,1284632.206,1923.0,2389.93,9077.0,11619.0,2031.0,287296.04,603.633,41325.0,68.46,29406.038685162293,44.018678752918554
3304755,São Francisco de Itabapoana,33,RJ,Rio de Janeiro,Sudeste,47368.0,1184513.238,1215.0,2497.53,3943.0,5266.0,1257.0,136095.955,1118.037,45059.0,40.3,25006.61286100321,25.650228002026687
3304805,São Fidélis,33,RJ,Rio de Janeiro,Sudeste,41197.0,845178.453,1112.0,2238.43,5690.0,7017.0,1158.0,173345.833,1034.833,38961.0,37.65,20515.533970920213,26.992256717722167
3304904,São Gonçalo,33,RJ,Rio de Janeiro,Sudeste,960652.0,20324752.154,22213.0,2483.8,105371.0,133603.0,23410.0,3454807.931,248.16,896744.0,3613.57,21157.247529802677,23.12283740626158
3305000,São João da Barra,33,RJ,Rio de Janeiro,Sudeste,38708.0,9886848.907,1407.0,6908.8,18382.0,19877.0,1539.0,1567104.336,452.396,36573.0,80.84,255421.33168853982,36.349075126588815
3305109,São João de Meriti,33,RJ,Rio de Janeiro,Sudeste,466536.0,8963715.545,9209.0,2179.91,60793.0,72323.0,9679.0,1761477.618,35.216,440962.0,12521.64,19213.34161779584,19.739098376116743
3305133,São José de Ubá,33,RJ,Rio de Janeiro,Sudeste,7315.0,196857.495,229.0,2482.15,1103.0,1327.0,235.0,37902.216,249.688,7070.0,28.32,26911.48257006152,31.30553656869446
3305158,São José do Vale do Rio Preto,33,RJ,Rio de Janeiro,Sudeste,22799.0,744333.908,845.0,2492.25,4171.0,5257.0,857.0,132623.611,220.178,22080.0,100.28,32647.65594982236,37.06302908022282
3305208,São Pedro da Aldeia,33,RJ,Rio de Janeiro,Sudeste,110556.0,2743637.366,3480.0,2896.04,17980.0,22083.0,3622.0,661605.967,332.488,104029.0,312.88,24816.720630268825,31.477260392923043
3305307,São Sebastião do Alto,33,RJ,Rio de Janeiro,Sudeste,7999.0,241281.134,199.0,3278.37,1313.0,1541.0,204.0,54999.208,397.214,7750.0,19.51,30163.91223902988,24.878109763720463
3305406,Sapucaia,33,RJ,Rio de Janeiro,Sudeste,18289.0,1000567.276,812.0,2829.38,4165.0,5189.0,855.0,154638.889,540.673,17729.0,32.79,54708.69243807753,44.39827218546667
3305505,Saquarema,33,RJ,Rio de Janeiro,Sudeste,95201.0,42178159.132,5469.0,2799.78,20726.0,28327.0,5578.0,743710.653,352.13,89559.0,254.34,443043.2362265102,57.44687555802985
3305554,Seropédica,33,RJ,Rio de Janeiro,Sudeste,84737.0,4777005.423,1801.0,4060.59,18259.0,20441.0,1905.0,1084599.389,265.189,80596.0,303.92,56374.493113987985,21.253997663358394
3305604,Silva Jardim,33,RJ,Rio de Janeiro,Sudeste,22026.0,602627.267,663.0,2959.14,4494.0,5262.0,696.0,175594.913,937.755,21352.0,22.77,27359.814174157815,30.10078997548352
3305703,Sumidouro,33,RJ,Rio de Janeiro,Sudeste,15690.0,600249.613,350.0,3172.08,2167.0,2559.0,366.0,90368.084,413.407,15206.0,36.78,38256.82683237731,22.307202039515616
3305752,Tanguá,33,RJ,Rio de Janeiro,Sudeste,32858.0,694534.307,861.0,2588.37,5014.0,5995.0,883.0,162472.573,143.007,31086.0,217.37,21137.449236106884,26.203664252236898
3305802,Teresópolis,33,RJ,Rio de Janeiro,Sudeste,176692.0,5923899.314,8836.0,2804.01,38012.0,49830.0,9248.0,1385196.262,773.338,165123.0,213.52,33526.69794897336,50.007923392117355
3305901,Trajano de Moraes,33,RJ,Rio de Janeiro,Sudeste,10652.0,242013.252,310.0,2716.73,1419.0,1736.0,330.0,52285.743,591.151,10302.0,17.43,22719.982350732258,29.102515959444236
3306008,Três Rios,33,RJ,Rio de Janeiro,Sudeste,82300.0,6348139.819,4169.0,2696.07,22203.0,27586.0,4363.0,790231.046,322.843,78346.0,242.68,77134.14117861482,50.65613608748481
3306107,Valença,33,RJ,Rio de Janeiro,Sudeste,71462.0,3122592.298,2279.0,2788.31,12221.0,15066.0,2421.0,441532.859,1300.767,68088.0,52.34,43695.84251770171,31.891074976910808
3306156,Varre-Sai,33,RJ,Rio de Janeiro,Sudeste,10559.0,264148.878,305.0,3102.88,1194.0,1509.0,312.0,46640.544,201.938,10207.0,50.55,25016.467279098404,28.885311109006533
3306206,Vassouras,33,RJ,Rio de Janeiro,Sudeste,35904.0,1321254.423,1510.0,3086.55,9276.0,11179.0,1565.0,378733.362,536.073,33976.0,63.38,36799.64413435829,42.05659536541889
3306305,Volta Redonda,33,RJ,Rio de Janeiro,Sudeste,279898.0,19671203.292,12043.0,2741.28,81401.0,97297.0,12859.0,2944823.821,182.105,261563.0,1436.33,70279.8994347941,43.02638818426713
3500105,Adamantina,35,SP,São Paulo,Sudeste,35642.0,1370865.929,3714.0,3314.25,13642.0,17997.0,4112.0,592471.605,411.987,34687.0,84.19,38462.09328881656,104.20290668312666
3500204,Adolfo,35,SP,São Paulo,Sudeste,4478.0,115489.988,491.0,2360.77,868.0,1353.0,540.0,26578.788,211.055,4351.0,20.62,25790.52880750335,109.64716391246091
3500303,Aguaí,35,SP,São Paulo,Sudeste,32888.0,1314737.257,2508.0,3095.82,7343.0,9941.0,2995.0,300105.953,474.554,32072.0,67.58,39976.199738506446,76.25881780588664
3500402,Águas da Prata,35,SP,São Paulo,Sudeste,7470.0,209003.992,879.0,3185.03,956.0,1814.0,979.0,40614.506,142.673,7369.0,51.65,27979.115394912984,117.6706827309237
3500501,Águas de Lindóia,35,SP,São Paulo,Sudeste,18245.0,585603.941,1764.0,2667.72,5617.0,7680.0,1814.0,206706.31,60.126,17930.0,298.21,32096.68078925733,96.68402302000548
3500550,Águas de Santa Bárbara,35,SP,São Paulo,Sudeste,7407.0,217295.581,991.0,3116.11,1283.0,2230.0,1215.0,51453.794,404.463,7177.0,17.74,29336.51694343189,133.79235857972188
3500600,Águas de São Pedro,35,SP,São Paulo,Sudeste,2829.0,147855.135,356.0,3181.08,1353.0,1741.0,365.0,55492.932,3.612,2780.0,769.66,52264.098621421,125.83951926475787
3500709,Agudos,35,SP,São Paulo,Sudeste,38879.0,2638622.611,2439.0,3353.78,13076.0,15753.0,2583.0,461342.354,966.708,37680.0,38.98,67867.55346073715,62.73309498701098
3500758,Alambari,35,SP,São Paulo,Sudeste,6330.0,129389.561,573.0,2585.31,913.0,1507.0,597.0,33195.586,159.6,6141.0,38.48,20440.688941548182,90.52132701421802
3500808,Alfredo Marcondes,35,SP,São Paulo,Sudeste,4556.0,120354.905,856.0,2928.69,1595.0,2420.0,971.0,53103.744,118.915,4445.0,37.38,26416.792142230028,187.88410886742756
3500907,Altair,35,SP,São Paulo,Sudeste,3479.0,112274.385,454.0,3435.21,787.0,1118.0,575.0,35681.988,313.007,3451.0,11.03,32272.027881575166,130.4972693302673
3501004,Altinópolis,35,SP,São Paulo,Sudeste,17156.0,833396.279,1953.0,2795.26,2657.0,4794.0,2336.0,96429.318,928.956,16818.0,18.1,48577.54016087666,113.83772441128468
3501103,Alto Alegre,35,SP,São Paulo,Sudeste,3883.0,113584.879,1361.0,3469.37,465.0,1694.0,1962.0,23510.212,318.574,3841.0,12.06,29251.835951583827,350.5021890291012
3501152,Alumínio,35,SP,São Paulo,Sudeste,17591.0,3982313.077,517.0,4686.5,7901.0,8445.0,531.0,472692.177,83.619,17301.0,206.9,226383.55278267295,29.39002899209823
3501202,Álvares Florence,35,SP,São Paulo,Sudeste,3978.0,124350.991,1723.0,3003.42,443.0,2043.0,2018.0,17174.109,362.411,3915.0,10.8,31259.675967823026,433.13222724987435
3501301,Álvares Machado,35,SP,São Paulo,Sudeste,28250.0,709875.985,3154.0,3439.68,3475.0,6831.0,3428.0,164446.758,347.647,27255.0,78.4,25128.353451327435,111.64601769911505
3501400,Álvaro de Carvalho,35,SP,São Paulo,Sudeste,4896.0,58586.473,270.0,4103.33,884.0,1108.0,301.0,48117.284,153.662,4808.0,31.29,11966.191380718954,55.14705882352941
3501509,Alvinlândia,35,SP,São Paulo,Sudeste,2923.0,58404.989,292.0,3317.85,280.0,530.0,318.0,11968.71,84.879,2885.0,33.99,19981.179952104,99.89736572015052
3501608,Americana,35,SP,São Paulo,Sudeste,246655.0,15217279.783,20320.0,3740.1,83929.0,111968.0,21072.0,4097855.599,133.912,237240.0,1771.61,61694.59278344246,82.38227483732338
3501707,Américo Brasiliense,35,SP,São Paulo,Sudeste,33757.0,1230443.649,1310.0,3205.57,10919.0,12418.0,1354.0,475238.419,122.958,33019.0,268.54,36450.02959386201,38.80676600408804
3501806,Américo de Campos,35,SP,São Paulo,Sudeste,5975.0,126802.294,1128.0,3135.4,534.0,1582.0,1290.0,22975.684,252.876,5870.0,23.21,21222.141255230126,188.7866108786611
3501905,Amparo,35,SP,São Paulo,Sudeste,69717.0,5152155.514,4880.0,3605.26,24556.0,31171.0,5153.0,1176732.559,445.323,68008.0,152.72,73900.99278511698,69.99727469627207
3502002,Analândia,35,SP,São Paulo,Sudeste,4684.0,208314.004,606.0,3477.8,1123.0,1723.0,699.0,49942.307,325.953,4589.0,14.08,44473.52775405636,129.37660119555935
3502101,Andradina,35,SP,São Paulo,Sudeste,61473.0,2845285.223,5455.0,3233.6,20639.0,26735.0,6048.0,866177.213,964.226,59783.0,62.0,46285.12067086363,88.73814520195857
3502200,Angatuba,35,SP,São Paulo,Sudeste,24512.0,1474152.0,3231.0,3606.52,4397.0,7692.0,3421.0,203900.885,1027.288,24022.0,23.38,60140.013054830284,131.81298955613576
3502309,Anhembi,35,SP,São Paulo,Sudeste,5766.0,169558.184,961.0,2805.14,793.0,1671.0,1180.0,31203.904,736.557,5674.0,7.7,29406.552896288587,166.66666666666666
3502408,Anhumas,35,SP,São Paulo,Sudeste,4108.0,105620.787,969.0,2765.28,430.0,1322.0,1140.0,15356.56,320.84,4023.0,12.54,25710.999756572543,235.88120740019474
3502507,Aparecida,35,SP,São Paulo,Sudeste,33223.0,1041067.256,2348.0,2704.07,11740.0,14394.0,2470.0,412806.433,120.89,32569.0,269.41,31335.738976010594,70.67393071065226
3502606,Aparecida d'Oeste,35,SP,São Paulo,Sudeste,4124.0,151539.639,1194.0,2840.43,808.0,1889.0,1421.0,30578.474,179.004,4086.0,22.83,36745.79025218235,289.5247332686712
3502705,Apiaí,35,SP,São Paulo,Sudeste,24886.0,897712.778,3108.0,3146.67,5872.0,8962.0,3252.0,252411.454,974.322,24585.0,25.23,36073.004018323554,124.88949610222615
3502754,Araçariguama,35,SP,São Paulo,Sudeste,22168.0,4814503.906,1409.0,4088.56,11192.0,12777.0,1464.0,605593.135,145.204,21522.0,148.22,217182.601317214,63.560086611331656
3502804,Araçatuba,35,SP,São Paulo,Sudeste,207775.0,9017953.471,17425.0,3321.19,61286.0,82720.0,18743.0,2639421.385,1167.126,200124.0,171.47,43402.495348333534,83.86475755023463
3502903,Araçoiaba da Serra,35,SP,São Paulo,Sudeste,33656.0,1205883.673,2590.0,3191.3,7495.0,10527.0,2657.0,317049.491,255.305,32443.0,127.08,35829.6788982648,76.95507487520798
3503000,Aramina,35,SP,São Paulo,Sudeste,5526.0,150276.697,678.0,2771.44,772.0,1382.0,976.0,29467.846,202.829,5420.0,26.72,27194.480094100614,122.69272529858848
3503109,Arandu,35,SP,São Paulo,Sudeste,7050.0,194817.975,804.0,3063.07,764.0,1524.0,885.0,29671.441,285.908,6885.0,24.08,27633.755319148935,114.04255319148936
3503158,Arapeí,35,SP,São Paulo,Sudeste,2355.0,45568.033,185.0,2873.92,324.0,478.0,194.0,13002.739,156.903,2330.0,14.85,19349.48322717622,78.55626326963906
3503208,Araraquara,35,SP,São Paulo,Sudeste,252318.0,11953237.471,17325.0,3739.44,83174.0,105806.0,18296.0,4038244.862,1003.625,242228.0,241.35,47373.700928986436,68.6633533873921
3503307,Araras,35,SP,São Paulo,Sudeste,135331.0,6942567.272,8486.0,3668.88,38623.0,49243.0,9581.0,1888772.651,644.831,130866.0,202.95,51300.642661326674,62.70551462709949
3503356,Arco-Íris,35,SP,São Paulo,Sudeste,2085.0,62095.903,826.0,2877.47,271.0,950.0,1076.0,9888.952,264.904,2044.0,7.72,29782.20767386091,396.16306954436453
3503406,Arealva,35,SP,São Paulo,Sudeste,8280.0,227079.326,2121.0,2579.76,1213.0,3273.0,2461.0,42218.195,506.226,8130.0,16.06,27425.039371980678,256.15942028985506
3503505,Areias,35,SP,São Paulo,Sudeste,3625.0,58113.412,271.0,2265.88,880.0,1111.0,285.0,24801.492,305.227,3577.0,11.72,16031.286068965517,74.75862068965517
3503604,Areiópolis,35,SP,São Paulo,Sudeste,10257.0,163060.489,497.0,2879.03,1388.0,1849.0,553.0,52257.244,85.907,10130.0,117.92,15897.483572194598,48.4547138539534
3503703,Ariranha,35,SP,São Paulo,Sudeste,7653.0,1136911.24,689.0,4109.84,2558.0,3244.0,817.0,143107.728,132.624,7602.0,57.32,148557.59048739055,90.03005357376193
3503802,Artur Nogueira,35,SP,São Paulo,Sudeste,53157.0,1721737.239,3979.0,3457.68,10723.0,15217.0,4666.0,488242.346,178.026,51456.0,289.04,32389.661549748856,74.85373516187896
3503901,Arujá,35,SP,São Paulo,Sudeste,89943.0,8293370.162,5142.0,3732.18,32575.0,39069.0,5277.0,1570229.323,96.167,86678.0,901.33,92206.95509378162,57.16954070911577
3503950,Aspásia,35,SP,São Paulo,Sudeste,1873.0,39545.858,566.0,3252.95,235.0,741.0,672.0,9888.274,69.373,1842.0,26.55,21113.645488521088,302.18900160170847
3504008,Assis,35,SP,São Paulo,Sudeste,104642.0,4082515.789,8907.0,3520.0,28370.0,39042.0,9489.0,1306901.058,460.609,101409.0,220.16,39014.12233137746,85.11878595592593
3504107,Atibaia,35,SP,São Paulo,Sudeste,166043.0,8361032.444,14840.0,3714.81,49082.0,67901.0,15383.0,2330891.685,478.521,158647.0,331.54,50354.62165824515,89.37443915130417
3504206,Auriflama,35,SP,São Paulo,Sudeste,13873.0,358543.955,2592.0,2498.59,2708.0,5336.0,2919.0,90291.387,434.498,13692.0,31.51,25844.731132415483,186.8377423772796
3504305,Avaí,35,SP,São Paulo,Sudeste,4519.0,376093.832,852.0,3257.99,566.0,1312.0,964.0,26621.487,540.689,4483.0,8.29,83225.01261341004,188.53728701040055
3504404,Avanhandava,35,SP,São Paulo,Sudeste,11438.0,199389.023,1008.0,3972.41,2339.0,3254.0,1301.0,134726.65,338.37,11263.0,33.29,17432.157982164714,88.12729498164015
3504503,Avaré,35,SP,São Paulo,Sudeste,96098.0,3278921.999,6618.0,3202.95,24978.0,32902.0,7070.0,1057953.359,1213.055,92805.0,76.51,34120.60603758663,68.86719806863826
3504602,Bady Bassitt,35,SP,São Paulo,Sudeste,28909.0,551848.518,2515.0,3028.0,5697.0,8730.0,2628.0,218257.989,110.372,27260.0,246.98,19089.159708049396,86.99712892178907
3504701,Balbinos,35,SP,São Paulo,Sudeste,3963.0,65400.429,211.0,4685.94,583.0,741.0,240.0,36225.625,91.635,3887.0,42.42,16502.757759273278,53.242493060812514
3504800,Bálsamo,35,SP,São Paulo,Sudeste,9854.0,278641.735,1590.0,3383.07,1848.0,3458.0,1717.0,82011.192,149.881,9596.0,64.02,28277.017962248832,161.3557946011772
3504909,Bananal,35,SP,São Paulo,Sudeste,10109.0,216018.384,844.0,2614.15,1616.0,2444.0,901.0,55970.498,616.429,9969.0,16.17,21368.917202492827,83.48995944208131
3505005,Barão de Antonina,35,SP,São Paulo,Sudeste,3618.0,74956.416,570.0,2598.82,547.0,1061.0,602.0,18717.724,153.142,3531.0,23.06,20717.638474295192,157.54560530679933
3505104,Barbosa,35,SP,São Paulo,Sudeste,5659.0,109124.812,747.0,2817.0,700.0,1354.0,922.0,26599.676,205.212,5640.0,27.48,19283.409082876835,132.00212051599223
3505203,Bariri,35,SP,São Paulo,Sudeste,32405.0,1623405.551,3113.0,3023.38,8782.0,12367.0,3729.0,353579.022,444.405,31595.0,71.1,50097.37852183305,96.06542200277734
3505302,Barra Bonita,35,SP,São Paulo,Sudeste,35159.0,1515652.893,2362.0,3440.34,13275.0,16270.0,2623.0,604808.567,150.121,34346.0,228.79,43108.53246679371,67.1805227679968
3505351,Barra do Chapéu,35,SP,São Paulo,Sudeste,5256.0,133738.024,1424.0,2936.56,416.0,1792.0,1471.0,16552.79,405.681,5179.0,12.77,25444.829528158294,270.9284627092846
3505401,Barra do Turvo,35,SP,São Paulo,Sudeste,6922.0,125820.885,1179.0,3137.5,805.0,1967.0,1186.0,32321.651,1007.684,6876.0,6.82,18176.955359722622,170.32649523259175
3505500,Barretos,35,SP,São Paulo,Sudeste,126600.0,5903515.961,10392.0,3692.33,37365.0,49808.0,11768.0,1830778.522,1566.161,122485.0,78.21,46631.24771721959,82.08530805687205
3505609,Barrinha,35,SP,São Paulo,Sudeste,33181.0,624816.297,1579.0,3268.08,5678.0,7405.0,1640.0,245832.639,146.025,32092.0,219.77,18830.544498357493,47.58747475965161
3505708,Barueri,35,SP,São Paulo,Sudeste,330339.0,58027666.618,41015.0,5485.76,382619.0,439018.0,42514.0,26607178.701,65.701,316473.0,4816.87,175660.96227814458,124.16033226473411
3505807,Bastos,35,SP,São Paulo,Sudeste,21900.0,1067216.916,1524.0,2967.04,4501.0,6189.0,1670.0,176619.196,170.912,21503.0,125.81,48731.366027397264,69.58904109589041
3505906,Batatais,35,SP,São Paulo,Sudeste,59873.0,2416802.575,5022.0,3755.9,16620.0,22588.0,5825.0,831102.1,849.526,58402.0,68.75,40365.4831894176,83.87754079468208
3506003,Bauru,35,SP,São Paulo,Sudeste,391740.0,16721368.423,25549.0,3522.78,154392.0,187541.0,26969.0,6838909.959,667.684,379146.0,567.85,42684.863488538314,65.21927809261246
3506102,Bebedouro,35,SP,São Paulo,Sudeste,78210.0,4080484.537,6477.0,3365.92,28551.0,36342.0,7405.0,1314043.407,683.192,76373.0,111.79,52173.437373737375,82.81549673954737
3506201,Bento de Abreu,35,SP,São Paulo,Sudeste,2642.0,210459.776,330.0,3979.89,1001.0,1242.0,427.0,55987.385,301.687,2606.0,8.64,79659.26419379258,124.90537471612414
3506300,Bernardino de Campos,35,SP,São Paulo,Sudeste,11852.0,377950.244,1202.0,3482.9,2762.0,3994.0,1443.0,136164.429,244.158,11607.0,47.54,31889.15322308471,101.4174822814715
3506359,Bertioga,35,SP,São Paulo,Sudeste,66873.0,2067677.07,4466.0,4016.16,15977.0,21422.0,4571.0,807155.163,491.546,64188.0,130.58,30919.460320308644,66.78330566895458
3506409,Bilac,35,SP,São Paulo,Sudeste,7455.0,292576.746,1265.0,2811.27,1736.0,3041.0,1697.0,65605.828,158.025,7319.0,46.32,39245.70704225352,169.68477531857815
3506508,Birigui,35,SP,São Paulo,Sudeste,122988.0,3947388.396,9296.0,2884.88,33899.0,45157.0,10072.0,1322198.795,530.031,118979.0,224.48,32095.719875109768,75.58460988063877
3506607,Biritiba Mirim,35,SP,São Paulo,Sudeste,30526.0,971015.868,1409.0,2871.81,3297.0,4800.0,1449.0,124203.651,317.406,29683.0,93.52,31809.469566926553,46.15737404180043
3506706,Boa Esperança do Sul,35,SP,São Paulo,Sudeste,13135.0,380753.261,1105.0,2612.76,3049.0,4122.0,1363.0,106726.443,690.748,12978.0,18.79,28987.686410354017,84.12637990102779
3506805,Bocaina,35,SP,São Paulo,Sudeste,11467.0,281963.936,1129.0,3301.63,3391.0,4565.0,1280.0,150188.078,363.926,11259.0,30.94,24589.16333827505,98.45644021976105
3506904,Bofete,35,SP,São Paulo,Sudeste,10688.0,212434.109,2009.0,3167.8,1480.0,3452.0,2235.0,61020.486,653.541,10460.0,16.01,19875.94582709581,187.96781437125748
3507001,Boituva,35,SP,São Paulo,Sudeste,63415.0,3393228.685,5224.0,3816.03,24848.0,31387.0,5514.0,1216814.121,248.954,61081.0,245.35,53508.2974848222,82.37798628084839
3507100,Bom Jesus dos Perdões,35,SP,São Paulo,Sudeste,22501.0,1463036.18,1389.0,3361.02,6897.0,8551.0,1408.0,293855.122,108.366,22006.0,203.07,65020.94040264877,61.7305897515666
3507159,Bom Sucesso de Itararé,35,SP,São Paulo,Sudeste,3610.0,63856.52,370.0,2840.96,640.0,966.0,395.0,25840.544,133.578,3555.0,26.61,17688.78670360111,102.49307479224377
3507209,Borá,35,SP,São Paulo,Sudeste,928.0,74195.054,211.0,3302.36,1149.0,1306.0,230.0,55053.366,118.951,907.0,7.62,79951.56681034483,227.3706896551724
3507308,Boracéia,35,SP,São Paulo,Sudeste,4823.0,519153.445,493.0,3337.88,1678.0,2190.0,587.0,72336.946,122.11,4715.0,38.61,107641.18702052665,102.21853618080033
3507407,Borborema,35,SP,São Paulo,Sudeste,14415.0,518182.236,2455.0,2686.37,2705.0,5140.0,3310.0,102705.655,552.256,14226.0,25.76,35947.43225806452,170.3087062088103
3507456,Borebi,35,SP,São Paulo,Sudeste,2787.0,73943.332,284.0,2870.55,708.0,953.0,319.0,26404.89,347.989,2713.0,7.8,26531.51489056333,101.90168640114818
3507506,Botucatu,35,SP,São Paulo,Sudeste,150442.0,5979359.062,10059.0,3924.67,50724.0,63068.0,10690.0,2543080.611,1482.642,145155.0,97.9,39745.27766182316,66.86297709416253
3507605,Bragança Paulista,35,SP,São Paulo,Sudeste,184634.0,7954300.053,13796.0,3716.97,54606.0,72148.0,14281.0,2627601.511,512.584,176811.0,344.94,43081.447907752634,74.72079898610224
3507704,Braúna,35,SP,São Paulo,Sudeste,5466.0,120686.813,785.0,3022.66,482.0,1173.0,1028.0,19038.601,195.176,5356.0,27.44,22079.548664471276,143.61507500914746
3507753,Brejo Alegre,35,SP,São Paulo,Sudeste,2605.0,75675.127,396.0,2932.95,441.0,799.0,452.0,16971.286,105.689,2565.0,24.27,29049.952783109406,152.01535508637238
3507803,Brodowski,35,SP,São Paulo,Sudeste,26167.0,894830.751,2179.0,2855.45,5797.0,8308.0,2390.0,214120.854,278.458,25201.0,90.5,34196.91791187374,83.27282455000574
3507902,Brotas,35,SP,São Paulo,Sudeste,24423.0,1123986.566,2363.0,3509.06,6703.0,9420.0,2880.0,309232.46,1101.373,23898.0,21.7,46021.64214060517,96.75306063956107
3508009,Buri,35,SP,São Paulo,Sudeste,20674.0,684130.186,2474.0,2778.87,4283.0,6741.0,2694.0,157577.439,1196.463,20250.0,16.92,33091.33143078262,119.66721485924349
3508108,Buritama,35,SP,São Paulo,Sudeste,17597.0,627565.183,2411.0,3035.07,3005.0,5393.0,2807.0,128625.981,326.921,17210.0,52.64,35663.1916235722,137.0119906802296
3508207,Buritizal,35,SP,São Paulo,Sudeste,4447.0,244488.126,1035.0,4477.67,1732.0,2730.0,1328.0,112542.662,266.42,4356.0,16.35,54978.21587587137,232.7411738250506
3508306,Cabrália Paulista,35,SP,São Paulo,Sudeste,4362.0,102881.808,512.0,3038.6,931.0,1376.0,554.0,37697.311,239.974,4299.0,17.91,23585.925722145803,117.37734983952315
3508405,Cabreúva,35,SP,São Paulo,Sudeste,48473.0,5961333.424,2565.0,4092.08,20121.0,23212.0,2668.0,1041294.36,260.234,47011.0,180.65,122982.55573205702,52.916056361273284
3508504,Caçapava,35,SP,São Paulo,Sudeste,99678.0,5214553.271,4218.0,4066.41,21278.0,26417.0,4369.0,1134531.974,368.99,96202.0,260.72,52313.983737635186,42.31625835189309
3508603,Cachoeira Paulista,35,SP,São Paulo,Sudeste,32482.0,673632.424,1490.0,3204.89,5096.0,6642.0,1576.0,214812.924,287.99,31564.0,109.6,20738.637522320056,45.87155963302752
3508702,Caconde,35,SP,São Paulo,Sudeste,17266.0,574394.938,4027.0,2740.01,1876.0,5980.0,4438.0,68247.447,468.214,17101.0,36.52,33267.400556006025,233.23294335688638
3508801,Cafelândia,35,SP,São Paulo,Sudeste,16905.0,682544.49,1846.0,3066.35,4269.0,6135.0,2251.0,172731.086,920.28,16654.0,18.1,40375.3025732032,109.19846199349305
3508900,Caiabu,35,SP,São Paulo,Sudeste,3745.0,69806.4,704.0,2410.0,379.0,1022.0,800.0,12225.255,253.352,3712.0,14.65,18639.89319092123,187.98397863818425
3509007,Caieiras,35,SP,São Paulo,Sudeste,98257.0,4858858.148,4287.0,3701.64,28381.0,33735.0,4429.0,1377543.756,97.642,95032.0,973.27,49450.50376054632,43.630479253386525
3509106,Caiuá,35,SP,São Paulo,Sudeste,5585.0,96254.924,1387.0,4836.99,890.0,2161.0,1518.0,54605.795,551.159,5466.0,9.92,17234.543240823634,248.34377797672335
3509205,Cajamar,35,SP,São Paulo,Sudeste,97363.0,22713160.274,6023.0,4177.67,61087.0,67166.0,6332.0,3268615.963,131.386,92689.0,705.47,233283.28291034582,61.861282006511715
3509254,Cajati,35,SP,São Paulo,Sudeste,29257.0,1755226.467,1431.0,3431.92,6655.0,8132.0,1473.0,298646.428,454.436,28515.0,62.75,59993.3850702396,48.91137163755682
3509304,Cajobi,35,SP,São Paulo,Sudeste,9232.0,170916.324,895.0,2700.3,1491.0,2365.0,1156.0,57620.99,176.929,9133.0,51.62,18513.46663778163,96.94540727902947
3509403,Cajuru,35,SP,São Paulo,Sudeste,24217.0,761749.163,2579.0,3084.4,5572.0,8411.0,2878.0,219870.702,660.088,23830.0,36.1,31455.141553454185,106.49543708964778
3509452,Campina do Monte Alegre,35,SP,São Paulo,Sudeste,6077.0,151086.917,693.0,3542.2,731.0,1442.0,725.0,32514.921,184.479,5954.0,32.27,24862.089353299325,114.03653118314958
3509502,Campinas,35,SP,São Paulo,Sudeste,1185977.0,72946910.167,93590.0,5279.66,455730.0,580172.0,98653.0,31113248.033,794.571,1139047.0,1433.54,61507.86243493761,78.91384065626906
3509601,Campo Limpo Paulista,35,SP,São Paulo,Sudeste,79663.0,2530950.088,2616.0,4208.02,13059.0,16239.0,2674.0,737682.548,79.403,77632.0,977.7,31770.710216788222,32.83833147132295
3509700,Campos do Jordão,35,SP,São Paulo,Sudeste,47983.0,1449808.277,3532.0,2820.11,14352.0,18687.0,3762.0,526385.423,289.981,46974.0,161.99,30215.04026426026,73.60940333034617
3509809,Campos Novos Paulista,35,SP,São Paulo,Sudeste,4991.0,194705.131,1248.0,3392.06,628.0,1765.0,1646.0,30041.332,484.199,4888.0,10.1,39011.24644359848,250.05009016229212
3509908,Cananéia,35,SP,São Paulo,Sudeste,12489.0,264410.437,755.0,3206.79,1484.0,2266.0,785.0,61585.628,1237.354,12289.0,9.93,21171.465849947952,60.45319881495716
3509957,Canas,35,SP,São Paulo,Sudeste,5049.0,130060.455,276.0,2554.06,1016.0,1279.0,281.0,35687.712,53.261,4931.0,92.58,25759.646464646463,54.66428995840761
3510005,Cândido Mota,35,SP,São Paulo,Sudeste,30172.0,1518347.017,3998.0,3779.16,7033.0,11344.0,5439.0,348052.198,595.811,29449.0,49.43,50323.048422378364,132.50696009545274
3510104,Cândido Rodrigues,35,SP,São Paulo,Sudeste,2951.0,107107.735,526.0,2797.71,623.0,1097.0,660.0,23782.821,70.892,2889.0,40.75,36295.40325313453,178.2446628261606
3510153,Canitar,35,SP,São Paulo,Sudeste,6524.0,164318.829,230.0,3159.13,469.0,689.0,265.0,20327.365,57.459,6283.0,109.35,25186.822348252605,35.254445125689756
3510203,Capão Bonito,35,SP,São Paulo,Sudeste,47403.0,1269097.445,4244.0,2721.88,8584.0,13049.0,4463.0,307799.128,1640.229,46337.0,28.25,26772.513237558804,89.53019851064278
3510302,Capela do Alto,35,SP,São Paulo,Sudeste,23597.0,392353.724,1420.0,2866.65,4785.0,6348.0,1484.0,199655.07,169.89,22866.0,134.59,16627.271432809255,60.17714116201212
3510401,Capivari,35,SP,São Paulo,Sudeste,51318.0,2990809.569,3260.0,3382.74,19455.0,23816.0,3703.0,842787.091,322.878,50068.0,155.07,58279.9323629136,63.525468646478814
3510500,Caraguatatuba,35,SP,São Paulo,Sudeste,141084.0,4532235.511,7397.0,3619.64,32992.0,41350.0,7695.0,1540614.905,484.947,134873.0,278.12,32124.376336083467,52.42975815826033
3510609,Carapicuíba,35,SP,São Paulo,Sudeste,398462.0,6854705.734,11805.0,3162.9,47120.0,60972.0,12190.0,1884295.908,34.546,386984.0,11201.99,17202.909522112524,29.626413560138733
3510708,Cardoso,35,SP,São Paulo,Sudeste,11491.0,321119.823,2219.0,3125.46,1244.0,3388.0,2724.0,49648.955,639.248,11345.0,17.75,27945.333130275867,193.10764946479853
3510807,Casa Branca,35,SP,São Paulo,Sudeste,28786.0,1179141.595,2623.0,3398.28,6605.0,9317.0,3134.0,286997.118,864.225,28083.0,32.5,40962.3287361912,91.12068366567082
3510906,Cássia dos Coqueiros,35,SP,São Paulo,Sudeste,2855.0,293111.124,724.0,2562.79,396.0,1053.0,813.0,13253.52,191.683,2799.0,14.6,102665.89281961472,253.59019264448335
3511003,Castilho,35,SP,São Paulo,Sudeste,20418.0,1388287.047,2896.0,3643.85,3866.0,6670.0,3280.0,199370.129,1065.318,19977.0,18.75,67993.29253599765,141.83563522382212
3511102,Catanduva,35,SP,São Paulo,Sudeste,119172.0,5218361.311,8817.0,3372.63,43378.0,54996.0,9437.0,1950381.094,290.596,115791.0,398.46,43788.484803477324,73.9854999496526
3511201,Catiguá,35,SP,São Paulo,Sudeste,7105.0,152901.809,535.0,3048.02,707.0,1227.0,689.0,31264.748,148.393,7003.0,47.19,21520.3109078114,75.29908515130191
3511300,Cedral,35,SP,São Paulo,Sudeste,13160.0,533104.147,1930.0,3146.12,4046.0,6042.0,2159.0,177261.969,197.838,12618.0,63.78,40509.433662613985,146.6565349544073
3511409,Cerqueira César,35,SP,São Paulo,Sudeste,22076.0,956913.985,1946.0,3452.66,4669.0,6705.0,2326.0,224769.015,511.621,21469.0,41.96,43346.348296792894,88.15002717883674
3511508,Cerquilho,35,SP,São Paulo,Sudeste,46217.0,2343905.897,3167.0,3399.06,13880.0,17971.0,3321.0,633275.378,127.803,44695.0,349.72,50715.23242529805,68.52456888158038
3511607,Cesário Lange,35,SP,São Paulo,Sudeste,19588.0,740569.082,1510.0,3089.75,6546.0,8180.0,1651.0,280580.46,190.392,19048.0,100.05,37807.28415356341,77.08801306922605
3511706,Charqueada,35,SP,São Paulo,Sudeste,15798.0,515122.578,1173.0,3263.93,2833.0,4052.0,1549.0,124320.1,175.846,15535.0,88.34,32606.82225598177,74.24990505127231
3511904,Clementina,35,SP,São Paulo,Sudeste,7087.0,186410.592,779.0,4618.9,1232.0,1966.0,1029.0,81432.693,168.59,6982.0,41.41,26303.17369832087,109.9195710455764
3512001,Colina,35,SP,São Paulo,Sudeste,18842.0,1541673.004,1638.0,3079.07,7840.0,9478.0,1929.0,311568.817,422.303,18486.0,43.77,81821.09139157202,86.93344655556736
3512100,Colômbia,35,SP,São Paulo,Sudeste,6781.0,373218.645,1052.0,3278.45,3625.0,4571.0,1253.0,191723.523,728.648,6629.0,9.1,55038.87995870815,155.13935997640465
3512209,Conchal,35,SP,São Paulo,Sudeste,29034.0,859274.273,2089.0,3186.95,5761.0,7915.0,2503.0,239958.302,182.793,28101.0,153.73,29595.449231934974,71.95012743679824
3512308,Conchas,35,SP,São Paulo,Sudeste,15381.0,432993.289,2470.0,2475.17,3072.0,5591.0,2813.0,107121.691,466.12,15232.0,32.68,28151.179312138353,160.58773811845782
3512407,Cordeirópolis,35,SP,São Paulo,Sudeste,25130.0,4107826.495,1793.0,4104.1,11414.0,13400.0,2016.0,614393.644,137.579,24514.0,178.18,163463.0519299642,71.34898527656188
3512506,Coroados,35,SP,São Paulo,Sudeste,5498.0,218777.214,1044.0,3624.99,1283.0,2219.0,1322.0,56642.236,246.825,5400.0,21.88,39792.14514368861,189.8872317206257
3512605,Coronel Macedo,35,SP,São Paulo,Sudeste,4295.0,141157.631,805.0,2736.05,869.0,1579.0,894.0,28730.953,303.83,4280.0,14.09,32865.57182770663,187.42724097788127
3512704,Corumbataí,35,SP,São Paulo,Sudeste,4285.0,345025.593,917.0,4214.89,1163.0,2041.0,1055.0,62374.861,278.622,4195.0,15.06,80519.39159859977,214.00233372228706
3512803,Cosmópolis,35,SP,São Paulo,Sudeste,61204.0,2109639.73,2861.0,3836.03,11958.0,15370.0,3025.0,571547.08,154.665,59773.0,386.47,34468.98454349389,46.745310764002355
3512902,Cosmorama,35,SP,São Paulo,Sudeste,8968.0,506809.049,2484.0,3212.41,2880.0,5185.0,2843.0,126333.895,441.68,8719.0,19.74,56513.05185102587,276.98483496877793
3513009,Cotia,35,SP,São Paulo,Sudeste,287004.0,16114164.611,19025.0,4066.96,87094.0,111389.0,19669.0,4743249.219,323.994,274413.0,846.97,56146.1324964112,66.28827472787836
3513108,Cravinhos,35,SP,São Paulo,Sudeste,34252.0,1753136.873,2801.0,4226.02,13222.0,16636.0,3247.0,695583.467,311.423,33281.0,106.87,51183.48922690646,81.77624664253182
3513207,Cristais Paulista,35,SP,São Paulo,Sudeste,9543.0,346565.911,1266.0,2759.2,1298.0,2522.0,1474.0,46736.989,385.23,9272.0,24.07,36316.24342449963,132.66268469034895
3513306,Cruzália,35,SP,São Paulo,Sudeste,2129.0,137663.972,609.0,3090.53,375.0,906.0,810.0,14236.267,149.33,2108.0,14.12,64661.330201972756,286.0497886331611
3513405,Cruzeiro,35,SP,São Paulo,Sudeste,76513.0,3182372.784,3459.0,3894.76,19801.0,23886.0,3614.0,988267.284,305.699,74961.0,245.21,41592.57621580646,45.208003868623635
3513504,Cubatão,35,SP,São Paulo,Sudeste,115082.0,21946471.662,3850.0,5923.63,31614.0,35568.0,4042.0,2403059.885,142.879,112476.0,787.21,190702.90455501294,33.454406423246034
3513603,Cunha,35,SP,São Paulo,Sudeste,22456.0,326362.259,4134.0,2963.99,2211.0,6386.0,4378.0,85743.36,1407.25,22110.0,15.71,14533.410179907374,184.09333808336302
3513702,Descalvado,35,SP,São Paulo,Sudeste,32622.0,2081161.879,3649.0,3416.08,10235.0,14681.0,4361.0,494024.272,753.706,31756.0,42.13,63796.2687450187,111.85702899883513
3513801,Diadema,35,SP,São Paulo,Sudeste,404118.0,18484355.533,15588.0,4164.29,100957.0,120514.0,16158.0,5569641.721,30.732,393237.0,12795.69,45739.99557802424,38.57289207607679
3513850,Dirce Reis,35,SP,São Paulo,Sudeste,1641.0,69826.774,411.0,4084.86,501.0,852.0,480.0,22992.605,88.133,1620.0,18.38,42551.355271176115,250.45703839122484
3513900,Divinolândia,35,SP,São Paulo,Sudeste,11314.0,491457.375,2973.0,2852.0,2753.0,5854.0,3228.0,101949.873,223.749,11158.0,49.87,43437.98612338695,262.77178716634256
3514007,Dobrada,35,SP,São Paulo,Sudeste,8958.0,138926.575,415.0,3322.38,793.0,1189.0,485.0,35504.679,149.729,8759.0,58.5,15508.659857110963,46.327305202054035
3514106,Dois Córregos,35,SP,São Paulo,Sudeste,24855.0,835299.134,2413.0,2899.35,5449.0,8150.0,2971.0,214579.33,632.972,24510.0,38.72,33606.88529470931,97.08308187487427
3514205,Dolcinópolis,35,SP,São Paulo,Sudeste,2250.0,58946.794,453.0,3378.65,278.0,655.0,525.0,12097.543,77.939,2207.0,28.32,26198.57511111111,201.33333333333334
3514304,Dourado,35,SP,São Paulo,Sudeste,8186.0,802299.144,845.0,3924.52,3017.0,3869.0,950.0,159709.539,205.874,8096.0,39.33,98008.69093574396,103.22501832396775
3514403,Dracena,35,SP,São Paulo,Sudeste,46664.0,1444977.941,4881.0,3117.8,12282.0,18054.0,5298.0,499153.92,487.688,45474.0,93.24,30965.582483284757,104.59883421909822
3514502,Duartina,35,SP,São Paulo,Sudeste,12529.0,252625.675,1292.0,2964.9,2231.0,3521.0,1374.0,86954.108,264.557,12328.0,46.6,20163.275201532444,103.12075983717774
3514601,Dumont,35,SP,São Paulo,Sudeste,9719.0,342331.605,988.0,3407.57,2129.0,3135.0,1292.0,97324.114,111.376,9471.0,85.04,35222.924683609424,101.65654902767774
3514700,Echaporã,35,SP,São Paulo,Sudeste,6295.0,152431.541,1269.0,2732.31,947.0,2143.0,1537.0,36022.702,515.258,6205.0,12.04,24214.700714853057,201.58856235107228
3514809,Eldorado,35,SP,São Paulo,Sudeste,13162.0,329349.074,1839.0,2779.56,1470.0,3278.0,1945.0,53793.808,1654.256,13069.0,7.9,25022.722534569213,139.72040723294333
3514908,Elias Fausto,35,SP,São Paulo,Sudeste,18103.0,1004655.097,1814.0,3681.52,6917.0,8880.0,2037.0,332603.117,202.36,17699.0,87.46,55496.60813124896,100.20438601336795
3514924,Elisiário,35,SP,São Paulo,Sudeste,3189.0,76050.806,322.0,3467.17,418.0,712.0,375.0,21380.0,93.98,3138.0,33.39,23847.853872687363,100.97209156475384
3514957,Embaúba,35,SP,São Paulo,Sudeste,2353.0,57200.22,387.0,2969.28,335.0,660.0,569.0,13997.773,83.129,2323.0,27.94,24309.48576285593,164.4708882277943
3515004,Embu das Artes,35,SP,São Paulo,Sudeste,259323.0,14314753.758,8242.0,3616.13,48544.0,58317.0,8578.0,2379385.605,70.398,250691.0,3561.05,55200.47877743201,31.78275741064233
3515103,Embu-Guaçu,35,SP,São Paulo,Sudeste,68805.0,1456125.367,2440.0,3519.26,9272.0,12152.0,2486.0,433039.226,155.641,66970.0,430.29,21163.074878279196,35.46253905966136
3515129,Emilianópolis,35,SP,São Paulo,Sudeste,3062.0,79174.834,581.0,3144.36,319.0,857.0,699.0,12964.876,225.167,3014.0,13.39,25857.228608752448,189.74526453298498
3515152,Engenheiro Coelho,35,SP,São Paulo,Sudeste,20139.0,661053.173,1383.0,3510.18,4285.0,5785.0,1537.0,206081.359,109.941,19566.0,177.97,32824.52817915488,68.67272456427827
3515186,Espírito Santo do Pinhal,35,SP,São Paulo,Sudeste,40681.0,2065823.762,3707.0,3123.36,26046.0,30417.0,4014.0,600986.34,389.235,39816.0,102.29,50781.04672943143,91.12362036331457
3515194,Espírito Santo do Turvo,35,SP,São Paulo,Sudeste,4217.0,91772.493,527.0,3049.91,571.0,1015.0,628.0,22032.826,193.666,4157.0,21.46,21762.507232629832,124.9703580744605
3515202,Estrela d'Oeste,35,SP,São Paulo,Sudeste,9655.0,753257.368,1829.0,3449.27,3971.0,5711.0,2173.0,176338.69,296.281,9417.0,31.78,78017.33485240808,189.43552563438632
3515301,Estrela do Norte,35,SP,São Paulo,Sudeste,2749.0,62446.432,531.0,2537.14,429.0,885.0,599.0,13287.147,264.987,2703.0,10.2,22716.053837759184,193.16114950891233
3515350,Euclides da Cunha Paulista,35,SP,São Paulo,Sudeste,7928.0,136498.422,1725.0,2833.19,692.0,2299.0,1822.0,26562.468,573.894,7924.0,13.81,17217.258072653884,217.5832492431887
3515400,Fartura,35,SP,São Paulo,Sudeste,16984.0,473712.304,2178.0,2460.64,3265.0,5509.0,2461.0,111390.776,429.171,16641.0,38.77,27891.68064060292,128.23834196891193
3515509,Fernandópolis,35,SP,São Paulo,Sudeste,73286.0,2468766.33,6582.0,3066.01,19083.0,27056.0,7049.0,781880.645,549.797,71186.0,129.48,33686.73866768551,89.81251535081735
3515608,Fernando Prestes,35,SP,São Paulo,Sudeste,6066.0,205593.634,1174.0,2645.37,1509.0,2691.0,1465.0,53816.58,169.99,5942.0,34.95,33892.78503132212,193.53775140125288
3515657,Fernão,35,SP,São Paulo,Sudeste,1689.0,80954.108,495.0,3257.0,302.0,766.0,584.0,12594.758,100.504,1656.0,16.48,47930.20011841326,293.07282415630556
3515707,Ferraz de Vasconcelos,35,SP,São Paulo,Sudeste,185622.0,4740673.305,4392.0,3366.25,24012.0,29063.0,4549.0,1051458.367,29.547,179198.0,6064.85,25539.393525551928,23.66098846041956
3515806,Flora Rica,35,SP,São Paulo,Sudeste,1492.0,42156.144,420.0,3116.05,249.0,583.0,514.0,9884.118,224.711,1487.0,6.62,28254.788203753353,281.50134048257377
3515905,Floreal,35,SP,São Paulo,Sudeste,2756.0,81886.09,990.0,2737.51,392.0,1242.0,1169.0,14861.02,204.236,2733.0,13.38,29711.93396226415,359.21625544267056
3516002,Flórida Paulista,35,SP,São Paulo,Sudeste,13171.0,264841.457,1639.0,3246.47,1619.0,3138.0,2135.0,75922.214,524.138,12958.0,24.72,20107.92324045251,124.44005770252828
3516101,Florínea,35,SP,São Paulo,Sudeste,3987.0,171948.578,567.0,4160.31,510.0,970.0,806.0,27436.262,225.886,3851.0,17.05,43127.30825181841,142.21218961625283
3516200,Franca,35,SP,São Paulo,Sudeste,364331.0,11276086.013,26373.0,3017.77,98041.0,131176.0,27659.0,3951133.962,605.679,352536.0,582.05,30950.114080328054,72.38747183193304
3516309,Francisco Morato,35,SP,São Paulo,Sudeste,171107.0,1872466.812,2955.0,3368.25,10033.0,13324.0,3063.0,468167.832,49.001,165139.0,3370.11,10943.250784596772,17.269895445539923
3516408,Franco da Rocha,35,SP,São Paulo,Sudeste,149786.0,4297870.725,3698.0,3749.15,21469.0,25622.0,3921.0,1040003.643,132.775,144849.0,1090.94,28693.407427930513,24.688555672759804
3516507,Gabriel Monteiro,35,SP,São Paulo,Sudeste,2811.0,93704.899,614.0,2359.22,840.0,1399.0,764.0,26364.695,138.681,2763.0,19.92,33335.07612949128,218.42760583422267
3516606,Gália,35,SP,São Paulo,Sudeste,6435.0,172719.377,954.0,2452.32,1128.0,2031.0,1070.0,37772.226,355.914,6380.0,17.93,26840.618026418026,148.25174825174824
3516705,Garça,35,SP,São Paulo,Sudeste,43115.0,1725227.785,3704.0,3093.99,11018.0,15191.0,4030.0,445971.475,555.807,42110.0,75.76,40014.56070972979,85.90977617998377
3516804,Gastão Vidigal,35,SP,São Paulo,Sudeste,3235.0,85828.068,734.0,3407.4,318.0,983.0,921.0,15518.72,180.569,3252.0,18.01,26531.08748068006,226.89335394126738
3516853,Gavião Peixoto,35,SP,São Paulo,Sudeste,4797.0,1184185.051,435.0,7495.35,4538.0,4913.0,514.0,423817.316,243.766,4702.0,19.29,246859.5061496769,90.6816760475297
3516903,General Salgado,35,SP,São Paulo,Sudeste,10449.0,275099.291,1863.0,3561.01,3392.0,5155.0,2232.0,148165.794,494.376,10312.0,20.86,26327.810412479663,178.29457364341087
3517000,Getulina,35,SP,São Paulo,Sudeste,10355.0,215987.576,1328.0,3900.59,975.0,2116.0,1772.0,51709.187,676.755,10232.0,15.12,20858.28836310961,128.24722356349588
3517109,Glicério,35,SP,São Paulo,Sudeste,4173.0,125314.106,904.0,2887.52,730.0,1518.0,1160.0,27291.854,272.8,4138.0,15.17,30029.740234843037,216.6307213036185
3517208,Guaiçara,35,SP,São Paulo,Sudeste,11459.0,232240.952,1014.0,3283.56,2109.0,3017.0,1225.0,89150.766,277.154,11239.0,40.55,20267.122087442185,88.48939698053931
3517307,Guaimbê,35,SP,São Paulo,Sudeste,5606.0,442961.861,615.0,2733.69,533.0,1064.0,708.0,19809.906,217.811,5512.0,25.31,79015.67267213699,109.70388869068854
3517406,Guaíra,35,SP,São Paulo,Sudeste,40424.0,2704845.256,3418.0,3171.76,16880.0,20666.0,4403.0,695984.051,1258.465,39279.0,31.21,66911.86562438155,84.55373045715417
3517505,Guapiaçu,35,SP,São Paulo,Sudeste,22316.0,896415.279,2273.0,3604.9,6130.0,8483.0,2600.0,287971.922,325.126,21711.0,66.78,40169.17364222979,101.85517117763041
3517604,Guapiara,35,SP,São Paulo,Sudeste,17256.0,439111.528,4151.0,2753.87,1960.0,6100.0,4265.0,72573.426,408.292,17071.0,41.81,25446.88966156699,240.55401019935093
3517703,Guará,35,SP,São Paulo,Sudeste,18790.0,618205.494,1483.0,3097.14,3232.0,4673.0,1701.0,133648.936,362.183,18606.0,51.37,32900.7713677488,78.92496008515168
3517802,Guaraçaí,35,SP,São Paulo,Sudeste,7486.0,326571.664,1577.0,2840.76,953.0,2492.0,1822.0,37103.064,569.197,7441.0,13.07,43624.32059845044,210.65989847715736
3517901,Guaraci,35,SP,São Paulo,Sudeste,10542.0,375452.79,1056.0,3902.79,2520.0,3488.0,1273.0,136760.067,641.501,10350.0,16.13,35614.948776323276,100.17074558907228
3518008,Guarani d'Oeste,35,SP,São Paulo,Sudeste,1999.0,37039.506,473.0,2980.2,324.0,719.0,568.0,12357.707,85.7,1968.0,22.96,18529.017508754376,236.6183091545773
3518107,Guarantã,35,SP,São Paulo,Sudeste,6531.0,196318.761,925.0,2618.89,915.0,1747.0,1045.0,31615.003,461.746,6427.0,13.92,30059.525493798807,141.6322155871995
3518206,Guararapes,35,SP,São Paulo,Sudeste,31872.0,1199677.625,3054.0,3154.29,6538.0,9777.0,3814.0,265290.142,955.637,31043.0,32.48,37640.48773217871,95.82078313253012
3518305,Guararema,35,SP,São Paulo,Sudeste,32436.0,1546741.266,2440.0,4278.06,8617.0,11365.0,2523.0,485039.382,270.816,31236.0,115.34,47685.94358120607,75.22505857688988
3518404,Guaratinguetá,35,SP,São Paulo,Sudeste,121710.0,7877882.192,6571.0,4099.7,31699.0,39470.0,6970.0,1737392.48,752.636,118044.0,156.84,64726.66331443595,53.988990222660426
3518503,Guareí,35,SP,São Paulo,Sudeste,15268.0,313680.631,1982.0,3257.59,2796.0,4745.0,2057.0,122019.217,567.884,15013.0,26.44,20544.971902017292,129.81399004453758
3518602,Guariba,35,SP,São Paulo,Sudeste,38609.0,1135133.627,2042.0,3276.56,9139.0,11471.0,2165.0,406124.801,270.289,37498.0,138.73,29400.751819523946,52.889222720091176
3518701,Guarujá,35,SP,São Paulo,Sudeste,294973.0,10494252.383,11984.0,6649.76,52913.0,66072.0,12618.0,4541835.089,144.794,287634.0,1986.5,35576.99309089306,40.62744725788462
3518800,Guarulhos,35,SP,São Paulo,Sudeste,1345364.0,77376425.117,62160.0,4035.65,411505.0,486966.0,65755.0,21355464.455,318.675,1291771.0,4053.57,57513.375649266665,46.20310934438561
3518859,Guatapará,35,SP,São Paulo,Sudeste,7462.0,245363.012,923.0,3127.78,1928.0,2777.0,1391.0,71000.148,413.567,7320.0,17.7,32881.66872152238,123.69337979094077
3518909,Guzolândia,35,SP,São Paulo,Sudeste,4276.0,93585.019,1081.0,2903.59,492.0,1404.0,1293.0,19217.953,252.477,4246.0,16.82,21886.112956033678,252.80636108512627
3519006,Herculândia,35,SP,São Paulo,Sudeste,9302.0,355955.455,1419.0,3043.44,1380.0,2675.0,1796.0,55525.142,364.252,9125.0,25.05,38266.550741775965,152.5478391743711
3519055,Holambra,35,SP,São Paulo,Sudeste,15596.0,1463401.405,2095.0,3532.42,11283.0,14075.0,2260.0,445948.316,65.577,15094.0,230.17,93831.84181841498,134.32931520902795
3519071,Hortolândia,35,SP,São Paulo,Sudeste,247331.0,18377821.724,9701.0,5439.73,58099.0,69827.0,10052.0,4123906.779,62.416,236641.0,3791.35,74304.56240422753,39.22274199352285
3519105,Iacanga,35,SP,São Paulo,Sudeste,10633.0,658009.942,1245.0,2321.45,2134.0,3396.0,1413.0,94678.367,547.393,10437.0,19.07,61883.7526568231,117.08830997836924
3519204,Iacri,35,SP,São Paulo,Sudeste,6207.0,316795.432,1342.0,2932.9,807.0,2051.0,1692.0,30481.606,321.948,6131.0,19.04,51038.41340422104,216.20750765265024
3519253,Iaras,35,SP,São Paulo,Sudeste,8257.0,168922.26,930.0,3792.52,2009.0,2909.0,988.0,103021.48,401.381,8010.0,19.96,20458.06709458641,112.63170643090712
3519303,Ibaté,35,SP,São Paulo,Sudeste,33110.0,1159253.485,1803.0,3509.65,7481.0,9544.0,1848.0,342417.806,290.978,32178.0,110.59,35012.186197523406,54.4548474781033
3519402,Ibirá,35,SP,São Paulo,Sudeste,11934.0,318126.274,1504.0,2892.85,2416.0,3960.0,1829.0,91618.306,271.912,11690.0,42.99,26657.137087313557,126.02647896765542
3519501,Ibirarema,35,SP,São Paulo,Sudeste,6461.0,244614.399,1211.0,3135.61,1004.0,2152.0,1530.0,49985.532,228.23,6385.0,27.98,37860.1453335397,187.43228602383533
3519600,Ibitinga,35,SP,São Paulo,Sudeste,61908.0,1965222.526,5638.0,2571.26,17502.0,23749.0,6569.0,587387.754,689.391,60033.0,87.08,31744.24187504038,91.0706209213672
3519709,Ibiúna,35,SP,São Paulo,Sudeste,77651.0,2370585.551,6939.0,3005.5,15561.0,23331.0,7209.0,593355.994,1058.082,75605.0,71.45,30528.718896086335,89.36137332423279
3519808,Icém,35,SP,São Paulo,Sudeste,7969.0,209289.094,799.0,3592.83,1397.0,2131.0,866.0,65232.551,362.355,7819.0,21.58,26262.905508846783,100.26352114443468
3519907,Iepê,35,SP,São Paulo,Sudeste,7739.0,434355.825,1174.0,3147.42,1078.0,2203.0,1467.0,45545.273,594.974,7619.0,12.81,56125.57500969117,151.69918594133608
3520004,Igaraçu do Tietê,35,SP,São Paulo,Sudeste,23430.0,381184.503,949.0,2627.99,2314.0,3473.0,1034.0,84565.595,97.747,23106.0,236.39,16269.078233034572,40.50362782757149
3520103,Igarapava,35,SP,São Paulo,Sudeste,26755.0,1299637.242,2342.0,3125.4,6510.0,8900.0,2995.0,271122.195,468.355,26212.0,55.97,48575.49026350215,87.53504017940573
3520202,Igaratá,35,SP,São Paulo,Sudeste,10904.0,240165.471,871.0,2822.56,1787.0,2762.0,883.0,67058.826,292.953,10605.0,36.2,22025.446716801172,79.87894350696992
3520301,Iguape,35,SP,São Paulo,Sudeste,29881.0,1588620.44,2308.0,3328.63,3113.0,5459.0,2384.0,133085.288,1978.795,29115.0,14.71,53164.90211170978,77.23971754626686
3520400,Ilhabela,35,SP,São Paulo,Sudeste,36329.0,13956618.262,2452.0,3621.79,10054.0,13043.0,2528.0,486692.714,346.389,34934.0,100.85,384172.9269178893,67.4942883096149
3520426,Ilha Comprida,35,SP,São Paulo,Sudeste,13955.0,1363561.107,626.0,3311.03,2119.0,2777.0,634.0,87859.838,196.567,13419.0,68.27,97711.29394482264,44.858473665352925
3520442,Ilha Solteira,35,SP,São Paulo,Sudeste,26240.0,706074.949,2179.0,4052.5,4858.0,7179.0,2245.0,268745.997,652.641,25549.0,39.15,26908.344092987805,83.04115853658536
3520509,Indaiatuba,35,SP,São Paulo,Sudeste,267796.0,22817116.886,20836.0,4526.97,93390.0,120797.0,21568.0,5553052.711,311.545,255748.0,820.9,85203.35212624536,77.80549373403636
3520608,Indiana,35,SP,São Paulo,Sudeste,5191.0,86968.231,849.0,2550.8,695.0,1518.0,929.0,23623.796,129.367,5090.0,39.35,16753.65652090156,163.55230206125987
3520707,Indiaporã,35,SP,São Paulo,Sudeste,4109.0,111102.983,938.0,3365.99,485.0,1336.0,1188.0,21402.407,279.606,4035.0,14.43,27038.93477731808,228.2793867120954
3520806,Inúbia Paulista,35,SP,São Paulo,Sudeste,3671.0,136680.861,480.0,3135.03,816.0,1255.0,534.0,34517.338,87.119,3615.0,41.49,37232.59629528739,130.75456278943068
3520905,Ipaussu,35,SP,São Paulo,Sudeste,13933.0,499098.585,877.0,3282.39,3212.0,4162.0,957.0,146417.652,209.554,13712.0,65.43,35821.329577262615,62.944089571520855
3521002,Iperó,35,SP,São Paulo,Sudeste,37999.0,969693.824,1528.0,3398.51,7399.0,9024.0,1579.0,331861.501,170.289,36459.0,214.1,25518.930077107292,40.21158451538198
3521101,Ipeúna,35,SP,São Paulo,Sudeste,6999.0,947911.795,955.0,3348.62,1901.0,2820.0,1212.0,86497.283,190.01,6831.0,35.95,135435.31861694527,136.44806400914416
3521150,Ipiguá,35,SP,São Paulo,Sudeste,7037.0,124258.756,871.0,2890.11,1179.0,2032.0,960.0,43766.548,136.028,6761.0,49.7,17657.91615745346,123.77433565439819
3521200,Iporanga,35,SP,São Paulo,Sudeste,4091.0,63459.365,450.0,2672.91,420.0,853.0,453.0,15193.157,1152.059,4046.0,3.51,15511.944512344171,109.99755560987535
3521309,Ipuã,35,SP,São Paulo,Sudeste,14691.0,442715.064,1089.0,2924.63,2687.0,3776.0,1349.0,105432.414,466.461,14454.0,30.99,30135.12109454768,74.12701654073922
3521408,Iracemápolis,35,SP,São Paulo,Sudeste,22435.0,2127925.258,1302.0,3531.31,7882.0,9517.0,1350.0,364911.503,115.118,21967.0,190.82,94848.46258078894,58.03432137285491
3521507,Irapuã,35,SP,São Paulo,Sudeste,6946.0,186223.417,1335.0,2427.23,945.0,2168.0,1612.0,31300.573,257.612,6867.0,26.66,26810.166570688165,192.19694788367406
3521606,Irapuru,35,SP,São Paulo,Sudeste,7145.0,109595.224,1248.0,4220.21,984.0,2140.0,1489.0,54324.014,214.461,7085.0,33.04,15338.729741077677,174.66759972008398
3521705,Itaberá,35,SP,São Paulo,Sudeste,18258.0,1016119.036,3309.0,2962.59,2769.0,6087.0,3736.0,107287.545,1100.247,17983.0,16.34,55653.35940409683,181.2356227407164
3521804,Itaí,35,SP,São Paulo,Sudeste,25930.0,924896.722,2312.0,3657.2,4626.0,6985.0,2660.0,217574.918,1092.884,25180.0,23.04,35668.982722715,89.1631315079059
3521903,Itajobi,35,SP,São Paulo,Sudeste,17420.0,935219.794,3221.0,2821.64,4401.0,7672.0,4094.0,154800.462,502.066,16989.0,33.84,53686.555338691156,184.902411021814
3522000,Itaju,35,SP,São Paulo,Sudeste,3702.0,232256.5,874.0,2717.06,837.0,1643.0,1055.0,30239.7,230.355,3618.0,15.71,62738.11453268504,236.08860075634792
3522109,Itanhaém,35,SP,São Paulo,Sudeste,117435.0,2369274.752,4202.0,3212.57,15066.0,19725.0,4381.0,641670.394,601.711,112476.0,186.93,20175.20119214885,35.78149614680461
3522158,Itaoca,35,SP,São Paulo,Sudeste,3490.0,53345.253,571.0,2976.1,366.0,896.0,578.0,14532.884,183.015,3422.0,18.7,15285.172779369628,163.61031518624642
3522208,Itapecerica da Serra,35,SP,São Paulo,Sudeste,163928.0,4909298.748,5037.0,3491.72,31070.0,37146.0,5205.0,1393849.661,150.742,158522.0,1051.61,29947.896320335756,30.72690449465619
3522307,Itapetininga,35,SP,São Paulo,Sudeste,163774.0,6359722.596,10136.0,3328.0,44316.0,56270.0,10713.0,1934485.305,1789.35,157790.0,88.18,38832.30913331787,61.89016571616984
3522406,Itapeva,35,SP,São Paulo,Sudeste,92324.0,3788992.478,8481.0,3155.13,21749.0,31004.0,9129.0,885664.783,1826.258,89728.0,49.13,41040.16808197219,91.86127117542567
3522505,Itapevi,35,SP,São Paulo,Sudeste,241924.0,12854995.018,6227.0,4299.17,43469.0,50517.0,6459.0,2402653.449,82.658,232297.0,2810.34,53136.50162034358,25.739488434384352
3522604,Itapira,35,SP,São Paulo,Sudeste,73919.0,4756331.426,5184.0,3849.02,25468.0,31832.0,5487.0,1279502.837,518.416,72022.0,138.93,64345.18088718733,70.13081886930289
3522653,Itapirapuã Paulista,35,SP,São Paulo,Sudeste,4405.0,52590.208,876.0,2676.44,544.0,1366.0,901.0,18554.468,406.478,4306.0,10.59,11938.753234960272,198.86492622020432
3522703,Itápolis,35,SP,São Paulo,Sudeste,40464.0,1630819.908,5964.0,3211.32,10204.0,16560.0,7832.0,426526.115,996.747,39493.0,39.62,40302.98309608541,147.39027283511268
3522802,Itaporanga,35,SP,São Paulo,Sudeste,14260.0,305514.254,1915.0,2556.49,2113.0,3989.0,2113.0,70771.686,507.997,14085.0,27.73,21424.56199158485,134.29172510518933
3522901,Itapuí,35,SP,São Paulo,Sudeste,13984.0,1003728.987,885.0,2943.82,5222.0,6165.0,990.0,201830.41,140.023,13659.0,97.55,71776.95845251717,63.28661327231121
3523008,Itapura,35,SP,São Paulo,Sudeste,4014.0,104627.589,674.0,2790.36,619.0,1220.0,710.0,22943.752,301.653,3979.0,13.19,26065.667414050822,167.91230692575985
3523107,Itaquaquecetuba,35,SP,São Paulo,Sudeste,382521.0,9519617.706,9614.0,3248.03,61158.0,72262.0,10038.0,2578974.675,82.622,369275.0,4469.45,24886.523108535217,25.133260657584813
3523206,Itararé,35,SP,São Paulo,Sudeste,45327.0,1182424.012,3833.0,2793.68,9944.0,13876.0,4477.0,370144.913,1003.86,44438.0,44.27,26086.52705892735,84.56328457652172
3523305,Itariri,35,SP,São Paulo,Sudeste,15762.0,438980.463,761.0,2929.45,1429.0,2203.0,779.0,59098.485,273.667,15528.0,56.74,27850.555957365817,48.280675041238425
3523404,Itatiba,35,SP,São Paulo,Sudeste,126403.0,8245497.584,8079.0,3943.01,41801.0,52453.0,8334.0,2178278.689,322.269,121590.0,377.29,65231.818738479305,63.91462227953451
3523503,Itatinga,35,SP,São Paulo,Sudeste,19427.0,396659.517,1602.0,3148.37,3076.0,4734.0,1768.0,127324.718,979.817,19070.0,19.46,20417.950120965666,82.46255211818603
3523602,Itirapina,35,SP,São Paulo,Sudeste,16433.0,1273183.85,1033.0,4814.15,5810.0,6858.0,1169.0,367101.04,564.603,16148.0,28.6,77477.26221627214,62.86131564534777
3523701,Itirapuã,35,SP,São Paulo,Sudeste,5861.0,161834.767,644.0,2919.02,459.0,1077.0,708.0,17944.471,161.118,5779.0,35.87,27612.142467155776,109.8788602627538
3523800,Itobi,35,SP,São Paulo,Sudeste,8210.0,198366.051,749.0,2761.32,948.0,1678.0,837.0,34638.987,138.986,8046.0,57.89,24161.516565164435,91.23020706455543
3523909,Itu,35,SP,São Paulo,Sudeste,174561.0,10540812.918,11357.0,3919.42,64106.0,79031.0,11798.0,3238680.876,640.719,168240.0,262.58,60384.69599738773,65.06035139578714
3524006,Itupeva,35,SP,São Paulo,Sudeste,74119.0,8423278.988,5000.0,4514.41,33967.0,40034.0,5198.0,2012042.229,200.876,70616.0,351.54,113645.34043902373,67.459086064302
3524105,Ituverava,35,SP,São Paulo,Sudeste,38451.0,1907193.117,3442.0,3045.49,8048.0,12007.0,4175.0,318385.324,704.659,37571.0,53.32,49600.61160958103,89.51652752854282
3524204,Jaborandi,35,SP,São Paulo,Sudeste,6293.0,153277.993,688.0,2780.98,810.0,1433.0,961.0,32136.192,273.438,6221.0,22.75,24356.903384713172,109.32782456697919
3524303,Jaboticabal,35,SP,São Paulo,Sudeste,73467.0,3601183.19,6482.0,3721.54,26117.0,34550.0,7769.0,1262076.61,706.602,71821.0,101.64,49017.69760572774,88.23008970013747
3524402,Jacareí,35,SP,São Paulo,Sudeste,249968.0,16080493.543,11532.0,4082.24,59227.0,73694.0,12045.0,3174130.022,464.272,240275.0,517.53,64330.20843868015,46.1339051398579
3524501,Jaci,35,SP,São Paulo,Sudeste,7878.0,676808.092,1129.0,3216.64,3484.0,4581.0,1276.0,143630.372,145.133,7613.0,52.46,85911.1566387408,143.3104848946433
3524600,Jacupiranga,35,SP,São Paulo,Sudeste,16254.0,531089.163,1385.0,2812.61,2994.0,4336.0,1445.0,106449.578,704.189,16097.0,22.86,32674.367109634546,85.20979451212008
3524709,Jaguariúna,35,SP,São Paulo,Sudeste,61801.0,13981301.517,4581.0,5135.18,39364.0,45120.0,4767.0,2607595.93,141.391,59347.0,419.74,226230.99168298248,74.12501415834694
3524808,Jales,35,SP,São Paulo,Sudeste,50017.0,1982125.374,5840.0,3417.89,14777.0,21482.0,6304.0,656090.558,368.574,48776.0,132.34,39629.03360857309,116.76030149749086
3524907,Jambeiro,35,SP,São Paulo,Sudeste,6575.0,352904.037,698.0,3540.15,3055.0,3773.0,737.0,158362.121,184.413,6397.0,34.69,53673.61779467681,106.15969581749049
3525003,Jandira,35,SP,São Paulo,Sudeste,121988.0,4908360.238,4421.0,4044.03,22886.0,28224.0,4558.0,1222584.7,17.449,118045.0,6765.14,40236.418647735845,36.241269633078666
3525102,Jardinópolis,35,SP,São Paulo,Sudeste,46868.0,1580760.481,3083.0,3543.08,9769.0,13330.0,3469.0,460417.779,501.87,45282.0,90.23,33727.92696509345,65.78048988648972
3525201,Jarinu,35,SP,São Paulo,Sudeste,39531.0,2997399.556,2462.0,4329.9,10857.0,13734.0,2559.0,586422.942,207.549,37535.0,180.85,75824.0256001619,62.280235764336844
3525300,Jaú,35,SP,São Paulo,Sudeste,137323.0,5582394.761,9428.0,3279.89,43568.0,55593.0,10304.0,1865940.941,687.103,133497.0,194.29,40651.56427546733,68.65565127473184
3525409,Jeriquara,35,SP,São Paulo,Sudeste,3976.0,168937.393,524.0,2977.63,573.0,1068.0,660.0,25810.901,141.971,3863.0,27.21,42489.28395372233,131.79074446680082
3525508,Joanópolis,35,SP,São Paulo,Sudeste,13095.0,261557.616,1988.0,2589.4,2489.0,4683.0,2081.0,83757.472,374.293,12815.0,34.24,19973.853837342496,151.81366933944255
3525607,João Ramalho,35,SP,São Paulo,Sudeste,4456.0,148675.33,632.0,2912.46,322.0,883.0,758.0,14194.846,415.452,4371.0,10.52,33365.19973070018,141.83123877917413
3525706,José Bonifácio,35,SP,São Paulo,Sudeste,37859.0,1381751.014,5137.0,3170.19,12307.0,17807.0,5806.0,505155.078,860.2,36633.0,42.59,36497.29295543992,135.68768324572758
3525805,Júlio Mesquita,35,SP,São Paulo,Sudeste,4308.0,58842.947,293.0,2643.27,451.0,713.0,326.0,16579.585,128.183,4254.0,33.19,13658.994196843083,68.0129990714949
3525854,Jumirim,35,SP,São Paulo,Sudeste,3123.0,213999.554,470.0,3203.37,1510.0,1992.0,535.0,64334.678,56.685,3056.0,53.91,68523.71245597182,150.49631764329172
3525904,Jundiaí,35,SP,São Paulo,Sudeste,460313.0,57670892.685,36583.0,4699.98,199782.0,249195.0,38257.0,11990686.675,431.204,443221.0,1027.87,125286.25671010812,79.47418387054027
3526001,Junqueirópolis,35,SP,São Paulo,Sudeste,20878.0,807879.163,2583.0,3678.36,6035.0,8797.0,3266.0,293612.0,582.565,20448.0,35.1,38695.23723536737,123.71874700641824
3526100,Juquiá,35,SP,São Paulo,Sudeste,17255.0,366459.396,1506.0,2643.86,2116.0,3594.0,1556.0,74828.612,812.799,17154.0,21.1,21237.86705302811,87.27904955085484
3526209,Juquitiba,35,SP,São Paulo,Sudeste,28007.0,573997.22,1334.0,2706.95,3567.0,5153.0,1352.0,129027.251,522.169,27404.0,52.48,20494.777020030706,47.63094940550577
3526308,Lagoinha,35,SP,São Paulo,Sudeste,5182.0,73967.039,1270.0,2393.16,692.0,1940.0,1345.0,21235.184,255.472,5083.0,19.9,14273.840023157081,245.0791200308761
3526407,Laranjal Paulista,35,SP,São Paulo,Sudeste,27009.0,1411101.003,3016.0,2926.45,10369.0,13858.0,3628.0,404543.075,384.274,26261.0,68.34,52245.584916139065,111.6664815431893
3526506,Lavínia,35,SP,São Paulo,Sudeste,9909.0,184895.988,992.0,5327.17,1285.0,2151.0,1301.0,88658.692,537.675,9689.0,18.02,18659.399333938843,100.11101019275407
3526605,Lavrinhas,35,SP,São Paulo,Sudeste,7328.0,133317.098,355.0,2575.24,677.0,988.0,374.0,23882.666,167.067,7171.0,42.92,18192.83542576419,48.4443231441048
3526704,Leme,35,SP,São Paulo,Sudeste,101316.0,4101866.544,5956.0,3354.86,26349.0,33773.0,6526.0,1148333.385,402.871,98161.0,243.65,40485.87137273481,58.786371352994585
3526803,Lençóis Paulista,35,SP,São Paulo,Sudeste,68395.0,4924228.119,5086.0,4400.85,32050.0,38329.0,5727.0,1831701.157,809.541,66505.0,82.15,71996.90209810658,74.36216097667958
3526902,Limeira,35,SP,São Paulo,Sudeste,300728.0,16060738.811,20800.0,4034.87,98121.0,124584.0,22349.0,5295715.773,580.711,291869.0,502.61,53406.19699861669,69.16549174004416
3527009,Lindóia,35,SP,São Paulo,Sudeste,7147.0,246178.779,618.0,3278.78,2341.0,3034.0,637.0,98047.845,48.756,7014.0,143.86,34445.05093046033,86.4698474884567
3527108,Lins,35,SP,São Paulo,Sudeste,76729.0,6763890.055,5110.0,3590.47,30738.0,36843.0,5589.0,1420903.002,570.058,74779.0,131.18,88152.98068526894,66.59802682167108
3527207,Lorena,35,SP,São Paulo,Sudeste,87370.0,3876663.467,3928.0,3839.32,19479.0,24024.0,4120.0,952551.367,414.16,84855.0,204.88,44370.6474419137,44.958223646560604
3527256,Lourdes,35,SP,São Paulo,Sudeste,1968.0,43489.176,429.0,3729.22,222.0,585.0,492.0,11377.267,113.94,1950.0,17.11,22098.158536585364,217.9878048780488
3527306,Louveira,35,SP,São Paulo,Sudeste,54111.0,19677150.59,3808.0,5092.19,18950.0,22638.0,3933.0,1228614.825,55.738,51847.0,930.19,363644.1867642439,70.37386113729187
3527405,Lucélia,35,SP,São Paulo,Sudeste,20372.0,584271.282,2134.0,3037.73,4246.0,6511.0,2367.0,172452.275,314.81,20061.0,63.72,28680.11397997251,104.75161987041037
3527504,Lucianópolis,35,SP,São Paulo,Sudeste,2419.0,70465.375,369.0,2950.51,418.0,721.0,429.0,15898.844,189.536,2372.0,12.51,29129.960727573376,152.54237288135593
3527603,Luís Antônio,35,SP,São Paulo,Sudeste,12531.0,1556606.521,925.0,3647.19,6685.0,7671.0,1036.0,361132.461,598.257,12265.0,20.5,124220.45495171973,73.8169340036709
3527702,Luiziânia,35,SP,São Paulo,Sudeste,4751.0,93808.712,613.0,3006.52,504.0,1048.0,788.0,19736.248,166.576,4701.0,28.22,19745.04567459482,129.02546832245844
3527801,Lupércio,35,SP,São Paulo,Sudeste,4017.0,98336.886,445.0,2864.09,475.0,856.0,489.0,18441.971,155.171,3981.0,25.66,24480.180731889468,110.77918844909136
3527900,Lutécia,35,SP,São Paulo,Sudeste,2699.0,101173.117,753.0,2748.33,392.0,1006.0,886.0,14121.584,475.226,2661.0,5.6,37485.40829937014,278.9922193404965
3528007,Macatuba,35,SP,São Paulo,Sudeste,17120.0,643782.915,1135.0,3763.45,3794.0,4938.0,1482.0,172541.584,224.514,16829.0,74.96,37604.14223130841,66.29672897196262
3528106,Macaubal,35,SP,São Paulo,Sudeste,7587.0,196951.791,1755.0,4266.1,1814.0,3473.0,2084.0,99031.478,248.087,7481.0,30.15,25959.113088177146,231.3167259786477
3528205,Macedônia,35,SP,São Paulo,Sudeste,4048.0,90930.779,1203.0,2599.89,507.0,1543.0,1488.0,17529.289,327.567,3963.0,12.1,22463.137104743084,297.1837944664031
3528304,Magda,35,SP,São Paulo,Sudeste,3212.0,104128.024,720.0,2777.81,648.0,1313.0,875.0,22457.077,312.282,3165.0,10.14,32418.438356164384,224.15940224159402
3528403,Mairinque,35,SP,São Paulo,Sudeste,51660.0,2695115.819,2424.0,3065.56,10521.0,13376.0,2512.0,468805.315,210.149,50027.0,238.05,52170.26362756485,46.92218350754936
3528502,Mairiporã,35,SP,São Paulo,Sudeste,97399.0,2288091.621,4559.0,2980.83,17516.0,23289.0,4700.0,695159.22,320.697,93853.0,292.65,23491.941611310176,46.80746208893316
3528601,Manduri,35,SP,São Paulo,Sudeste,10092.0,291908.192,1193.0,2585.22,1902.0,3085.0,1422.0,67837.466,229.046,9871.0,43.1,28924.711850971067,118.21244550138724
3528700,Marabá Paulista,35,SP,São Paulo,Sudeste,4627.0,157010.99,1354.0,5338.34,618.0,1814.0,1550.0,43011.718,919.519,4573.0,4.97,33933.648152150425,292.63021396153016
3528809,Maracaí,35,SP,São Paulo,Sudeste,12826.0,517397.816,1903.0,2921.76,4404.0,6309.0,2359.0,173975.022,533.498,12673.0,23.75,40339.764228910026,148.3704974271012
3528858,Marapoama,35,SP,São Paulo,Sudeste,3392.0,119694.406,798.0,3944.6,1605.0,2363.0,967.0,116894.449,111.267,3292.0,29.59,35287.26591981132,235.25943396226415
3528908,Mariápolis,35,SP,São Paulo,Sudeste,3539.0,76481.673,869.0,2757.53,279.0,1095.0,1047.0,10111.25,186.544,3513.0,18.83,21611.097202599605,245.54959027974004
3529005,Marília,35,SP,São Paulo,Sudeste,246627.0,9756006.261,17359.0,3624.01,77375.0,99360.0,18459.0,3636707.112,1170.515,237627.0,203.01,39557.73804571276,70.38564309666013
3529104,Marinópolis,35,SP,São Paulo,Sudeste,1870.0,40066.938,495.0,3246.24,252.0,694.0,580.0,10622.457,77.827,1860.0,23.9,21426.170053475937,264.70588235294116
3529203,Martinópolis,35,SP,São Paulo,Sudeste,25299.0,754950.447,2656.0,2813.78,3401.0,5977.0,3078.0,125932.336,1253.564,24881.0,19.85,29841.118107435075,104.98438673465354
3529302,Matão,35,SP,São Paulo,Sudeste,80998.0,5356571.323,5814.0,3829.75,32022.0,39500.0,6388.0,1688796.314,524.899,79033.0,150.57,66132.1430529149,71.77955011234845
3529401,Mauá,35,SP,São Paulo,Sudeste,429380.0,20776212.745,12492.0,3892.67,88781.0,103843.0,13084.0,4304998.139,61.937,418261.0,6753.01,48386.54046532209,29.093110997251852
3529500,Mendonça,35,SP,São Paulo,Sudeste,6369.0,374784.785,894.0,3629.71,2659.0,3586.0,1038.0,139682.222,195.151,6159.0,31.56,58845.15387030931,140.36740461610927
3529609,Meridiano,35,SP,São Paulo,Sudeste,4697.0,393842.471,1041.0,4645.12,2164.0,3108.0,1141.0,130148.691,228.199,4572.0,20.04,83849.79156908665,221.63082818820524
3529658,Mesópolis,35,SP,São Paulo,Sudeste,1988.0,81615.128,537.0,3519.54,240.0,727.0,605.0,10938.425,148.636,1952.0,13.13,41053.887323943665,270.1207243460765
3529708,Miguelópolis,35,SP,São Paulo,Sudeste,19655.0,1016136.928,1961.0,2828.08,3092.0,4969.0,2498.0,107389.238,820.849,19441.0,23.68,51698.648079369115,99.77105062325107
3529807,Mineiros do Tietê,35,SP,São Paulo,Sudeste,11349.0,226257.409,961.0,2701.81,1743.0,2698.0,1119.0,59659.364,213.242,11230.0,52.66,19936.329985020708,84.67706405850736
3529906,Miracatu,35,SP,São Paulo,Sudeste,18679.0,456953.057,1787.0,3304.33,4409.0,6194.0,1873.0,186952.382,1001.484,18553.0,18.53,24463.464692970716,95.66893302639328
3530003,Mira Estrela,35,SP,São Paulo,Sudeste,3199.0,70361.627,1006.0,2728.81,427.0,1344.0,1175.0,14337.021,216.825,3126.0,14.42,21994.881838074398,314.47327289778053
3530102,Mirandópolis,35,SP,São Paulo,Sudeste,28737.0,738742.24,3717.0,3558.47,4463.0,8228.0,4216.0,214427.45,917.694,27983.0,30.49,25707.00629850019,129.34544315690573
3530201,Mirante do Paranapanema,35,SP,São Paulo,Sudeste,16069.0,606917.474,4073.0,3915.51,4938.0,8891.0,4456.0,253136.063,1238.931,15917.0,12.85,37769.46132304437,253.46941315576578
3530300,Mirassol,35,SP,São Paulo,Sudeste,65485.0,2660334.032,5248.0,3245.65,17627.0,23706.0,5511.0,747421.678,243.228,63337.0,260.4,40625.09020386348,80.1404901885928
3530409,Mirassolândia,35,SP,São Paulo,Sudeste,4771.0,213294.971,956.0,2879.64,873.0,1741.0,1061.0,32418.191,166.125,4669.0,28.11,44706.55439111297,200.37727939635298
3530508,Mococa,35,SP,São Paulo,Sudeste,69324.0,3043691.898,5047.0,3322.77,17084.0,23343.0,5522.0,756923.567,855.156,67681.0,79.14,43905.31270555652,72.80306964399054
3530607,Mogi das Cruzes,35,SP,São Paulo,Sudeste,468120.0,19604517.461,27522.0,3342.47,125894.0,160853.0,28660.0,5455398.703,712.541,451505.0,633.65,41879.25630393916,58.792617277621126
3530706,Mogi Guaçu,35,SP,São Paulo,Sudeste,159735.0,6865386.209,8920.0,3601.63,43535.0,54190.0,9591.0,2100517.186,812.753,153658.0,189.06,42979.84918145679,55.84248912260932
3530805,Mogi Mirim,35,SP,São Paulo,Sudeste,95534.0,6313563.842,8111.0,3944.36,36106.0,46109.0,9028.0,1855127.862,497.708,92558.0,185.97,66087.08775933176,84.90171038583122
3530904,Mombuca,35,SP,São Paulo,Sudeste,3815.0,124517.473,652.0,2906.94,843.0,1428.0,1146.0,32303.846,133.698,3722.0,27.84,32638.918217562255,170.9043250327654
3531001,Monções,35,SP,São Paulo,Sudeste,1954.0,58262.056,545.0,3144.64,432.0,933.0,598.0,17950.157,104.352,1937.0,18.56,29816.81473899693,278.9150460593654
3531100,Mongaguá,35,SP,São Paulo,Sudeste,64519.0,1254605.285,2565.0,21569.14,8995.0,11776.0,2648.0,2443686.73,142.755,61951.0,433.97,19445.516592011656,39.75573086997629
3531209,Monte Alegre do Sul,35,SP,São Paulo,Sudeste,8873.0,252217.893,1200.0,2758.4,1355.0,2786.0,1247.0,50253.371,110.308,8627.0,78.21,28425.323227769637,135.24174461850558
3531308,Monte Alto,35,SP,São Paulo,Sudeste,48725.0,2435240.075,4982.0,3479.5,14547.0,20604.0,5537.0,660989.16,346.95,47574.0,137.12,49979.27296049256,102.24730631092868
3531407,Monte Aprazível,35,SP,São Paulo,Sudeste,22650.0,766600.054,4208.0,3657.88,5437.0,9570.0,5105.0,241786.436,495.559,22280.0,44.96,33845.476997792495,185.78366445916114
3531506,Monte Azul Paulista,35,SP,São Paulo,Sudeste,18363.0,639162.497,2122.0,3199.31,4270.0,6622.0,2454.0,177904.657,263.462,18151.0,68.89,34807.08473560965,115.55845994663181
3531605,Monte Castelo,35,SP,São Paulo,Sudeste,4301.0,128087.826,884.0,2141.54,673.0,1469.0,1187.0,24616.094,233.547,4222.0,18.08,29780.940711462452,205.53359683794466
3531704,Monteiro Lobato,35,SP,São Paulo,Sudeste,4205.0,83030.469,658.0,2742.38,621.0,1310.0,676.0,22082.219,332.742,4138.0,12.44,19745.65255648038,156.48038049940547
3531803,Monte Mor,35,SP,São Paulo,Sudeste,67296.0,4317763.585,3264.0,4083.87,16898.0,20681.0,3468.0,915227.711,240.566,64662.0,268.79,64160.77604909653,48.50213980028531
3531902,Morro Agudo,35,SP,São Paulo,Sudeste,28561.0,1225918.089,2386.0,3621.7,8184.0,10697.0,3062.0,387485.945,1388.127,27933.0,20.12,42922.799936977,83.54049227968207
3532009,Morungaba,35,SP,São Paulo,Sudeste,14081.0,633323.989,1146.0,2864.68,3950.0,5308.0,1202.0,148337.354,146.752,13720.0,93.49,44977.202542433064,81.38626518002982
3532058,Motuca,35,SP,São Paulo,Sudeste,4079.0,120695.871,578.0,3150.55,701.0,1247.0,665.0,30569.626,228.7,4034.0,17.64,29589.573670017162,141.70139740132385
3532108,Murutinga do Sul,35,SP,São Paulo,Sudeste,3763.0,88027.071,1060.0,3114.65,377.0,1336.0,1197.0,15413.502,250.873,3737.0,14.9,23392.790592612277,281.69014084507046
3532157,Nantes,35,SP,São Paulo,Sudeste,2699.0,142300.887,392.0,3325.44,344.0,665.0,497.0,15190.39,286.647,2660.0,9.28,52723.559466469065,145.23897739903668
3532207,Narandiba,35,SP,São Paulo,Sudeste,5908.0,639075.516,604.0,3212.08,3632.0,4154.0,687.0,154245.489,357.325,5713.0,15.99,108171.21123899797,102.2342586323629
3532306,Natividade da Serra,35,SP,São Paulo,Sudeste,7134.0,93391.138,1327.0,2779.0,690.0,2021.0,1402.0,25967.391,833.372,6999.0,8.4,13090.992150266331,186.01065320998038
3532405,Nazaré Paulista,35,SP,São Paulo,Sudeste,18620.0,465370.933,1228.0,3185.87,3506.0,4888.0,1242.0,152512.86,326.254,18217.0,55.84,24993.06836734694,65.95059076262083
3532504,Neves Paulista,35,SP,São Paulo,Sudeste,9921.0,276247.695,1583.0,2864.03,1706.0,3252.0,1763.0,62844.499,219.05,9699.0,44.28,27844.742969458723,159.56052817256324
3532603,Nhandeara,35,SP,São Paulo,Sudeste,9944.0,367776.641,2800.0,3191.29,1767.0,4404.0,3320.0,72663.28,436.159,9852.0,22.59,36984.7788616251,281.5768302493966
3532702,Nipoã,35,SP,São Paulo,Sudeste,4860.0,95891.822,722.0,2950.57,479.0,1079.0,854.0,19141.093,137.609,4750.0,34.52,19730.82757201646,148.559670781893
3532801,Nova Aliança,35,SP,São Paulo,Sudeste,6858.0,325932.69,1147.0,2701.64,1819.0,2942.0,1315.0,65833.144,217.515,6693.0,30.77,47525.90988626422,167.24992709244677
3532827,Nova Campina,35,SP,São Paulo,Sudeste,8631.0,221079.28,785.0,4330.1,1981.0,2735.0,810.0,113123.668,385.375,8497.0,22.05,25614.561464488474,90.95122233808365
3532843,Nova Canaã Paulista,35,SP,São Paulo,Sudeste,2058.0,46304.606,842.0,3242.75,210.0,967.0,1029.0,9852.214,124.473,2032.0,16.32,22499.808551992224,409.13508260447037
3532868,Nova Castilho,35,SP,São Paulo,Sudeste,1074.0,60664.975,491.0,4137.73,284.0,685.0,618.0,18070.915,183.396,1062.0,5.79,56485.0791433892,457.16945996275604
3532900,Nova Europa,35,SP,São Paulo,Sudeste,9459.0,377460.822,624.0,3269.98,3611.0,4233.0,739.0,160376.948,160.25,9311.0,58.1,39904.93942277196,65.96891849032667
3533007,Nova Granada,35,SP,São Paulo,Sudeste,19725.0,512828.707,2358.0,3038.38,3219.0,5538.0,2630.0,128717.179,531.796,19419.0,36.52,25998.920506970848,119.54372623574145
3533106,Nova Guataporanga,35,SP,São Paulo,Sudeste,2188.0,36774.792,332.0,2501.9,246.0,527.0,392.0,8688.644,34.158,2156.0,63.12,16807.491773308957,151.7367458866545
3533205,Nova Independência,35,SP,São Paulo,Sudeste,4795.0,213154.675,489.0,4787.23,2258.0,2683.0,623.0,137902.471,265.029,4609.0,17.39,44453.529718456724,101.98123044838374
3533254,Novais,35,SP,São Paulo,Sudeste,4469.0,78660.446,549.0,3093.53,587.0,1052.0,789.0,33831.563,117.772,4412.0,37.46,17601.352875363616,122.84627433430298
3533304,Nova Luzitânia,35,SP,São Paulo,Sudeste,2838.0,60213.767,394.0,3216.83,275.0,629.0,432.0,11968.527,73.816,2837.0,38.43,21216.97216349542,138.83016208597604
3533403,Nova Odessa,35,SP,São Paulo,Sudeste,64228.0,4020494.254,3724.0,3656.99,24436.0,29040.0,3852.0,1154398.796,73.788,62019.0,840.5,62597.22012206514,57.980942890950985
3533502,Novo Horizonte,35,SP,São Paulo,Sudeste,39435.0,1585955.121,4812.0,3400.45,10086.0,15591.0,6082.0,478192.945,931.743,38324.0,41.13,40216.94233548878,122.02358311144921
3533601,Nuporanga,35,SP,São Paulo,Sudeste,7550.0,868091.613,1195.0,2877.93,3719.0,4852.0,1583.0,148101.635,348.265,7391.0,21.22,114979.02158940397,158.27814569536426
3533700,Ocauçu,35,SP,São Paulo,Sudeste,4412.0,141366.238,749.0,2761.97,525.0,1250.0,902.0,19939.071,301.036,4331.0,14.39,32041.305077062556,169.76427923844062
3533809,Óleo,35,SP,São Paulo,Sudeste,2540.0,128271.549,743.0,3273.17,220.0,875.0,931.0,9670.601,198.938,2512.0,12.63,50500.60984251968,292.5196850393701
3533908,Olímpia,35,SP,São Paulo,Sudeste,56701.0,2551144.674,5860.0,3690.49,19000.0,25759.0,6996.0,913521.355,802.555,55074.0,68.62,44992.93970123984,103.34914728135307
3534005,Onda Verde,35,SP,São Paulo,Sudeste,4912.0,205635.802,607.0,3904.82,2674.0,3211.0,690.0,128552.308,242.946,4771.0,19.64,41863.96620521173,123.57491856677524
3534104,Oriente,35,SP,São Paulo,Sudeste,6180.0,129763.028,696.0,3469.59,1002.0,1643.0,787.0,45755.074,218.668,6085.0,27.83,20997.25372168285,112.62135922330097
3534203,Orindiúva,35,SP,São Paulo,Sudeste,6145.0,640841.175,655.0,4906.66,2940.0,3594.0,893.0,215535.012,247.378,6024.0,24.35,104286.60292921074,106.5907241659886
3534302,Orlândia,35,SP,São Paulo,Sudeste,39193.0,2579406.068,2887.0,4170.32,14029.0,17714.0,3101.0,752483.115,291.765,38319.0,131.34,65812.92751256602,73.6611129538438
3534401,Osasco,35,SP,São Paulo,Sudeste,756952.0,86111259.991,41851.0,5569.0,223756.0,269480.0,43522.0,15821348.751,64.954,728615.0,11217.4,113760.52905732465,55.2888426214608
3534500,Oscar Bressane,35,SP,São Paulo,Sudeste,2504.0,112881.755,722.0,2850.52,431.0,1103.0,843.0,16366.12,222.13,2470.0,11.12,45080.573083067095,288.33865814696486
3534609,Osvaldo Cruz,35,SP,São Paulo,Sudeste,32099.0,1087489.589,3173.0,2757.55,8516.0,12128.0,3479.0,314437.041,248.038,31272.0,126.08,33879.23577058475,98.85043147761613
3534708,Ourinhos,35,SP,São Paulo,Sudeste,106877.0,3961570.958,6429.0,3341.16,30467.0,38465.0,6849.0,1336503.472,295.818,103970.0,351.47,37066.636956501396,60.153260289865926
3534757,Ouroeste,35,SP,São Paulo,Sudeste,10596.0,548740.254,1300.0,3999.21,2650.0,3924.0,1450.0,154906.692,288.648,10294.0,35.66,51787.49093997735,122.6878067195168
3534807,Ouro Verde,35,SP,São Paulo,Sudeste,7901.0,134985.78,740.0,2825.35,824.0,1510.0,888.0,31553.566,266.778,7779.0,29.16,17084.644981647893,93.65903050246804
3534906,Pacaembu,35,SP,São Paulo,Sudeste,15217.0,217694.932,1763.0,4248.19,2012.0,3848.0,2169.0,111578.891,339.375,14877.0,43.84,14306.034829467044,115.85726490109747
3535002,Palestina,35,SP,São Paulo,Sudeste,11689.0,420419.963,2324.0,3740.5,2980.0,5168.0,2784.0,156940.066,697.701,11476.0,16.45,35967.14543587989,198.81940285738727
3535101,Palmares Paulista,35,SP,São Paulo,Sudeste,9709.0,136418.658,463.0,2329.7,902.0,1375.0,499.0,30773.395,82.125,9650.0,117.5,14050.742403955093,47.68771243176434
3535200,Palmeira d'Oeste,35,SP,São Paulo,Sudeste,8994.0,215050.397,2357.0,2709.59,1037.0,3377.0,2888.0,37211.627,318.74,8903.0,27.93,23910.428841449855,262.0635979541917
3535309,Palmital,35,SP,São Paulo,Sudeste,19767.0,900626.568,3315.0,3491.71,4309.0,7936.0,4347.0,203069.672,548.407,19594.0,35.73,45562.127181666416,167.70374867202915
3535408,Panorama,35,SP,São Paulo,Sudeste,15214.0,317825.589,1708.0,2396.3,2862.0,4644.0,1806.0,89843.243,356.05,14964.0,42.03,20890.337123701855,112.26501906139083
3535507,Paraguaçu Paulista,35,SP,São Paulo,Sudeste,42087.0,1801748.006,4338.0,3395.98,10225.0,14830.0,4929.0,456749.942,1001.492,41120.0,41.06,42810.08401644213,103.07220757003351
3535606,Paraibuna,35,SP,São Paulo,Sudeste,17950.0,352397.922,1775.0,2988.65,2659.0,4538.0,1902.0,102733.182,809.576,17667.0,21.82,19632.196211699164,98.8857938718663
3535705,Paraíso,35,SP,São Paulo,Sudeste,6211.0,275312.652,1023.0,4329.5,2064.0,3019.0,1212.0,127618.328,155.186,6099.0,39.3,44326.622444050874,164.70777652551925
3535804,Paranapanema,35,SP,São Paulo,Sudeste,19799.0,945145.306,2176.0,3151.03,4359.0,6667.0,2499.0,186106.259,1018.724,19395.0,19.04,47737.02237486742,109.90454063336533
3535903,Paranapuã,35,SP,São Paulo,Sudeste,4111.0,133064.949,769.0,3357.08,323.0,1060.0,931.0,13933.152,140.354,4031.0,28.72,32368.024568231573,187.0591097056677
3536000,Parapuã,35,SP,São Paulo,Sudeste,10729.0,741785.799,2058.0,3299.56,2896.0,4803.0,2393.0,131054.845,366.664,10580.0,28.85,69138.39118277565,191.81657190791313
3536109,Pardinho,35,SP,São Paulo,Sudeste,7382.0,368270.938,803.0,2994.66,2260.0,3080.0,864.0,93509.055,209.894,7153.0,34.08,49887.691411541586,108.77810891357356
3536208,Pariquera-Açu,35,SP,São Paulo,Sudeste,19576.0,586023.644,1259.0,3159.92,4395.0,5704.0,1285.0,180379.092,359.414,19233.0,53.51,29935.82161830813,64.3134450347364
3536257,Parisi,35,SP,São Paulo,Sudeste,3001.0,53619.89,588.0,2742.09,359.0,892.0,652.0,12800.202,84.737,2892.0,34.13,17867.34088637121,195.93468843718762
3536307,Patrocínio Paulista,35,SP,São Paulo,Sudeste,14837.0,1360808.588,1830.0,4068.52,4925.0,6801.0,2276.0,259717.98,602.848,14512.0,24.07,91717.23313338276,123.34029790388892
3536406,Paulicéia,35,SP,São Paulo,Sudeste,8200.0,200144.75,1012.0,2780.7,2288.0,3259.0,1101.0,83855.544,374.091,7955.0,21.26,24407.896341463416,123.41463414634146
3536505,Paulínia,35,SP,São Paulo,Sudeste,115690.0,52389436.509,7966.0,6046.95,55276.0,65056.0,8259.0,4418095.832,138.777,110537.0,796.51,452843.257922033,68.85642665744662
3536570,Paulistânia,35,SP,São Paulo,Sudeste,2146.0,48636.69,327.0,3036.52,284.0,557.0,356.0,11045.038,256.178,2090.0,8.16,22663.881640260952,152.37651444547996
3536604,Paulo de Faria,35,SP,São Paulo,Sudeste,7430.0,269674.996,1071.0,3722.74,1027.0,1960.0,1258.0,51010.009,737.986,7400.0,10.03,36295.42341857335,144.14535666218035
3536703,Pederneiras,35,SP,São Paulo,Sudeste,46223.0,3066260.985,3488.0,3429.06,12297.0,16261.0,3996.0,550383.705,727.482,44827.0,61.62,66336.26084416849,75.46026869740173
3536802,Pedra Bela,35,SP,São Paulo,Sudeste,6718.0,118076.036,1836.0,2243.16,961.0,2823.0,1878.0,28886.412,158.587,6557.0,41.35,17576.069663590355,273.29562369752904
3536901,Pedranópolis,35,SP,São Paulo,Sudeste,2848.0,79886.711,1183.0,3357.48,396.0,1422.0,1412.0,14963.601,260.101,2787.0,10.72,28050.1091994382,415.37921348314603
3537008,Pedregulho,35,SP,São Paulo,Sudeste,15742.0,1731363.803,2087.0,2961.42,2271.0,4475.0,2429.0,88294.0,712.604,15525.0,21.79,109983.72525727353,132.57527633083473
3537107,Pedreira,35,SP,São Paulo,Sudeste,44332.0,1502007.81,2813.0,2995.93,14323.0,17883.0,2913.0,565723.503,108.817,43112.0,396.19,33880.894387801134,63.45303618153929
3537156,Pedrinhas Paulista,35,SP,São Paulo,Sudeste,2838.0,176652.401,670.0,3271.99,676.0,1317.0,1000.0,29423.379,152.309,2804.0,18.41,62245.384425651864,236.08174770965468
3537206,Pedro de Toledo,35,SP,São Paulo,Sudeste,11539.0,178608.884,437.0,2848.43,943.0,1362.0,451.0,37356.941,670.44,11281.0,16.83,15478.714273333911,37.87156599358696
3537305,Penápolis,35,SP,São Paulo,Sudeste,63317.0,2082458.291,6082.0,3035.16,16804.0,23799.0,7468.0,686116.851,711.315,61679.0,86.71,32889.40238798427,96.05635137482825
3537404,Pereira Barreto,35,SP,São Paulo,Sudeste,24389.0,1087485.494,2627.0,3509.75,5382.0,8019.0,2961.0,256858.78,974.247,24095.0,24.73,44589.17930214441,107.7124933371602
3537503,Pereiras,35,SP,São Paulo,Sudeste,8969.0,317964.199,1492.0,2776.22,2363.0,3892.0,1604.0,90012.152,223.136,8737.0,39.16,35451.466049726834,166.35076374177723
3537602,Peruíbe,35,SP,São Paulo,Sudeste,70543.0,1966247.303,3681.0,3157.51,10702.0,15138.0,3803.0,437182.92,326.216,68352.0,209.53,27873.032093900176,52.18093928525864
3537701,Piacatu,35,SP,São Paulo,Sudeste,5623.0,119024.81,1019.0,2439.21,813.0,1817.0,1283.0,26136.136,232.488,5519.0,23.74,21167.49244175707,181.2199893295394
3537800,Piedade,35,SP,São Paulo,Sudeste,54237.0,1597083.415,7431.0,2975.68,7530.0,15438.0,7716.0,288877.782,746.868,52970.0,70.92,29446.381897966334,137.0097903645113
3537909,Pilar do Sul,35,SP,São Paulo,Sudeste,28417.0,1276179.945,3306.0,2932.76,5761.0,9223.0,3545.0,218805.343,681.248,27619.0,40.54,44909.03138966112,116.33881127494105
3538006,Pindamonhangaba,35,SP,São Paulo,Sudeste,172027.0,13742498.486,8072.0,4201.11,38392.0,47927.0,8439.0,2125671.578,731.355,165428.0,226.19,79885.70681346532,46.922866759287785
3538105,Pindorama,35,SP,São Paulo,Sudeste,14721.0,498800.901,1309.0,3745.38,3062.0,4433.0,1567.0,149549.146,184.825,14542.0,78.68,33883.62889749338,88.9205896338564
3538204,Pinhalzinho,35,SP,São Paulo,Sudeste,15605.0,314651.306,1987.0,2594.31,2234.0,4384.0,2043.0,78266.531,154.529,15224.0,98.52,20163.492854854212,127.33098365908363
3538303,Piquerobi,35,SP,São Paulo,Sudeste,3296.0,67093.357,891.0,2765.21,440.0,1226.0,1010.0,15727.841,482.769,3264.0,6.76,20355.994235436894,270.32766990291265
3538501,Piquete,35,SP,São Paulo,Sudeste,12570.0,197854.114,521.0,3396.91,1427.0,1916.0,537.0,64616.475,175.996,12490.0,70.97,15740.184089101034,41.44789180588703
3538600,Piracaia,35,SP,São Paulo,Sudeste,26764.0,661695.603,2420.0,2973.1,5609.0,8507.0,2479.0,209001.308,385.568,26029.0,67.51,24723.344903601854,90.41996712001196
3538709,Piracicaba,35,SP,São Paulo,Sudeste,438827.0,34555723.85,29194.0,4361.94,153772.0,192232.0,33457.0,8583672.855,1378.069,423323.0,307.19,78745.66480640434,66.52735588284222
3538808,Piraju,35,SP,São Paulo,Sudeste,30261.0,926203.349,2793.0,3089.77,7010.0,10051.0,3087.0,286438.256,504.591,29436.0,58.34,30607.162651597766,92.2970159611381
3538907,Pirajuí,35,SP,São Paulo,Sudeste,22743.0,540057.892,2112.0,3529.72,4349.0,6378.0,2400.0,191806.91,823.758,22431.0,27.23,23746.114936463968,92.86373829310116
3539004,Pirangi,35,SP,São Paulo,Sudeste,11076.0,364797.71,1805.0,3275.19,2523.0,4360.0,2351.0,109034.198,215.809,10885.0,50.44,32935.87125315999,162.96496930299747
3539103,Pirapora do Bom Jesus,35,SP,São Paulo,Sudeste,18836.0,826672.314,804.0,2798.11,3273.0,4218.0,832.0,123139.036,108.489,18370.0,169.33,43887.89095349331,42.68422170312168
3539202,Pirapozinho,35,SP,São Paulo,Sudeste,26065.0,927781.106,1966.0,3003.25,5944.0,8028.0,2074.0,232026.751,477.673,25348.0,53.07,35594.90143871091,75.42681757145597
3539301,Pirassununga,35,SP,São Paulo,Sudeste,75475.0,3312332.24,5102.0,3699.52,23701.0,29788.0,5951.0,1145318.098,727.118,73545.0,101.15,43886.482146406095,67.59854256376283
3539400,Piratininga,35,SP,São Paulo,Sudeste,15554.0,278466.987,1738.0,2667.46,2472.0,4374.0,1835.0,93166.145,402.409,15108.0,37.54,17903.239488234536,111.73974540311174
3539509,Pitangueiras,35,SP,São Paulo,Sudeste,34416.0,1389560.822,2290.0,3917.91,8812.0,11219.0,2869.0,486623.025,430.638,33674.0,78.2,40375.43067178057,66.53881915388192
3539608,Planalto,35,SP,São Paulo,Sudeste,4454.0,193761.556,961.0,3760.1,2781.0,3677.0,1094.0,149337.788,289.825,4389.0,15.14,43502.81903906601,215.76111360574765
3539707,Platina,35,SP,São Paulo,Sudeste,3061.0,120018.909,807.0,3934.15,571.0,1270.0,1079.0,27346.133,327.48,3025.0,9.24,39209.05227049984,263.63933355112704
3539806,Poá,35,SP,São Paulo,Sudeste,106431.0,3769347.372,5709.0,2879.21,25701.0,32948.0,5818.0,1050886.691,17.264,103765.0,6010.48,35415.878569213855,53.64038672943033
3539905,Poloni,35,SP,São Paulo,Sudeste,5696.0,154422.732,1323.0,2060.93,1060.0,2297.0,1594.0,30120.71,135.12,5592.0,41.39,27110.732443820223,232.2682584269663
3540002,Pompéia,35,SP,São Paulo,Sudeste,20512.0,1951861.434,2063.0,5435.98,8942.0,11173.0,2464.0,635610.961,784.674,20196.0,25.74,95157.05118954758,100.57527301092044
3540101,Pongaí,35,SP,São Paulo,Sudeste,3443.0,94398.934,720.0,3123.84,454.0,1107.0,849.0,18391.814,183.399,3395.0,18.51,27417.639848968924,209.11995352889923
3540200,Pontal,35,SP,São Paulo,Sudeste,38376.0,1462864.886,1906.0,4008.89,12244.0,14433.0,2231.0,703377.182,356.371,37607.0,105.53,38119.26427975818,49.66645820304357
3540259,Pontalinda,35,SP,São Paulo,Sudeste,4196.0,98029.534,812.0,3328.49,350.0,1076.0,927.0,17538.35,209.525,4127.0,19.7,23362.61534795043,193.51763584366063
3540309,Pontes Gestal,35,SP,São Paulo,Sudeste,2415.0,126662.711,467.0,4259.12,1050.0,1438.0,534.0,60689.464,217.505,2387.0,10.97,52448.32753623188,193.37474120082814
3540408,Populina,35,SP,São Paulo,Sudeste,4185.0,117259.827,866.0,3179.84,413.0,1213.0,986.0,17760.853,315.938,4127.0,13.06,28019.074551971327,206.9295101553166
3540507,Porangaba,35,SP,São Paulo,Sudeste,10773.0,233734.267,1573.0,2563.69,1339.0,2910.0,1667.0,45627.265,265.689,10451.0,39.34,21696.30251554813,146.0131811009004
3540606,Porto Feliz,35,SP,São Paulo,Sudeste,58345.0,3754665.663,5119.0,4009.49,17557.0,23180.0,5673.0,927373.532,556.706,56497.0,101.48,64352.82651469706,87.73673836661239
3540705,Porto Ferreira,35,SP,São Paulo,Sudeste,53940.0,2495873.112,3701.0,3170.52,17135.0,21739.0,4005.0,714138.498,244.906,52649.0,214.98,46271.28498331479,68.61327400815722
3540754,Potim,35,SP,São Paulo,Sudeste,20767.0,308459.434,422.0,3505.03,1892.0,2305.0,435.0,93404.113,44.643,20392.0,456.78,14853.345885298791,20.320701112341695
3540804,Potirendaba,35,SP,São Paulo,Sudeste,18994.0,620168.928,2413.0,3752.87,5597.0,8135.0,2970.0,270859.272,342.492,18496.0,54.0,32650.780667579234,127.04011793197853
3540853,Pracinha,35,SP,São Paulo,Sudeste,2599.0,40969.449,267.0,3924.74,490.0,695.0,298.0,24628.152,63.054,2578.0,40.89,15763.543285879185,102.7318199307426
3540903,Pradópolis,35,SP,São Paulo,Sudeste,17309.0,1096525.583,1596.0,3103.24,8744.0,10513.0,1656.0,350612.251,167.378,17078.0,102.03,63350.02501588769,92.20636663007683
3541000,Praia Grande,35,SP,São Paulo,Sudeste,365577.0,8727831.468,16345.0,3826.66,64683.0,82785.0,17365.0,3158963.07,149.652,349935.0,2338.32,23874.12629350315,44.710143143578506
3541059,Pratânia,35,SP,São Paulo,Sudeste,5246.0,126366.892,540.0,3714.2,952.0,1453.0,611.0,48348.314,175.1,5126.0,29.27,24088.237133053753,102.93556995806328
3541109,Presidente Alves,35,SP,São Paulo,Sudeste,3841.0,77332.792,591.0,2585.02,356.0,899.0,652.0,12274.664,286.642,3804.0,13.27,20133.50481645405,153.86618068211402
3541208,Presidente Bernardes,35,SP,São Paulo,Sudeste,14772.0,331914.146,2867.0,3587.82,2341.0,5148.0,3275.0,113594.983,749.233,14490.0,19.34,22469.140671540754,194.08340102897373
3541307,Presidente Epitácio,35,SP,São Paulo,Sudeste,40383.0,1325522.126,4756.0,3019.62,6301.0,11068.0,5031.0,247316.908,1260.281,39505.0,31.35,32823.7655944333,117.77232994081669
3541406,Presidente Prudente,35,SP,São Paulo,Sudeste,234083.0,9242189.133,19670.0,3301.0,73786.0,100320.0,20545.0,3207929.781,560.637,225668.0,402.52,39482.53026917802,84.03002353865936
3541505,Presidente Venceslau,35,SP,São Paulo,Sudeste,35902.0,823130.043,3155.0,2875.44,7076.0,10468.0,3403.0,284770.306,755.203,35201.0,46.61,22927.13617625759,87.87811263996436
3541604,Promissão,35,SP,São Paulo,Sudeste,35991.0,2115365.137,4282.0,3159.04,10286.0,14793.0,5069.0,402456.569,779.2,35131.0,45.09,58774.836403545334,118.97418799144229
3541653,Quadra,35,SP,São Paulo,Sudeste,3472.0,144522.602,750.0,3321.4,503.0,1228.0,831.0,21938.826,205.672,3405.0,16.56,41625.17338709677,216.01382488479263
3541703,Quatá,35,SP,São Paulo,Sudeste,13399.0,821158.912,1391.0,3634.74,4094.0,5441.0,1643.0,196737.053,651.341,13163.0,20.21,61285.089335025004,103.81371744160012
3541802,Queiroz,35,SP,São Paulo,Sudeste,3351.0,684733.345,317.0,3347.1,2326.0,2557.0,400.0,112375.819,234.914,3265.0,13.9,204337.0173082662,94.59862727544017
3541901,Queluz,35,SP,São Paulo,Sudeste,9146.0,388523.141,572.0,2861.79,1906.0,2464.0,599.0,73145.364,249.399,9159.0,36.72,42480.116006997596,62.54100153072381
3542008,Quintana,35,SP,São Paulo,Sudeste,7225.0,276283.799,757.0,3139.95,1224.0,1847.0,873.0,55111.791,318.937,7038.0,22.07,38239.972179930795,104.77508650519032
3542107,Rafard,35,SP,São Paulo,Sudeste,9133.0,442882.5,728.0,3722.8,2960.0,3768.0,883.0,145079.52,121.645,8965.0,73.7,48492.55447279098,79.71093835541443
3542206,Rancharia,35,SP,São Paulo,Sudeste,29305.0,1381836.35,3699.0,2710.56,6026.0,9794.0,4341.0,216821.804,1587.498,28588.0,18.01,47153.6034806347,126.22419382357961
3542305,Redenção da Serra,35,SP,São Paulo,Sudeste,4611.0,66824.941,778.0,2696.33,570.0,1310.0,824.0,19968.221,309.441,4494.0,14.52,14492.505096508352,168.72695727607893
3542404,Regente Feijó,35,SP,São Paulo,Sudeste,20565.0,983725.278,2090.0,3145.0,5315.0,7531.0,2225.0,216980.92,263.28,20145.0,76.52,47834.92720641867,101.62898127887186
3542503,Reginópolis,35,SP,São Paulo,Sudeste,7808.0,184875.117,787.0,3687.66,1624.0,2347.0,896.0,76779.09,410.406,7662.0,18.67,23677.65330430328,100.79405737704917
3542602,Registro,35,SP,São Paulo,Sudeste,61732.0,2357409.327,4019.0,7935.34,16934.0,21564.0,4212.0,1722048.033,722.201,59947.0,83.01,38187.800929825695,65.10399792652109
3542701,Restinga,35,SP,São Paulo,Sudeste,6492.0,211751.731,828.0,3477.22,1308.0,2098.0,928.0,60711.106,245.746,6404.0,26.06,32617.333795440543,127.54158964879852
3542800,Ribeira,35,SP,São Paulo,Sudeste,3166.0,62081.261,488.0,2806.02,501.0,947.0,500.0,17280.119,335.759,3132.0,9.33,19608.73689197726,154.13771320277954
3542909,Ribeirão Bonito,35,SP,São Paulo,Sudeste,11079.0,371778.478,1357.0,3044.31,1884.0,3267.0,1624.0,79607.532,471.553,10989.0,23.3,33557.042873905586,122.48397869843848
3543006,Ribeirão Branco,35,SP,São Paulo,Sudeste,18930.0,595498.967,3106.0,2469.59,2016.0,5071.0,3323.0,65274.654,697.5,18627.0,26.71,31457.948600105654,164.0781827786582
3543105,Ribeirão Corrente,35,SP,São Paulo,Sudeste,4706.0,319057.831,748.0,3081.0,494.0,1203.0,929.0,20920.057,148.332,4608.0,31.07,67798.09413514662,158.94602634934128
3543204,Ribeirão do Sul,35,SP,São Paulo,Sudeste,4768.0,224362.519,978.0,2912.72,606.0,1547.0,1283.0,23778.272,203.208,4677.0,23.02,47055.89744127517,205.11744966442953
3543238,Ribeirão dos Índios,35,SP,São Paulo,Sudeste,2045.0,47000.592,510.0,2527.18,346.0,809.0,580.0,11767.389,196.446,2025.0,10.31,22983.17457212714,249.38875305623472
3543253,Ribeirão Grande,35,SP,São Paulo,Sudeste,7570.0,116991.72,882.0,2672.21,632.0,1507.0,897.0,21045.779,333.363,7450.0,22.35,15454.652575957727,116.51254953764861
3543303,Ribeirão Pires,35,SP,São Paulo,Sudeste,118877.0,3891002.63,4895.0,3390.13,24038.0,30438.0,5013.0,1080919.616,98.972,115559.0,1167.59,32731.33263793669,41.177014897751455
3543402,Ribeirão Preto,35,SP,São Paulo,Sudeste,728400.0,39955305.609,68393.0,3727.31,266543.0,359975.0,71599.0,12928276.599,650.916,698642.0,1073.32,54853.522252883035,93.8948380010983
3543501,Riversul,35,SP,São Paulo,Sudeste,5647.0,92796.33,976.0,2715.76,535.0,1476.0,1055.0,20530.11,385.878,5599.0,14.51,16432.854613068885,172.83513369930935
3543600,Rifaina,35,SP,São Paulo,Sudeste,4158.0,191157.71,583.0,2816.69,1116.0,1702.0,638.0,41240.626,162.508,4049.0,24.92,45973.475228475225,140.2116402116402
3543709,Rincão,35,SP,São Paulo,Sudeste,9145.0,226043.187,631.0,2818.47,1508.0,2126.0,761.0,57005.731,316.639,9098.0,28.73,24717.68037178786,68.9994532531438
3543808,Rinópolis,35,SP,São Paulo,Sudeste,9357.0,349025.974,1661.0,3648.36,2104.0,3682.0,2052.0,79901.696,358.481,9259.0,25.83,37301.055252751954,177.51416052153468
3543907,Rio Claro,35,SP,São Paulo,Sudeste,208857.0,13245335.958,13317.0,3898.62,72200.0,89260.0,14323.0,3628044.528,498.422,201418.0,404.11,63418.20459931915,63.76132952211322
3544004,Rio das Pedras,35,SP,São Paulo,Sudeste,32267.0,1787681.408,2011.0,4166.76,8341.0,10695.0,2470.0,484579.168,226.657,31328.0,138.22,55402.77707874919,62.32373632503796
3544103,Rio Grande da Serra,35,SP,São Paulo,Sudeste,45317.0,960727.232,787.0,3411.24,3779.0,4672.0,799.0,165196.619,36.341,44170.0,1215.43,21200.150760200366,17.36655118388243
3544202,Riolândia,35,SP,São Paulo,Sudeste,10453.0,268963.075,1319.0,3814.9,1508.0,2677.0,1641.0,72981.095,631.897,10309.0,16.31,25730.70649574285,126.18387065914091
3544251,Rosana,35,SP,São Paulo,Sudeste,17533.0,1941771.839,2465.0,3806.76,2366.0,4807.0,2554.0,118908.082,744.011,17440.0,23.44,110749.5487937033,140.59202646438146
3544301,Roseira,35,SP,São Paulo,Sudeste,11095.0,374786.246,636.0,3155.13,2599.0,3257.0,655.0,109513.807,129.847,10832.0,83.42,33779.74276701217,57.32311852185669
3544400,Rubiácea,35,SP,São Paulo,Sudeste,2741.0,78950.332,504.0,3159.26,380.0,825.0,702.0,15164.018,236.484,2700.0,11.42,28803.477562933236,183.87449835826342
3544509,Rubinéia,35,SP,São Paulo,Sudeste,3965.0,102856.803,649.0,2836.22,642.0,1253.0,681.0,22901.258,242.877,3833.0,15.78,25941.18612862547,163.68221941992434
3544608,Sabino,35,SP,São Paulo,Sudeste,5185.0,175475.616,667.0,2984.13,587.0,1203.0,891.0,22632.606,305.285,5112.0,16.75,33842.93461909354,128.64030858244936
3544707,Sagres,35,SP,São Paulo,Sudeste,2519.0,54769.352,520.0,2942.09,350.0,773.0,608.0,13531.86,147.935,2474.0,16.72,21742.49781659389,206.43112346169116
3544806,Sales,35,SP,São Paulo,Sudeste,6612.0,169480.032,846.0,2668.08,932.0,1752.0,960.0,33404.082,308.555,6437.0,20.86,25632.188747731398,127.9491833030853
3544905,Sales Oliveira,35,SP,São Paulo,Sudeste,11654.0,417237.49,1155.0,3092.73,2474.0,3627.0,1338.0,101484.357,305.776,11411.0,37.32,35802.084262914024,99.10760253990045
3545001,Salesópolis,35,SP,São Paulo,Sudeste,15396.0,251751.908,1320.0,2706.08,1658.0,3042.0,1421.0,62990.614,424.997,15202.0,35.77,16351.773707456483,85.73655494933749
3545100,Salmourão,35,SP,São Paulo,Sudeste,4883.0,96894.972,497.0,3225.29,425.0,861.0,637.0,17376.966,172.934,4808.0,27.8,19843.32828179398,101.7816915830432
3545159,Saltinho,35,SP,São Paulo,Sudeste,8371.0,377871.414,1071.0,3885.64,2088.0,3341.0,1305.0,108564.258,99.738,8161.0,81.82,45140.53446422172,127.94170350017919
3545209,Salto,35,SP,São Paulo,Sudeste,140125.0,9303486.748,6865.0,3773.63,34259.0,42939.0,7105.0,1696817.014,133.057,134319.0,1009.48,66394.19623907226,48.99197145405888
3545308,Salto de Pirapora,35,SP,São Paulo,Sudeste,45138.0,2221476.714,1987.0,3766.32,7793.0,9953.0,2077.0,365620.682,280.412,43748.0,156.01,49215.22251761265,44.02055917408835
3545407,Salto Grande,35,SP,São Paulo,Sudeste,9212.0,273943.204,877.0,3108.81,1622.0,2455.0,1064.0,64768.318,188.441,9050.0,48.03,29737.646982197133,95.20191055145462
3545506,Sandovalina,35,SP,São Paulo,Sudeste,3699.0,318809.778,806.0,1659.68,1801.0,2509.0,905.0,39574.419,455.856,3645.0,8.0,86188.09894566098,217.89672884563396
3545605,Santa Adélia,35,SP,São Paulo,Sudeste,14203.0,382545.565,1449.0,3755.55,4731.0,6216.0,1685.0,242555.369,330.269,14018.0,42.44,26934.138210237274,102.02069985214392
3545704,Santa Albertina,35,SP,São Paulo,Sudeste,6543.0,214790.792,1133.0,4024.28,2214.0,3307.0,1398.0,118145.359,272.692,6393.0,23.44,32827.57022772429,173.162158031484
3545803,Santa Bárbara d'Oeste,35,SP,São Paulo,Sudeste,189338.0,7825506.502,9114.0,3407.29,51289.0,62845.0,9626.0,2373843.341,271.03,183347.0,676.48,41330.8818198143,48.13613748956892
3546009,Santa Branca,35,SP,São Paulo,Sudeste,14212.0,312818.584,953.0,2639.4,2232.0,3238.0,979.0,78556.078,272.238,13975.0,51.33,22010.877005347593,67.0560090064734
3546108,Santa Clara d'Oeste,35,SP,São Paulo,Sudeste,2677.0,96783.316,572.0,3083.25,710.0,1235.0,627.0,27780.174,183.458,2598.0,14.16,36153.64811355995,213.6720209189391
3546207,Santa Cruz da Conceição,35,SP,São Paulo,Sudeste,4365.0,161650.68,725.0,2895.31,991.0,1687.0,972.0,36932.946,150.13,4277.0,28.49,37033.37457044674,166.09392898052693
3546256,Santa Cruz da Esperança,35,SP,São Paulo,Sudeste,2162.0,63456.694,332.0,2465.46,481.0,766.0,406.0,16263.302,148.062,2116.0,14.29,29350.92229417206,153.56151711378354
3546306,Santa Cruz das Palmeiras,35,SP,São Paulo,Sudeste,29525.0,655974.339,1614.0,3092.23,4479.0,6398.0,1818.0,183888.736,295.337,28864.0,97.73,22217.589805249787,54.665537679932264
3546405,Santa Cruz do Rio Pardo,35,SP,São Paulo,Sudeste,47677.0,2786906.107,5409.0,3585.13,14946.0,21223.0,6432.0,694555.859,1114.747,46442.0,41.66,58453.88986303668,113.45093021792478
3546504,Santa Ernestina,35,SP,São Paulo,Sudeste,6256.0,104372.706,405.0,2608.53,582.0,938.0,507.0,22322.495,134.421,6118.0,45.51,16683.61668797954,64.73785166240408
3546603,Santa Fé do Sul,35,SP,São Paulo,Sudeste,36098.0,1344880.815,3357.0,3145.27,10129.0,13942.0,3493.0,401989.401,206.537,34794.0,168.46,37256.38027037509,92.99684193030085
3546702,Santa Gertrudes,35,SP,São Paulo,Sudeste,24107.0,3895817.986,1074.0,4595.76,10373.0,11613.0,1126.0,632357.762,98.291,23611.0,240.22,161605.25930227735,44.551375119259966
3546801,Santa Isabel,35,SP,São Paulo,Sudeste,54586.0,1658732.668,2704.0,3352.83,11206.0,14361.0,2778.0,498174.5,363.332,53174.0,146.35,30387.510863591397,49.53651119334628
3546900,Santa Lúcia,35,SP,São Paulo,Sudeste,7181.0,131127.832,318.0,3005.86,735.0,1031.0,352.0,28229.81,153.86,7149.0,46.46,18260.386018660352,44.28352597131319
3547007,Santa Maria da Serra,35,SP,São Paulo,Sudeste,5314.0,153023.631,631.0,2734.41,1153.0,1782.0,730.0,40664.013,252.621,5243.0,20.75,28796.31746330448,118.74294316898758
3547106,Santa Mercedes,35,SP,São Paulo,Sudeste,3012.0,69067.532,442.0,3089.39,584.0,960.0,526.0,29452.053,166.753,2956.0,17.73,22930.787516600267,146.74634794156708
3547205,Santana da Ponte Pensa,35,SP,São Paulo,Sudeste,1698.0,39913.179,641.0,3238.17,197.0,762.0,784.0,8665.511,129.888,1670.0,12.86,23505.994699646642,377.50294464075387
3547304,Santana de Parnaíba,35,SP,São Paulo,Sudeste,162341.0,11544903.483,16392.0,4200.1,65863.0,89466.0,16636.0,3523073.361,179.949,154105.0,856.38,71115.14332793318,100.97264400243931
3547403,Santa Rita d'Oeste,35,SP,São Paulo,Sudeste,2790.0,68134.763,795.0,3160.54,310.0,1017.0,1038.0,12608.363,209.8,2733.0,13.03,24421.062007168457,284.94623655913983
3547502,Santa Rita do Passa Quatro,35,SP,São Paulo,Sudeste,25060.0,825834.738,2627.0,2173.13,12083.0,15222.0,3023.0,333511.526,754.141,24833.0,32.93,32954.299201915404,104.82841181165203
3547601,Santa Rosa de Viterbo,35,SP,São Paulo,Sudeste,23725.0,833444.1,2099.0,3374.9,4880.0,7143.0,2389.0,212652.951,288.576,23411.0,81.13,35129.36143308746,88.47207586933614
3547650,Santa Salete,35,SP,São Paulo,Sudeste,1686.0,42106.248,620.0,3124.22,228.0,793.0,705.0,9050.608,79.192,1645.0,20.77,24974.04982206406,367.73428232502965
3547700,Santo Anastácio,35,SP,São Paulo,Sudeste,18045.0,555800.928,2391.0,3337.35,4471.0,7002.0,2718.0,194356.37,552.876,17963.0,32.49,30800.827265170406,132.50207813798838
3547809,Santo André,35,SP,São Paulo,Sudeste,778711.0,32620294.592,52093.0,3402.91,233290.0,300596.0,53987.0,10231472.129,175.782,748919.0,4260.5,41890.116605518604,66.89644810462418
3547908,Santo Antônio da Alegria,35,SP,São Paulo,Sudeste,6917.0,211521.905,1693.0,2493.68,1053.0,2691.0,1933.0,33239.629,310.311,6775.0,21.83,30580.006505710568,244.75928870897786
3548005,Santo Antônio de Posse,35,SP,São Paulo,Sudeste,23779.0,1870734.354,1839.0,4782.86,8305.0,10465.0,1933.0,495528.746,154.133,23244.0,150.8,78671.69998738382,77.33714622145591
3548054,Santo Antônio do Aracanguá,35,SP,São Paulo,Sudeste,8568.0,289678.137,1832.0,3020.81,1461.0,3058.0,2335.0,58858.319,1308.432,8379.0,6.4,33809.30637254902,213.8188608776844
3548104,Santo Antônio do Jardim,35,SP,São Paulo,Sudeste,6237.0,222832.584,1323.0,2757.43,941.0,2368.0,1479.0,33234.41,109.956,6126.0,55.71,35727.52669552669,212.12121212121212
3548203,Santo Antônio do Pinhal,35,SP,São Paulo,Sudeste,7294.0,148429.124,915.0,2659.85,1151.0,2156.0,928.0,40494.355,133.008,7133.0,53.63,20349.482314230874,125.4455717027694
3548302,Santo Expedito,35,SP,São Paulo,Sudeste,3063.0,47273.391,395.0,2681.67,374.0,714.0,429.0,12264.337,94.465,3000.0,31.76,15433.689520078355,128.95853738165198
3548401,Santópolis do Aguapeí,35,SP,São Paulo,Sudeste,3933.0,80653.418,505.0,2596.43,530.0,956.0,669.0,19341.173,128.026,3899.0,30.45,20506.844139333843,128.4007119247394
3548500,Santos,35,SP,São Paulo,Sudeste,429567.0,24090173.097,40252.0,4333.17,199332.0,248178.0,42010.0,11103423.367,281.033,418608.0,1489.53,56080.12975158706,93.70365973177641
3548609,São Bento do Sapucaí,35,SP,São Paulo,Sudeste,11948.0,406647.208,1340.0,2664.87,1671.0,3110.0,1369.0,58800.371,252.579,11674.0,46.22,34034.75125544024,112.15266153331102
3548708,São Bernardo do Campo,35,SP,São Paulo,Sudeste,840499.0,58277014.065,53222.0,4603.37,294097.0,363405.0,55196.0,17603464.444,409.532,810729.0,1979.65,69336.20868674442,63.321907581091715
3548807,São Caetano do Sul,35,SP,São Paulo,Sudeste,172109.0,15566768.386,21987.0,4034.96,114373.0,143729.0,22537.0,5966868.118,15.331,165655.0,10805.23,90447.14910899488,127.75043722292267
3548906,São Carlos,35,SP,São Paulo,Sudeste,265294.0,14141854.369,20719.0,4529.49,89004.0,116873.0,21790.0,5258390.546,1136.907,254857.0,224.17,53306.34831168439,78.0982607974549
3549003,São Francisco,35,SP,São Paulo,Sudeste,2629.0,51167.786,646.0,3640.19,197.0,799.0,772.0,8803.861,75.579,2602.0,34.43,19462.832255610498,245.72080639026245
3549102,São João da Boa Vista,35,SP,São Paulo,Sudeste,95762.0,4135189.744,7888.0,3435.65,28793.0,38566.0,8441.0,1307777.827,516.399,92547.0,179.22,43181.94841377582,82.37087780121551
3549201,São João das Duas Pontes,35,SP,São Paulo,Sudeste,2622.0,52612.013,480.0,3187.43,285.0,688.0,581.0,12236.226,129.462,2580.0,19.93,20065.60373760488,183.06636155606407
3549250,São João de Iracema,35,SP,São Paulo,Sudeste,1880.0,51478.104,416.0,3179.96,236.0,594.0,489.0,9799.124,178.396,1846.0,10.35,27381.97021276596,221.27659574468083
3549300,São João do Pau d'Alho,35,SP,São Paulo,Sudeste,2288.0,58492.972,479.0,3246.54,296.0,735.0,568.0,12525.592,117.665,2242.0,19.05,25565.11013986014,209.35314685314685
3549409,São Joaquim da Barra,35,SP,São Paulo,Sudeste,49815.0,2191085.894,3266.0,3774.97,16571.0,20442.0,3464.0,762195.847,410.863,48558.0,118.19,43984.46038341865,65.56258155174145
3549508,São José da Bela Vista,35,SP,São Paulo,Sudeste,7690.0,231517.142,810.0,2723.01,745.0,1450.0,977.0,25887.051,276.952,7626.0,27.54,30106.26033810143,105.33159947984396
3549607,São José do Barreiro,35,SP,São Paulo,Sudeste,3898.0,63347.21,484.0,3287.28,455.0,900.0,527.0,18899.839,570.685,3853.0,6.75,16251.208311954848,124.1662390969728
3549706,São José do Rio Pardo,35,SP,São Paulo,Sudeste,53416.0,2375167.083,4922.0,3033.19,15125.0,21018.0,5301.0,579069.91,419.684,52205.0,124.39,44465.46134117118,92.1446757525835
3549805,São José do Rio Preto,35,SP,São Paulo,Sudeste,501597.0,20962614.976,47268.0,3765.8,161882.0,225862.0,49390.0,7924675.629,431.944,480393.0,1112.17,41791.74711172515,94.23501336730483
3549904,São José dos Campos,35,SP,São Paulo,Sudeste,724756.0,45208807.937,45981.0,4537.74,213331.0,275036.0,48163.0,12632082.802,1099.409,697054.0,634.03,62377.9698781383,63.44342095822594
3549953,São Lourenço da Serra,35,SP,São Paulo,Sudeste,16458.0,285411.765,897.0,2126.41,5348.0,6423.0,906.0,140634.271,186.456,16067.0,86.17,17341.825555960626,54.502369668246445
3550001,São Luiz do Paraitinga,35,SP,São Paulo,Sudeste,10497.0,204219.19,2299.0,2871.84,1521.0,3880.0,2472.0,57619.023,617.315,10337.0,16.75,19455.005239592265,219.01495665428217
3550100,São Manuel,35,SP,São Paulo,Sudeste,38166.0,1340317.267,2488.0,3337.63,8236.0,11029.0,2697.0,371303.713,650.734,37289.0,57.3,35118.09639469685,65.18891159670912
3550209,São Miguel Arcanjo,35,SP,São Paulo,Sudeste,32904.0,954225.102,5544.0,2560.39,4593.0,10244.0,5891.0,148364.646,930.339,32039.0,34.44,29000.27662290299,168.49015317286654
3550308,São Paulo,35,SP,São Paulo,Sudeste,11895578.0,828980746.586,1221001.0,5699.96,5181603.0,6822182.0,1282682.0,382299578.504,1521.202,11451999.0,7528.26,69688.14349214472,102.64326794376869
3550407,São Pedro,35,SP,São Paulo,Sudeste,39725.0,886335.955,3115.0,2887.47,7544.0,11178.0,3518.0,282887.762,611.278,38256.0,62.58,22311.792448080552,78.41409691629956
3550506,São Pedro do Turvo,35,SP,São Paulo,Sudeste,7333.0,234364.608,1966.0,3118.93,1180.0,2942.0,2453.0,48548.699,731.221,7217.0,9.87,31960.262921041867,268.10309559525433
3550605,São Roque,35,SP,São Paulo,Sudeste,81342.0,3450778.678,6403.0,3319.75,27372.0,35097.0,6665.0,1207159.638,306.908,79484.0,258.98,42423.08620392909,78.71702195667675
3550704,São Sebastião,35,SP,São Paulo,Sudeste,84019.0,16008645.421,5406.0,6603.02,25785.0,32330.0,5615.0,2200101.806,402.395,81595.0,202.77,190536.0147228603,64.34258917625775
3550803,São Sebastião da Grama,35,SP,São Paulo,Sudeste,10484.0,428491.854,1510.0,2671.11,2147.0,3734.0,1647.0,75868.231,252.41,10441.0,41.37,40871.027661198015,144.0289965661961
3550902,São Simão,35,SP,São Paulo,Sudeste,13590.0,501326.889,1581.0,3163.96,3539.0,5209.0,1808.0,143103.242,617.252,13442.0,21.78,36889.395805739514,116.3355408388521
3551009,São Vicente,35,SP,São Paulo,Sudeste,338407.0,6121259.1,9591.0,3842.34,43882.0,54546.0,9969.0,2186750.048,148.151,329911.0,2226.86,18088.452957533384,28.34161231889411
3551108,Sarapuí,35,SP,São Paulo,Sudeste,10632.0,203910.875,1547.0,2491.39,1549.0,3128.0,1605.0,52314.079,352.592,10369.0,29.41,19178.976203912716,145.50413844996237
3551207,Sarutaiá,35,SP,São Paulo,Sudeste,3769.0,96557.722,384.0,2513.56,588.0,917.0,410.0,19854.766,141.608,3704.0,26.16,25618.92332183603,101.88378880339613
3551306,Sebastianópolis do Sul,35,SP,São Paulo,Sudeste,3187.0,417498.625,837.0,4540.63,2394.0,3175.0,1000.0,148393.376,167.848,3130.0,18.65,131000.50988390336,262.6294320677753
3551405,Serra Azul,35,SP,São Paulo,Sudeste,13058.0,195523.134,570.0,3902.47,1353.0,1851.0,727.0,72030.937,283.144,12746.0,45.02,14973.436514014398,43.651401439730435
3551504,Serrana,35,SP,São Paulo,Sudeste,45408.0,1349050.264,2026.0,3937.38,8944.0,11267.0,2117.0,458442.219,126.046,43909.0,348.36,29709.528365045808,44.61768851303735
3551603,Serra Negra,35,SP,São Paulo,Sudeste,30920.0,845122.36,3014.0,2530.34,6307.0,9747.0,3178.0,208513.132,203.734,29894.0,146.73,27332.54721862872,97.47736093143597
3551702,Sertãozinho,35,SP,São Paulo,Sudeste,131600.0,7109021.763,9173.0,3976.93,54975.0,66927.0,9994.0,2808364.919,403.089,126887.0,314.79,54019.9222112462,69.70364741641338
3551801,Sete Barras,35,SP,São Paulo,Sudeste,12912.0,379170.022,1853.0,2887.51,1199.0,3056.0,2003.0,45468.191,1062.699,12730.0,11.98,29365.70802354399,143.5099132589839
3551900,Severínia,35,SP,São Paulo,Sudeste,14724.0,271911.501,864.0,2680.47,2209.0,3028.0,1033.0,77078.69,140.46,14576.0,103.77,18467.2304400978,58.67970660146699
3552007,Silveiras,35,SP,São Paulo,Sudeste,6313.0,92558.565,665.0,2607.34,861.0,1480.0,715.0,28235.867,414.782,6186.0,14.91,14661.581656898463,105.33819103437351
3552106,Socorro,35,SP,São Paulo,Sudeste,41405.0,1120219.486,6585.0,2708.56,8496.0,15767.0,6931.0,296235.141,449.029,40122.0,89.35,27055.174157710422,159.0387634343678
3552205,Sorocaba,35,SP,São Paulo,Sudeste,757459.0,44533398.241,49885.0,4187.46,236866.0,301480.0,52526.0,12781926.189,449.872,723682.0,1608.64,58793.14687791683,65.8583500889157
3552304,Sud Mennucci,35,SP,São Paulo,Sudeste,7466.0,226784.378,1117.0,3071.74,1216.0,2234.0,1337.0,47078.587,594.744,7355.0,12.37,30375.619876774712,149.61157246182694
3552403,Sumaré,35,SP,São Paulo,Sudeste,289787.0,16179891.951,12157.0,4482.44,70323.0,85185.0,12746.0,4134932.213,153.465,279545.0,1821.56,55833.73978473845,41.95150231031758
3552502,Suzano,35,SP,São Paulo,Sudeste,318765.0,14811513.691,13553.0,3880.59,67093.0,83220.0,13990.0,3416059.743,206.236,307429.0,1490.67,46465.307329851144,42.51721487616269
3552551,Suzanápolis,35,SP,São Paulo,Sudeste,3464.0,341980.906,775.0,3527.19,2351.0,3061.0,899.0,106278.831,330.587,3408.0,10.31,98724.28002309469,223.729792147806
3552601,Tabapuã,35,SP,São Paulo,Sudeste,11499.0,287136.559,1703.0,2846.38,1790.0,3449.0,2506.0,67613.233,345.792,11323.0,32.75,24970.567788503347,148.0998347682407
3552700,Tabatinga,35,SP,São Paulo,Sudeste,14994.0,340423.445,2078.0,2586.16,2578.0,4593.0,2938.0,87261.228,368.604,14769.0,40.07,22703.977924503135,138.58876884086968
3552809,Taboão da Serra,35,SP,São Paulo,Sudeste,284274.0,10291072.498,12235.0,3412.24,71871.0,86965.0,12599.0,3286512.193,20.388,273542.0,13416.81,36201.24421508826,43.03946192757691
3552908,Taciba,35,SP,São Paulo,Sudeste,6399.0,186412.175,1073.0,3215.82,851.0,1876.0,1292.0,36843.275,607.267,6260.0,10.31,29131.454133458352,167.68245038287233
3553005,Taguaí,35,SP,São Paulo,Sudeste,13006.0,343427.748,1070.0,1897.32,4409.0,5458.0,1168.0,107198.42,145.332,12669.0,87.17,26405.3320006151,82.26972166692296
3553104,Taiaçu,35,SP,São Paulo,Sudeste,5751.0,109907.367,795.0,3187.85,569.0,1321.0,1030.0,23893.85,107.059,5677.0,53.03,19111.00104329682,138.23682837767345
3553203,Taiúva,35,SP,São Paulo,Sudeste,6733.0,139651.101,856.0,3460.59,867.0,1665.0,1172.0,40954.513,132.459,6548.0,49.43,20741.289321253527,127.1350066834992
3553302,Tambaú,35,SP,São Paulo,Sudeste,21682.0,700419.073,2037.0,3120.84,5716.0,8006.0,2527.0,234504.881,561.788,21435.0,38.15,32304.17272391846,93.94889770316392
3553401,Tanabi,35,SP,São Paulo,Sudeste,26021.0,1323569.967,4473.0,3452.35,5860.0,10207.0,5357.0,262753.976,747.218,25265.0,33.81,50865.45355674263,171.8996195380654
3553500,Tapiraí,35,SP,São Paulo,Sudeste,8122.0,185138.411,718.0,3009.07,1016.0,1746.0,741.0,40708.025,755.1,7996.0,10.59,22794.682467372568,88.40187146023148
3553609,Tapiratiba,35,SP,São Paulo,Sudeste,11936.0,301184.818,852.0,2857.7,2026.0,2906.0,911.0,78648.296,221.891,11816.0,53.25,25233.3125,71.38069705093834
3553658,Taquaral,35,SP,São Paulo,Sudeste,2652.0,46861.863,256.0,2869.84,575.0,762.0,351.0,21974.757,53.892,2619.0,48.6,17670.385746606335,96.53092006033182
3553708,Taquaritinga,35,SP,São Paulo,Sudeste,53322.0,1660014.384,4526.0,3068.99,13365.0,18462.0,5741.0,544186.331,594.335,52260.0,87.93,31131.885225610444,84.88053711413674
3553807,Taquarituba,35,SP,São Paulo,Sudeste,24863.0,988151.947,2376.0,3171.13,5040.0,7610.0,2716.0,213733.228,448.515,24350.0,54.29,39743.87431122552,95.56368901580663
3553856,Taquarivaí,35,SP,São Paulo,Sudeste,7112.0,367323.698,723.0,3003.64,1315.0,1985.0,777.0,51767.291,231.792,6876.0,29.66,51648.438976377955,101.6591676040495
3553906,Tarabai,35,SP,São Paulo,Sudeste,6635.0,168350.324,740.0,2590.55,1029.0,1709.0,791.0,36454.496,201.385,6536.0,32.46,25373.070685757346,111.52976639035418
3553955,Tarumã,35,SP,São Paulo,Sudeste,15248.0,897036.192,1150.0,3532.5,5652.0,6791.0,1381.0,263037.388,302.913,14882.0,49.13,58829.76075550892,75.41972717733474
3554003,Tatuí,35,SP,São Paulo,Sudeste,128560.0,5076192.938,7089.0,3560.86,32892.0,41636.0,7486.0,1510605.512,523.749,123942.0,236.64,39485.010407591784,55.141568139390166
3554102,Taubaté,35,SP,São Paulo,Sudeste,321298.0,16199985.933,16751.0,3872.23,91705.0,112778.0,17480.0,4578054.67,625.003,310739.0,497.18,50420.43813842601,52.13540078058376
3554201,Tejupá,35,SP,São Paulo,Sudeste,4142.0,138116.334,686.0,2634.33,582.0,1205.0,780.0,21160.416,296.189,4127.0,13.93,33345.32448092709,165.620473201352
3554300,Teodoro Sampaio,35,SP,São Paulo,Sudeste,22559.0,627028.261,2752.0,2783.25,3784.0,6734.0,2973.0,142628.596,1555.803,22173.0,14.25,27795.037944944368,121.99122301520457
3554409,Terra Roxa,35,SP,São Paulo,Sudeste,7985.0,174935.246,868.0,2696.87,1060.0,1878.0,1124.0,41109.455,221.541,7904.0,35.68,21907.98321853475,108.703819661866
3554508,Tietê,35,SP,São Paulo,Sudeste,38690.0,2158402.234,4044.0,3252.66,15912.0,20845.0,4619.0,672442.1,404.396,37663.0,93.13,55787.08281209615,104.52313259240113
3554607,Timburi,35,SP,São Paulo,Sudeste,2490.0,66301.28,454.0,3337.77,323.0,730.0,509.0,14060.868,196.79,2464.0,12.52,26627.020080321287,182.3293172690763
3554656,Torre de Pedra,35,SP,São Paulo,Sudeste,2063.0,37756.621,341.0,3213.49,224.0,539.0,346.0,9315.895,71.348,2046.0,28.68,18301.803683955404,165.29326223945708
3554706,Torrinha,35,SP,São Paulo,Sudeste,9484.0,284592.255,1612.0,3012.93,2138.0,3796.0,1953.0,83782.515,315.267,9335.0,29.61,30007.618620835092,169.9704765921552
3554755,Trabiju,35,SP,São Paulo,Sudeste,1719.0,44919.531,207.0,4062.43,494.0,664.0,219.0,19547.169,63.421,1682.0,26.52,26131.198952879582,120.41884816753927
3554805,Tremembé,35,SP,São Paulo,Sudeste,53083.0,896633.754,1954.0,3648.78,8431.0,10774.0,2007.0,394340.411,191.094,51173.0,267.79,16891.165796959478,36.81027824350545
3554904,Três Fronteiras,35,SP,São Paulo,Sudeste,7013.0,122035.537,958.0,1558.67,1380.0,2269.0,1073.0,27551.409,151.594,6804.0,44.88,17401.33138457151,136.60345073435047
3554953,Tuiuti,35,SP,São Paulo,Sudeste,6947.0,181790.461,943.0,2885.29,600.0,1550.0,978.0,22772.32,126.731,6778.0,53.48,26168.19648769253,135.74204692673098
3555000,Tupã,35,SP,São Paulo,Sudeste,65416.0,2213337.24,6316.0,3179.29,17621.0,24877.0,7025.0,744040.327,627.986,63928.0,101.8,33834.7994374465,96.55130243365538
3555109,Tupi Paulista,35,SP,São Paulo,Sudeste,16206.0,340357.291,2228.0,3166.41,3100.0,5348.0,2630.0,126579.061,244.77,15854.0,64.77,21001.930828088363,137.4799456991238
3555208,Turiúba,35,SP,São Paulo,Sudeste,1839.0,56424.618,768.0,3069.74,269.0,886.0,951.0,10386.905,153.235,1818.0,11.86,30682.228384991842,417.6182707993475
3555307,Turmalina,35,SP,São Paulo,Sudeste,1672.0,73691.514,784.0,3377.46,241.0,940.0,955.0,11138.322,147.797,1669.0,11.29,44073.87200956938,468.8995215311005
3555356,Ubarana,35,SP,São Paulo,Sudeste,5456.0,212639.004,450.0,3939.87,1479.0,1872.0,491.0,83004.957,209.861,5365.0,25.56,38973.42448680352,82.47800586510263
3555406,Ubatuba,35,SP,São Paulo,Sudeste,96598.0,2705941.156,6321.0,2892.21,22359.0,29357.0,6566.0,809823.436,708.105,92981.0,131.31,28012.39317584215,65.43613739414894
3555505,Ubirajara,35,SP,São Paulo,Sudeste,5265.0,114467.732,799.0,2971.58,574.0,1327.0,941.0,22542.451,282.179,5132.0,18.19,21741.259639126307,151.75688509021842
3555604,Uchoa,35,SP,São Paulo,Sudeste,10627.0,401840.509,1461.0,3060.97,1356.0,2814.0,1852.0,55811.164,252.434,10394.0,41.18,37813.1654276842,137.48000376399736
3555703,União Paulista,35,SP,São Paulo,Sudeste,1628.0,57594.759,448.0,2704.11,308.0,665.0,520.0,11209.361,79.056,1603.0,20.28,35377.616093366094,275.1842751842752
3555802,Urânia,35,SP,São Paulo,Sudeste,8973.0,286014.199,1577.0,2879.61,1387.0,2913.0,1810.0,52021.423,209.262,8833.0,42.21,31874.980385601248,175.7494706341246
3555901,Uru,35,SP,São Paulo,Sudeste,1419.0,46392.065,358.0,2941.96,288.0,584.0,393.0,10986.031,146.901,1387.0,9.44,32693.491895701198,252.2903453136011
3556008,Urupês,35,SP,São Paulo,Sudeste,14038.0,483324.505,2402.0,3090.97,3006.0,5458.0,3012.0,120426.436,323.916,13744.0,42.43,34429.726812936315,171.10699529847557
3556107,Valentim Gentil,35,SP,São Paulo,Sudeste,14531.0,437546.287,1677.0,2593.73,4111.0,5807.0,1776.0,134236.858,149.741,14098.0,94.15,30111.230266327162,115.4084371344023
3556206,Valinhos,35,SP,São Paulo,Sudeste,131277.0,7969199.991,11575.0,4601.63,47974.0,63759.0,11901.0,2901786.097,148.538,126373.0,850.78,60705.22628487854,88.17233788096925
3556305,Valparaíso,35,SP,São Paulo,Sudeste,24723.0,1236296.888,1836.0,3204.97,6816.0,8609.0,2052.0,297558.53,857.661,24241.0,28.26,50005.941350159774,74.26283218056061
3556354,Vargem,35,SP,São Paulo,Sudeste,10805.0,153401.48,899.0,2637.47,1158.0,2078.0,926.0,42068.835,142.595,10512.0,73.72,14197.267931513188,83.20222119389172
3556404,Vargem Grande do Sul,35,SP,São Paulo,Sudeste,41226.0,1287338.885,2709.0,3015.22,8089.0,11202.0,2912.0,325112.989,267.178,40133.0,150.21,31226.383471595596,65.71095910347839
3556453,Vargem Grande Paulista,35,SP,São Paulo,Sudeste,52103.0,2898202.787,3767.0,3602.89,15784.0,20466.0,3835.0,755248.644,42.489,50415.0,1186.54,55624.48970308811,72.2990998598929
3556503,Várzea Paulista,35,SP,São Paulo,Sudeste,119576.0,3965839.453,3627.0,3837.8,20772.0,25343.0,3714.0,1056776.378,35.12,115771.0,3296.44,33165.8481049709,30.33217368033719
3556602,Vera Cruz,35,SP,São Paulo,Sudeste,10294.0,240193.45,978.0,3314.24,1182.0,2169.0,1100.0,49750.754,247.716,10176.0,41.08,23333.34466679619,95.00680007771517
3556701,Vinhedo,35,SP,São Paulo,Sudeste,79235.0,12557908.972,7589.0,4583.6,43021.0,53538.0,7824.0,2600795.692,80.95,76540.0,945.52,158489.41720199407,95.7783807660756
3556800,Viradouro,35,SP,São Paulo,Sudeste,17681.0,443704.352,1796.0,2547.79,3209.0,5056.0,2187.0,106772.601,217.726,17414.0,79.98,25094.98060064476,101.57796504722585
3556909,Vista Alegre do Alto,35,SP,São Paulo,Sudeste,8327.0,425057.809,774.0,4192.7,3713.0,4539.0,928.0,225943.388,95.429,8109.0,84.97,51045.73183619551,92.9506424882911
3556958,Vitória Brasil,35,SP,São Paulo,Sudeste,1826.0,45178.636,348.0,3763.58,200.0,502.0,397.0,10091.105,49.832,1794.0,36.0,24741.859802847754,190.58050383351588
3557006,Votorantim,35,SP,São Paulo,Sudeste,132849.0,3919236.248,5430.0,3667.96,26118.0,32730.0,5614.0,1215519.657,184.186,127923.0,694.53,29501.435825636625,40.873472890273916
3557105,Votuporanga,35,SP,São Paulo,Sudeste,100159.0,3862539.651,7917.0,3192.87,30406.0,39749.0,8361.0,1262008.537,420.703,96634.0,229.7,38564.07962339879,79.04431953194421
3557154,Zacarias,35,SP,São Paulo,Sudeste,2761.0,130188.73,767.0,3054.1,526.0,1191.0,964.0,21150.756,319.056,2692.0,8.44,47152.74538210793,277.79789931184354
3557204,Chavantes,35,SP,São Paulo,Sudeste,12411.0,266344.771,608.0,3382.25,2351.0,2964.0,713.0,106712.848,188.727,12211.0,64.7,21460.379582628313,48.98880025783579
3557303,Estiva Gerbi,35,SP,São Paulo,Sudeste,11566.0,389432.135,708.0,3374.98,2391.0,3123.0,763.0,103492.651,74.144,11295.0,152.34,33670.424952446825,61.21390281860626
4100103,Abatiá,41,PR,Paraná,Sul,7271.0,221816.638,251.0,3116.48,665.0,910.0,256.0,25284.114,228.717,7241.0,31.66,30507.033145372025,34.52069866593316
4100202,Adrianópolis,41,PR,Paraná,Sul,6327.0,368853.702,231.0,3676.54,1239.0,1447.0,239.0,62225.814,1349.311,6256.0,4.64,58298.35656709341,36.51019440493124
4100301,Agudos do Sul,41,PR,Paraná,Sul,10646.0,216903.776,426.0,2736.81,1174.0,1626.0,436.0,41621.827,192.261,10233.0,53.22,20374.20402028931,40.0150291189179
4100400,Almirante Tamandaré,41,PR,Paraná,Sul,124788.0,1936254.916,4073.0,2788.76,15502.0,20429.0,4197.0,570575.325,194.228,119825.0,616.93,15516.355066192262,32.63935634836683
4100459,Altamira do Paraná,41,PR,Paraná,Sul,3543.0,96207.266,136.0,3033.26,439.0,560.0,136.0,18126.276,386.945,3590.0,9.28,27154.18176686424,38.38554896979961
4100509,Altônia,41,PR,Paraná,Sul,18750.0,462492.851,786.0,2472.48,3094.0,3989.0,798.0,101888.876,661.56,18742.0,28.33,24666.285386666666,41.92
4100608,Alto Paraná,41,PR,Paraná,Sul,14138.0,436261.407,774.0,2665.63,1999.0,2942.0,785.0,72941.854,407.719,13909.0,34.11,30857.363629933512,54.746074409393124
4100707,Alto Piquiri,41,PR,Paraná,Sul,9802.0,410779.606,336.0,3271.66,999.0,1369.0,347.0,43738.206,447.666,9727.0,21.73,41907.73372781065,34.27871862885126
4100806,Alvorada do Sul,41,PR,Paraná,Sul,10478.0,338358.675,509.0,2945.92,1579.0,2151.0,520.0,60571.209,424.25,10326.0,24.34,32292.295762550104,48.57797289559076
4100905,Amaporã,41,PR,Paraná,Sul,4736.0,121114.3,158.0,3111.06,514.0,661.0,159.0,21469.198,384.735,4762.0,12.38,25573.120777027027,33.361486486486484
4101002,Ampére,41,PR,Paraná,Sul,20199.0,750363.843,1121.0,2852.93,5997.0,7372.0,1137.0,227882.16,298.349,19620.0,65.76,37148.56393880885,55.49779692063964
4101051,Anahy,41,PR,Paraná,Sul,2965.0,115042.263,121.0,2599.88,575.0,696.0,121.0,19101.493,102.895,2918.0,28.36,38800.08870151771,40.80944350758853
4101101,Andirá,41,PR,Paraná,Sul,20044.0,816503.278,1001.0,2958.93,4166.0,5263.0,1040.0,161054.848,235.944,19878.0,84.25,40735.54569946119,49.94013171023748
4101150,Ângulo,41,PR,Paraná,Sul,3332.0,154196.936,233.0,3157.95,529.0,789.0,239.0,21816.563,106.021,3235.0,30.51,46277.5918367347,69.9279711884754
4101200,Antonina,41,PR,Paraná,Sul,18223.0,700870.923,691.0,3069.41,3065.0,3757.0,744.0,126224.147,891.582,18091.0,20.29,38460.787082258685,37.91911320858256
4101309,Antônio Olinto,41,PR,Paraná,Sul,7071.0,233345.083,181.0,3082.26,712.0,890.0,190.0,26629.751,469.62,7018.0,14.94,33000.29458351011,25.59751096026022
4101408,Apucarana,41,PR,Paraná,Sul,134306.0,3874079.812,9378.0,2823.5,37248.0,49435.0,9714.0,1398037.806,556.99,130134.0,233.64,28845.17305258142,69.82562208687624
4101507,Arapongas,41,PR,Paraná,Sul,123863.0,4953988.715,9163.0,3084.24,39499.0,51466.0,9447.0,1589482.516,382.215,119138.0,311.7,39995.71070456876,73.97689382624351
4101606,Arapoti,41,PR,Paraná,Sul,26310.0,1447430.59,1363.0,3368.74,6026.0,7642.0,1404.0,272047.981,1358.176,25777.0,18.98,55014.46560243254,51.805397187381224
4101655,Arapuã,41,PR,Paraná,Sul,3573.0,152145.582,112.0,3084.11,375.0,481.0,114.0,16098.332,217.371,3527.0,16.23,42582.026868178,31.3462076686258
4101705,Araruna,41,PR,Paraná,Sul,14824.0,547353.084,640.0,3081.64,2825.0,3585.0,669.0,118765.837,493.191,14485.0,29.37,36923.44063680518,43.17323259579061
4101804,Araucária,41,PR,Paraná,Sul,160038.0,25266761.323,7817.0,4286.46,55646.0,64964.0,8157.0,3032140.417,469.24,151666.0,323.22,157879.7618253165,48.844649395768506
4101853,Ariranha do Ivaí,41,PR,Paraná,Sul,2351.0,128973.65,113.0,2835.76,275.0,375.0,113.0,10400.337,234.076,2329.0,9.95,54859.05997447894,48.06465333900468
4101903,Assaí,41,PR,Paraná,Sul,13643.0,539552.01,684.0,2426.01,2532.0,3313.0,706.0,78352.278,440.347,13797.0,31.33,39547.900754965915,50.13560067433849
4102000,Assis Chateaubriand,41,PR,Paraná,Sul,38105.0,1633259.865,2120.0,2618.02,10125.0,12744.0,2200.0,367606.758,980.727,36808.0,37.53,42862.08804618816,55.635743340768926
4102109,Astorga,41,PR,Paraná,Sul,26145.0,882919.587,1756.0,2975.73,5590.0,7750.0,1844.0,220552.492,434.792,25475.0,58.59,33770.1123350545,67.16389366991777
4102208,Atalaia,41,PR,Paraná,Sul,4045.0,177303.99,225.0,3119.45,690.0,931.0,227.0,27681.391,137.663,3980.0,28.91,43832.87762669963,55.62422744128554
4102307,Balsa Nova,41,PR,Paraná,Sul,13871.0,926184.931,780.0,3204.66,3562.0,4451.0,793.0,153859.082,348.926,13395.0,38.39,66771.31648763608,56.232427366447986
4102406,Bandeirantes,41,PR,Paraná,Sul,31807.0,1033467.845,2045.0,2563.49,7426.0,9901.0,2084.0,243484.605,445.192,31273.0,70.25,32491.83654541453,64.2940233281982
4102505,Barbosa Ferraz,41,PR,Paraná,Sul,10692.0,299362.963,431.0,2693.17,1393.0,1845.0,450.0,49120.67,538.636,10795.0,20.04,27998.78067714179,40.310512532734755
4102604,Barracão,41,PR,Paraná,Sul,9900.0,264230.092,929.0,2793.53,2264.0,3324.0,945.0,84668.004,161.213,9759.0,60.53,26689.908282828284,93.83838383838383
4102703,Barra do Jacaré,41,PR,Paraná,Sul,2866.0,150148.218,126.0,3216.66,397.0,504.0,127.0,15629.789,115.855,2814.0,24.29,52389.46894626657,43.96371249127704
4102752,Bela Vista da Caroba,41,PR,Paraná,Sul,4100.0,106923.656,141.0,3044.01,389.0,527.0,145.0,15393.534,148.107,4031.0,27.22,26078.940487804877,34.390243902439025
4102802,Bela Vista do Paraíso,41,PR,Paraná,Sul,14998.0,523791.495,832.0,2447.93,2453.0,3387.0,851.0,82299.121,242.689,14833.0,61.12,34924.089545272705,55.47406320842779
4102901,Bituruna,41,PR,Paraná,Sul,15689.0,552341.717,790.0,2869.14,3863.0,4930.0,826.0,152179.638,1234.946,15533.0,12.58,35205.667474026384,50.35375103575754
4103008,Boa Esperança,41,PR,Paraná,Sul,4622.0,285688.871,227.0,3418.95,584.0,830.0,230.0,26307.335,302.739,4558.0,15.06,61810.66010385114,49.1129381220251
4103024,Boa Esperança do Iguaçu,41,PR,Paraná,Sul,2448.0,142607.147,152.0,3099.8,361.0,524.0,152.0,15155.069,151.797,2455.0,16.17,58254.55351307189,62.091503267973856
4103040,Boa Ventura de São Roque,41,PR,Paraná,Sul,6244.0,361489.538,217.0,3473.8,1323.0,1544.0,220.0,57868.177,620.453,6378.0,10.28,57893.904228058935,34.753363228699556
4103057,Boa Vista da Aparecida,41,PR,Paraná,Sul,8034.0,185314.758,414.0,2666.87,1123.0,1591.0,415.0,38831.747,266.175,7924.0,29.77,23066.31292008962,51.53099327856609
4103107,Bocaiúva do Sul,41,PR,Paraná,Sul,13804.0,280327.122,565.0,2597.47,2661.0,3319.0,578.0,92853.468,825.665,13299.0,16.11,20307.673283106345,40.93016516951608
4103156,Bom Jesus do Sul,41,PR,Paraná,Sul,4061.0,115669.95,158.0,2805.59,665.0,831.0,160.0,24774.092,176.129,3980.0,22.6,28483.119921201673,38.90667323319379
4103206,Bom Sucesso,41,PR,Paraná,Sul,6677.0,157269.378,283.0,2755.86,728.0,1026.0,286.0,27206.447,322.755,6581.0,20.39,23553.898157855325,42.38430432829115
4103222,Bom Sucesso do Sul,41,PR,Paraná,Sul,3234.0,300056.492,181.0,3353.22,802.0,1019.0,185.0,35979.868,195.931,3202.0,16.34,92781.84662956091,55.96784168212739
4103305,Borrazópolis,41,PR,Paraná,Sul,7824.0,245672.903,429.0,2763.98,998.0,1487.0,438.0,35189.033,334.378,7735.0,23.13,31399.910915132925,54.831288343558285
4103354,Braganey,41,PR,Paraná,Sul,4802.0,241525.967,280.0,2909.47,613.0,905.0,283.0,23816.805,343.321,4854.0,14.14,50296.95272802999,58.309037900874635
4103370,Brasilândia do Sul,41,PR,Paraná,Sul,3828.0,275949.479,121.0,3236.38,520.0,633.0,124.0,21306.173,291.036,3708.0,12.74,72087.1157262278,31.609195402298855
4103404,Cafeara,41,PR,Paraná,Sul,2655.0,114049.222,88.0,3924.02,250.0,331.0,88.0,12458.215,185.8,2627.0,14.14,42956.39246704331,33.14500941619586
4103453,Cafelândia,41,PR,Paraná,Sul,19844.0,1949225.99,1148.0,3227.64,11220.0,12782.0,1174.0,472448.779,274.904,18997.0,69.1,98227.47379560572,57.85123966942149
4103479,Cafezal do Sul,41,PR,Paraná,Sul,4561.0,148982.512,144.0,2602.32,610.0,746.0,145.0,19802.859,335.392,4473.0,13.34,32664.44025433019,31.572023679017757
4103503,Califórnia,41,PR,Paraná,Sul,8921.0,253204.679,463.0,2332.22,1749.0,2257.0,471.0,54067.229,141.817,8710.0,61.42,28382.992825916375,51.90001120950566
4103602,Cambará,41,PR,Paraná,Sul,23430.0,819036.014,1307.0,2685.29,4236.0,5870.0,1349.0,155449.581,366.153,23212.0,63.39,34956.72274861289,55.78318395219804
4103701,Cambé,41,PR,Paraná,Sul,111009.0,5029902.157,6324.0,3420.92,27549.0,35471.0,6537.0,1233856.122,495.375,107208.0,216.42,45310.760001441326,56.96835391724996
4103800,Cambira,41,PR,Paraná,Sul,9899.0,280211.459,601.0,3118.93,1788.0,2554.0,606.0,72524.33,164.786,9460.0,57.41,28307.047075462167,60.71320335387413
4103909,Campina da Lagoa,41,PR,Paraná,Sul,15979.0,578372.719,724.0,2570.91,2097.0,2967.0,732.0,71098.295,796.614,15723.0,19.74,36195.80192752989,45.3094686776394
4103958,Campina do Simão,41,PR,Paraná,Sul,3973.0,150370.495,134.0,2990.86,611.0,746.0,134.0,23962.834,448.424,3936.0,8.78,37848.0984142965,33.727661716586965
4104006,Campina Grande do Sul,41,PR,Paraná,Sul,49971.0,2176023.716,2980.0,3236.8,12526.0,16035.0,3054.0,521065.35,539.245,47825.0,88.69,43545.730843889454,59.634588061075426
4104055,Campo Bonito,41,PR,Paraná,Sul,4032.0,224660.788,150.0,3360.4,515.0,648.0,151.0,23059.686,433.832,4027.0,9.28,55719.44146825397,37.20238095238095
4104105,Campo do Tenente,41,PR,Paraná,Sul,7666.0,261270.416,377.0,2939.65,1027.0,1383.0,384.0,43046.586,304.488,7508.0,24.66,34081.71354030785,49.17818940777459
4104204,Campo Largo,41,PR,Paraná,Sul,142695.0,5733187.097,7673.0,3457.47,34540.0,44322.0,8001.0,1553329.413,1243.551,136327.0,109.63,40177.911608675844,53.772031255474964
4104253,Campo Magro,41,PR,Paraná,Sul,31555.0,541601.254,960.0,3173.44,4250.0,5440.0,977.0,183394.303,275.352,30160.0,109.53,17163.722199334494,30.423070828711772
4104303,Campo Mourão,41,PR,Paraná,Sul,103340.0,5147309.893,7196.0,3598.63,30556.0,39922.0,7480.0,1429897.867,749.637,99432.0,132.64,49809.46287013741,69.63421714728082
4104402,Cândido de Abreu,41,PR,Paraná,Sul,15255.0,421636.526,411.0,3092.23,1495.0,1921.0,423.0,57890.239,1510.16,15244.0,10.09,27639.234742707307,26.941986234021634
4104428,Candói,41,PR,Paraná,Sul,15174.0,850048.142,737.0,2890.27,2991.0,3829.0,747.0,114237.422,1512.786,14973.0,9.9,56020.04362725715,48.569922235402665
4104451,Cantagalo,41,PR,Paraná,Sul,10799.0,335943.888,581.0,2661.27,1520.0,2147.0,600.0,51337.441,583.304,10933.0,18.74,31108.795999629594,53.801277896101496
4104501,Capanema,41,PR,Paraná,Sul,21022.0,1106692.308,1160.0,3029.67,5232.0,6690.0,1188.0,209275.876,419.036,20481.0,48.88,52644.4823518219,55.18028731804775
4104600,Capitão Leônidas Marques,41,PR,Paraná,Sul,14796.0,1255526.163,974.0,2990.98,3357.0,4404.0,989.0,126437.854,280.063,14648.0,52.3,84855.78284671533,65.82860232495268
4104659,Carambeí,41,PR,Paraná,Sul,24159.0,1578832.686,1517.0,3514.06,9414.0,11442.0,1559.0,433138.852,649.68,23283.0,35.84,65351.73997268099,62.79233411978972
4104709,Carlópolis,41,PR,Paraná,Sul,17567.0,458637.566,841.0,2491.79,2269.0,3275.0,860.0,74188.881,451.418,16905.0,37.45,26107.90493539022,47.87385438606478
4104808,Cascavel,41,PR,Paraná,Sul,364104.0,15786905.039,32118.0,3467.35,124234.0,167171.0,33807.0,5576660.25,2091.199,348051.0,166.44,43358.230173247204,88.21106057609913
4104907,Castro,41,PR,Paraná,Sul,75291.0,3631155.505,3727.0,3481.22,18477.0,23242.0,3956.0,820077.04,2531.503,73075.0,28.87,48228.281003041535,49.501268411895175
4105003,Catanduvas,41,PR,Paraná,Sul,10627.0,355951.072,402.0,2956.07,1421.0,1881.0,406.0,54157.944,580.421,10446.0,18.0,33494.9724287193,37.82817352027853
4105102,Centenário do Sul,41,PR,Paraná,Sul,10936.0,440498.981,447.0,2945.54,1300.0,1736.0,452.0,49185.285,371.834,10832.0,29.13,40279.71662399415,40.87417702999269
4105201,Cerro Azul,41,PR,Paraná,Sul,16240.0,405085.693,551.0,2918.91,1502.0,2096.0,566.0,57937.637,1341.189,16134.0,12.03,24943.700307881772,33.92857142857142
4105300,Céu Azul,41,PR,Paraná,Sul,11251.0,942758.299,705.0,3055.2,2700.0,3539.0,717.0,110099.167,1179.449,11087.0,9.4,83793.28939649809,62.661096791396325
4105409,Chopinzinho,41,PR,Paraná,Sul,21559.0,909271.377,1416.0,3127.49,5429.0,7318.0,1458.0,219132.759,959.692,21085.0,21.97,42175.953290968966,65.68022635558235
4105508,Cianorte,41,PR,Paraná,Sul,82359.0,3039715.513,5614.0,2863.04,25245.0,32346.0,5884.0,959438.675,811.666,79527.0,97.98,36908.11584647701,68.16498500467466
4105607,Cidade Gaúcha,41,PR,Paraná,Sul,11684.0,431472.615,664.0,3112.77,3694.0,4488.0,678.0,148896.65,403.045,11467.0,28.45,36928.50179732968,56.829852790140365
4105706,Clevelândia,41,PR,Paraná,Sul,14975.0,837980.193,961.0,2998.46,2929.0,4045.0,980.0,116766.613,703.638,15070.0,21.42,55958.610550918194,64.17362270450751
4105805,Colombo,41,PR,Paraná,Sul,240720.0,5693870.124,11979.0,3272.2,46274.0,60791.0,12469.0,1943307.635,197.58,232212.0,1175.28,23653.498354935193,49.76321036889332
4105904,Colorado,41,PR,Paraná,Sul,23278.0,796267.257,1541.0,3340.48,7569.0,9592.0,1561.0,317438.882,407.568,22896.0,56.18,34206.858707792766,66.19984534753846
4106001,Congonhinhas,41,PR,Paraná,Sul,8442.0,285617.152,372.0,2936.09,924.0,1310.0,384.0,35600.825,535.963,8320.0,15.52,33832.87751717603,44.06538734896944
4106100,Conselheiro Mairinck,41,PR,Paraná,Sul,3486.0,152425.118,147.0,2903.63,484.0,626.0,149.0,17367.481,204.705,3461.0,16.91,43724.93344807802,42.16867469879518
4106209,Contenda,41,PR,Paraná,Sul,19827.0,557577.079,815.0,3208.78,2628.0,3571.0,833.0,111675.568,299.037,19128.0,63.97,28122.110203258184,41.10556312099662
4106308,Corbélia,41,PR,Paraná,Sul,17862.0,1064177.188,1120.0,3166.68,3311.0,4634.0,1146.0,139392.684,529.137,17470.0,33.02,59577.71738887023,62.70294479901467
4106407,Cornélio Procópio,41,PR,Paraná,Sul,45830.0,1812202.152,3235.0,2436.93,21244.0,25346.0,3359.0,690496.902,635.1,45206.0,71.18,39541.83181322278,70.58695177831115
4106456,Coronel Domingos Soares,41,PR,Paraná,Sul,5516.0,323716.001,347.0,3169.9,977.0,1332.0,348.0,41517.323,1556.186,5649.0,3.63,58686.72969543147,62.90790427846266
4106506,Coronel Vivida,41,PR,Paraná,Sul,23859.0,887309.136,1462.0,3308.01,4802.0,6811.0,1507.0,205306.298,684.417,23331.0,34.09,37189.70350811015,61.276667085795715
4106555,Corumbataí do Sul,41,PR,Paraná,Sul,3780.0,87683.113,131.0,2733.01,464.0,566.0,138.0,16082.268,164.341,3760.0,22.88,23196.59074074074,34.65608465608466
4106571,Cruzeiro do Iguaçu,41,PR,Paraná,Sul,4171.0,177172.753,256.0,2924.94,763.0,1052.0,258.0,29231.087,161.862,4133.0,25.53,42477.28434428195,61.376168784464156
4106605,Cruzeiro do Oeste,41,PR,Paraná,Sul,24622.0,859367.89,950.0,2716.16,4626.0,5715.0,977.0,162614.228,775.984,23831.0,30.71,34902.44050036553,38.58338071643246
4106704,Cruzeiro do Sul,41,PR,Paraná,Sul,4547.0,205350.678,173.0,2970.04,478.0,683.0,173.0,18314.157,259.103,4494.0,17.34,45161.794149989,38.0470639982406
4106803,Cruz Machado,41,PR,Paraná,Sul,15910.0,505065.548,533.0,2908.78,1821.0,2399.0,570.0,69479.786,1478.35,15978.0,10.81,31745.163293526086,33.50094280326838
4106852,Cruzmaltina,41,PR,Paraná,Sul,2896.0,151165.232,107.0,3212.2,437.0,526.0,108.0,18319.937,312.299,2892.0,9.26,52197.93922651934,36.947513812154696
4106902,Curitiba,41,PR,Paraná,Sul,1829225.0,98000490.695,230758.0,5070.73,950109.0,1262165.0,242153.0,62704900.211,434.892,1773718.0,4078.53,53574.869518511936,126.15069223304951
4107009,Curiúva,41,PR,Paraná,Sul,13802.0,276028.647,576.0,2647.01,2011.0,2636.0,598.0,68941.883,576.263,13647.0,23.68,19999.177438052455,41.7330821620055
4107108,Diamante do Norte,41,PR,Paraná,Sul,5164.0,298206.751,273.0,3001.53,602.0,873.0,275.0,25207.671,242.887,5142.0,21.17,57747.240704879936,52.865995352439974
4107124,Diamante do Sul,41,PR,Paraná,Sul,3170.0,74735.85,106.0,2475.13,306.0,420.0,106.0,10642.132,347.233,3171.0,9.13,23575.977917981072,33.4384858044164
4107157,Diamante D'Oeste,41,PR,Paraná,Sul,4557.0,128031.058,206.0,3377.47,447.0,637.0,210.0,19471.022,309.11,4557.0,14.74,28095.470265525564,45.205178845731844
4107207,Dois Vizinhos,41,PR,Paraná,Sul,47014.0,2026447.426,3758.0,3183.21,16536.0,21483.0,3871.0,680079.017,418.648,44869.0,107.18,43103.06347045561,79.93363678904156
4107256,Douradina,41,PR,Paraná,Sul,9525.0,841228.334,468.0,3942.33,3406.0,3973.0,483.0,173042.094,420.604,9161.0,21.78,88317.93532808399,49.13385826771653
4107306,Doutor Camargo,41,PR,Paraná,Sul,6484.0,200365.462,292.0,2731.0,794.0,1101.0,298.0,28530.936,118.279,6327.0,53.49,30901.52097470697,45.03392967304133
4107405,Enéas Marques,41,PR,Paraná,Sul,6070.0,311320.716,322.0,3578.98,1153.0,1529.0,330.0,55576.195,192.203,5999.0,31.21,51288.421087314666,53.047775947281714
4107504,Engenheiro Beltrão,41,PR,Paraná,Sul,12431.0,566606.447,786.0,2935.55,2187.0,3034.0,804.0,85318.418,467.47,12454.0,26.64,45580.11801142305,63.22902421365941
4107520,Esperança Nova,41,PR,Paraná,Sul,1858.0,65235.789,77.0,2786.41,311.0,382.0,78.0,11368.321,141.286,1849.0,13.09,35110.758342303554,41.442411194833156
4107538,Entre Rios do Oeste,41,PR,Paraná,Sul,4729.0,313142.57,325.0,3337.16,1388.0,1799.0,335.0,60077.751,120.967,4575.0,37.82,66217.50264326496,68.72488898287165
4107546,Espigão Alto do Iguaçu,41,PR,Paraná,Sul,4881.0,162811.235,167.0,3065.39,626.0,780.0,169.0,24889.594,326.44,4797.0,14.69,33356.12272075394,34.214300348289285
4107553,Farol,41,PR,Paraná,Sul,3023.0,215732.124,98.0,3724.36,407.0,494.0,101.0,19010.333,289.232,3039.0,10.51,71363.58716506782,32.41812768772742
4107603,Faxinal,41,PR,Paraná,Sul,16618.0,500121.583,940.0,3013.53,2551.0,3661.0,971.0,99624.202,715.943,16389.0,22.89,30095.172884823685,56.56517029726802
4107652,Fazenda Rio Grande,41,PR,Paraná,Sul,161506.0,3322418.468,6087.0,3419.78,24063.0,31184.0,7458.0,1070685.333,116.678,148873.0,1275.93,20571.486310106127,37.68900226616967
4107702,Fênix,41,PR,Paraná,Sul,4512.0,212862.115,204.0,2276.11,607.0,807.0,211.0,31973.697,234.099,4492.0,19.19,47176.88718971631,45.21276595744681
4107736,Fernandes Pinheiro,41,PR,Paraná,Sul,6387.0,253837.763,188.0,2988.42,935.0,1091.0,191.0,34980.835,406.5,6255.0,15.39,39742.878190073585,29.434789416001255
4107751,Figueira,41,PR,Paraná,Sul,8144.0,161491.752,398.0,2858.22,1063.0,1464.0,407.0,42147.737,129.769,8062.0,62.13,19829.537328094302,48.87033398821218
4107801,Floraí,41,PR,Paraná,Sul,4825.0,239257.249,232.0,2767.39,875.0,1159.0,241.0,32967.336,191.133,4792.0,25.07,49586.994611398964,48.082901554404145
4107850,Flor da Serra do Sul,41,PR,Paraná,Sul,4367.0,182642.865,263.0,2741.95,716.0,987.0,268.0,27420.187,255.721,4364.0,17.07,41823.41767803984,60.22441035035493
4107900,Floresta,41,PR,Paraná,Sul,11226.0,271124.032,537.0,2835.33,1244.0,1898.0,541.0,45802.883,158.226,10458.0,66.1,24151.437021200785,47.83538214858365
4108007,Florestópolis,41,PR,Paraná,Sul,11639.0,400284.885,481.0,2981.81,3080.0,3558.0,491.0,120055.824,246.853,11446.0,46.37,34391.690437322795,41.32657444797663
4108106,Flórida,41,PR,Paraná,Sul,2704.0,80572.574,162.0,2823.76,492.0,658.0,164.0,18180.799,83.046,2652.0,31.93,29797.549556213016,59.9112426035503
4108205,Formosa do Oeste,41,PR,Paraná,Sul,7756.0,370767.205,464.0,3031.92,1084.0,1567.0,476.0,42449.479,275.901,7635.0,27.67,47803.92019082001,59.82465188241361
4108304,Foz do Iguaçu,41,PR,Paraná,Sul,295500.0,18969029.436,19905.0,3791.04,71199.0,97421.0,20856.0,3519284.345,609.192,285415.0,468.51,64192.99301522843,67.36040609137056
4108320,Francisco Alves,41,PR,Paraná,Sul,8464.0,290544.096,266.0,2382.44,837.0,1129.0,267.0,26807.586,321.898,8116.0,25.21,34327.04347826087,31.427221172022687
4108403,Francisco Beltrão,41,PR,Paraná,Sul,101302.0,3694538.715,8850.0,3239.62,30329.0,42564.0,9107.0,1306554.24,735.111,96666.0,131.5,36470.54070995637,87.3625397326805
4108452,Foz do Jordão,41,PR,Paraná,Sul,4925.0,184044.064,217.0,2455.84,768.0,958.0,220.0,26510.996,235.382,4926.0,20.93,37369.3530964467,44.06091370558376
4108502,General Carneiro,41,PR,Paraná,Sul,10861.0,445472.058,836.0,2753.44,1870.0,2740.0,860.0,66742.825,1071.183,11062.0,10.33,41015.74974680048,76.97265445170795
4108551,Godoy Moreira,41,PR,Paraná,Sul,2970.0,72425.899,87.0,2872.1,302.0,373.0,88.0,11257.213,131.012,2977.0,22.72,24385.82457912458,29.292929292929294
4108601,Goioerê,41,PR,Paraná,Sul,28970.0,1074370.115,1779.0,2951.04,5397.0,7594.0,1819.0,211790.997,564.163,28437.0,50.41,37085.609768726266,61.408353469105975
4108650,Goioxim,41,PR,Paraná,Sul,6531.0,309145.193,197.0,3192.46,643.0,819.0,197.0,26954.734,702.471,6566.0,9.35,47335.04715969989,30.163834022354923
4108700,Grandes Rios,41,PR,Paraná,Sul,5586.0,172727.618,225.0,2624.77,698.0,924.0,230.0,24004.829,314.198,5641.0,17.95,30921.521303258145,40.27926960257788
4108809,Guaíra,41,PR,Paraná,Sul,32966.0,1139934.324,1656.0,2976.23,5661.0,7589.0,1696.0,219581.003,563.742,32097.0,56.94,34579.09130619426,50.23357398531821
4108908,Guairaçá,41,PR,Paraná,Sul,6733.0,273735.642,257.0,3289.68,823.0,1108.0,259.0,35969.931,493.94,6587.0,13.34,40655.820882221895,38.170206445863656
4108957,Guamiranga,41,PR,Paraná,Sul,7961.0,295065.123,321.0,2709.25,892.0,1251.0,322.0,32030.695,244.795,7856.0,32.09,37063.82652933049,40.321567642256
4109005,Guapirama,41,PR,Paraná,Sul,4792.0,176952.362,264.0,2846.33,690.0,961.0,269.0,25079.428,189.1,4626.0,24.46,36926.61978297162,55.09181969949917
4109104,Guaporema,41,PR,Paraná,Sul,2217.0,78139.324,112.0,3456.97,364.0,469.0,112.0,15893.69,201.15,2191.0,10.89,35245.52277852954,50.51871898962562
4109203,Guaraci,41,PR,Paraná,Sul,4762.0,223862.859,215.0,3495.96,770.0,971.0,218.0,34875.023,211.68,4748.0,22.43,47010.2601847963,45.149097018059635
4109302,Guaraniaçu,41,PR,Paraná,Sul,13814.0,512014.492,932.0,2787.14,2217.0,3394.0,946.0,83525.462,1238.32,13735.0,11.09,37064.89735051397,67.46778630374982
4109401,Guarapuava,41,PR,Paraná,Sul,188710.0,8309024.064,11848.0,3624.86,48898.0,64488.0,12449.0,2316919.058,3168.087,182093.0,57.48,44030.650543161464,62.78416618091251
4109500,Guaraqueçaba,41,PR,Paraná,Sul,7474.0,118152.355,209.0,2595.05,553.0,748.0,217.0,18744.86,2011.357,7430.0,3.69,15808.44995986085,27.963607171527965
4109609,Guaratuba,41,PR,Paraná,Sul,44323.0,982124.975,2864.0,2918.38,8091.0,11119.0,2985.0,292898.415,1326.67,42062.0,31.7,22158.35965525799,64.6165647632155
4109658,Honório Serpa,41,PR,Paraná,Sul,4872.0,298545.619,228.0,3550.55,715.0,963.0,235.0,33709.006,502.235,4941.0,9.84,61277.83641215107,46.79802955665024
4109708,Ibaiti,41,PR,Paraná,Sul,29440.0,878433.814,2014.0,2426.38,7336.0,9630.0,2085.0,232507.823,898.221,28830.0,32.1,29838.105095108695,68.41032608695652
4109757,Ibema,41,PR,Paraná,Sul,6327.0,182341.261,315.0,2854.66,1199.0,1531.0,315.0,44370.467,145.446,6218.0,42.75,28819.54496601865,49.786628733997155
4109807,Ibiporã,41,PR,Paraná,Sul,53054.0,3313394.225,2953.0,3365.35,16060.0,19656.0,3041.0,718428.353,297.742,51603.0,173.31,62453.24056621555,55.660270667621674
4109906,Icaraíma,41,PR,Paraná,Sul,9139.0,249549.76,406.0,3016.94,1094.0,1552.0,410.0,43475.16,675.24,8991.0,13.32,27306.024729182624,44.42499179341284
4110003,Iguaraçu,41,PR,Paraná,Sul,5599.0,212504.794,417.0,3021.04,1156.0,1665.0,420.0,46451.138,164.983,5338.0,32.35,37954.06215395607,74.47758528308626
4110052,Iguatu,41,PR,Paraná,Sul,2162.0,83996.237,102.0,3256.98,321.0,412.0,104.0,14443.289,106.937,2144.0,20.05,38851.17345050879,47.17853839037927
4110078,Imbaú,41,PR,Paraná,Sul,14815.0,276155.718,501.0,2798.71,1490.0,2051.0,507.0,55385.464,330.734,14249.0,43.08,18640.27796152548,33.817077286533916
4110102,Imbituva,41,PR,Paraná,Sul,30757.0,1290790.08,1360.0,2631.47,8496.0,10109.0,1388.0,297337.586,756.535,29924.0,39.55,41967.359625451114,44.21757648665345
4110201,Inácio Martins,41,PR,Paraná,Sul,9633.0,265709.397,501.0,2682.84,1588.0,2175.0,511.0,57449.586,936.208,9670.0,10.33,27583.244783556525,52.00872002491435
4110300,Inajá,41,PR,Paraná,Sul,2510.0,58312.051,101.0,3201.58,312.0,389.0,103.0,12539.433,194.704,2536.0,13.02,23231.89282868526,40.2390438247012
4110409,Indianópolis,41,PR,Paraná,Sul,4531.0,507444.081,207.0,3395.02,1321.0,1525.0,210.0,58292.549,122.622,4448.0,36.27,111993.83822555727,45.68527918781726
4110508,Ipiranga,41,PR,Paraná,Sul,14338.0,615189.596,548.0,2885.35,2132.0,2727.0,563.0,77040.022,900.721,14142.0,15.7,42906.23490026503,38.220114381364205
4110607,Iporã,41,PR,Paraná,Sul,16062.0,597061.644,851.0,3087.47,4277.0,5298.0,868.0,154387.38,647.894,15746.0,24.3,37172.31004856182,52.982193998256754
4110656,Iracema do Oeste,41,PR,Paraná,Sul,2344.0,194365.944,97.0,3217.72,410.0,480.0,100.0,16792.823,81.538,2343.0,28.74,82920.62457337884,41.38225255972696
4110706,Irati,41,PR,Paraná,Sul,60796.0,2286210.966,3386.0,2974.47,14012.0,18178.0,3547.0,533512.391,999.517,59250.0,59.28,37604.62803473913,55.69445358247253
4110805,Iretama,41,PR,Paraná,Sul,10843.0,354163.214,353.0,3037.12,1758.0,2134.0,361.0,70134.162,570.459,10684.0,18.73,32662.843677948906,32.555565802822095
4110904,Itaguajé,41,PR,Paraná,Sul,4532.0,121777.881,253.0,2988.05,508.0,777.0,258.0,19324.848,194.353,4481.0,23.06,26870.671006178287,55.8252427184466
4110953,Itaipulândia,41,PR,Paraná,Sul,11984.0,524784.16,635.0,2893.82,3703.0,4460.0,650.0,140247.742,330.846,11485.0,34.71,43790.4005340454,52.987316421895855
4111001,Itambaracá,41,PR,Paraná,Sul,5874.0,223621.876,289.0,2845.7,688.0,1000.0,295.0,29466.539,207.342,5908.0,28.49,38069.77800476677,49.19986380660538
4111100,Itambé,41,PR,Paraná,Sul,6215.0,228333.062,312.0,2948.2,780.0,1123.0,313.0,29752.525,243.822,6111.0,25.06,36739.02847948512,50.201126307321
4111209,Itapejara d'Oeste,41,PR,Paraná,Sul,12766.0,753013.97,849.0,3076.3,4083.0,5139.0,868.0,159013.514,254.014,12344.0,48.6,58985.89769700768,66.50477831740561
4111258,Itaperuçu,41,PR,Paraná,Sul,32890.0,626927.443,1399.0,2345.22,4777.0,6398.0,1419.0,145628.166,322.991,31217.0,96.65,19061.339100030404,42.535725144420795
4111308,Itaúna do Sul,41,PR,Paraná,Sul,3620.0,87749.678,131.0,3131.56,473.0,588.0,133.0,18952.262,128.87,3572.0,27.72,24240.242541436462,36.187845303867405
4111407,Ivaí,41,PR,Paraná,Sul,13473.0,497706.998,505.0,2464.93,1838.0,2418.0,514.0,59551.024,607.848,13229.0,21.76,36941.0671713798,37.482372151710834
4111506,Ivaiporã,41,PR,Paraná,Sul,33529.0,947820.979,2065.0,2660.1,6933.0,9684.0,2135.0,239055.843,436.989,32720.0,74.88,28268.692147096543,61.58847564794655
4111555,Ivaté,41,PR,Paraná,Sul,6833.0,203929.737,286.0,3049.2,1768.0,2066.0,288.0,72641.094,410.156,6831.0,16.65,29844.83199180448,41.85570027806234
4111605,Ivatuba,41,PR,Paraná,Sul,2705.0,143593.268,156.0,2755.27,1070.0,1225.0,158.0,38838.404,96.661,2708.0,28.02,53084.38743068392,57.67097966728281
4111704,Jaboti,41,PR,Paraná,Sul,5576.0,160051.166,263.0,2698.06,594.0,861.0,266.0,20956.451,139.277,5427.0,38.97,28703.58070301291,47.166427546628405
4111803,Jacarezinho,41,PR,Paraná,Sul,41400.0,1598028.734,1966.0,3272.13,11169.0,13545.0,2030.0,476520.213,602.528,40375.0,67.01,38599.727874396136,47.48792270531401
4111902,Jaguapitã,41,PR,Paraná,Sul,15719.0,1049381.706,710.0,3244.06,6370.0,7159.0,733.0,263524.281,475.004,15122.0,31.84,66758.80819390547,45.16826770150773
4112009,Jaguariaíva,41,PR,Paraná,Sul,36231.0,1788852.542,1759.0,3078.61,10109.0,12103.0,1828.0,423870.695,1453.066,35141.0,24.18,49373.53487345091,48.549584609864475
4112108,Jandaia do Sul,41,PR,Paraná,Sul,21851.0,790155.332,1802.0,2969.94,6432.0,8729.0,1843.0,255506.025,187.6,21408.0,114.12,36161.06045489909,82.46762161914786
4112207,Janiópolis,41,PR,Paraná,Sul,5835.0,241935.564,240.0,2827.44,660.0,908.0,243.0,23865.772,335.65,5870.0,17.49,41462.82159383033,41.13110539845758
4112306,Japira,41,PR,Paraná,Sul,5060.0,163418.385,217.0,2779.27,545.0,728.0,220.0,19166.874,187.802,4972.0,26.47,32296.12351778656,42.88537549407115
4112405,Japurá,41,PR,Paraná,Sul,9354.0,321177.772,466.0,3007.63,2606.0,3160.0,479.0,98899.943,165.185,9144.0,55.36,34335.87470600812,49.81825956809921
4112504,Jardim Alegre,41,PR,Paraná,Sul,12130.0,374098.815,707.0,2955.58,1707.0,2547.0,723.0,65273.743,413.386,12004.0,29.04,30840.792662819455,58.28524319868095
4112603,Jardim Olinda,41,PR,Paraná,Sul,1353.0,57043.743,76.0,3099.79,303.0,363.0,77.0,12762.936,128.515,1343.0,10.45,42160.93348115299,56.17147080561715
4112702,Jataizinho,41,PR,Paraná,Sul,11971.0,282675.897,552.0,2865.53,1426.0,2015.0,591.0,53132.34,159.178,11813.0,74.21,23613.390443571967,46.11143597026147
4112751,Jesuítas,41,PR,Paraná,Sul,10860.0,441971.667,463.0,3068.31,1417.0,1921.0,479.0,56440.336,247.496,10506.0,42.45,40697.20690607735,42.63351749539595
4112801,Joaquim Távora,41,PR,Paraná,Sul,12280.0,680976.769,698.0,2348.99,5605.0,6388.0,717.0,172017.811,289.173,11945.0,41.31,55454.13428338762,56.840390879478825
4112900,Jundiaí do Sul,41,PR,Paraná,Sul,3366.0,128060.072,134.0,3037.0,307.0,424.0,140.0,13273.115,320.816,3333.0,10.39,38045.17884729649,39.809863339275104
4112959,Juranda,41,PR,Paraná,Sul,7898.0,440930.587,341.0,2811.28,1182.0,1563.0,348.0,43172.55,354.364,7771.0,21.93,55828.13205874905,43.17548746518106
4113007,Jussara,41,PR,Paraná,Sul,6795.0,405133.1,328.0,3659.22,2666.0,3032.0,335.0,128854.715,210.869,6690.0,31.73,59622.23693892568,48.27078734363503
4113106,Kaloré,41,PR,Paraná,Sul,4657.0,165649.93,242.0,2458.91,666.0,919.0,245.0,22332.918,193.299,4582.0,23.7,35570.09448142581,51.964784195834234
4113205,Lapa,41,PR,Paraná,Sul,45857.0,2841178.919,1887.0,3021.55,9648.0,12045.0,2000.0,370650.627,2093.859,45003.0,21.49,61957.36570207384,41.149660902370414
4113254,Laranjal,41,PR,Paraná,Sul,5575.0,113016.057,149.0,2960.47,465.0,586.0,151.0,19402.386,559.439,5600.0,10.01,20271.938475336323,26.72645739910314
4113304,Laranjeiras do Sul,41,PR,Paraná,Sul,33103.0,1027729.173,1851.0,2896.68,6327.0,8642.0,1902.0,239487.972,673.688,32227.0,47.84,31046.40585445428,55.91638220100897
4113403,Leópolis,41,PR,Paraná,Sul,3751.0,227372.252,166.0,3035.91,540.0,680.0,169.0,21048.862,344.918,3752.0,10.88,60616.43615035991,44.25486536923487
4113429,Lidianópolis,41,PR,Paraná,Sul,3989.0,125681.099,201.0,3025.28,495.0,705.0,204.0,19140.08,151.456,3938.0,26.0,31506.91877663575,50.38856856354976
4113452,Lindoeste,41,PR,Paraná,Sul,5226.0,200870.941,213.0,3362.34,773.0,999.0,215.0,35293.519,347.093,5175.0,14.91,38436.84290088021,40.75774971297359
4113502,Loanda,41,PR,Paraná,Sul,23813.0,697949.589,1909.0,2593.38,6680.0,8940.0,1941.0,224378.234,722.496,23225.0,32.15,29309.60353588376,80.16629572082476
4113601,Lobato,41,PR,Paraná,Sul,4693.0,215563.727,280.0,3505.49,826.0,1106.0,281.0,37321.106,240.904,4601.0,19.1,45933.03366716386,59.663328361389304
4113700,Londrina,41,PR,Paraná,Sul,577318.0,23603697.769,52437.0,3914.66,180120.0,250404.0,55066.0,9083470.791,1652.569,555965.0,336.42,40885.08892672669,90.82862477871814
4113734,Luiziana,41,PR,Paraná,Sul,6696.0,546858.495,291.0,3234.8,992.0,1297.0,312.0,41831.673,916.839,6690.0,7.3,81669.42876344085,43.458781362007166
4113759,Lunardelli,41,PR,Paraná,Sul,4902.0,142209.83,262.0,2596.99,580.0,846.0,267.0,19095.504,199.213,4872.0,24.46,29010.57323541412,53.447572419420645
4113809,Lupionópolis,41,PR,Paraná,Sul,4911.0,131497.619,244.0,2584.09,979.0,1219.0,255.0,31366.673,121.066,4813.0,39.76,26776.139075544696,49.68438199959275
4113908,Mallet,41,PR,Paraná,Sul,13655.0,758396.598,669.0,3405.6,3411.0,4207.0,695.0,152514.984,760.224,13428.0,17.66,55539.846063712925,48.99304284145002
4114005,Mamborê,41,PR,Paraná,Sul,13572.0,793176.968,650.0,3266.34,1768.0,2530.0,663.0,77094.655,788.061,13452.0,17.07,58442.15797229591,47.89272030651341
4114104,Mandaguaçu,41,PR,Paraná,Sul,33752.0,687732.583,1861.0,3295.87,4970.0,7324.0,1938.0,217097.284,294.019,31457.0,106.99,20376.05424863712,55.13747333491349
4114203,Mandaguari,41,PR,Paraná,Sul,38050.0,1835705.759,2343.0,3165.29,14390.0,17394.0,2423.0,599791.481,335.814,36716.0,109.33,48244.56659658344,61.57687253613666
4114302,Mandirituba,41,PR,Paraná,Sul,28761.0,665013.361,1472.0,2871.27,5324.0,7189.0,1516.0,195282.364,379.179,27439.0,72.36,23122.052814575294,51.180417927053995
4114351,Manfrinópolis,41,PR,Paraná,Sul,2761.0,81471.745,144.0,2901.43,491.0,631.0,149.0,19386.982,215.779,2770.0,12.84,29508.05686345527,52.1550162984426
4114401,Mangueirinha,41,PR,Paraná,Sul,16764.0,1773267.653,851.0,3210.56,3255.0,4331.0,882.0,133518.86,1055.458,16603.0,15.73,105778.31382724887,50.76354092102123
4114500,Manoel Ribas,41,PR,Paraná,Sul,14576.0,531488.432,615.0,3085.21,2007.0,2761.0,625.0,84251.079,571.135,14240.0,24.93,36463.25686059275,42.19264544456641
4114609,Marechal Cândido Rondon,41,PR,Paraná,Sul,58140.0,2923748.758,3983.0,3308.52,18821.0,24056.0,4118.0,822765.218,745.748,55836.0,74.87,50288.07633298934,68.50705194358444
4114708,Maria Helena,41,PR,Paraná,Sul,5935.0,134442.814,207.0,2713.66,671.0,865.0,210.0,24558.168,486.224,5865.0,12.06,22652.538163437235,34.87784330244313
4114807,Marialva,41,PR,Paraná,Sul,44098.0,2654432.981,2885.0,3395.61,10437.0,14173.0,2954.0,457397.565,475.564,41851.0,88.0,60193.9539434895,65.42246813914464
4114906,Marilândia do Sul,41,PR,Paraná,Sul,8774.0,466433.33,406.0,2923.67,1236.0,1663.0,416.0,47133.021,384.424,8677.0,22.57,53160.85365853659,46.273079553225436
4115002,Marilena,41,PR,Paraná,Sul,7409.0,174490.253,309.0,2620.78,961.0,1272.0,321.0,35312.648,232.363,7253.0,31.21,23551.120664057227,41.706033202861384
4115101,Mariluz,41,PR,Paraná,Sul,9934.0,284358.876,352.0,3019.17,860.0,1240.0,357.0,34982.383,433.17,9847.0,22.73,28624.81135494262,35.433863499094016
4115200,Maringá,41,PR,Paraná,Sul,425983.0,22655737.622,51804.0,3724.22,176848.0,246449.0,54186.0,8588020.625,487.012,409657.0,841.16,53184.60507109439,121.610486803464
4115309,Mariópolis,41,PR,Paraná,Sul,6475.0,439910.968,462.0,3644.53,1387.0,1886.0,480.0,65987.439,230.365,6371.0,27.66,67939.91783783784,71.35135135135135
4115358,Maripá,41,PR,Paraná,Sul,6767.0,478110.087,323.0,3438.57,1365.0,1759.0,333.0,61056.264,283.793,6555.0,23.1,70653.18265110093,47.731638835525345
4115408,Marmeleiro,41,PR,Paraná,Sul,16386.0,635103.979,1204.0,3066.77,3432.0,4887.0,1226.0,135406.497,387.612,15901.0,41.02,38758.93927743196,73.47735872085927
4115457,Marquinho,41,PR,Paraná,Sul,4521.0,111453.673,142.0,3476.71,414.0,540.0,143.0,18180.58,503.858,4504.0,8.94,24652.438177394382,31.408980314089806
4115507,Marumbi,41,PR,Paraná,Sul,4778.0,103450.896,256.0,2265.16,787.0,1064.0,257.0,23046.203,208.47,4699.0,22.54,21651.50606948514,53.57890330682294
4115606,Matelândia,41,PR,Paraná,Sul,19022.0,1096365.724,928.0,2711.07,11921.0,13062.0,949.0,409575.834,639.746,18450.0,28.84,57636.721900956785,48.78561665440017
4115705,Matinhos,41,PR,Paraná,Sul,41416.0,892231.734,3018.0,2943.45,7434.0,10121.0,3135.0,276345.382,117.899,39259.0,332.99,21543.165298435386,72.87038825574658
4115739,Mato Rico,41,PR,Paraná,Sul,3237.0,123186.692,117.0,2915.8,484.0,592.0,119.0,16895.567,394.533,3267.0,8.28,38055.82082174853,36.144578313253014
4115754,Mauá da Serra,41,PR,Paraná,Sul,9628.0,373698.444,545.0,2334.8,2696.0,3298.0,553.0,83366.132,108.324,9383.0,86.62,38813.7145824678,56.60573327793934
4115804,Medianeira,41,PR,Paraná,Sul,57120.0,2442039.62,3771.0,3334.66,21763.0,26686.0,3880.0,946521.034,328.732,54369.0,165.39,42752.79446778711,66.01890756302521
4115853,Mercedes,41,PR,Paraná,Sul,6136.0,278211.31,319.0,3370.16,1122.0,1525.0,322.0,48063.113,197.136,5931.0,30.09,45340.82627118644,51.98826597131682
4115903,Mirador,41,PR,Paraná,Sul,2258.0,126634.554,59.0,2897.85,374.0,405.0,61.0,14691.748,221.708,2238.0,10.09,56082.619131975196,26.12931798051373
4116000,Miraselva,41,PR,Paraná,Sul,2008.0,52323.939,114.0,2885.6,272.0,371.0,130.0,9883.495,90.294,1966.0,21.77,26057.738545816734,56.77290836653386
4116059,Missal,41,PR,Paraná,Sul,11301.0,466419.767,760.0,3569.13,1782.0,2688.0,774.0,85705.718,324.397,11064.0,34.11,41272.43314750907,67.25068578001947
4116109,Moreira Sales,41,PR,Paraná,Sul,11137.0,306144.078,396.0,3047.58,1828.0,2276.0,403.0,69204.942,353.772,11175.0,31.59,27488.91784142947,35.5571518362216
4116208,Morretes,41,PR,Paraná,Sul,18908.0,389210.593,829.0,2917.71,2659.0,3612.0,861.0,106451.731,684.58,18309.0,26.74,20584.440078273747,43.843875608208165
4116307,Munhoz de Melo,41,PR,Paraná,Sul,4045.0,136928.671,229.0,2789.18,518.0,751.0,234.0,19157.959,137.018,3951.0,28.84,33851.340173053155,56.61310259579728
4116406,Nossa Senhora das Graças,41,PR,Paraná,Sul,3685.0,99515.465,235.0,2621.93,412.0,668.0,236.0,13941.48,185.769,3669.0,19.75,27005.55359565807,63.772048846675716
4116505,Nova Aliança do Ivaí,41,PR,Paraná,Sul,1327.0,51926.168,76.0,2877.0,280.0,343.0,76.0,11121.203,131.272,1323.0,10.08,39130.495855312736,57.27204220045215
4116604,Nova América da Colina,41,PR,Paraná,Sul,3299.0,97599.777,146.0,3675.47,390.0,543.0,148.0,20651.973,129.476,3280.0,25.33,29584.655046983935,44.25583510154593
4116703,Nova Aurora,41,PR,Paraná,Sul,14219.0,819755.13,743.0,2790.46,3498.0,4441.0,767.0,130335.893,470.642,13765.0,29.25,57652.09438075814,52.25402630283424
4116802,Nova Cantu,41,PR,Paraná,Sul,6799.0,348087.333,273.0,2996.13,701.0,976.0,276.0,28263.032,555.488,6790.0,12.22,51196.84262391528,40.152963671128106
4116901,Nova Esperança,41,PR,Paraná,Sul,27142.0,943181.172,1597.0,2797.18,5474.0,7361.0,1623.0,202203.757,401.587,26585.0,66.2,34749.87738560165,58.83870016947903
4116950,Nova Esperança do Sudoeste,41,PR,Paraná,Sul,5744.0,164792.007,321.0,2951.96,1275.0,1615.0,323.0,46895.576,208.472,5597.0,26.85,28689.416260445683,55.88440111420613
4117008,Nova Fátima,41,PR,Paraná,Sul,7201.0,314928.09,355.0,3119.34,1017.0,1402.0,365.0,38624.804,283.423,7225.0,25.49,43733.93834189696,49.29870851270657
4117057,Nova Laranjeiras,41,PR,Paraná,Sul,12287.0,308283.982,320.0,3004.38,851.0,1188.0,326.0,34169.372,1210.205,12074.0,9.98,25090.25653129324,26.043786115406526
4117107,Nova Londrina,41,PR,Paraná,Sul,13085.0,442935.123,888.0,2933.21,4456.0,5508.0,911.0,173357.418,269.389,12923.0,47.97,33850.60168131448,67.86396637371035
4117206,Nova Olímpia,41,PR,Paraná,Sul,5960.0,109207.309,308.0,2622.01,995.0,1312.0,308.0,34234.792,136.347,5833.0,42.78,18323.37399328859,51.67785234899329
4117214,Nova Santa Bárbara,41,PR,Paraná,Sul,4280.0,110741.688,203.0,3179.47,436.0,644.0,208.0,17781.893,76.887,4184.0,54.42,25874.2261682243,47.429906542056074
4117222,Nova Santa Rosa,41,PR,Paraná,Sul,8535.0,439747.217,535.0,3169.04,1957.0,2632.0,542.0,82410.75,204.665,8322.0,40.66,51522.81394258934,62.6830697129467
4117255,Nova Prata do Iguaçu,41,PR,Paraná,Sul,13196.0,492498.387,675.0,2970.08,1829.0,2590.0,684.0,69817.603,352.565,12699.0,36.02,37321.79349802971,51.15186420127311
4117271,Nova Tebas,41,PR,Paraná,Sul,6870.0,189787.742,196.0,2911.57,750.0,936.0,200.0,27412.065,545.686,6848.0,12.55,27625.581077147017,28.529839883551674
4117297,Novo Itacolomi,41,PR,Paraná,Sul,3210.0,91406.773,170.0,2786.34,650.0,828.0,170.0,24370.118,161.411,3125.0,19.36,28475.630218068534,52.9595015576324
4117305,Ortigueira,41,PR,Paraná,Sul,24627.0,2726429.788,914.0,4930.66,6426.0,7402.0,946.0,426625.047,2429.52,24192.0,9.96,110708.96934259146,37.113736955374186
4117404,Ourizona,41,PR,Paraná,Sul,3206.0,166695.524,168.0,3168.69,368.0,548.0,169.0,15651.672,176.457,3187.0,18.06,51994.86088583905,52.40174672489083
4117453,Ouro Verde do Oeste,41,PR,Paraná,Sul,7031.0,318622.099,269.0,3219.85,1040.0,1353.0,276.0,42332.737,293.042,6785.0,23.15,45316.754231261555,38.25913810268809
4117503,Paiçandu,41,PR,Paraná,Sul,48207.0,1057696.252,1748.0,2566.14,8903.0,11034.0,1811.0,296676.98,171.379,45962.0,268.19,21940.719231646857,36.26029414815276
4117602,Palmas,41,PR,Paraná,Sul,49891.0,1616524.984,2195.0,3019.74,12173.0,14789.0,2274.0,469337.126,1557.903,48247.0,30.97,32401.134152452345,43.99591108616785
4117701,Palmeira,41,PR,Paraná,Sul,34806.0,1642025.795,2003.0,3097.15,8242.0,10775.0,2075.0,331235.696,1470.072,33855.0,23.03,47176.51539964374,57.54754927311383
4117800,Palmital,41,PR,Paraná,Sul,12967.0,330836.945,564.0,2885.24,1606.0,2204.0,573.0,57925.284,817.647,13033.0,15.94,25513.76147142747,43.49502583481144
4117909,Palotina,41,PR,Paraná,Sul,36623.0,2815814.961,2511.0,3437.55,19356.0,22823.0,2612.0,842414.563,651.238,35011.0,53.76,76886.51833547224,68.56347104278731
4118006,Paraíso do Norte,41,PR,Paraná,Sul,13634.0,377239.361,537.0,3168.65,5172.0,5832.0,551.0,215028.418,204.564,13245.0,64.75,27669.01576940003,39.386827050022006
4118105,Paranacity,41,PR,Paraná,Sul,9597.0,325522.446,425.0,3216.13,2571.0,3013.0,435.0,108540.847,348.631,9557.0,27.41,33919.18787120975,44.28467229342503
4118204,Paranaguá,41,PR,Paraná,Sul,149819.0,13646907.618,7767.0,3791.81,46381.0,54980.0,8343.0,2216465.52,822.838,145829.0,177.23,91089.29854023855,51.84255668506665
4118303,Paranapoema,41,PR,Paraná,Sul,2378.0,92021.007,132.0,2800.4,430.0,581.0,135.0,15984.443,175.875,2398.0,13.63,38696.806980656016,55.508830950378474
4118402,Paranavaí,41,PR,Paraná,Sul,95525.0,3179797.793,6196.0,3066.68,24314.0,32604.0,6422.0,989986.761,1202.266,92001.0,76.52,33287.59793771264,64.86260141324261
4118451,Pato Bragado,41,PR,Paraná,Sul,5939.0,243482.555,423.0,3199.84,1439.0,1956.0,429.0,60675.584,135.6,5733.0,42.28,40997.231015322446,71.2241118033339
4118501,Pato Branco,41,PR,Paraná,Sul,96602.0,4548085.634,8647.0,3646.16,35704.0,47918.0,9113.0,1665397.291,539.087,91836.0,170.35,47080.65706714147,89.51160431461045
4118600,Paula Freitas,41,PR,Paraná,Sul,5778.0,439961.842,293.0,2754.42,1087.0,1417.0,296.0,38149.263,421.409,5666.0,13.45,76144.31325718241,50.709588092765664
4118709,Paulo Frontin,41,PR,Paraná,Sul,6369.0,396724.318,329.0,3205.54,725.0,1099.0,342.0,32318.777,363.351,6343.0,17.46,62289.89134872036,51.656460982885854
4118808,Peabiru,41,PR,Paraná,Sul,13496.0,454228.595,708.0,3046.55,1687.0,2554.0,725.0,65628.4,468.594,13346.0,28.48,33656.5348992294,52.459988144635446
4118857,Perobal,41,PR,Paraná,Sul,7496.0,281883.029,309.0,3016.56,1026.0,1353.0,317.0,39777.568,409.05,7189.0,17.57,37604.459578441834,41.221985058697975
4118907,Pérola,41,PR,Paraná,Sul,12275.0,359685.256,723.0,2791.99,1953.0,2727.0,740.0,71687.592,236.186,11878.0,50.29,29302.26118126273,58.900203665987775
4119004,Pérola d'Oeste,41,PR,Paraná,Sul,6235.0,237951.966,493.0,2878.9,938.0,1524.0,502.0,36000.196,205.279,6221.0,30.31,38163.90793905373,79.06976744186046
4119103,Piên,41,PR,Paraná,Sul,14179.0,919728.788,618.0,3555.0,3197.0,3869.0,629.0,143819.852,254.792,13655.0,53.59,64865.56089992242,43.5855843148318
4119152,Pinhais,41,PR,Paraná,Sul,131199.0,7962953.714,10886.0,3441.27,51291.0,65190.0,11251.0,2272801.021,60.869,127019.0,2086.76,60693.70737581841,82.97319339324233
4119202,Pinhalão,41,PR,Paraná,Sul,6707.0,251475.037,326.0,2853.18,715.0,1021.0,338.0,27442.728,220.625,6566.0,29.76,37494.4143432235,48.605934098702846
4119251,Pinhal de São Bento,41,PR,Paraná,Sul,2819.0,80246.248,120.0,2736.81,406.0,510.0,121.0,14669.756,97.463,2761.0,28.33,28466.2107130188,42.56828662646329
4119301,Pinhão,41,PR,Paraná,Sul,30472.0,1794773.096,956.0,2872.17,3485.0,4524.0,989.0,128012.6,2001.588,29886.0,14.93,58899.090837490156,31.373063796271985
4119400,Piraí do Sul,41,PR,Paraná,Sul,24000.0,1191670.094,919.0,3697.27,3578.0,4577.0,946.0,175327.791,1345.417,23651.0,17.58,49652.92058333333,38.29166666666667
4119509,Piraquara,41,PR,Paraná,Sul,124934.0,1543846.668,3485.0,3367.25,10779.0,14773.0,3582.0,473052.807,227.042,118730.0,522.94,12357.297997342597,27.894728416603968
4119608,Pitanga,41,PR,Paraná,Sul,34513.0,1140789.943,1817.0,2954.49,6541.0,8855.0,1876.0,239466.058,1663.747,33567.0,20.18,33053.92005910816,52.64682873120274
4119657,Pitangueiras,41,PR,Paraná,Sul,3121.0,121843.059,172.0,2961.44,421.0,577.0,175.0,16335.027,123.229,3046.0,24.72,39039.74975969241,55.110541493111185
4119707,Planaltina do Paraná,41,PR,Paraná,Sul,4123.0,103914.117,233.0,2972.49,755.0,1011.0,235.0,30195.537,356.192,4070.0,11.43,25203.520979869027,56.51224836284259
4119806,Planalto,41,PR,Paraná,Sul,14663.0,425325.992,617.0,3019.31,2314.0,3108.0,629.0,90866.834,346.241,14374.0,41.51,29006.75114233104,42.07870149355521
4119905,Ponta Grossa,41,PR,Paraná,Sul,372562.0,19490249.029,25540.0,3395.11,103951.0,137189.0,27409.0,4525663.799,2054.732,358371.0,174.41,52314.108870469885,68.55234833396858
4119954,Pontal do Paraná,41,PR,Paraná,Sul,32426.0,653317.14,2161.0,2724.17,5048.0,7396.0,2281.0,176669.389,200.41,30425.0,151.81,20147.941158329737,66.64405107012891
4120002,Porecatu,41,PR,Paraná,Sul,11438.0,554196.448,640.0,2239.51,2078.0,2721.0,690.0,66699.82,291.663,11624.0,39.85,48452.216121699596,55.95383808358105
4120101,Porto Amazonas,41,PR,Paraná,Sul,4099.0,163130.609,252.0,4947.39,1595.0,1855.0,266.0,116035.149,186.581,4098.0,21.96,39797.66016101488,61.47840936813857
4120150,Porto Barreiro,41,PR,Paraná,Sul,3078.0,170012.504,109.0,4176.24,327.0,423.0,110.0,18377.013,361.02,3110.0,8.61,55234.73164392463,35.41260558804418
4120200,Porto Rico,41,PR,Paraná,Sul,3316.0,108610.676,358.0,3503.11,847.0,1245.0,363.0,36817.14,217.676,3182.0,14.62,32753.52110977081,107.96139927623643
4120309,Porto Vitória,41,PR,Paraná,Sul,3549.0,98738.28,174.0,2649.33,626.0,832.0,177.0,21582.277,213.013,3562.0,16.72,27821.437024513947,49.02789518174133
4120333,Prado Ferreira,41,PR,Paraná,Sul,3799.0,170927.492,181.0,2782.83,854.0,1026.0,183.0,28404.219,152.876,3709.0,24.26,44992.75914714399,47.644116872861275
4120358,Pranchita,41,PR,Paraná,Sul,5833.0,329443.205,401.0,2917.03,1449.0,1927.0,405.0,56420.6,226.14,5737.0,25.37,56479.20538316475,68.74678553060174
4120408,Presidente Castelo Branco,41,PR,Paraná,Sul,4336.0,147400.187,227.0,2950.34,614.0,856.0,231.0,24137.547,155.734,4336.0,27.84,33994.50807195572,52.35239852398524
4120507,Primeiro de Maio,41,PR,Paraná,Sul,10121.0,371262.272,528.0,3354.82,1403.0,2055.0,540.0,61355.196,414.442,10082.0,24.33,36682.37051674736,52.16875802786286
4120606,Prudentópolis,41,PR,Paraná,Sul,50428.0,1571729.702,2189.0,2765.32,8353.0,11045.0,2281.0,301794.913,2247.141,49393.0,21.98,31167.797691758547,43.40842389148886
4120655,Quarto Centenário,41,PR,Paraná,Sul,4170.0,363003.241,165.0,3329.04,703.0,888.0,171.0,30579.013,321.875,4201.0,13.05,87051.13693045563,39.568345323741006
4120705,Quatiguá,41,PR,Paraná,Sul,8357.0,212113.508,432.0,2754.68,1479.0,2004.0,436.0,54675.356,112.689,8099.0,71.87,25381.537393801602,51.693191336604045
4120804,Quatro Barras,41,PR,Paraná,Sul,25109.0,1941119.71,1676.0,4325.93,10751.0,12726.0,1709.0,614290.826,180.471,24191.0,134.04,77307.72671153769,66.7489744713051
4120853,Quatro Pontes,41,PR,Paraná,Sul,4636.0,253566.971,376.0,3626.72,1108.0,1560.0,378.0,52837.618,114.393,4480.0,39.16,54695.20513373598,81.1044003451251
4120903,Quedas do Iguaçu,41,PR,Paraná,Sul,31405.0,1466516.773,1728.0,2885.37,5167.0,7343.0,1756.0,196560.194,821.503,30738.0,37.42,46696.920012736824,55.02308549594014
4121000,Querência do Norte,41,PR,Paraná,Sul,10693.0,261215.656,383.0,3282.87,1153.0,1559.0,390.0,51234.092,914.763,10685.0,11.68,24428.65949686711,35.81782474516038
4121109,Quinta do Sol,41,PR,Paraná,Sul,5060.0,257470.657,212.0,3049.22,646.0,850.0,215.0,24550.533,326.177,5001.0,15.33,50883.5290513834,41.89723320158103
4121208,Quitandinha,41,PR,Paraná,Sul,18823.0,509136.952,601.0,3336.28,1874.0,2523.0,609.0,80192.889,447.024,18398.0,41.16,27048.661318599585,31.929023003771984
4121257,Ramilândia,41,PR,Paraná,Sul,4293.0,113773.899,140.0,3463.04,386.0,506.0,143.0,16821.973,237.196,4221.0,17.8,26502.1893780573,32.611227579781044
4121307,Rancho Alegre,41,PR,Paraná,Sul,3501.0,185650.888,151.0,2978.09,397.0,534.0,151.0,15535.221,167.646,3512.0,20.95,53027.960011425304,43.130534133104824
4121356,Rancho Alegre D'Oeste,41,PR,Paraná,Sul,2638.0,234807.489,107.0,3647.5,366.0,462.0,108.0,17607.068,241.386,2618.0,10.85,89009.66224412434,40.561031084154656
4121406,Realeza,41,PR,Paraná,Sul,19903.0,743081.796,1659.0,2915.57,4403.0,6419.0,1689.0,172762.334,353.416,19247.0,54.46,37335.16535195699,83.35426820077376
4121505,Rebouças,41,PR,Paraná,Sul,14754.0,536431.983,693.0,2691.64,1993.0,2689.0,704.0,72763.821,481.84,14514.0,30.12,36358.41012606751,46.9703131354209
4121604,Renascença,41,PR,Paraná,Sul,6946.0,422523.253,477.0,3237.13,1303.0,1879.0,483.0,57021.975,425.273,6845.0,16.1,60829.722574143394,68.67261733371726
4121703,Reserva,41,PR,Paraná,Sul,24851.0,757377.691,1140.0,2916.66,3535.0,4814.0,1173.0,130867.745,1635.535,24573.0,15.02,30476.749064423966,45.8734054967607
4121752,Reserva do Iguaçu,41,PR,Paraná,Sul,6543.0,260028.165,242.0,3224.18,816.0,1055.0,242.0,34331.599,834.232,6553.0,7.86,39741.428243924805,36.986092006724746
4121802,Ribeirão Claro,41,PR,Paraná,Sul,12770.0,383690.811,582.0,3039.47,2395.0,3081.0,595.0,96200.463,629.224,12364.0,19.65,30046.26554424432,45.57556773688332
4121901,Ribeirão do Pinhal,41,PR,Paraná,Sul,13180.0,338041.27,579.0,2955.2,1920.0,2504.0,598.0,59566.131,374.732,13060.0,34.85,25648.04779969651,43.93019726858877
4122008,Rio Azul,41,PR,Paraná,Sul,14214.0,729564.104,552.0,3440.05,2369.0,2965.0,589.0,102893.296,599.056,14025.0,23.41,51327.14957084564,38.83495145631068
4122107,Rio Bom,41,PR,Paraná,Sul,3223.0,104362.268,125.0,2060.77,686.0,787.0,127.0,15622.313,177.836,3197.0,17.98,32380.47409246044,38.783741855414206
4122156,Rio Bonito do Iguaçu,41,PR,Paraná,Sul,14234.0,441513.901,363.0,2906.36,1218.0,1611.0,372.0,48027.858,681.406,13929.0,20.44,31018.259168188844,25.502318392581145
4122172,Rio Branco do Ivaí,41,PR,Paraná,Sul,3850.0,115553.596,156.0,2767.4,488.0,630.0,159.0,17003.459,376.109,3808.0,10.12,30013.921038961038,40.51948051948052
4122206,Rio Branco do Sul,41,PR,Paraná,Sul,39307.0,1375599.077,1298.0,3253.6,6846.0,8411.0,1339.0,281711.677,811.425,37558.0,46.29,34996.28760780523,33.022108021472
4122305,Rio Negro,41,PR,Paraná,Sul,31992.0,1298354.286,1845.0,3124.65,8034.0,10226.0,1912.0,324321.919,604.138,31324.0,51.85,40583.71736684171,57.670667666916735
4122404,Rolândia,41,PR,Paraná,Sul,74935.0,3574944.697,4554.0,3116.99,26342.0,32276.0,4696.0,1068835.945,459.024,71670.0,156.14,47707.27559885234,60.77266964702743
4122503,Roncador,41,PR,Paraná,Sul,11371.0,598091.415,465.0,3205.17,1403.0,1879.0,479.0,59179.855,742.121,11251.0,15.16,52597.961041245275,40.89350101134465
4122602,Rondon,41,PR,Paraná,Sul,9240.0,350063.589,512.0,2876.43,3510.0,4118.0,524.0,132804.995,555.125,9097.0,16.39,37885.669805194804,55.41125541125541
4122651,Rosário do Ivaí,41,PR,Paraná,Sul,5491.0,129867.926,190.0,2505.62,628.0,824.0,195.0,20823.628,377.47,5435.0,14.4,23651.05190311419,34.602076124567475
4122701,Sabáudia,41,PR,Paraná,Sul,9320.0,705317.693,834.0,2845.54,4166.0,5290.0,842.0,161800.265,190.329,8822.0,46.35,75677.864055794,89.48497854077253
4122800,Salgado Filho,41,PR,Paraná,Sul,4097.0,124340.658,261.0,2480.99,675.0,971.0,263.0,22589.558,181.015,4075.0,22.51,30349.196485233097,63.70515010983646
4122909,Salto do Itararé,41,PR,Paraná,Sul,5267.0,103655.531,175.0,2641.38,625.0,764.0,183.0,21072.13,200.52,5192.0,25.89,19680.184355420544,33.22574520599962
4123006,Salto do Lontra,41,PR,Paraná,Sul,15636.0,529891.174,854.0,2730.04,2453.0,3439.0,864.0,88950.168,312.717,15223.0,48.68,33889.17715528268,54.61754924533128
4123105,Santa Amélia,41,PR,Paraná,Sul,3386.0,100856.439,139.0,2942.03,392.0,508.0,143.0,14994.864,78.045,3394.0,43.49,29786.308033077377,41.05138806851742
4123204,Santa Cecília do Pavão,41,PR,Paraná,Sul,3375.0,153510.076,161.0,2739.83,456.0,583.0,162.0,16720.052,105.076,3365.0,32.02,45484.466962962964,47.70370370370371
4123303,Santa Cruz de Monte Castelo,41,PR,Paraná,Sul,8806.0,375095.755,499.0,2437.96,1143.0,1694.0,509.0,39836.117,442.013,8613.0,19.49,42595.47524415171,56.66590960708608
4123402,Santa Fé,41,PR,Paraná,Sul,11669.0,319673.941,790.0,2489.84,2646.0,3573.0,804.0,84132.533,276.241,11378.0,41.19,27395.144485388635,67.70074556517268
4123501,Santa Helena,41,PR,Paraná,Sul,26341.0,1465190.723,1446.0,3494.31,5524.0,7277.0,1496.0,249413.519,754.701,25492.0,33.78,55623.95972058768,54.89541019703125
4123600,Santa Inês,41,PR,Paraná,Sul,1760.0,51485.304,86.0,3038.14,214.0,286.0,86.0,8844.687,156.935,1748.0,11.14,29253.013636363637,48.86363636363637
4123709,Santa Isabel do Ivaí,41,PR,Paraná,Sul,9059.0,253122.708,434.0,2841.03,1368.0,1884.0,448.0,49264.282,349.497,8912.0,25.5,27941.57280052986,47.90815763329285
4123808,Santa Izabel do Oeste,41,PR,Paraná,Sul,14385.0,466992.004,645.0,2888.95,2515.0,3283.0,658.0,92605.993,321.182,14070.0,43.81,32463.81675356274,44.83837330552659
4123824,Santa Lúcia,41,PR,Paraná,Sul,3657.0,140108.196,172.0,3044.02,536.0,716.0,173.0,22307.689,126.813,3644.0,28.74,38312.33141919606,47.03308722996992
4123857,Santa Maria do Oeste,41,PR,Paraná,Sul,9985.0,267309.565,292.0,3105.5,950.0,1232.0,296.0,37125.61,836.669,9934.0,11.87,26771.113169754633,29.243865798698046
4123907,Santa Mariana,41,PR,Paraná,Sul,11034.0,493066.45,584.0,3141.27,1397.0,2036.0,606.0,57480.187,427.193,11066.0,25.9,44686.10204821461,52.927315570056194
4123956,Santa Mônica,41,PR,Paraná,Sul,3373.0,91009.448,119.0,2811.97,567.0,668.0,120.0,20478.059,259.957,3356.0,12.91,26981.751556477913,35.2801660243107
4124004,Santana do Itararé,41,PR,Paraná,Sul,5628.0,171601.241,241.0,2607.32,752.0,982.0,246.0,24545.484,251.269,5514.0,21.94,30490.625621890547,42.821606254442074
4124020,Santa Tereza do Oeste,41,PR,Paraná,Sul,13749.0,582094.99,826.0,3283.53,2837.0,3806.0,836.0,126112.625,326.19,13174.0,40.39,42337.26016437559,60.07709651611026
4124053,Santa Terezinha de Itaipu,41,PR,Paraná,Sul,25055.0,687337.384,1075.0,3115.22,3867.0,5205.0,1091.0,155213.807,268.258,24262.0,90.44,27433.142446617443,42.90560766314109
4124103,Santo Antônio da Platina,41,PR,Paraná,Sul,45534.0,1505597.098,2988.0,2741.74,11323.0,15109.0,3127.0,381917.197,721.472,44369.0,61.5,33065.33794527166,65.62129397812623
4124202,Santo Antônio do Caiuá,41,PR,Paraná,Sul,2496.0,54056.272,107.0,2972.01,365.0,453.0,110.0,14726.523,219.068,2493.0,11.38,21657.160256410258,42.868589743589745
4124301,Santo Antônio do Paraíso,41,PR,Paraná,Sul,2116.0,106891.728,117.0,2343.06,390.0,484.0,122.0,11783.973,167.014,2125.0,12.72,50515.93950850661,55.2930056710775
4124400,Santo Antônio do Sudoeste,41,PR,Paraná,Sul,24644.0,648290.483,1152.0,2555.83,4693.0,6070.0,1197.0,158552.589,325.651,23673.0,72.69,26306.21989125142,46.74565817237462
4124509,Santo Inácio,41,PR,Paraná,Sul,6397.0,532112.095,314.0,3416.13,4730.0,5056.0,318.0,211331.597,280.133,6181.0,22.06,83181.50617476943,49.08550883226513
4124608,São Carlos do Ivaí,41,PR,Paraná,Sul,6712.0,396026.15,374.0,3440.26,1836.0,2279.0,378.0,86976.346,225.079,6587.0,29.27,59002.70411203814,55.72109654350417
4124707,São Jerônimo da Serra,41,PR,Paraná,Sul,10913.0,322890.8,343.0,2826.14,909.0,1251.0,350.0,33655.531,823.774,10830.0,13.15,29587.721066617796,31.430404105195638
4124806,São João,41,PR,Paraná,Sul,12230.0,890618.086,772.0,2172.73,4311.0,5242.0,794.0,116099.223,388.059,11886.0,30.63,72822.41095666394,63.12346688470973
4124905,São João do Caiuá,41,PR,Paraná,Sul,5620.0,154592.159,206.0,3108.98,603.0,812.0,209.0,24849.805,304.413,5586.0,18.35,27507.501601423486,36.654804270462634
4125001,São João do Ivaí,41,PR,Paraná,Sul,10700.0,361196.527,491.0,2598.4,1493.0,2002.0,502.0,48562.38,353.331,10667.0,30.19,33756.68476635514,45.887850467289724
4125100,São João do Triunfo,41,PR,Paraná,Sul,13923.0,579555.327,420.0,3497.54,1157.0,1614.0,429.0,53270.829,720.407,13726.0,19.05,41625.750700280114,30.165912518853695
4125209,São Jorge d'Oeste,41,PR,Paraná,Sul,9550.0,473334.492,660.0,3037.33,2339.0,3083.0,677.0,92056.68,379.545,9378.0,24.71,49563.82115183246,69.10994764397905
4125308,São Jorge do Ivaí,41,PR,Paraná,Sul,5193.0,401315.432,293.0,3094.53,846.0,1174.0,301.0,34744.448,315.088,5168.0,16.4,77280.07548623146,56.42210668207202
4125357,São Jorge do Patrocínio,41,PR,Paraná,Sul,6659.0,145367.402,273.0,2856.92,1013.0,1319.0,280.0,38606.205,406.413,6504.0,16.0,21830.2150473044,40.99714671872653
4125407,São José da Boa Vista,41,PR,Paraná,Sul,6060.0,229784.755,244.0,2826.11,689.0,940.0,251.0,26837.007,399.667,6040.0,15.11,37918.276402640266,40.26402640264026
4125456,São José das Palmeiras,41,PR,Paraná,Sul,4030.0,99024.445,171.0,3119.0,402.0,587.0,173.0,16492.888,182.419,3957.0,21.69,24571.822580645163,42.4317617866005
4125506,São José dos Pinhais,41,PR,Paraná,Sul,345644.0,27008910.46,22934.0,4372.18,127577.0,154571.0,24239.0,7191719.909,946.435,329628.0,348.28,78140.83409519622,66.35150617398249
4125555,São Manoel do Paraná,41,PR,Paraná,Sul,2173.0,62337.796,116.0,2911.14,588.0,680.0,117.0,22009.794,95.381,2138.0,22.42,28687.434882650712,53.382420616659
4125605,São Mateus do Sul,41,PR,Paraná,Sul,43413.0,1516857.792,2044.0,2869.83,11754.0,14277.0,2151.0,421653.228,1341.714,42366.0,31.58,34940.17441780112,47.08267108930505
4125704,São Miguel do Iguaçu,41,PR,Paraná,Sul,30198.0,1470080.6,1542.0,3055.6,7434.0,9405.0,1583.0,292495.693,851.917,29122.0,34.18,48681.38949599311,51.06298430359627
4125753,São Pedro do Iguaçu,41,PR,Paraná,Sul,5769.0,247153.768,230.0,3462.52,727.0,973.0,240.0,33143.305,308.324,5784.0,18.76,42841.70012133819,39.86826139712255
4125803,São Pedro do Ivaí,41,PR,Paraná,Sul,8611.0,370121.142,535.0,2829.92,1671.0,2350.0,537.0,64773.948,322.692,8690.0,26.93,42982.36464986645,62.129833933341075
4125902,São Pedro do Paraná,41,PR,Paraná,Sul,2722.0,90322.814,181.0,3001.15,706.0,920.0,183.0,27479.763,250.654,2661.0,10.62,33182.51800146951,66.49522409992653
4126009,São Sebastião da Amoreira,41,PR,Paraná,Sul,8100.0,300151.913,312.0,2052.95,1479.0,1791.0,320.0,34647.287,226.872,8063.0,35.54,37055.79172839506,38.51851851851852
4126108,São Tomé,41,PR,Paraná,Sul,5290.0,163463.025,222.0,2505.47,929.0,1161.0,224.0,29768.013,218.623,5232.0,23.93,30900.38279773157,41.965973534971646
4126207,Sapopema,41,PR,Paraná,Sul,6784.0,153879.679,278.0,2723.41,1596.0,1873.0,286.0,48350.304,677.609,6695.0,9.88,22682.735701650945,40.97877358490566
4126256,Sarandi,41,PR,Paraná,Sul,125785.0,2072734.634,4842.0,2971.92,15856.0,21745.0,4992.0,619354.071,103.501,118455.0,1144.48,16478.39276543308,38.49425607186866
4126272,Saudade do Iguaçu,41,PR,Paraná,Sul,6342.0,786318.103,349.0,3949.87,1021.0,1405.0,350.0,52889.316,152.084,6108.0,40.16,123985.82513402712,55.02995900346894
4126306,Sengés,41,PR,Paraná,Sul,17344.0,664789.659,774.0,2800.5,4307.0,5098.0,800.0,184022.321,1441.333,17270.0,11.98,38329.66207333948,44.62638376383764
4126355,Serranópolis do Iguaçu,41,PR,Paraná,Sul,5138.0,291329.027,248.0,3355.25,663.0,938.0,252.0,29629.042,482.394,5007.0,10.38,56700.86161930712,48.26780848579214
4126405,Sertaneja,41,PR,Paraná,Sul,5667.0,416451.057,320.0,3563.33,890.0,1230.0,327.0,42541.413,444.492,5616.0,12.63,73487.04023292748,56.46726663137463
4126504,Sertanópolis,41,PR,Paraná,Sul,16183.0,690779.648,1291.0,2718.87,4462.0,6215.0,1315.0,151567.247,505.532,15930.0,31.51,42685.512451337825,79.77507260705679
4126603,Siqueira Campos,41,PR,Paraná,Sul,23712.0,706556.119,1745.0,2461.43,7407.0,9543.0,1815.0,236631.751,278.035,22811.0,82.04,29797.40717780027,73.59143049932523
4126652,Sulina,41,PR,Paraná,Sul,3495.0,158519.504,173.0,3319.57,516.0,690.0,176.0,22196.913,170.759,3440.0,20.15,45356.08125894135,49.49928469241774
4126678,Tamarana,41,PR,Paraná,Sul,10645.0,391581.275,400.0,2815.55,1929.0,2407.0,417.0,70517.37,472.155,10707.0,22.68,36785.46500704556,37.57632691404415
4126702,Tamboara,41,PR,Paraná,Sul,4979.0,126316.066,242.0,3407.71,852.0,1092.0,246.0,38607.638,193.346,4880.0,25.24,25369.76621811609,48.60413737698333
4126801,Tapejara,41,PR,Paraná,Sul,16255.0,496649.622,971.0,3070.6,4166.0,5345.0,999.0,172134.008,591.399,15869.0,26.83,30553.652537680715,59.735466010458325
4126900,Tapira,41,PR,Paraná,Sul,5813.0,153423.045,321.0,2814.46,755.0,1050.0,326.0,28626.039,434.371,5745.0,13.23,26393.09220712197,55.22105625322553
4127007,Teixeira Soares,41,PR,Paraná,Sul,9581.0,616404.008,417.0,2980.12,1590.0,2016.0,430.0,61353.749,902.793,9547.0,10.57,64336.082663605055,43.52364053856591
4127106,Telêmaco Borba,41,PR,Paraná,Sul,77182.0,4913441.099,3611.0,4127.85,21613.0,26028.0,3732.0,1196379.958,1382.86,75042.0,54.27,63660.45320152367,46.785519939882356
4127205,Terra Boa,41,PR,Paraná,Sul,18048.0,569416.046,814.0,2571.31,4922.0,5852.0,832.0,154017.284,320.85,17568.0,54.75,31550.091201241135,45.101950354609926
4127304,Terra Rica,41,PR,Paraná,Sul,14989.0,376154.902,700.0,3149.23,2800.0,3598.0,711.0,119344.469,700.599,14842.0,21.18,25095.396757622257,46.70091400360264
4127403,Terra Roxa,41,PR,Paraná,Sul,18548.0,896105.258,1105.0,2840.09,3058.0,4356.0,1145.0,114165.696,800.807,18119.0,22.63,48312.77000215657,59.57515635108906
4127502,Tibagi,41,PR,Paraná,Sul,20304.0,1440059.82,1039.0,3354.85,2556.0,3741.0,1071.0,113264.813,2977.933,19961.0,6.7,70924.93203309692,51.17218282111899
4127601,Tijucas do Sul,41,PR,Paraná,Sul,18279.0,576383.832,900.0,3011.93,2327.0,3358.0,935.0,92075.842,671.889,17621.0,26.23,31532.569177744954,49.23682914820286
4127700,Toledo,41,PR,Paraná,Sul,158620.0,7482189.95,12233.0,3157.82,64645.0,81274.0,12747.0,2674176.19,1198.049,150470.0,125.6,47170.53303492624,77.12142226705333
4127809,Tomazina,41,PR,Paraná,Sul,8495.0,324155.918,369.0,2728.31,1295.0,1683.0,383.0,43943.538,591.438,8426.0,14.25,38158.43649205415,43.43731606827546
4127858,Três Barras do Paraná,41,PR,Paraná,Sul,11197.0,435955.6,570.0,3008.99,1760.0,2437.0,578.0,70726.136,505.505,11135.0,22.03,38935.03617040279,50.90649281057426
4127882,Tunas do Paraná,41,PR,Paraná,Sul,6302.0,144128.876,401.0,2416.49,1286.0,1726.0,407.0,43868.908,668.478,6219.0,9.3,22870.338940019043,63.63059346239289
4127908,Tuneiras do Oeste,41,PR,Paraná,Sul,8095.0,233721.136,300.0,2522.91,889.0,1187.0,311.0,28723.008,698.871,8067.0,11.54,28872.283631871527,37.059913526868435
4127957,Tupãssi,41,PR,Paraná,Sul,8204.0,431426.64,373.0,3690.16,1218.0,1654.0,386.0,58921.305,299.769,8077.0,26.94,52587.35251097026,45.465626523647
4127965,Turvo,41,PR,Paraná,Sul,14443.0,601621.885,655.0,3169.18,2269.0,3006.0,674.0,95108.613,938.966,14231.0,15.16,41654.91137575296,45.35068891504535
4128005,Ubiratã,41,PR,Paraná,Sul,25517.0,1713942.145,1328.0,2728.18,8874.0,10562.0,1358.0,324078.752,652.581,24749.0,37.92,67168.63835874123,52.04373554884979
4128104,Umuarama,41,PR,Paraná,Sul,121972.0,4103610.112,8899.0,2893.96,35112.0,46803.0,9240.0,1310091.735,1234.537,117095.0,94.85,33643.870002951495,72.95936772373987
4128203,União da Vitória,41,PR,Paraná,Sul,56397.0,1959155.034,3377.0,2773.38,15917.0,20158.0,3525.0,574229.932,719.998,55033.0,76.43,34738.639182935265,59.87907158182173
4128302,Uniflor,41,PR,Paraná,Sul,2121.0,99878.239,118.0,2889.55,332.0,447.0,119.0,14157.938,94.819,2136.0,22.53,47090.16454502593,55.63413484205564
4128401,Uraí,41,PR,Paraná,Sul,10407.0,367845.614,515.0,2853.06,1447.0,2017.0,531.0,53542.892,237.81,10406.0,43.76,35345.980013452485,49.48592293648506
4128500,Wenceslau Braz,41,PR,Paraná,Sul,19430.0,711220.509,1162.0,2769.79,3741.0,5046.0,1195.0,134089.748,397.916,19188.0,48.22,36604.246474523934,59.80442614513639
4128534,Ventania,41,PR,Paraná,Sul,9779.0,347602.648,464.0,2636.76,2161.0,2641.0,484.0,75583.174,819.334,9681.0,11.82,35545.827589733104,47.448614377748235
4128559,Vera Cruz do Oeste,41,PR,Paraná,Sul,8227.0,341108.333,399.0,2919.36,1104.0,1574.0,408.0,42369.998,327.09,8215.0,25.12,41462.055791904706,48.49884526558892
4128609,Verê,41,PR,Paraná,Sul,8051.0,499727.511,540.0,3016.09,1613.0,2265.0,558.0,62688.875,311.801,7932.0,25.44,62070.241088063594,67.07241336479942
4128625,Alto Paraíso,41,PR,Paraná,Sul,3077.0,113661.355,155.0,3619.86,469.0,654.0,155.0,22022.741,967.772,3055.0,3.16,36939.01689957751,50.37374065648359
4128633,Doutor Ulysses,41,PR,Paraná,Sul,5773.0,99207.086,165.0,2713.84,440.0,582.0,168.0,16755.83,777.482,5697.0,7.33,17184.667590507535,28.581326866447256
4128658,Virmond,41,PR,Paraná,Sul,3842.0,189727.713,234.0,2690.68,623.0,877.0,240.0,21793.248,249.094,3811.0,15.3,49382.53852160333,60.905778240499735
4128708,Vitorino,41,PR,Paraná,Sul,10280.0,498333.695,622.0,2966.69,2209.0,2930.0,629.0,83489.129,308.218,9706.0,31.49,48476.0403696498,60.505836575875485
4128807,Xambrê,41,PR,Paraná,Sul,5851.0,119630.566,232.0,2561.65,780.0,1026.0,232.0,24673.684,359.712,5798.0,16.12,20446.1743291745,39.65134165099983
4200051,Abdon Batista,42,SC,Santa Catarina,Sul,2633.0,75130.849,133.0,3888.01,417.0,550.0,134.0,23355.454,237.517,2598.0,10.94,28534.314090391188,50.512723129510064
4200101,Abelardo Luz,42,SC,Santa Catarina,Sul,17736.0,785908.066,1097.0,2956.97,5102.0,6411.0,1127.0,195928.705,953.992,17392.0,18.23,44311.46064501579,61.851601262967975
4200200,Agrolândia,42,SC,Santa Catarina,Sul,11491.0,396148.384,750.0,3535.47,3829.0,4707.0,765.0,177333.895,206.815,10990.0,53.14,34474.66573840397,65.26847097728657
4200309,Agronômica,42,SC,Santa Catarina,Sul,6394.0,232893.071,373.0,3160.17,1243.0,1715.0,378.0,52924.929,129.774,6055.0,46.66,36423.68955270566,58.33593994369721
4200408,Água Doce,42,SC,Santa Catarina,Sul,6625.0,651091.671,526.0,4127.6,1809.0,2447.0,540.0,96629.836,1319.137,6508.0,4.93,98277.9880754717,79.39622641509433
4200507,Águas de Chapecó,42,SC,Santa Catarina,Sul,6128.0,137706.696,244.0,3098.74,643.0,899.0,249.0,27366.66,139.511,6036.0,43.27,22471.719321148827,39.81723237597911
4200556,Águas Frias,42,SC,Santa Catarina,Sul,2963.0,163075.085,183.0,3591.05,676.0,923.0,187.0,33438.098,76.631,2839.0,37.05,55037.15322308471,61.76172797840027
4200606,Águas Mornas,42,SC,Santa Catarina,Sul,7082.0,199589.555,360.0,3159.61,1451.0,1873.0,368.0,61247.704,326.66,6743.0,20.64,28182.653911324483,50.83309799491669
4200705,Alfredo Wagner,42,SC,Santa Catarina,Sul,10862.0,336468.535,537.0,2547.73,1590.0,2219.0,541.0,52536.349,733.489,10481.0,14.29,30976.66497882526,49.4384091327564
4200754,Alto Bela Vista,42,SC,Santa Catarina,Sul,1860.0,78996.026,143.0,3809.74,319.0,462.0,143.0,15762.853,103.433,1856.0,17.94,42470.98172043011,76.88172043010753
4200804,Anchieta,42,SC,Santa Catarina,Sul,5984.0,203805.111,444.0,2865.47,1167.0,1716.0,451.0,45333.821,232.348,5943.0,25.58,34058.34074197861,74.19786096256685
4200903,Angelina,42,SC,Santa Catarina,Sul,5472.0,174561.296,265.0,2935.69,722.0,1007.0,272.0,28106.965,499.998,5358.0,10.72,31900.8216374269,48.42836257309942
4201000,Anita Garibaldi,42,SC,Santa Catarina,Sul,8367.0,231506.848,425.0,2903.9,1237.0,1689.0,437.0,50091.402,589.812,8285.0,14.05,27669.03884307398,50.79478905222899
4201109,Anitápolis,42,SC,Santa Catarina,Sul,3726.0,84567.856,385.0,3247.97,580.0,1031.0,385.0,24939.767,540.636,3593.0,6.65,22696.68706387547,103.32796564680623
4201208,Antônio Carlos,42,SC,Santa Catarina,Sul,12118.0,796530.665,775.0,3502.45,3219.0,4202.0,789.0,143468.902,234.422,11224.0,47.88,65731.19863013699,63.9544479287011
4201257,Apiúna,42,SC,Santa Catarina,Sul,10020.0,442459.788,551.0,2969.63,2927.0,3564.0,567.0,118962.513,493.49,9811.0,19.88,44157.66347305389,54.99001996007984
4201273,Arabutã,42,SC,Santa Catarina,Sul,4487.0,284413.836,308.0,3467.61,1039.0,1398.0,312.0,47414.859,132.779,4378.0,32.97,63386.190327613105,68.64274570982839
4201307,Araquari,42,SC,Santa Catarina,Sul,50178.0,7487999.648,3643.0,3833.54,20522.0,24486.0,3781.0,1023877.968,386.693,45283.0,117.1,149228.73865040456,72.60153852285862
4201406,Araranguá,42,SC,Santa Catarina,Sul,75597.0,2385270.069,5193.0,2896.56,17220.0,23393.0,5401.0,672449.592,301.819,71922.0,238.3,31552.443469978967,68.69320211119489
4201505,Armazém,42,SC,Santa Catarina,Sul,9188.0,272105.707,671.0,2627.74,2749.0,3523.0,685.0,97909.001,173.958,8834.0,50.78,29615.33598171528,73.03003918154113
4201604,Arroio Trinta,42,SC,Santa Catarina,Sul,3628.0,125952.959,383.0,3323.6,849.0,1339.0,389.0,38063.844,93.53,3556.0,38.02,34716.91262403528,105.5678059536935
4201653,Arvoredo,42,SC,Santa Catarina,Sul,2600.0,203871.883,178.0,3168.47,436.0,616.0,179.0,19724.326,90.503,2510.0,27.73,78412.26269230769,68.46153846153847
4201703,Ascurra,42,SC,Santa Catarina,Sul,8635.0,244991.08,674.0,2853.47,2823.0,3630.0,691.0,106097.396,112.884,8319.0,73.7,28371.867979154602,78.05442964678635
4201802,Atalanta,42,SC,Santa Catarina,Sul,3270.0,125980.531,201.0,3105.65,572.0,791.0,203.0,24190.19,94.383,3227.0,34.19,38526.15626911315,61.467889908256886
4201901,Aurora,42,SC,Santa Catarina,Sul,7127.0,406918.387,489.0,3583.9,2654.0,3205.0,497.0,120464.058,207.045,6780.0,32.75,57095.32580328329,68.61231934895467
4201950,Balneário Arroio do Silva,42,SC,Santa Catarina,Sul,17215.0,221906.845,613.0,2574.85,1574.0,2210.0,626.0,50113.57,94.477,15820.0,167.45,12890.319198373512,35.608480975893116
4202008,Balneário Camboriú,42,SC,Santa Catarina,Sul,148758.0,7358668.959,22816.0,3539.94,56939.0,85531.0,23632.0,2599852.26,45.214,139155.0,3077.7,49467.38299116686,153.37662512268247
4202057,Balneário Barra do Sul,42,SC,Santa Catarina,Sul,16360.0,254639.12,596.0,3471.12,1337.0,2012.0,605.0,61650.065,108.914,14912.0,136.92,15564.738386308069,36.43031784841075
4202073,Balneário Gaivota,42,SC,Santa Catarina,Sul,17306.0,216995.498,720.0,2955.25,2032.0,2901.0,729.0,70832.866,146.834,15669.0,106.71,12538.743672714665,41.60406795331099
4202081,Bandeirante,42,SC,Santa Catarina,Sul,3243.0,102211.895,140.0,3154.53,420.0,569.0,143.0,18048.805,148.074,3144.0,21.23,31517.698119025594,43.16990440949738
4202099,Barra Bonita,42,SC,Santa Catarina,Sul,1662.0,52280.698,98.0,3803.38,205.0,300.0,99.0,10571.113,92.561,1668.0,18.02,31456.496991576412,58.96510228640193
4202107,Barra Velha,42,SC,Santa Catarina,Sul,50730.0,2372445.256,3128.0,3442.8,10316.0,13826.0,3248.0,453838.581,138.947,45369.0,326.52,46766.11977133846,61.65976739601813
4202131,Bela Vista do Toldo,42,SC,Santa Catarina,Sul,5950.0,196847.46,175.0,3083.97,588.0,756.0,177.0,23650.88,535.682,5872.0,10.96,33083.606722689074,29.41176470588235
4202156,Belmonte,42,SC,Santa Catarina,Sul,2709.0,57652.351,136.0,4122.38,405.0,536.0,137.0,23172.19,93.852,2658.0,28.32,21281.78331487634,50.20302694721299
4202206,Benedito Novo,42,SC,Santa Catarina,Sul,10738.0,470160.185,591.0,3186.82,3183.0,3966.0,608.0,135378.18,388.291,10520.0,27.09,43784.70711491898,55.038182156826224
4202305,Biguaçu,42,SC,Santa Catarina,Sul,82028.0,2670278.406,6157.0,3444.44,19672.0,26863.0,6254.0,879952.622,365.755,76773.0,209.9,32553.255059248062,75.05973570000488
4202404,Blumenau,42,SC,Santa Catarina,Sul,380597.0,20579489.926,36264.0,4069.1,147817.0,198372.0,38015.0,7907673.429,518.619,361261.0,696.58,54071.60310249424,95.28188608948574
4202438,Bocaina do Sul,42,SC,Santa Catarina,Sul,3618.0,135898.464,146.0,2755.98,507.0,658.0,149.0,22207.492,510.673,3515.0,6.88,37561.76451077944,40.35378662244334
4202453,Bombinhas,42,SC,Santa Catarina,Sul,27732.0,877594.115,2994.0,3193.85,7387.0,10833.0,3117.0,281859.391,35.143,25058.0,713.03,31645.539989903362,107.96192124621376
4202503,Bom Jardim da Serra,42,SC,Santa Catarina,Sul,4028.0,371657.948,210.0,2224.17,775.0,1005.0,213.0,22942.801,938.516,4026.0,4.29,92268.60675273088,52.13505461767627
4202537,Bom Jesus,42,SC,Santa Catarina,Sul,2872.0,159057.296,245.0,3470.09,485.0,733.0,248.0,22692.706,63.883,2777.0,43.47,55382.06685236769,85.30640668523677
4202578,Bom Jesus do Oeste,42,SC,Santa Catarina,Sul,2234.0,73701.571,164.0,3414.48,286.0,447.0,167.0,13272.511,67.777,2187.0,32.27,32990.85541629364,73.41092211280214
4202602,Bom Retiro,42,SC,Santa Catarina,Sul,8468.0,422363.462,544.0,2788.79,1734.0,2355.0,556.0,65639.529,1057.034,8418.0,7.96,49877.593528578174,64.24185167690128
4202701,Botuverá,42,SC,Santa Catarina,Sul,5623.0,430641.064,339.0,3949.86,2714.0,3148.0,346.0,141286.513,296.256,5363.0,18.1,76585.64182820558,60.28810243642184
4202800,Braço do Norte,42,SC,Santa Catarina,Sul,35534.0,1745016.783,2656.0,3054.26,13844.0,17512.0,2746.0,564080.27,212.045,33773.0,159.27,49108.3689705634,74.74531434682275
4202859,Braço do Trombudo,42,SC,Santa Catarina,Sul,4203.0,250150.765,246.0,3805.11,1289.0,1594.0,253.0,63059.769,89.411,4026.0,45.03,59517.19367118725,58.52962169878658
4202875,Brunópolis,42,SC,Santa Catarina,Sul,2466.0,137959.227,106.0,3304.97,380.0,496.0,113.0,21301.443,336.439,2489.0,7.4,55944.53649635037,42.9845904298459
4202909,Brusque,42,SC,Santa Catarina,Sul,151949.0,8724534.162,12203.0,3580.18,57963.0,73186.0,12871.0,2718960.939,284.675,141385.0,496.65,57417.516153446224,80.30984080184798
4203006,Caçador,42,SC,Santa Catarina,Sul,75998.0,4703416.329,4405.0,3678.95,26175.0,31933.0,4657.0,1281303.393,983.424,73720.0,74.96,61888.68561014764,57.96205163293771
4203105,Caibi,42,SC,Santa Catarina,Sul,6431.0,316774.558,439.0,3846.34,1892.0,2387.0,448.0,94627.625,173.079,6304.0,36.42,49257.433991603175,68.26310060643758
4203154,Calmon,42,SC,Santa Catarina,Sul,3513.0,97691.198,154.0,2512.8,561.0,708.0,154.0,23096.115,636.208,3443.0,5.41,27808.48220893823,43.83717620267578
4203204,Camboriú,42,SC,Santa Catarina,Sul,113525.0,2242671.529,6286.0,3019.11,16326.0,23425.0,6485.0,645384.054,210.568,103074.0,489.5,19754.8692270425,55.37106364236952
4203253,Capão Alto,42,SC,Santa Catarina,Sul,2647.0,235019.49,122.0,3369.85,664.0,814.0,122.0,31692.519,1331.962,2625.0,1.97,88787.11371363809,46.0899131091802
4203303,Campo Alegre,42,SC,Santa Catarina,Sul,12815.0,699702.975,745.0,3310.1,6900.0,7823.0,776.0,264468.019,499.216,12501.0,25.04,54600.31018337885,58.13499804916114
4203402,Campo Belo do Sul,42,SC,Santa Catarina,Sul,7342.0,333024.021,284.0,2948.99,1212.0,1550.0,293.0,48239.22,1025.638,7257.0,7.08,45358.76069190956,38.68155815853991
4203501,Campo Erê,42,SC,Santa Catarina,Sul,9838.0,437828.568,676.0,2865.44,2124.0,2866.0,687.0,81367.088,479.161,9623.0,20.08,44503.818662329744,68.71315307989428
4203600,Campos Novos,42,SC,Santa Catarina,Sul,38656.0,2610346.588,2418.0,3501.22,11340.0,14236.0,2533.0,542376.994,1717.697,36932.0,21.5,67527.5917839404,62.55173841059602
4203709,Canelinha,42,SC,Santa Catarina,Sul,13413.0,295662.498,791.0,2590.65,3122.0,4080.0,797.0,104565.638,151.008,12821.0,84.9,22042.980541265937,58.97263848505181
4203808,Canoinhas,42,SC,Santa Catarina,Sul,56721.0,2203147.006,3271.0,3293.31,12961.0,17132.0,3421.0,567648.768,1148.036,55016.0,47.92,38841.82235856209,57.66823575042753
4203907,Capinzal,42,SC,Santa Catarina,Sul,24176.0,1070739.935,1606.0,3138.42,10396.0,12325.0,1656.0,426707.533,244.057,23314.0,95.53,44289.37520681668,66.4295168762409
4203956,Capivari de Baixo,42,SC,Santa Catarina,Sul,24799.0,1348603.35,966.0,3759.51,5108.0,6195.0,986.0,261953.187,53.222,23975.0,450.47,54381.36013548933,38.953183596112744
4204004,Catanduvas,42,SC,Santa Catarina,Sul,10938.0,530880.731,1045.0,3128.85,3542.0,4901.0,1076.0,157714.66,199.166,10566.0,53.05,48535.44807094533,95.5384896690437
4204103,Caxambu do Sul,42,SC,Santa Catarina,Sul,4732.0,164148.108,232.0,3552.39,683.0,921.0,236.0,33462.826,140.873,4614.0,32.75,34688.949281487745,49.02789518174133
4204152,Celso Ramos,42,SC,Santa Catarina,Sul,2860.0,65903.292,183.0,2638.71,582.0,798.0,186.0,20442.332,208.391,2805.0,13.46,23043.109090909093,63.98601398601399
4204178,Cerro Negro,42,SC,Santa Catarina,Sul,3326.0,141415.813,110.0,3228.48,342.0,446.0,113.0,15181.491,418.544,3317.0,7.93,42518.284125075166,33.07276007215875
4204194,Chapadão do Lageado,42,SC,Santa Catarina,Sul,3036.0,97931.662,123.0,3664.84,283.0,394.0,123.0,15083.255,124.866,2950.0,23.63,32256.805665349144,40.51383399209487
4204202,Chapecó,42,SC,Santa Catarina,Sul,275959.0,13694779.507,24848.0,3749.74,110548.0,144125.0,25800.0,5363857.022,624.846,254785.0,407.76,49626.13832851982,90.04236136527527
4204251,Cocal do Sul,42,SC,Santa Catarina,Sul,17912.0,888493.104,1156.0,3843.57,5361.0,6804.0,1176.0,290860.649,70.965,17240.0,242.94,49603.232693166596,64.53774006252792
4204301,Concórdia,42,SC,Santa Catarina,Sul,85982.0,4559829.025,6834.0,3519.09,32542.0,41663.0,7056.0,1502765.726,799.194,81646.0,102.16,53032.36753041334,79.48175199460353
4204350,Cordilheira Alta,42,SC,Santa Catarina,Sul,5099.0,434572.746,561.0,3761.97,2413.0,3155.0,568.0,120330.184,83.556,4781.0,57.22,85227.05353990979,110.02157285742302
4204400,Coronel Freitas,42,SC,Santa Catarina,Sul,10583.0,381582.577,718.0,2894.94,2402.0,3288.0,728.0,90339.034,233.698,10388.0,44.45,36056.18227345743,67.84465652461495
4204459,Coronel Martins,42,SC,Santa Catarina,Sul,2028.0,57378.062,100.0,3261.76,270.0,392.0,106.0,11000.582,107.502,2065.0,19.21,28292.929980276134,49.30966469428008
4204509,Corupá,42,SC,Santa Catarina,Sul,15781.0,797604.513,812.0,3612.75,4845.0,5867.0,829.0,243775.03,405.761,15267.0,37.63,50542.07673784931,51.45428046384893
4204558,Correia Pinto,42,SC,Santa Catarina,Sul,16163.0,591364.311,637.0,3278.62,3200.0,3909.0,660.0,149124.164,647.388,15727.0,24.29,36587.53393553177,39.411000433087914
4204608,Criciúma,42,SC,Santa Catarina,Sul,225281.0,10065323.051,18088.0,3478.96,78253.0,101545.0,18877.0,3601120.671,234.865,214493.0,913.26,44678.970046297734,80.2908367771805
4204707,Cunha Porã,42,SC,Santa Catarina,Sul,11208.0,927562.198,1047.0,3334.62,3485.0,4806.0,1067.0,149753.803,220.099,10953.0,49.76,82758.93986438258,93.4154175588865
4204756,Cunhataí,42,SC,Santa Catarina,Sul,2018.0,66625.103,146.0,2927.88,407.0,556.0,146.0,16437.271,54.811,1968.0,35.91,33015.41278493558,72.34886025768088
4204806,Curitibanos,42,SC,Santa Catarina,Sul,41512.0,1875347.794,2386.0,3071.27,10392.0,13343.0,2524.0,423589.094,949.865,40045.0,42.16,45176.04051840432,57.47735594526883
4204905,Descanso,42,SC,Santa Catarina,Sul,8660.0,299005.534,563.0,3176.7,1250.0,1907.0,572.0,54957.707,287.057,8530.0,29.72,34527.19792147806,65.01154734411085
4205001,Dionísio Cerqueira,42,SC,Santa Catarina,Sul,15294.0,636297.338,1230.0,3038.03,2756.0,4063.0,1264.0,116806.126,378.843,15008.0,39.62,41604.37674905192,80.42369556688897
4205100,Dona Emma,42,SC,Santa Catarina,Sul,4388.0,165733.246,286.0,2938.51,1350.0,1671.0,291.0,51607.056,178.157,4221.0,23.69,37769.6549680948,65.17775752051048
4205159,Doutor Pedrinho,42,SC,Santa Catarina,Sul,3719.0,175716.334,231.0,2828.7,946.0,1229.0,232.0,37040.116,374.205,3637.0,9.72,47248.27480505512,62.113471363269696
4205175,Entre Rios,42,SC,Santa Catarina,Sul,3525.0,60605.602,88.0,3165.45,327.0,408.0,90.0,13479.784,103.888,3402.0,32.75,17193.078581560283,24.9645390070922
4205191,Ermo,42,SC,Santa Catarina,Sul,2349.0,176552.303,114.0,2898.97,978.0,1077.0,115.0,43107.026,65.311,2269.0,34.74,75160.62281822052,48.53128991060025
4205209,Erval Velho,42,SC,Santa Catarina,Sul,5081.0,183148.747,382.0,2816.98,934.0,1400.0,386.0,35010.856,208.841,4885.0,23.39,36045.807321393426,75.18205077740603
4205308,Faxinal dos Guedes,42,SC,Santa Catarina,Sul,11486.0,758371.392,775.0,3540.15,4139.0,5066.0,797.0,192706.765,340.07,11192.0,32.91,66025.7175692147,67.47344593418075
4205357,Flor do Sertão,42,SC,Santa Catarina,Sul,1850.0,64277.694,99.0,3324.4,434.0,528.0,101.0,19963.738,58.457,1783.0,30.5,34744.69945945946,53.513513513513516
4205407,Florianópolis,42,SC,Santa Catarina,Sul,576361.0,23559946.53,67794.0,6312.5,318611.0,411224.0,70718.0,27816709.245,674.844,537211.0,796.05,40877.06581465436,117.62419733465659
4205431,Formosa do Sul,42,SC,Santa Catarina,Sul,2743.0,78636.998,209.0,3398.49,379.0,646.0,211.0,16462.034,100.408,2682.0,26.71,28668.24571636894,76.19394823186293
4205456,Forquilhinha,42,SC,Santa Catarina,Sul,33929.0,1224547.814,1496.0,3154.1,9440.0,11349.0,1524.0,395013.838,183.351,31431.0,171.43,36091.47967815143,44.09207462642578
4205506,Fraiburgo,42,SC,Santa Catarina,Sul,34148.0,1273658.568,1945.0,3047.61,9706.0,12129.0,2031.0,395911.454,549.188,33481.0,60.96,37298.18929366288,56.95794775682324
4205555,Frei Rogério,42,SC,Santa Catarina,Sul,2442.0,102097.904,98.0,1871.01,320.0,433.0,99.0,8253.315,158.775,2411.0,15.19,41809.133497133495,40.13104013104013
4205605,Galvão,42,SC,Santa Catarina,Sul,3200.0,99962.901,193.0,3211.02,511.0,710.0,197.0,21390.111,139.836,3210.0,22.96,31238.4065625,60.3125
4205704,Garopaba,42,SC,Santa Catarina,Sul,32962.0,773365.453,2424.0,3081.35,7264.0,10448.0,2546.0,278326.315,114.773,29959.0,261.03,23462.33399065591,73.5392269886536
4205803,Garuva,42,SC,Santa Catarina,Sul,19554.0,2033242.159,1616.0,3654.37,6124.0,7885.0,1662.0,283828.623,503.595,18545.0,36.83,103980.88160990078,82.64293750639256
4205902,Gaspar,42,SC,Santa Catarina,Sul,76982.0,4157382.576,6000.0,3419.83,27913.0,35701.0,6172.0,1284822.23,386.616,72570.0,187.71,54004.605959834764,77.94029773193733
4206009,Governador Celso Ramos,42,SC,Santa Catarina,Sul,17920.0,449767.859,1194.0,3545.92,5785.0,6884.0,1265.0,264210.166,127.556,16915.0,132.61,25098.652845982142,66.62946428571429
4206108,Grão-Pará,42,SC,Santa Catarina,Sul,6397.0,329165.919,426.0,2627.34,1983.0,2514.0,432.0,70282.199,334.362,6277.0,18.77,51456.294982022824,66.59371580428326
4206207,Gravatal,42,SC,Santa Catarina,Sul,12989.0,387303.669,817.0,2743.47,3098.0,4081.0,865.0,112071.152,165.718,12435.0,75.04,29817.820386480867,62.8993763954115
4206306,Guabiruba,42,SC,Santa Catarina,Sul,26082.0,1262926.124,1565.0,3464.63,8034.0,10059.0,1590.0,374443.56,172.173,24543.0,142.55,48421.36814661452,60.003067249444065
4206405,Guaraciaba,42,SC,Santa Catarina,Sul,11040.0,454636.503,708.0,3021.79,2405.0,3347.0,728.0,93819.015,331.766,10796.0,32.54,41180.84266304348,64.1304347826087
4206504,Guaramirim,42,SC,Santa Catarina,Sul,49941.0,2514409.984,3034.0,3811.08,16172.0,19728.0,3166.0,812413.779,267.514,46711.0,174.61,50347.609859634365,60.75168699064896
4206603,Guarujá do Sul,42,SC,Santa Catarina,Sul,4899.0,202565.371,409.0,3273.35,1283.0,1761.0,416.0,55536.196,100.63,4829.0,47.99,41348.31006327822,83.48642580118391
4206652,Guatambú,42,SC,Santa Catarina,Sul,9267.0,354999.366,467.0,3163.35,5193.0,5723.0,473.0,197913.38,206.196,8425.0,40.86,38307.90611848495,50.393870724074674
4206702,Herval d'Oeste,42,SC,Santa Catarina,Sul,22173.0,624023.233,1112.0,3206.5,4198.0,5571.0,1132.0,175335.504,216.581,21724.0,100.3,28143.38307851892,50.1510846525053
4206751,Ibiam,42,SC,Santa Catarina,Sul,2055.0,75608.041,144.0,3718.73,320.0,459.0,145.0,15511.01,146.009,2008.0,13.75,36792.23406326034,70.07299270072993
4206801,Ibicaré,42,SC,Santa Catarina,Sul,3304.0,145417.704,261.0,4216.19,759.0,1083.0,264.0,39480.02,156.439,3269.0,20.9,44012.622276029055,78.9951573849879
4206900,Ibirama,42,SC,Santa Catarina,Sul,20663.0,599218.638,1356.0,3325.95,6786.0,8481.0,1393.0,294291.545,247.102,19862.0,80.38,28999.595315297876,65.62454629047089
4207007,Içara,42,SC,Santa Catarina,Sul,62455.0,3521709.778,4183.0,3409.96,22201.0,27292.0,4293.0,993755.97,230.393,59035.0,256.24,56387.95577615884,66.97622288047394
4207106,Ilhota,42,SC,Santa Catarina,Sul,18197.0,1215355.675,1067.0,2944.47,4648.0,5848.0,1124.0,176002.95,253.024,17046.0,67.37,66788.79348244215,58.63603890751223
4207205,Imaruí,42,SC,Santa Catarina,Sul,12127.0,252843.029,428.0,2645.51,1174.0,1601.0,432.0,53005.767,542.238,11881.0,21.91,20849.59421126412,35.29314752205822
4207304,Imbituba,42,SC,Santa Catarina,Sul,56107.0,2502978.422,3764.0,3321.19,12979.0,17381.0,3900.0,554698.992,181.577,52579.0,289.57,44610.80474807065,67.08610333826438
4207403,Imbuia,42,SC,Santa Catarina,Sul,6139.0,260686.901,374.0,3094.85,1113.0,1545.0,375.0,41987.194,119.113,5982.0,50.22,42464.06597165662,60.921974262909266
4207502,Indaial,42,SC,Santa Catarina,Sul,76333.0,3675993.288,5088.0,3195.83,28620.0,34778.0,5260.0,1233314.777,430.799,71549.0,166.08,48157.327604050675,66.65531290529653
4207577,Iomerê,42,SC,Santa Catarina,Sul,2953.0,227779.969,232.0,3675.42,911.0,1193.0,234.0,44769.293,113.986,2877.0,25.24,77135.10633254318,78.56417202844565
4207601,Ipira,42,SC,Santa Catarina,Sul,4635.0,107134.918,333.0,3050.14,580.0,918.0,334.0,24574.185,155.651,4578.0,29.41,23114.329665587917,71.84466019417475
4207650,Iporã do Oeste,42,SC,Santa Catarina,Sul,9672.0,381311.08,714.0,3118.85,1988.0,2847.0,721.0,80616.529,200.96,9335.0,46.45,39424.222497932176,73.8213399503722
4207684,Ipuaçu,42,SC,Santa Catarina,Sul,8046.0,321242.512,290.0,3190.69,1542.0,1838.0,293.0,65336.017,261.081,7730.0,29.61,39925.74098931146,36.04275416355953
4207700,Ipumirim,42,SC,Santa Catarina,Sul,8065.0,465730.067,483.0,2914.53,3509.0,4132.0,491.0,137967.661,245.921,7816.0,31.78,57747.06348419095,59.88840669559826
4207759,Iraceminha,42,SC,Santa Catarina,Sul,4005.0,133805.952,292.0,3398.24,444.0,778.0,297.0,21653.869,165.147,3986.0,24.14,33409.72584269663,72.90886392009988
4207809,Irani,42,SC,Santa Catarina,Sul,10497.0,282689.951,818.0,3250.43,2065.0,3045.0,836.0,85464.893,325.862,10195.0,31.29,26930.546918167096,77.92702676955321
4207858,Irati,42,SC,Santa Catarina,Sul,2100.0,56618.622,114.0,2982.64,497.0,624.0,117.0,19273.931,77.912,2069.0,26.56,26961.248571428572,54.285714285714285
4207908,Irineópolis,42,SC,Santa Catarina,Sul,10437.0,458977.286,408.0,3153.92,1179.0,1583.0,431.0,50110.48,589.698,10285.0,17.44,43975.978346268086,39.09169301523426
4208005,Itá,42,SC,Santa Catarina,Sul,7310.0,404731.702,616.0,3662.9,1806.0,2581.0,633.0,88316.667,166.265,7067.0,42.5,55366.85389876881,84.26812585499316
4208104,Itaiópolis,42,SC,Santa Catarina,Sul,22741.0,1047674.635,1021.0,3098.76,5116.0,6310.0,1051.0,215283.271,1297.543,22051.0,16.99,46069.857745921465,44.89688228310101
4208203,Itajaí,42,SC,Santa Catarina,Sul,287289.0,47757206.618,30848.0,4055.56,121281.0,155957.0,32127.0,6320010.647,289.215,264054.0,913.0,166234.02433786186,107.37619609522119
4208302,Itapema,42,SC,Santa Catarina,Sul,83330.0,2889464.364,11820.0,3479.06,26964.0,40790.0,12175.0,1136452.013,58.21,75940.0,1304.59,34674.95936637466,141.84567382695306
4208401,Itapiranga,42,SC,Santa Catarina,Sul,17149.0,1064833.334,1136.0,3050.85,8030.0,9461.0,1174.0,316734.703,281.782,16638.0,59.05,62093.02781503295,66.24292961688728
4208450,Itapoá,42,SC,Santa Catarina,Sul,34546.0,1688955.169,2424.0,4182.53,6967.0,9741.0,2547.0,352857.464,245.394,30750.0,125.31,48890.03557575407,70.16731314768714
4208500,Ituporanga,42,SC,Santa Catarina,Sul,28042.0,1399717.486,1929.0,3407.82,8096.0,10542.0,1973.0,341705.164,336.588,26525.0,78.81,49915.03765779902,68.78967263390628
4208609,Jaborá,42,SC,Santa Catarina,Sul,4435.0,181353.593,377.0,2994.47,903.0,1332.0,383.0,36066.903,182.483,4310.0,23.62,40891.4527621195,85.00563697857947
4208708,Jacinto Machado,42,SC,Santa Catarina,Sul,10813.0,529784.59,481.0,3277.32,2244.0,2838.0,502.0,106764.004,430.704,10624.0,24.67,48995.15305650605,44.4834920928512
4208807,Jaguaruna,42,SC,Santa Catarina,Sul,21284.0,852029.138,1477.0,2849.35,5026.0,6673.0,1510.0,200523.278,326.362,20375.0,62.43,40031.438545386205,69.39485059199399
4208906,Jaraguá do Sul,42,SC,Santa Catarina,Sul,195753.0,12053538.705,14640.0,4558.49,77123.0,96631.0,15352.0,4596192.863,530.894,182660.0,344.06,61575.2438276808,74.78812585247736
4208955,Jardinópolis,42,SC,Santa Catarina,Sul,1808.0,67321.491,114.0,3527.94,288.0,390.0,115.0,15626.507,68.499,1776.0,25.93,37235.337942477876,63.05309734513274
4209003,Joaçaba,42,SC,Santa Catarina,Sul,31509.0,2381233.814,3945.0,3591.13,15565.0,20932.0,4070.0,742138.098,241.637,30146.0,124.76,75573.13193055952,125.20232314576788
4209102,Joinville,42,SC,Santa Catarina,Sul,654888.0,45074734.617,49311.0,3844.51,246868.0,311144.0,52554.0,12192022.466,1127.947,616317.0,546.41,68828.15781782534,75.29684465129915
4209151,José Boiteux,42,SC,Santa Catarina,Sul,6307.0,130477.132,256.0,2664.54,1055.0,1349.0,260.0,40076.666,405.552,5985.0,14.76,20687.669573489773,40.589820833993976
4209177,Jupiá,42,SC,Santa Catarina,Sul,2675.0,88239.748,145.0,3153.12,388.0,556.0,150.0,18172.344,91.448,2555.0,27.94,32986.82168224299,54.205607476635514
4209201,Lacerdópolis,42,SC,Santa Catarina,Sul,2296.0,137761.05,203.0,3976.85,608.0,844.0,210.0,32913.655,69.036,2248.0,32.56,60000.45731707317,88.41463414634146
4209300,Lages,42,SC,Santa Catarina,Sul,171609.0,6577420.391,10236.0,3107.7,47479.0,60438.0,10756.0,1908514.969,2637.66,164981.0,62.55,38327.94545157888,59.64722129958219
4209409,Laguna,42,SC,Santa Catarina,Sul,43992.0,1093923.16,2646.0,2734.37,7387.0,10210.0,2714.0,276318.579,333.26,42785.0,128.38,24866.411165666486,60.147299509001634
4209458,Lajeado Grande,42,SC,Santa Catarina,Sul,1771.0,59138.731,94.0,3448.11,284.0,374.0,95.0,14275.109,65.348,1702.0,26.05,33392.84641445511,53.077357425183514
4209508,Laurentino,42,SC,Santa Catarina,Sul,8427.0,444804.117,622.0,3272.56,2220.0,2973.0,637.0,95841.523,79.333,7932.0,99.98,52783.21075115699,73.81037142518096
4209607,Lauro Müller,42,SC,Santa Catarina,Sul,14622.0,418821.316,725.0,3841.87,4155.0,5054.0,738.0,212832.106,271.852,14381.0,52.9,28643.230474627275,49.58282040760498
4209706,Lebon Régis,42,SC,Santa Catarina,Sul,11605.0,416799.839,492.0,2261.12,1436.0,1988.0,503.0,43955.785,941.64,11472.0,12.18,35915.53976734167,42.39551917277036
4209805,Leoberto Leal,42,SC,Santa Catarina,Sul,3381.0,119785.227,158.0,2910.42,434.0,599.0,163.0,17721.357,293.6,3330.0,11.34,35428.934338952975,46.73173617272996
4209854,Lindóia do Sul,42,SC,Santa Catarina,Sul,4611.0,151920.221,325.0,3365.74,716.0,1087.0,329.0,30741.953,190.171,4549.0,23.92,32947.347863803945,70.48362611147256
4209904,Lontras,42,SC,Santa Catarina,Sul,13586.0,466218.077,873.0,3252.65,3853.0,4945.0,885.0,158501.34,197.586,12873.0,65.15,34316.06631826881,64.25732371558958
4210001,Luiz Alves,42,SC,Santa Catarina,Sul,12126.0,792774.535,959.0,3112.33,4655.0,5873.0,972.0,211161.694,260.106,11684.0,44.92,65378.07479795481,79.08626092693386
4210035,Luzerna,42,SC,Santa Catarina,Sul,5931.0,292995.148,579.0,3967.03,1830.0,2608.0,591.0,95866.506,117.099,5794.0,49.48,49400.631933906596,97.62266059686394
4210050,Macieira,42,SC,Santa Catarina,Sul,1800.0,59146.838,115.0,3260.55,280.0,428.0,116.0,12883.981,261.208,1778.0,6.81,32859.35444444444,63.888888888888886
4210100,Mafra,42,SC,Santa Catarina,Sul,57023.0,2490227.212,3535.0,3161.11,14006.0,18215.0,3675.0,592947.008,1404.084,55286.0,39.38,43670.57524156919,61.99252933027024
4210209,Major Gercino,42,SC,Santa Catarina,Sul,3258.0,62143.68,206.0,2581.21,540.0,763.0,207.0,19750.931,306.058,3214.0,10.5,19074.180478821363,63.22897483118478
4210308,Major Vieira,42,SC,Santa Catarina,Sul,7545.0,300319.059,314.0,2562.62,1165.0,1496.0,318.0,40028.845,520.816,7425.0,14.26,39803.71888667992,41.61696487740225
4210407,Maracajá,42,SC,Santa Catarina,Sul,8213.0,273081.312,446.0,2671.65,2063.0,2531.0,453.0,77606.597,62.902,7815.0,124.24,33249.88579081943,54.30415195421892
4210506,Maravilha,42,SC,Santa Catarina,Sul,30155.0,1794179.067,2323.0,3194.26,11786.0,14734.0,2407.0,480623.859,170.339,28251.0,165.85,59498.55967501244,77.03531752611508
4210555,Marema,42,SC,Santa Catarina,Sul,2219.0,97311.841,134.0,3153.8,310.0,456.0,136.0,13488.798,104.184,2184.0,20.96,43853.91662911221,60.387561964849034
4210605,Massaranduba,42,SC,Santa Catarina,Sul,17897.0,751874.012,1094.0,2968.64,6784.0,8129.0,1107.0,258599.452,374.459,17162.0,45.83,42011.175727775604,61.1275632787618
4210704,Matos Costa,42,SC,Santa Catarina,Sul,2795.0,62589.53,143.0,2818.96,384.0,489.0,148.0,15228.063,435.391,2761.0,6.34,22393.391771019677,51.16279069767442
4210803,Meleiro,42,SC,Santa Catarina,Sul,7127.0,340386.062,546.0,3107.49,1677.0,2337.0,553.0,72769.024,186.439,7006.0,37.58,47760.0760488284,76.6100743650905
4210852,Mirim Doce,42,SC,Santa Catarina,Sul,2554.0,89443.905,127.0,3002.1,421.0,576.0,127.0,19726.754,337.991,2511.0,7.43,35021.10610806578,49.725920125293655
4210902,Modelo,42,SC,Santa Catarina,Sul,4156.0,170305.626,342.0,3052.85,974.0,1360.0,351.0,42418.302,92.346,4080.0,44.18,40978.25457170356,82.29066410009625
4211009,Mondaí,42,SC,Santa Catarina,Sul,10216.0,1089189.108,653.0,3035.53,2847.0,3695.0,658.0,120912.001,200.276,10066.0,50.26,106616.00509005482,63.9193422083007
4211058,Monte Carlo,42,SC,Santa Catarina,Sul,9235.0,233427.237,384.0,2256.33,1893.0,2303.0,395.0,63166.504,191.278,9117.0,47.66,25276.36567406605,41.58094206821873
4211108,Monte Castelo,42,SC,Santa Catarina,Sul,7787.0,237436.61,400.0,2443.89,1054.0,1460.0,410.0,37700.269,560.743,7736.0,13.8,30491.410042378324,51.36766405547707
4211207,Morro da Fumaça,42,SC,Santa Catarina,Sul,19265.0,922591.542,1359.0,3330.03,6750.0,8449.0,1389.0,306930.836,82.818,18537.0,223.83,47889.51684401765,70.54243446664935
4211256,Morro Grande,42,SC,Santa Catarina,Sul,3085.0,145129.597,134.0,3097.5,499.0,638.0,135.0,20681.365,260.143,3010.0,11.57,47043.62949756888,43.43598055105349
4211306,Navegantes,42,SC,Santa Catarina,Sul,93619.0,6143029.433,5888.0,3604.8,27376.0,33601.0,6150.0,1312730.747,111.377,86401.0,775.75,65617.3365769769,62.89321612065926
4211405,Nova Erechim,42,SC,Santa Catarina,Sul,5408.0,248376.626,446.0,3069.93,1472.0,2017.0,454.0,57766.829,65.087,5155.0,79.2,45927.63054733728,82.47041420118343
4211454,Nova Itaberaba,42,SC,Santa Catarina,Sul,4648.0,189438.609,274.0,3627.88,801.0,1102.0,276.0,38203.463,137.388,4536.0,33.02,40757.01570567986,58.950086058519794
4211504,Nova Trento,42,SC,Santa Catarina,Sul,14252.0,691558.991,1140.0,2733.33,7176.0,8661.0,1162.0,272096.985,402.852,13727.0,34.07,48523.64517260735,79.9887735054729
4211603,Nova Veneza,42,SC,Santa Catarina,Sul,13968.0,1074610.27,1073.0,3273.84,7843.0,9318.0,1117.0,341939.754,295.061,13664.0,46.31,76933.72494272623,76.8184421534937
4211652,Novo Horizonte,42,SC,Santa Catarina,Sul,2670.0,119843.694,146.0,3095.42,478.0,623.0,148.0,20486.798,151.722,2643.0,17.42,44885.278651685396,54.68164794007491
4211702,Orleans,42,SC,Santa Catarina,Sul,24474.0,1188043.986,1830.0,3176.35,8719.0,11083.0,1864.0,367593.379,549.859,23661.0,43.03,48543.10639862711,74.77322873253249
4211751,Otacílio Costa,42,SC,Santa Catarina,Sul,17780.0,998100.361,1156.0,3897.13,6220.0,7474.0,1186.0,333520.925,847.253,17312.0,20.43,56136.128290213725,65.01687289088865
4211801,Ouro,42,SC,Santa Catarina,Sul,7091.0,252631.351,544.0,2890.45,1183.0,1874.0,555.0,47645.842,213.543,7032.0,32.93,35627.04146100691,76.71696516711324
4211850,Ouro Verde,42,SC,Santa Catarina,Sul,2203.0,137266.498,116.0,2761.51,337.0,439.0,116.0,11981.5,188.568,2181.0,11.57,62308.896050839765,52.65546981389015
4211876,Paial,42,SC,Santa Catarina,Sul,1992.0,58313.816,104.0,3674.54,317.0,413.0,106.0,17629.142,86.048,1927.0,22.39,29274.004016064257,52.20883534136546
4211892,Painel,42,SC,Santa Catarina,Sul,2228.0,84940.762,88.0,3107.31,332.0,411.0,94.0,14574.545,738.331,2215.0,3.0,38124.219928186714,39.49730700179533
4211900,Palhoça,42,SC,Santa Catarina,Sul,245477.0,8210037.213,15611.0,3257.72,59192.0,77849.0,16392.0,2557023.023,394.85,222598.0,563.75,33445.24013655047,63.59455264648012
4212007,Palma Sola,42,SC,Santa Catarina,Sul,7709.0,332286.617,504.0,3036.73,1687.0,2345.0,512.0,69965.166,330.878,7605.0,22.98,43103.72512647555,65.37812945907382
4212056,Palmeira,42,SC,Santa Catarina,Sul,2640.0,187896.54,177.0,3356.89,903.0,1076.0,178.0,39229.307,289.097,2561.0,8.86,71172.93181818182,67.04545454545455
4212106,Palmitos,42,SC,Santa Catarina,Sul,15812.0,913812.689,1074.0,4378.46,5824.0,7275.0,1098.0,335085.439,351.051,15626.0,44.51,57792.35321274981,67.92309638249431
4212205,Papanduva,42,SC,Santa Catarina,Sul,19667.0,853825.629,940.0,3022.3,4232.0,5339.0,974.0,169666.315,764.737,19150.0,25.04,43414.12665887019,47.79580007118523
4212239,Paraíso,42,SC,Santa Catarina,Sul,4376.0,143301.458,170.0,3490.46,753.0,934.0,174.0,39637.759,180.338,4267.0,23.66,32747.133912248628,38.84826325411334
4212254,Passo de Torres,42,SC,Santa Catarina,Sul,14284.0,237368.224,664.0,2905.12,1661.0,2357.0,676.0,65233.394,92.638,12897.0,139.22,16617.769812377486,46.48557826939233
4212270,Passos Maia,42,SC,Santa Catarina,Sul,4032.0,175185.287,242.0,2861.99,793.0,1099.0,246.0,30944.115,617.092,4034.0,6.54,43448.73189484127,60.01984126984127
4212304,Paulo Lopes,42,SC,Santa Catarina,Sul,9661.0,250072.785,558.0,2973.61,2610.0,3260.0,568.0,101446.537,446.165,9063.0,20.31,25884.772280302244,57.757996066659764
4212403,Pedras Grandes,42,SC,Santa Catarina,Sul,4343.0,243931.21,250.0,2976.77,1765.0,2072.0,258.0,70813.218,159.891,4245.0,26.55,56166.523140686164,57.563895924476164
4212502,Penha,42,SC,Santa Catarina,Sul,36124.0,1037152.613,2604.0,2969.71,10528.0,13657.0,2674.0,386844.631,57.752,33663.0,582.89,28710.90169970103,72.0850404163437
4212601,Peritiba,42,SC,Santa Catarina,Sul,3039.0,120957.018,303.0,3384.76,747.0,1106.0,304.0,32104.236,96.168,2992.0,31.11,39801.5853899309,99.70384995064165
4212650,Pescaria Brava,42,SC,Santa Catarina,Sul,10531.0,119467.627,308.0,3088.23,955.0,1285.0,310.0,42619.99,106.853,10190.0,95.36,11344.376317538696,29.246985091634222
4212700,Petrolândia,42,SC,Santa Catarina,Sul,6942.0,223564.253,342.0,3188.27,1171.0,1595.0,349.0,48636.113,306.76,6716.0,21.89,32204.588447133392,49.265341400172865
4212809,Balneário Piçarras,42,SC,Santa Catarina,Sul,29725.0,1513947.496,2575.0,3630.53,7075.0,9867.0,2717.0,334714.405,99.355,27127.0,273.03,50931.791286795626,86.62741799831791
4212908,Pinhalzinho,42,SC,Santa Catarina,Sul,23379.0,1514219.441,2104.0,3471.49,8551.0,11329.0,2187.0,399989.499,128.726,21972.0,170.69,64768.35797082852,89.99529492279396
4213005,Pinheiro Preto,42,SC,Santa Catarina,Sul,3598.0,227281.515,277.0,3076.31,1721.0,2067.0,292.0,72165.673,61.011,3473.0,56.92,63168.847971095056,76.98721511951085
4213104,Piratuba,42,SC,Santa Catarina,Sul,6053.0,801158.678,692.0,3024.17,1695.0,2414.0,706.0,69647.054,146.088,5769.0,39.49,132357.29026928794,114.32347596233272
4213153,Planalto Alegre,42,SC,Santa Catarina,Sul,3053.0,141935.084,207.0,2909.59,548.0,776.0,211.0,23449.751,63.1,2946.0,46.69,46490.364886996394,67.80216180805765
4213203,Pomerode,42,SC,Santa Catarina,Sul,36392.0,2806452.879,2786.0,4092.24,16394.0,20016.0,2901.0,883423.132,214.299,34289.0,160.01,77117.3026764124,76.55528687623654
4213302,Ponte Alta,42,SC,Santa Catarina,Sul,4430.0,175776.261,228.0,2660.76,925.0,1158.0,232.0,31886.022,575.17,4437.0,7.71,39678.61422121896,51.46726862302483
4213351,Ponte Alta do Norte,42,SC,Santa Catarina,Sul,3249.0,166641.327,192.0,2521.14,914.0,1101.0,199.0,31120.393,396.882,3210.0,8.09,51290.03601108033,59.095106186518926
4213401,Ponte Serrada,42,SC,Santa Catarina,Sul,10764.0,291075.288,730.0,3031.96,2375.0,3218.0,741.0,93951.493,560.731,10649.0,18.99,27041.554069119287,67.81865477517651
4213500,Porto Belo,42,SC,Santa Catarina,Sul,30590.0,1472148.818,2877.0,3289.56,9684.0,13027.0,2935.0,410868.074,93.673,27688.0,295.58,48125.16567505721,94.05034324942791
4213609,Porto União,42,SC,Santa Catarina,Sul,33727.0,1149833.435,1902.0,2853.95,7536.0,9831.0,1970.0,294861.173,848.779,32970.0,38.84,34092.37213508465,56.393987013372076
4213708,Pouso Redondo,42,SC,Santa Catarina,Sul,17836.0,719080.676,1114.0,3032.08,5954.0,7293.0,1137.0,232551.736,356.539,17123.0,48.03,40316.25229872169,62.45795021305226
4213807,Praia Grande,42,SC,Santa Catarina,Sul,8602.0,223278.882,485.0,2952.98,1735.0,2344.0,497.0,73936.82,284.36,8270.0,29.08,25956.624273424786,56.38223668914206
4213906,Presidente Castello Branco,42,SC,Santa Catarina,Sul,1711.0,75922.983,161.0,3210.52,348.0,511.0,164.0,14334.511,65.433,1689.0,25.81,44373.45587375804,94.09701928696668
4214003,Presidente Getúlio,42,SC,Santa Catarina,Sul,21293.0,985125.186,1274.0,2812.56,8403.0,9977.0,1311.0,307556.674,297.16,20010.0,67.34,46265.21326257456,59.831869628516415
4214102,Presidente Nereu,42,SC,Santa Catarina,Sul,2345.0,62744.222,118.0,3142.94,388.0,490.0,118.0,16195.406,224.748,2301.0,10.24,26756.597867803837,50.31982942430704
4214151,Princesa,42,SC,Santa Catarina,Sul,3054.0,135910.565,153.0,3314.88,822.0,1011.0,155.0,37006.5,85.598,2964.0,34.63,44502.47707924034,50.09823182711198
4214201,Quilombo,42,SC,Santa Catarina,Sul,11359.0,462641.713,823.0,3253.26,3602.0,4715.0,843.0,152785.74,278.983,11022.0,39.51,40729.08821199049,72.45356105290959
4214300,Rancho Queimado,42,SC,Santa Catarina,Sul,3435.0,165750.944,327.0,3900.19,730.0,1170.0,330.0,37057.448,286.461,3279.0,11.45,48253.5499272198,95.19650655021834
4214409,Rio das Antas,42,SC,Santa Catarina,Sul,6386.0,288090.395,332.0,2944.93,1382.0,1793.0,340.0,55754.306,314.913,6253.0,19.86,45112.808487316004,51.98872533667397
4214508,Rio do Campo,42,SC,Santa Catarina,Sul,6613.0,212940.736,403.0,3054.43,1257.0,1701.0,408.0,50857.156,502.095,6452.0,12.85,32200.323000151217,60.9405716013912
4214607,Rio do Oeste,42,SC,Santa Catarina,Sul,8008.0,276135.741,416.0,2840.84,1593.0,2064.0,420.0,60509.867,245.057,7747.0,31.61,34482.48513986014,51.948051948051955
4214706,Rio dos Cedros,42,SC,Santa Catarina,Sul,11163.0,475004.798,822.0,2958.01,3560.0,4652.0,838.0,147387.196,555.473,10865.0,19.56,42551.715309504616,73.6361193227627
4214805,Rio do Sul,42,SC,Santa Catarina,Sul,76390.0,3690347.019,7122.0,3497.72,33507.0,42821.0,7399.0,1527698.482,260.817,72587.0,278.31,48309.29465898678,93.23209844220447
4214904,Rio Fortuna,42,SC,Santa Catarina,Sul,5006.0,302785.144,438.0,2805.4,1328.0,1905.0,447.0,48903.58,302.39,4847.0,16.03,60484.447463044344,87.49500599280863
4215000,Rio Negrinho,42,SC,Santa Catarina,Sul,40168.0,1614642.813,2838.0,3290.56,13611.0,17277.0,2985.0,582791.775,907.42,39261.0,43.27,40197.24190898227,70.65325632344155
4215059,Rio Rufino,42,SC,Santa Catarina,Sul,2432.0,70066.429,130.0,2472.72,421.0,543.0,130.0,14868.194,282.571,2397.0,8.48,28810.209292763157,53.453947368421055
4215075,Riqueza,42,SC,Santa Catarina,Sul,4835.0,147664.822,314.0,2864.84,891.0,1258.0,317.0,34387.928,191.061,4768.0,24.96,30540.811168562566,64.94312306101345
4215109,Rodeio,42,SC,Santa Catarina,Sul,13321.0,390081.08,801.0,2614.27,2770.0,3773.0,813.0,102028.351,129.001,12757.0,98.89,29283.16793033556,60.130620824262444
4215208,Romelândia,42,SC,Santa Catarina,Sul,4757.0,111332.805,257.0,3296.88,391.0,664.0,258.0,17611.391,223.333,4823.0,21.6,23403.99516501997,54.02564641580828
4215307,Salete,42,SC,Santa Catarina,Sul,7643.0,318173.816,576.0,3321.64,2440.0,3092.0,579.0,109000.493,177.887,7489.0,42.1,41629.44079549915,75.36307732565746
4215356,Saltinho,42,SC,Santa Catarina,Sul,3633.0,93630.124,171.0,2955.72,519.0,707.0,172.0,21514.202,156.568,3632.0,23.2,25772.12331406551,47.06853839801817
4215406,Salto Veloso,42,SC,Santa Catarina,Sul,4486.0,266923.34,307.0,3015.47,1890.0,2283.0,313.0,75035.564,104.531,4390.0,42.0,59501.413285777984,68.43513152028534
4215455,Sangão,42,SC,Santa Catarina,Sul,13567.0,466691.592,736.0,2529.36,5084.0,5904.0,745.0,176423.731,82.984,12882.0,155.23,34399.02646126631,54.24928134443871
4215505,Santa Cecília,42,SC,Santa Catarina,Sul,15764.0,662060.3,1006.0,3168.08,4944.0,6056.0,1042.0,213145.87,1145.845,15546.0,13.57,41998.242831768584,63.8162902816544
4215554,Santa Helena,42,SC,Santa Catarina,Sul,2473.0,103612.985,135.0,2858.42,469.0,618.0,135.0,19288.699,81.004,2425.0,29.94,41897.68904164982,54.58956732713303
4215604,Santa Rosa de Lima,42,SC,Santa Catarina,Sul,2128.0,72830.02,172.0,3222.27,433.0,627.0,174.0,18700.314,203.218,2088.0,10.27,34224.63345864662,80.82706766917293
4215653,Santa Rosa do Sul,42,SC,Santa Catarina,Sul,10288.0,199093.56,524.0,2647.81,1517.0,2122.0,532.0,53656.362,150.299,9792.0,65.15,19352.017884914465,50.93312597200622
4215679,Santa Terezinha,42,SC,Santa Catarina,Sul,8077.0,268987.889,335.0,3002.03,873.0,1252.0,341.0,35517.146,715.551,8066.0,11.27,33302.94527671165,41.475795468614585
4215687,Santa Terezinha do Progresso,42,SC,Santa Catarina,Sul,2562.0,65118.802,155.0,2505.08,392.0,566.0,157.0,12567.907,119.653,2576.0,21.53,25417.17486338798,60.49960967993755
4215695,Santiago do Sul,42,SC,Santa Catarina,Sul,1714.0,48481.683,102.0,3944.21,290.0,404.0,103.0,13511.919,73.335,1651.0,22.51,28285.696032672113,59.50991831971995
4215703,Santo Amaro da Imperatriz,42,SC,Santa Catarina,Sul,29392.0,1256506.631,1878.0,2894.88,7481.0,9689.0,1908.0,303439.043,344.235,27272.0,79.22,42749.953422700055,63.89493739793141
4215752,São Bernardino,42,SC,Santa Catarina,Sul,2719.0,88164.024,148.0,2510.9,536.0,714.0,148.0,17485.185,149.891,2684.0,17.91,32425.16513424053,54.43177638837808
4215802,São Bento do Sul,42,SC,Santa Catarina,Sul,86851.0,4697510.537,5914.0,3391.55,29863.0,37952.0,6181.0,1370733.607,495.772,83277.0,167.97,54087.0057569861,68.09363162197327
4215901,São Bonifácio,42,SC,Santa Catarina,Sul,2986.0,112431.565,166.0,2626.12,681.0,856.0,172.0,22183.886,461.438,2946.0,6.38,37652.90187541862,55.59276624246483
4216008,São Carlos,42,SC,Santa Catarina,Sul,10460.0,520825.076,735.0,3130.23,2995.0,3900.0,750.0,127105.648,162.12,10282.0,63.42,49792.072275334605,70.26768642447419
4216057,São Cristóvão do Sul,42,SC,Santa Catarina,Sul,6389.0,219812.268,323.0,2906.31,1709.0,2071.0,336.0,66237.121,345.903,6084.0,17.59,34404.80012521522,50.55564251056503
4216107,São Domingos,42,SC,Santa Catarina,Sul,9356.0,450004.216,739.0,2879.86,1539.0,2359.0,754.0,62521.111,367.525,9226.0,25.1,48097.92817443352,78.98674647285165
4216206,São Francisco do Sul,42,SC,Santa Catarina,Sul,55784.0,8516614.709,3434.0,5345.29,14750.0,18600.0,3554.0,1014838.804,493.266,52674.0,106.79,152671.2804567618,61.55886992686075
4216255,São João do Oeste,42,SC,Santa Catarina,Sul,6446.0,353230.205,414.0,3430.3,1616.0,2144.0,433.0,74816.442,163.747,6295.0,38.44,54798.35634502017,64.22587651256593
4216305,São João Batista,42,SC,Santa Catarina,Sul,34733.0,1029818.998,2017.0,2711.32,9583.0,12007.0,2076.0,360320.839,200.765,32687.0,162.81,29649.583911553855,58.07157458324936
4216354,São João do Itaperiú,42,SC,Santa Catarina,Sul,4732.0,338152.428,311.0,3534.65,1693.0,2052.0,311.0,78706.274,151.885,4463.0,29.38,71460.78360101437,65.72273879966188
4216404,São João do Sul,42,SC,Santa Catarina,Sul,9126.0,282920.264,426.0,2721.95,1292.0,1738.0,433.0,51612.289,184.375,8668.0,47.01,31001.563006793775,46.67981591058514
4216503,São Joaquim,42,SC,Santa Catarina,Sul,26852.0,1133377.656,1448.0,2903.03,5291.0,6974.0,1525.0,215732.339,1888.634,25939.0,13.73,42208.314315507225,53.92521972292567
4216602,São José,42,SC,Santa Catarina,Sul,289949.0,13840194.7,21405.0,3000.3,138893.0,164545.0,22446.0,5425889.128,150.499,270299.0,1796.02,47733.20377031823,73.82332755070719
4216701,São José do Cedro,42,SC,Santa Catarina,Sul,14491.0,568199.725,1076.0,2950.04,3015.0,4287.0,1096.0,121546.475,280.76,14167.0,50.46,39210.52549858533,74.25298461113795
4216800,São José do Cerrito,42,SC,Santa Catarina,Sul,8755.0,318823.866,338.0,2710.87,773.0,1158.0,344.0,28231.503,948.714,8708.0,9.18,36416.203997715595,38.606510565391204
4216909,São Lourenço do Oeste,42,SC,Santa Catarina,Sul,25770.0,1389520.744,2354.0,3358.79,10373.0,13482.0,2419.0,457351.94,356.193,24791.0,69.6,53920.09095847885,91.3465269693442
4217006,São Ludgero,42,SC,Santa Catarina,Sul,14211.0,929265.153,1051.0,3536.79,6098.0,7528.0,1073.0,284138.57,106.765,13509.0,126.53,65390.55330377876,73.95679403279149
4217105,São Martinho,42,SC,Santa Catarina,Sul,3501.0,109265.51,285.0,2714.6,872.0,1201.0,292.0,32628.97,224.566,3405.0,15.16,31209.800057126537,81.40531276778064
4217154,São Miguel da Boa Vista,42,SC,Santa Catarina,Sul,1788.0,50299.691,86.0,4125.37,167.0,243.0,87.0,9105.816,72.755,1781.0,24.48,28131.818232662194,48.09843400447427
4217204,São Miguel do Oeste,42,SC,Santa Catarina,Sul,46969.0,2174479.84,3977.0,3520.72,16726.0,21917.0,4088.0,766728.276,234.202,44330.0,189.28,46296.06421256573,84.6728693393515
4217253,São Pedro de Alcântara,42,SC,Santa Catarina,Sul,6076.0,101139.775,293.0,2628.41,660.0,1015.0,293.0,23865.953,139.196,5776.0,41.5,16645.78258722844,48.222514812376566
4217303,Saudades,42,SC,Santa Catarina,Sul,10680.0,527168.233,675.0,3546.04,3207.0,4114.0,706.0,155642.649,205.781,10265.0,49.88,49360.32144194756,63.20224719101124
4217402,Schroeder,42,SC,Santa Catarina,Sul,21273.0,759499.228,1065.0,3758.32,4962.0,6311.0,1082.0,252406.908,165.237,20061.0,121.41,35702.49743806703,50.0634607248625
4217501,Seara,42,SC,Santa Catarina,Sul,19241.0,1178643.916,1222.0,3161.6,8337.0,9922.0,1285.0,340770.529,309.627,18620.0,60.14,61256.89496387922,63.5102125669144
4217550,Serra Alta,42,SC,Santa Catarina,Sul,3367.0,118038.145,228.0,2837.85,726.0,992.0,238.0,29389.662,90.564,3303.0,36.47,35057.364122364124,67.71606771606771
4217600,Siderópolis,42,SC,Santa Catarina,Sul,14087.0,679557.005,779.0,3294.16,4496.0,5509.0,796.0,195913.142,262.004,13714.0,52.34,48240.008873429404,55.29921203946901
4217709,Sombrio,42,SC,Santa Catarina,Sul,31397.0,910385.849,2191.0,2422.43,8083.0,10738.0,2288.0,270575.068,143.457,29991.0,209.06,28995.95021817371,69.783737299742
4217758,Sul Brasil,42,SC,Santa Catarina,Sul,2894.0,83394.824,110.0,3187.33,402.0,500.0,114.0,17793.12,113.125,2832.0,25.03,28816.45611610228,38.00967519004837
4217808,Taió,42,SC,Santa Catarina,Sul,18808.0,844678.391,1468.0,3231.84,5410.0,7310.0,1507.0,233889.168,693.847,18310.0,26.39,44910.59075925138,78.05189281156954
4217907,Tangará,42,SC,Santa Catarina,Sul,8189.0,600872.17,475.0,3633.48,2663.0,3250.0,497.0,122104.91,390.044,8143.0,20.88,73375.524484064,58.0046403712297
4217956,Tigrinhos,42,SC,Santa Catarina,Sul,2480.0,65553.687,102.0,3837.69,248.0,350.0,105.0,14240.603,56.962,2329.0,40.89,26432.938306451615,41.12903225806452
4218004,Tijucas,42,SC,Santa Catarina,Sul,56674.0,2438156.377,3893.0,3649.52,19678.0,24283.0,4133.0,956684.605,279.159,51592.0,184.81,43020.7216183788,68.69111056216254
4218103,Timbé do Sul,42,SC,Santa Catarina,Sul,5495.0,154884.569,288.0,2817.99,899.0,1218.0,289.0,34109.759,328.507,5386.0,16.4,28186.454777070063,52.41128298453139
4218202,Timbó,42,SC,Santa Catarina,Sul,48903.0,2534741.041,4067.0,3450.39,19328.0,24657.0,4229.0,892608.986,128.313,46099.0,359.27,51832.01523423921,83.16463202666503
4218251,Timbó Grande,42,SC,Santa Catarina,Sul,7503.0,303296.122,320.0,2692.12,1651.0,1943.0,323.0,59183.272,596.344,7342.0,12.31,40423.31360789018,42.64960682393709
4218301,Três Barras,42,SC,Santa Catarina,Sul,20373.0,1522852.302,666.0,3718.33,6433.0,7138.0,678.0,335563.891,436.496,19746.0,45.24,74748.55455750258,32.69032543071713
4218350,Treviso,42,SC,Santa Catarina,Sul,3895.0,232256.933,237.0,4758.49,1612.0,1858.0,239.0,104123.288,156.61,3782.0,24.15,59629.50783055199,60.84724005134788
4218400,Treze de Maio,42,SC,Santa Catarina,Sul,7585.0,199732.0,511.0,2655.92,2395.0,2986.0,520.0,84336.097,159.833,7362.0,46.06,26332.49835201055,67.36980883322346
4218509,Treze Tílias,42,SC,Santa Catarina,Sul,9308.0,829531.908,882.0,3716.67,4614.0,5718.0,904.0,220344.01,185.937,8787.0,47.26,89120.31671680276,94.75719810915342
4218608,Trombudo Central,42,SC,Santa Catarina,Sul,7532.0,437964.649,562.0,3357.04,2177.0,2840.0,572.0,98474.009,109.648,7274.0,66.34,58147.19184811471,74.61497610196496
4218707,Tubarão,42,SC,Santa Catarina,Sul,115495.0,4817595.577,10372.0,3146.71,42098.0,55332.0,10813.0,1761173.053,301.485,110088.0,365.15,41712.589956275166,89.80475345253042
4218756,Tunápolis,42,SC,Santa Catarina,Sul,5054.0,182315.835,347.0,3246.82,940.0,1437.0,351.0,39462.931,132.939,4916.0,36.98,36073.572417886826,68.65848832607836
4218806,Turvo,42,SC,Santa Catarina,Sul,13492.0,737916.019,997.0,3504.9,4449.0,5738.0,1030.0,200665.642,235.104,13043.0,55.48,54692.85643344204,73.89564186184406
4218855,União do Oeste,42,SC,Santa Catarina,Sul,2801.0,85131.946,149.0,3651.85,411.0,556.0,155.0,19584.919,92.857,2774.0,29.87,30393.411638700465,53.195287397358086
4218905,Urubici,42,SC,Santa Catarina,Sul,11048.0,356315.297,1051.0,2786.89,1818.0,3269.0,1074.0,70988.495,1021.371,10834.0,10.61,32251.565622737147,95.13034033309197
4218954,Urupema,42,SC,Santa Catarina,Sul,2735.0,88458.9,118.0,2831.71,473.0,585.0,119.0,19954.815,350.472,2656.0,7.58,32343.29067641682,43.144424131627055
4219002,Urussanga,42,SC,Santa Catarina,Sul,21395.0,1087691.42,1396.0,4056.86,8428.0,10140.0,1418.0,459492.466,254.954,20919.0,82.05,50838.5800420659,65.24888992755317
4219101,Vargeão,42,SC,Santa Catarina,Sul,3716.0,201009.745,276.0,3822.29,1229.0,1534.0,279.0,64310.979,166.685,3634.0,21.8,54093.04224973089,74.27341227125942
4219150,Vargem,42,SC,Santa Catarina,Sul,2632.0,116146.444,135.0,2546.45,399.0,520.0,135.0,14303.49,350.606,2627.0,7.49,44128.588145896654,51.2917933130699
4219176,Vargem Bonita,42,SC,Santa Catarina,Sul,4615.0,539920.021,253.0,4969.32,1914.0,2194.0,260.0,127193.317,299.807,4576.0,15.26,116992.42058504875,54.82123510292524
4219200,Vidal Ramos,42,SC,Santa Catarina,Sul,6275.0,354849.28,430.0,3454.91,1054.0,1581.0,437.0,48697.421,346.932,6189.0,17.84,56549.686055776896,68.52589641434263
4219309,Videira,42,SC,Santa Catarina,Sul,58299.0,3456102.14,4448.0,3365.23,22771.0,28807.0,4651.0,1045785.776,384.127,55466.0,144.39,59282.357158784886,76.29633441396936
4219358,Vitor Meireles,42,SC,Santa Catarina,Sul,5492.0,142287.674,331.0,2742.67,949.0,1332.0,335.0,35219.364,370.414,5370.0,14.5,25908.17079388201,60.2694828841952
4219408,Witmarsum,42,SC,Santa Catarina,Sul,4451.0,175207.745,308.0,2929.98,1357.0,1717.0,313.0,53196.087,153.776,4255.0,27.67,39363.681195237026,69.19793304875309
4219507,Xanxerê,42,SC,Santa Catarina,Sul,54194.0,2639976.938,5403.0,3458.06,15221.0,22461.0,5570.0,689564.213,377.426,51607.0,136.73,48713.45422002436,99.69738347418533
4219606,Xavantina,42,SC,Santa Catarina,Sul,3627.0,211879.818,239.0,3689.49,504.0,789.0,243.0,24168.23,218.032,3653.0,16.75,58417.374689826305,65.8946787979046
4219705,Xaxim,42,SC,Santa Catarina,Sul,33902.0,1471922.481,2427.0,3382.57,12707.0,15859.0,2473.0,567875.72,293.628,31918.0,108.7,43416.98073859949,71.5886968320453
4219853,Zortéa,42,SC,Santa Catarina,Sul,4170.0,103656.515,186.0,3768.2,285.0,467.0,189.0,18850.043,190.179,3930.0,20.66,24857.677458033573,44.60431654676259
4220000,Balneário Rincão,42,SC,Santa Catarina,Sul,17226.0,294751.343,832.0,2672.01,2792.0,3775.0,841.0,96637.509,63.42,15981.0,251.99,17110.840763961452,48.299082781841406
4300034,Aceguá,43,RS,Rio Grande do Sul,Sul,4253.0,458226.355,262.0,3827.23,878.0,1156.0,287.0,44529.301,1551.339,4170.0,2.69,107741.91276745827,61.60357394780156
4300059,Água Santa,43,RS,Rio Grande do Sul,Sul,4000.0,547412.925,219.0,4083.02,671.0,897.0,235.0,36358.273,291.503,3912.0,13.42,136853.23125,54.75
4300109,Agudo,43,RS,Rio Grande do Sul,Sul,16346.0,667876.901,691.0,2955.95,2733.0,3544.0,723.0,107454.068,534.624,16041.0,30.0,40858.73614339899,42.273339043190994
4300208,Ajuricaba,43,RS,Rio Grande do Sul,Sul,6848.0,521060.49,383.0,3239.14,1379.0,1832.0,397.0,57226.694,322.674,6720.0,20.83,76089.44071261682,55.92873831775701
4300307,Alecrim,43,RS,Rio Grande do Sul,Sul,6228.0,162073.239,227.0,2682.99,564.0,802.0,229.0,20410.75,316.394,6123.0,19.35,26023.320327552985,36.44829800899165
4300406,Alegrete,43,RS,Rio Grande do Sul,Sul,74329.0,3079885.857,3019.0,3092.04,12239.0,15797.0,3271.0,466487.431,7800.428,72409.0,9.28,41435.857565687686,40.61671756649491
4300455,Alegria,43,RS,Rio Grande do Sul,Sul,3711.0,156623.193,186.0,3142.7,354.0,545.0,191.0,15924.929,172.794,3651.0,21.13,42205.118027485856,50.121261115602266
4300471,Almirante Tamandaré do Sul,43,RS,Rio Grande do Sul,Sul,2008.0,276411.847,108.0,3626.07,649.0,762.0,111.0,29244.477,265.042,1969.0,7.43,137655.30229083664,53.78486055776892
4300505,Alpestre,43,RS,Rio Grande do Sul,Sul,7243.0,196383.735,344.0,3365.67,861.0,1216.0,351.0,38233.763,325.979,7117.0,21.83,27113.590363109208,47.494132265635784
4300554,Alto Alegre,43,RS,Rio Grande do Sul,Sul,1837.0,106141.567,103.0,2945.88,318.0,411.0,104.0,12735.858,115.335,1800.0,15.61,57779.84050081655,56.06967882416984
4300570,Alto Feliz,43,RS,Rio Grande do Sul,Sul,3143.0,161548.892,147.0,3677.61,846.0,1034.0,149.0,39985.483,78.175,3072.0,39.3,51399.58383709831,46.770601336302896
4300604,Alvorada,43,RS,Rio Grande do Sul,Sul,194116.0,3302273.337,5260.0,3144.82,19359.0,25385.0,5529.0,789348.426,71.7,187315.0,2612.48,17011.855473016134,27.097199612602772
4300638,Amaral Ferrador,43,RS,Rio Grande do Sul,Sul,5394.0,147633.404,154.0,2840.5,454.0,602.0,162.0,16426.75,505.983,5310.0,10.49,27369.930292918056,28.550241008527994
4300646,Ametista do Sul,43,RS,Rio Grande do Sul,Sul,7822.0,177771.981,582.0,2397.58,1501.0,2158.0,589.0,47651.66,93.704,7650.0,81.64,22727.17732037842,74.40552288417285
4300661,André da Rocha,43,RS,Rio Grande do Sul,Sul,1157.0,193089.736,111.0,3502.44,230.0,349.0,114.0,11937.968,331.208,1135.0,3.43,166888.27657735522,95.93777009507347
4300703,Anta Gorda,43,RS,Rio Grande do Sul,Sul,6080.0,322292.755,430.0,3457.15,1426.0,1981.0,436.0,62947.609,242.1,5957.0,24.61,53008.67680921053,70.72368421052632
4300802,Antônio Prado,43,RS,Rio Grande do Sul,Sul,13328.0,797512.764,1176.0,3245.46,3923.0,5506.0,1210.0,166415.023,347.541,13045.0,37.54,59837.39225690276,88.23529411764706
4300851,Arambaré,43,RS,Rio Grande do Sul,Sul,4211.0,285089.122,237.0,3109.0,496.0,716.0,244.0,21027.318,518.193,4112.0,7.94,67701.05010686298,56.28116836855854
4300877,Araricá,43,RS,Rio Grande do Sul,Sul,8794.0,236432.38,461.0,2775.37,2474.0,3012.0,476.0,94472.528,35.391,8525.0,240.88,26885.647032067318,52.422105981350924
4300901,Aratiba,43,RS,Rio Grande do Sul,Sul,6618.0,946971.906,456.0,3915.69,1107.0,1621.0,469.0,68615.959,342.279,6483.0,18.94,143090.3454215775,68.90299184043518
4301008,Arroio do Meio,43,RS,Rio Grande do Sul,Sul,22490.0,1536560.062,1739.0,3116.0,7926.0,10187.0,1798.0,327909.948,157.088,21958.0,139.78,68321.92361049356,77.32325477990217
4301057,Arroio do Sal,43,RS,Rio Grande do Sul,Sul,11384.0,285580.398,855.0,2886.08,2229.0,3210.0,887.0,79395.405,119.16,11057.0,92.79,25086.12069571328,75.10541110330287
4301073,Arroio do Padre,43,RS,Rio Grande do Sul,Sul,2651.0,76784.699,85.0,2888.95,347.0,436.0,87.0,12956.938,124.693,2599.0,20.84,28964.428140324406,32.06337231233497
4301107,Arroio dos Ratos,43,RS,Rio Grande do Sul,Sul,14923.0,357347.875,599.0,2912.35,1887.0,2538.0,611.0,74636.732,425.791,14601.0,34.29,23946.11505729411,40.13938216176372
4301206,Arroio do Tigre,43,RS,Rio Grande do Sul,Sul,12296.0,429273.362,602.0,2523.17,1898.0,2620.0,616.0,66395.157,315.132,12058.0,38.26,34911.62670787248,48.959011060507486
4301305,Arroio Grande,43,RS,Rio Grande do Sul,Sul,17887.0,1131511.845,727.0,3277.02,2197.0,2953.0,772.0,95662.886,2508.557,17558.0,7.0,63258.89444848214,40.644043159836755
4301404,Arvorezinha,43,RS,Rio Grande do Sul,Sul,10545.0,336248.132,752.0,2732.73,1783.0,2778.0,766.0,65209.246,269.31,10322.0,38.33,31886.97316263632,71.31341868183974
4301503,Augusto Pestana,43,RS,Rio Grande do Sul,Sul,7302.0,504184.31,449.0,3932.3,1451.0,1951.0,463.0,59571.607,348.231,7149.0,20.53,69047.42673240208,61.490002738975626
4301552,Áurea,43,RS,Rio Grande do Sul,Sul,3460.0,163439.24,231.0,3245.41,444.0,699.0,238.0,18859.083,156.727,3396.0,21.67,47236.774566473985,66.76300578034682
4301602,Bagé,43,RS,Rio Grande do Sul,Sul,121900.0,3748436.997,4524.0,3889.19,20903.0,26442.0,4880.0,1034167.855,4090.36,117938.0,28.83,30750.09841673503,37.1123872026251
4301636,Balneário Pinhal,43,RS,Rio Grande do Sul,Sul,15371.0,312094.778,457.0,2816.6,1801.0,2240.0,488.0,65682.782,102.387,14955.0,146.06,20304.129724806455,29.731312211307007
4301651,Barão,43,RS,Rio Grande do Sul,Sul,6489.0,308102.42,444.0,3618.31,2004.0,2512.0,454.0,94711.57,124.757,6461.0,51.79,47480.72430266605,68.42348589921406
4301701,Barão de Cotegipe,43,RS,Rio Grande do Sul,Sul,7313.0,341673.55,650.0,3237.03,1519.0,2336.0,675.0,64596.953,260.505,7144.0,27.42,46721.393408997676,88.88281143169698
4301750,Barão do Triunfo,43,RS,Rio Grande do Sul,Sul,5983.0,142319.419,191.0,3035.13,449.0,626.0,196.0,18105.881,436.101,5889.0,13.5,23787.300518134714,31.923784054821997
4301800,Barracão,43,RS,Rio Grande do Sul,Sul,4920.0,317084.779,252.0,3144.39,651.0,929.0,259.0,26423.771,515.469,4831.0,9.37,64448.12581300813,51.21951219512195
4301859,Barra do Guarita,43,RS,Rio Grande do Sul,Sul,3230.0,56811.54,95.0,2648.82,246.0,321.0,97.0,11181.64,62.801,3161.0,50.33,17588.712074303407,29.41176470588235
4301875,Barra do Quaraí,43,RS,Rio Grande do Sul,Sul,4337.0,386182.598,200.0,2720.63,663.0,859.0,215.0,25938.007,1055.937,4241.0,4.02,89043.7163938206,46.11482591653217
4301909,Barra do Ribeiro,43,RS,Rio Grande do Sul,Sul,12475.0,507428.189,615.0,2518.28,2509.0,3212.0,624.0,87443.407,729.316,12225.0,16.76,40675.60633266533,49.298597194388776
4301925,Barra do Rio Azul,43,RS,Rio Grande do Sul,Sul,1724.0,80747.795,80.0,4042.07,245.0,309.0,81.0,12932.33,146.995,1696.0,11.54,46837.468097447796,46.403712296983755
4301958,Barra Funda,43,RS,Rio Grande do Sul,Sul,2555.0,165030.035,199.0,3430.87,969.0,1195.0,206.0,43909.944,60.437,2498.0,41.33,64591.011741682974,77.88649706457926
4302006,Barros Cassal,43,RS,Rio Grande do Sul,Sul,9442.0,244514.468,345.0,2578.06,906.0,1287.0,360.0,32005.923,647.994,9296.0,14.35,25896.46981571701,36.53886888371108
4302055,Benjamin Constant do Sul,43,RS,Rio Grande do Sul,Sul,2120.0,49313.673,78.0,2833.35,209.0,275.0,80.0,9006.921,132.351,2082.0,15.73,23261.166509433962,36.79245283018868
4302105,Bento Gonçalves,43,RS,Rio Grande do Sul,Sul,127775.0,7498525.294,11869.0,4283.15,46643.0,62337.0,12383.0,2664342.508,272.287,123151.0,452.28,58685.38676579926,92.88984543142243
4302154,Boa Vista das Missões,43,RS,Rio Grande do Sul,Sul,1969.0,238521.958,160.0,3249.75,403.0,568.0,165.0,16754.21,196.064,1933.0,9.86,121138.62772981208,81.25952260030472
4302204,Boa Vista do Buricá,43,RS,Rio Grande do Sul,Sul,7125.0,326886.614,765.0,2703.69,1833.0,2701.0,774.0,64697.961,109.541,6966.0,63.59,45878.82301754386,107.36842105263159
4302220,Boa Vista do Cadeado,43,RS,Rio Grande do Sul,Sul,2271.0,468751.666,86.0,4373.0,262.0,346.0,90.0,18304.817,701.221,2229.0,3.18,206407.60281814178,37.86878027300748
4302238,Boa Vista do Incra,43,RS,Rio Grande do Sul,Sul,2315.0,384173.957,109.0,3151.79,454.0,562.0,117.0,19500.021,504.114,2271.0,4.5,165949.87343412527,47.084233261339094
4302253,Boa Vista do Sul,43,RS,Rio Grande do Sul,Sul,2815.0,120127.489,161.0,3263.55,712.0,922.0,166.0,30265.94,94.399,2779.0,29.44,42674.063587921846,57.193605683836594
4302303,Bom Jesus,43,RS,Rio Grande do Sul,Sul,11431.0,613624.298,556.0,2586.96,2057.0,2646.0,585.0,87703.85,2622.837,11202.0,4.27,53680.718922229025,48.63966407138483
4302352,Bom Princípio,43,RS,Rio Grande do Sul,Sul,13650.0,906595.961,1283.0,2941.34,5690.0,7281.0,1322.0,221622.844,88.66,13142.0,148.23,66417.28652014652,93.992673992674
4302378,Bom Progresso,43,RS,Rio Grande do Sul,Sul,2134.0,86280.406,92.0,2839.13,258.0,337.0,96.0,14158.181,89.206,2096.0,23.5,40431.305529522026,43.111527647610124
4302402,Bom Retiro do Sul,43,RS,Rio Grande do Sul,Sul,12578.0,403056.098,685.0,2537.51,3642.0,4419.0,721.0,121869.053,102.54,12294.0,119.89,32044.529972968674,54.46016854825886
4302451,Boqueirão do Leão,43,RS,Rio Grande do Sul,Sul,6215.0,150394.643,335.0,2721.9,593.0,970.0,340.0,21537.956,265.952,6247.0,23.49,24198.655349959776,53.90185036202735
4302501,Bossoroca,43,RS,Rio Grande do Sul,Sul,5988.0,490599.017,222.0,3252.28,773.0,994.0,236.0,32437.801,1610.056,5890.0,3.66,81930.36356045424,37.07414829659319
4302584,Bozano,43,RS,Rio Grande do Sul,Sul,2195.0,227410.127,92.0,4406.42,234.0,318.0,94.0,13929.633,200.497,2151.0,10.73,103603.70250569476,41.91343963553531
4302600,Braga,43,RS,Rio Grande do Sul,Sul,3326.0,130948.737,112.0,2820.21,385.0,488.0,117.0,14365.181,132.044,3268.0,24.75,39371.237823211064,33.674082982561636
4302659,Brochier,43,RS,Rio Grande do Sul,Sul,5079.0,117700.928,321.0,2664.43,762.0,1116.0,325.0,27929.283,105.353,4966.0,47.14,23174.035833825557,63.20141760189013
4302709,Butiá,43,RS,Rio Grande do Sul,Sul,19433.0,543350.848,798.0,3268.33,3505.0,4321.0,826.0,157232.129,752.187,19084.0,25.37,27960.214480522824,41.064169196727214
4302808,Caçapava do Sul,43,RS,Rio Grande do Sul,Sul,33508.0,1122673.641,1556.0,3189.86,5727.0,7703.0,1655.0,247003.845,3048.147,32515.0,10.67,33504.64489077235,46.4366718395607
4302907,Cacequi,43,RS,Rio Grande do Sul,Sul,11324.0,623088.146,376.0,2990.33,1404.0,1767.0,389.0,54430.695,2373.507,11157.0,4.7,55023.67944189332,33.2038149063935
4303004,Cachoeira do Sul,43,RS,Rio Grande do Sul,Sul,82250.0,3542706.333,3782.0,3111.98,13941.0,18775.0,4037.0,571229.553,3736.064,80070.0,21.43,43072.4174224924,45.981762917933125
4303103,Cachoeirinha,43,RS,Rio Grande do Sul,Sul,141303.0,6458503.943,8660.0,3509.22,40912.0,51440.0,9777.0,1867407.13,43.778,136258.0,3112.48,45706.77156889804,61.28673842735115
4303202,Cacique Doble,43,RS,Rio Grande do Sul,Sul,4694.0,169235.943,234.0,2779.6,408.0,667.0,235.0,15491.723,204.055,4603.0,22.56,36053.67341286749,49.850873455475075
4303301,Caibaté,43,RS,Rio Grande do Sul,Sul,4797.0,264916.499,256.0,3702.71,1155.0,1436.0,266.0,49096.517,261.303,4704.0,18.0,55225.453199916614,53.36668751302898
4303400,Caiçara,43,RS,Rio Grande do Sul,Sul,4933.0,149121.997,219.0,3143.94,492.0,719.0,222.0,20428.273,189.16,4836.0,25.57,30229.47435637543,44.39489154672613
4303509,Camaquã,43,RS,Rio Grande do Sul,Sul,63959.0,2723674.452,3843.0,3201.71,11828.0,16577.0,4012.0,495825.762,1680.168,62200.0,37.02,42584.694132178425,60.08536718835504
4303558,Camargo,43,RS,Rio Grande do Sul,Sul,3056.0,520482.605,192.0,3799.43,700.0,904.0,194.0,34497.722,138.069,2981.0,21.59,170314.98854712042,62.82722513089005
4303608,Cambará do Sul,43,RS,Rio Grande do Sul,Sul,6492.0,242578.337,485.0,2833.68,1638.0,2144.0,499.0,62107.421,1181.811,6361.0,5.38,37365.732747997536,74.70733210104746
4303673,Campestre da Serra,43,RS,Rio Grande do Sul,Sul,3311.0,204703.304,158.0,3156.92,448.0,632.0,161.0,20136.687,538.487,3242.0,6.02,61825.220175173665,47.71972213832679
4303707,Campina das Missões,43,RS,Rio Grande do Sul,Sul,6001.0,239169.628,341.0,2991.8,849.0,1206.0,356.0,31626.972,224.801,5882.0,26.17,39854.96217297117,56.82386268955174
4303806,Campinas do Sul,43,RS,Rio Grande do Sul,Sul,5390.0,399404.256,345.0,3619.9,866.0,1314.0,352.0,43492.621,276.162,5284.0,19.13,74100.97513914657,64.0074211502783
4303905,Campo Bom,43,RS,Rio Grande do Sul,Sul,64704.0,3600083.042,5216.0,3510.32,24394.0,31041.0,5346.0,1137063.405,60.579,62886.0,1038.08,55639.26560954501,80.61325420375866
4304002,Campo Novo,43,RS,Rio Grande do Sul,Sul,5068.0,325739.678,319.0,3169.1,1145.0,1511.0,336.0,46595.663,220.719,4975.0,22.54,64273.811760063145,62.94396211523283
4304101,Campos Borges,43,RS,Rio Grande do Sul,Sul,3693.0,150033.64,234.0,2857.35,588.0,835.0,238.0,21887.612,226.202,3613.0,15.97,40626.49336582724,63.363119415109665
4304200,Candelária,43,RS,Rio Grande do Sul,Sul,29783.0,1078190.999,1196.0,2673.63,5933.0,7334.0,1245.0,214104.293,944.735,28906.0,30.6,36201.55790215895,40.157136621562636
4304309,Cândido Godói,43,RS,Rio Grande do Sul,Sul,6421.0,358437.798,343.0,3365.88,1368.0,1734.0,357.0,58708.07,247.047,6294.0,25.48,55822.737579816225,53.41847064320199
4304358,Candiota,43,RS,Rio Grande do Sul,Sul,10992.0,2744010.195,428.0,5631.62,2573.0,2974.0,450.0,197329.993,933.628,10710.0,11.47,249637.02647379914,38.937409024745264
4304408,Canela,43,RS,Rio Grande do Sul,Sul,50613.0,1595265.167,4024.0,3343.77,10398.0,15272.0,4223.0,470714.48,253.002,48946.0,193.46,31518.881848536937,79.5052654456365
4304507,Canguçu,43,RS,Rio Grande do Sul,Sul,50998.0,1660011.425,1810.0,3216.56,5198.0,7407.0,1899.0,222738.624,3526.253,49680.0,14.09,32550.520118436016,35.49158790540805
4304606,Canoas,43,RS,Rio Grande do Sul,Sul,359554.0,21995417.891,21258.0,3860.07,88448.0,115170.0,22362.0,4484768.714,130.789,347657.0,2658.15,61174.171031333266,59.12324713394928
4304614,Canudos do Vale,43,RS,Rio Grande do Sul,Sul,1687.0,67987.692,103.0,3145.43,177.0,272.0,104.0,7687.011,82.908,1656.0,19.97,40300.94368701838,61.055127445168935
4304622,Capão Bonito do Sul,43,RS,Rio Grande do Sul,Sul,1769.0,342053.357,93.0,4327.68,247.0,330.0,95.0,15279.041,526.85,1733.0,3.29,193359.72696438665,52.572074618428495
4304630,Capão da Canoa,43,RS,Rio Grande do Sul,Sul,66012.0,1966028.128,5920.0,2952.82,14325.0,20440.0,6147.0,526944.089,98.383,63594.0,646.39,29782.88989880628,89.68066412167484
4304655,Capão do Cipó,43,RS,Rio Grande do Sul,Sul,3186.0,644965.498,106.0,4634.68,386.0,485.0,108.0,23868.981,1007.796,3119.0,3.09,202437.38166980539,33.27055869428751
4304663,Capão do Leão,43,RS,Rio Grande do Sul,Sul,27389.0,830088.424,735.0,3217.54,3581.0,4390.0,759.0,154267.846,783.196,26487.0,33.82,30307.3651465917,26.835590930665596
4304671,Capivari do Sul,43,RS,Rio Grande do Sul,Sul,4079.0,386833.547,331.0,3466.79,1235.0,1615.0,336.0,54310.474,412.889,3991.0,9.67,94835.3878401569,81.14734003432214
4304689,Capela de Santana,43,RS,Rio Grande do Sul,Sul,11416.0,298587.995,419.0,2772.79,1516.0,1945.0,423.0,56873.094,182.756,11159.0,61.06,26155.22030483532,36.70287316047653
4304697,Capitão,43,RS,Rio Grande do Sul,Sul,2991.0,95379.058,132.0,3003.91,485.0,620.0,133.0,19041.605,73.967,2921.0,39.49,31888.68538950184,44.132397191574725
4304705,Carazinho,43,RS,Rio Grande do Sul,Sul,63638.0,3846857.51,3977.0,3346.47,14479.0,19427.0,4198.0,646070.991,666.694,61804.0,92.7,60449.063609792895,62.49410729438386
4304713,Caraá,43,RS,Rio Grande do Sul,Sul,7553.0,165660.85,264.0,2426.6,936.0,1203.0,271.0,35124.664,294.606,7394.0,25.1,21933.119290348204,34.952998808420496
4304804,Carlos Barbosa,43,RS,Rio Grande do Sul,Sul,31528.0,3529584.152,2463.0,4736.57,14740.0,17850.0,2577.0,914701.731,230.061,30420.0,132.23,111950.77873636133,78.12103527023598
4304853,Carlos Gomes,43,RS,Rio Grande do Sul,Sul,1387.0,70447.289,56.0,3587.22,171.0,216.0,56.0,7795.785,83.155,1368.0,16.45,50791.124008651765,40.37490987743331
4304903,Casca,43,RS,Rio Grande do Sul,Sul,9689.0,717921.359,910.0,3272.17,3209.0,4435.0,932.0,136737.428,272.041,9465.0,34.79,74096.53823924037,93.92094127360926
4304952,Caseiros,43,RS,Rio Grande do Sul,Sul,3064.0,199197.079,189.0,3213.98,452.0,641.0,192.0,20781.399,235.863,3000.0,12.72,65012.101501305486,61.68407310704961
4305009,Catuípe,43,RS,Rio Grande do Sul,Sul,8840.0,638111.603,427.0,3202.08,1109.0,1574.0,442.0,48618.281,583.184,8674.0,14.87,72184.57047511313,48.30316742081448
4305108,Caxias do Sul,43,RS,Rio Grande do Sul,Sul,479256.0,31688551.69,40286.0,4091.74,167849.0,220628.0,42456.0,9047078.305,1652.32,463501.0,280.52,66120.30248969236,84.05945882784984
4305116,Centenário,43,RS,Rio Grande do Sul,Sul,2779.0,120778.779,146.0,3380.12,363.0,505.0,147.0,15772.802,134.23,2721.0,20.27,43461.23749550198,52.5368837711407
4305124,Cerrito,43,RS,Rio Grande do Sul,Sul,5915.0,161328.242,131.0,2813.89,461.0,586.0,137.0,17183.721,451.699,5808.0,12.86,27274.42806424345,22.147083685545223
4305132,Cerro Branco,43,RS,Rio Grande do Sul,Sul,3865.0,90159.336,131.0,3246.83,399.0,517.0,132.0,17167.563,158.025,3802.0,24.06,23327.12445019405,33.893919793014234
4305157,Cerro Grande,43,RS,Rio Grande do Sul,Sul,2429.0,74182.326,104.0,2951.24,261.0,351.0,106.0,11432.319,73.438,2379.0,32.39,30540.27418690819,42.81597365170852
4305173,Cerro Grande do Sul,43,RS,Rio Grande do Sul,Sul,9343.0,203184.44,350.0,2991.06,1062.0,1457.0,359.0,42515.596,324.908,9178.0,28.25,21747.2375040137,37.46120089906882
4305207,Cerro Largo,43,RS,Rio Grande do Sul,Sul,14009.0,796777.353,812.0,3261.15,3416.0,4436.0,846.0,142037.854,176.643,13705.0,77.59,56876.10486116068,57.96273823970305
4305306,Chapada,43,RS,Rio Grande do Sul,Sul,9748.0,741827.744,575.0,2932.6,2215.0,2902.0,601.0,86648.891,684.247,9540.0,13.94,76100.5071809602,58.986458760771434
4305355,Charqueadas,43,RS,Rio Grande do Sul,Sul,36109.0,1736982.796,1619.0,3728.13,7044.0,8863.0,1700.0,340498.621,217.362,35012.0,161.08,48103.87426957268,44.83646736270735
4305371,Charrua,43,RS,Rio Grande do Sul,Sul,2807.0,149351.766,114.0,3718.02,215.0,348.0,114.0,11515.166,198.748,2768.0,13.93,53206.899180619876,40.61275382971143
4305405,Chiapetta,43,RS,Rio Grande do Sul,Sul,3992.0,388836.373,254.0,2649.41,716.0,998.0,256.0,28762.141,397.179,3913.0,9.85,97403.90105210421,63.62725450901803
4305439,Chuí,43,RS,Rio Grande do Sul,Sul,6405.0,370302.672,599.0,2374.59,2259.0,2950.0,671.0,68725.034,202.387,6262.0,30.94,57814.624824355975,93.52068696330991
4305447,Chuvisca,43,RS,Rio Grande do Sul,Sul,4686.0,129740.739,140.0,3320.71,375.0,513.0,142.0,17774.93,220.471,4597.0,20.85,27686.884122919335,29.87622705932565
4305454,Cidreira,43,RS,Rio Grande do Sul,Sul,17538.0,362063.294,669.0,2881.65,2081.0,2750.0,692.0,77422.326,243.419,17071.0,70.13,20644.50302200935,38.14574067738625
4305504,Ciríaco,43,RS,Rio Grande do Sul,Sul,4215.0,264361.122,302.0,2623.39,572.0,906.0,305.0,21967.821,274.35,4149.0,15.12,62719.12740213522,71.64887307236062
4305587,Colinas,43,RS,Rio Grande do Sul,Sul,2474.0,87209.73,180.0,3017.38,395.0,603.0,181.0,16296.421,60.732,2423.0,39.9,35250.497170573966,72.75666936135812
4305603,Colorado,43,RS,Rio Grande do Sul,Sul,3319.0,338157.962,180.0,3842.42,505.0,709.0,189.0,26925.333,286.295,3258.0,11.38,101885.49623380536,54.23320277191925
4305702,Condor,43,RS,Rio Grande do Sul,Sul,6539.0,624707.056,469.0,3495.8,2032.0,2619.0,489.0,94948.176,463.568,6406.0,13.82,95535.56445939746,71.7235051231075
4305801,Constantina,43,RS,Rio Grande do Sul,Sul,10623.0,432349.568,740.0,2854.41,2053.0,2957.0,762.0,80978.558,203.614,10385.0,51.0,40699.385107785,69.66017132636732
4305835,Coqueiro Baixo,43,RS,Rio Grande do Sul,Sul,1311.0,52163.969,69.0,3795.25,139.0,225.0,70.0,6922.646,112.638,1290.0,11.45,39789.45003813883,52.63157894736842
4305850,Coqueiros do Sul,43,RS,Rio Grande do Sul,Sul,2251.0,190144.917,126.0,3728.5,295.0,431.0,131.0,15698.122,277.147,2211.0,7.98,84471.30919591292,55.97512216792536
4305871,Coronel Barros,43,RS,Rio Grande do Sul,Sul,2892.0,226126.29,181.0,3900.13,493.0,685.0,184.0,25420.336,163.684,2822.0,17.24,78190.28008298755,62.58644536652835
4305900,Coronel Bicaco,43,RS,Rio Grande do Sul,Sul,6230.0,515154.268,283.0,3180.76,903.0,1186.0,304.0,36908.872,492.303,6144.0,12.48,82689.2886035313,45.42536115569823
4305934,Coronel Pilar,43,RS,Rio Grande do Sul,Sul,1638.0,49059.731,80.0,4035.72,182.0,277.0,81.0,9394.257,105.668,1607.0,15.21,29950.995726495727,48.84004884004884
4305959,Cotiporã,43,RS,Rio Grande do Sul,Sul,3926.0,167928.673,262.0,3084.05,852.0,1169.0,265.0,34453.606,173.207,3846.0,22.2,42773.477585328576,66.73458991339785
4305975,Coxilha,43,RS,Rio Grande do Sul,Sul,2719.0,422465.072,153.0,4706.11,643.0,819.0,158.0,40757.714,422.101,2667.0,6.32,155375.164398676,56.27068775285031
4306007,Crissiumal,43,RS,Rio Grande do Sul,Sul,13127.0,508978.591,617.0,2805.49,2455.0,3154.0,644.0,90041.231,362.194,12886.0,35.58,38773.41288946446,47.002361544907444
4306056,Cristal,43,RS,Rio Grande do Sul,Sul,7454.0,308908.082,368.0,2748.29,1099.0,1505.0,383.0,39405.612,682.138,7299.0,10.7,41441.92138449155,49.36946605849209
4306072,Cristal do Sul,43,RS,Rio Grande do Sul,Sul,2746.0,94741.385,122.0,2914.71,273.0,375.0,123.0,10861.143,97.077,2692.0,27.73,34501.59686817189,44.42825928623452
4306106,Cruz Alta,43,RS,Rio Grande do Sul,Sul,60486.0,4609396.587,3452.0,3468.71,12742.0,17023.0,3674.0,594722.157,1360.548,58913.0,43.3,76206.0077869259,57.07105776543332
4306130,Cruzaltense,43,RS,Rio Grande do Sul,Sul,1655.0,144764.246,81.0,3883.54,192.0,270.0,82.0,11442.655,166.883,1635.0,9.8,87470.84350453172,48.94259818731118
4306205,Cruzeiro do Sul,43,RS,Rio Grande do Sul,Sul,12571.0,533004.442,684.0,3511.31,2874.0,3737.0,702.0,133704.202,155.058,11600.0,74.81,42399.52605202451,54.41094582769867
4306304,David Canabarro,43,RS,Rio Grande do Sul,Sul,4403.0,229363.65,338.0,2935.55,620.0,1036.0,346.0,24695.848,174.734,4321.0,24.73,52092.58460140813,76.76584147172383
4306320,Derrubadas,43,RS,Rio Grande do Sul,Sul,2797.0,148407.867,90.0,3361.0,394.0,466.0,96.0,17187.518,360.851,2751.0,7.62,53059.65927779764,32.177332856632106
4306353,Dezesseis de Novembro,43,RS,Rio Grande do Sul,Sul,2544.0,57174.927,87.0,3444.33,204.0,283.0,88.0,9012.566,217.363,2507.0,11.53,22474.42099056604,34.198113207547166
4306379,Dilermando de Aguiar,43,RS,Rio Grande do Sul,Sul,2859.0,267902.11,102.0,3282.28,334.0,423.0,103.0,15076.475,600.518,2806.0,4.67,93704.83036026583,35.67681007345225
4306403,Dois Irmãos,43,RS,Rio Grande do Sul,Sul,31769.0,2188545.43,2230.0,3426.25,12917.0,15853.0,2309.0,550520.681,66.114,30709.0,464.49,68889.33960779377,70.19421448581951
4306429,Dois Irmãos das Missões,43,RS,Rio Grande do Sul,Sul,2133.0,199195.051,83.0,3318.72,248.0,323.0,86.0,11805.334,226.072,2090.0,9.24,93387.2719174871,38.91233005157056
4306452,Dois Lajeados,43,RS,Rio Grande do Sul,Sul,3158.0,172601.617,295.0,2935.99,638.0,1006.0,299.0,25949.947,133.535,3097.0,23.19,54655.356871437616,93.41355288157062
4306502,Dom Feliciano,43,RS,Rio Grande do Sul,Sul,13291.0,356859.868,406.0,2793.91,1093.0,1504.0,422.0,43164.697,1355.195,13051.0,9.63,26849.73801820781,30.546986682717627
4306551,Dom Pedro de Alcântara,43,RS,Rio Grande do Sul,Sul,2617.0,65533.689,159.0,3009.74,323.0,467.0,160.0,15485.166,78.219,2562.0,32.75,25041.53190676347,60.7565915170042
4306601,Dom Pedrito,43,RS,Rio Grande do Sul,Sul,38094.0,2210948.446,1530.0,3196.02,5613.0,7437.0,1671.0,234302.459,5194.051,36981.0,7.12,58039.28298419699,40.163805323673024
4306700,Dona Francisca,43,RS,Rio Grande do Sul,Sul,3136.0,106596.454,128.0,3212.12,400.0,522.0,132.0,16304.648,114.149,3079.0,26.97,33991.21619897959,40.816326530612244
4306734,Doutor Maurício Cardoso,43,RS,Rio Grande do Sul,Sul,4542.0,260796.991,177.0,3377.46,527.0,702.0,185.0,24043.892,255.731,4470.0,17.48,57418.97644209599,38.96961690885073
4306759,Doutor Ricardo,43,RS,Rio Grande do Sul,Sul,1925.0,78890.781,125.0,3033.12,332.0,487.0,130.0,12810.212,107.96,1888.0,17.49,40982.2238961039,64.93506493506493
4306767,Eldorado do Sul,43,RS,Rio Grande do Sul,Sul,40954.0,2120268.87,1719.0,5273.7,16120.0,18193.0,1787.0,1140746.831,509.614,39559.0,77.63,51771.96049225961,41.97392196122479
4306809,Encantado,43,RS,Rio Grande do Sul,Sul,23494.0,1168357.678,2127.0,3044.46,7926.0,10750.0,2214.0,316181.266,140.006,22962.0,164.01,49730.045032774324,90.53375329871456
4306908,Encruzilhada do Sul,43,RS,Rio Grande do Sul,Sul,24280.0,1080948.656,1025.0,2923.8,3773.0,4953.0,1067.0,145726.838,3347.861,23819.0,7.11,44520.12586490939,42.21581548599671
4306924,Engenho Velho,43,RS,Rio Grande do Sul,Sul,1317.0,73214.261,59.0,4280.62,165.0,225.0,60.0,10835.243,71.191,1296.0,18.2,55591.694001518605,44.79878511769172
4306932,Entre-Ijuís,43,RS,Rio Grande do Sul,Sul,9364.0,687578.061,431.0,3495.85,1583.0,2070.0,453.0,70471.84,552.986,9158.0,16.56,73427.81514310124,46.02733874412644
4306957,Entre Rios do Sul,43,RS,Rio Grande do Sul,Sul,2731.0,207517.071,176.0,3183.27,346.0,519.0,184.0,16153.254,119.912,2685.0,22.39,75985.74551446356,64.44525814719883
4306973,Erebango,43,RS,Rio Grande do Sul,Sul,3121.0,180479.152,126.0,3842.01,295.0,430.0,129.0,15013.799,152.793,3054.0,19.99,57827.34764498558,40.37167574495354
4307005,Erechim,43,RS,Rio Grande do Sul,Sul,109497.0,6882629.057,9755.0,3632.67,42116.0,55546.0,10282.0,1955846.831,429.164,105705.0,246.3,62856.781984894566,89.08919879083444
4307054,Ernestina,43,RS,Rio Grande do Sul,Sul,3097.0,265549.33,248.0,3146.89,561.0,863.0,258.0,23618.701,238.558,3034.0,12.72,85744.05230868583,80.07749434937037
4307104,Herval,43,RS,Rio Grande do Sul,Sul,6307.0,253607.506,221.0,2560.94,606.0,819.0,225.0,20300.296,1759.717,6191.0,3.52,40210.481369906454,35.04043126684636
4307203,Erval Grande,43,RS,Rio Grande do Sul,Sul,5029.0,150883.195,263.0,2763.59,761.0,1068.0,270.0,26999.568,285.677,4930.0,17.26,30002.623782064027,52.29667926029032
4307302,Erval Seco,43,RS,Rio Grande do Sul,Sul,6902.0,353968.247,326.0,2793.79,843.0,1193.0,340.0,30646.509,357.181,6787.0,19.0,51284.880759200234,47.23268617791945
4307401,Esmeralda,43,RS,Rio Grande do Sul,Sul,3264.0,392860.08,191.0,3483.98,452.0,639.0,199.0,23194.359,829.587,3195.0,3.85,120361.54411764706,58.5171568627451
4307450,Esperança do Sul,43,RS,Rio Grande do Sul,Sul,3294.0,116731.453,111.0,3314.91,389.0,501.0,113.0,17062.161,148.909,3226.0,21.66,35437.59957498482,33.697632058287795
4307500,Espumoso,43,RS,Rio Grande do Sul,Sul,15478.0,1113105.663,1069.0,3421.71,3320.0,4656.0,1104.0,151734.948,783.642,15173.0,19.36,71915.34196924667,69.0657707714175
4307559,Estação,43,RS,Rio Grande do Sul,Sul,5688.0,350708.237,430.0,3749.37,1953.0,2479.0,444.0,95564.756,99.757,5582.0,55.96,61657.566279887484,75.59774964838256
4307609,Estância Velha,43,RS,Rio Grande do Sul,Sul,49440.0,1875498.487,3555.0,3150.1,13859.0,18481.0,3642.0,560876.115,51.779,47924.0,925.55,37934.839947411005,71.90533980582524
4307708,Esteio,43,RS,Rio Grande do Sul,Sul,78181.0,3749900.46,4506.0,3643.04,20592.0,26018.0,4725.0,992034.41,27.676,76137.0,2751.01,47964.345045471404,57.63548688300226
4307807,Estrela,43,RS,Rio Grande do Sul,Sul,33243.0,2171447.255,2719.0,3233.71,11832.0,15431.0,2795.0,520120.955,185.026,32183.0,173.94,65320.43603164576,81.79165538609632
4307815,Estrela Velha,43,RS,Rio Grande do Sul,Sul,3120.0,197415.205,121.0,3682.29,449.0,563.0,123.0,22108.66,281.613,3070.0,10.9,63274.104166666664,38.782051282051285
4307831,Eugênio de Castro,43,RS,Rio Grande do Sul,Sul,2685.0,405443.863,145.0,3744.85,342.0,487.0,149.0,16546.887,418.069,2633.0,6.3,151003.3009310987,54.00372439478585
4307864,Fagundes Varela,43,RS,Rio Grande do Sul,Sul,2620.0,197919.259,190.0,3213.72,550.0,822.0,195.0,23946.906,134.295,2566.0,19.11,75541.70190839695,72.51908396946564
4307906,Farroupilha,43,RS,Rio Grande do Sul,Sul,72477.0,4398457.494,5552.0,3926.34,26734.0,33934.0,5841.0,1406153.766,361.341,70286.0,194.51,60687.63185562316,76.60361218041585
4308003,Faxinal do Soturno,43,RS,Rio Grande do Sul,Sul,6846.0,270105.956,530.0,3013.21,1510.0,2296.0,543.0,59754.145,169.514,6702.0,39.54,39454.5655857435,77.41747005550687
4308052,Faxinalzinho,43,RS,Rio Grande do Sul,Sul,2572.0,103166.464,131.0,2982.61,258.0,396.0,136.0,9970.716,143.321,2520.0,17.58,40111.37791601866,50.93312597200622
4308078,Fazenda Vilanova,43,RS,Rio Grande do Sul,Sul,4399.0,140823.742,287.0,2648.18,899.0,1222.0,289.0,30174.361,84.794,4291.0,50.6,32012.671516253693,65.24210047738123
4308102,Feliz,43,RS,Rio Grande do Sul,Sul,13979.0,589354.788,1063.0,3217.32,3898.0,5205.0,1099.0,169894.024,94.832,13764.0,145.14,42160.01058730954,76.04263538164389
4308201,Flores da Cunha,43,RS,Rio Grande do Sul,Sul,31973.0,2538141.763,3324.0,3840.19,12789.0,17419.0,3428.0,650085.686,276.241,30892.0,111.83,79383.91026803866,103.9627185437713
4308250,Floriano Peixoto,43,RS,Rio Grande do Sul,Sul,1694.0,103059.087,68.0,3595.16,201.0,262.0,68.0,10073.229,168.521,1668.0,9.9,60837.71369539551,40.141676505312866
4308300,Fontoura Xavier,43,RS,Rio Grande do Sul,Sul,9721.0,227470.055,464.0,3284.09,1171.0,1699.0,476.0,53547.887,583.239,9550.0,16.37,23399.861639748997,47.73171484415183
4308409,Formigueiro,43,RS,Rio Grande do Sul,Sul,6533.0,302800.503,210.0,3130.62,808.0,1019.0,215.0,31713.144,578.875,6413.0,11.08,46349.38052961886,32.14449716822287
4308433,Forquetinha,43,RS,Rio Grande do Sul,Sul,2441.0,58939.919,109.0,2685.69,342.0,457.0,110.0,11889.598,93.275,2393.0,25.66,24145.808684965177,44.65383039737812
4308458,Fortaleza dos Valos,43,RS,Rio Grande do Sul,Sul,4569.0,564772.879,283.0,3304.85,695.0,1028.0,291.0,30067.288,650.512,4477.0,6.88,123609.73495294375,61.93915517618735
4308508,Frederico Westphalen,43,RS,Rio Grande do Sul,Sul,33684.0,1430610.907,2970.0,2903.47,9827.0,13639.0,3077.0,375735.255,265.181,32627.0,123.04,42471.52674860468,88.17242607766299
4308607,Garibaldi,43,RS,Rio Grande do Sul,Sul,35522.0,2997968.987,3769.0,3704.88,16435.0,21338.0,3913.0,804027.426,168.492,34335.0,203.78,84397.5279263555,106.1032599515793
4308656,Garruchos,43,RS,Rio Grande do Sul,Sul,2729.0,200967.158,100.0,4841.34,293.0,384.0,102.0,20749.842,803.737,2688.0,3.34,73641.31843165995,36.64345914254306
4308706,Gaurama,43,RS,Rio Grande do Sul,Sul,5780.0,282772.69,374.0,3296.45,918.0,1367.0,383.0,40757.846,204.428,5665.0,27.71,48922.6107266436,64.70588235294119
4308805,General Câmara,43,RS,Rio Grande do Sul,Sul,7751.0,276374.035,311.0,2932.06,699.0,976.0,321.0,25911.436,510.01,7612.0,14.93,35656.56495936008,40.12385498645337
4308854,Gentil,43,RS,Rio Grande do Sul,Sul,1783.0,190648.254,105.0,3291.75,279.0,392.0,108.0,13208.839,184.715,1744.0,9.44,106925.54907459338,58.88951205832866
4308904,Getúlio Vargas,43,RS,Rio Grande do Sul,Sul,16950.0,793664.01,1476.0,3144.52,4171.0,6126.0,1514.0,169450.8,287.466,16602.0,57.75,46823.83539823009,87.07964601769912
4309001,Giruá,43,RS,Rio Grande do Sul,Sul,16282.0,1202945.141,924.0,3221.67,2846.0,3955.0,979.0,118756.15,857.059,16013.0,18.68,73881.90277607173,56.749785038693034
4309050,Glorinha,43,RS,Rio Grande do Sul,Sul,7842.0,461887.61,446.0,3444.56,1971.0,2532.0,455.0,90741.701,323.955,7658.0,23.64,58899.21066054578,56.87324662076001
4309100,Gramado,43,RS,Rio Grande do Sul,Sul,41621.0,2658033.852,5868.0,3369.94,20504.0,28091.0,6328.0,932846.389,239.341,40134.0,167.69,63862.80608346748,140.98652122726506
4309126,Gramado dos Loureiros,43,RS,Rio Grande do Sul,Sul,2049.0,94579.68,84.0,3600.01,249.0,311.0,85.0,12621.98,131.396,2014.0,15.33,46158.9458272328,40.995607613469986
4309159,Gramado Xavier,43,RS,Rio Grande do Sul,Sul,3356.0,109482.549,117.0,3242.52,310.0,433.0,118.0,13775.529,217.515,3304.0,15.19,32622.928784266984,34.86293206197855
4309209,Gravataí,43,RS,Rio Grande do Sul,Sul,275294.0,10261655.797,13157.0,3596.85,60533.0,76529.0,13940.0,2870848.177,468.288,265074.0,566.05,37275.261346051855,47.79254179168453
4309258,Guabiju,43,RS,Rio Grande do Sul,Sul,1442.0,132787.951,127.0,3272.69,275.0,400.0,128.0,11324.615,146.925,1417.0,9.64,92085.95769764217,88.07212205270459
4309308,Guaíba,43,RS,Rio Grande do Sul,Sul,95956.0,8284825.478,4274.0,4343.32,20108.0,25239.0,4487.0,1138346.784,376.166,92924.0,247.03,86339.83782150153,44.541248072033014
4309407,Guaporé,43,RS,Rio Grande do Sul,Sul,26138.0,1149054.946,2519.0,2901.42,9425.0,12845.0,2636.0,351060.061,297.545,25268.0,84.92,43961.08906572806,96.37309664090596
4309506,Guarani das Missões,43,RS,Rio Grande do Sul,Sul,7553.0,362624.685,388.0,2925.74,1115.0,1571.0,408.0,44501.325,290.7,7415.0,25.51,48010.68251026082,51.370316430557395
4309555,Harmonia,43,RS,Rio Grande do Sul,Sul,5524.0,245497.391,355.0,3161.39,1608.0,2038.0,365.0,70198.007,48.557,5378.0,110.76,44441.96071687183,64.26502534395367
4309571,Herveiras,43,RS,Rio Grande do Sul,Sul,2608.0,71143.122,79.0,3489.54,206.0,276.0,80.0,10674.594,118.261,2565.0,21.69,27278.80444785276,30.291411042944784
4309605,Horizontina,43,RS,Rio Grande do Sul,Sul,19246.0,2608198.333,1225.0,4473.13,5652.0,7314.0,1261.0,343935.073,229.694,18851.0,82.07,135518.98228203264,63.649589525096125
4309654,Hulha Negra,43,RS,Rio Grande do Sul,Sul,6102.0,314488.195,157.0,2567.09,2263.0,2405.0,165.0,136122.487,822.608,5976.0,7.26,51538.54392002622,25.72926909210095
4309704,Humaitá,43,RS,Rio Grande do Sul,Sul,4774.0,229248.974,261.0,2925.88,916.0,1205.0,270.0,33624.185,135.01,4681.0,34.67,48020.312945119396,54.671135316296606
4309753,Ibarama,43,RS,Rio Grande do Sul,Sul,3793.0,112227.259,147.0,2927.18,364.0,507.0,149.0,13822.488,195.426,3732.0,19.1,29587.993408911152,38.75560242552069
4309803,Ibiaçá,43,RS,Rio Grande do Sul,Sul,4618.0,367295.169,348.0,3123.38,700.0,1147.0,355.0,30011.581,348.778,4527.0,12.98,79535.54980511044,75.35729753139887
4309902,Ibiraiaras,43,RS,Rio Grande do Sul,Sul,6830.0,399692.523,413.0,3612.62,1154.0,1658.0,430.0,53691.246,292.16,6776.0,23.19,58520.13513909224,60.46852122986822
4309951,Ibirapuitã,43,RS,Rio Grande do Sul,Sul,3793.0,213522.468,170.0,2893.77,421.0,593.0,174.0,17096.307,307.164,3723.0,12.12,56293.82230424466,44.81940416556815
4310009,Ibirubá,43,RS,Rio Grande do Sul,Sul,22082.0,1722057.075,1888.0,3726.25,7008.0,9327.0,1986.0,351923.403,607.185,21583.0,35.55,77984.65152612988,85.49950185671587
4310108,Igrejinha,43,RS,Rio Grande do Sul,Sul,34763.0,1888887.333,2653.0,2894.08,13280.0,16540.0,2753.0,514278.41,138.303,32808.0,237.22,54336.14282426718,76.31677358110635
4310207,Ijuí,43,RS,Rio Grande do Sul,Sul,87775.0,5190405.144,7084.0,3674.36,25300.0,34502.0,7469.0,1211400.61,688.982,84780.0,123.05,59133.06914269439,80.70635146681856
4310306,Ilópolis,43,RS,Rio Grande do Sul,Sul,4245.0,140570.202,298.0,2756.66,717.0,1096.0,304.0,26494.363,123.602,4157.0,33.63,33114.29964664311,70.20023557126031
4310330,Imbé,43,RS,Rio Grande do Sul,Sul,27931.0,626822.788,1345.0,2604.43,5068.0,6593.0,1388.0,163193.74,39.766,26824.0,674.55,22441.83122695213,48.15438043750672
4310363,Imigrante,43,RS,Rio Grande do Sul,Sul,3148.0,519189.71,236.0,3579.92,1273.0,1553.0,240.0,61058.244,71.716,3080.0,42.95,164926.8456162643,74.96823379923761
4310405,Independência,43,RS,Rio Grande do Sul,Sul,6558.0,494165.875,268.0,3517.53,1151.0,1470.0,282.0,51192.321,358.283,6427.0,17.94,75353.137389448,40.86611771881672
4310413,Inhacorá,43,RS,Rio Grande do Sul,Sul,2049.0,110556.688,101.0,3112.41,189.0,273.0,101.0,10103.614,113.749,2014.0,17.71,53956.41190824792,49.29233772571987
4310439,Ipê,43,RS,Rio Grande do Sul,Sul,5496.0,298582.796,428.0,2988.28,1072.0,1634.0,441.0,42453.097,599.032,5399.0,9.01,54327.29184861718,77.87481804949053
4310462,Ipiranga do Sul,43,RS,Rio Grande do Sul,Sul,1750.0,177628.988,127.0,3678.54,201.0,341.0,129.0,11929.441,158.71,1720.0,10.84,101502.27885714285,72.57142857142857
4310504,Iraí,43,RS,Rio Grande do Sul,Sul,7624.0,254492.118,376.0,2596.56,852.0,1241.0,380.0,30634.255,181.579,7482.0,41.21,33380.39323189927,49.31794333683106
4310538,Itaara,43,RS,Rio Grande do Sul,Sul,5706.0,286659.228,287.0,3747.35,1233.0,1550.0,304.0,58238.428,172.801,5572.0,32.25,50238.210304942164,50.29793200140203
4310553,Itacurubi,43,RS,Rio Grande do Sul,Sul,3042.0,246286.552,118.0,3463.95,373.0,479.0,127.0,15969.477,1120.874,2995.0,2.67,80962.0486522025,38.79026955950033
4310579,Itapuca,43,RS,Rio Grande do Sul,Sul,1967.0,94234.684,96.0,3532.37,182.0,273.0,96.0,9369.673,184.673,1937.0,10.49,47907.82104728012,48.80528723945094
4310603,Itaqui,43,RS,Rio Grande do Sul,Sul,36830.0,2186928.783,1587.0,2935.14,6620.0,8419.0,1670.0,250337.502,3406.606,35768.0,10.5,59379.00578332881,43.089872386641325
4310652,Itati,43,RS,Rio Grande do Sul,Sul,2695.0,86738.63,109.0,2746.7,370.0,473.0,110.0,14905.598,205.06,2638.0,12.86,32185.020408163266,40.44526901669759
4310702,Itatiba do Sul,43,RS,Rio Grande do Sul,Sul,3249.0,81707.352,163.0,2874.9,309.0,473.0,169.0,11806.739,212.669,3208.0,15.08,25148.46168051708,50.169282856263465
4310751,Ivorá,43,RS,Rio Grande do Sul,Sul,1964.0,71911.272,94.0,4235.56,173.0,263.0,96.0,9641.96,122.93,1929.0,15.69,36614.70061099796,47.86150712830957
4310801,Ivoti,43,RS,Rio Grande do Sul,Sul,23533.0,1180386.953,2097.0,3624.45,8302.0,11102.0,2165.0,398143.681,63.092,22983.0,364.28,50158.796286066376,89.10891089108911
4310850,Jaboticaba,43,RS,Rio Grande do Sul,Sul,3850.0,136729.808,215.0,2930.56,468.0,693.0,222.0,17100.7,127.589,3779.0,29.62,35514.235844155846,55.84415584415584
4310876,Jacuizinho,43,RS,Rio Grande do Sul,Sul,2070.0,224026.966,67.0,3417.88,283.0,346.0,69.0,12818.323,339.399,2040.0,6.01,108225.58743961353,32.367149758454104
4310900,Jacutinga,43,RS,Rio Grande do Sul,Sul,3401.0,232300.833,234.0,3563.82,601.0,878.0,245.0,29200.655,178.009,3338.0,18.75,68303.68509261982,68.8032931490738
4311007,Jaguarão,43,RS,Rio Grande do Sul,Sul,27406.0,1059396.276,1289.0,2791.78,3927.0,5500.0,1377.0,144680.954,2051.845,26603.0,12.97,38655.63292709626,47.03349631467562
4311106,Jaguari,43,RS,Rio Grande do Sul,Sul,10779.0,378020.116,551.0,2931.12,1487.0,2090.0,579.0,55932.475,675.314,10579.0,15.67,35070.05436496892,51.11791446330829
4311122,Jaquirana,43,RS,Rio Grande do Sul,Sul,3755.0,94041.661,202.0,2527.8,629.0,854.0,212.0,23399.917,908.879,3690.0,4.06,25044.38375499334,53.79494007989347
4311130,Jari,43,RS,Rio Grande do Sul,Sul,3414.0,469005.939,85.0,3694.05,322.0,401.0,86.0,15689.942,853.08,3349.0,3.93,137377.25219683655,24.897480960749853
4311155,Jóia,43,RS,Rio Grande do Sul,Sul,7305.0,975409.574,292.0,3888.92,690.0,953.0,301.0,35838.578,1238.918,7184.0,5.8,133526.29349760438,39.97262149212868
4311205,Júlio de Castilhos,43,RS,Rio Grande do Sul,Sul,18557.0,1925175.31,1014.0,3364.9,2903.0,4035.0,1082.0,128659.229,1929.544,18226.0,9.45,103743.88694293259,54.64245298270195
4311239,Lagoa Bonita do Sul,43,RS,Rio Grande do Sul,Sul,2287.0,68915.543,81.0,3071.7,217.0,291.0,81.0,9358.486,109.758,2251.0,20.51,30133.59991254919,35.41757761259292
4311254,Lagoão,43,RS,Rio Grande do Sul,Sul,5429.0,154690.477,150.0,3210.12,369.0,508.0,153.0,17853.59,387.486,5341.0,13.78,28493.364708049365,27.629397679130594
4311270,Lagoa dos Três Cantos,43,RS,Rio Grande do Sul,Sul,1779.0,157140.1,133.0,3471.08,294.0,421.0,136.0,14191.5,138.602,1738.0,12.54,88330.57897695334,74.76110174255199
4311304,Lagoa Vermelha,43,RS,Rio Grande do Sul,Sul,28617.0,1513404.145,1976.0,2690.29,5912.0,8371.0,2053.0,212343.242,1260.227,27659.0,21.95,52884.793828842994,69.04986546458399
4311403,Lajeado,43,RS,Rio Grande do Sul,Sul,96651.0,5596182.875,9654.0,3433.37,40152.0,52927.0,10372.0,1801097.606,91.231,93646.0,1026.47,57900.9309267364,99.8851538007884
4311429,Lajeado do Bugre,43,RS,Rio Grande do Sul,Sul,2660.0,74875.079,80.0,2487.46,268.0,342.0,81.0,9578.204,67.947,2601.0,38.28,28148.525939849624,30.075187969924812
4311502,Lavras do Sul,43,RS,Rio Grande do Sul,Sul,7294.0,497628.613,308.0,2879.53,1045.0,1365.0,325.0,38421.059,2600.969,7157.0,2.75,68224.37798190293,42.22648752399232
4311601,Liberato Salzano,43,RS,Rio Grande do Sul,Sul,4854.0,172443.483,196.0,3050.08,516.0,725.0,200.0,21633.984,245.627,4781.0,19.46,35526.057478368355,40.3790688092295
4311627,Lindolfo Collor,43,RS,Rio Grande do Sul,Sul,6409.0,365849.514,254.0,3114.85,2184.0,2474.0,262.0,90994.777,33.351,6248.0,187.34,57083.712591667965,39.63176782649399
4311643,Linha Nova,43,RS,Rio Grande do Sul,Sul,1720.0,65579.42,90.0,3174.06,233.0,335.0,92.0,10074.305,63.502,1683.0,26.5,38127.56976744186,52.32558139534884
4311700,Machadinho,43,RS,Rio Grande do Sul,Sul,5864.0,272824.173,405.0,2910.9,787.0,1235.0,415.0,31772.62,335.198,5735.0,17.11,46525.26824693042,69.06548431105047
4311718,Maçambará,43,RS,Rio Grande do Sul,Sul,4487.0,582042.535,124.0,4204.17,493.0,605.0,127.0,26384.321,1682.82,4425.0,2.63,129717.52507243147,27.635391129930913
4311734,Mampituba,43,RS,Rio Grande do Sul,Sul,3201.0,70214.236,81.0,2938.68,240.0,309.0,83.0,11983.472,156.653,3131.0,19.99,21935.094033114652,25.30459231490159
4311759,Manoel Viana,43,RS,Rio Grande do Sul,Sul,6917.0,546972.463,291.0,3125.11,713.0,1028.0,295.0,28860.226,1390.696,6801.0,4.89,79076.54517854561,42.07026167413619
4311775,Maquiné,43,RS,Rio Grande do Sul,Sul,7588.0,190484.311,264.0,2931.57,935.0,1221.0,270.0,35052.855,613.58,7418.0,12.09,25103.362018977332,34.79177648919346
4311791,Maratá,43,RS,Rio Grande do Sul,Sul,2521.0,80817.415,157.0,3378.68,339.0,509.0,157.0,14780.933,82.063,2470.0,30.1,32057.681475604917,62.27687425624752
4311809,Marau,43,RS,Rio Grande do Sul,Sul,46656.0,3060022.14,3421.0,3306.64,16788.0,21197.0,3630.0,730504.251,649.77,45124.0,69.45,65586.89429012345,73.32390260631001
4311908,Marcelino Ramos,43,RS,Rio Grande do Sul,Sul,4389.0,167824.965,455.0,3265.62,726.0,1260.0,471.0,30456.661,229.759,4320.0,18.8,38237.63157894737,103.66826156299841
4311981,Mariana Pimentel,43,RS,Rio Grande do Sul,Sul,4003.0,104496.157,166.0,3257.39,346.0,520.0,169.0,15376.704,338.45,3916.0,11.57,26104.460904321757,41.468898326255314
4312005,Mariano Moro,43,RS,Rio Grande do Sul,Sul,1888.0,72887.986,118.0,3291.02,313.0,432.0,119.0,13448.488,98.727,1858.0,18.82,38605.92478813559,62.5
4312054,Marques de Souza,43,RS,Rio Grande do Sul,Sul,4050.0,124135.324,300.0,2884.62,623.0,950.0,305.0,23965.163,125.714,3969.0,31.57,30650.697283950616,74.07407407407408
4312104,Mata,43,RS,Rio Grande do Sul,Sul,4786.0,169006.469,238.0,2504.96,573.0,820.0,246.0,18793.321,316.121,4698.0,14.86,35312.67634768073,49.72837442540744
4312138,Mato Castelhano,43,RS,Rio Grande do Sul,Sul,2610.0,168254.86,140.0,3438.58,361.0,494.0,145.0,17851.554,238.268,2553.0,10.71,64465.46360153257,53.639846743295024
4312153,Mato Leitão,43,RS,Rio Grande do Sul,Sul,4990.0,180537.064,371.0,2778.19,1296.0,1747.0,373.0,50221.469,46.799,4859.0,103.83,36179.77234468938,74.34869739478958
4312179,Mato Queimado,43,RS,Rio Grande do Sul,Sul,1833.0,88446.376,76.0,3375.03,200.0,272.0,77.0,9011.125,114.653,1795.0,15.66,48252.25095471904,41.46208401527551
4312203,Maximiliano de Almeida,43,RS,Rio Grande do Sul,Sul,4258.0,161123.342,324.0,3135.19,598.0,963.0,329.0,24241.358,208.439,4191.0,20.11,37840.14607797088,76.0920620009394
4312252,Minas do Leão,43,RS,Rio Grande do Sul,Sul,7661.0,279177.366,316.0,2874.94,1197.0,1517.0,321.0,48432.156,424.339,7505.0,17.69,36441.37397206631,41.24787886698864
4312302,Miraguaí,43,RS,Rio Grande do Sul,Sul,4506.0,190386.336,192.0,2447.67,838.0,1014.0,200.0,31140.019,131.236,4427.0,33.73,42251.73901464714,42.6098535286285
4312351,Montauri,43,RS,Rio Grande do Sul,Sul,1530.0,98137.833,146.0,4120.2,374.0,532.0,148.0,19418.048,82.23,1499.0,18.23,64142.37450980392,95.42483660130718
4312377,Monte Alegre dos Campos,43,RS,Rio Grande do Sul,Sul,3250.0,109729.989,74.0,2424.74,427.0,499.0,76.0,13480.849,549.455,3180.0,5.79,33763.07353846154,22.76923076923077
4312385,Monte Belo do Sul,43,RS,Rio Grande do Sul,Sul,2609.0,94435.146,192.0,3663.61,355.0,579.0,196.0,18635.929,69.726,2557.0,36.67,36195.91644308164,73.59141433499425
4312401,Montenegro,43,RS,Rio Grande do Sul,Sul,66295.0,5752344.64,3783.0,4029.66,20295.0,25055.0,4017.0,1065650.755,425.023,64322.0,151.34,86768.90625235689,57.06312693264952
4312427,Mormaço,43,RS,Rio Grande do Sul,Sul,2815.0,153333.932,135.0,3581.65,380.0,510.0,137.0,18313.549,146.191,2756.0,18.85,54470.31332149201,47.95737122557726
4312443,Morrinhos do Sul,43,RS,Rio Grande do Sul,Sul,3134.0,81465.793,172.0,3331.37,337.0,540.0,172.0,15902.206,166.224,3071.0,18.48,25994.190491384812,54.88194001276324
4312450,Morro Redondo,43,RS,Rio Grande do Sul,Sul,6169.0,132444.65,246.0,2743.86,916.0,1196.0,257.0,30759.09,244.645,6046.0,24.71,21469.38725887502,39.87680337169719
4312476,Morro Reuter,43,RS,Rio Grande do Sul,Sul,6163.0,274167.428,390.0,2739.1,1686.0,2190.0,395.0,66054.075,89.412,6029.0,67.43,44486.034074314455,63.28086970631186
4312500,Mostardas,43,RS,Rio Grande do Sul,Sul,12346.0,643325.586,582.0,2583.09,2348.0,3002.0,598.0,78509.03,1977.442,12090.0,6.11,52108.017657540906,47.140774339867164
4312609,Muçum,43,RS,Rio Grande do Sul,Sul,4694.0,301851.969,442.0,2423.85,2183.0,2729.0,459.0,72430.569,111.247,4601.0,41.36,64305.9158500213,94.16276097145291
4312617,Muitos Capões,43,RS,Rio Grande do Sul,Sul,2938.0,1122085.559,132.0,3761.15,503.0,666.0,137.0,25221.969,1193.23,2879.0,2.41,381921.56535057863,44.928522804629
4312625,Muliterno,43,RS,Rio Grande do Sul,Sul,1755.0,91988.394,86.0,2803.65,177.0,261.0,87.0,9814.584,111.132,1721.0,15.49,52415.039316239316,49.002849002849
4312658,Não-Me-Toque,43,RS,Rio Grande do Sul,Sul,18314.0,2207534.783,1320.0,4360.08,9033.0,10649.0,1381.0,529761.145,361.689,17898.0,49.48,120538.1010702195,72.0760074260129
4312674,Nicolau Vergueiro,43,RS,Rio Grande do Sul,Sul,1979.0,146251.896,127.0,3635.77,243.0,373.0,131.0,12337.115,154.995,1932.0,12.46,73901.91814047498,64.17382516422435
4312708,Nonoai,43,RS,Rio Grande do Sul,Sul,14056.0,525506.508,761.0,3148.31,2068.0,2971.0,786.0,86393.331,468.962,13719.0,29.25,37386.63261240752,54.14058053500285
4312757,Nova Alvorada,43,RS,Rio Grande do Sul,Sul,3229.0,236575.421,276.0,4014.81,1070.0,1397.0,285.0,56472.877,148.861,3163.0,21.25,73265.84732115206,85.47537937441932
4312807,Nova Araçá,43,RS,Rio Grande do Sul,Sul,5086.0,327226.422,410.0,2784.85,1978.0,2438.0,417.0,71264.671,75.514,4954.0,65.6,64338.65945733386,80.61344868265829
4312906,Nova Bassano,43,RS,Rio Grande do Sul,Sul,9877.0,802207.384,843.0,3482.07,3743.0,4734.0,863.0,177365.041,211.611,9649.0,45.6,81219.74121696872,85.34980257163106
4312955,Nova Boa Vista,43,RS,Rio Grande do Sul,Sul,2088.0,145342.946,140.0,2819.03,774.0,938.0,145.0,27061.512,93.733,2042.0,21.79,69608.69061302682,67.04980842911877
4313003,Nova Bréscia,43,RS,Rio Grande do Sul,Sul,3105.0,141144.092,222.0,3364.27,579.0,885.0,224.0,25851.597,102.994,3044.0,29.56,45457.034460547504,71.4975845410628
4313011,Nova Candelária,43,RS,Rio Grande do Sul,Sul,3134.0,229431.453,219.0,3438.31,966.0,1206.0,225.0,43337.405,97.579,3061.0,31.37,73207.22814294831,69.87874920229737
4313037,Nova Esperança do Sul,43,RS,Rio Grande do Sul,Sul,4974.0,172365.831,292.0,2122.26,1588.0,1888.0,299.0,46827.636,191.0,4865.0,25.47,34653.36369119421,58.70526739043024
4313060,Nova Hartz,43,RS,Rio Grande do Sul,Sul,20539.0,805697.885,945.0,2655.95,7258.0,8364.0,994.0,266133.657,62.319,20088.0,322.34,39227.70753201227,46.01002969959589
4313086,Nova Pádua,43,RS,Rio Grande do Sul,Sul,2390.0,100211.425,201.0,3430.49,356.0,624.0,203.0,16592.103,102.643,2343.0,22.83,41929.46652719665,84.10041841004184
4313102,Nova Palma,43,RS,Rio Grande do Sul,Sul,5683.0,382688.782,311.0,3517.22,1000.0,1365.0,327.0,44614.111,314.613,5586.0,17.76,67339.21907443252,54.724617279605845
4313201,Nova Petrópolis,43,RS,Rio Grande do Sul,Sul,23889.0,972688.767,2094.0,3381.64,6747.0,9412.0,2214.0,307555.265,290.164,23300.0,80.3,40717.014818535725,87.6554062539244
4313300,Nova Prata,43,RS,Rio Grande do Sul,Sul,26587.0,1730043.315,2665.0,3440.67,8628.0,12140.0,2729.0,386029.536,259.941,25692.0,98.84,65071.02399669011,100.2369579117614
4313334,Nova Ramada,43,RS,Rio Grande do Sul,Sul,2201.0,304678.132,94.0,4569.45,324.0,405.0,99.0,20336.554,255.264,2163.0,8.47,138427.13857337573,42.707860063607455
4313359,Nova Roma do Sul,43,RS,Rio Grande do Sul,Sul,3543.0,169305.176,278.0,4091.73,576.0,886.0,281.0,31132.535,149.767,3466.0,23.14,47785.8244425628,78.46457804120801
4313375,Nova Santa Rita,43,RS,Rio Grande do Sul,Sul,30121.0,2487522.375,1456.0,4192.34,11016.0,12744.0,1500.0,593785.56,218.153,29024.0,133.04,82584.32239965473,48.338368580060425
4313391,Novo Cabrais,43,RS,Rio Grande do Sul,Sul,3636.0,133171.676,186.0,3108.2,475.0,658.0,190.0,19919.645,192.998,3568.0,18.49,36625.873487348734,51.15511551155116
4313409,Novo Hamburgo,43,RS,Rio Grande do Sul,Sul,235879.0,10037922.921,21596.0,3370.35,77467.0,105923.0,22436.0,3438585.99,222.536,227646.0,1022.96,42555.39035268082,91.55541612436885
4313425,Novo Machado,43,RS,Rio Grande do Sul,Sul,3246.0,186354.643,98.0,3700.94,353.0,439.0,114.0,16778.195,218.836,3198.0,14.61,57410.549291435615,30.191004313000615
4313441,Novo Tiradentes,43,RS,Rio Grande do Sul,Sul,2188.0,74728.666,82.0,2412.58,251.0,314.0,83.0,8927.958,75.428,2146.0,28.45,34153.86928702011,37.47714808043875
4313466,Novo Xingu,43,RS,Rio Grande do Sul,Sul,1678.0,75033.685,93.0,3348.38,242.0,331.0,94.0,10976.266,79.851,1646.0,20.61,44716.14123957092,55.42312276519666
4313490,Novo Barreiro,43,RS,Rio Grande do Sul,Sul,4371.0,135200.085,240.0,3017.56,453.0,685.0,246.0,19461.119,123.344,4272.0,34.63,30931.156485929994,54.90734385724091
4313508,Osório,43,RS,Rio Grande do Sul,Sul,48929.0,1819038.27,3059.0,3161.45,12057.0,15732.0,3231.0,507050.638,663.878,47396.0,71.39,37177.09885752825,62.519160416113145
4313607,Paim Filho,43,RS,Rio Grande do Sul,Sul,3691.0,167645.571,258.0,2934.94,528.0,819.0,272.0,21071.44,182.115,3629.0,19.93,45420.095096179895,69.89975616364129
4313656,Palmares do Sul,43,RS,Rio Grande do Sul,Sul,13170.0,735606.463,642.0,3135.84,1637.0,2347.0,665.0,71710.067,949.201,12844.0,13.53,55854.704859529236,48.747152619589976
4313706,Palmeira das Missões,43,RS,Rio Grande do Sul,Sul,34233.0,2215056.907,2133.0,3332.28,5363.0,7977.0,2234.0,236677.594,1421.101,33216.0,23.37,64705.31086962872,62.30829900972745
4313805,Palmitinho,43,RS,Rio Grande do Sul,Sul,8032.0,271642.607,546.0,2664.53,1322.0,1959.0,555.0,44346.118,144.181,7839.0,54.37,33820.04569223108,67.97808764940238
4313904,Panambi,43,RS,Rio Grande do Sul,Sul,45042.0,3167751.973,2943.0,4229.37,15174.0,19008.0,3049.0,834016.523,491.57,43515.0,88.52,70328.84803072688,65.33901691754363
4313953,Pantano Grande,43,RS,Rio Grande do Sul,Sul,10438.0,533689.393,503.0,2618.41,2822.0,3377.0,524.0,95248.095,841.225,10212.0,12.14,51129.468576355626,48.189308296608544
4314001,Paraí,43,RS,Rio Grande do Sul,Sul,7357.0,424446.847,717.0,3154.51,3061.0,3968.0,735.0,127553.665,121.745,7194.0,59.09,57692.924697566945,97.45820307190431
4314027,Paraíso do Sul,43,RS,Rio Grande do Sul,Sul,6635.0,207385.922,261.0,2906.39,717.0,983.0,266.0,29287.914,337.534,6519.0,19.31,31256.355990957047,39.33685003767898
4314035,Pareci Novo,43,RS,Rio Grande do Sul,Sul,4433.0,136434.855,304.0,2986.4,765.0,1097.0,309.0,30789.144,57.485,4319.0,75.13,30777.093390480488,68.57658470561697
4314050,Parobé,43,RS,Rio Grande do Sul,Sul,53555.0,1390320.469,2441.0,2618.33,13981.0,16795.0,2519.0,496135.495,108.707,52058.0,478.88,25960.61000840258,45.5793109887032
4314068,Passa Sete,43,RS,Rio Grande do Sul,Sul,4036.0,132983.397,116.0,3776.47,255.0,383.0,119.0,13846.497,304.266,3983.0,13.09,32949.30550049554,28.74132804757185
4314076,Passo do Sobrado,43,RS,Rio Grande do Sul,Sul,6154.0,229641.338,369.0,3031.68,1133.0,1561.0,375.0,44054.102,265.133,6025.0,22.72,37315.78453038674,59.961000974975626
4314100,Passo Fundo,43,RS,Rio Grande do Sul,Sul,214564.0,12552866.647,18664.0,3731.68,72503.0,96797.0,19686.0,3478663.868,784.407,206215.0,262.89,58504.06707089726,86.98570123599487
4314134,Paulo Bento,43,RS,Rio Grande do Sul,Sul,2188.0,195870.201,165.0,3712.3,662.0,843.0,166.0,32191.271,149.669,2144.0,14.32,89520.20155393053,75.41133455210237
4314159,Paverama,43,RS,Rio Grande do Sul,Sul,8146.0,242457.974,379.0,2850.39,1642.0,2068.0,385.0,62835.056,171.863,7978.0,46.42,29764.05278664375,46.525902283329245
4314175,Pedras Altas,43,RS,Rio Grande do Sul,Sul,2100.0,386190.228,92.0,3709.73,318.0,418.0,92.0,15703.984,1373.985,2061.0,1.5,183900.10857142857,43.80952380952381
4314209,Pedro Osório,43,RS,Rio Grande do Sul,Sul,7634.0,270651.352,270.0,2769.18,935.0,1196.0,282.0,36323.998,603.757,7484.0,12.4,35453.412627718106,35.36809012313335
4314308,Pejuçara,43,RS,Rio Grande do Sul,Sul,3819.0,464212.34,170.0,3438.13,570.0,773.0,183.0,27166.067,414.106,3745.0,9.04,121553.37522911758,44.51427075150563
4314407,Pelotas,43,RS,Rio Grande do Sul,Sul,336131.0,10778176.433,17866.0,3734.08,73880.0,95482.0,19052.0,3618850.547,1608.78,325685.0,202.44,32065.4043602048,53.1518961357328
4314423,Picada Café,43,RS,Rio Grande do Sul,Sul,5470.0,386452.843,355.0,2856.74,2128.0,2566.0,365.0,87537.316,84.28,5351.0,63.49,70649.51425959781,64.89945155393052
4314456,Pinhal,43,RS,Rio Grande do Sul,Sul,3034.0,123341.742,197.0,3356.7,915.0,1128.0,204.0,41315.621,68.222,2959.0,43.37,40653.17798286091,64.93078444297956
4314464,Pinhal da Serra,43,RS,Rio Grande do Sul,Sul,2299.0,304724.814,124.0,4037.01,395.0,515.0,124.0,20539.536,438.11,2248.0,5.13,132546.67855589386,53.93649412788169
4314472,Pinhal Grande,43,RS,Rio Grande do Sul,Sul,3867.0,931834.039,148.0,3962.31,419.0,559.0,153.0,24228.228,478.11,3805.0,7.96,240970.7884665115,38.272562710111195
4314498,Pinheirinho do Vale,43,RS,Rio Grande do Sul,Sul,4637.0,131548.7,213.0,2944.3,508.0,738.0,216.0,19455.285,105.385,4540.0,43.08,28369.355186543027,45.934871684278626
4314506,Pinheiro Machado,43,RS,Rio Grande do Sul,Sul,11409.0,397725.54,438.0,3024.94,1244.0,1688.0,447.0,46327.137,2249.176,11214.0,4.99,34860.683670786224,38.390744149355776
4314548,Pinto Bandeira,43,RS,Rio Grande do Sul,Sul,2784.0,74285.516,192.0,3486.68,347.0,584.0,196.0,17251.42,104.801,2723.0,25.98,26683.0158045977,68.9655172413793
4314555,Pirapó,43,RS,Rio Grande do Sul,Sul,2260.0,94671.544,76.0,3223.3,258.0,315.0,78.0,10969.327,293.723,2260.0,7.69,41890.06371681416,33.6283185840708
4314605,Piratini,43,RS,Rio Grande do Sul,Sul,17792.0,880277.054,565.0,2996.69,2628.0,3267.0,603.0,105038.577,3538.3,17504.0,4.95,49476.00348471223,31.755845323741003
4314704,Planalto,43,RS,Rio Grande do Sul,Sul,10624.0,252508.19,570.0,2787.73,1659.0,2349.0,580.0,61811.128,228.552,10406.0,45.53,23767.713667168675,53.65210843373494
4314753,Poço das Antas,43,RS,Rio Grande do Sul,Sul,2222.0,131757.135,143.0,3105.68,387.0,543.0,144.0,15363.035,67.618,2171.0,32.11,59296.64041404141,64.35643564356435
4314779,Pontão,43,RS,Rio Grande do Sul,Sul,3350.0,403317.288,190.0,3323.35,465.0,684.0,197.0,23808.579,502.709,3296.0,6.56,120393.22029850747,56.71641791044777
4314787,Ponte Preta,43,RS,Rio Grande do Sul,Sul,1604.0,96048.857,126.0,3271.13,254.0,393.0,128.0,10368.787,99.504,1575.0,15.83,59880.833541147134,78.55361596009976
4314803,Portão,43,RS,Rio Grande do Sul,Sul,35237.0,1662403.405,2286.0,3692.11,10080.0,12850.0,2379.0,498750.815,159.298,34071.0,213.88,47177.77918097455,64.87498935777732
4314902,Porto Alegre,43,RS,Rio Grande do Sul,Sul,1389322.0,81563063.461,146301.0,5306.67,699207.0,892726.0,155013.0,47902895.483,495.39,1332845.0,2690.5,58707.09847033301,105.30388203742545
4315008,Porto Lucena,43,RS,Rio Grande do Sul,Sul,4424.0,135662.02,189.0,2965.88,495.0,690.0,193.0,19307.522,250.876,4360.0,17.38,30665.01356238698,42.721518987341774
4315057,Porto Mauá,43,RS,Rio Grande do Sul,Sul,2176.0,89350.093,122.0,2955.9,302.0,429.0,129.0,11760.478,105.811,2142.0,20.24,41061.62362132353,56.06617647058824
4315073,Porto Vera Cruz,43,RS,Rio Grande do Sul,Sul,1585.0,45212.119,67.0,3788.91,183.0,242.0,69.0,9421.658,114.284,1560.0,13.65,28524.99621451104,42.27129337539432
4315107,Porto Xavier,43,RS,Rio Grande do Sul,Sul,10132.0,210927.252,592.0,2841.88,1541.0,2285.0,607.0,58384.816,281.497,9938.0,35.3,20817.928543229373,58.42874062376629
4315131,Pouso Novo,43,RS,Rio Grande do Sul,Sul,1773.0,61420.195,134.0,2785.55,276.0,409.0,138.0,10982.801,105.338,1739.0,16.51,34641.95995487874,75.57811618725324
4315149,Presidente Lucena,43,RS,Rio Grande do Sul,Sul,3159.0,213813.066,241.0,2620.19,2527.0,2797.0,245.0,88450.451,49.628,3077.0,62.0,67683.78157644824,76.28996517885408
4315156,Progresso,43,RS,Rio Grande do Sul,Sul,5430.0,166517.474,276.0,2462.12,729.0,1025.0,276.0,24379.831,256.039,5340.0,20.86,30666.2014732965,50.82872928176796
4315172,Protásio Alves,43,RS,Rio Grande do Sul,Sul,2069.0,93263.32,169.0,3039.55,281.0,502.0,171.0,11267.064,171.994,2025.0,11.77,45076.520057999034,81.68197196713388
4315206,Putinga,43,RS,Rio Grande do Sul,Sul,3814.0,133442.659,247.0,2869.0,596.0,876.0,248.0,22933.198,216.159,3747.0,17.33,34987.587572102784,64.76140534871526
4315305,Quaraí,43,RS,Rio Grande do Sul,Sul,23988.0,625752.379,1244.0,2533.19,3208.0,4570.0,1345.0,105862.95,3139.995,23500.0,7.48,26086.058821077204,51.85926296481574
4315313,Quatro Irmãos,43,RS,Rio Grande do Sul,Sul,1579.0,185963.125,81.0,4033.71,257.0,339.0,81.0,13809.099,268.971,1552.0,5.77,117772.72007599747,51.2982900569981
4315321,Quevedos,43,RS,Rio Grande do Sul,Sul,2555.0,299303.714,85.0,4033.4,276.0,351.0,89.0,14417.32,543.359,2507.0,4.61,117144.31076320939,33.268101761252446
4315354,Quinze de Novembro,43,RS,Rio Grande do Sul,Sul,4000.0,255121.101,327.0,3709.52,808.0,1178.0,338.0,39761.467,223.072,3910.0,17.53,63780.27525,81.75
4315404,Redentora,43,RS,Rio Grande do Sul,Sul,9934.0,232904.289,227.0,2889.91,671.0,874.0,231.0,25203.023,303.705,9738.0,32.06,23445.167002214617,22.850815381518018
4315453,Relvado,43,RS,Rio Grande do Sul,Sul,1828.0,82687.271,143.0,2948.89,216.0,394.0,145.0,9289.095,108.188,1796.0,16.6,45233.736870897155,78.22757111597375
4315503,Restinga Sêca,43,RS,Rio Grande do Sul,Sul,15213.0,673422.787,768.0,2830.44,2630.0,3541.0,806.0,98947.288,968.62,14939.0,15.42,44266.27141260764,50.483139420232696
4315552,Rio dos Índios,43,RS,Rio Grande do Sul,Sul,2874.0,136485.517,103.0,3650.25,249.0,345.0,105.0,12930.549,235.854,2835.0,12.02,47489.741475295756,35.83855254001392
4315602,Rio Grande,43,RS,Rio Grande do Sul,Sul,198958.0,13282201.438,8397.0,4037.82,44795.0,54393.0,9092.0,2357458.835,2682.867,191900.0,71.53,66758.82064556339,42.2048874636858
4315701,Rio Pardo,43,RS,Rio Grande do Sul,Sul,35666.0,1390524.912,1081.0,2879.8,4654.0,5838.0,1131.0,177813.908,2051.112,34654.0,16.9,38987.40851230864,30.308977737901643
4315750,Riozinho,43,RS,Rio Grande do Sul,Sul,4572.0,155849.301,239.0,2510.31,1391.0,1660.0,246.0,48862.635,239.09,4473.0,18.71,34087.77362204724,52.274715660542434
4315800,Roca Sales,43,RS,Rio Grande do Sul,Sul,10644.0,576083.233,656.0,2894.24,2742.0,3530.0,681.0,112298.633,208.108,10418.0,50.06,54122.81407365652,61.630965802329946
4315909,Rodeio Bonito,43,RS,Rio Grande do Sul,Sul,6821.0,279279.531,464.0,2849.73,1306.0,1803.0,475.0,47917.818,83.278,6654.0,79.9,40944.07432927723,68.0252162439525
4315958,Rolador,43,RS,Rio Grande do Sul,Sul,2332.0,161913.636,68.0,4678.31,213.0,265.0,70.0,14095.193,295.326,2291.0,7.76,69431.2332761578,29.159519725557463
4316006,Rolante,43,RS,Rio Grande do Sul,Sul,21733.0,731610.966,1194.0,2535.0,7116.0,8590.0,1230.0,244507.279,296.09,21253.0,71.78,33663.59757051489,54.93949293700823
4316105,Ronda Alta,43,RS,Rio Grande do Sul,Sul,9972.0,471553.637,620.0,2952.35,1393.0,2123.0,638.0,55348.498,418.675,9777.0,23.35,47287.769454472524,62.17408744484557
4316204,Rondinha,43,RS,Rio Grande do Sul,Sul,5083.0,268874.423,306.0,3259.82,572.0,941.0,314.0,24676.118,252.454,4991.0,19.77,52896.79775722998,60.20066889632107
4316303,Roque Gonzales,43,RS,Rio Grande do Sul,Sul,6698.0,437026.241,317.0,3176.67,797.0,1105.0,322.0,32887.922,349.074,6576.0,18.84,65247.27396237683,47.327560465810684
4316402,Rosário do Sul,43,RS,Rio Grande do Sul,Sul,37700.0,1381975.671,1672.0,2891.69,5084.0,7015.0,1756.0,195059.975,4343.656,36630.0,8.43,36657.179602122014,44.350132625994696
4316428,Sagrada Família,43,RS,Rio Grande do Sul,Sul,2529.0,82616.031,112.0,2616.13,379.0,468.0,113.0,14274.191,77.889,2480.0,31.84,32667.46975088968,44.286279161724
4316436,Saldanha Marinho,43,RS,Rio Grande do Sul,Sul,2621.0,254248.495,146.0,3845.48,463.0,607.0,154.0,24714.655,221.554,2575.0,11.62,97004.38573063716,55.703929797787104
4316451,Salto do Jacuí,43,RS,Rio Grande do Sul,Sul,10373.0,1213457.71,563.0,3126.91,1679.0,2263.0,580.0,69032.789,507.698,10203.0,20.1,116982.33008772775,54.275522992384076
4316477,Salvador das Missões,43,RS,Rio Grande do Sul,Sul,2953.0,178469.506,171.0,3800.29,794.0,990.0,185.0,39071.001,94.312,2877.0,30.51,60436.67660006773,57.907213003725026
4316501,Salvador do Sul,43,RS,Rio Grande do Sul,Sul,7182.0,337662.858,545.0,3716.42,2388.0,3075.0,567.0,116498.821,99.156,6879.0,69.38,47015.15705931495,75.88415483152325
4316600,Sananduva,43,RS,Rio Grande do Sul,Sul,16759.0,843826.291,1335.0,2991.07,3985.0,5711.0,1398.0,150583.369,504.438,16399.0,32.51,50350.634942419,79.65869085267617
4316709,Santa Bárbara do Sul,43,RS,Rio Grande do Sul,Sul,8275.0,1336030.058,506.0,3696.84,1573.0,2158.0,538.0,77630.02,975.799,8122.0,8.32,161453.78344410876,61.14803625377643
4316733,Santa Cecília do Sul,43,RS,Rio Grande do Sul,Sul,1710.0,143880.074,67.0,3716.41,205.0,290.0,68.0,11104.808,200.056,1674.0,8.37,84140.39415204678,39.1812865497076
4316758,Santa Clara do Sul,43,RS,Rio Grande do Sul,Sul,7067.0,339107.076,468.0,2535.81,2247.0,2788.0,480.0,79580.34,86.442,6887.0,79.67,47984.58695344559,66.22329135418141
4316808,Santa Cruz do Sul,43,RS,Rio Grande do Sul,Sul,138104.0,9815200.528,10852.0,3883.94,45978.0,60395.0,11396.0,2468395.966,733.898,133230.0,181.54,71071.08069281121,78.57846260788972
4316907,Santa Maria,43,RS,Rio Grande do Sul,Sul,282244.0,9562065.76,16445.0,4125.18,70286.0,90818.0,17744.0,3762951.48,1780.194,271735.0,152.64,33878.72110656028,58.26518898541688
4316956,Santa Maria do Herval,43,RS,Rio Grande do Sul,Sul,6482.0,279409.025,326.0,2689.1,1683.0,2076.0,338.0,60973.898,140.437,6340.0,45.14,43105.372570194384,50.293119407590254
4316972,Santa Margarida do Sul,43,RS,Rio Grande do Sul,Sul,2658.0,361015.792,110.0,3388.7,292.0,386.0,113.0,15238.413,955.299,2596.0,2.72,135822.34462001504,41.38449962377728
4317004,Santana da Boa Vista,43,RS,Rio Grande do Sul,Sul,7140.0,364901.024,282.0,2809.03,667.0,948.0,290.0,25468.718,1418.805,7024.0,4.95,51106.585994397756,39.49579831932773
4317103,Sant'Ana do Livramento,43,RS,Rio Grande do Sul,Sul,87296.0,2823927.505,4466.0,2781.8,13602.0,19307.0,4919.0,505593.246,6946.407,84421.0,12.15,32348.87629444648,51.15927419354839
4317202,Santa Rosa,43,RS,Rio Grande do Sul,Sul,79395.0,3732053.349,5305.0,3343.37,25284.0,32384.0,5589.0,1098996.472,489.38,76963.0,157.27,47006.1508785188,66.81780968574847
4317251,Santa Tereza,43,RS,Rio Grande do Sul,Sul,1531.0,49851.093,108.0,3698.98,166.0,272.0,110.0,8311.315,73.669,1505.0,20.43,32561.131939908555,70.54212932723709
4317301,Santa Vitória do Palmar,43,RS,Rio Grande do Sul,Sul,31961.0,1755631.465,1342.0,3080.25,4976.0,6549.0,1442.0,213844.166,5206.977,30983.0,5.95,54930.42974249867,41.98867369606708
4317400,Santiago,43,RS,Rio Grande do Sul,Sul,50331.0,2021450.931,2485.0,2981.59,8213.0,11329.0,2650.0,314046.768,2414.195,48938.0,20.27,40163.13864218871,49.37314974866384
4317509,Santo Ângelo,43,RS,Rio Grande do Sul,Sul,79130.0,3180273.497,5263.0,3127.78,19203.0,25718.0,5577.0,793007.0,679.34,76917.0,113.22,40190.49029445217,66.5108050044231
4317558,Santo Antônio do Palma,43,RS,Rio Grande do Sul,Sul,2134.0,119797.325,121.0,2914.19,311.0,445.0,122.0,13911.188,126.094,2091.0,16.58,56137.45313964386,56.70103092783505
4317608,Santo Antônio da Patrulha,43,RS,Rio Grande do Sul,Sul,44393.0,1680504.515,2527.0,2966.47,10558.0,13689.0,2650.0,411817.231,1049.583,42947.0,40.92,37855.16894555448,56.92338882256212
4317707,Santo Antônio das Missões,43,RS,Rio Grande do Sul,Sul,10493.0,673946.023,394.0,2994.67,1148.0,1546.0,410.0,45412.609,1710.869,10300.0,6.02,64228.15429333842,37.54884208519966
4317756,Santo Antônio do Planalto,43,RS,Rio Grande do Sul,Sul,2136.0,189469.866,134.0,3606.65,447.0,593.0,139.0,22972.495,203.44,2089.0,10.27,88703.12078651685,62.734082397003746
4317806,Santo Augusto,43,RS,Rio Grande do Sul,Sul,14196.0,848438.805,827.0,2840.99,2973.0,3974.0,864.0,111284.341,467.775,13902.0,29.72,59766.04712595097,58.25584671738518
4317905,Santo Cristo,43,RS,Rio Grande do Sul,Sul,15656.0,784070.634,886.0,3248.21,3903.0,5172.0,925.0,148356.034,367.202,15320.0,41.72,50081.159555442006,56.59172202350537
4317954,Santo Expedito do Sul,43,RS,Rio Grande do Sul,Sul,2395.0,128953.434,131.0,3623.3,255.0,368.0,133.0,12282.085,125.595,2349.0,18.7,53842.76993736952,54.6972860125261
4318002,São Borja,43,RS,Rio Grande do Sul,Sul,61323.0,2570766.452,2796.0,3224.46,11215.0,14312.0,2958.0,467024.323,3616.69,59676.0,16.5,41921.73331376482,45.59463822709261
4318051,São Domingos do Sul,43,RS,Rio Grande do Sul,Sul,2808.0,123436.188,256.0,2491.54,528.0,836.0,261.0,17576.78,78.67,2754.0,35.01,43958.756410256414,91.16809116809117
4318101,São Francisco de Assis,43,RS,Rio Grande do Sul,Sul,17949.0,804123.538,613.0,2964.81,1848.0,2508.0,636.0,70621.96,2506.975,17618.0,7.03,44800.464538414395,34.152320463535574
4318200,São Francisco de Paula,43,RS,Rio Grande do Sul,Sul,22373.0,1026517.633,1328.0,2978.31,4913.0,6455.0,1427.0,188679.037,3317.794,21893.0,6.6,45881.98422205337,59.35726098422205
4318309,São Gabriel,43,RS,Rio Grande do Sul,Sul,60102.0,2723192.851,2121.0,3173.53,9152.0,11752.0,2250.0,343980.342,5053.46,58487.0,11.57,45309.521330404976,35.2900069881202
4318408,São Jerônimo,43,RS,Rio Grande do Sul,Sul,21421.0,667014.089,881.0,2784.49,4390.0,5372.0,912.0,156452.363,935.596,21028.0,22.48,31138.326361981235,41.127865179029925
4318424,São João da Urtiga,43,RS,Rio Grande do Sul,Sul,4549.0,184149.401,339.0,2854.33,655.0,1028.0,355.0,25896.112,171.029,4461.0,26.08,40481.292811606945,74.52187293910751
4318432,São João do Polêsine,43,RS,Rio Grande do Sul,Sul,2707.0,104817.588,229.0,3058.11,833.0,1109.0,234.0,29132.82,78.32,2649.0,33.82,38720.94126339121,84.59549316586627
4318440,São Jorge,43,RS,Rio Grande do Sul,Sul,2976.0,133331.46,190.0,2782.11,421.0,616.0,192.0,16127.809,125.62,2912.0,23.18,44802.2379032258,63.844086021505376
4318457,São José das Missões,43,RS,Rio Grande do Sul,Sul,2403.0,93351.402,80.0,3255.47,287.0,354.0,83.0,13711.195,98.125,2362.0,24.07,38847.85767790262,33.29171868497711
4318465,São José do Herval,43,RS,Rio Grande do Sul,Sul,1934.0,59112.891,114.0,2806.23,389.0,513.0,122.0,15044.764,102.912,1902.0,18.48,30565.093588417785,58.94519131334023
4318481,São José do Hortêncio,43,RS,Rio Grande do Sul,Sul,4551.0,117866.32,233.0,2948.35,902.0,1170.0,236.0,36604.148,63.709,4447.0,69.8,25898.993627774114,51.19753900241705
4318499,São José do Inhacorá,43,RS,Rio Grande do Sul,Sul,2463.0,183794.024,207.0,3801.06,803.0,1024.0,210.0,43562.152,77.732,2406.0,30.95,74622.01542833942,84.04384896467722
4318507,São José do Norte,43,RS,Rio Grande do Sul,Sul,26245.0,792704.131,910.0,3224.89,3954.0,4868.0,944.0,272164.997,1071.824,25443.0,23.74,30204.005753476853,34.673271099257
4318606,São José do Ouro,43,RS,Rio Grande do Sul,Sul,6978.0,463017.948,543.0,2714.39,1493.0,2127.0,566.0,54012.075,335.287,6834.0,20.38,66353.96216680997,77.81599312123818
4318614,São José do Sul,43,RS,Rio Grande do Sul,Sul,2440.0,94019.297,153.0,3141.42,480.0,640.0,154.0,19324.759,54.764,2380.0,43.46,38532.4987704918,62.704918032786885
4318622,São José dos Ausentes,43,RS,Rio Grande do Sul,Sul,4286.0,155632.438,246.0,2585.3,838.0,1068.0,255.0,28643.514,1173.907,4172.0,3.55,36311.81474568362,57.39617358842744
4318705,São Leopoldo,43,RS,Rio Grande do Sul,Sul,225669.0,10855414.196,12148.0,4666.91,58555.0,74043.0,12824.0,3575040.768,103.009,217409.0,2110.58,48103.25829422739,53.83105344553306
4318804,São Lourenço do Sul,43,RS,Rio Grande do Sul,Sul,43283.0,1701071.096,1719.0,3139.36,5563.0,7700.0,1811.0,232551.542,2036.125,41989.0,20.62,39301.13661252686,39.71536168934686
4318903,São Luiz Gonzaga,43,RS,Rio Grande do Sul,Sul,35858.0,1903782.677,1941.0,3101.53,6693.0,8918.0,2038.0,270786.767,1295.522,34752.0,26.82,53092.27165486084,54.13018015505605
4319000,São Marcos,43,RS,Rio Grande do Sul,Sul,21537.0,1145393.172,1704.0,3705.9,7982.0,10436.0,1761.0,390595.703,256.159,21084.0,82.31,53182.57751776013,79.11965454798718
4319109,São Martinho,43,RS,Rio Grande do Sul,Sul,5589.0,354029.704,427.0,2690.82,1245.0,1765.0,438.0,43210.889,171.245,5481.0,32.01,63344.015745213816,76.4000715691537
4319125,São Martinho da Serra,43,RS,Rio Grande do Sul,Sul,2911.0,336099.765,96.0,4549.45,279.0,372.0,100.0,16997.643,669.547,2860.0,4.27,115458.52456200619,32.978357952593605
4319158,São Miguel das Missões,43,RS,Rio Grande do Sul,Sul,7196.0,867930.023,345.0,3184.43,1050.0,1461.0,354.0,43842.505,1228.447,7056.0,5.74,120612.8436631462,47.94330183435242
4319208,São Nicolau,43,RS,Rio Grande do Sul,Sul,5248.0,228046.547,168.0,2757.82,341.0,485.0,171.0,17434.283,485.588,5118.0,10.54,43453.99142530488,32.01219512195122
4319307,São Paulo das Missões,43,RS,Rio Grande do Sul,Sul,5948.0,200548.895,229.0,3027.12,722.0,938.0,233.0,28656.184,223.942,5846.0,26.1,33717.0300941493,38.500336247478145
4319356,São Pedro da Serra,43,RS,Rio Grande do Sul,Sul,3614.0,113228.481,198.0,3199.29,830.0,1065.0,201.0,36776.588,35.207,3548.0,100.78,31330.51494189264,54.786939679026005
4319364,São Pedro das Missões,43,RS,Rio Grande do Sul,Sul,1791.0,114178.451,67.0,3037.83,250.0,305.0,71.0,11133.537,79.894,1757.0,21.99,63751.228922389724,37.40926856504746
4319372,São Pedro do Butiá,43,RS,Rio Grande do Sul,Sul,3139.0,161664.594,238.0,2687.41,551.0,808.0,242.0,19565.031,107.559,3070.0,28.54,51501.941382605924,75.82032494424976
4319406,São Pedro do Sul,43,RS,Rio Grande do Sul,Sul,15870.0,532258.126,683.0,2818.7,2020.0,2755.0,726.0,75263.79,873.394,15577.0,17.84,33538.63427851292,43.0371770636421
4319505,São Sebastião do Caí,43,RS,Rio Grande do Sul,Sul,24883.0,899461.375,1596.0,3119.55,7074.0,9014.0,1651.0,292503.326,114.293,24428.0,213.73,36147.625889161274,64.14017602379134
4319604,São Sepé,43,RS,Rio Grande do Sul,Sul,21575.0,1331321.195,1032.0,3167.29,3491.0,4705.0,1097.0,143876.258,2204.779,21219.0,9.62,61706.66025492468,47.83314020857474
4319703,São Valentim,43,RS,Rio Grande do Sul,Sul,3324.0,135540.82,210.0,2836.62,605.0,859.0,216.0,19399.396,154.45,3264.0,21.13,40776.419975932615,63.1768953068592
4319711,São Valentim do Sul,43,RS,Rio Grande do Sul,Sul,2255.0,95576.034,170.0,3067.36,438.0,626.0,176.0,19390.343,91.898,2207.0,24.02,42384.05055432372,75.3880266075388
4319737,São Valério do Sul,43,RS,Rio Grande do Sul,Sul,2594.0,90429.573,56.0,3179.17,246.0,297.0,58.0,11210.975,107.402,2543.0,23.68,34861.053585196605,21.588280647648418
4319752,São Vendelino,43,RS,Rio Grande do Sul,Sul,2306.0,95747.93,230.0,3335.13,641.0,899.0,237.0,28099.077,31.935,2251.0,70.49,41521.218560277535,99.73980919340849
4319802,São Vicente do Sul,43,RS,Rio Grande do Sul,Sul,8259.0,730554.837,364.0,3022.06,985.0,1369.0,381.0,38666.395,1174.822,8097.0,6.89,88455.60443152924,44.07313234047706
4319901,Sapiranga,43,RS,Rio Grande do Sul,Sul,77898.0,3615599.007,5271.0,2704.47,22830.0,29683.0,5485.0,844521.404,136.473,75648.0,554.31,46414.52934606794,67.66540861126089
4320008,Sapucaia do Sul,43,RS,Rio Grande do Sul,Sul,136542.0,4204086.389,5152.0,3607.3,22312.0,28481.0,5384.0,1071687.777,58.247,132107.0,2268.05,30789.6939330023,37.7319799036194
4320107,Sarandi,43,RS,Rio Grande do Sul,Sul,23356.0,1299139.021,1830.0,3129.36,7574.0,9779.0,1929.0,322739.977,351.717,22851.0,64.97,55623.352500428155,78.3524576126049
4320206,Seberi,43,RS,Rio Grande do Sul,Sul,12313.0,617245.447,738.0,2925.04,4403.0,5318.0,764.0,164519.923,300.827,11950.0,39.72,50129.574189880615,59.93665231868757
4320230,Sede Nova,43,RS,Rio Grande do Sul,Sul,2753.0,157534.955,136.0,3164.15,392.0,505.0,143.0,16147.112,119.312,2704.0,22.66,57223.01307664366,49.400653832183075
4320263,Segredo,43,RS,Rio Grande do Sul,Sul,6107.0,163088.173,192.0,3017.4,500.0,714.0,197.0,20551.023,245.17,6009.0,24.51,26705.120844932044,31.439331914196824
4320305,Selbach,43,RS,Rio Grande do Sul,Sul,5220.0,375174.279,340.0,3435.45,1008.0,1390.0,351.0,46245.453,176.471,5107.0,28.94,71872.46724137932,65.13409961685824
4320321,Senador Salgado Filho,43,RS,Rio Grande do Sul,Sul,2726.0,149059.603,120.0,3402.98,319.0,420.0,123.0,15318.099,147.068,2673.0,18.18,54680.705429200294,44.02054292002935
4320354,Sentinela do Sul,43,RS,Rio Grande do Sul,Sul,5422.0,136267.289,238.0,2869.22,674.0,919.0,243.0,25181.521,282.13,5306.0,18.81,25132.29232755441,43.89524160826264
4320404,Serafina Corrêa,43,RS,Rio Grande do Sul,Sul,17379.0,782302.678,1454.0,3192.26,6533.0,8476.0,1494.0,271168.12,163.31,16961.0,103.86,45014.25156798435,83.66419241613441
4320453,Sério,43,RS,Rio Grande do Sul,Sul,2093.0,59571.578,131.0,2902.09,248.0,384.0,132.0,10038.46,98.131,1941.0,19.78,28462.292403248925,62.589584328714764
4320503,Sertão,43,RS,Rio Grande do Sul,Sul,5637.0,534503.189,349.0,3400.1,667.0,1054.0,355.0,31998.659,440.631,5541.0,12.58,94820.50541067944,61.912364733014016
4320552,Sertão Santana,43,RS,Rio Grande do Sul,Sul,5988.0,314767.751,280.0,3236.51,902.0,1223.0,283.0,37172.893,252.013,5863.0,23.26,52566.42468269873,46.760187040748164
4320578,Sete de Setembro,43,RS,Rio Grande do Sul,Sul,1884.0,105651.704,79.0,3578.82,237.0,321.0,82.0,11050.533,129.238,1830.0,14.16,56078.3991507431,41.932059447983015
4320602,Severiano de Almeida,43,RS,Rio Grande do Sul,Sul,3467.0,149413.809,229.0,3501.13,467.0,716.0,234.0,22684.967,167.598,3406.0,20.32,43095.9933660225,66.05134121719065
4320651,Silveira Martins,43,RS,Rio Grande do Sul,Sul,2060.0,86630.915,134.0,3166.49,339.0,497.0,135.0,13540.205,119.285,2028.0,17.0,42053.84223300971,65.0485436893204
4320677,Sinimbu,43,RS,Rio Grande do Sul,Sul,8698.0,213481.977,301.0,3085.58,838.0,1178.0,312.0,37088.5,510.213,8578.0,16.81,24543.80052885721,34.60565647275236
4320701,Sobradinho,43,RS,Rio Grande do Sul,Sul,14512.0,438643.874,972.0,2647.23,2752.0,3966.0,1008.0,98044.153,128.823,14226.0,110.43,30226.286797133405,66.97905181918412
4320800,Soledade,43,RS,Rio Grande do Sul,Sul,30936.0,1405196.472,2133.0,2906.04,7586.0,10176.0,2236.0,280786.146,1215.056,29991.0,24.68,45422.69433669511,68.94879751745539
4320859,Tabaí,43,RS,Rio Grande do Sul,Sul,4565.0,142086.634,279.0,2685.24,758.0,1077.0,285.0,28251.132,94.754,4461.0,47.08,31125.221029572836,61.117196056955095
4320909,Tapejara,43,RS,Rio Grande do Sul,Sul,25201.0,1644547.577,1994.0,3083.92,9747.0,12546.0,2058.0,390201.122,238.082,24557.0,103.15,65257.23491131304,79.12384429189318
4321006,Tapera,43,RS,Rio Grande do Sul,Sul,10822.0,640274.997,807.0,3466.41,2429.0,3407.0,835.0,109140.279,179.935,10592.0,58.87,59164.20227314729,74.57031971909075
4321105,Tapes,43,RS,Rio Grande do Sul,Sul,14938.0,603914.039,796.0,3119.91,2220.0,3134.0,828.0,86056.072,805.452,14695.0,18.24,40428.0384924354,53.286919266300714
4321204,Taquara,43,RS,Rio Grande do Sul,Sul,54360.0,1568879.819,3543.0,2832.19,11512.0,16045.0,3656.0,441654.422,452.572,53242.0,117.64,28860.923822663724,65.1766004415011
4321303,Taquari,43,RS,Rio Grande do Sul,Sul,25968.0,1094083.427,1498.0,2982.3,5702.0,7459.0,1551.0,226619.895,349.967,25198.0,72.0,42131.98656038201,57.68638324091189
4321329,Taquaruçu do Sul,43,RS,Rio Grande do Sul,Sul,3190.0,188857.718,223.0,2907.11,506.0,737.0,226.0,19433.647,76.917,3119.0,40.55,59203.046394984325,69.90595611285266
4321352,Tavares,43,RS,Rio Grande do Sul,Sul,5319.0,124254.218,235.0,2440.59,581.0,811.0,240.0,19524.928,610.106,5212.0,8.54,23360.447076518143,44.18123707463809
4321402,Tenente Portela,43,RS,Rio Grande do Sul,Sul,14811.0,579215.207,892.0,2965.79,3050.0,4061.0,942.0,119194.185,337.495,14497.0,42.95,39107.09654986159,60.2255080683276
4321436,Terra de Areia,43,RS,Rio Grande do Sul,Sul,10569.0,291340.236,630.0,2527.28,2130.0,2853.0,645.0,73529.005,142.304,10334.0,72.62,27565.544138518308,59.60828839057621
4321451,Teutônia,43,RS,Rio Grande do Sul,Sul,33963.0,1576010.97,2556.0,3075.11,11030.0,14366.0,2671.0,453997.097,177.795,32797.0,184.47,46403.7620351559,75.25836940199629
4321469,Tio Hugo,43,RS,Rio Grande do Sul,Sul,3352.0,174783.916,267.0,3437.87,703.0,989.0,273.0,33705.571,113.944,3267.0,28.67,52143.17303102625,79.65393794749403
4321477,Tiradentes do Sul,43,RS,Rio Grande do Sul,Sul,5201.0,196242.688,194.0,2915.05,453.0,644.0,205.0,17520.304,236.653,5129.0,21.67,37731.72236108441,37.30051913093636
4321493,Toropi,43,RS,Rio Grande do Sul,Sul,2598.0,101333.696,93.0,3432.62,265.0,352.0,96.0,12531.313,198.316,2554.0,12.88,39004.50192455735,35.79676674364896
4321501,Torres,43,RS,Rio Grande do Sul,Sul,43268.0,1382106.936,3935.0,2964.86,10563.0,14806.0,4093.0,385144.0,161.627,41751.0,258.32,31942.935564389387,90.94480909679208
4321600,Tramandaí,43,RS,Rio Grande do Sul,Sul,56296.0,1234555.638,3521.0,2782.31,10042.0,13906.0,3655.0,352304.155,142.878,54387.0,380.65,21929.722147221826,62.544408128463836
4321626,Travesseiro,43,RS,Rio Grande do Sul,Sul,2193.0,78087.622,139.0,2596.58,486.0,631.0,142.0,17817.855,80.681,2152.0,26.67,35607.670770633835,63.38349293205654
4321634,Três Arroios,43,RS,Rio Grande do Sul,Sul,2638.0,141196.66,203.0,3244.55,773.0,1000.0,206.0,32968.472,148.601,2591.0,17.44,53524.13191811979,76.95223654283548
4321667,Três Cachoeiras,43,RS,Rio Grande do Sul,Sul,11216.0,308569.617,1026.0,2751.0,3082.0,4299.0,1039.0,108448.714,251.483,10962.0,43.59,27511.556437232524,91.47646219686163
4321709,Três Coroas,43,RS,Rio Grande do Sul,Sul,24420.0,805149.122,1793.0,2548.21,7245.0,9574.0,1854.0,252722.289,165.285,24425.0,147.78,32970.88951678952,73.42342342342343
4321808,Três de Maio,43,RS,Rio Grande do Sul,Sul,25452.0,1353675.659,1773.0,3134.84,6974.0,9292.0,1835.0,284816.838,421.461,24916.0,59.12,53185.43371837184,69.66053748231967
4321832,Três Forquilhas,43,RS,Rio Grande do Sul,Sul,2814.0,64219.229,85.0,3030.24,333.0,419.0,87.0,12835.468,217.386,2760.0,12.7,22821.33226723525,30.206112295664536
4321857,Três Palmeiras,43,RS,Rio Grande do Sul,Sul,4826.0,178529.898,298.0,2800.12,582.0,877.0,302.0,23735.667,180.599,4716.0,26.11,36993.34811438044,61.74886033982594
4321907,Três Passos,43,RS,Rio Grande do Sul,Sul,26284.0,1033033.997,1776.0,2859.51,6843.0,9042.0,1860.0,252465.018,268.902,25436.0,94.59,39302.76963171511,67.56962410591994
4321956,Trindade do Sul,43,RS,Rio Grande do Sul,Sul,7766.0,351370.562,472.0,2955.27,2791.0,3336.0,483.0,111381.259,268.417,7556.0,28.15,45244.72856039145,60.777749163018285
4322004,Triunfo,43,RS,Rio Grande do Sul,Sul,28414.0,12982403.916,1427.0,5304.11,15449.0,16947.0,1482.0,1035476.513,817.625,27498.0,33.63,456901.6652354473,50.22172168649257
4322103,Tucunduva,43,RS,Rio Grande do Sul,Sul,5649.0,259331.502,349.0,2877.01,905.0,1305.0,374.0,34037.999,181.198,5542.0,30.59,45907.50610727562,61.78084616746327
4322152,Tunas,43,RS,Rio Grande do Sul,Sul,3739.0,120844.574,107.0,2906.03,402.0,491.0,110.0,15246.62,217.302,3681.0,16.94,32320.025140411875,28.617277346884194
4322186,Tupanci do Sul,43,RS,Rio Grande do Sul,Sul,1398.0,94727.582,85.0,3685.94,188.0,267.0,85.0,9530.265,135.243,1374.0,10.16,67759.35765379113,60.80114449213161
4322202,Tupanciretã,43,RS,Rio Grande do Sul,Sul,20345.0,2052014.726,909.0,3366.37,3122.0,4163.0,973.0,140894.27,2253.234,20005.0,8.88,100860.8860162202,44.67928237896289
4322251,Tupandi,43,RS,Rio Grande do Sul,Sul,5160.0,533593.469,370.0,3829.8,3339.0,3805.0,383.0,171388.945,59.447,5029.0,84.6,103409.58701550389,71.70542635658914
4322301,Tuparendi,43,RS,Rio Grande do Sul,Sul,8536.0,383534.613,439.0,3126.65,1225.0,1775.0,463.0,51223.806,307.71,8363.0,27.18,44931.42139175258,51.42924086223055
4322327,Turuçu,43,RS,Rio Grande do Sul,Sul,3489.0,163727.492,138.0,2971.04,490.0,648.0,140.0,19191.267,253.635,3419.0,13.48,46926.7675551734,39.55288048151333
4322343,Ubiretama,43,RS,Rio Grande do Sul,Sul,2028.0,110732.498,79.0,4076.17,232.0,290.0,86.0,11837.487,125.876,1994.0,15.84,54601.82347140039,38.95463510848126
4322350,União da Serra,43,RS,Rio Grande do Sul,Sul,1186.0,91173.884,96.0,3973.95,176.0,281.0,98.0,8980.81,131.154,1170.0,8.92,76875.11298482293,80.94435075885329
4322376,Unistalda,43,RS,Rio Grande do Sul,Sul,2052.0,149067.231,88.0,2813.65,241.0,316.0,88.0,9190.071,602.387,1995.0,3.31,72644.84941520468,42.8849902534113
4322400,Uruguaiana,43,RS,Rio Grande do Sul,Sul,120885.0,3717112.957,5533.0,2998.43,20381.0,27127.0,5921.0,791103.636,5702.098,117210.0,20.56,30749.166207552633,45.770773875997854
4322509,Vacaria,43,RS,Rio Grande do Sul,Sul,66110.0,3245679.024,3659.0,2756.8,18740.0,23456.0,3909.0,740261.131,2124.492,64197.0,30.22,49095.12969293602,55.34714869157465
4322525,Vale Verde,43,RS,Rio Grande do Sul,Sul,3214.0,130452.824,175.0,3169.35,389.0,561.0,179.0,17923.104,329.727,3150.0,9.55,40588.93092719353,54.44928438083385
4322533,Vale do Sol,43,RS,Rio Grande do Sul,Sul,10080.0,272714.173,270.0,3371.67,794.0,1070.0,274.0,34842.701,328.275,9897.0,30.15,27054.97748015873,26.785714285714285
4322541,Vale Real,43,RS,Rio Grande do Sul,Sul,6213.0,198293.989,388.0,2947.18,1803.0,2255.0,394.0,70317.539,45.085,6058.0,134.37,31915.980846611943,62.44970223724449
4322558,Vanini,43,RS,Rio Grande do Sul,Sul,2047.0,94776.466,175.0,2524.9,396.0,621.0,177.0,13062.194,64.905,2004.0,30.88,46300.17879824133,85.49096238397655
4322608,Venâncio Aires,43,RS,Rio Grande do Sul,Sul,70805.0,3732042.12,4285.0,3285.57,18305.0,23511.0,4500.0,863754.734,772.588,68763.0,89.0,52708.736953604974,60.51832497704964
4322707,Vera Cruz,43,RS,Rio Grande do Sul,Sul,27638.0,826721.756,1307.0,3073.99,5238.0,6838.0,1350.0,221434.166,309.621,26710.0,86.27,29912.50293074752,47.28996309429047
4322806,Veranópolis,43,RS,Rio Grande do Sul,Sul,24540.0,1738705.951,2207.0,3498.68,7848.0,10703.0,2310.0,367095.623,289.397,24021.0,83.0,70851.91324368378,89.93480032599838
4322855,Vespasiano Corrêa,43,RS,Rio Grande do Sul,Sul,1852.0,119439.667,161.0,3417.24,342.0,545.0,161.0,14616.87,113.622,1818.0,16.0,64492.26079913607,86.9330453563715
4322905,Viadutos,43,RS,Rio Grande do Sul,Sul,4852.0,204581.595,286.0,3799.7,487.0,821.0,296.0,23997.121,268.072,4769.0,17.79,42164.38478977741,58.94476504534213
4323002,Viamão,43,RS,Rio Grande do Sul,Sul,232113.0,4335081.083,6487.0,3231.52,23503.0,31369.0,6767.0,996401.018,1496.506,224112.0,149.76,18676.597532236454,27.947594490614485
4323101,Vicente Dutra,43,RS,Rio Grande do Sul,Sul,4747.0,126514.694,110.0,3321.78,335.0,431.0,112.0,14285.863,193.025,4665.0,24.17,26651.50495049505,23.172530018959343
4323200,Victor Graeff,43,RS,Rio Grande do Sul,Sul,2832.0,295871.559,227.0,3503.6,675.0,925.0,235.0,30926.275,238.133,2780.0,11.67,104474.42055084746,80.15536723163842
4323309,Vila Flores,43,RS,Rio Grande do Sul,Sul,3736.0,297552.916,327.0,3594.41,1486.0,1884.0,329.0,69054.492,107.703,3646.0,33.85,79644.78479657388,87.52676659528908
4323358,Vila Lângaro,43,RS,Rio Grande do Sul,Sul,2122.0,168932.547,103.0,3573.73,481.0,580.0,104.0,23674.793,151.695,2079.0,13.71,79610.05984919886,48.539114043355326
4323408,Vila Maria,43,RS,Rio Grande do Sul,Sul,4512.0,389406.637,375.0,3731.11,2392.0,2883.0,386.0,104974.346,181.061,4413.0,24.37,86304.66245567377,83.11170212765957
4323457,Vila Nova do Sul,43,RS,Rio Grande do Sul,Sul,3935.0,195942.606,143.0,3133.62,591.0,749.0,151.0,24770.6,508.278,3863.0,7.6,49794.817280813215,36.3405336721728
4323507,Vista Alegre,43,RS,Rio Grande do Sul,Sul,2712.0,137064.206,168.0,2998.61,482.0,668.0,170.0,18760.812,77.63,2660.0,34.27,50539.89896755162,61.94690265486726
4323606,Vista Alegre do Prata,43,RS,Rio Grande do Sul,Sul,1624.0,85228.829,140.0,3885.67,213.0,355.0,141.0,10308.848,119.327,1590.0,13.32,52480.80603448276,86.20689655172414
4323705,Vista Gaúcha,43,RS,Rio Grande do Sul,Sul,2842.0,103512.56,174.0,3208.96,528.0,695.0,177.0,24330.339,90.022,2783.0,30.91,36422.43490499648,61.224489795918366
4323754,Vitória das Missões,43,RS,Rio Grande do Sul,Sul,3318.0,159528.014,120.0,3175.96,336.0,445.0,123.0,14502.638,258.312,3260.0,12.62,48079.57022302592,36.166365280289334
4323770,Westfália,43,RS,Rio Grande do Sul,Sul,3219.0,264839.915,242.0,3226.85,1340.0,1635.0,246.0,52898.929,63.665,3098.0,48.66,82273.97173035103,75.17862690276483
4323804,Xangri-lá,43,RS,Rio Grande do Sul,Sul,16907.0,733160.396,2259.0,3628.99,5388.0,7762.0,2334.0,233175.176,60.756,16463.0,270.97,43364.31040397468,133.61329626781807
5000203,Água Clara,50,MS,Mato Grosso do Sul,Centro-Oeste,17647.0,1211925.182,1114.0,3162.65,6940.0,8052.0,1194.0,297018.749,7781.558,16741.0,2.15,68675.98923329744,63.12687708959031
5000252,Alcinópolis,50,MS,Mato Grosso do Sul,Centro-Oeste,4648.0,237904.41,274.0,3828.6,681.0,945.0,293.0,35997.432,4397.518,4537.0,1.03,51184.25344234079,58.950086058519794
5000609,Amambai,50,MS,Mato Grosso do Sul,Centro-Oeste,41414.0,2033694.68,1552.0,2736.99,5938.0,7670.0,1672.0,230438.136,4193.742,39325.0,9.38,49106.4538561839,37.47524991548752
5000708,Anastácio,50,MS,Mato Grosso do Sul,Centro-Oeste,24741.0,609913.447,749.0,2506.06,3188.0,3924.0,782.0,109859.817,2913.177,24114.0,8.28,24651.931894426256,30.27363485711976
5000807,Anaurilândia,50,MS,Mato Grosso do Sul,Centro-Oeste,7735.0,410374.498,401.0,3643.69,2040.0,2423.0,421.0,91657.451,3415.657,7653.0,2.24,53054.23374272786,51.84227537168714
5000856,Angélica,50,MS,Mato Grosso do Sul,Centro-Oeste,11203.0,883913.46,355.0,4684.56,7021.0,7337.0,376.0,426693.822,1283.627,10729.0,8.36,78899.71079175221,31.68794073016156
5000906,Antônio João,50,MS,Mato Grosso do Sul,Centro-Oeste,9641.0,866590.014,303.0,2875.49,1142.0,1428.0,316.0,41345.314,1142.895,9303.0,8.14,89885.90540400373,31.42827507519967
5001003,Aparecida do Taboado,50,MS,Mato Grosso do Sul,Centro-Oeste,29446.0,1660199.249,1420.0,2889.48,11014.0,12523.0,1494.0,398331.771,2751.485,27674.0,10.06,56381.14681111187,48.22386741832507
5001102,Aquidauana,50,MS,Mato Grosso do Sul,Centro-Oeste,48561.0,1116844.16,1837.0,2916.12,6868.0,8905.0,1973.0,278768.93,17087.021,46803.0,2.74,22998.788328082206,37.828710281913466
5001243,Aral Moreira,50,MS,Mato Grosso do Sul,Centro-Oeste,11085.0,1255600.93,311.0,3060.03,1349.0,1638.0,335.0,66424.024,1653.86,10748.0,6.5,113270.26883175463,28.055931438881373
5001508,Bandeirantes,50,MS,Mato Grosso do Sul,Centro-Oeste,8276.0,780113.614,466.0,3270.57,1630.0,2133.0,499.0,67859.441,3357.926,7940.0,2.36,94262.15732237796,56.307394876752056
5001904,Bataguassu,50,MS,Mato Grosso do Sul,Centro-Oeste,24004.0,1055097.238,1304.0,2723.37,6910.0,8259.0,1339.0,248490.287,2392.476,23031.0,9.63,43955.05907348775,54.32427928678553
5002001,Batayporã,50,MS,Mato Grosso do Sul,Centro-Oeste,10953.0,603790.351,575.0,3265.8,2743.0,3310.0,587.0,121229.622,1826.578,10712.0,5.86,55125.56842874098,52.49703277640829
5002100,Bela Vista,50,MS,Mato Grosso do Sul,Centro-Oeste,21965.0,931638.335,786.0,3186.72,2706.0,3483.0,828.0,125321.227,4899.44,21613.0,4.41,42414.67493740041,35.78420213976781
5002159,Bodoquena,50,MS,Mato Grosso do Sul,Centro-Oeste,8849.0,332560.558,400.0,3312.56,1649.0,2026.0,431.0,76612.123,2591.933,8567.0,3.31,37581.71070177421,45.20284777941011
5002209,Bonito,50,MS,Mato Grosso do Sul,Centro-Oeste,24761.0,1130066.674,1677.0,2889.69,5723.0,7718.0,1763.0,230909.371,5373.016,23659.0,4.4,45638.97556641493,67.72747465772788
5002308,Brasilândia,50,MS,Mato Grosso do Sul,Centro-Oeste,11840.0,833888.844,595.0,3171.73,2997.0,3548.0,647.0,123477.579,5803.542,11579.0,2.0,70429.80101351351,50.25337837837838
5002407,Caarapó,50,MS,Mato Grosso do Sul,Centro-Oeste,32406.0,1967107.904,1325.0,3093.76,8478.0,9930.0,1395.0,347603.234,2115.73,30612.0,14.47,60701.96580880084,40.88748997099303
5002605,Camapuã,50,MS,Mato Grosso do Sul,Centro-Oeste,13920.0,607829.764,765.0,3283.5,1934.0,2829.0,811.0,89029.12,6238.127,13583.0,2.18,43665.93132183908,54.956896551724135
5002704,Campo Grande,50,MS,Mato Grosso do Sul,Centro-Oeste,954537.0,35187898.694,55970.0,4518.17,310226.0,381239.0,59605.0,18532504.328,8082.978,898100.0,111.11,36863.839425815866,58.63575744051828
5002803,Caracol,50,MS,Mato Grosso do Sul,Centro-Oeste,5115.0,174648.938,199.0,2835.33,586.0,749.0,204.0,22375.069,2943.206,5036.0,1.71,34144.46490713587,38.905180840664705
5002902,Cassilândia,50,MS,Mato Grosso do Sul,Centro-Oeste,21549.0,712341.401,1248.0,3094.85,3900.0,5335.0,1327.0,159867.376,3658.252,20988.0,5.74,33056.81938837069,57.91452039537798
5002951,Chapadão do Sul,50,MS,Mato Grosso do Sul,Centro-Oeste,33791.0,2655074.589,2604.0,3593.74,9857.0,12965.0,2742.0,482539.548,3252.327,30993.0,9.53,78573.42455091592,77.06193956970792
5003108,Corguinho,50,MS,Mato Grosso do Sul,Centro-Oeste,4893.0,144629.98,233.0,2467.46,673.0,919.0,241.0,22329.743,2639.657,4783.0,1.81,29558.548947475985,47.61904761904761
5003157,Coronel Sapucaia,50,MS,Mato Grosso do Sul,Centro-Oeste,14661.0,336177.673,472.0,2473.87,1053.0,1516.0,489.0,41402.485,1023.727,14289.0,13.96,22930.064320305573,32.19425687197326
5003207,Corumbá,50,MS,Mato Grosso do Sul,Centro-Oeste,99107.0,3847164.808,3217.0,3514.72,19407.0,22767.0,3499.0,942794.227,64432.45,96268.0,1.49,38818.29545844391,32.45986660881673
5003256,Costa Rica,50,MS,Mato Grosso do Sul,Centro-Oeste,28163.0,2556158.567,1492.0,3490.0,5885.0,7619.0,1567.0,283968.333,4159.384,26037.0,6.26,90763.00703050102,52.97731065582502
5003306,Coxim,50,MS,Mato Grosso do Sul,Centro-Oeste,33390.0,1225785.16,1604.0,3075.2,5503.0,7288.0,1700.0,229902.699,6391.486,32151.0,5.03,36711.145852051515,48.03833483078766
5003454,Deodápolis,50,MS,Mato Grosso do Sul,Centro-Oeste,14210.0,461295.44,559.0,2630.05,2434.0,3038.0,579.0,86951.411,828.533,13663.0,16.49,32462.733286418017,39.33849401829698
5003488,Dois Irmãos do Buriti,50,MS,Mato Grosso do Sul,Centro-Oeste,11470.0,310922.579,330.0,2847.98,1530.0,1828.0,355.0,61887.09,2431.609,11100.0,4.56,27107.461115954666,28.77070619006103
5003504,Douradina,50,MS,Mato Grosso do Sul,Centro-Oeste,5749.0,214591.531,212.0,2877.04,710.0,921.0,220.0,27739.592,280.457,5578.0,19.89,37326.757870934074,36.875978431031484
5003702,Dourados,50,MS,Mato Grosso do Sul,Centro-Oeste,260640.0,12300148.81,15015.0,3611.45,68694.0,87808.0,15867.0,3510189.415,4062.236,243367.0,59.91,47192.099485880906,57.608195211786374
5003751,Eldorado,50,MS,Mato Grosso do Sul,Centro-Oeste,11633.0,524690.873,478.0,2828.74,2440.0,2911.0,505.0,91729.617,1012.796,11386.0,11.24,45103.65967506232,41.090002578870454
5003801,Fátima do Sul,50,MS,Mato Grosso do Sul,Centro-Oeste,21388.0,699103.137,933.0,2801.69,4011.0,5093.0,962.0,151371.02,315.333,20609.0,65.36,32686.699878436506,43.62259210772395
5003900,Figueirão,50,MS,Mato Grosso do Sul,Centro-Oeste,3709.0,142133.312,220.0,3326.81,544.0,749.0,237.0,25242.884,4879.932,3539.0,0.73,38321.19493124831,59.315179293610136
5004007,Glória de Dourados,50,MS,Mato Grosso do Sul,Centro-Oeste,10777.0,280100.74,389.0,2860.09,1160.0,1577.0,409.0,43723.619,493.434,10444.0,21.17,25990.60406421082,36.09538832699267
5004106,Guia Lopes da Laguna,50,MS,Mato Grosso do Sul,Centro-Oeste,10135.0,350227.616,368.0,2659.3,1247.0,1609.0,380.0,48300.055,1225.426,9940.0,8.11,34556.252195362606,36.30981746423286
5004304,Iguatemi,50,MS,Mato Grosso do Sul,Centro-Oeste,14017.0,788190.55,801.0,2945.21,2416.0,3192.0,829.0,103577.723,2957.41,13808.0,4.67,56231.044446029824,57.14489548405508
5004403,Inocência,50,MS,Mato Grosso do Sul,Centro-Oeste,8712.0,406133.073,809.0,3606.48,4075.0,4838.0,858.0,137867.447,5761.19,8404.0,1.46,46617.66219008264,92.86042240587696
5004502,Itaporã,50,MS,Mato Grosso do Sul,Centro-Oeste,25075.0,1124125.325,724.0,3357.72,3169.0,4073.0,751.0,147798.081,1342.764,24137.0,17.98,44830.52143569292,28.873379860418744
5004601,Itaquiraí,50,MS,Mato Grosso do Sul,Centro-Oeste,19996.0,1258878.268,673.0,2892.81,5582.0,6309.0,736.0,209803.286,2063.717,19423.0,9.41,62956.50470094019,33.656731346269254
5004700,Ivinhema,50,MS,Mato Grosso do Sul,Centro-Oeste,29613.0,1461628.382,1470.0,2747.18,4496.0,6178.0,1534.0,161795.813,2003.43,27821.0,13.89,49357.65987910715,49.64036065241617
5004809,Japorã,50,MS,Mato Grosso do Sul,Centro-Oeste,8409.0,165050.279,136.0,2784.75,549.0,653.0,139.0,22622.502,416.605,8148.0,19.56,19627.812938518255,16.173147817814247
5004908,Jaraguari,50,MS,Mato Grosso do Sul,Centro-Oeste,7425.0,370993.645,298.0,3522.89,859.0,1144.0,311.0,41610.782,2912.836,7139.0,2.45,49965.474074074074,40.13468013468013
5005004,Jardim,50,MS,Mato Grosso do Sul,Centro-Oeste,24509.0,930097.641,1249.0,2642.94,4218.0,5589.0,1305.0,156330.08,2126.133,23981.0,11.28,37949.22848749439,50.96087151658575
5005103,Jateí,50,MS,Mato Grosso do Sul,Centro-Oeste,3620.0,474839.715,142.0,3626.74,630.0,735.0,149.0,30168.344,1933.316,3586.0,1.85,131171.19198895028,39.226519337016576
5005152,Juti,50,MS,Mato Grosso do Sul,Centro-Oeste,7009.0,483742.575,245.0,2756.81,747.0,976.0,257.0,30665.281,1569.176,6729.0,4.29,69017.34555571408,34.95505778285062
5005202,Ladário,50,MS,Mato Grosso do Sul,Centro-Oeste,22290.0,371027.873,351.0,3210.53,1546.0,1825.0,379.0,82284.364,354.255,21522.0,60.75,16645.485554060117,15.746971736204575
5005251,Laguna Carapã,50,MS,Mato Grosso do Sul,Centro-Oeste,7012.0,1097291.727,279.0,3695.44,1373.0,1691.0,309.0,68237.557,1725.78,6799.0,3.94,156487.69637763832,39.78893325727324
5005400,Maracaju,50,MS,Mato Grosso do Sul,Centro-Oeste,47558.0,4517627.497,2846.0,3419.84,9840.0,13563.0,3056.0,459251.434,5396.905,45047.0,8.35,94991.95712603557,59.842718364943856
5005608,Miranda,50,MS,Mato Grosso do Sul,Centro-Oeste,26487.0,631601.903,813.0,2939.59,3543.0,4298.0,868.0,169983.488,5471.436,25536.0,4.67,23845.731981726884,30.69430286555669
5005681,Mundo Novo,50,MS,Mato Grosso do Sul,Centro-Oeste,19937.0,942239.257,958.0,2862.76,3365.0,4346.0,995.0,125805.118,478.38,19193.0,40.12,47260.83447860761,48.051361789637355
5005707,Naviraí,50,MS,Mato Grosso do Sul,Centro-Oeste,52707.0,2901634.701,3126.0,3174.63,12710.0,16446.0,3281.0,560099.847,3189.667,50457.0,15.82,55052.16956002049,59.30901018840002
5005806,Nioaque,50,MS,Mato Grosso do Sul,Centro-Oeste,13412.0,447264.968,429.0,2243.27,1669.0,2077.0,457.0,50048.364,3909.44,13220.0,3.38,33348.11869967193,31.986280942439606
5006002,Nova Alvorada do Sul,50,MS,Mato Grosso do Sul,Centro-Oeste,23054.0,2282707.353,996.0,3531.47,5148.0,6210.0,1043.0,263260.029,4025.012,21822.0,5.42,99015.67419970504,43.202914895462825
5006200,Nova Andradina,50,MS,Mato Grosso do Sul,Centro-Oeste,50610.0,3281854.93,3135.0,2984.03,13258.0,16952.0,3287.0,527965.695,4770.685,48563.0,10.18,64845.97767239676,61.94427978660344
5006259,Novo Horizonte do Sul,50,MS,Mato Grosso do Sul,Centro-Oeste,4811.0,279116.891,171.0,3062.94,559.0,702.0,176.0,26231.059,849.19,4721.0,5.56,58016.398046144255,35.54354604032426
5006275,Paraíso das Águas,50,MS,Mato Grosso do Sul,Centro-Oeste,5777.0,1296593.635,363.0,4432.49,1353.0,1704.0,384.0,87785.871,5061.433,5510.0,1.09,224440.64999134498,62.83538168599619
5006309,Paranaíba,50,MS,Mato Grosso do Sul,Centro-Oeste,42543.0,1587294.798,2588.0,2823.56,9916.0,12885.0,2707.0,382747.057,5405.48,40957.0,7.58,37310.36358507862,60.83256940037139
5006358,Paranhos,50,MS,Mato Grosso do Sul,Centro-Oeste,13323.0,286014.382,289.0,3285.64,842.0,1091.0,300.0,47622.43,1307.092,12921.0,9.89,21467.71613000075,21.691811153644075
5006408,Pedro Gomes,50,MS,Mato Grosso do Sul,Centro-Oeste,6974.0,268952.844,338.0,3183.49,734.0,1078.0,354.0,33169.536,3553.782,6941.0,1.95,38565.07657011758,48.465729853742474
5006606,Ponta Porã,50,MS,Mato Grosso do Sul,Centro-Oeste,97577.0,4771499.682,4155.0,3002.54,16195.0,21129.0,4436.0,640029.563,5359.354,92017.0,17.17,48899.83994178956,42.58175594658577
5006903,Porto Murtinho,50,MS,Mato Grosso do Sul,Centro-Oeste,12864.0,464125.297,517.0,3442.19,1596.0,2050.0,578.0,77661.913,17505.2,12859.0,0.73,36079.391868781095,40.18967661691542
5007109,Ribas do Rio Pardo,50,MS,Mato Grosso do Sul,Centro-Oeste,23996.0,1965364.416,1792.0,4538.64,11494.0,13295.0,1985.0,903854.016,17315.283,23150.0,1.34,81903.83463910651,74.67911318553091
5007208,Rio Brilhante,50,MS,Mato Grosso do Sul,Centro-Oeste,39936.0,3298706.772,1767.0,3989.49,11094.0,13093.0,1880.0,610142.726,3983.562,37601.0,9.44,82599.82902644231,44.24579326923077
5007307,Rio Negro,50,MS,Mato Grosso do Sul,Centro-Oeste,4933.0,130213.078,250.0,2326.28,686.0,914.0,256.0,23052.915,1828.8,4841.0,2.65,26396.326373403608,50.67909993918508
5007406,Rio Verde de Mato Grosso,50,MS,Mato Grosso do Sul,Centro-Oeste,20393.0,601958.447,864.0,2865.94,2534.0,3443.0,908.0,106970.563,8173.868,19818.0,2.42,29517.895699504734,42.367479036924436
5007505,Rochedo,50,MS,Mato Grosso do Sul,Centro-Oeste,5407.0,231963.666,229.0,3079.96,1667.0,1897.0,242.0,66142.452,1309.574,5199.0,3.97,42900.622526354724,42.352506010726835
5007554,Santa Rita do Pardo,50,MS,Mato Grosso do Sul,Centro-Oeste,7174.0,467080.26,380.0,3049.86,1841.0,2219.0,403.0,77319.824,6142.001,7027.0,1.14,65107.36827432395,52.96905492054642
5007695,São Gabriel do Oeste,50,MS,Mato Grosso do Sul,Centro-Oeste,31694.0,2185644.211,1872.0,3338.35,9682.0,12147.0,1974.0,422184.01,3849.875,29579.0,7.68,68960.81942954502,59.06480721903199
5007703,Sete Quedas,50,MS,Mato Grosso do Sul,Centro-Oeste,11301.0,418189.362,494.0,3135.06,945.0,1437.0,500.0,41797.562,839.117,10994.0,13.1,37004.63339527475,43.712945757012655
5007802,Selvíria,50,MS,Mato Grosso do Sul,Centro-Oeste,8593.0,1721432.233,377.0,3996.38,2085.0,2414.0,396.0,121051.502,3254.917,8142.0,2.5,200329.5976957989,43.87291981845688
5007901,Sidrolândia,50,MS,Mato Grosso do Sul,Centro-Oeste,49374.0,3327696.301,2047.0,2881.55,11729.0,14043.0,2138.0,466260.104,5265.695,47118.0,8.95,67397.74579738324,41.45906752541824
5007935,Sonora,50,MS,Mato Grosso do Sul,Centro-Oeste,14822.0,1024260.939,784.0,3854.71,3926.0,4766.0,806.0,209662.79,4185.528,14516.0,3.47,69104.09789502091,52.894346242072594
5007950,Tacuru,50,MS,Mato Grosso do Sul,Centro-Oeste,11159.0,313035.055,284.0,3433.53,787.0,1031.0,298.0,45959.754,1784.207,10808.0,6.06,28052.249753562148,25.450309167488125
5007976,Taquarussu,50,MS,Mato Grosso do Sul,Centro-Oeste,3730.0,181312.947,137.0,3203.49,501.0,606.0,144.0,21215.006,1052.232,3625.0,3.45,48609.369168900805,36.72922252010724
5008008,Terenos,50,MS,Mato Grosso do Sul,Centro-Oeste,18139.0,717675.216,716.0,2803.03,3167.0,3953.0,744.0,117914.012,2845.723,17652.0,6.2,39565.3131925685,39.47295881801643
5008305,Três Lagoas,50,MS,Mato Grosso do Sul,Centro-Oeste,141435.0,11704743.416,7090.0,4012.14,45852.0,53898.0,7563.0,2393085.307,10217.071,132152.0,12.93,82757.0503482165,50.12903453883409
5008404,Vicentina,50,MS,Mato Grosso do Sul,Centro-Oeste,6476.0,371815.759,203.0,2979.08,1067.0,1247.0,209.0,41234.493,312.429,6336.0,20.28,57414.41615194565,31.346510191476217
5100102,Acorizal,51,MT,Mato Grosso,Centro-Oeste,4990.0,109140.223,202.0,3398.25,539.0,736.0,204.0,23190.439,850.763,5014.0,5.89,21871.788176352704,40.480961923847694
5100201,Água Boa,51,MT,Mato Grosso,Centro-Oeste,31314.0,2000534.81,2233.0,3275.16,7577.0,10216.0,2336.0,340633.321,7549.308,29219.0,3.87,63886.2748291499,71.30995720763876
5100250,Alta Floresta,51,MT,Mato Grosso,Centro-Oeste,61291.0,2111630.29,3732.0,2946.56,13885.0,18512.0,3848.0,542546.266,8955.41,58613.0,6.54,34452.53446672431,60.88985332267381
5100300,Alto Araguaia,51,MT,Mato Grosso,Centro-Oeste,17657.0,1172813.645,817.0,3159.71,2942.0,3763.0,847.0,121070.503,5402.308,17193.0,3.18,66422.0221441921,46.27060089482925
5100359,Alto Boa Vista,51,MT,Mato Grosso,Centro-Oeste,5875.0,263999.716,283.0,4103.09,605.0,875.0,284.0,30400.195,2248.414,5715.0,2.54,44936.12187234042,48.170212765957444
5100409,Alto Garças,51,MT,Mato Grosso,Centro-Oeste,13707.0,1197571.995,585.0,4528.81,2801.0,3408.0,609.0,171966.527,3858.153,13052.0,3.38,87369.37294812869,42.67892317793828
5100508,Alto Paraguai,51,MT,Mato Grosso,Centro-Oeste,7717.0,166609.592,205.0,2753.42,505.0,694.0,208.0,21726.524,1847.354,8009.0,4.34,21589.943242192563,26.564727225605804
5100607,Alto Taquari,51,MT,Mato Grosso,Centro-Oeste,11571.0,1295709.939,517.0,3916.95,2598.0,3129.0,536.0,140429.754,1436.582,10904.0,7.59,111979.08037334715,44.680667185204385
5100805,Apiacás,51,MT,Mato Grosso,Centro-Oeste,8692.0,233789.589,412.0,2976.56,1098.0,1527.0,417.0,46112.019,20489.024,8590.0,0.42,26897.099516797054,47.399907961343764
5101001,Araguaiana,51,MT,Mato Grosso,Centro-Oeste,3950.0,126561.189,149.0,2735.44,460.0,583.0,153.0,18147.717,6380.7,3795.0,0.59,32040.807341772153,37.721518987341774
5101209,Araguainha,51,MT,Mato Grosso,Centro-Oeste,1006.0,28024.685,52.0,2546.66,147.0,183.0,52.0,4804.428,675.231,1010.0,1.5,27857.53976143141,51.68986083499006
5101258,Araputanga,51,MT,Mato Grosso,Centro-Oeste,14854.0,655065.754,742.0,3114.63,3605.0,4445.0,783.0,141062.318,1639.733,14786.0,9.02,44100.2931196984,49.95287464655985
5101308,Arenápolis,51,MT,Mato Grosso,Centro-Oeste,10747.0,232216.153,555.0,2819.02,1499.0,2090.0,566.0,55932.24,417.337,10576.0,25.34,21607.532613752675,51.64231878663813
5101407,Aripuanã,51,MT,Mato Grosso,Centro-Oeste,26010.0,1445988.251,1059.0,4939.99,5239.0,6378.0,1131.0,327454.663,24678.135,24626.0,1.0,55593.550595924644,40.71510957324106
5101605,Barão de Melgaço,51,MT,Mato Grosso,Centro-Oeste,7204.0,124583.271,183.0,3386.18,364.0,535.0,186.0,17514.819,11374.872,7253.0,0.64,17293.6245141588,25.402554136590783
5101704,Barra do Bugres,51,MT,Mato Grosso,Centro-Oeste,29576.0,1568772.1,1431.0,3424.99,6233.0,7841.0,1488.0,288311.793,5976.864,29403.0,4.92,53042.06451176629,48.38382472274817
5101803,Barra do Garças,51,MT,Mato Grosso,Centro-Oeste,72694.0,2578984.296,4307.0,3058.47,16911.0,21816.0,4528.0,702176.093,8363.149,69210.0,8.28,35477.264918700304,59.24835612292624
5101837,Boa Esperança do Norte,51,MT,Mato Grosso,Centro-Oeste,,,,,,,,,,,,,
5101852,Bom Jesus do Araguaia,51,MT,Mato Grosso,Centro-Oeste,7731.0,769105.896,323.0,3588.18,1275.0,1589.0,334.0,63450.736,4266.636,7280.0,1.71,99483.36515327901,41.77984736774027
5101902,Brasnorte,51,MT,Mato Grosso,Centro-Oeste,17496.0,2087054.379,873.0,3387.61,2814.0,3716.0,903.0,140762.011,15968.355,17004.0,1.06,119287.51594650206,49.89711934156379
5102504,Cáceres,51,MT,Mato Grosso,Centro-Oeste,91626.0,2264298.078,3280.0,4487.32,15013.0,18994.0,3433.0,846030.794,24495.51,89681.0,3.66,24712.39689607753,35.79769934298125
5102603,Campinápolis,51,MT,Mato Grosso,Centro-Oeste,15713.0,437257.83,429.0,3648.16,1030.0,1464.0,443.0,63271.092,5978.985,15347.0,2.57,27827.77509068924,27.30223381913066
5102637,Campo Novo do Parecis,51,MT,Mato Grosso,Centro-Oeste,50033.0,6910184.615,3390.0,3877.69,14048.0,18303.0,3506.0,742469.24,9428.586,45899.0,4.87,138112.53802490357,67.75528151420063
5102678,Campo Verde,51,MT,Mato Grosso,Centro-Oeste,47831.0,4992842.447,3036.0,3542.04,12328.0,16105.0,3184.0,583200.945,4770.631,44585.0,9.35,104385.0734251845,63.473479542556085
5102686,Campos de Júlio,51,MT,Mato Grosso,Centro-Oeste,9608.0,3302451.395,652.0,4016.27,3497.0,4178.0,675.0,194137.299,6792.808,8822.0,1.3,343718.9212114904,67.8601165695254
5102694,Canabrava do Norte,51,MT,Mato Grosso,Centro-Oeste,4480.0,267164.558,209.0,3687.69,438.0,644.0,212.0,21987.18,3449.037,4485.0,1.3,59634.94598214286,46.651785714285715
5102702,Canarana,51,MT,Mato Grosso,Centro-Oeste,27657.0,2931363.028,1813.0,3327.4,6001.0,8216.0,1866.0,265771.976,10855.181,25858.0,2.38,105989.91315037785,65.55302455074664
5102793,Carlinda,51,MT,Mato Grosso,Centro-Oeste,10324.0,299341.415,367.0,2838.49,1091.0,1465.0,374.0,43310.648,2421.788,10332.0,4.27,28994.712805114297,35.54823711739636
5102850,Castanheira,51,MT,Mato Grosso,Centro-Oeste,7459.0,215078.345,273.0,2926.21,624.0,902.0,281.0,29278.789,3713.466,7506.0,2.02,28834.742592840863,36.60008043973723
5103007,Chapada dos Guimarães,51,MT,Mato Grosso,Centro-Oeste,19374.0,1214477.817,1305.0,3088.07,2792.0,4293.0,1341.0,115864.102,6603.252,18990.0,2.88,62685.96144317126,67.3583152678848
5103056,Cláudia,51,MT,Mato Grosso,Centro-Oeste,9436.0,1068338.3,610.0,3208.19,1531.0,2277.0,629.0,71351.754,3843.561,9593.0,2.5,113219.40440864774,64.64603645612547
5103106,Cocalinho,51,MT,Mato Grosso,Centro-Oeste,6428.0,297647.718,333.0,3456.64,1630.0,1926.0,344.0,66975.362,16563.136,6220.0,0.38,46304.8721219664,51.80460485376478
5103205,Colíder,51,MT,Mato Grosso,Centro-Oeste,32010.0,1269285.735,2023.0,3233.35,8012.0,10304.0,2087.0,324525.904,3112.091,31370.0,10.08,39652.78772258669,63.199000312402376
5103254,Colniza,51,MT,Mato Grosso,Centro-Oeste,26090.0,849011.185,1089.0,2668.7,3235.0,4369.0,1150.0,121513.414,27960.237,25766.0,0.92,32541.632234572633,41.74013031812955
5103304,Comodoro,51,MT,Mato Grosso,Centro-Oeste,18461.0,1258117.21,1196.0,2864.5,3490.0,4848.0,1234.0,139051.928,21485.018,18238.0,0.85,68150.0032500948,64.78522290233465
5103353,Confresa,51,MT,Mato Grosso,Centro-Oeste,37541.0,1536915.686,2223.0,3367.52,6566.0,8868.0,2282.0,295711.581,5802.314,35075.0,6.05,40939.65760102288,59.215257984603504
5103361,Conquista D'Oeste,51,MT,Mato Grosso,Centro-Oeste,3874.0,143168.902,165.0,3478.26,451.0,625.0,173.0,23110.127,2684.676,3760.0,1.4,36956.35054207537,42.59163655136809
5103379,Cotriguaçu,51,MT,Mato Grosso,Centro-Oeste,10398.0,324390.583,353.0,3226.05,1127.0,1462.0,377.0,53104.379,9469.957,11011.0,1.16,31197.401711867667,33.9488363146759
5103403,Cuiabá,51,MT,Mato Grosso,Centro-Oeste,682932.0,29743721.917,57390.0,4319.5,322991.0,393583.0,60665.0,18496186.645,4327.448,650877.0,150.41,43552.977334493036,84.03472087997048
5103437,Curvelândia,51,MT,Mato Grosso,Centro-Oeste,4967.0,123824.063,185.0,3312.73,483.0,657.0,190.0,23296.716,357.128,4903.0,13.73,24929.346285484196,37.245822428024965
5103452,Denise,51,MT,Mato Grosso,Centro-Oeste,6815.0,529572.452,223.0,3272.59,573.0,797.0,224.0,25307.948,1273.178,7014.0,5.51,77706.88950843728,32.721936903888476
5103502,Diamantino,51,MT,Mato Grosso,Centro-Oeste,22479.0,5746756.34,1708.0,3693.96,8229.0,10151.0,1782.0,406373.177,8263.397,21941.0,2.66,255649.99955514036,75.98202767027003
5103601,Dom Aquino,51,MT,Mato Grosso,Centro-Oeste,7915.0,673288.594,315.0,3430.95,787.0,1135.0,316.0,37915.568,2183.603,7872.0,3.61,85064.88869235628,39.79785217940619
5103700,Feliz Natal,51,MT,Mato Grosso,Centro-Oeste,10564.0,1044833.993,563.0,3317.63,1594.0,2244.0,585.0,72119.412,11661.514,10521.0,0.9,98905.14890193108,53.29420673987126
5103809,Figueirópolis D'Oeste,51,MT,Mato Grosso,Centro-Oeste,3112.0,83602.851,132.0,3284.05,369.0,497.0,138.0,16638.593,891.448,3187.0,3.58,26864.669344473008,42.41645244215938
5103858,Gaúcha do Norte,51,MT,Mato Grosso,Centro-Oeste,9181.0,1290849.503,470.0,3524.33,1312.0,1810.0,482.0,62014.555,16908.375,8642.0,0.51,140600.09835529898,51.19268053588934
5103908,General Carneiro,51,MT,Mato Grosso,Centro-Oeste,6250.0,481705.34,199.0,2986.13,453.0,622.0,206.0,21020.456,4514.917,6037.0,1.34,77072.8544,31.84
5103957,Glória D'Oeste,51,MT,Mato Grosso,Centro-Oeste,2899.0,89215.027,116.0,3171.14,238.0,336.0,120.0,9679.186,833.13,2905.0,3.49,30774.414280786477,40.0137978613315
5104104,Guarantã do Norte,51,MT,Mato Grosso,Centro-Oeste,31328.0,1099091.891,1927.0,3000.0,5830.0,7927.0,2004.0,240151.216,4725.281,31024.0,6.57,35083.37241445352,61.51046986721144
5104203,Guiratinga,51,MT,Mato Grosso,Centro-Oeste,10532.0,727106.516,478.0,3174.07,1082.0,1565.0,492.0,48041.974,5043.899,10966.0,2.17,69037.83858716293,45.385491834409414
5104500,Indiavaí,51,MT,Mato Grosso,Centro-Oeste,2194.0,103575.558,97.0,3447.87,260.0,337.0,101.0,12592.391,592.495,2213.0,3.74,47208.54968094804,44.21148587055606
5104526,Ipiranga do Norte,51,MT,Mato Grosso,Centro-Oeste,8409.0,1924820.841,548.0,4082.36,1607.0,2224.0,566.0,85371.044,3422.016,7815.0,2.28,228900.08811987157,65.16827208942799
5104542,Itanhangá,51,MT,Mato Grosso,Centro-Oeste,8049.0,721419.519,424.0,2945.86,830.0,1276.0,438.0,35686.26,2909.745,7539.0,2.59,89628.46552366753,52.677351223754506
5104559,Itaúba,51,MT,Mato Grosso,Centro-Oeste,5161.0,418990.405,341.0,3394.24,1089.0,1456.0,355.0,50550.196,4521.79,5020.0,1.11,81183.95756636311,66.0724665762449
5104609,Itiquira,51,MT,Mato Grosso,Centro-Oeste,12519.0,2144680.075,587.0,3502.91,2433.0,3072.0,618.0,112291.216,8698.814,12236.0,1.41,171314.00870676574,46.888729131719785
5104807,Jaciara,51,MT,Mato Grosso,Centro-Oeste,29560.0,1197725.423,1672.0,3309.41,7564.0,9520.0,1735.0,329665.136,2429.678,28569.0,11.76,40518.451387009474,56.562922868741545
5104906,Jangada,51,MT,Mato Grosso,Centro-Oeste,7447.0,188751.905,235.0,2533.44,635.0,862.0,242.0,21288.04,1114.302,7426.0,6.66,25346.0326305895,31.55633140862092
5105002,Jauru,51,MT,Mato Grosso,Centro-Oeste,8076.0,348767.341,284.0,3504.78,726.0,1040.0,291.0,38758.389,1345.411,8367.0,6.22,43185.65391282813,35.16592372461615
5105101,Juara,51,MT,Mato Grosso,Centro-Oeste,35899.0,1365472.563,1962.0,3073.82,7008.0,9234.0,2045.0,294227.344,22632.713,34906.0,1.54,38036.50695005432,54.653332961920945
5105150,Juína,51,MT,Mato Grosso,Centro-Oeste,47800.0,1332790.406,2121.0,2780.27,8143.0,10716.0,2205.0,321919.395,26397.173,45869.0,1.74,27882.644476987447,44.37238493723849
5105176,Juruena,51,MT,Mato Grosso,Centro-Oeste,10149.0,297859.063,485.0,3226.76,2310.0,2779.0,493.0,87635.802,3207.837,10213.0,3.18,29348.611981476006,47.78795940486748
5105200,Juscimeira,51,MT,Mato Grosso,Centro-Oeste,11620.0,528595.082,454.0,3615.35,1408.0,1864.0,476.0,68371.149,2291.307,11480.0,5.01,45490.11032702238,39.07056798623064
5105234,Lambari D'Oeste,51,MT,Mato Grosso,Centro-Oeste,4724.0,244948.227,225.0,2925.62,1074.0,1263.0,234.0,48244.551,1810.547,4790.0,2.65,51851.86854360711,47.62912785774767
5105259,Lucas do Rio Verde,51,MT,Mato Grosso,Centro-Oeste,92256.0,6891172.469,6584.0,3635.39,29724.0,38063.0,6877.0,1451646.883,3674.596,83798.0,22.8,74696.19828520638,71.36663198057579
5105309,Luciara,51,MT,Mato Grosso,Centro-Oeste,2591.0,41158.019,117.0,2619.8,301.0,387.0,119.0,10248.904,4282.733,2509.0,0.59,15884.993824778077,45.15631030490158
5105507,Vila Bela da Santíssima Trindade,51,MT,Mato Grosso,Centro-Oeste,17384.0,639026.795,489.0,3173.11,2084.0,2538.0,517.0,84818.797,13484.71,16774.0,1.24,36759.479693971465,28.129314312011044
5105580,Marcelândia,51,MT,Mato Grosso,Centro-Oeste,11414.0,674525.304,557.0,2684.44,1927.0,2588.0,567.0,70632.257,12285.486,11396.0,0.93,59096.311897669526,48.79971964254425
5105606,Matupá,51,MT,Mato Grosso,Centro-Oeste,21415.0,1282799.801,1373.0,3368.04,5892.0,7439.0,1413.0,260841.12,5228.272,20091.0,3.84,59901.92860144758,64.11393882792434
5105622,Mirassol d'Oeste,51,MT,Mato Grosso,Centro-Oeste,27511.0,835565.983,1357.0,3079.17,6121.0,7744.0,1408.0,237151.797,1085.486,26785.0,24.68,30372.068736141908,49.32572425575225
5105903,Nobres,51,MT,Mato Grosso,Centro-Oeste,15753.0,1114841.77,1019.0,3073.54,3574.0,4649.0,1040.0,149560.032,3908.739,15492.0,3.96,70770.12442074525,64.68609153811971
5106000,Nortelândia,51,MT,Mato Grosso,Centro-Oeste,5935.0,325635.0,231.0,3630.14,897.0,1109.0,234.0,42555.236,1336.754,5956.0,4.46,54866.89132266217,38.921651221566975
5106109,Nossa Senhora do Livramento,51,MT,Mato Grosso,Centro-Oeste,11658.0,387788.336,443.0,3303.95,1763.0,2214.0,448.0,95645.869,5537.413,12940.0,2.34,33263.71041344999,37.99965688797392
5106158,Nova Bandeirantes,51,MT,Mato Grosso,Centro-Oeste,14160.0,343301.829,599.0,2741.68,1656.0,2292.0,625.0,64043.322,9556.661,13635.0,1.43,24244.479449152543,42.302259887005654
5106174,Nova Nazaré,51,MT,Mato Grosso,Centro-Oeste,4467.0,140562.206,144.0,3628.48,322.0,424.0,146.0,16491.193,4034.539,4200.0,1.04,31466.802328184465,32.236400268636665
5106182,Nova Lacerda,51,MT,Mato Grosso,Centro-Oeste,6965.0,445567.912,298.0,3596.55,1112.0,1446.0,307.0,51511.977,4780.426,6670.0,1.4,63972.42096195262,42.78535534816942
5106190,Nova Santa Helena,51,MT,Mato Grosso,Centro-Oeste,4431.0,333225.534,248.0,3284.97,631.0,880.0,252.0,27945.008,2385.611,4239.0,1.78,75203.23493568043,55.969307154141276
5106208,Nova Brasilândia,51,MT,Mato Grosso,Centro-Oeste,3853.0,109109.848,217.0,2394.06,449.0,623.0,220.0,14953.89,3290.032,3932.0,1.2,28318.15416558526,56.31975084349857
5106216,Nova Canaã do Norte,51,MT,Mato Grosso,Centro-Oeste,11771.0,909100.546,490.0,2879.45,1565.0,2050.0,502.0,64083.554,5953.099,11707.0,1.97,77232.22716846487,41.62772916489678
5106224,Nova Mutum,51,MT,Mato Grosso,Centro-Oeste,61223.0,6036492.186,4491.0,4656.77,21437.0,27005.0,4670.0,1311974.153,9536.814,55839.0,5.86,98598.4382666645,73.3547849664342
5106232,Nova Olímpia,51,MT,Mato Grosso,Centro-Oeste,16314.0,732047.352,668.0,4166.78,5495.0,6198.0,681.0,303554.39,1327.266,16352.0,12.32,44872.33983082016,40.946426382248376
5106240,Nova Ubiratã,51,MT,Mato Grosso,Centro-Oeste,12108.0,3270099.963,917.0,3736.55,2672.0,3738.0,938.0,135492.232,12460.736,11530.0,0.93,270077.63156590686,75.73505120581433
5106257,Nova Xavantina,51,MT,Mato Grosso,Centro-Oeste,25486.0,1033179.781,1235.0,3838.1,3678.0,5042.0,1270.0,185475.639,5491.972,24345.0,4.43,40539.11092364435,48.457976928509765
5106265,Novo Mundo,51,MT,Mato Grosso,Centro-Oeste,6444.0,486221.653,317.0,2982.7,814.0,1129.0,325.0,36924.002,5800.759,6520.0,1.12,75453.39121663563,49.193047796399746
5106273,Novo Horizonte do Norte,51,MT,Mato Grosso,Centro-Oeste,3307.0,101475.981,140.0,3556.25,340.0,454.0,147.0,15974.729,920.048,3349.0,3.64,30685.207438766254,42.334442092531
5106281,Novo São Joaquim,51,MT,Mato Grosso,Centro-Oeste,7160.0,862982.632,296.0,3459.36,882.0,1218.0,313.0,42371.901,5225.595,6919.0,1.32,120528.30055865922,41.340782122905026
5106299,Paranaíta,51,MT,Mato Grosso,Centro-Oeste,11989.0,796133.555,491.0,3399.63,1408.0,1919.0,500.0,68978.433,4814.149,11671.0,2.42,66405.33447326717,40.954208024022016
5106307,Paranatinga,51,MT,Mato Grosso,Centro-Oeste,28228.0,2135754.915,1578.0,3492.67,4301.0,5969.0,1648.0,214019.683,24166.632,26423.0,1.09,75660.86562987106,55.901941334844835
5106315,Novo Santo Antônio,51,MT,Mato Grosso,Centro-Oeste,2040.0,56622.058,105.0,4214.8,277.0,354.0,106.0,15622.415,4394.78,2015.0,0.46,27755.910784313724,51.470588235294116
5106372,Pedra Preta,51,MT,Mato Grosso,Centro-Oeste,18722.0,1575720.303,872.0,3370.33,4377.0,5256.0,915.0,193668.476,3841.672,18066.0,4.7,84164.1012178186,46.57622048926397
5106422,Peixoto de Azevedo,51,MT,Mato Grosso,Centro-Oeste,33599.0,918432.461,1237.0,3473.81,3904.0,5224.0,1291.0,180079.318,14433.775,32714.0,2.27,27335.112979552963,36.816571921783385
5106455,Planalto da Serra,51,MT,Mato Grosso,Centro-Oeste,3287.0,231865.44,189.0,3320.08,541.0,723.0,191.0,27661.9,2437.59,3166.0,1.3,70540.13994523881,57.4992394280499
5106505,Poconé,51,MT,Mato Grosso,Centro-Oeste,31269.0,709415.434,1215.0,3517.98,4042.0,5361.0,1241.0,177833.858,17156.759,31217.0,1.82,22687.499888068054,38.85637532380313
5106653,Pontal do Araguaia,51,MT,Mato Grosso,Centro-Oeste,7299.0,123202.761,318.0,2610.58,705.0,1001.0,328.0,22130.658,2742.482,6932.0,2.53,16879.40279490341,43.56761200164406
5106703,Ponte Branca,51,MT,Mato Grosso,Centro-Oeste,2076.0,31216.866,90.0,2852.28,197.0,255.0,90.0,7522.356,701.138,2008.0,2.86,15037.026011560694,43.35260115606936
5106752,Pontes e Lacerda,51,MT,Mato Grosso,Centro-Oeste,54795.0,2436062.511,2600.0,3215.25,10681.0,13711.0,2709.0,454210.115,8545.292,52018.0,6.09,44457.751820421574,47.449584816132855
5106778,Porto Alegre do Norte,51,MT,Mato Grosso,Centro-Oeste,12524.0,568643.737,456.0,4191.9,1118.0,1552.0,464.0,58118.558,3971.721,12127.0,3.05,45404.32266049185,36.41009262216544
5106802,Porto dos Gaúchos,51,MT,Mato Grosso,Centro-Oeste,5690.0,1318753.153,388.0,4063.19,1595.0,1972.0,409.0,88353.975,6846.668,5593.0,0.82,231766.81072056238,68.18980667838314
5106828,Porto Esperidião,51,MT,Mato Grosso,Centro-Oeste,10167.0,308567.47,371.0,3226.16,695.0,1043.0,376.0,36245.862,5835.278,10204.0,1.75,30349.903609717716,36.490606865348674
5106851,Porto Estrela,51,MT,Mato Grosso,Centro-Oeste,3181.0,83532.198,131.0,3869.74,332.0,438.0,134.0,18455.989,2045.467,3224.0,1.58,26259.729016032696,41.18201823325998
5107008,Poxoréu,51,MT,Mato Grosso,Centro-Oeste,24587.0,1077680.398,701.0,2683.67,1620.0,2447.0,721.0,58359.753,6915.298,23283.0,3.37,43831.30914711026,28.51100174889169
5107040,Primavera do Leste,51,MT,Mato Grosso,Centro-Oeste,92927.0,6964815.486,7784.0,4894.48,31418.0,41276.0,8170.0,2068503.224,5470.383,85146.0,15.56,74949.32028366352,83.76467549797152
5107065,Querência,51,MT,Mato Grosso,Centro-Oeste,29820.0,4259260.961,1966.0,3521.05,7917.0,10216.0,2024.0,370113.149,17799.989,26769.0,1.5,142832.35952380951,65.9289067739772
5107107,São José dos Quatro Marcos,51,MT,Mato Grosso,Centro-Oeste,17830.0,448461.8,984.0,2792.95,2800.0,4006.0,1015.0,103371.908,1282.763,17849.0,13.91,25152.09197980931,55.18788558609086
5107156,Reserva do Cabaçal,51,MT,Mato Grosso,Centro-Oeste,2062.0,47445.862,106.0,3069.92,262.0,359.0,113.0,12626.395,1331.677,2122.0,1.59,23009.6323957323,51.40640155189137
5107180,Ribeirão Cascalheira,51,MT,Mato Grosso,Centro-Oeste,10431.0,756775.901,549.0,3204.23,1186.0,1745.0,566.0,58434.071,11354.555,10089.0,0.89,72550.65679225385,52.63157894736842
5107198,Ribeirãozinho,51,MT,Mato Grosso,Centro-Oeste,2697.0,188967.532,131.0,2953.29,330.0,436.0,136.0,13520.378,624.997,2593.0,4.15,70065.82573229514,48.5724879495736
5107206,Rio Branco,51,MT,Mato Grosso,Centro-Oeste,4489.0,107188.296,234.0,2805.65,581.0,796.0,241.0,20949.954,539.287,4535.0,8.41,23877.989752728892,52.127422588549784
5107248,Santa Carmem,51,MT,Mato Grosso,Centro-Oeste,5677.0,1032284.899,400.0,3061.48,1091.0,1592.0,414.0,45842.695,3812.09,5374.0,1.41,181836.33943984497,70.45974986788798
5107263,Santo Afonso,51,MT,Mato Grosso,Centro-Oeste,2460.0,161534.116,119.0,4458.14,217.0,297.0,121.0,13179.161,1166.382,2519.0,2.16,65664.27479674797,48.37398373983739
5107297,São José do Povo,51,MT,Mato Grosso,Centro-Oeste,2780.0,58942.212,88.0,3081.27,284.0,346.0,90.0,11645.635,489.737,2875.0,5.87,21202.2345323741,31.654676258992804
5107305,São José do Rio Claro,51,MT,Mato Grosso,Centro-Oeste,14662.0,1465535.91,826.0,3534.27,3012.0,3951.0,859.0,147588.09,4525.304,14911.0,3.3,99954.706724867,56.33610694311827
5107354,São José do Xingu,51,MT,Mato Grosso,Centro-Oeste,6168.0,934646.094,315.0,3498.45,885.0,1180.0,325.0,41344.314,7465.563,5964.0,0.8,151531.4678988327,51.070038910505836
5107404,São Pedro da Cipa,51,MT,Mato Grosso,Centro-Oeste,4247.0,69262.639,136.0,3127.13,379.0,487.0,138.0,15088.631,344.33,4191.0,12.17,16308.60348481281,32.022604191193786
5107578,Rondolândia,51,MT,Mato Grosso,Centro-Oeste,3527.0,114345.462,155.0,2233.82,827.0,949.0,161.0,25245.635,12658.341,3505.0,0.28,32420.034590303374,43.94669690955486
5107602,Rondonópolis,51,MT,Mato Grosso,Centro-Oeste,259167.0,17294385.665,16304.0,3345.71,76595.0,96441.0,17153.0,3392569.261,4824.02,244911.0,50.77,66730.66271940486,62.90924384663171
5107701,Rosário Oeste,51,MT,Mato Grosso,Centro-Oeste,15236.0,534979.064,577.0,3369.46,1823.0,2453.0,592.0,87996.648,7339.443,15453.0,2.11,35112.82908899974,37.87083223943292
5107743,Santa Cruz do Xingu,51,MT,Mato Grosso,Centro-Oeste,2834.0,320545.789,164.0,3406.58,401.0,524.0,164.0,17738.583,5623.39,2661.0,0.47,113107.19442484122,57.86873676781934
5107750,Salto do Céu,51,MT,Mato Grosso,Centro-Oeste,3679.0,94294.296,145.0,2489.46,466.0,578.0,147.0,15359.805,1753.378,3679.0,2.1,25630.4147866268,39.412883935852136
5107768,Santa Rita do Trivelato,51,MT,Mato Grosso,Centro-Oeste,3463.0,1236019.042,198.0,4227.66,1131.0,1334.0,210.0,64085.563,4747.042,3276.0,0.69,356921.46751371643,57.17585908172105
5107776,Santa Terezinha,51,MT,Mato Grosso,Centro-Oeste,7720.0,300548.532,286.0,3735.28,411.0,649.0,293.0,24553.197,6466.223,7596.0,1.17,38931.15699481865,37.04663212435233
5107792,Santo Antônio do Leste,51,MT,Mato Grosso,Centro-Oeste,4212.0,1019937.728,188.0,4249.54,1252.0,1443.0,201.0,75250.557,3403.593,4099.0,1.2,242150.45773979108,44.6343779677113
5107800,Santo Antônio de Leverger,51,MT,Mato Grosso,Centro-Oeste,16795.0,820042.04,667.0,2432.59,2016.0,2738.0,679.0,67560.381,9469.139,15246.0,1.61,48826.557904138135,39.71420065495683
5107859,São Félix do Araguaia,51,MT,Mato Grosso,Centro-Oeste,14332.0,1622829.696,643.0,4004.86,1501.0,2140.0,672.0,89611.072,16682.473,13621.0,0.82,113231.20960089311,44.86463857102986
5107875,Sapezal,51,MT,Mato Grosso,Centro-Oeste,31499.0,6978522.133,2295.0,3936.42,12007.0,14708.0,2415.0,625224.634,13614.552,28944.0,2.13,221547.41842598177,72.85945585574146
5107883,Serra Nova Dourada,51,MT,Mato Grosso,Centro-Oeste,1901.0,75359.497,80.0,3472.11,305.0,360.0,81.0,13276.262,1490.793,1800.0,1.21,39642.02893214098,42.08311415044713
5107909,Sinop,51,MT,Mato Grosso,Centro-Oeste,216029.0,9623193.063,14231.0,3449.14,54111.0,71921.0,14785.0,2495488.821,3990.87,196312.0,49.19,44545.83904475788,65.87541487485477
5107925,Sorriso,51,MT,Mato Grosso,Centro-Oeste,120985.0,12522102.139,9833.0,3088.3,45817.0,59119.0,10226.0,1874177.444,9293.629,110635.0,11.9,103501.27816671488,81.27453816588834
5107941,Tabaporã,51,MT,Mato Grosso,Centro-Oeste,9908.0,1319769.912,622.0,3539.99,1641.0,2341.0,641.0,77259.904,8439.05,9818.0,1.16,133202.4537747275,62.77755349212757
5107958,Tangará da Serra,51,MT,Mato Grosso,Centro-Oeste,112547.0,5584811.937,6281.0,3246.83,26668.0,34630.0,6637.0,1082332.17,11636.825,106434.0,9.15,49622.04178698677,55.80779585417648
5108006,Tapurah,51,MT,Mato Grosso,Centro-Oeste,15272.0,2007622.954,1248.0,3208.17,3640.0,5266.0,1281.0,161625.137,4492.539,14370.0,3.2,131457.76283394446,81.7181770560503
5108055,Terra Nova do Norte,51,MT,Mato Grosso,Centro-Oeste,10641.0,502243.067,501.0,3264.74,1502.0,2009.0,520.0,67652.036,2399.736,10616.0,4.42,47198.85978761395,47.08204116154497
5108105,Tesouro,51,MT,Mato Grosso,Centro-Oeste,2977.0,312770.102,113.0,3209.23,153.0,265.0,113.0,6584.249,4244.073,3025.0,0.71,105062.17735975815,37.957675512260664
5108204,Torixoréu,51,MT,Mato Grosso,Centro-Oeste,4230.0,211334.119,207.0,2917.2,503.0,707.0,213.0,18819.56,2398.383,4164.0,1.74,49960.78463356974,48.93617021276596
5108303,União do Sul,51,MT,Mato Grosso,Centro-Oeste,3897.0,504201.832,238.0,3410.8,768.0,1008.0,250.0,35903.349,4590.628,3838.0,0.84,129382.04567616116,61.07261996407493
5108352,Vale de São Domingos,51,MT,Mato Grosso,Centro-Oeste,2907.0,77127.743,99.0,3500.32,269.0,336.0,100.0,13078.81,1901.545,2904.0,1.53,26531.731338149293,34.05572755417956
5108402,Várzea Grande,51,MT,Mato Grosso,Centro-Oeste,314627.0,9916032.198,13701.0,3003.27,59634.0,75054.0,14480.0,2572392.512,724.279,300078.0,414.31,31516.787173383087,43.54680303978997
5108501,Vera,51,MT,Mato Grosso,Centro-Oeste,13389.0,1291884.467,624.0,3086.09,2792.0,3598.0,650.0,114124.519,3058.364,12800.0,4.19,96488.49555605347,46.60542236164015
5108600,Vila Rica,51,MT,Mato Grosso,Centro-Oeste,19827.0,879111.703,1062.0,2834.27,2417.0,3573.0,1101.0,94318.548,7436.383,19888.0,2.67,44339.11852524336,53.563322741715844
5108808,Nova Guarita,51,MT,Mato Grosso,Centro-Oeste,4579.0,167409.607,242.0,3494.73,539.0,784.0,242.0,25571.995,1121.928,4590.0,4.09,36560.29853679843,52.84996724175584
5108857,Nova Marilândia,51,MT,Mato Grosso,Centro-Oeste,3678.0,422820.351,168.0,4100.64,2392.0,2570.0,172.0,129726.397,1905.744,3529.0,1.85,114959.31239804241,45.67699836867863
5108907,Nova Maringá,51,MT,Mato Grosso,Centro-Oeste,5775.0,1204704.173,496.0,3624.18,1102.0,1614.0,521.0,53086.069,11553.479,5846.0,0.51,208606.78320346322,85.88744588744589
5108956,Nova Monte Verde,51,MT,Mato Grosso,Centro-Oeste,8451.0,367192.946,467.0,3212.79,1384.0,1905.0,487.0,60413.323,5139.307,8313.0,1.62,43449.6445391078,55.2597325760265
5200050,Abadia de Goiás,52,GO,Goiás,Centro-Oeste,21165.0,353748.126,900.0,2594.17,2419.0,3525.0,913.0,80286.606,143.357,19128.0,133.43,16713.82593905032,42.523033309709426
5200100,Abadiânia,52,GO,Goiás,Centro-Oeste,17638.0,445368.652,772.0,2512.2,2633.0,3572.0,791.0,85113.942,1044.555,17232.0,16.5,25250.518879691575,43.769134822542235
5200134,Acreúna,52,GO,Goiás,Centro-Oeste,21995.0,1051903.257,934.0,3315.27,3234.0,4280.0,970.0,147685.446,1566.742,21568.0,13.77,47824.65364855649,42.46419640827461
5200159,Adelândia,52,GO,Goiás,Centro-Oeste,2297.0,48809.836,111.0,2287.04,294.0,385.0,112.0,9445.696,115.385,2297.0,19.91,21249.384414453634,48.32390074009578
5200175,Água Fria de Goiás,52,GO,Goiás,Centro-Oeste,4991.0,533255.861,235.0,3224.02,574.0,796.0,239.0,25770.566,2023.636,4954.0,2.45,106843.49048286918,47.084752554598275
5200209,Água Limpa,52,GO,Goiás,Centro-Oeste,1856.0,63866.678,98.0,3039.0,365.0,447.0,99.0,14261.255,458.836,1858.0,4.05,34410.925646551725,52.80172413793104
5200258,Águas Lindas de Goiás,52,GO,Goiás,Centro-Oeste,240613.0,2463487.799,5401.0,2834.85,19259.0,24802.0,6157.0,697712.966,191.817,225693.0,1176.61,10238.381961905632,22.446833712226688
5200308,Alexânia,52,GO,Goiás,Centro-Oeste,28009.0,1128156.013,1549.0,2802.47,5701.0,7391.0,1582.0,191506.686,846.876,27008.0,31.89,40278.33956942411,55.30365239744368
5200506,Aloândia,52,GO,Goiás,Centro-Oeste,1984.0,63742.508,91.0,2329.47,238.0,304.0,91.0,7107.748,102.094,1973.0,19.33,32128.280241935485,45.86693548387097
5200555,Alto Horizonte,52,GO,Goiás,Centro-Oeste,6375.0,1280308.333,388.0,5770.74,3202.0,3590.0,391.0,284668.618,500.342,6072.0,12.14,200832.6796862745,60.86274509803922
5200605,Alto Paraíso de Goiás,52,GO,Goiás,Centro-Oeste,10936.0,297039.16,1020.0,2359.08,1964.0,3288.0,1037.0,60017.664,2594.998,10306.0,3.97,27161.591075347475,93.26993416239941
5200803,Alvorada do Norte,52,GO,Goiás,Centro-Oeste,8597.0,173153.313,486.0,2792.84,1113.0,1667.0,500.0,41361.549,1268.347,8446.0,6.66,20141.132139118297,56.53134814470164
5200829,Amaralina,52,GO,Goiás,Centro-Oeste,3281.0,109092.872,130.0,2315.21,307.0,410.0,131.0,9092.841,1343.742,3268.0,2.43,33249.88479122219,39.62206644315757
5200852,Americano do Brasil,52,GO,Goiás,Centro-Oeste,5281.0,91419.073,219.0,2219.41,490.0,703.0,230.0,14878.006,133.834,5259.0,39.29,17310.939784131795,41.469418670706304
5200902,Amorinópolis,52,GO,Goiás,Centro-Oeste,2952.0,118919.946,110.0,2577.74,298.0,384.0,114.0,10193.611,406.93,3007.0,7.39,40284.53455284553,37.26287262872629
5201108,Anápolis,52,GO,Goiás,Centro-Oeste,415847.0,17789473.967,22990.0,3466.91,116582.0,147015.0,24025.0,5175181.015,935.672,398869.0,426.29,42778.89215745214,55.284756172342234
5201207,Anhanguera,52,GO,Goiás,Centro-Oeste,921.0,21701.672,75.0,2419.49,114.0,163.0,75.0,4451.904,55.569,924.0,16.63,23563.16178067318,81.43322475570032
5201306,Anicuns,52,GO,Goiás,Centro-Oeste,18443.0,512611.847,867.0,2611.43,3694.0,4686.0,890.0,125433.775,976.038,18503.0,18.96,27794.38524101285,47.0097055793526
5201405,Aparecida de Goiânia,52,GO,Goiás,Centro-Oeste,550925.0,16981187.791,22853.0,2730.05,132000.0,159795.0,23648.0,4713331.296,279.954,527796.0,1885.3,30823.04812996325,41.48114534646277
5201454,Aparecida do Rio Doce,52,GO,Goiás,Centro-Oeste,3012.0,110094.353,152.0,2844.97,360.0,508.0,153.0,14485.778,603.254,2907.0,4.82,36551.91002656043,50.46480743691899
5201504,Aporé,52,GO,Goiás,Centro-Oeste,4452.0,395753.605,211.0,4186.48,1474.0,1627.0,247.0,83567.911,2899.237,4325.0,1.49,88893.44227313568,47.39442946990117
5201603,Araçu,52,GO,Goiás,Centro-Oeste,3842.0,73510.273,177.0,2242.13,459.0,625.0,179.0,13573.474,149.776,3799.0,25.36,19133.33498178032,46.06975533576262
5201702,Aragarças,52,GO,Goiás,Centro-Oeste,18604.0,277756.341,775.0,2449.99,1483.0,2247.0,794.0,55085.986,661.677,18390.0,27.79,14929.925876155665,41.65770801978069
5201801,Aragoiânia,52,GO,Goiás,Centro-Oeste,12554.0,174344.011,495.0,2519.03,1142.0,1727.0,499.0,39039.173,218.125,11890.0,54.51,13887.526764377888,39.429663852158676
5202155,Araguapaz,52,GO,Goiás,Centro-Oeste,7182.0,180146.177,362.0,2737.8,670.0,1019.0,380.0,23844.102,2188.1,7153.0,3.27,25083.009885825675,50.40378724589251
5202353,Arenópolis,52,GO,Goiás,Centro-Oeste,2930.0,222600.319,138.0,2975.44,531.0,657.0,139.0,21414.401,1075.535,2946.0,2.74,75972.80511945393,47.09897610921502
5202502,Aruanã,52,GO,Goiás,Centro-Oeste,8515.0,291985.419,486.0,2862.07,1484.0,1994.0,505.0,53978.692,3054.773,8300.0,2.72,34290.71274221961,57.075748678802114
5202601,Aurilândia,52,GO,Goiás,Centro-Oeste,3266.0,81584.91,127.0,2592.8,378.0,497.0,131.0,12351.042,565.514,3284.0,5.81,24980.070422535213,38.88548683404777
5202809,Avelinópolis,52,GO,Goiás,Centro-Oeste,2963.0,68067.469,130.0,2555.39,325.0,451.0,132.0,12654.2,170.228,2868.0,16.85,22972.48363145461,43.87445156935539
5203104,Baliza,52,GO,Goiás,Centro-Oeste,3335.0,123256.671,122.0,2677.61,293.0,370.0,122.0,9811.238,1780.173,3351.0,1.88,36958.52203898051,36.58170914542728
5203203,Barro Alto,52,GO,Goiás,Centro-Oeste,10738.0,1573640.546,668.0,4299.02,4394.0,5074.0,692.0,252183.085,1080.268,10371.0,9.6,146548.756379214,62.20897746321475
5203302,Bela Vista de Goiás,52,GO,Goiás,Centro-Oeste,36583.0,1481063.952,1412.0,2995.13,5717.0,7546.0,1464.0,219826.586,1274.034,34445.0,27.04,40485.0327201159,38.597162616515874
5203401,Bom Jardim de Goiás,52,GO,Goiás,Centro-Oeste,7824.0,257678.878,418.0,2402.46,646.0,1048.0,426.0,22222.134,1901.137,7826.0,4.12,32934.41692229039,53.425357873210636
5203500,Bom Jesus de Goiás,52,GO,Goiás,Centro-Oeste,24701.0,1229697.252,1254.0,2583.99,3416.0,4948.0,1294.0,123718.809,1405.605,23958.0,17.04,49783.298328002915,50.76717541799927
5203559,Bonfinópolis,52,GO,Goiás,Centro-Oeste,10828.0,121159.103,361.0,2267.63,897.0,1254.0,364.0,26867.302,121.915,10296.0,84.45,11189.425840413742,33.3394902105652
5203575,Bonópolis,52,GO,Goiás,Centro-Oeste,3306.0,156647.911,215.0,2578.23,432.0,644.0,222.0,16089.479,1635.319,3299.0,2.02,47382.91318814277,65.03327283726559
5203609,Brazabrantes,52,GO,Goiás,Centro-Oeste,4149.0,93846.61,195.0,2342.71,552.0,759.0,196.0,16519.816,125.326,3992.0,31.85,22619.091347312606,46.99927693420101
5203807,Britânia,52,GO,Goiás,Centro-Oeste,5788.0,198124.816,371.0,2554.19,806.0,1186.0,385.0,28833.73,1458.459,5695.0,3.9,34230.27228749136,64.09813407049067
5203906,Buriti Alegre,52,GO,Goiás,Centro-Oeste,10831.0,467747.609,522.0,2769.5,2289.0,2866.0,539.0,79234.436,901.932,10495.0,11.64,43186.00397008586,48.19499584525898
5203939,Buriti de Goiás,52,GO,Goiás,Centro-Oeste,2789.0,56929.804,159.0,2189.81,439.0,613.0,159.0,12409.854,202.576,2732.0,13.49,20412.26389386877,57.0096808892076
5203962,Buritinópolis,52,GO,Goiás,Centro-Oeste,3154.0,88916.082,127.0,2433.93,299.0,421.0,127.0,10874.399,246.075,3145.0,12.78,28191.52885225111,40.26632847178187
5204003,Cabeceiras,52,GO,Goiás,Centro-Oeste,7678.0,475971.038,303.0,2820.77,1166.0,1465.0,310.0,44941.711,1126.434,7560.0,6.71,61991.539202917425,39.46340192758531
5204102,Cachoeira Alta,52,GO,Goiás,Centro-Oeste,11789.0,281719.518,536.0,3213.76,1307.0,1855.0,557.0,60298.673,1657.226,11513.0,6.95,23896.81211298668,45.46611247773348
5204201,Cachoeira de Goiás,52,GO,Goiás,Centro-Oeste,1419.0,38880.439,68.0,2920.46,132.0,184.0,69.0,5603.02,424.49,1405.0,3.31,27399.886539816773,47.92107117688513
5204250,Cachoeira Dourada,52,GO,Goiás,Centro-Oeste,7801.0,69504.796,418.0,4393.2,2428.0,2872.0,463.0,136834.15,528.281,7782.0,14.73,8909.729009101397,53.58287399051404
5204300,Caçu,52,GO,Goiás,Centro-Oeste,14006.0,912900.812,853.0,3779.52,3315.0,4239.0,878.0,176439.599,2254.34,13774.0,6.11,65179.26688562045,60.902470369841495
5204409,Caiapônia,52,GO,Goiás,Centro-Oeste,16655.0,821714.722,728.0,3392.95,1892.0,2714.0,756.0,84524.293,8627.961,16513.0,1.91,49337.41951365956,43.710597418192734
5204508,Caldas Novas,52,GO,Goiás,Centro-Oeste,104788.0,3001267.797,7167.0,2539.61,26508.0,35678.0,7390.0,877059.384,1608.523,98622.0,61.31,28641.33103981372,68.39523609573615
5204557,Caldazinha,52,GO,Goiás,Centro-Oeste,4735.0,84657.118,153.0,2686.81,375.0,554.0,155.0,13046.488,251.72,4507.0,17.9,17879.011193241815,32.312565997888065
5204607,Campestre de Goiás,52,GO,Goiás,Centro-Oeste,3854.0,72754.135,144.0,1950.7,369.0,496.0,144.0,9626.565,272.734,3755.0,13.77,18877.564867669953,37.36377789309808
5204656,Campinaçu,52,GO,Goiás,Centro-Oeste,3758.0,110527.898,155.0,2724.68,359.0,505.0,157.0,17465.293,1978.386,3708.0,1.87,29411.3618946248,41.24534326769558
5204706,Campinorte,52,GO,Goiás,Centro-Oeste,12879.0,333043.266,576.0,2774.51,1286.0,1969.0,586.0,46461.748,1064.541,12510.0,11.75,25859.40414628465,44.72396925227114
5204805,Campo Alegre de Goiás,52,GO,Goiás,Centro-Oeste,7711.0,846765.541,411.0,2726.29,985.0,1429.0,430.0,41100.368,2450.111,7422.0,3.03,109812.67552846583,53.30047983400337
5204854,Campo Limpo de Goiás,52,GO,Goiás,Centro-Oeste,8449.0,165123.491,417.0,2846.99,1751.0,2185.0,421.0,60377.21,156.113,8081.0,51.76,19543.554385134335,49.3549532489052
5204904,Campos Belos,52,GO,Goiás,Centro-Oeste,18258.0,315341.74,933.0,2484.74,2127.0,3189.0,962.0,70215.036,735.126,18108.0,24.63,17271.428414941394,51.10088728228722
5204953,Campos Verdes,52,GO,Goiás,Centro-Oeste,3899.0,56359.388,245.0,1765.84,472.0,679.0,250.0,11006.891,443.125,4005.0,9.04,14454.831495255194,62.83662477558348
5205000,Carmo do Rio Verde,52,GO,Goiás,Centro-Oeste,9937.0,488110.289,336.0,4033.76,1315.0,1657.0,341.0,70707.049,419.821,9710.0,23.13,49120.487974237694,33.81302203884472
5205059,Castelândia,52,GO,Goiás,Centro-Oeste,2921.0,91630.229,150.0,2433.9,542.0,677.0,158.0,18516.461,299.228,2985.0,9.98,31369.472440944883,51.352276617596715
5205109,Catalão,52,GO,Goiás,Centro-Oeste,120789.0,9916889.644,6881.0,3595.6,30924.0,39399.0,7147.0,1430842.694,3826.37,114427.0,29.9,82100.93339625296,56.967107932013676
5205208,Caturaí,52,GO,Goiás,Centro-Oeste,5318.0,100786.616,203.0,2831.78,451.0,661.0,203.0,18653.565,205.065,5184.0,25.28,18951.977435125988,38.17224520496428
5205307,Cavalcante,52,GO,Goiás,Centro-Oeste,9721.0,383048.306,366.0,3062.79,883.0,1251.0,370.0,37104.741,6948.78,9583.0,1.38,39404.208003291846,37.650447484826664
5205406,Ceres,52,GO,Goiás,Centro-Oeste,22484.0,734718.541,1809.0,3447.93,7801.0,10181.0,1868.0,302235.654,213.07,22046.0,103.47,32677.39463618573,80.45721401885785
5205455,Cezarina,52,GO,Goiás,Centro-Oeste,8265.0,385019.617,430.0,2431.51,2636.0,3105.0,440.0,79459.45,417.08,8090.0,19.4,46584.345674531156,52.02661826981246
5205471,Chapadão do Céu,52,GO,Goiás,Centro-Oeste,13897.0,2188780.243,806.0,5107.18,4714.0,5655.0,847.0,321635.083,2184.076,12870.0,5.89,157500.19738072966,57.998129092609915
5205497,Cidade Ocidental,52,GO,Goiás,Centro-Oeste,98963.0,1006341.278,2022.0,2126.79,7922.0,9958.0,2644.0,240254.169,389.984,91767.0,235.31,10168.86389862878,20.431878580883765
5205513,Cocalzinho de Goiás,52,GO,Goiás,Centro-Oeste,26638.0,436380.201,620.0,2772.13,1736.0,2416.0,643.0,68182.243,1785.339,25016.0,14.01,16381.868045649073,23.275020647195735
5205521,Colinas do Sul,52,GO,Goiás,Centro-Oeste,4153.0,70463.487,172.0,3553.08,268.0,404.0,175.0,16022.875,1707.519,4030.0,2.36,16966.888273537203,41.415843968215746
5205703,Córrego do Ouro,52,GO,Goiás,Centro-Oeste,2456.0,74386.554,112.0,2388.5,290.0,395.0,113.0,10527.661,458.077,2454.0,5.36,30287.684853420196,45.60260586319218
5205802,Corumbá de Goiás,52,GO,Goiás,Centro-Oeste,10714.0,260271.167,420.0,2618.35,1034.0,1488.0,422.0,36819.442,1064.833,10562.0,9.92,24292.623389957065,39.20104536120964
5205901,Corumbaíba,52,GO,Goiás,Centro-Oeste,9416.0,709290.375,513.0,2935.9,2462.0,3009.0,524.0,100943.625,1864.277,9164.0,4.92,75328.20465165675,54.48173322005098
5206206,Cristalina,52,GO,Goiás,Centro-Oeste,65705.0,4602540.728,2920.0,3020.19,13586.0,17119.0,3061.0,616108.851,6153.921,62337.0,10.13,70048.56141846131,44.441062324024045
5206305,Cristianópolis,52,GO,Goiás,Centro-Oeste,3630.0,120120.024,228.0,2903.35,383.0,645.0,232.0,14832.862,221.624,3504.0,15.81,33090.91570247934,62.80991735537191
5206404,Crixás,52,GO,Goiás,Centro-Oeste,17445.0,699386.422,919.0,3968.42,3391.0,4407.0,934.0,195002.149,4673.039,17065.0,3.65,40090.9384924047,52.67985096016051
5206503,Cromínia,52,GO,Goiás,Centro-Oeste,3977.0,99575.553,205.0,2286.49,486.0,705.0,210.0,14778.095,364.918,3883.0,10.64,25037.855921548908,51.546391752577314
5206602,Cumari,52,GO,Goiás,Centro-Oeste,2955.0,96879.552,111.0,2829.97,317.0,425.0,111.0,10957.804,568.365,2927.0,5.15,32784.95837563452,37.56345177664975
5206701,Damianópolis,52,GO,Goiás,Centro-Oeste,3884.0,44989.294,176.0,2137.33,344.0,548.0,177.0,10371.125,417.625,3770.0,9.03,11583.237384140062,45.31410916580844
5206800,Damolândia,52,GO,Goiás,Centro-Oeste,2755.0,52509.212,229.0,2265.36,365.0,624.0,230.0,11146.409,86.057,2724.0,31.65,19059.60508166969,83.12159709618874
5206909,Davinópolis,52,GO,Goiás,Centro-Oeste,1901.0,583107.489,125.0,2522.9,325.0,442.0,127.0,14872.801,482.857,1902.0,3.94,306737.23776959494,65.75486586007365
5207105,Diorama,52,GO,Goiás,Centro-Oeste,2023.0,96858.664,98.0,2518.51,289.0,383.0,101.0,9198.491,685.382,2062.0,3.01,47878.72664359862,48.44290657439446
5207253,Doverlândia,52,GO,Goiás,Centro-Oeste,6895.0,400905.133,320.0,3230.43,689.0,996.0,335.0,29737.924,3227.558,6956.0,2.16,58144.32675852067,46.410442349528644
5207352,Edealina,52,GO,Goiás,Centro-Oeste,4087.0,405228.316,164.0,3650.95,697.0,849.0,165.0,34553.511,598.218,4001.0,6.69,99150.5544409102,40.12723268901395
5207402,Edéia,52,GO,Goiás,Centro-Oeste,11953.0,923374.92,583.0,3836.85,2852.0,3584.0,600.0,156733.437,1469.099,11747.0,8.0,77250.47435790178,48.77436626788254
5207501,Estrela do Norte,52,GO,Goiás,Centro-Oeste,3224.0,74810.619,147.0,2197.31,492.0,616.0,149.0,14026.589,301.139,3205.0,10.64,23204.28629032258,45.5955334987593
5207535,Faina,52,GO,Goiás,Centro-Oeste,7164.0,167617.966,285.0,2301.57,584.0,857.0,293.0,17898.969,1949.685,7070.0,3.63,23397.25935231714,39.78224455611391
5207600,Fazenda Nova,52,GO,Goiás,Centro-Oeste,5878.0,152416.164,295.0,1718.57,656.0,971.0,299.0,14126.726,1279.107,5877.0,4.59,25929.936032664173,50.18713848247703
5207808,Firminópolis,52,GO,Goiás,Centro-Oeste,10365.0,272141.888,538.0,2647.98,1108.0,1670.0,544.0,38385.932,422.34,10419.0,24.67,26255.850265315967,51.90545103714424
5207907,Flores de Goiás,52,GO,Goiás,Centro-Oeste,14156.0,250971.773,306.0,2310.04,894.0,1233.0,313.0,26295.283,3695.106,13744.0,3.72,17729.003461429784,21.616275784119807
5208004,Formosa,52,GO,Goiás,Centro-Oeste,120478.0,3248096.789,5794.0,3013.16,20819.0,28096.0,6004.0,809735.467,5804.292,115901.0,19.97,26960.082247381266,48.091767791630005
5208103,Formoso,52,GO,Goiás,Centro-Oeste,4681.0,111687.492,287.0,2404.36,378.0,684.0,295.0,13948.003,843.42,4660.0,5.53,23859.750480666524,61.31168553727836
5208152,Gameleira de Goiás,52,GO,Goiás,Centro-Oeste,3542.0,312545.465,170.0,3166.77,273.0,457.0,170.0,15062.549,588.328,3456.0,5.87,88239.82636928289,47.99548277809147
5208301,Divinópolis de Goiás,52,GO,Goiás,Centro-Oeste,4440.0,91720.057,179.0,2714.89,361.0,496.0,180.0,12333.694,828.874,4457.0,5.38,20657.670495495495,40.31531531531531
5208400,Goianápolis,52,GO,Goiás,Centro-Oeste,14555.0,294419.541,520.0,2761.59,2497.0,3054.0,524.0,84941.012,166.642,13967.0,83.81,20228.068773617313,35.72655444864307
5208509,Goiandira,52,GO,Goiás,Centro-Oeste,4986.0,202210.124,266.0,2387.57,730.0,989.0,272.0,27672.319,569.917,4973.0,8.73,40555.580425190536,53.34937825912555
5208608,Goianésia,52,GO,Goiás,Centro-Oeste,77014.0,1888440.09,4262.0,3092.77,20042.0,25355.0,4404.0,844841.944,1547.319,73707.0,47.64,24520.73765808814,55.34058742566287
5208707,Goiânia,52,GO,Goiás,Centro-Oeste,1494599.0,59870498.596,137098.0,4067.76,674435.0,859452.0,143510.0,35599849.667,729.296,1437366.0,1970.9,40057.90087909868,91.72895204666938
5208806,Goianira,52,GO,Goiás,Centro-Oeste,78754.0,1102804.593,2225.0,2467.26,7435.0,10074.0,2289.0,235612.227,213.772,71916.0,336.41,14003.15657617391,28.25253320466262
5208905,Goiás,52,GO,Goiás,Centro-Oeste,24233.0,763778.659,988.0,2890.1,3034.0,4115.0,1025.0,112930.759,3108.423,24071.0,7.74,31518.122353815044,40.77084966780836
5209101,Goiatuba,52,GO,Goiás,Centro-Oeste,36777.0,2169650.236,2074.0,3458.02,10335.0,12817.0,2137.0,451632.211,2479.591,35664.0,14.38,58994.75857193355,56.39394186584006
5209150,Gouvelândia,52,GO,Goiás,Centro-Oeste,4356.0,169400.417,246.0,2868.34,526.0,833.0,248.0,20096.953,827.373,4390.0,5.31,38888.98461891644,56.47382920110193
5209200,Guapó,52,GO,Goiás,Centro-Oeste,20588.0,347724.615,761.0,2873.14,1751.0,2651.0,770.0,70433.995,514.178,19545.0,38.01,16889.674324849428,36.96327958033807
5209291,Guaraíta,52,GO,Goiás,Centro-Oeste,2185.0,52186.069,111.0,2903.12,178.0,278.0,111.0,8165.157,205.533,2188.0,10.65,23883.784439359268,50.80091533180778
5209408,Guarani de Goiás,52,GO,Goiás,Centro-Oeste,4106.0,86104.154,143.0,3053.14,411.0,534.0,143.0,16578.874,1221.054,4085.0,3.35,20970.324890404285,34.82708231855821
5209457,Guarinos,52,GO,Goiás,Centro-Oeste,2165.0,64355.812,96.0,2270.38,186.0,262.0,96.0,6731.464,593.188,2161.0,3.64,29725.548267898383,44.34180138568129
5209606,Heitoraí,52,GO,Goiás,Centro-Oeste,3360.0,83890.271,151.0,2128.14,303.0,432.0,156.0,9339.986,228.615,3354.0,14.67,24967.342559523808,44.94047619047619
5209705,Hidrolândia,52,GO,Goiás,Centro-Oeste,29827.0,1329218.145,1378.0,3074.69,6187.0,7857.0,1415.0,243184.66,952.122,27742.0,29.14,44564.25872531599,46.19975190263855
5209804,Hidrolina,52,GO,Goiás,Centro-Oeste,3514.0,87757.21,204.0,2074.86,426.0,641.0,206.0,11426.104,583.756,3545.0,6.07,24973.594194649973,58.05350028457598
5209903,Iaciara,52,GO,Goiás,Centro-Oeste,10430.0,226552.05,492.0,3108.63,1298.0,1801.0,508.0,47178.334,1547.183,10584.0,6.84,21721.19367209971,47.171620325982744
5209937,Inaciolândia,52,GO,Goiás,Centro-Oeste,6061.0,237549.562,298.0,2285.46,929.0,1232.0,311.0,28018.014,689.201,5954.0,8.64,39193.13017653852,49.16680415772975
5209952,Indiara,52,GO,Goiás,Centro-Oeste,17747.0,656345.13,693.0,2992.66,2809.0,3629.0,708.0,116021.448,955.419,17061.0,17.86,36983.44114498225,39.048853327322924
5210000,Inhumas,52,GO,Goiás,Centro-Oeste,53629.0,1406365.17,2877.0,2313.54,11436.0,14929.0,2979.0,379005.457,614.887,52204.0,84.9,26223.967815920492,53.64634805795372
5210109,Ipameri,52,GO,Goiás,Centro-Oeste,26163.0,2429509.165,1323.0,2323.56,5706.0,7245.0,1373.0,170437.26,4382.863,25548.0,5.83,92860.49631158507,50.56759545923633
5210158,Ipiranga de Goiás,52,GO,Goiás,Centro-Oeste,2964.0,69954.362,124.0,2434.05,291.0,407.0,124.0,9831.669,244.209,2919.0,11.95,23601.336707152495,41.83535762483131
5210208,Iporá,52,GO,Goiás,Centro-Oeste,36983.0,876399.161,2031.0,3024.66,5626.0,8140.0,2085.0,224080.741,1027.249,35684.0,34.74,23697.351783251765,54.91712408403861
5210307,Israelândia,52,GO,Goiás,Centro-Oeste,2540.0,71478.706,147.0,2588.84,324.0,464.0,150.0,10867.511,579.19,2560.0,4.42,28141.22283464567,57.874015748031496
5210406,Itaberaí,52,GO,Goiás,Centro-Oeste,46943.0,1805074.512,2662.0,2661.69,12029.0,15299.0,2719.0,421030.813,1461.916,44734.0,30.6,38452.47453294421,56.707070276718575
5210562,Itaguari,52,GO,Goiás,Centro-Oeste,5088.0,98151.455,255.0,1996.48,726.0,985.0,260.0,19138.415,142.652,4963.0,34.79,19290.77338836478,50.11792452830189
5210604,Itaguaru,52,GO,Goiás,Centro-Oeste,4880.0,104100.47,255.0,2315.47,498.0,751.0,257.0,18176.871,241.029,4904.0,20.35,21332.063524590165,52.25409836065574
5210802,Itajá,52,GO,Goiás,Centro-Oeste,4328.0,131521.076,238.0,2917.31,356.0,598.0,245.0,16892.57,2082.736,4380.0,2.1,30388.41866913124,54.99075785582255
5210901,Itapaci,52,GO,Goiás,Centro-Oeste,21708.0,547603.022,1212.0,2957.56,3350.0,4691.0,1227.0,138740.917,952.998,21087.0,22.13,25225.862447024138,55.83195135433942
5211008,Itapirapuã,52,GO,Goiás,Centro-Oeste,8125.0,222293.143,430.0,2277.63,729.0,1182.0,437.0,22418.007,2047.874,8007.0,3.91,27359.156061538462,52.92307692307692
5211206,Itapuranga,52,GO,Goiás,Centro-Oeste,26574.0,553624.989,1306.0,2622.84,4033.0,5647.0,1335.0,122049.638,1281.404,26113.0,20.38,20833.332919394896,49.14578159102882
5211305,Itarumã,52,GO,Goiás,Centro-Oeste,6142.0,324864.117,304.0,2580.45,742.0,1044.0,310.0,29914.232,3437.367,6101.0,1.77,52892.2365678932,49.49527841094106
5211404,Itauçu,52,GO,Goiás,Centro-Oeste,7701.0,219255.736,505.0,2580.12,1292.0,1849.0,508.0,41720.04,383.066,7736.0,20.19,28471.07336709518,65.57589923386573
5211503,Itumbiara,52,GO,Goiás,Centro-Oeste,112289.0,5324712.276,6599.0,3246.12,33012.0,41368.0,6957.0,1384132.925,2447.014,107970.0,44.12,47419.714094880175,58.76800042746841
5211602,Ivolândia,52,GO,Goiás,Centro-Oeste,2729.0,139635.196,156.0,2390.54,369.0,500.0,159.0,11367.368,1260.841,2693.0,2.14,51167.165994869916,57.163796262367164
5211701,Jandaia,52,GO,Goiás,Centro-Oeste,6360.0,426843.294,273.0,4070.07,1838.0,2166.0,279.0,107086.468,863.087,6272.0,7.27,67113.72547169811,42.92452830188679
5211800,Jaraguá,52,GO,Goiás,Centro-Oeste,46427.0,919842.873,2532.0,2458.02,5593.0,8474.0,2653.0,188406.421,1848.947,45223.0,24.46,19812.670924246668,54.53723049087815
5211909,Jataí,52,GO,Goiás,Centro-Oeste,110404.0,7997057.279,5949.0,3329.99,26528.0,33810.0,6265.0,1152432.904,7178.792,105729.0,14.73,72434.48859642766,53.883917249375024
5212006,Jaupaci,52,GO,Goiás,Centro-Oeste,2946.0,83166.033,120.0,2613.93,283.0,382.0,128.0,9907.509,528.783,2924.0,5.53,28230.153767820775,40.73319755600815
5212055,Jesúpolis,52,GO,Goiás,Centro-Oeste,2124.0,39675.131,66.0,2594.87,253.0,298.0,66.0,8792.233,115.211,2123.0,18.43,18679.44020715631,31.073446327683616
5212105,Joviânia,52,GO,Goiás,Centro-Oeste,7247.0,342154.792,407.0,2532.48,924.0,1374.0,413.0,31976.373,446.258,7159.0,16.04,47213.300952118116,56.16117013936801
5212204,Jussara,52,GO,Goiás,Centro-Oeste,19901.0,693525.83,1438.0,2688.03,3174.0,4904.0,1489.0,112480.582,4092.34,19620.0,4.79,34848.79302547611,72.25767549369378
5212253,Lagoa Santa,52,GO,Goiás,Centro-Oeste,1426.0,51869.992,114.0,3141.54,286.0,379.0,115.0,11418.07,463.289,1390.0,3.0,36374.46844319776,79.94389901823281
5212303,Leopoldo de Bulhões,52,GO,Goiás,Centro-Oeste,9035.0,343235.764,317.0,2908.36,1852.0,2153.0,320.0,75314.956,476.137,8745.0,18.37,37989.569894853346,35.085777531820696
5212501,Luziânia,52,GO,Goiás,Centro-Oeste,218872.0,5400879.11,7455.0,2465.04,30427.0,39069.0,8180.0,984220.786,3962.107,209129.0,52.78,24675.97093278263,34.0610036916554
5212600,Mairipotaba,52,GO,Goiás,Centro-Oeste,2618.0,88307.045,123.0,2172.23,346.0,483.0,125.0,9953.408,468.029,2561.0,5.47,33730.72765469824,46.98242933537052
5212709,Mambaí,52,GO,Goiás,Centro-Oeste,8405.0,107552.11,442.0,2142.34,947.0,1389.0,443.0,28201.057,858.27,8124.0,9.47,12796.205829863176,52.58774538964902
5212808,Mara Rosa,52,GO,Goiás,Centro-Oeste,10815.0,291277.665,781.0,4101.98,1574.0,2446.0,800.0,80971.476,1695.463,10700.0,6.31,26932.747572815533,72.21451687471105
5212907,Marzagão,52,GO,Goiás,Centro-Oeste,2893.0,68549.81,151.0,2386.35,453.0,597.0,154.0,13745.183,225.518,2758.0,12.23,23695.06049083996,52.19495333563775
5212956,Matrinchã,52,GO,Goiás,Centro-Oeste,4033.0,170668.916,215.0,2387.84,536.0,761.0,216.0,16841.456,1150.503,4042.0,3.51,42318.10463674684,53.31019092486983
5213004,Maurilândia,52,GO,Goiás,Centro-Oeste,10239.0,247923.48,399.0,3194.17,1205.0,1638.0,474.0,51892.773,389.959,10304.0,26.42,24213.641957222386,38.968649282156456
5213053,Mimoso de Goiás,52,GO,Goiás,Centro-Oeste,2633.0,247571.865,84.0,2585.65,296.0,328.0,86.0,9804.037,1380.701,2614.0,1.89,94026.53437143943,31.90277250284846
5213087,Minaçu,52,GO,Goiás,Centro-Oeste,26939.0,1296752.817,1097.0,3704.85,4222.0,5441.0,1120.0,241255.574,2854.137,27075.0,9.49,48136.63525000928,40.72163035005011
5213103,Mineiros,52,GO,Goiás,Centro-Oeste,73781.0,3288959.05,3811.0,3221.58,17913.0,22579.0,3992.0,762756.713,9042.844,70081.0,7.75,44577.31733102018,51.652864558626206
5213400,Moiporá,52,GO,Goiás,Centro-Oeste,1693.0,53255.171,110.0,2744.58,187.0,278.0,117.0,7890.531,452.314,1685.0,3.73,31456.096278795038,64.97341996455995
5213509,Monte Alegre de Goiás,52,GO,Goiás,Centro-Oeste,6613.0,120282.434,180.0,2352.76,538.0,705.0,183.0,16048.707,3119.86,6692.0,2.14,18188.784817783155,27.219113866626344
5213707,Montes Claros de Goiás,52,GO,Goiás,Centro-Oeste,8972.0,498815.696,482.0,3446.66,1621.0,2117.0,493.0,77626.57,2900.397,8756.0,3.02,55596.934462773075,53.72269282211324
5213756,Montividiu,52,GO,Goiás,Centro-Oeste,12957.0,1604454.1,638.0,2339.13,3273.0,4031.0,665.0,97927.695,1869.581,12521.0,6.7,123829.1348305935,49.239793161997376
5213772,Montividiu do Norte,52,GO,Goiás,Centro-Oeste,3770.0,108844.745,154.0,2630.26,294.0,430.0,157.0,11421.292,1337.232,3779.0,2.83,28871.285145888593,40.84880636604774
5213806,Morrinhos,52,GO,Goiás,Centro-Oeste,53640.0,1857571.382,2462.0,3195.73,12880.0,15940.0,2515.0,528700.057,2846.299,51351.0,18.04,34630.338963460104,45.898583146905295
5213855,Morro Agudo de Goiás,52,GO,Goiás,Centro-Oeste,2499.0,54837.331,96.0,2096.1,302.0,372.0,97.0,8009.67,282.333,2456.0,8.7,21943.709883953583,38.41536614645858
5213905,Mossâmedes,52,GO,Goiás,Centro-Oeste,4655.0,131844.928,266.0,2676.74,646.0,929.0,269.0,25211.875,684.882,4654.0,6.8,28323.29280343717,57.14285714285714
5214002,Mozarlândia,52,GO,Goiás,Centro-Oeste,15109.0,1025089.438,655.0,2982.05,4509.0,5221.0,669.0,172630.441,1738.516,14750.0,8.48,67846.27956846912,43.35164471507049
5214051,Mundo Novo,52,GO,Goiás,Centro-Oeste,6223.0,180855.766,268.0,2745.11,746.0,984.0,276.0,27440.759,2141.534,6189.0,2.89,29062.472440944883,43.0660453157641
5214101,Mutunópolis,52,GO,Goiás,Centro-Oeste,3562.0,86431.244,157.0,2816.23,261.0,402.0,158.0,9826.031,955.069,3564.0,3.73,24264.807411566537,44.07636159460977
5214408,Nazário,52,GO,Goiás,Centro-Oeste,8330.0,276930.716,396.0,2913.47,1518.0,1946.0,405.0,59206.351,281.147,8189.0,29.13,33244.983913565426,47.5390156062425
5214507,Nerópolis,52,GO,Goiás,Centro-Oeste,33706.0,1021268.677,2024.0,2663.85,8127.0,10741.0,2062.0,283367.608,204.713,31932.0,155.98,30299.313979706876,60.04865602563342
5214606,Niquelândia,52,GO,Goiás,Centro-Oeste,34466.0,1291840.64,1828.0,3000.87,5867.0,8351.0,1876.0,256322.926,9846.293,34964.0,3.55,37481.59461498288,53.03777635931063
5214705,Nova América,52,GO,Goiás,Centro-Oeste,2375.0,48893.204,94.0,1925.8,355.0,440.0,96.0,9139.942,209.432,2337.0,11.16,20586.612210526317,39.578947368421055
5214804,Nova Aurora,52,GO,Goiás,Centro-Oeste,2130.0,71041.986,105.0,2704.32,199.0,290.0,106.0,7024.898,307.335,2101.0,6.84,33353.04507042254,49.29577464788732
5214838,Nova Crixás,52,GO,Goiás,Centro-Oeste,13095.0,628583.598,742.0,3210.53,1730.0,2478.0,786.0,69448.105,7308.681,12815.0,1.75,48001.80206185567,56.662848415425735
5214861,Nova Glória,52,GO,Goiás,Centro-Oeste,8375.0,141181.17,346.0,2140.08,486.0,848.0,349.0,17091.835,411.753,8310.0,20.18,16857.45313432836,41.3134328358209
5214879,Nova Iguaçu de Goiás,52,GO,Goiás,Centro-Oeste,3072.0,61476.931,112.0,2420.57,267.0,372.0,115.0,8073.918,625.625,3010.0,4.81,20012.021809895832,36.458333333333336
5214903,Nova Roma,52,GO,Goiás,Centro-Oeste,3053.0,66588.789,129.0,2550.99,405.0,493.0,133.0,13336.793,2136.725,3076.0,1.44,21810.936455944975,42.25352112676056
5215009,Nova Veneza,52,GO,Goiás,Centro-Oeste,9790.0,197285.218,595.0,2341.27,3207.0,3920.0,605.0,96054.684,122.354,9481.0,77.49,20151.70766087845,60.776302349336056
5215207,Novo Brasil,52,GO,Goiás,Centro-Oeste,3568.0,85247.333,168.0,2411.25,333.0,511.0,170.0,10549.582,649.349,3527.0,5.43,23892.189742152466,47.08520179372197
5215231,Novo Gama,52,GO,Goiás,Centro-Oeste,107092.0,1154253.387,2093.0,2612.73,6370.0,8548.0,2165.0,213366.231,192.285,103804.0,539.84,10778.147639412842,19.543943525193292
5215256,Novo Planalto,52,GO,Goiás,Centro-Oeste,3723.0,160466.92,206.0,2943.28,431.0,593.0,221.0,16786.956,1254.491,3716.0,2.96,43101.509535320976,55.33172172978781
5215306,Orizona,52,GO,Goiás,Centro-Oeste,16890.0,938191.802,688.0,3002.01,2565.0,3398.0,718.0,102776.142,1971.265,16399.0,8.32,55547.17596210776,40.73416222616933
5215405,Ouro Verde de Goiás,52,GO,Goiás,Centro-Oeste,4108.0,150021.83,169.0,2882.78,359.0,536.0,171.0,13523.26,208.804,4057.0,19.43,36519.43281402142,41.13924050632911
5215504,Ouvidor,52,GO,Goiás,Centro-Oeste,7542.0,765439.79,314.0,5561.52,2414.0,2706.0,320.0,175540.052,411.318,7200.0,17.5,101490.29302572263,41.63351896048793
5215603,Padre Bernardo,52,GO,Goiás,Centro-Oeste,36692.0,1052237.698,996.0,3144.1,2943.0,4047.0,1038.0,121201.518,3142.615,34967.0,11.13,28677.57816417748,27.14488171808569
5215652,Palestina de Goiás,52,GO,Goiás,Centro-Oeste,3132.0,173212.38,141.0,3075.05,270.0,401.0,142.0,10850.181,1318.047,3132.0,2.38,55304.08045977011,45.019157088122604
5215702,Palmeiras de Goiás,52,GO,Goiás,Centro-Oeste,33749.0,1770857.539,1480.0,2974.51,7547.0,9380.0,1525.0,291233.547,1537.196,31858.0,20.72,52471.407715784175,43.853151204480135
5215801,Palmelo,52,GO,Goiás,Centro-Oeste,2273.0,55763.746,111.0,2400.34,374.0,479.0,113.0,11647.07,59.809,2259.0,37.77,24533.104267487903,48.834139903211614
5215900,Palminópolis,52,GO,Goiás,Centro-Oeste,3939.0,220065.7,202.0,2608.42,669.0,882.0,214.0,22488.055,393.326,3851.0,9.79,55868.41838029957,51.28205128205128
5216007,Panamá,52,GO,Goiás,Centro-Oeste,2449.0,109642.946,166.0,2808.17,474.0,624.0,181.0,17858.85,432.204,2455.0,5.68,44770.49652919559,67.78276847692936
5216304,Paranaiguara,52,GO,Goiás,Centro-Oeste,7470.0,236711.78,379.0,2308.71,914.0,1277.0,397.0,29295.87,1153.415,7607.0,6.6,31688.323962516733,50.73627844712182
5216403,Paraúna,52,GO,Goiás,Centro-Oeste,10749.0,1559971.186,617.0,3086.03,2365.0,3093.0,653.0,97830.591,3786.578,10659.0,2.81,145127.09889292027,57.40068843613359
5216452,Perolândia,52,GO,Goiás,Centro-Oeste,3000.0,708422.554,147.0,4126.3,1460.0,1604.0,153.0,83532.148,1033.657,2964.0,2.87,236140.85133333332,49.0
5216809,Petrolina de Goiás,52,GO,Goiás,Centro-Oeste,9577.0,178795.994,379.0,2454.77,1084.0,1511.0,390.0,35973.093,530.49,9573.0,18.05,18669.311266576173,39.57397932546726
5216908,Pilar de Goiás,52,GO,Goiás,Centro-Oeste,2288.0,192760.68,158.0,3065.51,338.0,468.0,160.0,22258.745,906.048,2328.0,2.57,84248.54895104896,69.05594405594405
5217104,Piracanjuba,52,GO,Goiás,Centro-Oeste,25309.0,1239086.415,1010.0,3229.94,3021.0,4232.0,1058.0,127568.711,2374.232,24883.0,10.48,48958.33162116243,39.90675253862262
5217203,Piranhas,52,GO,Goiás,Centro-Oeste,11913.0,609417.803,573.0,3457.72,1390.0,1993.0,588.0,65320.951,2045.088,11712.0,5.73,51155.69571056829,48.09871568874339
5217302,Pirenópolis,52,GO,Goiás,Centro-Oeste,27757.0,640388.004,1355.0,2443.92,4675.0,6330.0,1403.0,147701.017,2200.369,26690.0,12.13,23071.22542061462,48.81651475303527
5217401,Pires do Rio,52,GO,Goiás,Centro-Oeste,33494.0,1405175.39,1493.0,2620.11,8729.0,10542.0,1533.0,310322.77,1077.641,32373.0,30.04,41953.048008598555,44.57514778766347
5217609,Planaltina,52,GO,Goiás,Centro-Oeste,110619.0,1453269.91,2664.0,2701.15,9039.0,11925.0,2958.0,323375.413,2558.924,105031.0,41.04,13137.615689890525,24.082662110487348
5217708,Pontalina,52,GO,Goiás,Centro-Oeste,18685.0,717260.589,880.0,2388.5,2819.0,3867.0,901.0,90408.242,1434.289,18309.0,12.77,38386.97291945411,47.0966015520471
5218003,Porangatu,52,GO,Goiás,Centro-Oeste,45400.0,1430254.087,2249.0,2696.86,7240.0,9928.0,2321.0,260553.137,4825.287,44317.0,9.18,31503.39398678414,49.5374449339207
5218052,Porteirão,52,GO,Goiás,Centro-Oeste,4225.0,222488.042,286.0,2956.76,673.0,919.0,291.0,29644.105,606.262,4070.0,6.71,52659.891597633134,67.6923076923077
5218102,Portelândia,52,GO,Goiás,Centro-Oeste,3234.0,367303.02,225.0,3217.71,665.0,870.0,235.0,27704.131,553.411,3280.0,5.93,113575.45454545454,69.57328385899815
5218300,Posse,52,GO,Goiás,Centro-Oeste,36060.0,703662.752,1977.0,2424.31,5155.0,7569.0,2015.0,166953.108,2076.99,34914.0,16.81,19513.664780920688,54.82529118136439
5218391,Professor Jamil,52,GO,Goiás,Centro-Oeste,3732.0,72101.483,157.0,2735.99,350.0,503.0,159.0,12412.819,356.292,3649.0,10.24,19319.797159699894,42.06859592711683
5218508,Quirinópolis,52,GO,Goiás,Centro-Oeste,49986.0,2147675.942,2173.0,3340.3,13742.0,16402.0,2266.0,600803.137,3786.026,48447.0,12.8,42965.549193774255,43.4721722082183
5218607,Rialma,52,GO,Goiás,Centro-Oeste,12551.0,314517.066,1029.0,2780.19,2094.0,3266.0,1036.0,78919.356,268.291,12165.0,45.34,25059.12405386025,81.98549916341327
5218706,Rianápolis,52,GO,Goiás,Centro-Oeste,3938.0,83234.229,229.0,2596.79,500.0,731.0,231.0,16955.781,157.379,3980.0,25.29,21136.16785170137,58.15134586084307
5218789,Rio Quente,52,GO,Goiás,Centro-Oeste,3994.0,326140.575,375.0,3213.01,4039.0,4475.0,385.0,152917.829,244.655,3864.0,15.79,81657.63019529294,93.89083625438158
5218805,Rio Verde,52,GO,Goiás,Centro-Oeste,238025.0,16307342.211,14539.0,3156.07,77025.0,95341.0,15278.0,3143041.722,8374.255,225696.0,26.95,68511.04804537339,61.08181913664531
5218904,Rubiataba,52,GO,Goiás,Centro-Oeste,20132.0,565947.831,993.0,3194.67,4211.0,5420.0,1008.0,196850.532,750.659,19788.0,26.36,28111.853318100537,49.324458573415455
5219001,Sanclerlândia,52,GO,Goiás,Centro-Oeste,8063.0,217581.632,592.0,2000.85,1650.0,2323.0,599.0,42491.708,509.402,7918.0,15.54,26985.195584769936,73.42180329902023
5219100,Santa Bárbara de Goiás,52,GO,Goiás,Centro-Oeste,6280.0,154125.634,528.0,2039.45,925.0,1553.0,531.0,28790.781,140.957,6149.0,43.62,24542.298407643313,84.07643312101911
5219209,Santa Cruz de Goiás,52,GO,Goiás,Centro-Oeste,3016.0,295258.423,146.0,2505.82,303.0,434.0,147.0,10117.041,1109.007,3002.0,2.71,97897.35510610079,48.40848806366048
5219258,Santa Fé de Goiás,52,GO,Goiás,Centro-Oeste,5036.0,260185.774,241.0,2822.03,1070.0,1287.0,244.0,41548.739,1164.186,4951.0,4.25,51665.1656076251,47.85544082605242
5219308,Santa Helena de Goiás,52,GO,Goiás,Centro-Oeste,39481.0,1621078.016,2120.0,2837.15,8055.0,10573.0,2248.0,290311.897,1142.337,38492.0,33.7,41059.70000759859,53.69671487550974
5219357,Santa Isabel,52,GO,Goiás,Centro-Oeste,3556.0,123190.63,144.0,2710.35,339.0,458.0,151.0,11154.21,812.756,3538.0,4.35,34643.03430821147,40.49493813273341
5219407,Santa Rita do Araguaia,52,GO,Goiás,Centro-Oeste,5842.0,204972.028,321.0,2850.72,585.0,883.0,327.0,23222.537,1357.197,5924.0,4.36,35085.93426908593,54.946935980828485
5219456,Santa Rita do Novo Destino,52,GO,Goiás,Centro-Oeste,2648.0,110073.158,160.0,2681.71,530.0,678.0,163.0,23126.925,970.448,2689.0,2.77,41568.41314199396,60.422960725075534
5219506,Santa Rosa de Goiás,52,GO,Goiás,Centro-Oeste,2837.0,68318.068,135.0,2213.74,397.0,527.0,137.0,11487.872,166.44,2820.0,16.94,24081.095523440254,47.58547761720127
5219605,Santa Tereza de Goiás,52,GO,Goiás,Centro-Oeste,3225.0,87582.925,155.0,2666.39,331.0,489.0,157.0,11919.583,789.544,3293.0,4.17,27157.496124031008,48.06201550387597
5219704,Santa Terezinha de Goiás,52,GO,Goiás,Centro-Oeste,10818.0,190867.011,450.0,3165.09,1495.0,1956.0,457.0,82096.026,1206.6,10645.0,8.82,17643.465612867443,41.597337770382694
5219712,Santo Antônio da Barra,52,GO,Goiás,Centro-Oeste,4293.0,321015.346,202.0,3294.46,1455.0,1658.0,211.0,68082.425,450.336,4267.0,9.48,74776.46075005824,47.05334265082693
5219738,Santo Antônio de Goiás,52,GO,Goiás,Centro-Oeste,7873.0,154853.397,1681.0,4629.09,1999.0,4098.0,1684.0,124982.942,135.022,7386.0,54.7,19668.918709513528,213.5145433760955
5219753,Santo Antônio do Descoberto,52,GO,Goiás,Centro-Oeste,74614.0,825809.178,1394.0,2424.23,5741.0,7242.0,1445.0,183924.362,943.948,72127.0,76.41,11067.75106548369,18.68282091832632
5219803,São Domingos,52,GO,Goiás,Centro-Oeste,9581.0,206272.546,351.0,3257.9,539.0,858.0,355.0,22371.51,3335.999,9711.0,2.91,21529.33368124413,36.63500678426052
5219902,São Francisco de Goiás,52,GO,Goiás,Centro-Oeste,6491.0,130603.103,279.0,2595.12,963.0,1236.0,290.0,33741.222,416.535,6378.0,15.31,20120.644430750268,42.98259128023417
5220009,São João d'Aliança,52,GO,Goiás,Centro-Oeste,14757.0,570027.447,533.0,2858.42,1461.0,2044.0,539.0,53101.55,3334.455,14041.0,4.21,38627.59686928237,36.11845225994443
5220058,São João da Paraúna,52,GO,Goiás,Centro-Oeste,1807.0,139628.724,113.0,2249.03,265.0,370.0,114.0,7721.022,286.979,1774.0,6.18,77271.01494189264,62.53458771444382
5220108,São Luís de Montes Belos,52,GO,Goiás,Centro-Oeste,35031.0,1486991.836,2069.0,2565.14,7514.0,10156.0,2138.0,250018.571,829.62,33852.0,40.8,42447.884331021094,59.06197368045445
5220157,São Luiz do Norte,52,GO,Goiás,Centro-Oeste,4926.0,137418.1,256.0,2370.46,566.0,816.0,272.0,17321.042,583.832,4837.0,8.28,27896.4880227365,51.96914332115306
5220207,São Miguel do Araguaia,52,GO,Goiás,Centro-Oeste,22079.0,691658.553,1135.0,3064.94,3137.0,4351.0,1171.0,128625.948,6150.179,21900.0,3.56,31326.53439920286,51.406313691743286
5220264,São Miguel do Passa Quatro,52,GO,Goiás,Centro-Oeste,4621.0,316743.47,234.0,2313.05,697.0,967.0,241.0,19768.672,537.347,4464.0,8.31,68544.35619995672,50.63838995888336
5220280,São Patrício,52,GO,Goiás,Centro-Oeste,2190.0,53463.888,87.0,2350.28,328.0,398.0,87.0,10454.827,172.763,2143.0,12.4,24412.734246575343,39.726027397260275
5220405,São Simão,52,GO,Goiás,Centro-Oeste,17194.0,1432950.623,852.0,3459.44,3627.0,4514.0,901.0,175404.175,415.015,17020.0,41.01,83340.15487960917,49.55216936140514
5220454,Senador Canedo,52,GO,Goiás,Centro-Oeste,169849.0,4765630.279,5629.0,2998.77,25506.0,32432.0,6415.0,973776.212,247.005,155635.0,630.09,28058.041430918052,33.1412018910915
5220504,Serranópolis,52,GO,Goiás,Centro-Oeste,8201.0,652613.492,370.0,3066.22,1917.0,2271.0,398.0,92423.018,5521.774,8027.0,1.45,79577.3066699183,45.11644921351055
5220603,Silvânia,52,GO,Goiás,Centro-Oeste,22939.0,1315612.055,1230.0,2913.22,3570.0,4996.0,1253.0,133220.256,2349.924,22245.0,9.47,57352.63328828633,53.620471685775314
5220686,Simolândia,52,GO,Goiás,Centro-Oeste,5693.0,173336.646,294.0,2230.06,767.0,1061.0,296.0,21213.108,346.811,5742.0,16.56,30447.329351835586,51.642367820129984
5220702,Sítio d'Abadia,52,GO,Goiás,Centro-Oeste,2973.0,75928.209,121.0,2578.9,292.0,409.0,122.0,9437.162,1611.851,2927.0,1.82,25539.256306760846,40.69963000336361
5221007,Taquaral de Goiás,52,GO,Goiás,Centro-Oeste,4146.0,89316.649,248.0,2050.87,578.0,852.0,250.0,16825.938,205.665,4026.0,19.58,21542.84828750603,59.81669078630005
5221080,Teresina de Goiás,52,GO,Goiás,Centro-Oeste,2685.0,39135.697,117.0,2401.78,324.0,417.0,120.0,10133.768,784.793,2701.0,3.44,14575.678584729982,43.57541899441341
5221197,Terezópolis de Goiás,52,GO,Goiás,Centro-Oeste,8243.0,211092.366,400.0,2366.21,1062.0,1489.0,409.0,34463.023,107.407,7944.0,73.96,25608.682033240326,48.526022079340045
5221304,Três Ranchos,52,GO,Goiás,Centro-Oeste,2970.0,63880.692,206.0,2564.61,451.0,650.0,208.0,15367.365,284.034,2921.0,10.28,21508.650505050504,69.36026936026936
5221403,Trindade,52,GO,Goiás,Centro-Oeste,150858.0,2666873.839,4987.0,2977.28,18769.0,24877.0,5343.0,740574.902,712.69,142431.0,199.85,17678.040534807566,33.057577324371266
5221452,Trombas,52,GO,Goiás,Centro-Oeste,3106.0,70142.532,167.0,2804.13,335.0,475.0,170.0,12365.825,802.905,3120.0,3.89,22582.91435930457,53.76690276883451
5221502,Turvânia,52,GO,Goiás,Centro-Oeste,4478.0,204402.0,193.0,2410.81,551.0,748.0,196.0,15337.446,482.317,4480.0,9.29,45645.82402858419,43.09959803483699
5221551,Turvelândia,52,GO,Goiás,Centro-Oeste,5130.0,566499.023,200.0,3781.68,1725.0,1902.0,235.0,80609.786,935.659,4985.0,5.33,110428.65945419103,38.98635477582846
5221577,Uirapuru,52,GO,Goiás,Centro-Oeste,2809.0,77434.561,133.0,2205.75,284.0,401.0,133.0,8548.236,1154.305,2798.0,2.42,27566.5934496262,47.34781060875756
5221601,Uruaçu,52,GO,Goiás,Centro-Oeste,44150.0,1299992.524,2530.0,2955.81,9295.0,13005.0,2583.0,394468.861,2142.484,42546.0,19.86,29444.9042808607,57.304643261608156
5221700,Uruana,52,GO,Goiás,Centro-Oeste,13871.0,294393.802,525.0,2140.85,918.0,1450.0,528.0,29373.492,522.904,13729.0,26.26,21223.689856535217,37.848749188955374
5221809,Urutaí,52,GO,Goiás,Centro-Oeste,3667.0,164818.414,165.0,5975.15,720.0,882.0,174.0,57718.606,623.821,3553.0,5.7,44946.39050995364,44.99590946277611
5221858,Valparaíso de Goiás,52,GO,Goiás,Centro-Oeste,213506.0,2964938.478,6344.0,2848.9,22446.0,29095.0,6801.0,815090.828,61.488,198861.0,3234.14,13886.909398330727,29.713450675859225
5221908,Varjão,52,GO,Goiás,Centro-Oeste,3768.0,105104.958,152.0,2432.8,360.0,502.0,155.0,11607.849,517.402,3716.0,7.18,27894.09713375796,40.339702760084926
5222005,Vianópolis,52,GO,Goiás,Centro-Oeste,15476.0,858016.09,868.0,2737.7,2629.0,3733.0,884.0,94141.488,954.115,14956.0,15.68,55441.72202119411,56.0868441457741
5222054,Vicentinópolis,52,GO,Goiás,Centro-Oeste,9077.0,480210.09,404.0,2520.93,2611.0,3034.0,409.0,86828.186,733.794,8768.0,11.95,52904.05310124491,44.50809738900518
5222203,Vila Boa,52,GO,Goiás,Centro-Oeste,4185.0,179923.862,196.0,1520.85,1463.0,1671.0,197.0,36403.892,1052.593,4215.0,4.0,42992.5596176822,46.83393070489845
5222302,Vila Propício,52,GO,Goiás,Centro-Oeste,5982.0,308035.08,241.0,3014.68,1353.0,1598.0,251.0,53406.535,2181.593,5815.0,2.67,51493.660982948844,40.287529254429955
5300108,Brasília,53,DF,Distrito Federal,Centro-Oeste,2982818.0,286943782.027,203760.0,5805.2,1568207.0,1833502.0,216620.0,117896210.454,5760.784,2817381.0,489.06,96198.89045426171,68.31124124904704
